date,iv_30,iv_30_dte,iv_90,iv_90_dte,slope,spx_close,VIX,VIX3M,slope_z,iv_30_mean_1y
2017-01-03,0.10835,31,0.128,87,0.01965,,,,,
2017-01-04,0.16144999999999998,30,0.13645000000000002,86,-0.024999999999999967,,,,,
2017-01-05,0.09755,29,0.12215000000000001,85,0.02460000000000001,,,,,
2017-01-06,0.09490000000000001,28,0.11375,84,0.018849999999999992,,,,,
2017-01-09,0.09735,32,0.12210000000000001,81,0.024750000000000008,,,,,
2017-01-10,0.09645000000000001,31,0.12215000000000001,80,0.0257,,,,,
2017-01-11,0.09440000000000001,30,0.1208,100,0.026399999999999993,,,,,
2017-01-12,0.0958,29,0.1178,99,0.022000000000000006,,,,,
2017-01-13,0.0902,28,0.1201,98,0.029899999999999996,,,,,
2017-01-17,0.09670000000000001,31,0.11860000000000001,94,0.021900000000000003,,,,,
2017-01-18,0.09555,30,0.117,93,0.02145000000000001,,,,,
2017-01-19,0.10105,29,0.12045000000000002,92,0.019400000000000014,,,,,
2017-01-20,0.08860000000000001,28,0.11370000000000001,91,0.025099999999999997,,,,,
2017-01-23,0.09275,32,0.1139,88,0.021150000000000002,,,,,
2017-01-24,0.08755,31,0.1089,87,0.021349999999999994,,,,,
2017-01-25,0.08475,30,0.1084,93,0.02364999999999999,,,,,
2017-01-26,0.0849,29,0.10845,92,0.02355,,,,,
2017-01-27,0.08170000000000001,28,0.1078,91,0.026099999999999998,,,,,
2017-01-30,0.08755000000000002,29,0.11085,88,0.023299999999999987,,,,,
2017-01-31,0.0937,31,0.1107,87,0.017,,,,,
2017-02-01,0.08945,30,0.10965,86,0.020199999999999996,,,,,
2017-02-02,0.0918,29,0.1106,85,0.018799999999999997,,,,,
2017-02-03,0.0817,28,0.10815,84,0.02645,,,,,
2017-02-06,0.08875,32,0.10835,81,0.019600000000000006,,,,,
2017-02-07,0.08775,31,0.1097,80,0.02195000000000001,,,,,
2017-02-08,0.08830000000000002,30,0.1199,100,0.03159999999999999,,,,,
2017-02-09,0.08610000000000001,29,0.1168,99,0.03069999999999999,,,,,
2017-02-10,0.08315,28,0.11460000000000001,98,0.031450000000000006,,,,,
2017-02-13,0.09265000000000001,32,0.11100000000000002,95,0.018350000000000005,,,,,
2017-02-14,0.0867,31,0.10590000000000001,94,0.01920000000000001,,,,,
2017-02-15,0.09590000000000001,30,0.10835,93,0.012449999999999989,,,,,
2017-02-16,0.09385000000000002,29,0.10900000000000001,92,0.015149999999999997,,,,,
2017-02-17,0.09055,28,0.1094,91,0.018849999999999992,,,,,
2017-02-21,0.09240000000000001,31,0.11035,87,0.017949999999999994,,,,,
2017-02-22,0.0937,30,0.11535000000000001,86,0.021650000000000003,,,,,
2017-02-23,0.093,29,0.12040000000000001,85,0.027400000000000008,,,,,
2017-02-24,0.08935000000000001,28,0.11885000000000001,84,0.0295,,,,,
2017-02-27,0.09695000000000001,32,0.13365,93,0.03669999999999998,,,,,
2017-02-28,0.10575000000000001,31,0.13520000000000001,92,0.029450000000000004,,,,,
2017-03-01,0.10035,30,0.11995,79,0.019600000000000006,,,,,
2017-03-02,0.09835,29,0.12205000000000002,78,0.023700000000000013,,,,,
2017-03-03,0.08965000000000001,28,0.11580000000000001,77,0.026150000000000007,,,,,
2017-03-06,0.09290000000000001,32,0.1205,102,0.027599999999999986,,,,,
2017-03-07,0.0932,31,0.12614999999999998,85,0.03294999999999998,,,,,
2017-03-08,0.09425,30,0.12865000000000001,84,0.034400000000000014,,,,,
2017-03-09,0.0985,29,0.13055,83,0.032049999999999995,,,,,
2017-03-10,0.0889,28,0.11935000000000001,98,0.030450000000000005,,,,,
2017-03-13,0.08979999999999999,31,0.11825000000000001,95,0.028450000000000017,,,,,
2017-03-14,0.0952,30,0.11985000000000001,94,0.024650000000000005,,,,,
2017-03-15,0.08785000000000001,29,0.11410000000000001,93,0.026249999999999996,,,,,
2017-03-16,0.08255000000000001,28,0.11025,92,0.02769999999999999,,,,,
2017-03-17,0.0819,27,0.10955000000000001,91,0.027650000000000008,,,,,
2017-03-20,0.08605000000000002,32,0.11095,88,0.024899999999999978,,,,,
2017-03-21,0.09905,31,0.1177,87,0.01865,,,,,
2017-03-22,0.10235,30,0.11660000000000001,86,0.014250000000000013,,,,,
2017-03-23,0.10695,29,0.11855,85,0.0116,,,,,
2017-03-24,0.10650000000000001,28,0.1185,84,0.011999999999999983,,,,,
2017-03-27,0.10425000000000001,32,0.1247,95,0.020449999999999996,,,,,
2017-03-28,0.09405000000000001,31,0.11905,94,0.024999999999999994,,,,,
2017-03-29,0.09145,30,0.11810000000000001,93,0.026650000000000007,,,,,
2017-03-30,0.08915000000000001,29,0.11865,92,0.0295,,,,,
2017-03-31,0.09670000000000001,28,0.1192,91,0.022499999999999992,,,,,
2017-04-03,0.09795000000000001,32,0.1198,88,0.021849999999999994,,,,,
2017-04-04,0.09425,31,0.1173,87,0.02305,,,,,
2017-04-05,0.09935000000000001,30,0.11975000000000001,86,0.0204,,,,,
2017-04-06,0.10025,29,0.11895,85,0.018699999999999994,,,,,
2017-04-07,0.1015,28,0.1099,84,0.00839999999999999,,,,,
2017-04-10,0.1154,32,0.11385,81,-0.0015499999999999958,,,,,
2017-04-11,0.12255000000000002,31,0.1198,80,-0.0027500000000000163,,,,,
2017-04-12,0.1275,30,0.1231,100,-0.004400000000000001,,,,,
2017-04-13,0.13405,29,0.12514999999999998,99,-0.008900000000000019,,,,,
2017-04-17,0.11660000000000001,32,0.11755000000000002,95,0.0009500000000000064,,,,,
2017-04-18,0.11855,31,0.11850000000000001,94,-0.00004999999999999449,,,,,
2017-04-19,0.12115000000000001,30,0.12210000000000001,93,0.0009500000000000064,,,,,
2017-04-20,0.1064,29,0.11385,92,0.007450000000000012,,,,,
2017-04-21,0.11365,28,0.115,91,0.001350000000000004,,,,,
2017-04-24,0.08370000000000001,32,0.10035,88,0.016649999999999984,,,,,
2017-04-25,0.08145,31,0.09785,87,0.016400000000000012,,,,,
2017-04-26,0.0829,30,0.1008,86,0.0179,,,,,
2017-04-27,0.07475000000000001,29,0.09540000000000001,85,0.02065,,,,,
2017-04-28,0.07930000000000001,28,0.09975,84,0.020449999999999996,,,,,
2017-05-01,0.07865,32,0.09770000000000001,81,0.01905000000000001,,,,,
2017-05-02,0.08085,31,0.0981,80,0.01725,,,,,
2017-05-03,0.0807,30,0.09895000000000001,79,0.018250000000000016,,,,,
2017-05-04,0.07855000000000001,29,0.09590000000000001,78,0.017350000000000004,,,,,
2017-05-05,0.07605,28,0.09625,77,0.020199999999999996,,,,,
2017-05-08,0.0727,32,0.10085000000000001,102,0.02815000000000001,,,,,
2017-05-09,0.07550000000000001,31,0.1015,101,0.025999999999999995,,,,,
2017-05-10,0.07455,30,0.1028,100,0.028249999999999997,,,,,
2017-05-11,0.0772,29,0.10350000000000001,99,0.026300000000000004,,,,,
2017-05-12,0.07545000000000002,28,0.10335,98,0.02789999999999998,,,,,
2017-05-15,0.08185,32,0.10115,95,0.019299999999999998,,,,,
2017-05-16,0.08075,31,0.10045000000000001,94,0.01970000000000001,,,,,
2017-05-17,0.11795,30,0.12125,93,0.0032999999999999974,,,,,
2017-05-18,0.10635,29,0.11695,92,0.010599999999999998,,,,,
2017-05-19,0.09455,28,0.10850000000000001,91,0.013950000000000018,,,,,
2017-05-22,0.08585000000000001,32,0.10305,88,0.017199999999999993,,,,,
2017-05-23,0.0826,31,0.0995,87,0.0169,,,,,
2017-05-24,0.07825000000000001,30,0.09835,86,0.020099999999999993,,,,,
2017-05-25,0.07625000000000001,29,0.09405,85,0.017799999999999983,,,,,
2017-05-26,0.07335,28,0.09405,84,0.020699999999999996,,,,,
2017-05-30,0.0804,31,0.10110000000000001,93,0.02070000000000001,,,,,
2017-05-31,0.0814,30,0.1019,92,0.020500000000000004,,,,,
2017-06-01,0.07575000000000001,29,0.09155,91,0.015799999999999995,,,,,
2017-06-02,0.0728,28,0.09285,90,0.02005,,,,,
2017-06-05,0.0742,32,0.09385,87,0.01965,,,,,
2017-06-06,0.08165,31,0.0995,86,0.017850000000000005,,,,,
2017-06-07,0.0784,30,0.0993,85,0.020900000000000002,,,,,
2017-06-08,0.07500000000000001,29,0.09785,84,0.022849999999999995,,,,,
2017-06-09,0.07705000000000001,28,0.09625,83,0.019199999999999995,,,,,
2017-06-12,0.08280000000000001,32,0.10255,95,0.01974999999999999,,,,,
2017-06-13,0.07750000000000001,31,0.0978,94,0.020299999999999985,,,,,
2017-06-14,0.0767,30,0.0975,93,0.0208,,,,,
2017-06-15,0.0802,29,0.1003,92,0.020100000000000007,,,,,
2017-06-16,0.07265,28,0.09775,91,0.025099999999999997,,,,,
2017-06-19,0.07655,32,0.0928,88,0.016249999999999987,,,,,
2017-06-20,0.08545,31,0.09620000000000001,87,0.01075000000000001,,,,,
2017-06-21,0.08505000000000001,30,0.09580000000000001,86,0.010749999999999996,,,,,
2017-06-22,0.0804,29,0.09630000000000001,85,0.01590000000000001,,,,,
2017-06-23,0.07400000000000001,28,0.0925,84,0.01849999999999999,,,,-0.1156453214937426,0.09113416666666667
2017-06-26,0.07850000000000001,32,0.09075,81,0.012249999999999983,,,,-0.7945366814659397,0.09102975206611572
2017-06-27,0.0893,31,0.0983,80,0.008999999999999994,,,,-1.1400007258788996,0.09101557377049181
2017-06-28,0.078,30,0.0912,79,0.013200000000000003,,,,-0.6760233187801432,0.09090975609756098
2017-06-29,0.09325,29,0.10015000000000002,78,0.006900000000000017,,,,-1.3517660185363416,0.09092862903225807
2017-06-30,0.0862,28,0.09855,77,0.01235,,,,-0.7509344282869473,0.0908908
2017-07-03,0.08775000000000001,32,0.1004,88,0.012649999999999995,,,,-0.7137611293012924,0.09086587301587302
2017-07-05,0.08535000000000001,30,0.09920000000000001,86,0.013850000000000001,,,,-0.5789665204821275,0.0908224409448819
2017-07-06,0.09790000000000001,29,0.11415,85,0.016249999999999987,,,,-0.3134467640490333,0.090877734375
2017-07-07,0.08415,28,0.09955,84,0.015399999999999997,,,,-0.4055104098266037,0.09082558139534884
2017-07-10,0.0854,32,0.09755,81,0.012149999999999994,,,,-0.7610462194758917,0.09078384615384616
2017-07-11,0.0837,31,0.09665000000000001,80,0.012950000000000017,,,,-0.6685277726639842,0.09072977099236641
2017-07-12,0.0776,30,0.1004,100,0.0228,,,,0.4253241819504773,0.09063030303030303
2017-07-13,0.07075000000000001,29,0.09975,99,0.028999999999999998,,,,1.107803652525582,0.09048082706766918
2017-07-14,0.06720000000000001,28,0.0989,98,0.03169999999999999,,,,1.3932493995365327,0.0903070895522388
2017-07-17,0.07285,32,0.09820000000000001,95,0.02535000000000001,,,,0.6840972115059066,0.09017777777777779
2017-07-18,0.0714,31,0.09720000000000001,94,0.025800000000000003,,,,0.730046065213443,0.09003970588235294
2017-07-19,0.0721,30,0.0969,93,0.024800000000000003,,,,0.6154347893173426,0.08990875912408759
2017-07-20,0.07175000000000001,29,0.0973,92,0.02554999999999999,,,,0.6954924045838513,0.08977717391304348
2017-07-21,0.06885000000000001,28,0.09575,91,0.026899999999999993,,,,0.8414361428301342,0.08962661870503597
2017-07-24,0.06955,32,0.0956,88,0.026050000000000004,,,,0.742029674291072,0.08948321428571429
2017-07-25,0.06645000000000001,31,0.08515,87,0.018699999999999994,,,,-0.08282079135329688,0.08931985815602837
2017-07-26,0.0659,30,0.08430000000000001,86,0.018400000000000014,,,,-0.1162062616911384,0.08915492957746479
2017-07-27,0.0678,29,0.08615,85,0.018350000000000005,,,,-0.12142915686760695,0.08900559440559441
2017-07-28,0.07095000000000001,28,0.1008,95,0.029849999999999988,,,,1.1734908896029863,0.08888020833333334
2017-07-31,0.0731,31,0.0996,92,0.026499999999999996,,,,0.7894832873199781,0.08877137931034483
2017-08-01,0.06705,30,0.08735000000000001,91,0.020300000000000012,,,,0.08580786563634953,0.08862260273972603
2017-08-02,0.06785000000000001,30,0.0883,90,0.020449999999999996,,,,0.10253181650806882,0.0884812925170068
2017-08-03,0.07385,29,0.1009,89,0.027050000000000005,,,,0.851426170440297,0.08838243243243243
2017-08-04,0.06720000000000001,28,0.08895,88,0.02174999999999999,,,,0.24459698285840287,0.08824026845637584
2017-08-07,0.0697,32,0.0883,85,0.018600000000000005,,,,-0.11630601520004066,0.08811666666666668
2017-08-08,0.07995000000000001,31,0.10500000000000001,84,0.025050000000000003,,,,0.6230748492374865,0.08806258278145697
2017-08-09,0.08115,30,0.10725000000000001,83,0.026100000000000012,,,,0.7403620084580685,0.0880171052631579
2017-08-10,0.11285,29,0.12050000000000001,82,0.007650000000000004,,,,-1.3770984089616185,0.08817941176470588
2017-08-11,0.11000000000000001,28,0.1231,98,0.013099999999999987,,,,-0.7458083999293565,0.08832110389610391
2017-08-14,0.0849,32,0.1101,95,0.0252,,,,0.6464032590489324,0.08829903225806453
2017-08-15,0.09045,31,0.10885,94,0.0184,,,,-0.13869601156646671,0.08831282051282052
2017-08-16,0.0816,30,0.10755,93,0.02595,,,,0.7326646298636524,0.08827006369426753
2017-08-17,0.11570000000000001,29,0.11765,92,0.0019499999999999934,,,,-2.0194182788902717,0.08844367088607595
2017-08-18,0.10715000000000001,28,0.11500000000000002,91,0.00785000000000001,,,,-1.329753153647122,0.08856132075471698
2017-08-21,0.1082,32,0.11785000000000001,88,0.009650000000000006,,,,-1.1155326528415208,0.08868406250000001
2017-08-22,0.0912,31,0.10485,87,0.013649999999999995,,,,-0.6545221417613893,0.0886996894409938
2017-08-23,0.09855,30,0.1121,86,0.013550000000000006,,,,-0.6630363423417237,0.0887604938271605
2017-08-24,0.09855,29,0.1131,85,0.014550000000000007,,,,-0.5459286756546341,0.08882055214723926
2017-08-25,0.09125,28,0.11030000000000001,84,0.01905000000000001,,,,-0.02754463328323766,0.08883536585365855
2017-08-28,0.094,32,0.1086,94,0.014600000000000002,,,,-0.539547860559549,0.08886666666666666
2017-08-29,0.09155,31,0.11030000000000001,93,0.018750000000000003,,,,-0.058871560743251054,0.08888283132530121
2017-08-30,0.08555,30,0.1111,92,0.025550000000000003,,,,0.7274921695442654,0.08886287425149701
2017-08-31,0.07975000000000002,29,0.1109,91,0.031149999999999983,,,,1.3669204315811323,0.08880863095238095
2017-09-01,0.0736,28,0.09845000000000001,90,0.02485000000000001,,,,0.6335475028949051,0.08871863905325444
2017-09-05,0.0955,31,0.11575000000000002,86,0.020250000000000018,,,,0.09874942200788975,0.08875852941176471
2017-09-06,0.08485000000000001,30,0.11295000000000001,85,0.0281,,,,1.0075877489512306,0.08873567251461988
2017-09-07,0.08075000000000002,29,0.11165,84,0.030899999999999983,,,,1.323149233912018,0.08868924418604651
2017-09-08,0.09,28,0.11410000000000001,83,0.02410000000000001,,,,0.5305417258338633,0.08869682080924857
2017-09-11,0.07525,32,0.10665000000000001,95,0.03140000000000001,,,,1.3696109521388309,0.08861954022988507
2017-09-12,0.0701,31,0.10265,94,0.03255000000000001,,,,1.4893392361334035,0.08851371428571429
2017-09-13,0.06970000000000001,30,0.1008,93,0.03109999999999999,,,,1.3111674371272852,0.08840681818181818
2017-09-14,0.0676,29,0.09945000000000001,92,0.03185000000000002,,,,1.3862287890334357,0.08828926553672317
2017-09-15,0.06455,28,0.09695000000000001,91,0.03240000000000001,,,,1.4370548241371832,0.0881558988764045
2017-09-18,0.07055,32,0.09655,88,0.025999999999999995,,,,0.6988111014741607,0.08805754189944134
2017-09-19,0.0703,31,0.0938,87,0.023499999999999993,,,,0.40983097445176503,0.08795888888888889
2017-09-20,0.06725,30,0.09145,86,0.0242,,,,0.48888442330269166,0.08784447513812155
2017-09-21,0.07105,29,0.09315000000000001,85,0.02210000000000001,,,,0.24546758128225485,0.0877521978021978
2017-09-22,0.06895,28,0.0937,84,0.024750000000000008,,,,0.5505678569725321,0.08764945355191257
2017-09-25,0.0751,32,0.10005,95,0.02495,,,,0.5717202040515136,0.08758125
2017-09-26,0.0742,31,0.1001,94,0.025899999999999992,,,,0.6795194812172315,0.08750891891891893
2017-09-27,0.0754,30,0.1,93,0.02460000000000001,,,,0.5262850283904823,0.08744381720430107
2017-09-28,0.06765,29,0.0989,92,0.03125,,,,1.2930436628144886,0.0873379679144385
2017-09-29,0.0654,28,0.09865,91,0.03325,,,,1.5125983252386292,0.08722127659574469
2017-10-02,0.05940000000000001,29,0.0877,88,0.028299999999999992,,,,0.9333229676646224,0.08707407407407408
2017-10-03,0.0683,31,0.08710000000000001,87,0.01880000000000001,,,,-0.16939614148052415,0.08697526315789475
2017-10-04,0.06525,30,0.08780000000000002,86,0.022550000000000014,,,,0.2664451157386371,0.08686151832460733
2017-10-05,0.0654,29,0.0878,85,0.022400000000000003,,,,0.24825275367517707,0.08674973958333333
2017-10-06,0.06395,28,0.0884,84,0.02445,,,,0.4865350526924538,0.08663160621761658
2017-10-09,0.07300000000000001,32,0.09025,81,0.017249999999999988,,,,-0.3564853816618842,0.08656134020618557
2017-10-10,0.06970000000000001,31,0.08795,80,0.01824999999999999,,,,-0.23834385240766134,0.0864748717948718
2017-10-11,0.06290000000000001,30,0.0877,79,0.02479999999999999,,,,0.5313908718846909,0.08635459183673469
2017-10-12,0.0691,29,0.0857,78,0.016600000000000004,,,,-0.43489437415434373,0.08626700507614214
2017-10-13,0.06470000000000001,28,0.08430000000000001,77,0.019600000000000006,,,,-0.07995734255971533,0.08615808080808081
2017-10-16,0.06645000000000001,32,0.0827,74,0.016249999999999987,,,,-0.47561238351491103,0.08605904522613066
2017-10-17,0.0684,31,0.09210000000000002,106,0.023700000000000013,,,,0.4080797504206115,0.08597075
2017-10-18,0.06755,30,0.09235,105,0.024800000000000003,,,,0.5372821885028889,0.08587910447761195
2017-10-19,0.06775,29,0.08605,92,0.018299999999999997,,,,-0.2371441640439723,0.08578935643564357
2017-10-20,0.0644,28,0.0827,91,0.018299999999999997,,,,-0.23652931906613148,0.08568399014778326
2017-10-23,0.07125000000000001,32,0.08985000000000001,88,0.018600000000000005,,,,-0.20007996414673207,0.08561323529411764
2017-10-24,0.07300000000000001,31,0.08795,87,0.014949999999999991,,,,-0.6361975430047857,0.08555170731707316
2017-10-25,0.08115,30,0.09235000000000002,86,0.011200000000000015,,,,-1.0814252979175452,0.08553033980582525
2017-10-26,0.16625,29,0.12535000000000002,85,-0.04089999999999999,,,,-6.522239945595613,0.08592028985507248
2017-10-27,0.06615,28,0.08460000000000001,84,0.018450000000000008,,,,-0.15529136257570364,0.08582524038461538
2017-10-30,0.08080000000000001,31,0.09540000000000001,93,0.014600000000000002,,,,-0.5674649753575232,0.0858011961722488
2017-10-31,0.06715,30,0.08515,92,0.018000000000000002,,,,-0.20078509664550984,0.08571238095238096
2017-11-01,0.0734,30,0.0888,91,0.015399999999999997,,,,-0.4800507731261858,0.08565402843601896
2017-11-02,0.07185000000000001,29,0.0872,90,0.015349999999999989,,,,-0.4840470220558045,0.08558891509433963
2017-11-03,0.06465000000000001,28,0.08960000000000001,89,0.02495,,,,0.5543500897247668,0.08549061032863851
2017-11-06,0.0711,32,0.09055,86,0.01945000000000001,,,,-0.042417734388677554,0.08542336448598131
2017-11-07,0.0748,31,0.09260000000000002,85,0.01780000000000001,,,,-0.2213591913633727,0.0853739534883721
2017-11-08,0.0716,30,0.09315000000000001,84,0.021550000000000014,,,,0.1870141978917718,0.08531018518518518
2017-11-09,0.0794,29,0.09405,83,0.014649999999999996,,,,-0.5651884808723667,0.08528294930875575
2017-11-10,0.08165,28,0.10725000000000001,98,0.02560000000000001,,,,0.6311154314028943,0.08526628440366973
2017-11-13,0.08875000000000001,32,0.10745,95,0.018699999999999994,,,,-0.1247577836963837,0.08528219178082191
2017-11-14,0.0868,31,0.1074,94,0.020599999999999993,,,,0.08374107617108517,0.08528909090909091
2017-11-15,0.10160000000000001,30,0.11475,93,0.013149999999999995,,,,-0.7338417761747417,0.08536289592760182
2017-11-16,0.08175000000000002,29,0.1047,92,0.022949999999999984,,,,0.3452690311966928,0.08534662162162163
2017-11-17,0.07875,28,0.10400000000000001,91,0.02525000000000001,,,,0.5974185889144144,0.08531704035874439
2017-11-20,0.07915,32,0.10225000000000001,88,0.02310000000000001,,,,0.3587619142714508,0.08528950892857144
2017-11-21,0.07005,31,0.09425,87,0.0242,,,,0.4793294339230455,0.08522177777777779
2017-11-22,0.0698,30,0.09290000000000001,86,0.02310000000000001,,,,0.35635151612607274,0.08515353982300886
2017-11-24,0.07050000000000001,28,0.0918,84,0.0213,,,,0.1558292997945875,0.08508898678414097
2017-11-27,0.07565,32,0.09555,93,0.0199,,,,-0.00019595299570086567,0.08504758771929825
2017-11-28,0.07640000000000001,31,0.08805,92,0.011649999999999994,,,,-0.9179507295263142,0.08500982532751092
2017-11-29,0.08185,30,0.09095,91,0.009099999999999997,,,,-1.196484494148301,0.08499608695652174
2017-11-30,0.08945,29,0.0971,90,0.007650000000000004,,,,-1.3500040981783576,0.08501536796536797
2017-12-01,0.09105,28,0.0973,89,0.006249999999999992,,,,-1.495435052456009,0.08504137931034483
2017-12-04,0.08810000000000001,32,0.09670000000000001,86,0.008599999999999997,,,,-1.2276411965458103,0.08505450643776825
2017-12-05,0.08610000000000001,31,0.0948,85,0.008699999999999986,,,,-1.2101134201863402,0.08505897435897436
2017-12-06,0.08375,30,0.09385,84,0.010099999999999998,,,,-1.0501464987032216,0.08505340425531915
2017-12-07,0.07955000000000001,29,0.09260000000000002,83,0.013050000000000006,,,,-0.7207895853702571,0.08503008474576271
2017-12-08,0.07339999999999999,28,0.0965,98,0.02310000000000001,,,,0.3935024811096609,0.08498101265822784
2017-12-11,0.07175000000000001,32,0.09275,95,0.02099999999999999,,,,0.15970275025354636,0.08492542016806723
2017-12-12,0.07650000000000001,31,0.09440000000000001,94,0.0179,,,,-0.1852328485465882,0.08489016736401674
2017-12-13,0.078,30,0.09555,93,0.017549999999999996,,,,-0.22381237365514325,0.08486145833333333
2017-12-14,0.07730000000000001,29,0.0968,92,0.01949999999999999,,,,-0.005697097452272529,0.08483008298755187
2017-12-15,0.06810000000000001,28,0.08985000000000001,91,0.021750000000000005,,,,0.2459479855701336,0.08476095041322315
2017-12-18,0.07285,32,0.09005,88,0.017200000000000007,,,,-0.2644385698340545,0.08471193415637861
2017-12-19,0.07955000000000001,31,0.09275,87,0.01319999999999999,,,,-0.7122998882511418,0.08469077868852459
2017-12-20,0.07445,30,0.091,86,0.016549999999999995,,,,-0.33422705478576015,0.08464897959183673
2017-12-21,0.0736,29,0.09255,85,0.018949999999999995,,,,-0.06328983459366914,0.0846040650406504
2017-12-22,0.0734,28,0.09375,84,0.020349999999999993,,,,0.09481022891415106,0.08455870445344131
2017-12-26,0.07925,31,0.09440000000000001,93,0.01515000000000001,,,,-0.4930875937690123,0.08453729838709678
2017-12-27,0.07745,30,0.09460000000000002,92,0.017150000000000012,,,,-0.26557851545954025,0.08450883534136547
2017-12-28,0.0706,29,0.09245,91,0.02185000000000001,,,,0.2681540344299888,0.0844532
2017-12-29,0.07390000000000001,28,0.1042,90,0.030299999999999994,,,,1.224418853493159,0.08441115537848606
2018-01-02,0.06855,31,0.09125,86,0.022699999999999998,,,,0.35889252159241014,0.08434821428571429
2018-01-03,0.06905,30,0.0941,85,0.025050000000000003,,,,0.6238106937245798,0.0841922619047619
2018-01-04,0.0694,29,0.09655,84,0.027149999999999994,,,,0.8849393506983491,0.08382698412698414
2018-01-05,0.06835,28,0.08975,83,0.021400000000000002,,,,0.19620048286783515,0.08371111111111113
2018-01-08,0.07295000000000001,32,0.09065000000000001,80,0.017699999999999994,,,,-0.24773502281088883,0.08362400793650794
2018-01-09,0.07725,31,0.09490000000000001,79,0.017650000000000013,,,,-0.2505053017325701,0.08354424603174604
2018-01-10,0.07645,30,0.09565000000000001,100,0.01920000000000001,,,,-0.06116249138915523,0.08346488095238094
2018-01-11,0.07625000000000001,29,0.0902,99,0.01394999999999999,,,,-0.6871388093873921,0.08339285714285714
2018-01-12,0.0792,28,0.095,98,0.015799999999999995,,,,-0.461384320775629,0.08332698412698412
2018-01-16,0.09635,31,0.10365,94,0.007300000000000001,,,,-1.4715006818885572,0.08335138888888889
2018-01-17,0.09185,30,0.10325000000000001,93,0.011400000000000007,,,,-0.9720893558456182,0.08333214285714285
2018-01-18,0.09455000000000001,29,0.10555,92,0.010999999999999996,,,,-1.0131259119014342,0.08332817460317461
2018-01-19,0.08515,28,0.1003,91,0.015149999999999997,,,,-0.5139409407481417,0.08326507936507938
2018-01-22,0.08765,32,0.10170000000000001,88,0.014050000000000007,,,,-0.6403922454482706,0.08326130952380953
2018-01-23,0.0882,31,0.1014,87,0.013200000000000003,,,,-0.7376068587754869,0.08324325396825397
2018-01-24,0.09455,30,0.10555,86,0.01100000000000001,,,,-0.9938749171636185,0.08327103174603175
2018-01-25,0.09465000000000001,29,0.10705,85,0.012399999999999994,,,,-0.8208020607713711,0.08331031746031746
2018-01-26,0.0921,28,0.10915,94,0.017049999999999996,,,,-0.2633536483722759,0.0833388888888889
2018-01-29,0.11295000000000001,30,0.1177,91,0.00474999999999999,,,,-1.712634007613275,0.08346289682539683
2018-01-30,0.1228,31,0.12935000000000002,90,0.006550000000000014,,,,-1.4851256203024112,0.08360277777777779
2018-01-31,0.11420000000000001,30,0.12555,89,0.011349999999999985,,,,-0.9133398307661501,0.083684126984127
2018-02-01,0.11280000000000001,29,0.12229999999999999,88,0.00949999999999998,,,,-1.123984531591177,0.08377678571428572
2018-02-02,0.1375,28,0.1348,87,-0.002700000000000008,,,,-2.518498647172491,0.08395813492063492
2018-02-05,0.30065,32,0.23455,84,-0.06609999999999996,,,,-8.368863229260148,0.08482698412698414
2018-02-06,0.2087,31,0.16985,83,-0.038849999999999996,,,,-5.3232296769895395,0.0853029761904762
2018-02-07,0.17885,30,0.16125,82,-0.017600000000000005,,,,-3.260410200276465,0.08566448412698413
2018-02-08,0.2555,29,0.22,81,-0.035500000000000004,,,,-4.663762113935278,0.08632797619047619
2018-02-09,0.22375,28,0.1992,98,-0.024550000000000016,,,,-3.600915249215187,0.08687420634920634
2018-02-12,0.17805,32,0.17275000000000001,95,-0.005299999999999999,,,,-1.9390181665999306,0.08725079365079366
2018-02-13,0.1769,31,0.17020000000000002,94,-0.006699999999999984,,,,-2.032313058749303,0.08758511904761905
2018-02-14,0.15075,30,0.15115,93,0.00040000000000001146,,,,-1.4232879190128052,0.08783928571428572
2018-02-15,0.1489,29,0.1482,92,-0.0007000000000000062,,,,-1.5046991545935504,0.08804960317460318
2018-02-16,0.14479999999999998,28,0.14675,91,0.0019500000000000073,,,,-1.2752468892582534,0.08825178571428573
2018-02-20,0.15300000000000002,31,0.1519,87,-0.0011000000000000176,,,,-1.515259022479684,0.08849960317460318
2018-02-21,0.15585,30,0.153,86,-0.0028499999999999914,,,,-1.6442911042843669,0.08875138888888891
2018-02-22,0.1491,29,0.14885,85,-0.0002500000000000002,,,,-1.4178111455929296,0.08897123015873017
2018-02-23,0.12260000000000001,28,0.13125,84,0.008649999999999991,,,,-0.6823145166792288,0.08908869047619047
2018-02-26,0.12335000000000002,31,0.12965,94,0.006299999999999972,,,,-0.8680751726681818,0.08922361111111111
2018-02-27,0.1422,30,0.14500000000000002,93,0.0028000000000000247,,,,-1.14740968689052,0.08940317460317461
2018-02-28,0.14975,29,0.15175,92,0.0020000000000000018,,,,-1.2034327442616553,0.08957777777777777
2018-03-01,0.16635,28,0.1645,91,-0.0018499999999999905,,,,-1.5063839599203843,0.08983968253968254
2018-03-02,0.1537,27,0.15665,90,0.002950000000000008,,,,-1.1046540860878158,0.0900593253968254
2018-03-05,0.14155,32,0.1491,87,0.007550000000000001,,,,-0.7227694019705916,0.09026527777777778
2018-03-06,0.13745000000000002,31,0.1476,86,0.010149999999999992,,,,-0.5051319540950606,0.0904420634920635
2018-03-07,0.1367,30,0.1457,85,0.009000000000000008,,,,-0.5932690728070951,0.09061468253968255
2018-03-08,0.1265,29,0.1406,84,0.014100000000000001,,,,-0.16868950095698743,0.09074265873015874
2018-03-09,0.1114,28,0.12785000000000002,83,0.01645000000000002,,,,0.030308153803160934,0.09079384920634921
2018-03-12,0.11960000000000001,32,0.13715,95,0.017549999999999982,,,,0.1259194588424139,0.09091567460317461
2018-03-13,0.12190000000000001,31,0.13974999999999999,94,0.017849999999999977,,,,0.15462533119762328,0.09104305555555556
2018-03-14,0.12695,30,0.14635,93,0.0194,,,,0.2854948321458056,0.09116904761904762
2018-03-15,0.11895,29,0.14279999999999998,92,0.023849999999999982,,,,0.6570385323843431,0.09129246031746033
2018-03-16,0.11015,28,0.13785000000000003,91,0.02770000000000003,,,,0.9776515257801932,0.09140198412698412
2018-03-19,0.14090000000000003,32,0.15325,88,0.012349999999999972,,,,-0.2960904840598885,0.09163611111111111
2018-03-20,0.13874999999999998,31,0.14830000000000002,87,0.00955000000000003,,,,-0.5248874805582828,0.09184523809523809
2018-03-21,0.1395,30,0.14835,86,0.008849999999999997,,,,-0.5797428697168414,0.09200575396825399
2018-03-22,0.18225,29,0.1711,85,-0.011149999999999993,,,,-2.217688800382201,0.09232281746031747
2018-03-23,0.20340000000000003,28,0.18805,84,-0.01535000000000003,,,,-2.523587958771627,0.09270555555555555
2018-03-26,0.16770000000000002,32,0.169,95,0.0012999999999999956,,,,-1.1592386837874828,0.09294841269841271
2018-03-27,0.18765,31,0.18425000000000002,94,-0.0033999999999999864,,,,-1.5272141388616158,0.09327936507936509
2018-03-28,0.19155,30,0.189,93,-0.0025499999999999967,,,,-1.445171371546155,0.09366626984126986
2018-03-29,0.17075,29,0.1719,92,0.0011499999999999844,,,,-1.137150420778823,0.09398095238095237
2018-04-02,0.20125,32,0.19265000000000002,88,-0.008599999999999997,,,,-1.9027494916367798,0.09442579365079365
2018-04-03,0.18515,29,0.1807,87,-0.0044500000000000095,,,,-1.5544207477615712,0.09477678571428573
2018-04-04,0.17545,30,0.1728,86,-0.0026499999999999857,,,,-1.3980376731607669,0.0950843253968254
2018-04-05,0.16245,29,0.16425,85,0.001799999999999996,,,,-1.0352555279670372,0.09535496031746034
2018-04-06,0.18705,28,0.1815,84,-0.005549999999999999,,,,-1.6044848670354535,0.0957029761904762
2018-04-09,0.19015,32,0.1826,81,-0.007550000000000001,,,,-1.7443269275306543,0.09605972222222223
2018-04-10,0.1745,31,0.17120000000000002,80,-0.0032999999999999696,,,,-1.4010781632051734,0.09634940476190477
2018-04-11,0.17320000000000002,30,0.1715,100,-0.001700000000000007,,,,-1.275375639665402,0.09657876984126984
2018-04-12,0.1588,29,0.1618,99,0.0030000000000000027,,,,-0.9101535179805538,0.09672261904761904
2018-04-13,0.14545000000000002,28,0.1537,98,0.00824999999999998,,,,-0.5032167613935097,0.09679384920634922
2018-04-16,0.13340000000000002,32,0.14355,95,0.010149999999999992,,,,-0.36157904343180314,0.09679126984126984
2018-04-17,0.12055,31,0.1316,94,0.01104999999999999,,,,-0.29388017693558666,0.09680694444444445
2018-04-18,0.11895,30,0.1302,93,0.01125000000000001,,,,-0.28225968100790017,0.09680853174603175
2018-04-19,0.1273,29,0.1356,92,0.008300000000000002,,,,-0.5212012575310367,0.0968329365079365
2018-04-20,0.1381,28,0.14195000000000002,91,0.00385000000000002,,,,-0.8754271570889205,0.09695873015873016
2018-04-23,0.13615,32,0.1406,88,0.0044500000000000095,,,,-0.8292167406192903,0.09704801587301588
2018-04-24,0.15195,31,0.1507,87,-0.0012500000000000011,,,,-1.275596282409328,0.09731884920634921
2018-04-25,0.15435,30,0.1508,86,-0.0035499999999999976,,,,-1.4467183620933841,0.09760813492063493
2018-04-26,0.13995000000000002,29,0.14135000000000003,85,0.0014000000000000123,,,,-1.0461186338347546,0.09783452380952382
2018-04-27,0.1291,28,0.1393,95,0.010200000000000015,,,,-0.34525429211650294,0.09805019841269842
2018-04-30,0.13135000000000002,31,0.14255,92,0.011199999999999988,,,,-0.26312577286330163,0.09825674603174603
2018-05-01,0.12825,30,0.1397,91,0.011449999999999988,,,,-0.24093786243928128,0.09845357142857143
2018-05-02,0.1336,30,0.14035,90,0.006750000000000006,,,,-0.6100942908850371,0.09866289682539683
2018-05-03,0.13405,29,0.1416,89,0.007550000000000001,,,,-0.5430822804319251,0.09887460317460317
2018-05-04,0.12130000000000002,28,0.13565,88,0.014349999999999974,,,,-0.003255169366319355,0.09904424603174604
2018-05-07,0.12290000000000001,32,0.13490000000000002,85,0.01200000000000001,,,,-0.18699470847488556,0.09923015873015874
2018-05-08,0.1207,29,0.1335,84,0.012800000000000006,,,,-0.11901936421315751,0.09942063492063491
2018-05-09,0.11100000000000002,30,0.1251,83,0.014099999999999974,,,,-0.011973121095858318,0.09956150793650793
2018-05-10,0.10445,29,0.1188,82,0.014350000000000002,,,,0.012351343968934161,0.09968015873015873
2018-05-11,0.09835,28,0.11755000000000002,98,0.01920000000000001,,,,0.4022936043740561,0.09976408730158731
2018-05-14,0.10485,32,0.11415,95,0.009300000000000003,,,,-0.38394866302607994,0.09988075396825398
2018-05-15,0.11315,29,0.12195,94,0.008800000000000002,,,,-0.42065949403691677,0.10000496031746031
2018-05-16,0.1067,30,0.11705,93,0.010349999999999998,,,,-0.2935999261264371,0.1001079365079365
2018-05-17,0.1052,29,0.11610000000000001,92,0.010900000000000007,,,,-0.2522900727550415,0.10005734126984127
2018-05-18,0.10700000000000001,28,0.1188,91,0.011799999999999991,,,,-0.18048224951019531,0.10005992063492065
2018-05-21,0.10170000000000001,32,0.11295,88,0.011249999999999982,,,,-0.2237297683687882,0.10008829365079365
2018-05-22,0.10490000000000001,31,0.11495,87,0.01004999999999999,,,,-0.3177032450719618,0.1001638888888889
2018-05-23,0.09595000000000001,30,0.1101,86,0.014149999999999996,,,,0.012082295235749687,0.10021686507936509
2018-05-24,0.09365000000000001,29,0.10835,85,0.01469999999999999,,,,0.05795554373421088,0.1002779761904762
2018-05-25,0.09845000000000001,28,0.1109,84,0.012449999999999989,,,,-0.12096300764194516,0.10036607142857144
2018-05-29,0.128,31,0.13255,94,0.0045499999999999985,,,,-0.7496336240157502,0.1005829365079365
2018-05-30,0.11105000000000001,30,0.12329999999999999,93,0.012249999999999983,,,,-0.12918547326547378,0.1007045634920635
2018-05-31,0.11200000000000002,29,0.12490000000000001,92,0.012899999999999995,,,,-0.07462192188472926,0.10082599206349206
2018-06-01,0.10175000000000001,28,0.11755,91,0.015799999999999995,,,,0.15832852883444962,0.10092916666666668
2018-06-04,0.0935,32,0.1121,88,0.018600000000000005,,,,0.38378708367086606,0.10101130952380953
2018-06-05,0.0932,31,0.1122,87,0.01899999999999999,,,,0.41617029196015026,0.10108670634920636
2018-06-06,0.08625,30,0.10615,86,0.0199,,,,0.48770321908374925,0.10110496031746033
2018-06-07,0.08955,29,0.10765000000000001,85,0.018100000000000005,,,,0.34414205164602407,0.10114920634920635
2018-06-08,0.08795,28,0.10665000000000001,84,0.01870000000000001,,,,0.393976468143054,0.10120059523809526
2018-06-11,0.0932,32,0.10775000000000001,81,0.014550000000000007,,,,0.061728235084336856,0.10126468253968254
2018-06-12,0.08625,29,0.1051,80,0.018850000000000006,,,,0.40801412343816623,0.10127837301587303
2018-06-13,0.09440000000000001,30,0.11405000000000001,100,0.01965,,,,0.4726411238601595,0.10134543650793652
2018-06-14,0.0875,29,0.11180000000000001,99,0.024300000000000016,,,,0.8450463204261449,0.10138829365079365
2018-06-15,0.08710000000000001,28,0.11145000000000001,98,0.024349999999999997,,,,0.8469297435500555,0.1014156746031746
2018-06-18,0.09315000000000001,32,0.11230000000000001,95,0.01915,,,,0.4316421532184036,0.10149702380952381
2018-06-19,0.1,31,0.11730000000000002,94,0.01730000000000001,,,,0.28247724914844796,0.10159007936507937
2018-06-20,0.0975,30,0.11300000000000002,93,0.015500000000000014,,,,0.13619904409706332,0.10163789682539683
2018-06-21,0.1096,29,0.1211,92,0.011499999999999996,,,,-0.18579509311650783,0.10173531746031746
2018-06-22,0.1029,28,0.11925000000000001,91,0.016350000000000003,,,,0.2041919596987275,0.10182460317460318
2018-06-25,0.13505,32,0.137,88,0.0019500000000000073,,,,-0.94740139188418,0.10206686507936509
2018-06-26,0.12460000000000002,31,0.1335,87,0.008899999999999991,,,,-0.38802753074111834,0.1022498015873016
2018-06-27,0.14395000000000002,30,0.14345000000000002,86,-0.0005000000000000004,,,,-1.137148111644103,0.10246666666666668
2018-06-28,0.13245,29,0.1361,85,0.0036499999999999866,,,,-0.8006300172553573,0.10268273809523809
2018-06-29,0.1222,32,0.1323,84,0.010099999999999998,,,,-0.28571840889868927,0.10279761904761905
2018-07-02,0.11545,29,0.1285,81,0.013050000000000006,,,,-0.04982014337006101,0.10291369047619046
2018-07-03,0.12565,31,0.13490000000000002,80,0.009250000000000008,,,,-0.35281880343401034,0.1030640873015873
2018-07-05,0.1144,29,0.12415000000000001,78,0.009750000000000009,,,,-0.3114446876091862,0.10317936507936508
2018-07-06,0.1009,28,0.11695,77,0.016049999999999995,,,,0.1926730478018259,0.10319126984126985
2018-07-09,0.08940000000000001,32,0.11885000000000001,102,0.029450000000000004,,,,1.2564005440993955,0.10321210317460318
2018-07-10,0.09280000000000001,29,0.1159,101,0.023099999999999996,,,,0.7456547872847604,0.10324146825396827
2018-07-11,0.10060000000000001,30,0.1203,100,0.019699999999999995,,,,0.47242491050886914,0.10330853174603175
2018-07-12,0.09125,29,0.11375000000000002,99,0.02250000000000002,,,,0.6955533871942923,0.1033626984126984
2018-07-13,0.08895,28,0.1121,98,0.023150000000000004,,,,0.7505387763363688,0.10343492063492063
2018-07-16,0.09190000000000001,32,0.11180000000000001,95,0.0199,,,,0.49676002144156234,0.10353293650793652
2018-07-17,0.08680000000000002,31,0.10805000000000001,94,0.02124999999999999,,,,0.6067807781123039,0.10358829365079367
2018-07-18,0.08410000000000001,30,0.10575000000000001,93,0.021650000000000003,,,,0.6408495779129908,0.10363869047619048
2018-07-19,0.0925,29,0.11185,92,0.019350000000000006,,,,0.45856065967313203,0.10371964285714286
2018-07-20,0.0908,28,0.1114,91,0.020599999999999993,,,,0.5612389726298597,0.10379523809523811
2018-07-23,0.0923,32,0.1096,88,0.01730000000000001,,,,0.2994917861477833,0.10388829365079366
2018-07-24,0.08965000000000001,31,0.10670000000000002,87,0.01705000000000001,,,,0.28274532325884544,0.10396805555555556
2018-07-25,0.08595,30,0.10205,86,0.016100000000000003,,,,0.20691337660799988,0.10404543650793652
2018-07-26,0.0874,29,0.10405,85,0.016649999999999998,,,,0.2519479480547096,0.10413075396825397
2018-07-27,0.0916,28,0.11035,96,0.018750000000000003,,,,0.42146221668753187,0.10422519841269841
2018-07-30,0.1042,32,0.11670000000000001,93,0.012500000000000011,,,,-0.07817430847926744,0.10435714285714286
2018-07-31,0.09235000000000002,31,0.10930000000000001,92,0.016949999999999993,,,,0.2862512065914456,0.10443353174603175
2018-08-01,0.095,30,0.11130000000000001,91,0.01630000000000001,,,,0.23485659115915627,0.10454444444444445
2018-08-02,0.08705,29,0.10665000000000001,90,0.019600000000000006,,,,0.5034284963739137,0.10462063492063492
2018-08-03,0.08075,28,0.10345000000000001,89,0.022700000000000012,,,,0.7578330530568105,0.10464801587301588
2018-08-06,0.0801,32,0.10105,86,0.020949999999999996,,,,0.6157469991610528,0.10469920634920636
2018-08-07,0.07915,31,0.10445,85,0.025300000000000003,,,,0.9662664806947145,0.10473670634920636
2018-08-08,0.0781,30,0.09995000000000001,84,0.02185000000000001,,,,0.6874312262144995,0.10472936507936507
2018-08-09,0.0816,29,0.10155,83,0.019949999999999996,,,,0.5356733984740469,0.10473115079365079
2018-08-10,0.094,28,0.1163,98,0.0223,,,,0.7219892075788394,0.10465634920634921
2018-08-13,0.1482,32,0.1217,95,-0.026499999999999996,,,,-3.173405310848039,0.10480793650793652
2018-08-14,0.0927,31,0.11375000000000002,94,0.021050000000000013,,,,0.6220711723746468,0.10483888888888888
2018-08-15,0.10464999999999999,30,0.12085000000000001,93,0.01620000000000002,,,,0.23548890728181357,0.1048952380952381
2018-08-16,0.09485,29,0.11605000000000001,92,0.02120000000000001,,,,0.6371924746644453,0.10494781746031746
2018-08-17,0.0874,28,0.1116,91,0.0242,,,,0.8701715188244434,0.10483551587301589
2018-08-20,0.0893,32,0.10980000000000001,88,0.020500000000000004,,,,0.5700427441732253,0.10476468253968255
2018-08-21,0.08825,29,0.1104,87,0.022150000000000003,,,,0.6974676241185,0.10468551587301589
2018-08-22,0.08845,30,0.11000000000000001,86,0.021550000000000014,,,,0.6464793969097193,0.10467460317460317
2018-08-23,0.08865,29,0.11100000000000002,85,0.02235000000000001,,,,0.706854256557909,0.10463531746031747
2018-08-24,0.0844,28,0.10975,84,0.025349999999999998,,,,0.9410520899965558,0.10457916666666667
2018-08-27,0.08705,32,0.10915,95,0.022099999999999995,,,,0.6809620353503942,0.10456250000000002
2018-08-28,0.0862,29,0.11125000000000002,94,0.025050000000000017,,,,0.9109045596244044,0.10453154761904762
2018-08-29,0.088,30,0.1109,93,0.022900000000000004,,,,0.7382358241274258,0.10451746031746031
2018-08-30,0.09590000000000001,29,0.11649999999999999,92,0.02059999999999998,,,,0.5578708539606091,0.10455853174603176
2018-08-31,0.0896,28,0.11230000000000001,91,0.022700000000000012,,,,0.7295139175718978,0.10459761904761906
2018-09-04,0.0938,31,0.11370000000000001,87,0.019900000000000015,,,,0.5084713459462085,0.10467777777777779
2018-09-05,0.09845000000000001,30,0.11760000000000001,86,0.01915,,,,0.4490526472955514,0.10468948412698413
2018-09-06,0.1047,29,0.1215,85,0.016799999999999995,,,,0.2657694332213774,0.10476825396825398
2018-09-07,0.10665,28,0.12385000000000002,84,0.01720000000000002,,,,0.30324918248396887,0.10487103174603174
2018-09-10,0.10215,32,0.11915,81,0.017,,,,0.28982770626688414,0.10491924603174603
2018-09-11,0.09285,31,0.1132,80,0.020349999999999993,,,,0.5647562706272184,0.10498908730158729
2018-09-12,0.09055,30,0.11745,100,0.026899999999999993,,,,1.0978061132491324,0.10507023809523809
2018-09-13,0.08545,29,0.1134,99,0.027950000000000003,,,,1.1853373677664787,0.10513273809523811
2018-09-14,0.08255000000000001,28,0.1107,98,0.028149999999999994,,,,1.2046740777686706,0.10519206349206349
2018-09-17,0.096,32,0.11465,95,0.01865,,,,0.4402598404726827,0.10531686507936507
2018-09-18,0.09235,31,0.11365,94,0.0213,,,,0.6585993063108534,0.10540337301587303
2018-09-19,0.08410000000000001,30,0.10900000000000001,93,0.024900000000000005,,,,0.9515270260178872,0.10545813492063494
2018-09-20,0.08505000000000001,29,0.10800000000000001,92,0.022949999999999998,,,,0.7931436170845513,0.10552876984126984
2018-09-21,0.08375,28,0.1076,91,0.023849999999999996,,,,0.8656230297360039,0.10557916666666667
2018-09-24,0.0902,32,0.1101,88,0.0199,,,,0.5456681832087118,0.10566349206349207
2018-09-25,0.09215000000000001,31,0.1111,87,0.018949999999999995,,,,0.4706958393782711,0.10573115079365081
2018-09-26,0.0952,30,0.11295,86,0.017749999999999988,,,,0.37592298428393933,0.10581448412698413
2018-09-27,0.08945,29,0.11120000000000001,85,0.021750000000000005,,,,0.705083287587905,0.1058702380952381
2018-09-28,0.08605,28,0.11050000000000001,94,0.024450000000000013,,,,0.931157256396571,0.10594325396825398
2018-10-01,0.08705,30,0.10990000000000001,91,0.02285000000000001,,,,0.8064010423647746,0.10602916666666667
2018-10-02,0.08875,31,0.1115,90,0.022750000000000006,,,,0.8014694242179455,0.10614563492063492
2018-10-03,0.0884,30,0.10955000000000001,89,0.021150000000000002,,,,0.6680687320763739,0.10622539682539682
2018-10-04,0.1069,29,0.11930000000000002,88,0.012400000000000022,,,,-0.05204538439997273,0.10639067460317461
2018-10-05,0.1132,28,0.12340000000000001,87,0.010200000000000015,,,,-0.2303924475888002,0.10658035714285714
2018-10-08,0.12775,30,0.128,84,0.0002500000000000002,,,,-1.046531592557806,0.10683353174603176
2018-10-09,0.12845,31,0.1279,83,-0.0005499999999999949,,,,-1.1045313803680887,0.10705357142857144
2018-10-10,0.18345,30,0.16090000000000002,82,-0.022549999999999987,,,,-2.8625638135518967,0.10750496031746033
2018-10-11,0.2147,29,0.179,81,-0.03570000000000001,,,,-3.804849847001302,0.10810734126984128
2018-10-12,0.17830000000000001,28,0.1593,98,-0.019000000000000017,,,,-2.443800701525079,0.10854067460317461
2018-10-15,0.1748,30,0.16405000000000003,95,-0.010749999999999982,,,,-1.7794453532498373,0.10897757936507937
2018-10-16,0.14365,31,0.1458,94,0.002150000000000013,,,,-0.7719378842491259,0.10928392857142857
2018-10-17,0.14385,30,0.14429999999999998,93,0.0004499999999999782,,,,-0.8967571534214515,0.10958333333333334
2018-10-18,0.16575,29,0.1607,92,-0.005049999999999999,,,,-1.3125794825524126,0.10997301587301588
2018-10-19,0.16560000000000002,28,0.16125,91,-0.0043500000000000205,,,,-1.2480654815059875,0.11036130952380953
2018-10-22,0.16225,30,0.16165000000000002,88,-0.0005999999999999894,,,,-0.951108039413851,0.11074960317460318
2018-10-23,0.1704,31,0.16645,87,-0.003950000000000009,,,,-1.2000607911152896,0.11114305555555556
2018-10-24,0.21100000000000002,30,0.1885,86,-0.02250000000000002,,,,-2.5827173494790583,0.11169067460317461
2018-10-25,0.19875,29,0.18045,85,-0.01830000000000001,,,,-2.2320188030992414,0.11215734126984128
2018-10-26,0.21245000000000003,28,0.18910000000000002,84,-0.02335000000000001,,,,-2.6635416872933857,0.11234067460317461
2018-10-29,0.20915,30,0.18985000000000002,94,-0.019299999999999984,,,,-2.3179734225272726,0.11290813492063492
2018-10-30,0.20185,31,0.18735000000000002,93,-0.014499999999999985,,,,-1.931097366637525,0.11338849206349207
2018-10-31,0.1815,30,0.17750000000000002,92,-0.003999999999999976,,,,-1.1322512046376418,0.1138422619047619
2018-11-01,0.165,29,0.1688,91,0.003799999999999998,,,,-0.5429556754855703,0.11420575396825398
2018-11-02,0.17070000000000002,28,0.17405,90,0.003349999999999992,,,,-0.5728993212315674,0.11459801587301588
2018-11-05,0.17115000000000002,32,0.17200000000000001,87,0.0008499999999999897,,,,-0.7540723051248704,0.11502063492063491
2018-11-06,0.16870000000000002,31,0.16605,86,-0.0026500000000000135,,,,-1.009106471828671,0.11540793650793651
2018-11-07,0.13765,30,0.14735,85,0.009700000000000014,,,,-0.08039375910371087,0.11565734126984129
2018-11-08,0.13685,29,0.1448,84,0.007950000000000013,,,,-0.20793201386128307,0.11591626984126985
2018-11-09,0.14485,28,0.15184999999999998,83,0.0069999999999999785,,,,-0.2770398228351281,0.11617599206349208
2018-11-12,0.1759,32,0.1694,95,-0.006500000000000006,,,,-1.280887201671393,0.11655
2018-11-13,0.17420000000000002,31,0.1723,94,-0.0019000000000000128,,,,-0.9284560682643379,0.1168890873015873
2018-11-14,0.1842,30,0.17905000000000001,93,-0.005149999999999988,,,,-1.1627617154450123,0.11727559523809525
2018-11-15,0.17375000000000002,29,0.1743,92,0.0005499999999999949,,,,-0.7314051829747683,0.11756190476190477
2018-11-16,0.1609,28,0.16570000000000001,91,0.0048000000000000265,,,,-0.4086269988868893,0.11787599206349207
2018-11-19,0.1831,32,0.1804,88,-0.002700000000000008,,,,-0.962927468579079,0.11829007936507936
2018-11-20,0.2001,31,0.19385000000000002,87,-0.006249999999999978,,,,-1.2190405678441325,0.11877003968253969
2018-11-21,0.18480000000000002,30,0.18445,86,-0.00035000000000001696,,,,-0.7706746852423891,0.11922539682539683
2018-11-23,0.1941,28,0.18925000000000003,84,-0.0048499999999999654,,,,-1.0992419126160349,0.1197186507936508
2018-11-26,0.16695000000000002,32,0.17825000000000002,94,0.011300000000000004,,,,0.11421527766590542,0.1201013888888889
2018-11-27,0.1694,31,0.1693,93,-0.00009999999999998899,,,,-0.735468660792861,0.1204734126984127
2018-11-28,0.16445,30,0.1638,92,-0.0006500000000000117,,,,-0.7721971075971764,0.12082281746031748
2018-11-29,0.16765000000000002,29,0.1663,91,-0.0013500000000000179,,,,-0.8204635912449446,0.12116329365079366
2018-11-30,0.1603,31,0.1623,90,0.0020000000000000018,,,,-0.5676292696721313,0.12144444444444444
2018-12-03,0.14225,32,0.15015,87,0.007900000000000018,,,,-0.12666457826664926,0.12164761904761905
2018-12-04,0.18225000000000002,31,0.17845,86,-0.0038000000000000256,,,,-0.9965394297949695,0.12202123015873016
2018-12-06,0.1839,29,0.1806,84,-0.0032999999999999974,,,,-0.9539080297799577,0.1224093253968254
2018-12-07,0.20985,28,0.19690000000000002,83,-0.01294999999999999,,,,-1.6573076724376412,0.12290972222222223
2018-12-10,0.2013,32,0.19665000000000002,95,-0.0046499999999999875,,,,-1.0346840450248849,0.12339285714285715
2018-12-11,0.19395,31,0.19445,94,0.0005000000000000004,,,,-0.6478027107716046,0.12387123015873018
2018-12-12,0.19030000000000002,30,0.19240000000000002,93,0.0020999999999999908,,,,-0.5242238086864991,0.12434166666666668
2018-12-13,0.18070000000000003,29,0.18905,92,0.008349999999999969,,,,-0.05800271564260198,0.12475515873015873
2018-12-14,0.19025,28,0.19870000000000002,91,0.008450000000000013,,,,-0.047938420879333046,0.12520059523809524
2018-12-17,0.21735000000000002,32,0.21225,88,-0.005100000000000021,,,,-1.046041504048121,0.1257563492063492
2018-12-18,0.22095000000000004,31,0.21275,87,-0.00820000000000004,,,,-1.2654422334818838,0.12636289682539684
2018-12-19,0.21945000000000003,30,0.21280000000000002,86,-0.006650000000000017,,,,-1.1414689050946605,0.12694464285714285
2018-12-20,0.25135,29,0.22945000000000002,85,-0.021900000000000003,,,,-2.236763807689069,0.1276263888888889
2018-12-21,0.26970000000000005,28,0.23435,84,-0.03535000000000005,,,,-3.1446540362731716,0.12840119047619047
2018-12-24,0.31065,30,0.2604,81,-0.05024999999999996,,,,-4.059003521328062,0.1293418650793651
2018-12-26,0.2701,30,0.23560000000000003,79,-0.034499999999999975,,,,-2.903482019672777,0.13012242063492066
2018-12-27,0.2706,29,0.23895,78,-0.03165000000000001,,,,-2.658736181900693,0.13088174603174602
2018-12-28,0.25235,28,0.23135,77,-0.02100000000000002,,,,-1.9173532817445655,0.13157579365079364
2018-12-31,0.22295000000000004,30,0.2149,74,-0.00805000000000003,,,,-1.0411621792267791,0.13218035714285717
2019-01-02,0.20520000000000002,30,0.20435000000000003,86,-0.0008499999999999897,,,,-0.5527733831349746,0.13270138888888888
2019-01-03,0.23260000000000003,29,0.22195000000000004,85,-0.010649999999999993,,,,-1.2021768057871065,0.13335238095238094
2019-01-04,0.19640000000000002,28,0.20155,84,0.005149999999999988,,,,-0.13523005799364585,0.1338577380952381
2019-01-07,0.191,32,0.19755,81,0.00655,,,,-0.03547795963903788,0.13434027777777777
2019-01-08,0.17945,31,0.19,80,0.010550000000000004,,,,0.23847133048003577,0.1347811507936508
2019-01-09,0.17300000000000001,30,0.18485000000000001,99,0.01185,,,,0.3284229929133271,0.1351781746031746
2019-01-10,0.16870000000000002,29,0.18155,98,0.012849999999999973,,,,0.39783377437829537,0.13554107142857144
2019-01-11,0.15595,28,0.175,97,0.019049999999999984,,,,0.8187522720246294,0.1358565476190476
2019-01-14,0.16315000000000002,32,0.1759,94,0.012749999999999984,,,,0.39147746516962056,0.1362013888888889
2019-01-15,0.15055000000000002,31,0.16515000000000002,93,0.014600000000000002,,,,0.5174927189195173,0.1364845238095238
2019-01-16,0.1499,30,0.16465000000000002,92,0.014750000000000013,,,,0.5253809746324012,0.1366970238095238
2019-01-17,0.1432,29,0.16135,91,0.01815,,,,0.7535835597126479,0.13690079365079366
2019-01-18,0.14375,28,0.15995,90,0.01620000000000002,,,,0.6195864490308869,0.13709603174603174
2019-01-22,0.1711,31,0.17745,86,0.0063499999999999945,,,,-0.045495256059938455,0.13743710317460317
2019-01-23,0.16335,30,0.17270000000000002,85,0.009350000000000025,,,,0.15923040391185228,0.1377375
2019-01-24,0.15195,29,0.16570000000000001,84,0.013750000000000012,,,,0.45748841501143683,0.1379904761904762
2019-01-25,0.1457,28,0.16115000000000002,95,0.01545000000000002,,,,0.5712986965550445,0.13819345238095238
2019-01-28,0.15655000000000002,31,0.1678,92,0.011249999999999982,,,,0.2869292187964089,0.13843908730158733
2019-01-29,0.15850000000000003,30,0.16775,91,0.00924999999999998,,,,0.15357364024653453,0.13870257936507935
2019-01-30,0.14925,30,0.15875,90,0.009500000000000008,,,,0.16925625725008608,0.138846626984127
2019-01-31,0.1336,29,0.1503,89,0.016699999999999993,,,,0.6545067361583649,0.13888948412698415
2019-02-01,0.13325,28,0.1457,88,0.012449999999999989,,,,0.3660451782339561,0.13896507936507935
2019-02-04,0.12865000000000001,32,0.14165,85,0.012999999999999984,,,,0.40227935297367035,0.1390279761904762
2019-02-05,0.1263,29,0.13915,84,0.01285,,,,0.38815507736557614,0.13898353174603176
2019-02-06,0.12735000000000002,30,0.13935000000000003,83,0.01200000000000001,,,,0.32592401668388693,0.13829583333333334
2019-02-07,0.13475,29,0.14535,82,0.010599999999999998,,,,0.21670883317831177,0.13800238095238096
2019-02-08,0.13015,28,0.1464,98,0.016250000000000014,,,,0.6231921499382866,0.137809126984127
2019-02-11,0.13755,32,0.1467,95,0.009149999999999991,,,,0.09047492376388466,0.13734107142857144
2019-02-12,0.1316,31,0.1422,94,0.010599999999999998,,,,0.19101395146139824,0.13697539682539683
2019-02-13,0.132,30,0.14185,93,0.009849999999999998,,,,0.12979961618704705,0.13679265873015872
2019-02-14,0.13515,29,0.14450000000000002,92,0.009350000000000025,,,,0.08715644294582364,0.13662698412698412
2019-02-15,0.12235000000000001,28,0.13655,91,0.01419999999999999,,,,0.4528586109027095,0.1365142857142857
2019-02-19,0.1238,29,0.1355,87,0.011700000000000016,,,,0.2586678947076362,0.13641468253968253
2019-02-20,0.12115000000000001,30,0.13090000000000002,86,0.009750000000000009,,,,0.10753121296858538,0.13632083333333334
2019-02-21,0.12385000000000002,29,0.1327,85,0.008849999999999997,,,,0.03583546359399754,0.1362051587301587
2019-02-22,0.11505000000000001,28,0.12525,84,0.010199999999999987,,,,0.13525617561565573,0.13604325396825398
2019-02-25,0.121,32,0.1291,95,0.008099999999999996,,,,-0.028044913380681828,0.13593174603174604
2019-02-26,0.1256,31,0.13225,94,0.006650000000000017,,,,-0.1385168508194148,0.1359436507936508
2019-02-27,0.12265000000000001,30,0.13095,93,0.008300000000000002,,,,-0.012723022617594613,0.13594087301587301
2019-02-28,0.1235,29,0.13195,92,0.008450000000000013,,,,-0.0029500562214691208,0.1358666666666667
2019-03-01,0.11015,28,0.12380000000000001,91,0.01365000000000001,,,,0.392111547040932,0.1357095238095238
2019-03-04,0.12085000000000001,32,0.12865000000000001,88,0.007800000000000001,,,,-0.05933034336941612,0.13552896825396826
2019-03-05,0.121,31,0.12925,87,0.008250000000000007,,,,-0.02641607203461744,0.13539920634920635
2019-03-06,0.1322,30,0.13605,86,0.0038499999999999923,,,,-0.3630309100793311,0.1353621031746032
2019-03-07,0.1422,29,0.1423,85,0.00010000000000001674,,,,-0.6472991777622199,0.13538095238095238
2019-03-08,0.14225,28,0.1439,84,0.0016500000000000126,,,,-0.5258890231352946,0.13540297619047623
2019-03-11,0.12010000000000001,32,0.1292,81,0.009099999999999997,,,,0.04674102151896606,0.13537757936507938
2019-03-12,0.11395,31,0.12455000000000001,80,0.010600000000000012,,,,0.16366115720077368,0.1353876984126984
2019-03-13,0.1097,30,0.12595,100,0.01625,,,,0.5977781542100812,0.13534841269841272
2019-03-14,0.10935,29,0.1248,99,0.015449999999999992,,,,0.5373513759270911,0.1352986111111111
2019-03-15,0.10605,28,0.12335000000000002,98,0.01730000000000001,,,,0.6803904290888806,0.1352156746031746
2019-03-18,0.11135,31,0.12525,95,0.013899999999999996,,,,0.4232371691455442,0.13518551587301586
2019-03-19,0.1159,30,0.12705,94,0.011149999999999993,,,,0.21743544206053655,0.13520833333333335
2019-03-20,0.11950000000000002,29,0.1293,93,0.009799999999999975,,,,0.11380920754031235,0.1351234126984127
2019-03-21,0.11945,28,0.12795,92,0.008500000000000008,,,,0.0135547999702067,0.1350468253968254
2019-03-22,0.14945000000000003,27,0.14645000000000002,91,-0.0030000000000000027,,,,-0.8712196073611309,0.13508630952380954
2019-03-25,0.1464,32,0.14725,88,0.0008499999999999897,,,,-0.5797110139369361,0.13494404761904763
2019-03-26,0.12805,29,0.1377,87,0.009649999999999992,,,,0.09567399756344283,0.13464503968253969
2019-03-27,0.13445000000000001,30,0.1417,93,0.007249999999999979,,,,-0.09360800237432054,0.13451309523809524
2019-03-28,0.1258,29,0.13690000000000002,92,0.011100000000000027,,,,0.20300152167903424,0.13426765873015872
2019-03-29,0.1192,28,0.13325,91,0.014050000000000007,,,,0.42917136463011823,0.13398055555555557
2019-04-01,0.10715000000000001,29,0.12565,88,0.018500000000000003,,,,0.7719881299490071,0.1337281746031746
2019-04-02,0.10865,31,0.12435,87,0.015700000000000006,,,,0.5468719595597203,0.1333607142857143
2019-04-03,0.1142,30,0.1272,86,0.013000000000000012,,,,0.33001614219171616,0.13307916666666667
2019-04-04,0.11105000000000001,29,0.12415000000000001,85,0.0131,,,,0.3334353796889247,0.1328236111111111
2019-04-05,0.10375000000000001,28,0.1194,84,0.015649999999999997,,,,0.5300785746668624,0.1325906746031746
2019-04-08,0.10450000000000001,32,0.1182,81,0.01369999999999999,,,,0.3712524577217505,0.13226309523809524
2019-04-09,0.11500000000000002,31,0.12575,80,0.010749999999999982,,,,0.13294662451781145,0.13196488095238096
2019-04-10,0.1069,30,0.12460000000000002,100,0.01770000000000002,,,,0.6778703754118252,0.13169662698412699
2019-04-12,0.09705,28,0.1172,98,0.02015,,,,0.8653579373296992,0.13139444444444442
2019-04-15,0.09860000000000001,32,0.11585000000000001,95,0.01725,,,,0.6306012904474235,0.13115555555555555
2019-04-16,0.09845000000000001,31,0.1154,94,0.016949999999999993,,,,0.6036371915172193,0.13096904761904762
2019-04-17,0.1017,30,0.1179,93,0.016200000000000006,,,,0.5419780662458236,0.13084325396825397
2019-04-18,0.09985,29,0.11785000000000001,92,0.018000000000000016,,,,0.6817620348920196,0.1307611111111111
2019-04-22,0.10005,32,0.1152,88,0.015149999999999997,,,,0.4548210932274824,0.13068611111111111
2019-04-23,0.0984,31,0.113,87,0.014600000000000002,,,,0.40920180860273886,0.1305714285714286
2019-04-24,0.1049,30,0.11575000000000002,86,0.010850000000000026,,,,0.11047674808987198,0.13043968253968255
2019-04-25,0.10335,29,0.1157,85,0.01235,,,,0.2267150291316853,0.13030952380952382
2019-04-26,0.098,28,0.11645,96,0.018449999999999994,,,,0.7035443579812478,0.1300954365079365
2019-04-29,0.10135,32,0.11815,93,0.01680000000000001,,,,0.5673861349384911,0.12988511904761907
2019-04-30,0.10025,31,0.11730000000000002,92,0.01705000000000001,,,,0.5823865244745794,0.12972757936507937
2019-05-01,0.11499999999999999,30,0.12685000000000002,91,0.011850000000000027,,,,0.16949556361141194,0.129671626984127
2019-05-02,0.11365,29,0.12530000000000002,90,0.011650000000000021,,,,0.15349176767322736,0.1296013888888889
2019-05-03,0.10010000000000001,28,0.11715,89,0.017049999999999996,,,,0.5795529838003145,0.12948968253968254
2019-05-06,0.12385000000000002,32,0.12940000000000002,86,0.005549999999999999,,,,-0.33134412791554574,0.12945099206349206
2019-05-07,0.16920000000000002,31,0.15655000000000002,85,-0.012649999999999995,,,,-1.7562552414960508,0.12959047619047617
2019-05-08,0.16870000000000002,30,0.15495,84,-0.013750000000000012,,,,-1.8223754406053194,0.12977857142857144
2019-05-09,0.1696,29,0.1542,83,-0.015399999999999997,,,,-1.9286099987784335,0.1299638888888889
2019-05-10,0.14205,28,0.1416,98,-0.00045000000000000595,,,,-0.7626003692883627,0.1300486111111111
2019-05-13,0.18045,32,0.1665,95,-0.01394999999999999,,,,-1.79030567028462,0.13032420634920636
2019-05-14,0.1629,31,0.1572,94,-0.005699999999999983,,,,-1.1453464275966296,0.13055615079365082
2019-05-15,0.14634999999999998,30,0.14800000000000002,93,0.0016500000000000403,,,,-0.5748457214393422,0.13074662698412698
2019-05-16,0.13215,29,0.13835,92,0.006200000000000011,,,,-0.2236543949215616,0.13085496031746033
2019-05-17,0.14065,28,0.14335,91,0.002700000000000008,,,,-0.49092992287945053,0.13096408730158732
2019-05-20,0.14975,32,0.14850000000000002,88,-0.0012499999999999734,,,,-0.7902774206649051,0.13113492063492063
2019-05-21,0.13535000000000003,31,0.13935000000000003,87,0.0040000000000000036,,,,-0.3847047772068664,0.13125456349206352
2019-05-22,0.13095,30,0.1376,86,0.006649999999999989,,,,-0.17958564698723362,0.1313496031746032
2019-05-23,0.15265,29,0.1523,85,-0.00035000000000001696,,,,-0.713071878017073,0.13155178571428575
2019-05-24,0.14625,28,0.1483,84,0.0020499999999999963,,,,-0.5261720120246917,0.131715873015873
2019-05-28,0.16335,31,0.1574,94,-0.005949999999999983,,,,-1.1311162213683272,0.1319833333333333
2019-05-29,0.1675,30,0.16115000000000002,93,-0.0063499999999999945,,,,-1.1527258748274625,0.1322763888888889
2019-05-30,0.16025,29,0.15855000000000002,92,-0.0016999999999999793,,,,-0.792514813319459,0.132521626984127
2019-05-31,0.1746,28,0.16765000000000002,91,-0.006949999999999984,,,,-1.186344657342515,0.13270654761904763
2019-06-03,0.17725000000000002,32,0.16875,88,-0.008500000000000008,,,,-1.2938339730795734,0.13296924603174604
2019-06-04,0.15860000000000002,31,0.15510000000000002,87,-0.003500000000000003,,,,-0.9084517570979197,0.13315416666666668
2019-06-05,0.14795,30,0.14850000000000002,86,0.0005500000000000227,,,,-0.5971454096892705,0.1333375
2019-06-06,0.14455,29,0.1464,85,0.0018499999999999905,,,,-0.4940321573662746,0.1335400793650794
2019-06-07,0.1436,28,0.14625,84,0.0026499999999999857,,,,-0.4289039543304669,0.13374007936507937
2019-06-10,0.1393,32,0.1419,81,0.002599999999999991,,,,-0.4279951810773504,0.13395059523809524
2019-06-11,0.1413,31,0.14355,80,0.002250000000000002,,,,-0.45011618659244995,0.1341559523809524
2019-06-12,0.1416,30,0.14585,100,0.004250000000000004,,,,-0.2941267734132799,0.13436884920634923
2019-06-13,0.1426,29,0.14485,99,0.002250000000000002,,,,-0.4425794802359324,0.13456488095238095
2019-06-14,0.13735000000000003,28,0.14345000000000002,98,0.006099999999999994,,,,-0.14605160850673202,0.13476765873015872
2019-06-17,0.13795000000000002,32,0.14325,95,0.005299999999999971,,,,-0.20295184368328625,0.1349404761904762
2019-06-18,0.13190000000000002,29,0.14090000000000003,94,0.009000000000000008,,,,0.0841871112254413,0.13511666666666666
2019-06-19,0.12395,30,0.13545000000000001,93,0.01150000000000001,,,,0.28023443305775225,0.13526289682539683
2019-06-20,0.12605,29,0.13574999999999998,92,0.009699999999999986,,,,0.14517236533375233,0.13539345238095238
2019-06-21,0.13055,28,0.13990000000000002,91,0.009350000000000025,,,,0.12081991081844806,0.13551468253968255
2019-06-24,0.13340000000000002,32,0.13815,88,0.0047499999999999765,,,,-0.22997677895525492,0.13565714285714287
2019-06-25,0.14340000000000003,31,0.14555,87,0.0021499999999999853,,,,-0.42720967314216657,0.13579126984126985
2019-06-26,0.14125,30,0.14590000000000003,86,0.004650000000000043,,,,-0.2313795446043222,0.13594345238095237
2019-06-27,0.13705,29,0.14275,85,0.005699999999999983,,,,-0.15169094823679152,0.1359513888888889
2019-06-28,0.1324,28,0.137,94,0.004600000000000021,,,,-0.23512137604744276,0.1359823412698413
2019-07-01,0.1169,30,0.12755,91,0.010649999999999993,,,,0.22780149255326096,0.135875
2019-07-02,0.10930000000000001,31,0.1194,90,0.010099999999999998,,,,0.18344257364538147,0.13578313492063493
2019-07-03,0.10414999999999999,30,0.11545,89,0.011300000000000004,,,,0.27559191656985194,0.13571150793650794
2019-07-05,0.10750000000000001,28,0.1178,87,0.01029999999999999,,,,0.19937471742497317,0.13567996031746032
2019-07-08,0.11585000000000001,32,0.123,84,0.00714999999999999,,,,-0.04294282132987225,0.13564107142857143
2019-07-09,0.11675,29,0.12475000000000001,83,0.008000000000000007,,,,0.0231559681819579,0.13565039682539684
2019-07-10,0.10945,30,0.1211,82,0.011649999999999994,,,,0.30624430765785654,0.1356843253968254
2019-07-11,0.1057,29,0.11760000000000001,81,0.011900000000000008,,,,0.33272650122830666,0.13574900793650793
2019-07-12,0.1009,28,0.12085000000000001,98,0.01995000000000001,,,,0.9594464071588332,0.1357811507936508
2019-07-15,0.1029,32,0.12215000000000001,95,0.019250000000000003,,,,0.9053190317712573,0.13579027777777777
2019-07-16,0.10385,31,0.12365000000000001,94,0.019800000000000012,,,,0.9497225978313323,0.1358402777777778
2019-07-17,0.1145,30,0.12995,93,0.015450000000000005,,,,0.6151492572502893,0.13594166666666668
2019-07-18,0.10835,29,0.1262,92,0.017850000000000005,,,,0.8032845019585885,0.13600694444444447
2019-07-19,0.11595,28,0.13095,91,0.015000000000000013,,,,0.5839088632361993,0.13612261904761905
2019-07-22,0.1136,32,0.12715,88,0.013550000000000006,,,,0.47410775897301344,0.13623968253968255
2019-07-23,0.10215,31,0.12060000000000001,87,0.018450000000000008,,,,0.858087353716007,0.13627797619047619
2019-07-24,0.09840000000000002,30,0.11800000000000001,86,0.019599999999999992,,,,0.9487143522206395,0.13630813492063493
2019-07-25,0.10685,29,0.12400000000000001,85,0.017150000000000012,,,,0.7569383074748176,0.13636587301587302
2019-07-26,0.09755,28,0.11710000000000001,84,0.019550000000000012,,,,0.9434797206866558,0.13639722222222223
2019-07-29,0.1037,32,0.1237,94,0.020000000000000004,,,,0.9765046298923434,0.13646765873015873
2019-07-30,0.11495,31,0.12945,93,0.014500000000000013,,,,0.5474201386640466,0.13657698412698413
2019-07-31,0.1325,30,0.14035000000000003,92,0.007850000000000024,,,,0.030742578833135182,0.13673928571428573
2019-08-01,0.1558,29,0.15425,91,-0.0015499999999999958,,,,-0.7007495771843133,0.13694404761904763
2019-08-02,0.15605000000000002,28,0.15475,90,-0.0013000000000000234,,,,-0.6756486701806795,0.13719682539682543
2019-08-05,0.21935000000000002,32,0.19505,87,-0.024300000000000016,,,,-2.436821484169998,0.13769027777777781
2019-08-06,0.17875000000000002,31,0.17375000000000002,86,-0.0050000000000000044,,,,-0.9348184451624956,0.13805416666666667
2019-08-07,0.17545,30,0.17250000000000001,85,-0.0029499999999999804,,,,-0.7695198398580297,0.13842996031746033
2019-08-08,0.1433,29,0.15275,84,0.009449999999999986,,,,0.19647971961292016,0.138680753968254
2019-08-09,0.15565,28,0.16010000000000002,83,0.0044500000000000095,,,,-0.18663123205434456,0.1389843253968254
2019-08-12,0.18825,32,0.1795,95,-0.008750000000000008,,,,-1.2075061182244298,0.13942142857142856
2019-08-13,0.15495,31,0.16005000000000003,94,0.005100000000000021,,,,-0.12203911210210544,0.13971250000000002
2019-08-14,0.2043,30,0.19140000000000001,93,-0.012899999999999995,,,,-1.5166904743033442,0.1401501984126984
2019-08-15,0.1962,29,0.18765,92,-0.008550000000000002,,,,-1.1951487089742792,0.14034067460317462
2019-08-16,0.16210000000000002,31,0.17255,91,0.010449999999999987,,,,0.30860892422354624,0.1406160714285714
2019-08-19,0.1497,32,0.15950000000000003,88,0.009800000000000031,,,,0.25945661048509455,0.14079484126984126
2019-08-20,0.15875,31,0.16435,87,0.005599999999999994,,,,-0.06848257199577058,0.14104841269841267
2019-08-21,0.14395000000000002,30,0.1557,86,0.011749999999999983,,,,0.42540220933108785,0.14127281746031747
2019-08-22,0.1489,29,0.1584,85,0.009500000000000008,,,,0.2501419674307186,0.1415093253968254
2019-08-23,0.1837,31,0.18320000000000003,84,-0.0004999999999999727,,,,-0.5430696851185057,0.14188809523809523
2019-08-26,0.17870000000000003,32,0.17515,95,-0.0035500000000000254,,,,-0.7808043301665891,0.14224623015873014
2019-08-27,0.18570000000000003,29,0.18095,94,-0.004750000000000032,,,,-0.8700924809622781,0.1426313492063492
2019-08-28,0.1748,30,0.17410000000000003,93,-0.0006999999999999784,,,,-0.5384488939878052,0.14299007936507938
2019-08-29,0.15565,29,0.16395,92,0.008300000000000002,,,,0.19328320866695822,0.1432623015873016
2019-08-30,0.15885,31,0.16455000000000003,91,0.005700000000000038,,,,-0.01117666990550044,0.1435505952380952
2019-09-03,0.17195000000000002,31,0.1716,87,-0.00035000000000001696,,,,-0.4978289606045845,0.14388373015873018
2019-09-04,0.1497,30,0.15855000000000002,86,0.008850000000000025,,,,0.2581413174682812,0.14409722222222224
2019-09-05,0.1322,29,0.14645,85,0.014249999999999985,,,,0.7052336706016605,0.14426626984126983
2019-09-06,0.12065000000000001,31,0.1419,84,0.02124999999999999,,,,1.279124113242998,0.14437281746031744
2019-09-09,0.12605,32,0.14165,81,0.015600000000000003,,,,0.8173194946330358,0.14448234126984125
2019-09-10,0.12525,31,0.14075,80,0.015499999999999986,,,,0.8098216394399419,0.1445638888888889
2019-09-11,0.1199,30,0.1439,100,0.023999999999999994,,,,1.5023998263699068,0.14461646825396826
2019-09-12,0.1147,29,0.14015,99,0.02545,,,,1.612889584708281,0.14466626984126985
2019-09-13,0.10835,31,0.13905,98,0.030700000000000005,,,,2.0275072772666296,0.1447277777777778
2019-09-16,0.1232,32,0.14445,95,0.02124999999999999,,,,1.2647686531985878,0.14485734126984126
2019-09-17,0.1203,31,0.14325,94,0.022949999999999984,,,,1.4086062984431538,0.1449956349206349
2019-09-18,0.11625,30,0.14175000000000001,93,0.02550000000000001,,,,1.6202326153150195,0.14512936507936508
2019-09-19,0.11575,29,0.1417,92,0.025949999999999987,,,,1.6493664343612147,0.1452077380952381
2019-09-20,0.12735,31,0.15055000000000002,91,0.023200000000000026,,,,1.4232612972947245,0.145346626984127
2019-09-23,0.12435000000000002,28,0.1494,88,0.02504999999999999,,,,1.573864483243403,0.14550634920634922
2019-09-24,0.1477,31,0.15935,87,0.011649999999999994,,,,0.48721523644616804,0.14575496031746032
2019-09-25,0.1393,30,0.1543,86,0.014999999999999986,,,,0.7665254349458752,0.14597539682539684
2019-09-26,0.13795000000000002,29,0.15405000000000002,85,0.016100000000000003,,,,0.859090967706932,0.14616488095238095
2019-09-27,0.1483,31,0.16165000000000002,95,0.013350000000000029,,,,0.6360237725781148,0.1463876984126984
2019-09-30,0.14300000000000002,31,0.15355000000000002,92,0.010550000000000004,,,,0.40868003758514376,0.14657738095238096
2019-10-01,0.16605,30,0.1671,91,0.0010499999999999954,,,,-0.36868362275770755,0.1468813492063492
2019-10-02,0.1915,30,0.18315,90,-0.008349999999999996,,,,-1.137806739792518,0.1472998015873016
2019-10-03,0.18,29,0.17475000000000002,89,-0.005249999999999977,,,,-0.8739847321641585,0.14766865079365082
2019-10-04,0.1506,31,0.1588,88,0.008199999999999985,,,,0.24953328136969144,0.14791408730158728
2019-10-07,0.1569,28,0.16160000000000002,85,0.00470000000000001,,,,-0.03720083061269458,0.1481859126984127
2019-10-08,0.18825000000000003,29,0.18015,84,-0.008100000000000024,,,,-1.1003913411984099,0.14850873015873017
2019-10-09,0.17075,30,0.16835,83,-0.0024000000000000132,,,,-0.619455825199811,0.1487371031746032
2019-10-10,0.16090000000000002,29,0.1619,82,0.0009999999999999731,,,,-0.3356155981825488,0.14886865079365078
2019-10-11,0.13690000000000002,31,0.1519,98,0.014999999999999986,,,,0.8284586761989932,0.14890218253968257
2019-10-14,0.12940000000000002,32,0.14595000000000002,95,0.01655000000000001,,,,0.9534001204278181,0.14868769841269844
2019-10-15,0.1147,29,0.13795000000000002,94,0.02325000000000002,,,,1.5278880696851795,0.14829087301587301
2019-10-16,0.12055,30,0.1388,93,0.018250000000000002,,,,1.0927081375475014,0.14806170634920637
2019-10-17,0.11815,29,0.13720000000000002,92,0.01905000000000001,,,,1.1532260866528479,0.14783690476190475
2019-10-18,0.12295,31,0.14,91,0.01705000000000001,,,,0.9732519759172407,0.14775476190476194
2019-10-21,0.1174,28,0.13365,88,0.016249999999999987,,,,0.8976064102232113,0.1476498015873016
2019-10-22,0.12035,29,0.13585,87,0.0155,,,,0.8261435489150315,0.14746964285714287
2019-10-23,0.12090000000000001,30,0.13490000000000002,86,0.014000000000000012,,,,0.690713650797122,0.1472922619047619
2019-10-24,0.11525,29,0.13155,85,0.016299999999999995,,,,0.8829165906447282,0.14710575396825398
2019-10-25,0.10435,31,0.1266,84,0.022249999999999992,,,,1.38451027729211,0.1468436507936508
2019-10-28,0.10685,32,0.12985000000000002,95,0.02300000000000002,,,,1.445326240265063,0.14643035714285718
2019-10-29,0.10995,29,0.13065000000000002,94,0.02070000000000001,,,,1.2397386394010301,0.1460779761904762
2019-10-30,0.1005,30,0.12735000000000002,93,0.026850000000000013,,,,1.7730626508813108,0.14563373015873018
2019-10-31,0.1052,29,0.1295,92,0.024300000000000002,,,,1.5422437157207702,0.14522123015873017
2019-11-01,0.09645000000000001,31,0.12325,91,0.02679999999999999,,,,1.7510086663769995,0.1448029761904762
2019-11-04,0.1032,32,0.1242,88,0.021000000000000005,,,,1.226613164143449,0.14449226190476192
2019-11-05,0.1048,29,0.1276,87,0.022799999999999987,,,,1.3743790035701395,0.14425337301587304
2019-11-06,0.10400000000000001,30,0.1257,86,0.021699999999999997,,,,1.2670890933390646,0.14398869047619048
2019-11-07,0.10325000000000001,29,0.126,85,0.022749999999999992,,,,1.3477750690054127,0.14371924603174605
2019-11-08,0.0976,31,0.1254,84,0.027800000000000005,,,,1.771705420011503,0.14343710317460318
2019-11-11,0.10815000000000001,32,0.12545,81,0.017299999999999996,,,,0.8512037828524756,0.14332003968253967
2019-11-12,0.1086,31,0.12585000000000002,80,0.017250000000000015,,,,0.8424309992251156,0.1432079365079365
2019-11-13,0.1104,30,0.13215,100,0.02174999999999999,,,,1.225416572114024,0.14307123015873016
2019-11-14,0.10665,29,0.1301,99,0.02345,,,,1.3617002558452638,0.14279642857142857
2019-11-15,0.09625,31,0.12405000000000001,98,0.027800000000000005,,,,1.7209310071868413,0.1424871031746032
2019-11-18,0.1048,32,0.125,95,0.020199999999999996,,,,1.0563460059335517,0.1421720238095238
2019-11-19,0.1028,29,0.12675,94,0.02395,,,,1.368188467164036,0.14189047619047618
2019-11-20,0.10645000000000002,30,0.1286,93,0.022149999999999975,,,,1.2039355445473738,0.14167440476190477
2019-11-21,0.11235,29,0.13235000000000002,92,0.020000000000000018,,,,1.0112385059414561,0.1413936507936508
2019-11-22,0.10265,31,0.12830000000000003,91,0.02565000000000002,,,,1.4834723703585866,0.14100694444444445
2019-11-25,0.09775,32,0.12245,88,0.0247,,,,1.3896515162822314,0.14066150793650797
2019-11-26,0.0941,31,0.12040000000000001,87,0.026300000000000004,,,,1.512847773205193,0.14026468253968252
2019-11-27,0.09480000000000001,30,0.1227,93,0.027899999999999994,,,,1.6351207055864203,0.13997837301587301
2019-11-29,0.10275000000000001,31,0.1278,91,0.02504999999999999,,,,1.3809617481416536,0.1397138888888889
2019-12-02,0.12745,29,0.14095000000000002,88,0.013500000000000012,,,,0.39886070268352547,0.1395670634920635
2019-12-03,0.1409,31,0.14950000000000002,87,0.008600000000000024,,,,-0.01969894697695706,0.13946091269841268
2019-12-04,0.12805,30,0.14250000000000002,86,0.014450000000000018,,,,0.47262884897266105,0.1393329365079365
2019-12-05,0.12685000000000002,29,0.1394,85,0.012549999999999978,,,,0.30974283024727045,0.1392718253968254
2019-12-06,0.1086,31,0.1307,84,0.02210000000000001,,,,1.1112800240454388,0.13897956349206347
2019-12-09,0.1274,32,0.13824999999999998,81,0.01084999999999997,,,,0.15229498409175043,0.13875535714285717
2019-12-10,0.12835000000000002,29,0.1405,80,0.012149999999999994,,,,0.2561318289945728,0.13843194444444445
2019-12-11,0.12405000000000001,30,0.14290000000000003,100,0.01885000000000002,,,,0.8229965482840268,0.13812539682539685
2019-12-12,0.11085,29,0.1333,99,0.022449999999999998,,,,1.1226368579851993,0.13779563492063496
2019-12-13,0.09525,31,0.1269,98,0.03165000000000001,,,,1.8881972794513244,0.1374184523809524
2019-12-16,0.09440000000000001,32,0.12254999999999999,95,0.02814999999999998,,,,1.5758836074756988,0.13707599206349208
2019-12-17,0.09265000000000001,29,0.12335,94,0.03069999999999999,,,,1.7730563220989202,0.1366886904761905
2019-12-18,0.09834999999999999,30,0.1252,93,0.026850000000000013,,,,1.4369799920316337,0.13621646825396824
2019-12-19,0.09245,29,0.12185000000000001,92,0.02940000000000001,,,,1.6373829184532285,0.13570654761904763
2019-12-20,0.0937,28,0.12365000000000001,91,0.029950000000000004,,,,1.668492088967476,0.1352075396825397
2019-12-23,0.093,29,0.12505,88,0.032049999999999995,,,,1.840733637114278,0.13457916666666667
2019-12-24,0.09640000000000001,31,0.12575,87,0.029349999999999987,,,,1.631658590044543,0.13389146825396828
2019-12-26,0.0971,29,0.12465000000000001,85,0.027550000000000005,,,,1.5294349097200868,0.13304404761904762
2019-12-27,0.10225000000000001,31,0.12975,95,0.027499999999999997,,,,1.549303841733356,0.13237797619047617
2019-12-30,0.12330000000000002,32,0.13825,92,0.014949999999999991,,,,0.36024459787071605,0.1317934523809524
2019-12-31,0.10969999999999999,29,0.13075,91,0.021050000000000013,,,,0.9560383790629023,0.13122738095238098
2020-01-02,0.09915,29,0.12285000000000001,89,0.023700000000000013,,,,1.2122021294366938,0.1307361111111111
2020-01-03,0.11615,31,0.1337,88,0.01755000000000001,,,,0.5928554068674469,0.1303827380952381
2020-01-06,0.1086,28,0.13,85,0.021400000000000002,,,,0.9729542184738614,0.12989067460317463
2020-01-07,0.1129,29,0.13010000000000002,84,0.01720000000000002,,,,0.5449266049970918,0.12955932539682538
2020-01-08,0.11375,30,0.1275,83,0.013749999999999998,,,,0.1942734381369036,0.1292527777777778
2020-01-09,0.1015,29,0.12065000000000001,82,0.01915,,,,0.7348104825873715,0.12894345238095237
2020-01-10,0.09965,31,0.12250000000000001,98,0.02285000000000001,,,,1.1005994119424178,0.12865238095238096
2020-01-13,0.10165,32,0.12030000000000002,95,0.018650000000000014,,,,0.675456513283594,0.12838630952380953
2020-01-14,0.10335,29,0.1217,94,0.018350000000000005,,,,0.6457267416063467,0.12817757936507937
2020-01-15,0.10200000000000001,30,0.12029999999999999,93,0.018299999999999983,,,,0.6379801813785756,0.12793492063492065
2020-01-16,0.0976,29,0.11674999999999999,92,0.019149999999999986,,,,0.7208416937785715,0.12772480158730162
2020-01-17,0.0965,28,0.11560000000000001,91,0.019100000000000006,,,,0.7134802690637785,0.12751289682539685
2020-01-21,0.10425000000000001,29,0.12055,87,0.016299999999999995,,,,0.4338194991604495,0.12735833333333335
2020-01-22,0.10765,30,0.12155,86,0.01390000000000001,,,,0.19421182697226566,0.12721507936507936
2020-01-23,0.10765000000000001,29,0.12045,85,0.012799999999999992,,,,0.08139983714103399,0.12696329365079367
2020-01-24,0.12075,31,0.13105,84,0.010300000000000004,,,,-0.16982096030781735,0.12679424603174602
2020-01-27,0.15685000000000002,28,0.1534,94,-0.0034500000000000086,,,,-1.5354477710105485,0.12681369047619048
2020-01-28,0.14250000000000002,31,0.14245000000000002,93,-0.00004999999999999449,,,,-1.1866799930417697,0.12680099206349207
2020-01-29,0.14265,30,0.1431,92,0.00045000000000000595,,,,-1.1297172047517114,0.12674583333333334
2020-01-30,0.13635,29,0.1393,91,0.002950000000000008,,,,-0.8775907625920758,0.1266579365079365
2020-01-31,0.15835000000000002,31,0.15535,90,-0.0030000000000000304,,,,-1.4569585771840368,0.12669404761904762
2020-02-03,0.14955000000000002,28,0.14945000000000003,87,-0.00009999999999998899,,,,-1.161239747212529,0.12675734126984126
2020-02-04,0.1375,29,0.13545000000000001,86,-0.0020499999999999963,,,,-1.3429609882620048,0.12677420634920636
2020-02-05,0.12930000000000003,30,0.1296,85,0.00029999999999996696,,,,-1.1044962545542099,0.12677678571428572
2020-02-06,0.12165000000000001,29,0.12435000000000002,84,0.002700000000000008,,,,-0.8640886412782494,0.12675833333333333
2020-02-07,0.1278,31,0.13025,83,0.0024500000000000077,,,,-0.883465267738403,0.12676011904761905
2020-02-10,0.12490000000000001,28,0.1293,95,0.004399999999999987,,,,-0.6898956998625934,0.12672103174603175
2020-02-11,0.12485000000000002,31,0.12890000000000001,94,0.004049999999999998,,,,-0.7189031675232533,0.1267
2020-02-12,0.11225,30,0.1228,93,0.010550000000000004,,,,-0.08536502010479022,0.12659960317460317
2020-02-13,0.11665,29,0.12695,92,0.010300000000000004,,,,-0.10963766765164173,0.1265402777777778
2020-02-14,0.10935,31,0.1237,91,0.014350000000000002,,,,0.2837016214006519,0.12645039682539683
2020-02-18,0.12135,31,0.1282,87,0.006850000000000009,,,,-0.4467981339254038,0.12639563492063494
2020-02-19,0.115,30,0.12390000000000001,86,0.008900000000000005,,,,-0.24484365935636765,0.12636646825396827
2020-02-20,0.12675,29,0.131,85,0.004250000000000004,,,,-0.6947558706770431,0.1263781746031746
2020-02-21,0.14235000000000003,31,0.14195000000000002,84,-0.00040000000000001146,,,,-1.140936105205622,0.1264623015873016
2020-02-24,0.21540000000000004,32,0.18105000000000002,95,-0.03435000000000002,,,,-4.260320641798453,0.12682559523809525
2020-02-25,0.24635,31,0.20375000000000001,94,-0.0426,,,,-4.778527661345792,0.12734662698412696
2020-02-26,0.244,30,0.203,93,-0.04099999999999998,,,,-4.433685509447727,0.12783472222222222
2020-02-27,0.3355,29,0.2603,92,-0.07520000000000004,,,,-6.655320314563506,0.12866765873015873
2020-02-28,0.3773,31,0.27605,91,-0.10125,,,,-7.586224772428206,0.12967817460317463
2020-03-02,0.28205,29,0.24,88,-0.04205000000000003,,,,-3.450712986695465,0.13030734126984128
2020-03-03,0.33645,31,0.271,87,-0.06545000000000001,,,,-4.756596163546126,0.13120535714285714
2020-03-04,0.26775,30,0.2329,86,-0.03484999999999999,,,,-2.7606414988152497,0.13178829365079364
2020-03-05,0.3508,29,0.2914,85,-0.05940000000000001,,,,-4.129715102935007,0.1327001984126984
2020-03-06,0.36750000000000005,31,0.32205,84,-0.045450000000000046,,,,-3.208783502582585,0.13363392857142858
2020-03-09,0.49245000000000005,31,0.41400000000000003,81,-0.07845000000000002,,,,-4.890717004645243,0.13502380952380952
2020-03-10,0.42145,30,0.37115,80,-0.05030000000000001,,,,-3.2281364250888864,0.13613174603174602
2020-03-11,0.5004000000000001,29,0.40685000000000004,100,-0.09355000000000002,,,,-5.267512491017362,0.13764087301587302
2020-03-12,0.7258,28,0.5252,99,-0.2006,,,,-8.907394349999155,0.1400688492063492
2020-03-13,0.50915,31,0.4275,98,-0.08165,,,,-3.686056454562285,0.14165396825396825
2020-03-16,0.78135,32,0.6291500000000001,95,-0.1521999999999999,,,,-6.093257777642609,0.14432063492063493
2020-03-17,0.6742000000000001,29,0.5677000000000001,94,-0.10650000000000004,,,,-4.163874624354488,0.14657519841269842
2020-03-18,0.74175,30,0.63415,93,-0.10760000000000003,,,,-4.048072840027542,0.1490767857142857
2020-03-19,0.661,29,0.5626500000000001,92,-0.09834999999999994,,,,-3.603106324340212,0.15123988095238097
2020-03-20,0.5807,31,0.5153,91,-0.06540000000000001,,,,-2.411445993871953,0.15307003968253968
2020-03-23,0.5608,28,0.44780000000000003,88,-0.11299999999999993,,,,-3.915127756816744,0.15482142857142858
2020-03-24,0.546,31,0.4154,87,-0.13060000000000005,,,,-4.317732959129424,0.1563950396825397
2020-03-25,0.5808,30,0.44815000000000005,86,-0.13264999999999993,,,,-4.209216132681185,0.1581188492063492
2020-03-26,0.5313,29,0.4063,85,-0.125,,,,-3.837037976869166,0.15971904761904762
2020-03-27,0.5664,31,0.43620000000000003,95,-0.13019999999999998,,,,-3.857354210655882,0.16143313492063494
2020-03-30,0.48385,31,0.4023,92,-0.08155000000000001,,,,-2.3966017281968286,0.16285396825396825
2020-03-31,0.4499,30,0.3876,91,-0.06230000000000002,,,,-1.819781069917713,0.16416626984126986
2020-04-01,0.5163,30,0.43855,90,-0.07774999999999999,,,,-2.231096359743994,0.16578988095238095
2020-04-02,0.45990000000000003,29,0.40465000000000007,89,-0.055249999999999966,,,,-1.575756747206907,0.16718373015873017
2020-04-03,0.41705000000000003,31,0.38815,88,-0.028900000000000037,,,,-0.8240563728451172,0.16838551587301587
2020-04-06,0.38560000000000005,32,0.35085,85,-0.03475000000000006,,,,-0.98249980801861,0.16947500000000001
2020-04-07,0.4072,31,0.36315,84,-0.044050000000000034,,,,-1.2350992319344385,0.17067916666666666
2020-04-08,0.3751,30,0.34730000000000005,83,-0.027799999999999936,,,,-0.7721682317571182,0.1717529761904762
2020-04-09,0.36840000000000006,29,0.34135000000000004,82,-0.02705000000000002,,,,-0.746159932024664,0.17275853174603176
2020-04-13,0.37085,32,0.34075,95,-0.030100000000000016,,,,-0.825866773451629,0.1738059523809524
2020-04-14,0.33,31,0.31065000000000004,94,-0.01934999999999998,,,,-0.5196159487914195,0.17473035714285715
2020-04-15,0.36375,30,0.33930000000000005,93,-0.024449999999999972,,,,-0.6579971441588922,0.1757825396825397
2020-04-16,0.3546,29,0.33665,92,-0.01795000000000002,,,,-0.47161695442136514,0.17679900793650793
2020-04-17,0.32525000000000004,31,0.3204,91,-0.004850000000000021,,,,-0.1014423980954604,0.17768611111111113
2020-04-20,0.38015,32,0.356,88,-0.024150000000000005,,,,-0.638825049259688,0.1787984126984127
2020-04-21,0.40835,31,0.38215,87,-0.0262,,,,-0.6914344942437667,0.1800218253968254
2020-04-22,0.3671,30,0.3549,86,-0.012199999999999989,,,,-0.2954889703789937,0.18108809523809527
2020-04-23,0.35860000000000003,29,0.35215,85,-0.006450000000000011,,,,-0.1321278606827673,0.18209484126984127
2020-04-24,0.30915000000000004,28,0.3219,84,0.012749999999999984,,,,0.4070757815465021,0.18291150793650796
2020-04-27,0.27075000000000005,29,0.2928,95,0.02204999999999996,,,,0.6677056932948042,0.1835970238095238
2020-04-28,0.2881,31,0.3032,94,0.015100000000000002,,,,0.4727925332569178,0.18433809523809525
2020-04-29,0.25670000000000004,30,0.27655,93,0.01984999999999998,,,,0.6057595880125418,0.18495892857142857
2020-04-30,0.28090000000000004,29,0.28650000000000003,92,0.005599999999999994,,,,0.2064095451259588,0.1856172619047619
2020-05-01,0.31670000000000004,31,0.31615000000000004,91,-0.0005499999999999949,,,,0.03507356181108188,0.1864230158730159
2020-05-04,0.30795000000000006,32,0.3086,88,0.0006499999999999284,,,,0.07064863286379063,0.18724781746031746
2020-05-05,0.28885,31,0.3025,87,0.013649999999999995,,,,0.43499036542165975,0.1879025793650794
2020-05-06,0.29495000000000005,30,0.30210000000000004,86,0.00714999999999999,,,,0.25016490387880064,0.18840158730158732
2020-05-07,0.27075000000000005,29,0.28200000000000003,85,0.011249999999999982,,,,0.36257035698402673,0.18880654761904764
2020-05-08,0.22870000000000001,31,0.26145,84,0.03275,,,,0.9598225946358159,0.18904107142857143
2020-05-11,0.23215000000000002,32,0.24995,81,0.017799999999999983,,,,0.5380640706589542,0.18939861111111114
2020-05-12,0.27995000000000003,31,0.28675000000000006,80,0.006800000000000028,,,,0.22736620125941856,0.1897934523809524
2020-05-13,0.3087,30,0.3024,100,-0.006299999999999972,,,,-0.13992156448787557,0.1903720238095238
2020-05-14,0.2843,29,0.28625,99,0.0019500000000000073,,,,0.09139275094582663,0.19091944444444445
2020-05-15,0.26775,31,0.27995000000000003,98,0.012200000000000044,,,,0.3780819673475859,0.1914575396825397
2020-05-18,0.24545000000000003,32,0.2542,95,0.008749999999999952,,,,0.2806455116526718,0.1918734126984127
2020-05-19,0.2563,29,0.26415,94,0.007850000000000024,,,,0.25437072811017275,0.19229623015873018
2020-05-20,0.23865000000000003,30,0.2489,93,0.010249999999999981,,,,0.3208933491883116,0.1927061507936508
2020-05-21,0.25105,29,0.2601,92,0.009050000000000002,,,,0.28697737575929516,0.19318273809523812
2020-05-22,0.2343,31,0.25505,91,0.02074999999999999,,,,0.6120387888825971,0.19350674603174603
2020-05-26,0.23670000000000002,31,0.24770000000000003,87,0.01100000000000001,,,,0.3379550389357472,0.1938656746031746
2020-05-27,0.2267,30,0.2361,86,0.009399999999999992,,,,0.2914177983135967,0.19411706349206348
2020-05-28,0.2376,29,0.24365000000000003,95,0.006050000000000028,,,,0.1962605082629153,0.1943952380952381
2020-05-29,0.2267,31,0.23985,94,0.013149999999999995,,,,0.3932272081465686,0.19465892857142858
2020-06-01,0.22855000000000003,29,0.24095,91,0.012399999999999967,,,,0.3700114656674819,0.19487301587301586
2020-06-02,0.21955000000000002,30,0.23215000000000002,90,0.0126,,,,0.37319471010545857,0.19504087301587303
2020-06-03,0.21195,29,0.22565000000000002,89,0.013700000000000018,,,,0.4019288400075307,0.19525257936507937
2020-06-04,0.2152,28,0.22745,88,0.012250000000000011,,,,0.35999233457432217,0.19551944444444447
2020-06-05,0.1938,31,0.20865,87,0.014850000000000002,,,,0.4310780676628503,0.19571488095238096
2020-06-08,0.20485,28,0.21050000000000002,84,0.005650000000000016,,,,0.1736411931475094,0.19595793650793653
2020-06-09,0.22985,31,0.23,83,0.00015000000000001124,,,,0.020220921314036435,0.19631726190476192
2020-06-10,0.22895000000000001,30,0.23005000000000003,82,0.0011000000000000176,,,,0.04689605972686153,0.19666507936507938
2020-06-11,0.34765,29,0.3264,81,-0.02124999999999999,,,,-0.5744812706600889,0.1974827380952381
2020-06-12,0.2944,31,0.29300000000000004,98,-0.0013999999999999568,,,,-0.019721098611701654,0.19808511904761905
2020-06-15,0.28850000000000003,32,0.28245000000000003,95,-0.00605,,,,-0.14824209870166122,0.19868492063492066
2020-06-16,0.2843,31,0.276,94,-0.008299999999999974,,,,-0.20956724672763044,0.1992656746031746
2020-06-17,0.28085000000000004,30,0.27715,93,-0.0037000000000000366,,,,-0.07970410112460795,0.19985674603174602
2020-06-18,0.2721,29,0.2742,92,0.0020999999999999908,,,,0.08335828044851568,0.20044464285714286
2020-06-19,0.27925,31,0.28465,91,0.005400000000000016,,,,0.1760489707644913,0.20105257936507936
2020-06-22,0.26145,28,0.265,88,0.0035499999999999976,,,,0.12501824885213123,0.20157202380952383
2020-06-23,0.25770000000000004,31,0.2634,87,0.005699999999999983,,,,0.18499015847744954,0.20206527777777777
2020-06-24,0.28990000000000005,30,0.28600000000000003,86,-0.0039000000000000146,,,,-0.08260111913619249,0.20264662698412697
2020-06-25,0.26760000000000006,29,0.27125,85,0.003649999999999931,,,,0.12848897053583,0.20314801587301587
2020-06-26,0.28895000000000004,31,0.2911,96,0.0021499999999999853,,,,0.0869706625706057,0.20375079365079365
2020-06-29,0.25785,28,0.27055,93,0.012699999999999989,,,,0.38081002786132306,0.20424861111111114
2020-06-30,0.24070000000000003,29,0.25275000000000003,92,0.012050000000000005,,,,0.3624749625159901,0.20473988095238096
2020-07-01,0.22960000000000003,30,0.24475000000000002,91,0.015149999999999997,,,,0.44842662141773565,0.20521726190476192
2020-07-02,0.22445,29,0.2415,90,0.017049999999999982,,,,0.5007247979227671,0.20569464285714287
2020-07-06,0.22640000000000002,32,0.23720000000000002,86,0.010800000000000004,,,,0.326137116518483,0.20616646825396828
2020-07-07,0.23870000000000002,29,0.24795,85,0.00924999999999998,,,,0.28260588752819543,0.20665396825396828
2020-07-08,0.23075,30,0.23570000000000002,84,0.00495000000000001,,,,0.1628901977863818,0.2071063492063492
2020-07-09,0.24370000000000003,29,0.24935000000000002,83,0.005649999999999988,,,,0.18313446534179678,0.2076390873015873
2020-07-10,0.22025,31,0.2419,98,0.021650000000000003,,,,0.628581618347382,0.20809365079365078
2020-07-13,0.26205,32,0.268,95,0.005950000000000011,,,,0.19199710051621227,0.20873313492063494
2020-07-14,0.2001,29,0.24914999999999998,94,0.04904999999999998,,,,1.3880208944084105,0.20911884920634924
2020-07-15,0.22625,30,0.24270000000000003,93,0.01645000000000002,,,,0.48087721630968383,0.20960456349206352
2020-07-16,0.22410000000000002,29,0.24020000000000002,92,0.016100000000000003,,,,0.47104352923976933,0.21003948412698414
2020-07-17,0.18205,31,0.23255,91,0.05050000000000002,,,,1.4203183872798488,0.21033194444444445
2020-07-20,0.19815000000000002,32,0.21955000000000002,88,0.021400000000000002,,,,0.6119291937118867,0.21065813492063495
2020-07-21,0.19945000000000002,29,0.21995000000000003,87,0.020500000000000018,,,,0.585979969725845,0.21099880952380953
2020-07-22,0.19175,30,0.2138,86,0.022049999999999986,,,,0.6284160436172911,0.21135436507936511
2020-07-23,0.20895,29,0.22515000000000002,85,0.01620000000000002,,,,0.46671456743871514,0.21179305555555555
2020-07-24,0.20495000000000002,31,0.22925,84,0.02429999999999999,,,,0.690185539857124,0.21218234126984128
2020-07-27,0.20025,32,0.22415000000000002,95,0.023900000000000005,,,,0.6784204358906939,0.21258988095238096
2020-07-28,0.20415,29,0.2358,94,0.03165000000000001,,,,0.8910142891837362,0.21298849206349207
2020-07-29,0.1916,30,0.2244,93,0.032799999999999996,,,,0.9195949701563576,0.21329265873015876
2020-07-30,0.20240000000000002,29,0.23045,92,0.028049999999999964,,,,0.7851953627093133,0.21357003968253968
2020-07-31,0.1925,31,0.23085,91,0.038349999999999995,,,,1.0628029294778916,0.21371567460317462
2020-08-03,0.19775,32,0.22210000000000002,88,0.02435000000000001,,,,0.6737168910800214,0.2138811507936508
2020-08-04,0.1892,31,0.21855000000000002,87,0.029350000000000015,,,,0.8051401054303644,0.21376150793650797
2020-08-05,0.17935,30,0.20620000000000002,86,0.026850000000000013,,,,0.7321265195766585,0.21376388888888892
2020-08-06,0.17370000000000002,29,0.2066,85,0.032899999999999985,,,,0.8930753812207458,0.21375694444444443
2020-08-07,0.1689,32,0.20675000000000002,84,0.03785000000000002,,,,1.023784510462447,0.21385853174603175
2020-08-10,0.1663,29,0.2062,81,0.03989999999999999,,,,1.0736144871680358,0.21390079365079365
2020-08-11,0.18780000000000002,29,0.2343,85,0.046499999999999986,,,,1.2442483969499303,0.21389900793650796
2020-08-12,0.172,30,0.21900000000000003,84,0.04700000000000004,,,,1.2494543579298982,0.21396666666666667
2020-08-13,0.17375000000000002,29,0.2199,83,0.04615,,,,1.2167357316216054,0.21384543650793653
2020-08-14,0.16895000000000002,31,0.22535,98,0.05639999999999998,,,,1.481040017731743,0.2137373015873016
2020-08-17,0.1604,28,0.2182,95,0.05780000000000002,,,,1.5070145498007843,0.21373055555555556
2020-08-18,0.1691,31,0.2154,94,0.04630000000000001,,,,1.1910749666685496,0.21380753968253968
2020-08-19,0.17655,30,0.22065,93,0.0441,,,,1.125240124049823,0.2138781746031746
2020-08-20,0.16935,29,0.2162,92,0.04685,,,,1.1917320939225624,0.21397896825396828
2020-08-21,0.16335,31,0.2138,91,0.050449999999999995,,,,1.2791866051010958,0.21403630952380953
2020-08-24,0.16725,32,0.2142,88,0.04694999999999999,,,,1.1779888037969677,0.21397103174603177
2020-08-25,0.1632,29,0.2142,87,0.05099999999999999,,,,1.275386316043475,0.2139095238095238
2020-08-26,0.17645,30,0.21915,86,0.042700000000000016,,,,1.0491227094818392,0.21387281746031744
2020-08-27,0.18510000000000001,29,0.22610000000000002,85,0.04100000000000001,,,,0.9980164209391428,0.2139136904761905
2020-08-28,0.1698,31,0.22225,94,0.05245,,,,1.2901006366304746,0.21396984126984128
2020-08-31,0.19205,30,0.23735,91,0.04530000000000001,,,,1.0960370079787525,0.21410158730158732
2020-09-01,0.1905,29,0.23525000000000001,90,0.04475000000000001,,,,1.074515953661594,0.21417519841269841
2020-09-02,0.20035000000000003,30,0.24409999999999998,89,0.043749999999999956,,,,1.0425958639085557,0.2143761904761905
2020-09-03,0.2545,29,0.28205,88,0.02755000000000002,,,,0.6193295763970218,0.21486150793650793
2020-09-04,0.23305,31,0.26085,87,0.02780000000000002,,,,0.6249254053758808,0.21530753968253968
2020-09-08,0.25605,29,0.272,83,0.01595000000000002,,,,0.3168610156627451,0.2158234126984127
2020-09-09,0.2343,30,0.25315,82,0.018849999999999978,,,,0.39184881115824705,0.2162561507936508
2020-09-10,0.2475,29,0.26325,81,0.015749999999999986,,,,0.3122417926647959,0.2167625
2020-09-11,0.22375,31,0.2549,98,0.03115000000000001,,,,0.7117780645880244,0.2171952380952381
2020-09-14,0.21455000000000002,28,0.2501,95,0.03554999999999997,,,,0.8253165271442904,0.21761666666666665
2020-09-15,0.21105000000000002,29,0.24750000000000003,94,0.03645000000000001,,,,0.8462656901127552,0.21796527777777777
2020-09-16,0.21405000000000002,30,0.2491,93,0.03504999999999997,,,,0.8080258445982871,0.21833730158730158
2020-09-17,0.21845,29,0.2534,92,0.03495000000000001,,,,0.8039247382201634,0.21874285714285716
2020-09-18,0.21585000000000001,31,0.2552,91,0.03934999999999997,,,,0.9156303667496904,0.21914007936507937
2020-09-21,0.24025000000000002,32,0.26890000000000003,88,0.02865000000000001,,,,0.6378632918973518,0.21958809523809525
2020-09-22,0.2272,31,0.2659,87,0.03870000000000001,,,,0.8956468541687854,0.21999623015873015
2020-09-23,0.2482,30,0.28405,86,0.03585000000000002,,,,0.8184454603629675,0.2203950396825397
2020-09-24,0.24365,29,0.28090000000000004,85,0.03725000000000003,,,,0.8512126645326804,0.220809126984127
2020-09-25,0.22105000000000002,31,0.27115,84,0.05009999999999998,,,,1.1760585917669812,0.2211388888888889
2020-09-28,0.22835,32,0.26655,94,0.03820000000000001,,,,0.8662314562156279,0.22145654761904762
2020-09-29,0.22805000000000003,29,0.26245,93,0.034399999999999986,,,,0.7653361693359642,0.2217940476190476
2020-09-30,0.22694999999999999,30,0.26165,92,0.03470000000000001,,,,0.7687095952909896,0.2220357142857143
2020-10-01,0.23005,29,0.26495,91,0.034900000000000014,,,,0.7686988937779501,0.2221886904761905
2020-10-02,0.2346,31,0.27255,90,0.03795000000000001,,,,0.8413152054006424,0.22240535714285717
2020-10-05,0.24580000000000002,30,0.2587,87,0.012899999999999967,,,,0.2003223790174723,0.22278313492063492
2020-10-06,0.25895,29,0.26525,86,0.006299999999999972,,,,0.03141619844374182,0.22318809523809524
2020-10-07,0.24915,30,0.2504,85,0.0012500000000000011,,,,-0.0986672211796238,0.22342976190476194
2020-10-08,0.2318,29,0.23815000000000003,84,0.006350000000000022,,,,0.030866801452357817,0.22367202380952383
2020-10-09,0.21265,31,0.22715000000000002,83,0.014500000000000013,,,,0.23790598500037557,0.22387738095238094
2020-10-12,0.21195000000000003,28,0.22295,95,0.010999999999999982,,,,0.14882195602268625,0.22417519841269842
2020-10-13,0.22390000000000002,29,0.22610000000000002,94,0.0022000000000000075,,,,-0.0747855943970681,0.2245501984126984
2020-10-14,0.2288,30,0.22735000000000002,93,-0.001449999999999979,,,,-0.1657008788018609,0.22500297619047618
2020-10-15,0.23420000000000002,29,0.23015000000000002,92,-0.004049999999999998,,,,-0.2299930168621499,0.22545396825396827
2020-10-16,0.23290000000000002,31,0.2331,91,0.00019999999999997797,,,,-0.11934524732415168,0.22590932539682543
2020-10-19,0.25395,28,0.248,88,-0.005950000000000011,,,,-0.2744416489720262,0.22642916666666665
2020-10-20,0.25670000000000004,29,0.24615,87,-0.010550000000000032,,,,-0.38941906195512915,0.22698194444444444
2020-10-21,0.25570000000000004,30,0.24260000000000004,86,-0.0131,,,,-0.45166566491619425,0.22751904761904765
2020-10-22,0.25015,29,0.2399,85,-0.010249999999999981,,,,-0.3762146622838357,0.22803194444444447
2020-10-23,0.23485,31,0.234,84,-0.0008499999999999897,,,,-0.1340050945997903,0.22850654761904765
2020-10-26,0.29325,28,0.26235,95,-0.030899999999999983,,,,-0.8964477965047791,0.22925615079365083
2020-10-27,0.28695000000000004,31,0.26244999999999996,94,-0.024500000000000077,,,,-0.7276301953583735,0.22997083333333335
2020-10-28,0.35115,30,0.3093,93,-0.04185,,,,-1.161718634059663,0.23092797619047617
2020-10-29,0.3218,29,0.28705,92,-0.03474999999999995,,,,-0.9733931817858769,0.2318061507936508
2020-11-03,0.29359999999999997,31,0.26380000000000003,87,-0.029799999999999938,,,,-0.841223746287064,0.23255376984126983
2020-11-05,0.23055,29,0.23095000000000002,85,0.00040000000000001146,,,,-0.07063241641164765,0.2330859126984127
2020-11-10,0.20005,29,0.20895000000000002,80,0.008900000000000019,,,,0.14694875854024803,0.2334702380952381
2020-11-12,0.20605,29,0.21365,99,0.007599999999999996,,,,0.1154449528079745,0.23387202380952382
2020-11-13,0.1899,35,0.20270000000000002,126,0.012800000000000006,,,,0.24886529779307273,0.23421289682539687
2020-11-17,0.1882,31,0.20120000000000002,94,0.013000000000000012,,,,0.2550421190442232,0.23455
2020-11-18,0.19390000000000002,30,0.2134,121,0.01949999999999999,,,,0.4217345120664582,0.23493214285714287
2020-11-19,0.1862,29,0.2022,92,0.015999999999999986,,,,0.3326371850962637,0.23524186507936506
2020-11-20,0.1885,31,0.2046,91,0.016100000000000003,,,,0.33531721190883607,0.2355589285714286
2020-11-23,0.19185000000000002,25,0.20595000000000002,116,0.014100000000000001,,,,0.2851749450524824,0.23588214285714287
2020-11-24,0.17060000000000003,30,0.19195,87,0.02134999999999998,,,,0.4703714299365667,0.2361359126984127
2020-11-25,0.16899999999999998,29,0.19020000000000004,93,0.021200000000000052,,,,0.4673857479474618,0.23642460317460318
2020-11-27,0.168,34,0.1932,112,0.0252,,,,0.5688143925265404,0.23667539682539684
2020-11-30,0.171,31,0.19180000000000003,88,0.020800000000000013,,,,0.45694561779711734,0.23694603174603174
2020-12-01,0.1671,30,0.19215,87,0.02504999999999999,,,,0.5650145714405709,0.23718670634920636
2020-12-03,0.16770000000000002,28,0.1912,85,0.023499999999999993,,,,0.5250240291254789,0.23740634920634923
2020-12-07,0.16160000000000002,24,0.19380000000000003,102,0.032200000000000006,,,,0.7459640317579689,0.2376402777777778
2020-12-08,0.16570000000000001,29,0.1852,80,0.01949999999999999,,,,0.4227721882486349,0.23790992063492067
2020-12-10,0.18175000000000002,29,0.19540000000000002,85,0.013649999999999995,,,,0.2750034882504796,0.23825773809523812
2020-12-15,0.18395,31,0.20040000000000002,94,0.01645000000000002,,,,0.34781612548468266,0.23861150793650793
2020-12-16,0.17720000000000002,30,0.1822,93,0.004999999999999977,,,,0.05752304479554385,0.23890694444444444
2020-12-17,0.17200000000000001,29,0.1916,92,0.01959999999999998,,,,0.4298409280443206,0.2390837301587302
2020-12-18,0.16885,32,0.1946,91,0.025749999999999995,,,,0.584826265976586,0.23919464285714287
2020-12-22,0.18880000000000002,31,0.20585,87,0.017049999999999982,,,,0.36243692403527156,0.23943571428571428
2020-12-29,0.16385,31,0.1993,92,0.03545000000000001,,,,0.8287542346794299,0.23958253968253967
2021-01-05,0.18925000000000003,31,0.2089,85,0.019649999999999973,,,,0.4262469068983662,0.23990257936507936
2021-01-07,0.17035,29,0.19005,83,0.019699999999999995,,,,0.4265058491400365,0.24007301587301588
2021-01-12,0.184,31,0.19665,78,0.012649999999999995,,,,0.24675053796962873,0.24029384920634922
2021-01-14,0.18235,29,0.19905,92,0.016699999999999993,,,,0.350228518467769,0.24052519841269843
2021-01-19,0.18415,38,0.20845000000000002,150,0.024300000000000016,,,,0.5437228419196803,0.24081607142857145
2021-01-20,0.17255,37,0.20105,149,0.028499999999999998,,,,0.6512388339498859,0.24112281746031747
2021-01-21,0.16620000000000001,29,0.19130000000000003,85,0.02510000000000001,,,,0.5649716119450084,0.24140773809523813
2021-01-26,0.1778,29,0.2077,94,0.029899999999999982,,,,0.6874882283650304,0.24174563492063494
2021-02-02,0.19555,31,0.21500000000000002,87,0.019450000000000023,,,,0.4219177880621938,0.2421313492063492
2021-02-04,0.17555,29,0.2033,85,0.027749999999999997,,,,0.6338928180171262,0.24246111111111113
2021-02-05,0.1749,42,0.20525000000000002,133,0.030350000000000016,,,,0.7001675041585054,0.24278333333333335
2021-02-09,0.1637,29,0.19995000000000002,80,0.036250000000000004,,,,0.8499782807084671,0.24306388888888888
2021-02-11,0.16335,29,0.20255,99,0.03920000000000001,,,,0.9234800585510426,0.2433295634920635
2021-02-18,0.17575000000000002,29,0.2041,92,0.028349999999999986,,,,0.6468677651063646,0.24364166666666667
2021-02-22,0.17855,25,0.20835,116,0.02980000000000002,,,,0.6834801839984781,0.24394444444444446
2021-02-23,0.21545000000000003,29,0.20240000000000002,87,-0.013050000000000006,,,,-0.40538353511482433,0.24431011904761904
2021-02-25,0.2363,34,0.23445,113,-0.0018500000000000183,,,,-0.11779767959759516,0.24481250000000002
2021-03-01,0.1765,30,0.2003,109,0.023800000000000016,,,,0.5358814699462896,0.24511944444444447
2021-03-02,0.1922,30,0.20415,87,0.011949999999999988,,,,0.23449204257215095,0.24542123015873019
2021-03-04,0.22815000000000002,32,0.2288,85,0.0006499999999999839,,,,-0.05146194500768785,0.24589563492063493
2021-03-09,0.1963,31,0.2025,80,0.006200000000000011,,,,0.09120392202707615,0.2462265873015873
2021-03-11,0.17225000000000001,29,0.19525,99,0.022999999999999993,,,,0.5185953610014212,0.24645873015873018
2021-03-16,0.15485,29,0.18455,94,0.029700000000000004,,,,0.6879540125452616,0.24667043650793652
2021-03-18,0.1679,29,0.18860000000000002,92,0.020700000000000024,,,,0.45887683179333333,0.24694126984126988
2021-03-23,0.15835,31,0.17595,87,0.017600000000000005,,,,0.37999455076218913,0.24716626984126985
2021-03-25,0.15234999999999999,29,0.1714,85,0.01905000000000001,,,,0.4168668889479837,0.24736071428571427
2021-03-29,0.16465000000000002,32,0.16335,60,-0.0013000000000000234,,,,-0.09981288459722548,0.2476093253968254
2021-03-30,0.15205000000000002,31,0.1627,92,0.010649999999999993,,,,0.2057462275271577,0.24782539682539684
2021-03-31,0.12975000000000003,30,0.16655000000000003,79,0.0368,,,,0.8697726073817523,0.2479573412698413
2021-04-06,0.14205,29,0.1517,85,0.009649999999999992,,,,0.17895205688057605,0.2481073412698413
2021-04-08,0.13230000000000003,29,0.14750000000000002,83,0.015199999999999991,,,,0.32019428711897413,0.24820515873015875
2021-04-12,0.1353,32,0.1547,95,0.0194,,,,0.42642009759127086,0.248314880952381
2021-04-13,0.13095,29,0.1539,94,0.022949999999999998,,,,0.5153188234069895,0.24835535714285717
2021-04-15,0.1279,29,0.152,92,0.024099999999999983,,,,0.5415195852726654,0.2482404761904762
2021-04-20,0.1539,31,0.16645000000000001,87,0.012550000000000006,,,,0.24635478492627794,0.24828571428571428
2021-04-22,0.1537,29,0.1684,85,0.01469999999999999,,,,0.2995608499686355,0.2483295634920635
2021-04-27,0.1396,31,0.1577,94,0.018100000000000005,,,,0.38439940269511697,0.24834246031746032
2021-04-29,0.13724999999999998,29,0.1602,92,0.022950000000000026,,,,0.5048733841547572,0.24825873015873018
2021-05-04,0.1549,31,0.17020000000000002,87,0.015300000000000008,,,,0.308829903881005,0.2482799603174603
2021-05-06,0.13965,29,0.1607,85,0.021050000000000013,,,,0.4524491958983658,0.2482884920634921
2021-05-11,0.174,31,0.18055,80,0.00655,,,,0.08348480588298439,0.24846587301587303
2021-05-13,0.186,29,0.1897,99,0.003700000000000009,,,,0.010987497431780091,0.24872123015873018
2021-05-18,0.1708,31,0.17945,94,0.008649999999999991,,,,0.13609891961032047,0.2488918650793651
2021-05-19,0.17195000000000002,30,0.18455,93,0.012599999999999972,,,,0.23558199290139212,0.24907857142857143
2021-05-20,0.15815,29,0.17404999999999998,92,0.01589999999999997,,,,0.3181387969527546,0.2492107142857143
2021-05-21,0.1503,31,0.17105,91,0.02075000000000002,,,,0.44012791701195964,0.24936170634920637
2021-05-24,0.13835,32,0.15965000000000001,88,0.021300000000000013,,,,0.4528236359848247,0.2494478174603175
2021-05-26,0.13255,30,0.12645,86,-0.006099999999999994,,,,-0.24044075830696696,0.24953988095238097
2021-05-27,0.127,29,0.1471,85,0.020100000000000007,,,,0.42296785816761845,0.24956230158730158
2021-05-28,0.12115000000000001,31,0.14815,95,0.026999999999999996,,,,0.5957894065865471,0.24958670634920635
2021-06-01,0.13325,29,0.15365,91,0.0204,,,,0.4266885198454369,0.24961250000000001
2021-06-02,0.12035000000000001,30,0.15255000000000002,90,0.032200000000000006,,,,0.7217126475091213,0.24952519841269843
2021-06-03,0.13785,29,0.15745,89,0.019600000000000006,,,,0.3979171545322753,0.24921746031746034
2021-06-04,0.10785,28,0.1431,88,0.035250000000000004,,,,0.7881161517171104,0.24866785714285716
2021-06-07,0.0986,30,0.1451,85,0.046500000000000014,,,,1.0653828891158734,0.24809087301587301
2021-06-08,0.127,31,0.14335,84,0.016350000000000003,,,,0.29258042911874754,0.2472634920634921
2021-06-10,0.11320000000000001,29,0.1369,82,0.023699999999999985,,,,0.4749884892618221,0.2462154761904762
2021-06-11,0.09590000000000001,31,0.13990000000000002,98,0.04400000000000001,,,,0.9947077702430829,0.24547678571428574
2021-06-14,0.0985,30,0.14279999999999998,95,0.04429999999999998,,,,0.9960742913378844,0.2445325396825397
2021-06-15,0.11715,29,0.14565,94,0.028499999999999998,,,,0.5773918999430953,0.24393492063492064
2021-06-17,0.1264,29,0.1502,92,0.023799999999999988,,,,0.4481671046592121,0.24304444444444448
2021-06-18,0.1491,31,0.16655,91,0.017449999999999993,,,,0.27538625102828584,0.2421777777777778
2021-06-21,0.1252,30,0.1517,88,0.026499999999999996,,,,0.5085144092370036,0.2407204365079365
2021-06-22,0.1184,31,0.1408,87,0.022400000000000003,,,,0.393142432239189,0.23951785714285717
2021-06-23,0.09540000000000001,30,0.13974999999999999,86,0.04434999999999997,,,,0.9796043603712667,0.23791071428571428
2021-06-24,0.19845000000000002,29,0.13485,85,-0.06360000000000002,,,,-2.088941668024199,0.23581805555555554
2021-06-25,0.10475000000000001,31,0.11805,84,0.013299999999999992,,,,0.1198196245374257,0.23421329365079366
2021-06-28,0.10900000000000001,30,0.13140000000000002,94,0.022400000000000003,,,,0.383022819902867,0.2315452380952381
2021-06-29,0.10980000000000001,29,0.13770000000000002,93,0.027900000000000008,,,,0.5489702557638376,0.22930555555555557
2021-06-30,0.12075,30,0.1376,92,0.016850000000000004,,,,0.19157718380110697,0.22684126984126984
2021-07-01,0.10795,29,0.1371,91,0.029149999999999995,,,,0.5872102914439756,0.224646626984127
2021-07-06,0.1145,29,0.14079999999999998,86,0.026299999999999976,,,,0.48683986577577165,0.222796626984127
2021-07-07,0.1177,30,0.14475,85,0.02704999999999999,,,,0.5113617837115704,0.22103829365079367
2021-07-08,0.13785000000000003,29,0.15360000000000001,84,0.015749999999999986,,,,0.10336334899227732,0.2194186507936508
2021-07-09,0.11205000000000001,31,0.1385,83,0.02645,,,,0.5014389514785905,0.2175585317460318
2021-07-13,0.13185000000000002,31,0.1498,94,0.017949999999999966,,,,0.1581687258585153,0.21597341269841272
2021-07-14,0.1165,30,0.14685,93,0.030350000000000002,,,,0.6958272737032359,0.21418809523809523
2021-07-15,0.12410000000000002,29,0.15075,92,0.02664999999999998,,,,0.5311991908905217,0.21276051587301592
2021-07-16,0.13575,31,0.1584,91,0.022650000000000003,,,,0.33888405602529953,0.2115138888888889
2021-07-19,0.17015000000000002,30,0.1794,88,0.00924999999999998,,,,-0.3285976822393266,0.2101402777777778
2021-07-20,0.1492,31,0.16395,87,0.014750000000000013,,,,-0.07143078042994247,0.20890734126984126
2021-07-21,0.1301,30,0.1522,86,0.02210000000000001,,,,0.29524002635722335,0.20776865079365084
2021-07-22,0.2439,29,0.15215,85,-0.09175,,,,-5.298554561811644,0.2072063492063492
2021-07-23,0.1216,31,0.1477,84,0.026099999999999998,,,,0.48430171719180704,0.2060730158730159
2021-07-26,0.11335,30,0.15385000000000001,95,0.04050000000000001,,,,1.1987013812463687,0.2050343253968254
2021-07-27,0.1407,31,0.1605,94,0.019800000000000012,,,,0.1491081406241293,0.20413075396825398
2021-07-28,0.13665,30,0.1572,93,0.020550000000000013,,,,0.1790460079601972,0.20320138888888892
2021-07-29,0.16820000000000002,29,0.15265,92,-0.015550000000000008,,,,-1.679617846250037,0.20255932539682542
2021-08-02,0.1391,30,0.1617,88,0.02260000000000001,,,,0.2769254140570005,0.20166785714285715
2021-08-03,0.12745,29,0.15325,87,0.02579999999999999,,,,0.43688672128368305,0.20076646825396827
2021-08-04,0.13145,30,0.15550000000000003,86,0.024050000000000016,,,,0.34026255484176887,0.19999742063492063
2021-08-05,0.12380000000000001,29,0.14930000000000002,85,0.02550000000000001,,,,0.4097182091453916,0.19898015873015873
2021-08-06,0.11580000000000001,32,0.1441,84,0.028299999999999992,,,,0.5520452130862034,0.19781924603174603
2021-08-09,0.118,30,0.14705000000000001,81,0.02905000000000002,,,,0.5860322405623252,0.19683075396825397
2021-08-10,0.11950000000000001,31,0.14475000000000002,80,0.02525000000000001,,,,0.3764861546129524,0.19588194444444446
2021-08-11,0.11315,30,0.1488,100,0.03564999999999999,,,,0.9302548268904052,0.1951041666666667
2021-08-12,0.1085,29,0.14650000000000002,99,0.03800000000000002,,,,1.0509723214463604,0.19446031746031747
2021-08-13,0.10455,31,0.14495000000000002,98,0.04040000000000002,,,,1.1712134445095534,0.19373194444444444
2021-08-16,0.11480000000000001,30,0.14775,95,0.03294999999999998,,,,0.7688458950496934,0.19316884920634922
2021-08-17,0.12390000000000001,29,0.15545,94,0.031549999999999995,,,,0.6885178702143233,0.19254583333333336
2021-08-18,0.18375000000000002,30,0.17270000000000002,93,-0.011050000000000004,,,,-1.581712145033742,0.19201825396825398
2021-08-19,0.1553,29,0.17215000000000003,92,0.01685000000000003,,,,-0.09833391986380254,0.1914125
2021-08-20,0.13105,31,0.16010000000000002,91,0.02905000000000002,,,,0.5495571729665012,0.19078630952380954
2021-08-23,0.13340000000000002,30,0.1493,88,0.01589999999999997,,,,-0.15421529255965677,0.19014523809523812
2021-08-24,0.11615,31,0.1482,87,0.032049999999999995,,,,0.7034449696141623,0.18953174603174602
2021-08-25,0.12005,30,0.14445000000000002,86,0.02440000000000002,,,,0.2971891741423268,0.18910059523809525
2021-08-26,0.1257,29,0.15350000000000003,85,0.02780000000000002,,,,0.4764889592168215,0.1886781746031746
2021-08-27,0.1931,31,0.14455,95,-0.04854999999999998,,,,-3.5024525296430475,0.18833353174603176
2021-08-30,0.10700000000000001,30,0.14355,92,0.03655,,,,0.9251779573863586,0.18753313492063495
2021-08-31,0.10815000000000001,30,0.14435,91,0.036199999999999996,,,,0.8997520727941691,0.186834126984127
2021-09-01,0.1134,30,0.14290000000000003,90,0.029500000000000026,,,,0.5462481733569959,0.186221626984127
2021-09-02,0.17620000000000002,29,0.1401,89,-0.03610000000000002,,,,-2.8230504412787476,0.18594682539682542
2021-09-03,0.10985,31,0.1419,88,0.032049999999999995,,,,0.6728083079545578,0.1853656746031746
2021-09-07,0.1187,29,0.14775,84,0.029049999999999992,,,,0.5148358380403573,0.18488968253968255
2021-09-08,0.12935,30,0.1491,83,0.019750000000000018,,,,0.03510827748974754,0.18440674603174603
2021-09-09,0.13655,29,0.1554,82,0.018850000000000006,,,,-0.010744677556864167,0.18401884920634923
2021-09-10,0.1559,31,0.1703,98,0.014399999999999996,,,,-0.24012787004302913,0.18369821428571428
2021-09-13,0.14875,30,0.1638,95,0.015050000000000008,,,,-0.20796111340584206,0.1833888888888889
2021-09-14,0.1456,29,0.16710000000000003,94,0.02150000000000002,,,,0.12059537298648487,0.18302380952380956
2021-09-15,0.13285000000000002,30,0.15825,93,0.025399999999999978,,,,0.3187693384919196,0.1826513888888889
2021-09-16,0.13515,29,0.1593,92,0.024150000000000005,,,,0.25208043543239045,0.182280753968254
2021-09-17,0.1483,31,0.1705,91,0.022200000000000025,,,,0.14979814551254128,0.18199801587301587
2021-09-20,0.20035,30,0.18405000000000002,88,-0.01629999999999998,,,,-1.8139693117132003,0.18195198412698413
2021-09-21,0.1956,31,0.19290000000000002,87,-0.00269999999999998,,,,-1.1129432276633626,0.18187420634920637
2021-09-22,0.15605000000000002,30,0.17320000000000002,86,0.01715,,,,-0.10055090946989045,0.18172440476190477
2021-09-23,0.13955,29,0.1597,85,0.02015,,,,0.04964884135002295,0.18146527777777777
2021-09-24,0.12775000000000003,31,0.1543,84,0.026549999999999963,,,,0.3717961956659378,0.18106011904761904
2021-09-27,0.1392,30,0.1595,95,0.020300000000000012,,,,0.048228928596164976,0.18070396825396828
2021-09-28,0.1897,31,0.18780000000000002,94,-0.001899999999999985,,,,-1.1003554203612878,0.18007718253968252
2021-09-29,0.1945,30,0.18115,93,-0.01335,,,,-1.6827269104125417,0.179680753968254
2021-09-30,0.1981,29,0.1902,92,-0.00789999999999999,,,,-1.4015039574254695,0.1793220238095238
2021-10-04,0.1975,30,0.19145,88,-0.00605,,,,-1.3077446242857587,0.17897757936507938
2021-10-05,0.1738,29,0.1795,87,0.005699999999999983,,,,-0.706938931048079,0.17855277777777778
2021-10-06,0.17704999999999999,30,0.17885,86,0.0018000000000000238,,,,-0.9076742226608905,0.17817559523809523
2021-10-07,0.16165000000000002,29,0.16999999999999998,85,0.008349999999999969,,,,-0.571199568065832,0.1777089285714286
2021-10-08,0.15045,31,0.16625,84,0.01580000000000001,,,,-0.19014701137958612,0.17726845238095237
2021-10-11,0.16685,30,0.17525000000000002,81,0.008400000000000019,,,,-0.5726099995779234,0.17690793650793651
2021-10-12,0.16345,29,0.1701,80,0.006649999999999989,,,,-0.666425332009436,0.17640615079365082
2021-10-13,0.153,30,0.16795,100,0.014949999999999991,,,,-0.23988538500007944,0.1759513888888889
2021-10-14,0.1302,29,0.15505000000000002,99,0.02485000000000001,,,,0.2683671798533419,0.1753214285714286
2021-10-15,0.1242,31,0.1238,98,-0.00040000000000001146,,,,-1.0361007187750417,0.17479107142857145
2021-10-18,0.12310000000000001,30,0.1514,95,0.028299999999999992,,,,0.44570586348315083,0.17432440476190475
2021-10-19,0.17495,31,0.14755000000000001,94,-0.02739999999999998,,,,-2.399830872671601,0.1741075396825397
2021-10-20,0.17465,30,0.14550000000000002,93,-0.02914999999999998,,,,-2.450089423644275,0.17390992063492064
2021-10-21,0.1124,29,0.1441,92,0.031700000000000006,,,,0.6204567823255435,0.17345753968253969
2021-10-22,0.11735000000000001,31,0.14815,91,0.030799999999999994,,,,0.570604066401836,0.17297599206349207
2021-10-25,0.11935000000000001,30,0.1434,88,0.024049999999999988,,,,0.22607184928796248,0.17253392857142857
2021-10-26,0.12435000000000002,29,0.14705000000000001,87,0.022699999999999998,,,,0.15454530412683065,0.17206031746031747
2021-10-27,0.1686,30,0.15410000000000001,86,-0.014499999999999985,,,,-1.7106274395912735,0.17185535714285716
2021-10-28,0.11980000000000002,29,0.14685,85,0.02704999999999999,,,,0.3757324342500614,0.17129087301587304
2021-10-29,0.12285000000000001,31,0.15105000000000002,94,0.028200000000000003,,,,0.4395592723846216,0.1709843253968254
2021-11-01,0.12335,30,0.14955000000000002,91,0.026200000000000015,,,,0.3364538978597072,0.17057599206349208
2021-11-02,0.11710000000000001,29,0.14715,90,0.030049999999999993,,,,0.5279564899134462,0.1701513888888889
2021-11-03,0.11005000000000001,30,0.14165,89,0.03159999999999999,,,,0.6125704996779393,0.16986567460317462
2021-11-04,0.10755,29,0.1418,88,0.03425,,,,0.7435832844746152,0.1695061507936508
2021-11-05,0.12045,31,0.14479999999999998,87,0.024349999999999983,,,,0.24119600045315284,0.16919265873015873
2021-11-08,0.11605000000000001,30,0.1499,84,0.03384999999999999,,,,0.7193667902182287,0.16889226190476192
2021-11-09,0.12510000000000002,29,0.14965,83,0.02454999999999999,,,,0.2470135780973439,0.1685595238095238
2021-11-10,0.14035,30,0.15655000000000002,82,0.01620000000000002,,,,-0.1739251808784666,0.16830317460317462
2021-11-11,0.13515,29,0.15805000000000002,99,0.02290000000000003,,,,0.16535627257485738,0.16804484126984126
2021-11-12,0.12185000000000001,31,0.14985,98,0.027999999999999997,,,,0.4243617918032469,0.16771825396825396
2021-11-15,0.124,30,0.14755000000000001,95,0.023550000000000015,,,,0.20108285140785567,0.16745000000000002
2021-11-16,0.12840000000000001,31,0.15184999999999998,94,0.02344999999999997,,,,0.19699802282677784,0.16715634920634923
2021-11-17,0.12930000000000003,30,0.1574,93,0.028099999999999986,,,,0.43537060452186643,0.16690555555555556
2021-11-18,0.17845,29,0.15755000000000002,92,-0.020899999999999974,,,,-2.0260608148563923,0.16682896825396826
2021-11-19,0.13090000000000002,31,0.15760000000000002,91,0.0267,,,,0.3710054762528317,0.16659761904761905
2021-11-22,0.14565,30,0.16110000000000002,88,0.01545000000000002,,,,-0.19327714761234707,0.16646388888888888
2021-11-23,0.14385,30,0.16085000000000002,87,0.017000000000000015,,,,-0.11213144988698445,0.16634543650793654
2021-11-24,0.13824999999999998,29,0.15950000000000003,86,0.021250000000000047,,,,0.10563366425021242,0.16622380952380955
2021-11-26,0.20975,31,0.2141,94,0.0043500000000000205,,,,-0.7415422817501257,0.16639623015873017
2021-11-29,0.17175,30,0.1774,91,0.005649999999999988,,,,-0.6696133133379715,0.1663325396825397
2021-11-30,0.20855,31,0.20285000000000003,90,-0.005699999999999983,,,,-1.2358177914959787,0.16647757936507937
2021-12-01,0.233,30,0.2222,89,-0.010800000000000004,,,,-1.4824816197490809,0.16671269841269842
2021-12-02,0.2107,29,0.2063,88,-0.004399999999999987,,,,-1.1510762858420476,0.16687837301587302
2021-12-03,0.22425,31,0.22290000000000001,87,-0.00134999999999999,,,,-0.989800360604077,0.16713174603174605
2021-12-06,0.1992,30,0.2042,84,0.0050000000000000044,,,,-0.6578548880878659,0.16725119047619047
2021-12-07,0.15925,29,0.1749,83,0.015649999999999997,,,,-0.10421899034079889,0.16718253968253968
2021-12-08,0.14679999999999999,30,0.16625,82,0.019450000000000023,,,,0.09816545000313232,0.16709305555555556
2021-12-09,0.16115000000000002,29,0.17335,81,0.012199999999999989,,,,-0.2717738760639999,0.16708432539682538
2021-12-10,0.13795000000000002,31,0.17125,98,0.033299999999999996,,,,0.8352188816001702,0.16696805555555558
2021-12-13,0.15515,30,0.18405000000000002,95,0.02890000000000001,,,,0.6127291562871042,0.16693611111111112
2021-12-14,0.17820000000000003,31,0.18815,94,0.009949999999999987,,,,-0.3796281997840919,0.16694305555555558
2021-12-15,0.1512,30,0.17450000000000002,93,0.023300000000000015,,,,0.33043470335705843,0.16680853174603175
2021-12-16,0.16194999999999998,29,0.18465,92,0.022700000000000026,,,,0.30700375721156226,0.16677738095238095
2021-12-17,0.1785,32,0.19615000000000002,91,0.017650000000000027,,,,0.04358713060041055,0.16672361111111111
2021-12-20,0.19330000000000003,30,0.20415,88,0.01084999999999997,,,,-0.31507698968924586,0.16673472222222221
2021-12-21,0.1664,29,0.1854,87,0.019000000000000017,,,,0.12953160484423804,0.16660000000000003
2021-12-22,0.1448,30,0.1719,86,0.027099999999999985,,,,0.5675895031755217,0.16616468253968253
2021-12-23,0.13285,29,0.16345,85,0.030600000000000016,,,,0.7559178042040554,0.16576706349206352
2021-12-27,0.1377,30,0.1599,94,0.022199999999999998,,,,0.3005356422292037,0.16529742063492064
2021-12-28,0.1301,31,0.1572,93,0.027100000000000013,,,,0.5632043437367573,0.16488392857142858
2021-12-29,0.1285,30,0.15555000000000002,92,0.02705000000000002,,,,0.5577380006104106,0.16441170634920635
2021-12-30,0.1287,29,0.16235,91,0.033649999999999985,,,,0.9129926663583475,0.16403452380952382
2021-12-31,0.1246,31,0.15895,90,0.034350000000000006,,,,0.9512529864888112,0.1636775793650794
2022-01-03,0.12075,30,0.16145,87,0.040700000000000014,,,,1.2915964382339533,0.16331924603174605
2022-01-04,0.12475,29,0.15255000000000002,86,0.02780000000000002,,,,0.5985550696355163,0.16296488095238099
2022-01-05,0.27905,30,0.17245,85,-0.10660000000000003,,,,-6.1199924099856595,0.16320535714285714
2022-01-06,0.17315,29,0.17285,84,-0.0002999999999999947,,,,-0.8133021968729729,0.16303591269841272
2022-01-07,0.27580000000000005,31,0.1726,97,-0.10320000000000004,,,,-5.551801781679898,0.16317698412698411
2022-01-10,0.15450000000000003,30,0.17225000000000001,94,0.017749999999999988,,,,0.11096517139763025,0.1628884920634921
2022-01-11,0.16515000000000002,31,0.16575,93,0.0005999999999999894,,,,-0.6873350481989053,0.16255892857142856
2022-01-12,0.27735,30,0.16155000000000003,92,-0.11579999999999996,,,,-5.719851332598537,0.16269265873015873
2022-01-13,0.18035,29,0.17915,91,-0.0012000000000000066,,,,-0.6882166497690873,0.1625311507936508
2022-01-14,0.27680000000000005,31,0.17520000000000002,90,-0.10160000000000002,,,,-4.849379264138717,0.1627234126984127
2022-01-18,0.29135,29,0.19545,86,-0.09589999999999999,,,,-4.412565932962793,0.1629746031746032
2022-01-19,0.28945,30,0.20135,85,-0.08809999999999998,,,,-3.9541802368304624,0.16322261904761906
2022-01-20,0.21825,29,0.21235,84,-0.005899999999999989,,,,-0.7291610041580309,0.16317579365079365
2022-01-21,0.28175,28,0.23160000000000003,83,-0.05014999999999997,,,,-2.424827598414757,0.16336289682539684
2022-01-24,0.29745,30,0.2388,95,-0.05864999999999998,,,,-2.7031378190213746,0.16356785714285713
2022-01-25,0.28925,31,0.2394,94,-0.049850000000000005,,,,-2.3327195788507793,0.16368809523809524
2022-01-26,0.26645,30,0.24000000000000002,93,-0.02645,,,,-1.4384244316480204,0.16375674603174603
2022-01-27,0.25885,29,0.23670000000000002,92,-0.022150000000000003,,,,-1.2682355709554598,0.1638640873015873
2022-01-28,0.2912,31,0.21725,91,-0.07395000000000002,,,,-3.1361905663361003,0.16417579365079366
2022-01-31,0.2323,30,0.1997,88,-0.03260000000000002,,,,-1.6000488010194918,0.16425654761904762
2022-02-01,0.2837,31,0.18545,87,-0.09825,,,,-3.868330818282364,0.16449384920634924
2022-02-02,0.20984999999999998,30,0.1876,86,-0.022249999999999992,,,,-1.164487841033533,0.1644186507936508
2022-02-03,0.21145000000000003,29,0.21005000000000001,85,-0.0014000000000000123,,,,-0.4264471439377297,0.16432837301587302
2022-02-04,0.28675,31,0.20125,84,-0.08549999999999999,,,,-3.3189746555945967,0.16454206349206352
2022-02-07,0.2926,30,0.20185000000000003,81,-0.09075,,,,-3.409290947334749,0.16469543650793655
2022-02-08,0.18785000000000002,29,0.18955,80,0.0016999999999999793,,,,-0.2815353978793177,0.16442222222222225
2022-02-09,0.28585,30,0.1882,100,-0.09764999999999999,,,,-3.547731134407914,0.16454186507936505
2022-02-10,0.19945000000000002,29,0.2031,99,0.0036499999999999866,,,,-0.20112523936028087,0.1643406746031746
2022-02-11,0.2298,31,0.22525,98,-0.0045499999999999985,,,,-0.4718188724662303,0.16432063492063492
2022-02-14,0.24415,30,0.22705000000000003,95,-0.017099999999999976,,,,-0.8905375878256329,0.16412579365079363
2022-02-15,0.21275,29,0.20775,94,-0.0050000000000000044,,,,-0.49310777877725054,0.1638313492063492
2022-02-16,0.30305000000000004,30,0.20515,93,-0.09790000000000004,,,,-3.503132185852756,0.1636404761904762
2022-02-17,0.2459,29,0.22585,92,-0.020050000000000012,,,,-0.9709327597366907,0.16333928571428574
2022-02-18,0.2733,31,0.23105,91,-0.04224999999999998,,,,-1.6901841069436152,0.1632587301587302
2022-02-22,0.30485,31,0.23845,87,-0.06640000000000001,,,,-2.439166252702711,0.16355357142857144
2022-02-23,0.31555,30,0.24815000000000004,86,-0.06739999999999996,,,,-2.4323121893281967,0.16401190476190478
2022-02-24,0.31015000000000004,29,0.2359,85,-0.07425000000000004,,,,-2.6038427290925554,0.164425
2022-02-25,0.23460000000000003,31,0.21830000000000002,95,-0.01630000000000001,,,,-0.7811060421190963,0.16460238095238094
2022-02-28,0.27745000000000003,30,0.22960000000000003,92,-0.047850000000000004,,,,-1.7514660090896468,0.16495654761904763
2022-03-01,0.28715,30,0.2534,91,-0.03375,,,,-1.3016052982132598,0.1653265873015873
2022-03-02,0.2592,30,0.2358,90,-0.023399999999999976,,,,-0.9736700701782868,0.16561626984126984
2022-03-03,0.26625,29,0.2406,89,-0.02564999999999998,,,,-1.036166874874176,0.16592480158730158
2022-03-04,0.2687,31,0.25085,88,-0.017849999999999977,,,,-0.7900638988599903,0.16622976190476194
2022-03-07,0.31125,30,0.27970000000000006,85,-0.03154999999999997,,,,-1.2037436644844737,0.16678789682539685
2022-03-08,0.30190000000000006,29,0.27380000000000004,84,-0.028100000000000014,,,,-1.089199251761052,0.16731527777777777
2022-03-09,0.27945,30,0.25805,83,-0.021399999999999975,,,,-0.8766514755285054,0.1677575396825397
2022-03-10,0.2672,29,0.24870000000000003,82,-0.01849999999999996,,,,-0.7820788081717168,0.16813928571428574
2022-03-11,0.2683,31,0.25945,98,-0.008849999999999969,,,,-0.4817963825684109,0.16854087301587303
2022-03-14,0.2793,30,0.26625,95,-0.013050000000000006,,,,-0.6061617378904187,0.16898373015873017
2022-03-15,0.25895,30,0.25135,94,-0.007599999999999996,,,,-0.4343942749864049,0.16937003968253966
2022-03-16,0.22565000000000002,29,0.22615000000000002,93,0.0005000000000000004,,,,-0.18328198562332076,0.1696079365079365
2022-03-17,0.21125,28,0.21455000000000002,92,0.003300000000000025,,,,-0.09598660111357568,0.169725
2022-03-18,0.18995,31,0.2036,91,0.013649999999999995,,,,0.22244427034575337,0.16974880952380955
2022-03-21,0.19215000000000002,30,0.20415,88,0.011999999999999983,,,,0.17086991726008904,0.16980813492063493
2022-03-22,0.18215,29,0.19480000000000003,87,0.012650000000000022,,,,0.1917422230360305,0.1698484126984127
2022-03-23,0.192,30,0.20185,86,0.009849999999999998,,,,0.10768275559334384,0.1699402777777778
2022-03-24,0.1765,29,0.19495,85,0.018450000000000022,,,,0.372036402582186,0.16989146825396825
2022-03-25,0.16475,31,0.18455,84,0.019799999999999984,,,,0.4159949470155386,0.16989503968253972
2022-03-28,0.1543,30,0.17925000000000002,94,0.024950000000000028,,,,0.5737738537739318,0.16975634920634922
2022-03-29,0.15125,31,0.1719,93,0.02065,,,,0.44124623237782806,0.16968055555555556
2022-03-30,0.15960000000000002,30,0.17875000000000002,92,0.01915,,,,0.39417942634910236,0.16958373015873013
2022-03-31,0.1738,29,0.18955,91,0.015749999999999986,,,,0.2896553475130922,0.16954980158730157
2022-04-01,0.1527,31,0.18055000000000002,90,0.027850000000000014,,,,0.6614923087285538,0.16942500000000002
2022-04-04,0.14835,30,0.17145000000000002,87,0.02310000000000001,,,,0.5161870904193011,0.16932896825396826
2022-04-05,0.16860000000000003,29,0.1856,86,0.01699999999999996,,,,0.32953854460086923,0.16933849206349205
2022-04-06,0.183,30,0.19435000000000002,85,0.011350000000000027,,,,0.1579528675570702,0.16935912698412697
2022-04-07,0.17945,29,0.19235000000000002,84,0.012900000000000023,,,,0.20659115362608724,0.1692952380952381
2022-04-08,0.1724,31,0.19020000000000004,83,0.017800000000000038,,,,0.3591359362667226,0.16928273809523808
2022-04-11,0.2063,30,0.21150000000000002,95,0.00520000000000001,,,,-0.026606661980741513,0.16940734126984128
2022-04-12,0.20700000000000002,31,0.2121,94,0.005099999999999993,,,,-0.025922383777259635,0.16957916666666667
2022-04-13,0.18180000000000002,30,0.1955,93,0.01369999999999999,,,,0.24382218470781852,0.16965238095238097
2022-04-14,0.19640000000000002,29,0.20565,92,0.00924999999999998,,,,0.10829484540923963,0.16973432539682543
2022-04-18,0.19635000000000002,30,0.20615,88,0.009799999999999975,,,,0.12796642463190705,0.1698049603174603
2022-04-19,0.18130000000000002,31,0.19295,87,0.011649999999999994,,,,0.18251207091756586,0.16966944444444446
2022-04-20,0.1779,30,0.1905,86,0.0126,,,,0.21026898979674266,0.16943769841269843
2022-04-21,0.19870000000000002,29,0.2061,85,0.00739999999999999,,,,0.05065703002825696,0.16952579365079365
2022-04-22,0.23875000000000002,31,0.23805,84,-0.0007000000000000062,,,,-0.19976293434461428,0.16971051587301586
2022-04-25,0.23255,30,0.23365000000000002,95,0.0011000000000000176,,,,-0.14382385615147672,0.1697279761904762
2022-04-26,0.27890000000000004,29,0.26025,94,-0.018650000000000055,,,,-0.7543006457064082,0.17005575396825398
2022-04-27,0.27044999999999997,30,0.25570000000000004,93,-0.01474999999999993,,,,-0.6283285229270049,0.1704454365079365
2022-04-28,0.24520000000000003,29,0.23825000000000002,92,-0.006950000000000012,,,,-0.38180736317086533,0.1708039682539683
2022-04-29,0.2754,32,0.26295,91,-0.012449999999999961,,,,-0.5486511084330724,0.17123055555555555
2022-05-02,0.2706,30,0.25770000000000004,88,-0.012899999999999967,,,,-0.5586955047536922,0.17167599206349207
2022-05-03,0.25355,31,0.245,87,-0.008550000000000002,,,,-0.42010938150399596,0.1720775793650794
2022-05-04,0.22045,30,0.2242,86,0.0037500000000000033,,,,-0.03845748625319808,0.17229900793650793
2022-05-05,0.27405,29,0.25980000000000003,85,-0.014249999999999985,,,,-0.5944738802449924,0.17278313492063493
2022-05-06,0.2582,31,0.25685,84,-0.0013499999999999623,,,,-0.18943474297986274,0.17329285714285717
2022-05-09,0.30485,30,0.2852,81,-0.01965,,,,-0.7544994818256625,0.1739388888888889
2022-05-10,0.2937,31,0.2773,80,-0.016400000000000026,,,,-0.6491623613884342,0.17457936507936508
2022-05-11,0.29575,30,0.2751,100,-0.02065,,,,-0.7756584942897473,0.17521607142857143
2022-05-12,0.29165,29,0.27140000000000003,99,-0.02024999999999999,,,,-0.757555193702875,0.17585376984126985
2022-05-13,0.2571,31,0.25360000000000005,98,-0.0034999999999999476,,,,-0.23458881792836875,0.1763664682539683
2022-05-16,0.25475000000000003,30,0.25005,95,-0.0047000000000000375,,,,-0.26971997548812066,0.17676666666666668
2022-05-17,0.24405000000000002,31,0.24000000000000002,94,-0.004049999999999998,,,,-0.24725290831258834,0.17712519841269841
2022-05-18,0.27925,30,0.26635,93,-0.012900000000000023,,,,-0.5181607576715851,0.1776793650793651
2022-05-19,0.26795,29,0.25485,92,-0.0131,,,,-0.5200155885907692,0.1781980158730159
2022-05-20,0.2589,32,0.2566,91,-0.0023000000000000242,,,,-0.18252136029459057,0.1786107142857143
2022-05-23,0.25750000000000006,30,0.25435,88,-0.0031500000000000417,,,,-0.2060420343638487,0.179078373015873
2022-05-24,0.26705,29,0.25945,87,-0.007599999999999996,,,,-0.342501019404536,0.17944761904761902
2022-05-25,0.26070000000000004,30,0.25185,86,-0.008850000000000025,,,,-0.3796780924882896,0.1797440476190476
2022-05-26,0.24745,29,0.24505,85,-0.0024000000000000132,,,,-0.17799029266578634,0.18004821428571427
2022-05-27,0.22765000000000002,31,0.2339,84,0.006249999999999978,,,,0.09145518729138104,0.18026924603174604
2022-05-31,0.23920000000000002,30,0.23550000000000001,92,-0.003700000000000009,,,,-0.21524514091318916,0.180590873015873
2022-06-01,0.23715000000000003,30,0.23535,91,-0.0018000000000000238,,,,-0.15351768896317386,0.18093551587301587
2022-06-02,0.21855000000000002,29,0.22365000000000002,90,0.005099999999999993,,,,0.06301338991912363,0.18125376984126984
2022-06-03,0.22775,28,0.2321,89,0.004349999999999993,,,,0.03840049003333352,0.18163154761904762
2022-06-06,0.2252,30,0.2314,86,0.006199999999999983,,,,0.09772366300126242,0.18202123015873017
2022-06-07,0.21550000000000002,29,0.2248,85,0.009299999999999975,,,,0.1966078927198456,0.18239563492063493
2022-06-09,0.2424,29,0.24145,83,-0.0009500000000000064,,,,-0.12020454260521313,0.18282876984126986
2022-06-10,0.25434999999999997,31,0.2571,82,0.00275000000000003,,,,-0.0012082692200285688,0.18336051587301586
2022-06-14,0.2924,29,0.27305,94,-0.01934999999999998,,,,-0.6862761929702094,0.1839738095238095
2022-06-15,0.2744,30,0.2569,93,-0.01749999999999996,,,,-0.6228003406480613,0.18463472222222221
2022-06-22,0.26370000000000005,30,0.25455,86,-0.009150000000000047,,,,-0.3561616519859389,0.18528988095238094
2022-06-23,0.25945,29,0.25215000000000004,85,-0.007299999999999973,,,,-0.29525004246168024,0.18581547619047617
2022-06-30,0.26275000000000004,29,0.25235,92,-0.01040000000000002,,,,-0.38850882083507754,0.18640892857142857
2022-07-06,0.2509,30,0.24480000000000002,86,-0.006099999999999994,,,,-0.24810283537919625,0.18702400793650792
2022-08-22,0.21150000000000002,30,0.22315000000000002,88,0.011649999999999994,,,,0.3161978230643365,0.18747242063492062
2022-08-23,0.2157,31,0.22465000000000002,87,0.008950000000000014,,,,0.2336184541085807,0.1878634920634921
2022-08-24,0.20695000000000002,30,0.2167,86,0.009749999999999981,,,,0.26092664163967433,0.18818313492063493
2022-08-25,0.19425,29,0.20715,85,0.012899999999999995,,,,0.36137340403667584,0.1883623015873016
2022-08-26,0.22275,31,0.22815000000000002,96,0.005400000000000016,,,,0.12653910484709877,0.18874940476190477
2022-08-29,0.233,30,0.23255,93,-0.00045000000000000595,,,,-0.05622198013567136,0.18920416666666667
2022-08-30,0.2354,31,0.234,92,-0.0013999999999999846,,,,-0.08092385185061512,0.18975972222222223
2022-08-31,0.23550000000000001,30,0.2334,91,-0.0021000000000000185,,,,-0.11196645404606063,0.18990674603174604
2022-09-01,0.22905,29,0.22945000000000002,90,0.00040000000000001146,,,,-0.029966385773980232,0.1904
2022-09-02,0.22855,31,0.23385,89,0.005299999999999999,,,,0.12988841729615905,0.1908744047619048
2022-09-06,0.24415000000000003,31,0.24035,85,-0.0038000000000000256,,,,-0.15915591120370978,0.19140753968253968
2022-09-07,0.22275,30,0.22685,84,0.0040999999999999925,,,,0.09713124277402904,0.19181230158730161
2022-09-08,0.21415,29,0.22135000000000002,83,0.007200000000000012,,,,0.20021103368638857,0.19223373015873016
2022-09-09,0.19990000000000002,31,0.2199,98,0.01999999999999999,,,,0.6147537697369005,0.19257261904761905
2022-09-12,0.21280000000000002,30,0.22175,95,0.008949999999999986,,,,0.26034017502971474,0.19295
2022-09-13,0.2403,29,0.24330000000000002,94,0.0030000000000000027,,,,0.06949311541304184,0.19335654761904764
2022-09-14,0.2384,30,0.2386,93,0.00020000000000000573,,,,-0.01779592357913604,0.1938579365079365
2022-09-15,0.24405000000000002,29,0.24200000000000002,92,-0.0020499999999999963,,,,-0.08820987704174038,0.1943031746031746
2022-09-16,0.24265,31,0.24480000000000002,91,0.002150000000000013,,,,0.05173970427097733,0.19480376984126987
2022-09-19,0.24135,30,0.2401,88,-0.0012500000000000011,,,,-0.05522300109965781,0.19526904761904762
2022-09-20,0.25665000000000004,31,0.24735000000000001,87,-0.00930000000000003,,,,-0.31331882790067694,0.19574880952380955
2022-09-21,0.26515,30,0.25470000000000004,86,-0.01044999999999996,,,,-0.3482012654833674,0.19612579365079366
2022-09-22,0.25880000000000003,29,0.25115,85,-0.007650000000000046,,,,-0.25420142731719625,0.1965607142857143
2022-09-23,0.2691,31,0.26250000000000007,84,-0.006599999999999939,,,,-0.21648696037923343,0.19711230158730159
2022-09-26,0.2925,30,0.27165000000000006,95,-0.020849999999999924,,,,-0.7023260980889084,0.19730515873015872
2022-09-27,0.29510000000000003,31,0.272,94,-0.02310000000000001,,,,-0.7707042225448966,0.1979936507936508
2022-09-28,0.27315,30,0.25995,93,-0.01319999999999999,,,,-0.43651852322979734,0.1986277777777778
2022-09-29,0.28715,29,0.26855,92,-0.018600000000000005,,,,-0.6112949444884854,0.19920892857142858
2022-09-30,0.27690000000000003,31,0.2694,91,-0.007500000000000062,,,,-0.23821492070699557,0.1997654761904762
2022-10-03,0.26915,30,0.25825,88,-0.01090000000000002,,,,-0.3522222072503252,0.20016607142857143
2022-10-04,0.26025,31,0.2499,87,-0.01034999999999997,,,,-0.32984523401424565,0.2006468253968254
2022-10-05,0.2604,30,0.25025000000000003,86,-0.010149999999999992,,,,-0.3188380735614501,0.20117440476190476
2022-10-06,0.2765,29,0.25925,85,-0.017250000000000043,,,,-0.5509762600374254,0.20175
2022-10-07,0.2765,31,0.26855,84,-0.007950000000000013,,,,-0.23594479849997513,0.2023559523809524
2022-10-10,0.29400000000000004,30,0.2772,81,-0.016800000000000037,,,,-0.526979965131273,0.20306309523809524
2022-10-11,0.3029,29,0.28245,80,-0.020450000000000024,,,,-0.6435502909258308,0.2037968253968254
2022-10-12,0.30810000000000004,30,0.2744,100,-0.03370000000000006,,,,-1.0796636208857824,0.20454523809523809
2022-10-13,0.29660000000000003,29,0.27085000000000004,99,-0.025749999999999995,,,,-0.8062885450016327,0.2052732142857143
2022-10-14,0.29135,31,0.27285000000000004,98,-0.01849999999999996,,,,-0.5567742898552863,0.20599880952380953
2022-10-17,0.2898,30,0.268,95,-0.021799999999999986,,,,-0.6618043654662608,0.2067339285714286
2022-10-18,0.28500000000000003,30,0.26845,94,-0.01655000000000001,,,,-0.47878682335460554,0.2074093253968254
2022-10-19,0.28425,30,0.26639999999999997,93,-0.017850000000000033,,,,-0.5173003480613005,0.20804563492063494
2022-10-20,0.28180000000000005,29,0.267,92,-0.014800000000000035,,,,-0.41312944846185357,0.2084347222222222
2022-10-21,0.27265,31,0.26370000000000005,91,-0.008949999999999958,,,,-0.2111609928938624,0.20890039682539685
2022-10-24,0.2811,30,0.26445,88,-0.016649999999999998,,,,-0.46757349820368005,0.20949583333333333
2022-10-25,0.2674,29,0.2536,87,-0.013800000000000034,,,,-0.36672044498411327,0.21002757936507935
2022-10-26,0.25739999999999996,30,0.2511,86,-0.006299999999999972,,,,-0.10632098675140246,0.21058809523809527
2022-10-27,0.25605,29,0.24655,85,-0.009500000000000008,,,,-0.21141281741017157,0.21112777777777778
2022-10-28,0.23970000000000002,31,0.24015,95,0.0004499999999999782,,,,0.13312502340105148,0.21158015873015873
2022-10-31,0.24230000000000002,30,0.2405,92,-0.0018000000000000238,,,,0.04982484581359984,0.2117753968253968
2022-11-01,0.24305000000000002,30,0.2381,91,-0.00495000000000001,,,,-0.053266754398100295,0.21231527777777778
2022-11-02,0.24575000000000002,30,0.24415000000000003,90,-0.0015999999999999903,,,,0.06807453230492441,0.21286130952380955
2022-11-03,0.24445,29,0.24405000000000002,89,-0.0003999999999999837,,,,0.11416474202151473,0.2133813492063492
2022-11-04,0.22885,31,0.23715000000000003,88,0.00830000000000003,,,,0.41185203985613794,0.21359027777777778
2022-11-07,0.22910000000000003,30,0.23485,85,0.005749999999999977,,,,0.3274522931216736,0.21406349206349207
2022-11-08,0.23785,30,0.23904999999999998,84,0.0011999999999999789,,,,0.1725340026913952,0.21453630952380953
2022-11-09,0.2447,30,0.24530000000000002,83,0.0006000000000000172,,,,0.1543514696024042,0.21499404761904764
2022-11-10,0.2199,29,0.22920000000000001,82,0.009300000000000003,,,,0.4617067636906554,0.2153248015873016
2022-11-11,0.19855,31,0.22760000000000002,98,0.02905000000000002,,,,1.1519551960815049,0.21549404761904764
2022-11-14,0.22535,30,0.22975,95,0.004400000000000015,,,,0.288537424892143,0.2157980158730159
2022-11-15,0.22795,30,0.22945,94,0.0014999999999999736,,,,0.18976231686980038,0.2161248015873016
2022-11-16,0.2278,30,0.22920000000000001,93,0.0014000000000000123,,,,0.18998499002671584,0.21650158730158733
2022-11-17,0.22510000000000002,29,0.2277,92,0.002599999999999991,,,,0.23573219477822066,0.21685853174603176
2022-11-18,0.2142,31,0.22375,91,0.009550000000000003,,,,0.4835269670952045,0.21712003968253968
2022-11-21,0.2094,30,0.22105000000000002,88,0.011650000000000021,,,,0.5537184098339925,0.2171559523809524
2022-11-22,0.19885000000000003,30,0.2129,87,0.01404999999999998,,,,0.635690843790112,0.2171688492063492
2022-11-23,0.1892,30,0.2069,86,0.017699999999999994,,,,0.7644830231530085,0.21730039682539684
2022-11-25,0.182,32,0.2071,95,0.02510000000000001,,,,1.0244646482003286,0.21746884920634924
2022-11-28,0.20415,30,0.2208,92,0.016649999999999998,,,,0.7285338244922577,0.21777202380952382
2022-11-29,0.20295000000000002,30,0.21710000000000002,91,0.014149999999999996,,,,0.6414671695052447,0.21802500000000002
2022-11-30,0.1913,30,0.20775000000000002,90,0.01645000000000002,,,,0.7194846212827124,0.21803134920634923
2022-12-01,0.1839,29,0.203,89,0.019100000000000006,,,,0.8076705129153379,0.21798928571428572
2022-12-02,0.17060000000000003,32,0.19995000000000002,88,0.029349999999999987,,,,1.161048015626177,0.21788015873015876
2022-12-05,0.18880000000000002,30,0.20985,85,0.021049999999999985,,,,0.8638833346340287,0.21784563492063497
2022-12-06,0.20500000000000002,30,0.21985000000000002,84,0.014850000000000002,,,,0.6443349713483526,0.21796944444444447
2022-12-07,0.21355000000000002,30,0.22295,83,0.009399999999999992,,,,0.4517244300722181,0.21811428571428573
2022-12-08,0.2078,29,0.2187,82,0.010899999999999993,,,,0.5039471564939764,0.21829742063492064
2022-12-09,0.20550000000000002,31,0.22910000000000003,98,0.02360000000000001,,,,0.9478075382117274,0.21851587301587302
2022-12-12,0.32905000000000006,30,0.22975,95,-0.09930000000000005,,,,-3.275833671882134,0.2191595238095238
2022-12-13,0.21015,30,0.21705000000000002,94,0.006900000000000017,,,,0.36902899032059955,0.21934484126984127
2022-12-14,0.2001,30,0.21230000000000002,93,0.012200000000000016,,,,0.5514271805407244,0.21953174603174605
2022-12-15,0.22460000000000002,29,0.22975,92,0.005149999999999988,,,,0.31264263692554156,0.21990634920634922
2022-12-16,0.20425000000000001,32,0.22605000000000003,91,0.021800000000000014,,,,0.8808390942637466,0.22022400793650795
2022-12-19,0.21405000000000002,30,0.23160000000000003,88,0.01755000000000001,,,,0.737373530184895,0.22058492063492063
2022-12-20,0.20455,30,0.22200000000000003,87,0.01745000000000002,,,,0.7279955745482154,0.22070238095238098
2022-12-21,0.1927,30,0.21465,86,0.021949999999999997,,,,0.8757788394590227,0.22077400793650798
2022-12-22,0.19995000000000002,29,0.2202,85,0.02024999999999999,,,,0.8201836424889369,0.22112142857142858
2022-12-23,0.19975,31,0.21995,84,0.020199999999999996,,,,0.8211076826306226,0.2214484126984127
2022-12-27,0.20615,30,0.22700000000000004,94,0.020850000000000035,,,,0.8443021840023146,0.22179285714285715
2022-12-28,0.2153,30,0.2318,93,0.016500000000000015,,,,0.6955083932603788,0.22215376984126986
2022-12-29,0.2056,29,0.22265000000000001,92,0.01705000000000001,,,,0.7096622802137059,0.22230059523809526
2022-12-30,0.2008,31,0.22575,91,0.02495,,,,0.9828557525283895,0.2226220238095238
2023-01-03,0.21735000000000002,30,0.22655000000000003,87,0.009200000000000014,,,,0.4426799787514324,0.22299702380952383
2023-01-04,0.2129,30,0.21800000000000003,86,0.005100000000000021,,,,0.30435575936696724,0.22335238095238094
2023-01-05,0.21825,29,0.2203,85,0.0020499999999999963,,,,0.20304633108324546,0.22375376984126988
2023-01-06,0.19625,31,0.20840000000000003,84,0.012150000000000022,,,,0.5580234399177677,0.22409583333333336
2023-01-09,0.20525000000000002,30,0.2132,81,0.007949999999999985,,,,0.41669377242821254,0.22448353174603175
2023-01-10,0.2117,30,0.20555,80,-0.006149999999999989,,,,-0.07191184001865172,0.22484563492063495
2023-01-11,0.2002,30,0.2057,100,0.005500000000000005,,,,0.3410339884321377,0.2251795634920635
2023-01-12,0.1755,29,0.1891,99,0.013600000000000001,,,,0.627879238852682,0.22537956349206353
2023-01-13,0.17135,31,0.183,98,0.011649999999999994,,,,0.560158534908472,0.22550257936507936
2023-01-17,0.17865,30,0.18595,94,0.007300000000000001,,,,0.4098910405998781,0.22567519841269842
2023-01-18,0.19935000000000003,30,0.19555,93,-0.0038000000000000256,,,,0.02325203534800291,0.2259827380952381
2023-01-19,0.1917,29,0.19740000000000002,92,0.005700000000000011,,,,0.3620063362009049,0.22625138888888888
2023-01-20,0.17110000000000003,28,0.18095,91,0.00984999999999997,,,,0.5115227311514583,0.22642083333333335
2023-01-23,0.18980000000000002,30,0.18665,88,-0.003150000000000014,,,,0.05532854109899509,0.22666091269841268
2023-01-24,0.1733,30,0.18015,87,0.006849999999999995,,,,0.40691631551784435,0.22664047619047623
2023-01-25,0.17170000000000002,30,0.17775000000000002,93,0.00605,,,,0.3822265131730846,0.22680238095238098
2023-01-26,0.16875,29,0.17354999999999998,92,0.004799999999999971,,,,0.3394703922108656,0.22689404761904763
2023-01-27,0.16265000000000002,31,0.17225000000000001,91,0.009599999999999997,,,,0.5120066102703467,0.2269686507936508
2023-01-30,0.1826,30,0.1865,88,0.003899999999999987,,,,0.31156955214672694,0.22714464285714286
2023-01-31,0.1711,30,0.17360000000000003,87,0.00250000000000003,,,,0.26182524630233606,0.22699126984126985
2023-02-01,0.15975,30,0.1695,86,0.009750000000000009,,,,0.5201962918084098,0.22694365079365078
2023-02-02,0.1577,29,0.16565000000000002,85,0.007950000000000013,,,,0.45376644106714065,0.22674186507936508
2023-02-03,0.15595,31,0.1705,84,0.014550000000000007,,,,0.6852947734061,0.22643611111111112
2023-02-06,0.16510000000000002,30,0.17870000000000003,81,0.013600000000000001,,,,0.6483025156780816,0.22625515873015875
2023-02-07,0.15935,30,0.17210000000000003,80,0.012750000000000039,,,,0.615552784680223,0.22599761904761906
2023-02-08,0.1768,30,0.18755,100,0.010749999999999982,,,,0.5432921150846848,0.22590873015873017
2023-02-09,0.1874,29,0.19025,99,0.0028499999999999914,,,,0.2639921492003847,0.2260204365079365
2023-02-10,0.1857,31,0.1915,98,0.0058,,,,0.3715176390483797,0.2261748015873016
2023-02-13,0.1892,30,0.18555,95,-0.0036500000000000143,,,,0.03654211886539147,0.22628611111111113
2023-02-14,0.17795,30,0.18245,94,0.004500000000000004,,,,0.332838096149334,0.2264448412698413
2023-02-15,0.16820000000000002,30,0.17535,93,0.00714999999999999,,,,0.43200003090518646,0.226496626984127
2023-02-16,0.1836,29,0.1854,92,0.001799999999999996,,,,0.2410521737212785,0.22651805555555557
2023-02-17,0.17635,31,0.1854,91,0.009050000000000002,,,,0.504467314651589,0.22661785714285715
2023-02-21,0.21815,30,0.20215,87,-0.016000000000000014,,,,-0.39248071964880027,0.22684087301587302
2023-02-22,0.2096,30,0.1986,86,-0.01100000000000001,,,,-0.2083377045994493,0.22696428571428576
2023-02-23,0.19845000000000002,29,0.19005,85,-0.008400000000000019,,,,-0.11177443927490519,0.2269847222222222
2023-02-24,0.20035,31,0.19535000000000002,96,-0.004999999999999977,,,,0.014531883313949895,0.22711944444444443
2023-02-27,0.2022,30,0.19075,93,-0.011449999999999988,,,,-0.21390597811612214,0.22734722222222226
2023-02-28,0.19355,30,0.18695,92,-0.006599999999999995,,,,-0.03268841930966831,0.22758809523809523
2023-03-01,0.19895000000000002,30,0.19065000000000001,91,-0.008300000000000002,,,,-0.09036192143803416,0.22783115079365082
2023-03-02,0.18975,29,0.18425000000000002,90,-0.005499999999999977,,,,0.01655954203423648,0.22806785714285716
2023-03-03,0.1651,31,0.1804,89,0.015300000000000008,,,,0.7806515860817118,0.22821309523809524
2023-03-06,0.16845,30,0.1759,86,0.007450000000000012,,,,0.4986098774700451,0.22837083333333333
2023-03-07,0.1896,30,0.1815,85,-0.008099999999999996,,,,-0.06756363718029147,0.22862876984126984
2023-03-08,0.17635,29,0.17925000000000002,84,0.0029000000000000137,,,,0.34647218061720125,0.22884940476190474
2023-03-09,0.21195000000000003,28,0.19855,83,-0.013400000000000023,,,,-0.25409064917608837,0.2291954365079365
2023-03-10,0.22820000000000001,31,0.20955000000000001,82,-0.01865,,,,-0.4760672300222185,0.2289936507936508
2023-03-13,0.2431,30,0.22195,95,-0.021150000000000002,,,,-0.5684593883936828,0.22927123015873016
2023-03-14,0.21545000000000003,30,0.20625000000000002,94,-0.009200000000000014,,,,-0.12831271136671266,0.22903174603174606
2023-03-15,0.22890000000000002,30,0.22145,93,-0.007450000000000012,,,,-0.05546326755506146,0.22932698412698413
2023-03-16,0.20065,29,0.20140000000000002,92,0.0007500000000000284,,,,0.26840385543398465,0.22946785714285717
2023-03-17,0.22725,31,0.22345,91,-0.003799999999999998,,,,0.07396278717487799,0.22926904761904762
2023-03-20,0.21625,30,0.21175,88,-0.004500000000000004,,,,0.04575280768952322,0.22941150793650794
2023-03-21,0.19140000000000001,30,0.1976,87,0.006199999999999983,,,,0.48271201119563967,0.22907261904761905
2023-03-22,0.20500000000000002,30,0.2076,86,0.002599999999999991,,,,0.32315893618891856,0.22872996031746035
2023-03-23,0.20400000000000001,29,0.20729999999999998,85,0.0032999999999999696,,,,0.34714246090876033,0.22839087301587305
2023-03-24,0.1923,31,0.20375,84,0.011449999999999988,,,,0.709226979803978,0.22828789682539682
2023-03-28,0.18175000000000002,30,0.19295,94,0.011199999999999988,,,,0.6923004612341754,0.22789107142857143
2023-03-29,0.17385,30,0.1842,93,0.010349999999999998,,,,0.6489050795345264,0.22740059523809525
2023-03-30,0.16865000000000002,29,0.18275000000000002,92,0.014100000000000001,,,,0.8148779728387703,0.2269220238095238
2023-03-31,0.15550000000000003,31,0.17765,91,0.022149999999999975,,,,1.17610745292188,0.22648174603174606
2023-04-03,0.16365000000000002,30,0.17420000000000002,88,0.010550000000000004,,,,0.6365968657474639,0.22610396825396825
2023-04-04,0.16615000000000002,30,0.17825000000000002,87,0.0121,,,,0.7067183642034127,0.22560773809523813
2023-04-05,0.17070000000000002,30,0.1796,86,0.008899999999999991,,,,0.5503088070017675,0.22536329365079366
2023-04-06,0.1711,29,0.17505,85,0.003950000000000009,,,,0.31044112528728973,0.22491646825396824
2023-04-10,0.17010000000000003,30,0.17654999999999998,81,0.006449999999999956,,,,0.42852956307024825,0.22475873015873016
2023-04-11,0.17625000000000002,30,0.1753,80,-0.0009500000000000064,,,,0.06371193771233341,0.22461904761904763
2023-04-12,0.17145,30,0.17720000000000002,100,0.005750000000000033,,,,0.3893169362795114,0.22416150793650794
2023-04-13,0.1564,29,0.16865000000000002,99,0.012250000000000011,,,,0.7300115180740551,0.22362103174603173
2023-04-14,0.1507,31,0.16515000000000002,98,0.014450000000000018,,,,0.8432079844688822,0.2234736111111111
2023-04-17,0.14565,30,0.1615,95,0.015850000000000003,,,,0.9427074371269806,0.2229172619047619
2023-04-18,0.1438,30,0.16015000000000001,94,0.016350000000000003,,,,0.9662257038320844,0.22269642857142857
2023-04-19,0.14245000000000002,30,0.15935,93,0.01689999999999997,,,,0.9903676786338209,0.22234980158730158
2023-04-20,0.1497,29,0.16090000000000002,92,0.011200000000000015,,,,0.6663084680029552,0.22197500000000003
2023-04-21,0.14285,31,0.15955000000000003,91,0.01670000000000002,,,,0.9671557534616079,0.22169761904761906
2023-04-24,0.14550000000000002,30,0.16215000000000002,88,0.016649999999999998,,,,0.99772244369283,0.22107242063492066
2023-04-25,0.16995,30,0.17775000000000002,87,0.007800000000000029,,,,0.4676904665592108,0.22077103174603177
2023-04-26,0.17060000000000003,30,0.17604999999999998,86,0.005449999999999955,,,,0.3208129178507082,0.22036349206349207
2023-04-27,0.14455,29,0.1559,95,0.011349999999999999,,,,0.6786945658961954,0.21972738095238098
2023-04-28,0.2114,28,0.1575,94,-0.0539,,,,-3.422223688190736,0.2193140873015873
2023-05-01,0.13115,30,0.15605000000000002,91,0.024900000000000033,,,,1.5758616502165659,0.21860376984126986
2023-05-02,0.15255000000000002,30,0.1674,90,0.014849999999999974,,,,0.9094095776565668,0.2182781746031746
2023-05-03,0.1665,30,0.1774,89,0.010899999999999993,,,,0.6477329097376662,0.21783789682539684
2023-05-04,0.1753,29,0.18470000000000003,88,0.00940000000000002,,,,0.5414539292692604,0.21739404761904763
2023-05-05,0.14155,31,0.1649,87,0.023349999999999982,,,,1.475086850818539,0.21692718253968257
2023-05-08,0.14255,30,0.16325,84,0.020699999999999996,,,,1.2875533461983069,0.21643630952380954
2023-05-09,0.15315,30,0.16825,83,0.015100000000000002,,,,0.8995140396896274,0.21597777777777777
2023-05-10,0.14615,30,0.16045,82,0.014300000000000007,,,,0.8401961438317584,0.21532261904761907
2023-05-11,0.13874999999999998,29,0.16570000000000001,99,0.02695000000000003,,,,1.7000441303920104,0.21467519841269841
2023-05-12,0.13645000000000002,31,0.1641,98,0.02764999999999998,,,,1.733729636429064,0.21410773809523811
2023-05-15,0.14025,30,0.1583,95,0.018049999999999983,,,,1.064108995458941,0.21360396825396827
2023-05-16,0.15445,30,0.16675,94,0.012300000000000005,,,,0.661479438121812,0.21315218253968254
2023-05-17,0.14005,30,0.15610000000000002,93,0.01605000000000001,,,,0.9132206627408358,0.2125996031746032
2023-05-18,0.13175,29,0.1488,92,0.017049999999999982,,,,0.9747532263410665,0.2120948412698413
2023-05-19,0.1385,28,0.1531,91,0.014600000000000002,,,,0.8006713700776498,0.21174900793650794
2023-05-22,0.13924999999999998,30,0.15560000000000002,88,0.01635000000000003,,,,0.9162901148710186,0.21146329365079367
2023-05-23,0.1506,30,0.16245,87,0.01185,,,,0.607047452256533,0.21130714285714286
2023-05-25,0.1523,29,0.16285,85,0.010550000000000004,,,,0.5179945299130446,0.21114900793650793
2023-05-26,0.13975,31,0.15415,84,0.014399999999999996,,,,0.7825585298358154,0.21098075396825397
2023-05-31,0.14365,30,0.15375,92,0.010099999999999998,,,,0.48625207054191516,0.2107888888888889
2023-06-01,0.1271,29,0.15050000000000002,91,0.023400000000000032,,,,1.3987532466701043,0.21059285714285714
2023-06-02,0.11455000000000001,31,0.13035000000000002,90,0.01580000000000001,,,,0.8781566917973569,0.21039365079365077
2023-06-05,0.11425,30,0.1326,87,0.01834999999999999,,,,1.0579808461036253,0.2102347222222222
2023-06-06,0.11215,30,0.13,86,0.017850000000000005,,,,1.0251279353505571,0.21007956349206353
2023-06-07,0.11285,30,0.13535000000000003,85,0.02250000000000002,,,,1.343853736449582,0.20989404761904765
2023-06-08,0.1086,29,0.1271,84,0.01849999999999999,,,,1.0663572319473213,0.2096353174603175
2023-06-09,0.1073,31,0.12940000000000002,83,0.02210000000000001,,,,1.3192690202406658,0.20945515873015874
2023-06-12,0.11830000000000002,30,0.12815000000000001,95,0.009849999999999998,,,,0.47799851506881763,0.2093359126984127
2023-06-13,0.1155,30,0.13345,94,0.017950000000000008,,,,1.0391243046335097,0.20912519841269842
2023-06-14,0.11480000000000001,30,0.13295,93,0.01815,,,,1.0495103753933794,0.20885456349206352
2023-06-15,0.11845,29,0.1326,92,0.014149999999999996,,,,0.7721065995797954,0.2086125
2023-06-16,0.11180000000000001,31,0.13225,91,0.020449999999999996,,,,1.2063507073895985,0.20837202380952383
2023-06-20,0.11755000000000002,30,0.1345,87,0.016949999999999993,,,,0.9594001497584256,0.20801984126984127
2023-06-21,0.11380000000000001,30,0.13185000000000002,86,0.01805000000000001,,,,1.0296251943375656,0.20765
2023-06-22,0.10955000000000001,29,0.12945,85,0.0199,,,,1.1535007482646855,0.20736329365079367
2023-06-23,0.1089,31,0.13065000000000002,84,0.02175000000000002,,,,1.2736059583241697,0.20701607142857142
2023-06-26,0.11915,30,0.1348,95,0.015649999999999997,,,,0.8528732200586508,0.20670972222222223
2023-06-27,0.11320000000000001,30,0.12645,94,0.013249999999999998,,,,0.6878623937161294,0.20643948412698412
2023-06-28,0.13925,30,0.1417,93,0.00244999999999998,,,,-0.04895109838952932,0.20628611111111114
2023-06-29,0.11130000000000001,29,0.12635000000000002,92,0.015050000000000008,,,,0.8115317857747839,0.2059392857142857
2023-06-30,0.1054,31,0.12330000000000002,91,0.017900000000000027,,,,0.9997078298192777,0.20541011904761905
2023-07-03,0.1102,30,0.11950000000000001,88,0.009300000000000003,,,,0.4097655494910059,0.20492460317460318
2023-07-05,0.11735000000000001,30,0.1295,86,0.012149999999999994,,,,0.5983573301345052,0.20428353174603175
2023-07-06,0.1282,29,0.1378,85,0.009599999999999997,,,,0.4180441795535092,0.20371904761904763
2023-07-07,0.12050000000000001,31,0.1361,84,0.015599999999999989,,,,0.824158363258056,0.20322420634920635
2023-07-10,0.12390000000000001,30,0.13615,81,0.012249999999999983,,,,0.5881935467708143,0.20262301587301587
2023-07-11,0.12290000000000001,30,0.13140000000000002,80,0.008500000000000008,,,,0.32492748313617204,0.20203690476190475
2023-07-12,0.1177,30,0.13185,100,0.014149999999999996,,,,0.7089894111588475,0.20149781746031747
2023-07-13,0.11225000000000002,29,0.12615,99,0.013899999999999996,,,,0.6882925609493518,0.2010684523809524
2023-07-14,0.10665000000000001,31,0.12565,98,0.019000000000000003,,,,1.0320657310247021,0.2004041666666667
2023-07-17,0.1111,30,0.12935000000000002,95,0.018250000000000016,,,,0.9733253446894616,0.1998204365079365
2023-07-18,0.11180000000000001,30,0.126,94,0.01419999999999999,,,,0.687902219709944,0.19905436507936508
2023-07-19,0.11555000000000001,30,0.13015000000000002,93,0.014600000000000002,,,,0.7092837593751697,0.19834742063492064
2023-07-20,0.12,29,0.12755,92,0.007550000000000001,,,,0.21303901605489917,0.19765000000000002
2023-07-21,0.1089,31,0.1245,91,0.015600000000000003,,,,0.7693840306146106,0.1969248015873016
2023-07-24,0.11325000000000002,30,0.12635000000000002,88,0.0131,,,,0.5891746529155931,0.19635396825396825
2023-07-25,0.11044999999999999,30,0.12855,87,0.018100000000000005,,,,0.9331142956222193,0.19578134920634924
2023-07-26,0.113,30,0.12400000000000001,86,0.01100000000000001,,,,0.43096046315228087,0.19526130952380955
2023-07-27,0.11865,29,0.12875,85,0.010099999999999998,,,,0.3624182026794129,0.19462400793650791
2023-07-28,0.1059,31,0.12525,95,0.019350000000000006,,,,1.0056686743778407,0.1939809523809524
2023-07-31,0.11280000000000001,30,0.127,92,0.01419999999999999,,,,0.6379381420897561,0.1934011904761905
2023-08-01,0.1159,30,0.12875,91,0.01285,,,,0.5384064780785383,0.1928392857142857
2023-08-02,0.1355,30,0.1428,90,0.007300000000000001,,,,0.1434031429635471,0.19231726190476192
2023-08-03,0.13490000000000002,29,0.14255,89,0.00764999999999999,,,,0.16379999686929864,0.1918180555555556
2023-08-04,0.13935000000000003,28,0.14645000000000002,88,0.007099999999999995,,,,0.1223127172537961,0.19138908730158732
2023-08-07,0.1261,30,0.13835,85,0.012250000000000011,,,,0.48477311240920934,0.19098611111111113
2023-08-08,0.13055,30,0.14165,84,0.011099999999999999,,,,0.3994966199719326,0.19055496031746033
2023-08-09,0.13885000000000003,30,0.14429999999999998,83,0.005449999999999955,,,,-0.002303545278048127,0.19016488095238096
2023-08-10,0.1346,29,0.1432,82,0.008599999999999997,,,,0.2196867682436147,0.18983174603174605
2023-08-11,0.1261,31,0.14585,98,0.019750000000000018,,,,1.002606910870589,0.18942837301587304
2023-08-14,0.12605,30,0.13990000000000002,95,0.013850000000000029,,,,0.5832701006926616,0.18903492063492064
2023-08-15,0.14085,30,0.14930000000000002,94,0.008450000000000013,,,,0.20230192339969166,0.1887386904761905
2023-08-16,0.14835,30,0.15615,93,0.007800000000000001,,,,0.15401896907227988,0.1883654761904762
2023-08-17,0.15365,29,0.1604,92,0.006749999999999978,,,,0.07874560449327991,0.18796587301587303
2023-08-18,0.14615,31,0.15835000000000002,91,0.012200000000000016,,,,0.4575118853519781,0.18738551587301588
2023-08-21,0.14595000000000002,30,0.1534,88,0.007449999999999984,,,,0.11363002547165917,0.18687579365079368
2023-08-22,0.1471,30,0.15325,87,0.006149999999999989,,,,0.016465132717102485,0.18641309523809524
2023-08-23,0.1424,30,0.14925,86,0.006849999999999995,,,,0.06267658236248363,0.18594861111111113
2023-08-24,0.15005000000000002,29,0.15400000000000003,85,0.003950000000000009,,,,-0.14982634205204218,0.1855013888888889
2023-08-25,0.1321,31,0.14725,84,0.015149999999999997,,,,0.6500933489799243,0.18502996031746036
2023-08-28,0.13065,30,0.1403,94,0.00965000000000002,,,,0.25486421268462156,0.18470912698412698
2023-08-29,0.1221,30,0.1361,93,0.013999999999999999,,,,0.5662440412368482,0.1843376984126984
2023-08-30,0.11845,30,0.1341,92,0.015649999999999997,,,,0.6827253948937018,0.18398650793650795
2023-08-31,0.11475,29,0.13115,91,0.016399999999999984,,,,0.7351935418532114,0.18367103174603175
2023-09-01,0.1061,31,0.1288,90,0.022699999999999998,,,,1.1795919604258673,0.18320813492063495
2023-09-05,0.1174,30,0.1301,86,0.012699999999999989,,,,0.4594238862985652,0.18274940476190477
2023-09-06,0.12385000000000002,30,0.13085,85,0.0069999999999999785,,,,0.04867553271922922,0.18230674603174604
2023-09-07,0.1261,29,0.13555,84,0.009450000000000014,,,,0.2211709467972051,0.18187261904761903
2023-09-08,0.1175,31,0.13230000000000003,83,0.014800000000000035,,,,0.6006443744679412,0.18142996031746034
2023-09-11,0.11505000000000001,30,0.132,95,0.016949999999999993,,,,0.7506685450853867,0.1809795634920635
2023-09-12,0.12355000000000001,30,0.13515,94,0.011599999999999985,,,,0.3633666290097098,0.18050099206349207
2023-09-13,0.1168,30,0.13135000000000002,93,0.014550000000000021,,,,0.5715374307873161,0.18008055555555555
2023-09-14,0.10800000000000001,29,0.12565,92,0.01765,,,,0.7896870662557126,0.17965932539682541
2023-09-15,0.11425,31,0.13205,91,0.017799999999999996,,,,0.8014875952479678,0.17931944444444448
2023-09-18,0.11995,30,0.13275,88,0.012800000000000006,,,,0.4422610447033529,0.17895099206349205
2023-09-19,0.12335,30,0.1336,87,0.010249999999999995,,,,0.25769132874324074,0.17848690476190476
2023-09-20,0.13575,30,0.14040000000000002,86,0.004650000000000015,,,,-0.1444371017058759,0.17807956349206353
2023-09-21,0.1516,29,0.1527,85,0.0010999999999999899,,,,-0.39969800415011314,0.17771269841269843
2023-09-22,0.14890000000000003,31,0.1524,84,0.0034999999999999754,,,,-0.22818559359671897,0.1773406746031746
2023-09-25,0.1489,30,0.15285,95,0.003950000000000009,,,,-0.19753769342424113,0.17697380952380953
2023-09-26,0.16835,30,0.16775,94,-0.0005999999999999894,,,,-0.5272623955446659,0.17662341269841272
2023-09-27,0.16260000000000002,30,0.16325,93,0.0006499999999999839,,,,-0.44181443667295733,0.17621646825396828
2023-09-28,0.15375,29,0.15585,92,0.0020999999999999908,,,,-0.3408257170186387,0.1757996031746032
2023-09-29,0.14679999999999999,31,0.15715,91,0.010350000000000026,,,,0.25010152165981536,0.17531428571428573
2023-10-02,0.16185,30,0.1587,88,-0.003149999999999986,,,,-0.7360352258360533,0.17479583333333334
2023-10-03,0.1744,30,0.17315000000000003,87,-0.0012499999999999734,,,,-0.6094458239068213,0.17431686507936509
2023-10-04,0.1674,30,0.16515000000000002,86,-0.0022499999999999742,,,,-0.6884907850366363,0.17389722222222226
2023-10-05,0.16545,29,0.16435,85,-0.0011000000000000176,,,,-0.6127973878662276,0.17341428571428572
2023-10-06,0.15465,31,0.15845,84,0.003799999999999998,,,,-0.25317267002431487,0.17292916666666666
2023-10-09,0.1573,30,0.15755,81,0.0002500000000000002,,,,-0.5220312400750505,0.17248531746031745
2023-10-10,0.14315,30,0.15155000000000002,80,0.008400000000000019,,,,0.080558799949949,0.17202063492063493
2023-10-11,0.14155,30,0.1487,100,0.00714999999999999,,,,-0.01819362269447489,0.17154900793650793
2023-10-12,0.14500000000000002,29,0.1506,99,0.005599999999999994,,,,-0.1423794601856597,0.17102718253968258
2023-10-13,0.1518,31,0.16275,98,0.010950000000000015,,,,0.25716050469939494,0.17053234126984126
2023-10-16,0.1513,30,0.1528,95,0.0015000000000000013,,,,-0.4677698976687875,0.16996607142857145
2023-10-17,0.14655,30,0.15460000000000002,94,0.008050000000000002,,,,0.023592454207749504,0.16934563492063492
2023-10-18,0.16805,30,0.1666,93,-0.0014500000000000068,,,,-0.7321753082811923,0.16878988095238098
2023-10-19,0.181,29,0.1766,92,-0.004399999999999987,,,,-0.9824650189388565,0.1683311507936508
2023-10-20,0.1865,31,0.1814,91,-0.005099999999999993,,,,-1.0493808170171175,0.16791507936507935
2023-10-23,0.18455,30,0.17685,88,-0.007699999999999985,,,,-1.2724626483644492,0.16749742063492062
2023-10-24,0.1655,31,0.16715000000000002,87,0.0016500000000000126,,,,-0.5275244324685977,0.16702321428571432
2023-10-25,0.18045,30,0.1785,86,-0.0019500000000000073,,,,-0.8316942280280648,0.16661130952380954
2023-10-26,0.18345,29,0.18165000000000003,85,-0.0017999999999999683,,,,-0.8284048200701025,0.16622103174603173
2023-10-27,0.18545,31,0.18480000000000002,84,-0.0006499999999999839,,,,-0.7385195894182689,0.165875
2023-10-30,0.1592,30,0.17070000000000002,93,0.01150000000000001,,,,0.25863860084412427,0.16539126984126987
2023-10-31,0.1608,30,0.1637,92,0.0029000000000000137,,,,-0.46671457733995053,0.164968253968254
2023-11-01,0.14890000000000003,30,0.15635,91,0.007449999999999957,,,,-0.08985907877243667,0.16453769841269839
2023-11-02,0.1346,29,0.14555,90,0.010950000000000015,,,,0.19873373301675323,0.16405575396825398
2023-11-03,0.12485,31,0.1407,89,0.01584999999999999,,,,0.6079018374786438,0.16360000000000002
2023-11-06,0.12610000000000002,30,0.13740000000000002,86,0.011300000000000004,,,,0.21912777833035846,0.16313888888888892
2023-11-07,0.1223,30,0.13755,85,0.01525,,,,0.5479430916611653,0.16265972222222225
2023-11-08,0.12179999999999999,30,0.13415,84,0.01235,,,,0.29758969778888683,0.16216785714285714
2023-11-09,0.13075,29,0.14,83,0.009250000000000008,,,,0.030973917213095604,0.16171666666666668
2023-11-10,0.1174,31,0.13045,82,0.013050000000000006,,,,0.35256098410420617,0.16127440476190477
2023-11-13,0.12855,30,0.1367,95,0.00814999999999999,,,,-0.0650128765140311,0.16087539682539684
2023-11-14,0.12225,30,0.13095,94,0.008700000000000013,,,,-0.020777446607151955,0.16041666666666665
2023-11-15,0.11760000000000001,30,0.1256,93,0.00799999999999998,,,,-0.0829559226437394,0.15991230158730158
2023-11-17,0.11115,31,0.12680000000000002,91,0.015650000000000025,,,,0.5664798933586652,0.15948075396825398
2023-11-20,0.10895,30,0.12400000000000001,88,0.015050000000000008,,,,0.5228853133450961,0.15912519841269843
2023-11-21,0.1073,30,0.12129999999999999,87,0.013999999999999985,,,,0.4296923824092983,0.158656746031746
2023-11-22,0.10735,30,0.12265000000000001,86,0.015300000000000008,,,,0.5364359100091093,0.1581781746031746
2023-11-24,0.1032,28,0.12015,84,0.016950000000000007,,,,0.672419108518759,0.15768373015873016
2023-11-27,0.10325000000000001,30,0.12345,94,0.020199999999999996,,,,0.9436445489236235,0.15720019841269842
2023-11-28,0.10525000000000001,30,0.12385,93,0.01859999999999999,,,,0.8026856615292385,0.15676785714285715
2023-11-29,0.11005000000000001,30,0.1262,92,0.016149999999999998,,,,0.5915118924005681,0.1563736111111111
2023-11-30,0.1074,29,0.124,91,0.016600000000000004,,,,0.6287808371589195,0.15601071428571428
2023-12-01,0.10845,28,0.1253,90,0.01684999999999999,,,,0.6505307026631444,0.15569027777777777
2023-12-04,0.11035,30,0.12705,87,0.016699999999999993,,,,0.6424064841825923,0.15540595238095237
2023-12-05,0.1119,30,0.12760000000000002,86,0.01570000000000002,,,,0.5572439934326794,0.15503988095238097
2023-12-06,0.1142,30,0.1321,85,0.0179,,,,0.7437554886110717,0.15468769841269842
2023-12-07,0.1125,29,0.12655,84,0.014049999999999993,,,,0.41539507075312,0.154375
2023-12-08,0.10265,31,0.12425,83,0.021599999999999994,,,,1.0598281148904272,0.15405257936507935
2023-12-11,0.10540000000000001,30,0.1269,95,0.021500000000000005,,,,1.0578755579709032,0.15379384920634923
2023-12-12,0.10225000000000001,30,0.1237,94,0.021449999999999997,,,,1.0532984324297785,0.15345039682539682
2023-12-13,0.1028,30,0.11960000000000001,93,0.01680000000000001,,,,0.6533252282717261,0.15304484126984128
2023-12-14,0.0993,29,0.12460000000000002,92,0.025300000000000017,,,,1.37190870975023,0.15259146825396827
2023-12-15,0.10135,28,0.12145,91,0.020100000000000007,,,,0.9228397448074929,0.15216904761904762
2023-12-18,0.10295000000000001,30,0.12380000000000001,88,0.020849999999999994,,,,0.9887832280664325,0.15176210317460317
2023-12-19,0.10750000000000001,30,0.1253,87,0.017799999999999983,,,,0.848931659714902,0.15088293650793652
2023-12-20,0.11605000000000001,30,0.13240000000000002,86,0.016350000000000003,,,,0.6917638439000555,0.15050952380952382
2023-12-21,0.11435000000000001,29,0.1301,85,0.015749999999999986,,,,0.6267417205352422,0.15016924603174603
2023-12-22,0.10745,31,0.12815,84,0.020699999999999982,,,,1.1383052225424617,0.14970436507936508
2023-12-26,0.11565,30,0.13175,93,0.016100000000000003,,,,0.6595387518236191,0.14935277777777778
2023-12-27,0.10830000000000001,30,0.12710000000000002,92,0.01880000000000001,,,,0.9425222955169956,0.14893313492063492
2023-12-28,0.1074,29,0.1265,91,0.019100000000000006,,,,0.9727722205830052,0.14854761904761904
2023-12-29,0.1044,31,0.12515,90,0.020750000000000005,,,,1.1473014407030468,0.14819722222222223
2024-01-02,0.1135,30,0.12880000000000003,86,0.015300000000000022,4742.83,13.200000000000001,15.48,0.5774987590085767,0.14785416666666668
2024-01-05,0.11495,31,0.12890000000000001,83,0.013950000000000018,4697.24,13.35,15.51,0.43884249670477143,0.14751765873015873
2024-01-08,0.11215,30,0.12365000000000001,80,0.01150000000000001,4763.54,13.08,15.14,0.1847535469267755,0.14714464285714285
2024-01-16,0.11955,30,0.12655,94,0.006999999999999992,4765.9800000000005,13.84,15.74,-0.2875560172880456,0.14676468253968256
2024-01-19,0.11135,28,0.12045,91,0.009099999999999997,4839.81,13.3,15.26,-0.061942512912537634,0.14639067460317462
2024-01-23,0.1073,30,0.11835000000000001,87,0.011050000000000004,4864.6,12.55,14.52,0.1514062812887843,0.14601964285714286
2024-01-29,0.10875000000000001,30,0.1206,92,0.011849999999999986,4927.93,13.6,15.22,0.2355098336954208,0.14558869047619047
2024-01-30,0.10765000000000001,30,0.11835000000000001,91,0.010700000000000001,4924.97,13.31,15.14,0.11065837019934,0.14517103174603174
2024-02-01,0.11905000000000002,29,0.12685,89,0.007799999999999974,4906.1900000000005,13.88,15.5,-0.20115548807462977,0.14477738095238094
2024-02-02,0.10775000000000001,31,0.12130000000000002,88,0.013550000000000006,4958.61,13.85,15.610000000000001,0.4118635303905809,0.14442619047619049
2024-02-05,0.10720000000000002,30,0.11935,85,0.01214999999999998,4942.81,13.67,15.33,0.26067630473226044,0.1440371031746032
2024-02-06,0.1053,30,0.11755000000000002,84,0.012250000000000011,4954.2300000000005,13.06,14.99,0.26504031182821136,0.14361488095238095
2024-02-07,0.10590000000000001,30,0.11555,83,0.009649999999999992,4995.06,12.83,14.85,-0.015718709288365922,0.1432406746031746
2024-02-08,0.10490000000000001,29,0.11575,82,0.010849999999999999,4997.91,12.790000000000001,14.93,0.11430461030333963,0.14296051587301586
2024-02-09,0.10490000000000001,28,0.11660000000000001,81,0.011700000000000002,5026.61,12.93,15.08,0.20555565597424028,0.1426968253968254
2024-02-16,0.11395,31,0.1259,91,0.011950000000000016,5005.57,14.24,15.860000000000001,0.2304275626520844,0.14244007936507938
2024-02-20,0.12605,30,0.13045,87,0.004400000000000015,4975.51,15.42,16.41,-0.5859189391842928,0.14214920634920636
2024-02-21,0.13015,30,0.13145,86,0.0013000000000000234,4981.8,15.34,16.23,-0.9169465060850739,0.14190496031746033
2024-02-26,0.11555000000000001,30,0.12185000000000001,95,0.0063,5069.53,13.74,15.22,-0.37716114725132444,0.14168452380952382
2024-02-27,0.11275000000000002,30,0.12125000000000001,94,0.008499999999999994,5078.18,13.43,14.89,-0.14597400641360342,0.14137876984126985
2024-02-28,0.11455,29,0.12100000000000001,93,0.006450000000000011,5069.76,13.84,15.22,-0.3672171130449665,0.14114563492063492
2024-03-06,0.12530000000000002,30,0.13005,86,0.0047499999999999765,5104.76,14.5,15.97,-0.5501313731634636,0.14096150793650794
2024-03-07,0.12295,29,0.128,85,0.005049999999999999,5157.36,14.44,15.91,-0.5178733941591103,0.1407797619047619
2024-03-11,0.1313,30,0.13285,81,0.0015499999999999958,5117.9400000000005,15.22,16.46,-0.8909668543100165,0.14065535714285715
2024-03-13,0.11615,30,0.1282,100,0.012050000000000005,5165.31,13.75,15.6,0.23779192915449993,0.14039166666666666
2024-03-14,0.1205,29,0.13055,99,0.010050000000000003,5150.4800000000005,14.4,16.12,0.01879779201678667,0.14019087301587302
2024-03-15,0.12305,31,0.13295,98,0.009900000000000006,5117.09,14.41,16.41,0.002529236318606568,0.1400452380952381
2024-03-18,0.12235,30,0.1318,95,0.00945,5149.42,14.33,16.22,-0.0467304137083313,0.13990496031746033
2024-03-19,0.11595,30,0.12825,94,0.012300000000000005,5178.51,13.82,15.77,0.2622378104847532,0.13974623015873017
2024-03-20,0.11435000000000001,30,0.1262,93,0.01185,5224.62,13.040000000000001,15.280000000000001,0.21440337066559323,0.13954484126984126
2024-03-21,0.1094,29,0.12375000000000001,92,0.014350000000000016,5241.53,12.92,15.18,0.4838407292655401,0.13934662698412698
2024-03-22,0.10425000000000001,31,0.12275000000000001,91,0.018500000000000003,5234.18,13.06,15.3,0.927436797769686,0.13905873015873016
2024-03-25,0.1114,30,0.1251,88,0.01369999999999999,5218.1900000000005,13.19,15.38,0.4052620915983593,0.13875714285714288
2024-03-26,0.11085,30,0.12530000000000002,87,0.014450000000000018,5203.58,13.24,15.290000000000001,0.48250833279225364,0.13846011904761904
2024-03-28,0.10625000000000001,29,0.12240000000000001,92,0.016149999999999998,5254.35,13.01,15.19,0.6598683952405381,0.1381309523809524
2024-04-01,0.11280000000000001,30,0.12510000000000002,88,0.012300000000000005,5243.77,13.65,15.52,0.23952203939073155,0.13787242063492064
2024-04-02,0.1254,30,0.1308,87,0.005399999999999988,5205.81,14.61,16.09,-0.5076238641214843,0.13770257936507938
2024-04-03,0.1266,30,0.13090000000000002,86,0.004300000000000026,5211.49,14.33,15.91,-0.6284350678540355,0.13747638888888888
2024-04-05,0.13335000000000002,31,0.13845000000000002,84,0.005099999999999993,5204.34,16.03,17.18,-0.5396583972428984,0.13730575396825398
2024-04-08,0.1507,30,0.14740000000000003,81,-0.0032999999999999696,5202.39,15.19,16.56,-1.473166139541951,0.13703809523809524
2024-04-09,0.13275,30,0.13455,80,0.001799999999999996,5209.91,14.98,16.42,-0.9276791818257717,0.1367331349206349
2024-04-10,0.13705,30,0.13885,100,0.001799999999999996,5160.64,15.8,17.04,-0.9384922943052438,0.13648948412698417
2024-04-11,0.1302,29,0.1355,99,0.005299999999999999,5199.06,14.91,16.490000000000002,-0.5557885927719328,0.13621111111111112
2024-04-12,0.14925,31,0.14875,98,-0.0005000000000000004,5123.41,17.31,18.2,-1.2214272236919375,0.13600099206349206
2024-04-15,0.1671,30,0.15815,95,-0.008949999999999986,5061.82,19.23,19.55,-2.1709852275146178,0.13589603174603176
2024-04-16,0.1619,30,0.1545,94,-0.00739999999999999,5051.41,18.400000000000002,18.84,-1.9981881315117576,0.13574900793650793
2024-04-18,0.1608,29,0.15430000000000002,92,-0.006499999999999978,5011.12,18.0,18.66,-1.8945597504821878,0.13563412698412702
2024-04-19,0.1617,31,0.15835,91,-0.0033500000000000196,4967.2300000000005,18.71,19.25,-1.5246978553895012,0.13562063492063492
2024-04-22,0.1479,30,0.14650000000000002,88,-0.0013999999999999846,5010.6,16.94,17.63,-1.2975190555328782,0.1355390873015873
2024-04-23,0.14195000000000002,30,0.1394,87,-0.0025500000000000245,5070.55,15.69,16.68,-1.434975142760202,0.13535000000000003
2024-04-24,0.13874999999999998,30,0.13655,86,-0.0021999999999999797,5071.63,15.97,16.84,-1.3898153416186132,0.13520079365079368
2024-04-25,0.14925,29,0.1443,85,-0.004949999999999982,5048.42,15.370000000000001,16.37,-1.7162826330071927,0.13495198412698411
2024-04-29,0.12765,30,0.13305,93,0.005399999999999988,5116.17,14.67,16.0,-0.5680420962473427,0.13455297619047618
2024-04-30,0.1358,30,0.13795000000000002,92,0.002150000000000013,5035.6900000000005,15.65,16.59,-0.9786700145651955,0.13412718253968256
2024-05-01,0.1388,30,0.14,91,0.0012000000000000066,5018.39,15.39,16.57,-1.105463379272231,0.13382301587301587
2024-05-02,0.13415000000000002,29,0.13645000000000002,90,0.0022999999999999965,5064.2,14.68,16.05,-0.9857818112892426,0.1334470238095238
2024-05-03,0.11605000000000001,31,0.12855,89,0.012499999999999983,5127.79,13.49,15.27,0.2372005821678545,0.1331113095238095
2024-05-06,0.11580000000000001,30,0.12495,86,0.009149999999999991,5180.74,13.49,15.02,-0.1744108686113389,0.13266904761904763
2024-05-07,0.11300000000000002,30,0.12300000000000001,85,0.009999999999999995,5187.7,13.23,14.950000000000001,-0.07871163517691022,0.1322593253968254
2024-05-08,0.11330000000000001,30,0.12135,84,0.008049999999999988,5187.67,13.0,14.9,-0.31812332149713257,0.13194940476190475
2024-05-09,0.11025000000000001,29,0.12005,83,0.00979999999999999,5214.08,12.69,14.71,-0.10780084601139206,0.1315734126984127
2024-05-13,0.11985000000000001,30,0.1242,95,0.004349999999999993,5221.42,13.6,14.89,-0.7764568049822194,0.13123948412698414
2024-05-14,0.1165,31,0.12030000000000002,94,0.0038000000000000117,5246.68,13.42,14.700000000000001,-0.8389894262415118,0.1309386904761905
2024-05-16,0.1052,29,0.11515,92,0.00995,5297.1,12.42,14.22,-0.08552095983282552,0.13063492063492063
2024-05-17,0.10215,35,0.11455,91,0.012399999999999994,5303.27,11.99,13.99,0.21338277032070604,0.13035039682539684
2024-05-20,0.10365,29,0.11480000000000001,88,0.011150000000000007,5308.13,12.15,14.11,0.06183109859339633,0.13009246031746033
2024-05-21,0.10145000000000001,30,0.11410000000000001,87,0.012649999999999995,5321.41,11.86,13.950000000000001,0.251085365938109,0.1298779761904762
2024-05-22,0.0991,30,0.11365,86,0.014550000000000007,5307.01,12.290000000000001,14.31,0.4824591670303744,0.1296218253968254
2024-05-23,0.1042,29,0.11685000000000001,85,0.012650000000000008,5267.84,12.77,14.67,0.24873570200469156,0.12937599206349207
2024-05-28,0.1047,31,0.11680000000000001,94,0.012100000000000014,5306.04,12.92,14.72,0.1796090862548639,0.12911408730158733
2024-05-29,0.11560000000000001,30,0.12190000000000001,93,0.0063,5266.95,14.280000000000001,15.450000000000001,-0.5345395036547561,0.12889384920634922
2024-05-30,0.12005,29,0.12430000000000001,92,0.004250000000000004,5235.4800000000005,14.47,15.59,-0.7849745932227731,0.1286952380952381
2024-06-03,0.11055000000000001,30,0.12065000000000001,88,0.010099999999999998,5283.400000000001,13.11,14.8,-0.07186757293333237,0.1284345238095238
2024-06-04,0.11455000000000001,31,0.12105,87,0.006499999999999992,5291.34,13.16,14.88,-0.516471689312529,0.12820873015873016
2024-06-05,0.10935,30,0.11780000000000002,86,0.008450000000000013,5354.03,12.63,14.540000000000001,-0.27397002813641225,0.12802202380952382
2024-06-07,0.1009,31,0.11535000000000001,84,0.014450000000000005,5346.99,12.22,14.41,0.46634394298727105,0.12782440476190476
2024-06-10,0.10715,30,0.11760000000000001,81,0.010450000000000015,5360.79,12.74,14.6,-0.024574778253650578,0.12767162698412698
2024-06-12,0.10175000000000001,30,0.11810000000000001,100,0.016350000000000003,5421.03,12.040000000000001,14.120000000000001,0.703995118207569,0.1275047619047619
2024-06-14,0.09955,31,0.11865,98,0.019100000000000006,5431.6,12.66,14.84,1.0414825764832139,0.12733452380952381
2024-06-17,0.10735,30,0.12265000000000001,95,0.015300000000000008,5473.2300000000005,12.75,14.790000000000001,0.5703208594551678,0.12716646825396827
2024-06-18,0.10300000000000001,30,0.11995,94,0.016949999999999993,5487.03,12.3,14.69,0.7735487145355272,0.1270083333333333
2024-06-21,0.10980000000000001,31,0.126,91,0.016199999999999992,5464.62,13.200000000000001,15.17,0.6814196015124341,0.12686666666666668
2024-06-25,0.1078,24,0.1237,87,0.015899999999999997,5469.3,12.84,14.86,0.6401040008983182,0.12662003968253968
2024-06-26,0.10750000000000001,35,0.1172,86,0.009699999999999986,5477.900000000001,12.55,14.71,-0.12606395234987577,0.12636964285714286
2024-06-28,0.10925000000000001,33,0.121,94,0.011749999999999983,5460.4800000000005,12.44,14.52,0.12655079454511195,0.1262295634920635
2024-07-01,0.10125,30,0.1149,91,0.013649999999999995,5475.09,12.22,14.19,0.3794309470151782,0.12579246031746033
2024-07-02,0.10015,30,0.1126,90,0.012450000000000003,5509.01,12.030000000000001,14.01,0.21688738101684468,0.12566944444444444
2024-07-05,0.1014,31,0.11305000000000001,87,0.011650000000000008,5567.1900000000005,12.48,14.35,0.10368285762122423,0.12546646825396826
2024-07-08,0.10535,30,0.11415,84,0.008800000000000002,5572.85,12.370000000000001,14.290000000000001,-0.30533620734222344,0.12522380952380954
2024-07-09,0.10155,30,0.1145,83,0.012950000000000003,5576.9800000000005,12.51,14.39,0.28992280371856444,0.1249311507936508
2024-07-10,0.1053,30,0.1139,82,0.008599999999999997,5633.91,12.85,14.5,-0.3297422642841821,0.12478730158730159
2024-07-11,0.1086,29,0.12235,99,0.013749999999999998,5584.54,12.92,14.67,0.4216111330902381,0.12465257936507937
2024-07-12,0.10115000000000002,31,0.11775,98,0.016599999999999976,5615.35,12.46,14.370000000000001,0.8344764921942857,0.12444623015873016
2024-07-15,0.10815,30,0.12285,95,0.014700000000000005,5631.22,13.120000000000001,14.870000000000001,0.5581803289057853,0.12429543650793651
2024-07-16,0.1101,30,0.12115000000000001,94,0.011050000000000004,5667.2,13.19,14.91,0.03761754444349794,0.12418174603174603
2024-07-17,0.12145,30,0.12940000000000002,93,0.007950000000000013,5588.27,14.48,15.790000000000001,-0.4110908161088814,0.12412222222222222
2024-07-18,0.1313,29,0.1356,92,0.004299999999999998,5544.59,15.93,16.56,-0.9460750828870194,0.12408670634920635
2024-07-22,0.1255,30,0.13065,88,0.005149999999999988,5564.41,14.91,16.09,-0.814450730053487,0.1239718253968254
2024-07-23,0.12480000000000001,30,0.1302,87,0.005400000000000002,5555.74,14.72,16.01,-0.771117630754952,0.12391130952380953
2024-07-24,0.17075,30,0.1512,86,-0.019550000000000012,5427.13,18.04,18.43,-4.296460331357943,0.12406607142857144
2024-07-25,0.15965000000000001,29,0.1544,85,-0.005250000000000005,5399.22,18.46,18.69,-2.216358584870145,0.12415000000000001
2024-07-26,0.1402,31,0.1428,84,0.002600000000000019,5459.1,16.39,17.240000000000002,-1.0934656055710894,0.12415376984126984
2024-07-29,0.14485,30,0.1438,94,-0.0010499999999999954,5463.54,16.6,17.16,-1.5957022344996703,0.12413095238095237
2024-07-30,0.15245,30,0.1466,93,-0.005849999999999994,5436.4400000000005,17.69,18.01,-2.240857690481675,0.12413154761904761
2024-07-31,0.1477,30,0.14325000000000002,92,-0.004449999999999982,5522.3,16.36,16.97,-2.019618782446188,0.12416309523809524
2024-08-01,0.1622,29,0.15415,91,-0.008050000000000002,5446.68,18.59,19.14,-2.477630806917138,0.12423670634920636
2024-08-05,0.28125,30,0.25070000000000003,87,-0.030549999999999966,5186.33,38.57,33.71,-5.249998393035438,0.1248484126984127
2024-08-06,0.2156,30,0.19935000000000003,86,-0.016249999999999987,5240.03,27.71,26.76,-3.3039531384725,0.12524940476190477
2024-08-07,0.22885000000000003,30,0.20585,85,-0.02300000000000002,5199.5,27.85,27.01,-4.016112309664513,0.12570416666666667
2024-08-08,0.194,29,0.18085,84,-0.013149999999999995,5319.31,23.79,24.13,-2.748736089696326,0.12602896825396825
2024-08-09,0.16495,31,0.16305000000000003,83,-0.001899999999999985,5344.16,20.37,21.18,-1.3686977038244008,0.12623571428571428
2024-08-12,0.16710000000000003,30,0.16895,95,0.0018499999999999628,5344.39,20.71,21.63,-0.9041243284057103,0.12646785714285716
2024-08-13,0.1528,30,0.15865,94,0.005850000000000022,5434.43,18.12,19.86,-0.40991745177145905,0.1266484126984127
2024-08-14,0.1373,30,0.14755000000000001,93,0.010250000000000009,5455.21,16.19,18.45,0.12940270642014903,0.12672380952380952
2024-08-15,0.12535000000000002,29,0.14065,92,0.01529999999999998,5543.22,15.23,17.88,0.7507849367069738,0.12676289682539682
2024-08-16,0.1203,31,0.1422,91,0.02189999999999999,5554.25,14.8,17.81,1.5553853477966229,0.12678472222222223
2024-08-19,0.12165000000000001,30,0.13790000000000002,88,0.016250000000000014,5608.25,14.65,17.59,0.8618079005077581,0.12679742063492064
2024-08-20,0.1297,30,0.1432,87,0.013499999999999984,5597.12,15.88,18.28,0.5303801483480836,0.1268684523809524
2024-08-21,0.13080000000000003,30,0.14345000000000002,86,0.012649999999999995,5620.85,16.27,18.580000000000002,0.4287470872682532,0.12692103174603175
2024-08-22,0.14140000000000003,29,0.1508,85,0.009399999999999964,5570.64,17.55,19.36,0.03347519210720161,0.12703055555555554
2024-08-23,0.11985000000000001,31,0.13995000000000002,84,0.020100000000000007,5634.61,15.860000000000001,18.19,1.3518629135527882,0.12707142857142856
2024-08-26,0.12855,30,0.13985,95,0.011300000000000004,5616.84,16.15,18.25,0.27389440006913307,0.12714940476190476
2024-08-27,0.11900000000000001,30,0.1385,94,0.019500000000000003,5625.8,15.43,17.73,1.2846468674190492,0.12714880952380953
2024-08-28,0.13319999999999999,30,0.14315,93,0.009950000000000014,5592.18,17.11,18.900000000000002,0.10632897775696257,0.12722817460317462
2024-08-29,0.12765,29,0.14150000000000001,92,0.013850000000000001,5591.96,15.65,18.0,0.583249177841709,0.12718214285714285
2024-08-30,0.1107,31,0.13345,91,0.022750000000000006,5648.400000000001,15.0,17.43,1.672795312623663,0.1271797619047619
2024-09-03,0.14965,30,0.1627,87,0.013050000000000006,5528.93,20.72,21.7,0.4815844367228049,0.12735535714285715
2024-09-04,0.1632,30,0.16725,86,0.004049999999999998,5520.07,21.32,22.07,-0.6256872506333558,0.12756567460317458
2024-09-05,0.16275,29,0.16465000000000002,85,0.0019000000000000128,5503.41,19.900000000000002,20.93,-0.8845703366265002,0.12774583333333334
2024-09-06,0.18120000000000003,31,0.17985,84,-0.0013500000000000179,5408.42,22.38,22.740000000000002,-1.2751867743337382,0.12795615079365077
2024-09-09,0.16760000000000003,30,0.1679,81,0.00029999999999996696,5471.05,19.45,20.88,-1.0642207629493183,0.12814305555555555
2024-09-10,0.16040000000000001,30,0.1639,80,0.0034999999999999754,5495.52,19.080000000000002,20.55,-0.6672781922922376,0.12828789682539682
2024-09-11,0.1506,30,0.1575,100,0.0068999999999999895,5554.13,17.69,19.59,-0.24988356500066897,0.12839781746031745
2024-09-12,0.14095000000000002,29,0.15345000000000003,99,0.012500000000000011,5595.76,17.07,19.48,0.4371695725521363,0.12849007936507936
2024-09-13,0.12990000000000002,31,0.15245000000000003,98,0.022550000000000014,5626.02,16.56,19.28,1.6567956657557399,0.12856011904761905
2024-09-17,0.13725,30,0.15615,94,0.0189,5634.58,17.61,20.13,1.2116894549998478,0.12868154761904763
2024-09-18,0.1466,30,0.1574,93,0.010800000000000004,5618.26,18.23,20.35,0.2277621478745,0.12882242063492064
2024-09-19,0.1265,29,0.1452,92,0.018699999999999994,5713.64,16.330000000000002,19.07,1.1892666747492526,0.12888075396825396
2024-09-20,0.12045,31,0.14475,91,0.02429999999999999,5702.55,16.15,18.94,1.856847819948577,0.1289001984126984
2024-09-23,0.1225,30,0.14325000000000002,88,0.02075000000000002,5718.57,15.89,18.7,1.4142252343085666,0.12891011904761907
2024-09-24,0.1147,30,0.14285,87,0.02815000000000001,5732.93,15.39,18.47,2.2811620973909714,0.12893313492063493
2024-09-25,0.12060000000000001,30,0.14550000000000002,86,0.024900000000000005,5722.26,15.41,18.57,1.8740268788954633,0.1289623015873016
2024-09-30,0.1331,30,0.1461,92,0.013000000000000012,5762.4800000000005,16.73,19.22,0.4619971397997215,0.12905218253968256
2024-10-01,0.14450000000000002,30,0.1582,91,0.01369999999999999,5708.75,19.26,20.89,0.543859265455246,0.12917718253968258
2024-10-02,0.1487,30,0.15755,90,0.008849999999999997,5709.54,18.900000000000002,20.59,-0.03315315859310789,0.1292964285714286
2024-10-03,0.15465,29,0.1618,89,0.00714999999999999,5699.9400000000005,20.490000000000002,21.63,-0.23051066333986964,0.12948988095238095
2024-10-04,0.13455,31,0.15295,88,0.0184,5751.07,19.21,20.650000000000002,1.1092686403286534,0.12957619047619048
2024-10-07,0.1748,30,0.16595000000000001,85,-0.008849999999999997,5695.9400000000005,22.64,22.59,-2.11133675087226,0.12980992063492064
2024-10-08,0.16885,30,0.15710000000000002,84,-0.011749999999999983,5751.13,21.42,21.52,-2.416684171051979,0.1299422619047619
2024-10-10,0.16405000000000003,29,0.15345,82,-0.010600000000000026,5780.05,20.93,21.02,-2.2508093854019955,0.13005793650793654
2024-10-11,0.1569,31,0.15315,98,-0.0037500000000000033,5815.03,20.46,20.77,-1.447652487437373,0.1301275793650794
2024-10-14,0.15605000000000002,30,0.14930000000000002,95,-0.006750000000000006,5859.85,19.7,20.12,-1.773775438071042,0.1302464285714286
2024-10-15,0.1625,30,0.15445000000000003,94,-0.008049999999999974,5815.26,20.64,20.8,-1.9003048284277353,0.1303732142857143
2024-10-16,0.15375,30,0.1477,93,-0.00605,5842.47,19.580000000000002,20.32,-1.6590200975723945,0.13043234126984127
2024-10-17,0.1496,29,0.1441,92,-0.005500000000000005,5841.47,19.11,19.81,-1.582518359344141,0.13049186507936508
2024-10-18,0.14155,31,0.14275,91,0.0011999999999999789,5864.67,18.03,19.19,-0.8219645868893235,0.13055317460317462
2024-10-21,0.14595000000000002,30,0.1437,88,-0.0022500000000000298,5853.9800000000005,18.37,19.240000000000002,-1.2010058061881201,0.13063214285714286
2024-10-22,0.1489,30,0.14250000000000002,87,-0.006399999999999989,5851.2,18.2,19.17,-1.6520149384362344,0.1306640873015873
2024-10-24,0.16015000000000001,29,0.15185,85,-0.008300000000000002,5809.86,19.080000000000002,19.85,-1.844712896862045,0.1307109126984127
2024-10-28,0.16585,30,0.1549,95,-0.010949999999999988,5823.52,19.8,20.17,-2.1123105619825786,0.1307593253968254
2024-11-01,0.16995000000000002,31,0.16385,91,-0.006100000000000022,5728.8,21.88,21.91,-1.5632470565677845,0.13085376984126984
2024-11-04,0.17875000000000002,30,0.1635,88,-0.015250000000000014,5712.6900000000005,21.98,21.57,-2.523473965353631,0.13098392857142857
2024-11-06,0.1277,30,0.13415,86,0.0064499999999999835,5929.04,16.27,17.67,-0.17575814439552664,0.13090694444444442
2024-11-07,0.1202,29,0.12905,85,0.008849999999999997,5973.1,15.200000000000001,16.95,0.08306128587215873,0.1308188492063492
2024-11-08,0.113,31,0.1275,84,0.014499999999999999,5995.54,14.94,16.830000000000002,0.6894854699266619,0.13067182539682543
2024-11-11,0.1184,30,0.12840000000000001,81,0.010000000000000009,6001.35,14.97,16.8,0.2052803052676278,0.13061746031746033
2024-11-12,0.1172,30,0.12890000000000001,80,0.011700000000000016,5983.99,14.71,16.71,0.388341234836657,0.1305640873015873
2024-11-13,0.11480000000000001,30,0.1285,100,0.01369999999999999,5985.38,14.02,16.51,0.6049796301926272,0.13053511904761908
2024-11-14,0.11445000000000001,29,0.12925,99,0.014799999999999994,5949.17,14.31,16.68,0.7246124110026275,0.13051924603174603
2024-11-15,0.1255,31,0.1408,98,0.015300000000000008,5870.62,16.14,17.81,0.7795301028437642,0.13056190476190477
2024-11-18,0.12655,30,0.1345,95,0.007950000000000013,5893.62,15.58,17.19,-0.010281071602717387,0.13064305555555558
2024-11-19,0.13355,30,0.13840000000000002,94,0.004850000000000021,5916.9800000000005,16.35,17.69,-0.3444463633401806,0.13070714285714286
2024-11-20,0.13540000000000002,30,0.14085000000000003,93,0.00545000000000001,5917.11,17.16,18.26,-0.2784071120347325,0.13075297619047618
2024-11-21,0.13395,29,0.1371,92,0.003149999999999986,5948.71,16.87,18.18,-0.525831068073794,0.13078412698412697
2024-11-22,0.11835000000000001,31,0.13305,91,0.01469999999999999,5969.34,15.24,17.3,0.7310999630409342,0.1307875
2024-11-25,0.10905000000000001,29,0.1255,88,0.016449999999999992,5987.37,14.6,16.87,0.921945633905939,0.13076369047619046
2024-11-26,0.10655,30,0.12564999999999998,87,0.019099999999999978,6021.63,14.1,16.53,1.204015277705986,0.13069623015873016
2024-11-27,0.1047,30,0.12505,93,0.020349999999999993,5998.74,14.1,16.6,1.3337996368670184,0.13064821428571427
2024-12-02,0.09920000000000001,29,0.12285000000000001,88,0.023650000000000004,6047.150000000001,13.34,16.34,1.6826281048566032,0.13061329365079363
2024-12-03,0.09840000000000002,30,0.12279999999999999,87,0.024399999999999977,6049.88,13.3,16.240000000000002,1.7537479477338993,0.13055039682539685
2024-12-04,0.09615000000000001,30,0.1217,86,0.02554999999999999,6086.49,13.450000000000001,16.39,1.859869677373348,0.1304559523809524
2024-12-05,0.0795,29,0.12235000000000001,85,0.04285000000000001,6075.11,13.540000000000001,16.580000000000002,3.5969719589621456,0.13028194444444444
2024-12-06,0.08945,31,0.12115000000000001,84,0.031700000000000006,6090.27,12.77,16.32,2.3988418292892413,0.1300982142857143
2024-12-09,0.10445000000000002,30,0.1281,81,0.023649999999999977,6052.85,14.19,17.09,1.5560853694806276,0.12991111111111112
2024-12-10,0.10285,30,0.1283,80,0.02545,6034.91,14.18,16.98,1.7221371195217712,0.12972837301587303
2024-12-11,0.10090000000000002,30,0.12975,100,0.028849999999999987,6084.1900000000005,13.58,16.88,2.0421179515612136,0.12953789682539682
2024-12-12,0.10350000000000001,29,0.1287,99,0.0252,6051.25,13.92,17.35,1.656604081390519,0.12928055555555557
2024-12-13,0.09965,31,0.12845,98,0.028800000000000006,6051.09,13.81,17.150000000000002,1.9944592159331487,0.12903075396825395
2024-12-16,0.112,30,0.13355,95,0.02155,6074.08,14.69,17.57,1.2587440421791298,0.12886507936507938
2024-12-17,0.1167,30,0.13465,94,0.017949999999999994,6050.61,15.870000000000001,18.13,0.8950759774338664,0.12874563492063495
2024-12-18,0.17925000000000002,30,0.17555,93,-0.003700000000000009,5872.16,27.62,24.240000000000002,-1.2615162869897334,0.12881468253968253
2024-12-19,0.17605,29,0.17704999999999999,92,0.0009999999999999731,5867.08,24.09,24.14,-0.7948792648156834,0.12882123015873018
2024-12-20,0.1476,28,0.1517,91,0.0040999999999999925,5930.85,18.36,20.1,-0.48934132054629226,0.12874265873015875
2024-12-23,0.1321,30,0.1454,88,0.013300000000000006,5974.07,16.78,18.650000000000002,0.4246865247015858,0.12861031746031748
2024-12-26,0.1095,29,0.12890000000000001,95,0.019400000000000014,6037.59,14.73,17.36,1.0272633119679684,0.12843115079365078
2024-12-27,0.1255,31,0.1383,94,0.012800000000000006,5970.84,15.950000000000001,18.07,0.36338600433546225,0.12830496031746033
2024-12-30,0.1385,30,0.14375,91,0.005249999999999977,5906.9400000000005,17.400000000000002,18.94,-0.3905234059098942,0.12828650793650795
2024-12-31,0.13685000000000003,30,0.14479999999999998,90,0.007949999999999957,5881.63,17.35,18.98,-0.1208281492062234,0.12826785714285716
2025-01-02,0.14745000000000003,29,0.14735,88,-0.00010000000000001674,5868.55,17.93,19.330000000000002,-0.9223244511302015,0.12827757936507939
2025-01-03,0.12725,31,0.1378,87,0.010550000000000004,5942.47,16.13,18.14,0.14142261823211236,0.12818015873015873
2025-01-06,0.1251,30,0.13615,84,0.011050000000000004,5975.38,16.04,18.03,0.1877779078311491,0.1280761904761905
2025-01-07,0.14605,30,0.14679999999999999,83,0.0007499999999999729,5909.03,17.82,19.19,-0.8379508610993844,0.12807420634920633
2025-01-08,0.1454,30,0.14515,82,-0.0002500000000000002,5918.25,17.7,19.34,-0.9387145027782678,0.12798432539682542
2025-01-10,0.15295,31,0.15685000000000002,97,0.0039000000000000146,5827.04,19.54,20.97,-0.5291130495276668,0.1278730158730159
2025-01-13,0.15655000000000002,30,0.15605000000000002,94,-0.0005000000000000004,5836.22,19.19,20.43,-0.973974335707056,0.1277541666666667
2025-01-14,0.1567,30,0.1547,93,-0.0020000000000000018,5842.91,18.71,19.990000000000002,-1.1305249684867495,0.1276436507936508
2025-01-15,0.1325,30,0.13840000000000002,92,0.005900000000000016,5949.91,16.12,18.23,-0.3366387232421183,0.1275126984126984
2025-01-16,0.13305,29,0.1366,91,0.0035499999999999976,5937.34,16.6,18.35,-0.576904454241439,0.12732460317460317
2025-01-17,0.12985000000000002,28,0.1355,90,0.005649999999999988,5996.66,15.97,18.19,-0.3685458134681504,0.1271119047619048
2025-01-21,0.119,30,0.12990000000000002,86,0.01090000000000002,6049.24,15.06,17.5,0.15872995382654614,0.12684821428571427
2025-01-22,0.1158,30,0.1278,85,0.011999999999999997,6086.37,15.1,17.81,0.2701194476372876,0.12667599206349206
2025-01-23,0.114,29,0.12960000000000002,84,0.015600000000000017,6118.71,15.02,17.52,0.6302754452303813,0.12649027777777777
2025-01-24,0.1114,31,0.12930000000000003,96,0.017900000000000027,6101.24,14.85,17.55,0.8582238525783558,0.12634146825396825
2025-01-27,0.13990000000000002,30,0.1431,93,0.0031999999999999806,6012.28,17.900000000000002,18.97,-0.62756292653762,0.12636250000000002
2025-01-28,0.13055,30,0.13475,92,0.004200000000000009,6067.7,16.41,18.13,-0.5218012247361065,0.12638511904761907
2025-01-29,0.13240000000000002,30,0.1362,91,0.00379999999999997,6039.31,16.56,18.150000000000002,-0.5589905101830653,0.12641011904761906
2025-01-30,0.1275,29,0.1335,90,0.006000000000000005,6071.17,15.84,17.91,-0.3327607093882206,0.12643075396825398
2025-01-31,0.12875,31,0.13735,89,0.008599999999999997,6040.53,16.43,18.43,-0.06796709705522587,0.12645833333333334
2025-02-03,0.1478,30,0.14815,86,0.00035000000000001696,5994.57,18.62,19.55,-0.8985568857579033,0.12652599206349208
2025-02-04,0.13585000000000003,31,0.13735,85,0.0014999999999999736,6037.88,17.21,18.64,-0.7769216036015951,0.12659920634920635
2025-02-05,0.12845,30,0.13405,84,0.005599999999999994,6061.4800000000005,15.77,17.96,-0.36158276524416716,0.12659880952380953
2025-02-06,0.12245,29,0.13030000000000003,83,0.007850000000000024,6083.57,15.5,17.94,-0.13397103255537413,0.12659960317460317
2025-02-07,0.1262,31,0.13640000000000002,82,0.010200000000000015,6025.99,16.54,18.63,0.10250811964088177,0.12663373015873017
2025-02-10,0.12735000000000002,30,0.13805,95,0.010699999999999987,6066.4400000000005,15.81,18.23,0.15511956005657335,0.12669801587301588
2025-02-11,0.127,31,0.13890000000000002,94,0.011900000000000022,6068.5,16.02,18.28,0.2778406918559884,0.12676964285714284
2025-02-12,0.13,30,0.13840000000000002,93,0.008400000000000019,6051.97,15.89,18.31,-0.07394498253578581,0.12685972222222222
2025-02-13,0.11215,29,0.09815,92,-0.013999999999999999,6115.07,15.1,17.84,-2.3057382455937585,0.12687876984126983
2025-02-14,0.11415,31,0.1333,91,0.01915,6114.63,14.77,17.81,1.0137610323554176,0.12692222222222221
2025-02-18,0.11675,30,0.12945,87,0.012700000000000003,6129.58,15.35,17.82,0.37188056781333817,0.12697579365079364
2025-02-19,0.1182,30,0.12895,86,0.01075000000000001,6144.150000000001,15.27,17.93,0.17968362297814572,0.12702718253968256
2025-02-20,0.12055,29,0.13135000000000002,85,0.010800000000000018,6117.52,15.66,18.01,0.1870253022116866,0.1270688492063492
2025-02-21,0.1432,31,0.14515,84,0.0019500000000000073,6013.13,18.21,19.48,-0.6976667785662496,0.1272109126984127
2025-02-24,0.1507,30,0.1515,95,0.0007999999999999952,5983.25,18.98,19.86,-0.8069693149501925,0.12737857142857145
2025-02-25,0.16075,30,0.15365,94,-0.007099999999999995,5955.25,19.43,20.03,-1.5863963922709543,0.12757857142857143
2025-02-26,0.15445,33,0.1527,93,-0.0017500000000000016,5956.06,19.1,19.75,-1.041882887692002,0.12774742063492064
2025-02-27,0.1776,32,0.16640000000000002,92,-0.011199999999999988,5861.57,21.13,21.22,-1.9645790517189328,0.12799900793650792
2025-02-28,0.15905000000000002,31,0.15575,91,-0.003300000000000025,5954.5,19.63,20.18,-1.1689975227590554,0.12818373015873016
2025-03-03,0.18995,30,0.1748,88,-0.015149999999999997,5849.72,22.78,22.18,-2.314112054721984,0.12853015873015874
2025-03-04,0.2058,31,0.1832,87,-0.02260000000000001,5778.150000000001,23.51,22.78,-2.9867720402882716,0.12892857142857145
2025-03-05,0.1899,30,0.1708,86,-0.019100000000000006,5842.63,21.93,21.72,-2.6039671522843366,0.1292763888888889
2025-03-07,0.19885000000000003,31,0.17920000000000003,84,-0.01965,5770.2,23.37,22.59,-2.610411781702773,0.1296575396825397
2025-03-10,0.2384,28,0.20645000000000002,81,-0.03194999999999998,5614.56,27.86,25.72,-3.6740400490297542,0.13020952380952383
2025-03-11,0.24015000000000003,30,0.20829999999999999,80,-0.031850000000000045,5572.07,26.92,25.34,-3.5615075106432093,0.13076031746031747
2025-03-12,0.2174,30,0.19165,100,-0.025750000000000023,5599.3,24.23,23.67,-2.947717400969627,0.1312144841269841
2025-03-13,0.2284,29,0.20325000000000001,99,-0.025149999999999978,5521.52,24.66,24.060000000000002,-2.8371966613949455,0.13169424603174604
2025-03-14,0.18775000000000003,31,0.17895,98,-0.00880000000000003,5638.9400000000005,21.77,22.17,-1.3845788971828943,0.13197876984126986
2025-03-17,0.17865000000000003,30,0.17500000000000002,95,-0.0036500000000000143,5675.12,20.51,21.3,-0.9247821995014792,0.13223392857142857
2025-03-18,0.19490000000000002,30,0.18275000000000002,94,-0.012149999999999994,5614.66,21.7,21.97,-1.6556396627054883,0.13258095238095238
2025-03-19,0.17775000000000002,29,0.17060000000000003,93,-0.00714999999999999,5675.29,19.900000000000002,20.830000000000002,-1.2076231009008995,0.13282738095238095
2025-03-20,0.17830000000000001,28,0.17125,92,-0.007050000000000001,5662.89,19.8,20.71,-1.1892200367248504,0.1331051587301587
2025-03-21,0.16705000000000003,31,0.1669,91,-0.000150000000000039,5667.56,19.28,20.35,-0.5803802874771112,0.13334186507936507
2025-03-24,0.15200000000000002,30,0.1574,88,0.005399999999999988,5767.57,17.48,19.04,-0.08932274519484469,0.13353075396825398
2025-03-25,0.14525000000000002,30,0.15105000000000002,87,0.0058,5776.650000000001,17.150000000000002,19.05,-0.05093655098293056,0.13365674603174604
2025-03-26,0.1605,30,0.16285,86,0.002349999999999991,5712.2,18.330000000000002,19.84,-0.3505336058447282,0.1338375
2025-03-27,0.1644,29,0.16445,85,0.00005000000000002225,5693.31,18.69,19.89,-0.5488414205195472,0.13404484126984126
2025-03-28,0.18445,31,0.1796,94,-0.004849999999999993,5580.9400000000005,21.650000000000002,22.01,-0.9739985725823013,0.13430238095238095
2025-03-31,0.1864,30,0.17980000000000002,91,-0.006599999999999995,5611.85,22.28,21.97,-1.119539218882214,0.13460019841269844
2025-04-01,0.1827,30,0.17765,90,-0.005049999999999999,5633.07,21.77,21.82,-0.9766313422594051,0.13489940476190476
2025-04-02,0.19890000000000002,30,0.1765,89,-0.02240000000000003,5670.97,21.51,21.45,-2.4536252250945547,0.13525714285714285
2025-04-03,0.25755,29,0.22485,88,-0.03270000000000001,5396.52,30.02,27.38,-3.2588819542902505,0.13585198412698415
2025-04-04,0.36515,31,0.30065000000000003,87,-0.06449999999999995,5074.08,45.31,36.71,-5.549271372788953,0.13682857142857144
2025-04-07,0.39835,30,0.3133,84,-0.08504999999999996,5062.25,46.980000000000004,36.88,-6.516911965566405,0.13798174603174604
2025-04-08,0.4243,30,0.33230000000000004,83,-0.09199999999999997,4982.77,52.33,41.5,-6.395354178338928,0.13924007936507937
2025-04-09,0.26675000000000004,30,0.241,82,-0.02575000000000005,5456.900000000001,33.62,29.92,-1.9895999939876428,0.139880753968254
2025-04-10,0.37640000000000007,22,0.2902,99,-0.08620000000000005,5268.05,40.72,35.71,-5.555196664912083,0.14095416666666666
2025-04-11,0.31270000000000003,35,0.27915,98,-0.033550000000000024,5363.36,37.56,33.910000000000004,-2.28491199347218,0.14177876984126983
2025-04-14,0.26385000000000003,30,0.24220000000000003,95,-0.021650000000000003,5405.97,30.89,29.63,-1.5461280319967134,0.14240952380952385
2025-04-15,0.25165000000000004,30,0.23775000000000002,94,-0.013900000000000023,5396.63,30.12,29.0,-1.0685408740604303,0.14295595238095238
2025-04-16,0.28554999999999997,30,0.25695,93,-0.02859999999999996,5275.7,32.64,30.94,-1.9347860495860163,0.1435888888888889
2025-04-17,0.26370000000000005,29,0.2459,92,-0.017800000000000038,5282.7,29.650000000000002,29.35,-1.2779974278946695,0.1441188492063492
2025-04-21,0.29860000000000003,30,0.26665,88,-0.031950000000000034,5158.2,33.82,31.830000000000002,-2.0967302100142504,0.1448452380952381
2025-04-22,0.2686,30,0.2491,87,-0.019500000000000017,5287.76,30.57,29.45,-1.3473120432862378,0.1454636904761905
2025-04-23,0.25155,30,0.23705,86,-0.014499999999999985,5375.86,28.45,28.02,-1.0447596052457053,0.1460073412698413
2025-04-24,0.23375,29,0.22400000000000003,85,-0.009749999999999981,5484.77,26.47,26.44,-0.760439076120611,0.14643769841269844
2025-04-25,0.21755000000000002,28,0.2119,84,-0.005650000000000016,5525.21,24.84,25.37,-0.5162162263689882,0.14681309523809524
2025-04-28,0.21045000000000003,30,0.21250000000000002,94,0.0020499999999999963,5528.75,25.150000000000002,25.73,-0.06309107414550785,0.14712718253968254
2025-04-29,0.2094,30,0.21095,93,0.0015499999999999958,5560.83,24.17,25.22,-0.0901183716099603,0.14749722222222225
2025-04-30,0.21765,30,0.21685,92,-0.0008000000000000229,5569.06,24.7,25.54,-0.22603846494936644,0.1478827380952381
2025-05-01,0.2081,29,0.2104,91,0.0022999999999999965,5604.14,24.6,25.490000000000002,-0.041658599154218455,0.1482202380952381
2025-05-02,0.1827,31,0.19965000000000002,90,0.01695000000000002,5686.67,22.68,24.0,0.8190136915897996,0.14845972222222223
2025-05-05,0.1951,30,0.20350000000000001,87,0.008400000000000019,5650.38,23.64,24.55,0.31674912652846154,0.14877380952380956
2025-05-06,0.2091,30,0.2121,86,0.0030000000000000027,5606.91,24.76,25.41,0.0008183420752723194,0.1491498015873016
2025-05-07,0.2017,30,0.2061,85,0.004400000000000015,5631.28,23.55,24.7,0.08570927848111325,0.14951607142857143
2025-05-08,0.19445,29,0.19915,84,0.004699999999999982,5663.9400000000005,22.48,23.76,0.1068079637999002,0.14987400793650793
2025-05-09,0.1884,31,0.19685000000000002,83,0.008450000000000013,5659.91,21.900000000000002,23.38,0.3297513307488266,0.15017956349206352
2025-05-12,0.1519,30,0.16620000000000001,95,0.014300000000000007,5844.1900000000005,18.39,20.22,0.6755737128935034,0.15034246031746035
2025-05-13,0.14725,30,0.15990000000000001,94,0.012650000000000022,5886.55,18.22,20.09,0.5791927742670023,0.15050515873015874
2025-05-14,0.15395,30,0.16295,93,0.009000000000000008,5892.58,18.62,20.580000000000002,0.36423392314449327,0.1506684523809524
2025-05-15,0.14884999999999998,29,0.163,92,0.014150000000000024,5916.93,17.830000000000002,20.25,0.6663023089064001,0.15076150793650794
2025-05-16,0.1428,31,0.15960000000000002,91,0.01680000000000001,5958.38,17.240000000000002,20.080000000000002,0.8189284350009286,0.15082579365079365
2025-05-19,0.15395000000000003,30,0.1645,88,0.010549999999999976,5963.6,18.14,20.69,0.4485253527544243,0.1509075396825397
2025-05-20,0.15245,31,0.16275,87,0.010300000000000004,5940.46,18.09,20.72,0.4305450817323162,0.15091448412698413
2025-05-21,0.17520000000000002,30,0.17955000000000002,86,0.004349999999999993,5844.61,20.87,22.66,0.07886185837684638,0.15108293650793653
2025-05-22,0.17185,29,0.1768,85,0.00495000000000001,5842.01,20.28,22.32,0.11352606446955944,0.15122103174603174
2025-05-23,0.182,31,0.18945,84,0.007450000000000012,5802.82,22.29,23.8,0.2605091339378924,0.1514265873015873
2025-05-27,0.1573,30,0.17135,94,0.014050000000000007,5921.54,18.96,21.29,0.6460130784975172,0.15145853174603174
2025-05-28,0.16010000000000002,30,0.17305,93,0.01294999999999999,5888.55,19.31,21.67,0.5762376466959589,0.15143075396825398
2025-05-29,0.1573,29,0.1713,92,0.014000000000000012,5912.17,19.18,21.62,0.6331387596275452,0.1514125
2025-05-30,0.15100000000000002,31,0.17,91,0.01899999999999999,5911.6900000000005,18.57,21.38,0.9210859073498038,0.15137361111111114
2025-06-02,0.15000000000000002,30,0.16845,88,0.018449999999999966,5935.9400000000005,18.36,21.09,0.8824863988481838,0.15132718253968255
2025-06-03,0.1507,30,0.16444999999999999,87,0.013749999999999984,5970.37,17.69,20.72,0.602064967578876,0.15133829365079365
2025-06-04,0.1496,29,0.1648,86,0.015199999999999991,5970.81,17.61,20.66,0.6827284091181538,0.1513686507936508
2025-06-05,0.1505,28,0.16765000000000002,85,0.017150000000000026,5939.3,18.48,21.11,0.7919982518608195,0.1514152777777778
2025-06-06,0.13305,31,0.1584,84,0.02535000000000001,6000.36,16.77,20.02,1.2629299700904,0.15135099206349206
2025-06-09,0.1398,30,0.15739999999999998,81,0.017599999999999977,6005.88,17.16,20.09,0.805311973190904,0.15139920634920634
2025-06-10,0.13635000000000003,30,0.15555000000000002,80,0.019199999999999995,6038.81,16.95,19.94,0.8935007285044438,0.1514013888888889
2025-06-12,0.1422,29,0.16110000000000002,99,0.018900000000000028,6045.26,18.02,20.650000000000002,0.8706061726483215,0.15141488095238095
2025-06-13,0.1633,28,0.17120000000000002,98,0.007900000000000018,5976.97,20.82,22.62,0.2280391690162503,0.15153055555555558
2025-06-16,0.14495000000000002,30,0.16245,95,0.017499999999999988,6033.11,19.11,21.23,0.7858881495206046,0.15164523809523808
2025-06-17,0.1656,30,0.1731,94,0.007500000000000007,5982.72,21.6,22.91,0.20381593243686594,0.15184285714285714
2025-06-18,0.1635,30,0.16895000000000002,93,0.00545000000000001,5980.87,20.14,21.97,0.0854688274836688,0.15204325396825397
2025-06-20,0.1651,31,0.1754,91,0.010300000000000004,5967.84,20.62,22.48,0.36748222675394326,0.15224880952380956
2025-06-24,0.13635000000000003,30,0.1516,87,0.015249999999999986,6092.18,17.48,20.05,0.6541843474863357,0.15235238095238096
2025-06-25,0.1367,30,0.1504,86,0.013700000000000018,6092.16,16.76,19.67,0.5614284703624185,0.15241924603174606
2025-06-26,0.13375,29,0.14835,85,0.014600000000000002,6141.02,16.59,19.45,0.6108442928972413,0.15248769841269844
2025-06-27,0.13055,31,0.14895000000000003,95,0.018400000000000027,6173.07,16.32,19.45,0.8288797935100641,0.15258829365079365
2025-06-30,0.13475,30,0.14825,92,0.013499999999999984,6204.95,16.73,19.44,0.5439927133110443,0.15271765873015875
2025-07-01,0.13815,30,0.15045,91,0.012300000000000005,6198.01,16.830000000000002,19.51,0.47399241367053374,0.1528545634920635
2025-07-02,0.1387,30,0.14905000000000002,90,0.010350000000000026,6227.42,16.64,19.35,0.3613882963108884,0.15300238095238097
2025-07-07,0.14535,30,0.15450000000000003,85,0.00915000000000002,6229.9800000000005,17.79,20.21,0.2931098048509733,0.15318591269841272
2025-07-08,0.1375,30,0.15025,84,0.012749999999999984,6225.52,16.81,19.580000000000002,0.5022606254087307,0.15331805555555558
2025-07-09,0.13405,30,0.14550000000000002,83,0.011450000000000016,6263.26,15.94,19.02,0.4269028938316472,0.15343452380952383
2025-07-10,0.12985000000000002,29,0.14150000000000001,82,0.011649999999999994,6280.46,15.780000000000001,18.92,0.4371380671955421,0.15349107142857146
2025-07-11,0.1321,31,0.1501,98,0.018000000000000016,6259.75,16.4,19.37,0.8017969325109424,0.1535388888888889
2025-07-14,0.14235,30,0.1527,95,0.010349999999999998,6268.56,17.2,19.84,0.3579277340021098,0.15366507936507937
2025-07-15,0.14275,30,0.15510000000000002,94,0.012350000000000028,6243.76,17.38,20.06,0.47241207944867736,0.15377698412698412
2025-07-16,0.1431,30,0.15415,93,0.011050000000000004,6263.7,17.16,20.09,0.3963520121507508,0.1539109126984127
2025-07-17,0.13465,29,0.1502,92,0.015550000000000008,6297.360000000001,16.52,19.69,0.6568932569800947,0.1540448412698413
2025-07-18,0.13,31,0.14905000000000002,91,0.01905000000000001,6296.79,16.41,19.580000000000002,0.8567673352209998,0.15413551587301585
2025-07-21,0.13405,30,0.1484,88,0.014350000000000002,6305.6,16.65,19.51,0.5852787796621002,0.15426369047619048
2025-07-22,0.1323,30,0.14725,87,0.014949999999999991,6309.62,16.5,19.53,0.6214226847188485,0.1543936507936508
2025-07-23,0.12645,30,0.14185,86,0.015399999999999997,6358.91,15.370000000000001,18.56,0.6474704832493265,0.15446944444444444
2025-07-24,0.12435,29,0.14005,85,0.015700000000000006,6363.35,15.39,18.56,0.6652793181842869,0.1545541666666667
2025-07-25,0.1154,31,0.13605,84,0.02065,6388.64,14.93,18.32,0.9503910299082255,0.15457638888888892
2025-07-28,0.11605000000000001,30,0.13905,95,0.022999999999999993,6389.77,15.030000000000001,18.16,1.083306692249582,0.154609126984127
2025-07-29,0.1296,30,0.14275,94,0.013149999999999995,6370.860000000001,15.98,18.77,0.5126705884689468,0.1546968253968254
2025-07-30,0.13165,30,0.14529999999999998,93,0.013649999999999995,6362.900000000001,15.48,18.35,0.5410275615468291,0.15478571428571428
2025-07-31,0.13375,29,0.14550000000000002,92,0.01175000000000001,6339.39,16.72,19.14,0.43172803466086795,0.15491468253968257
2025-08-01,0.16115000000000002,28,0.161,91,-0.00015000000000001124,6238.01,20.38,21.240000000000002,-0.25347336373322404,0.15515674603174606
2025-08-04,0.1315,30,0.14900000000000002,88,0.017500000000000016,6329.9400000000005,17.52,19.61,0.7653464396056693,0.15527619047619046
2025-08-05,0.1416,30,0.15230000000000002,87,0.010700000000000015,6299.1900000000005,17.85,20.03,0.371901025261042,0.1554200396825397
2025-08-06,0.13245,30,0.14405,86,0.0116,6345.06,16.77,19.47,0.42427356340909905,0.15554265873015874
2025-08-07,0.13435,29,0.1466,85,0.012250000000000011,6340.0,16.57,19.35,0.46086108167837875,0.1556579365079365
2025-08-08,0.11695,31,0.13955,84,0.02260000000000001,6389.45,15.15,18.7,1.055039381367362,0.15569107142857141
2025-08-11,0.13025,30,0.14290000000000003,81,0.012650000000000022,6373.45,16.25,19.25,0.48231992566346327,0.1558065476190476
2025-08-12,0.11505000000000001,30,0.13325,80,0.018199999999999994,6445.76,14.73,18.34,0.8013458699473414,0.15583392857142858
2025-08-13,0.11280000000000001,30,0.13870000000000002,100,0.025900000000000006,6466.58,14.49,18.330000000000002,1.2386064041913996,0.1558446428571429
2025-08-14,0.114,29,0.13995000000000002,99,0.025950000000000015,6468.54,14.83,18.490000000000002,1.233706504478478,0.15581507936507935
2025-08-15,0.1136,31,0.14005,98,0.02645,6449.8,15.09,18.64,1.2533821520636346,0.15574484126984128
2025-08-18,0.11660000000000001,30,0.1386,95,0.021999999999999992,6449.150000000001,14.99,18.45,0.993213963907243,0.15570952380952383
2025-08-19,0.12560000000000002,30,0.14425,94,0.018649999999999972,6411.37,15.57,18.900000000000002,0.798074898812766,0.1557126984126984
2025-08-20,0.1277,30,0.14355,93,0.015850000000000003,6395.78,15.69,19.1,0.6324316983018481,0.1555418650793651
2025-08-21,0.13805,29,0.15055000000000002,92,0.012500000000000011,6370.17,16.6,19.41,0.43706907260351546,0.1554561507936508
2025-08-22,0.1134,31,0.1363,91,0.022900000000000004,6466.91,14.22,17.76,1.0248783316152394,0.15534980158730163
2025-08-25,0.1154,30,0.1373,88,0.021900000000000003,6439.32,14.790000000000001,18.02,0.9610779930228187,0.1552329365079365
2025-08-26,0.11735000000000001,30,0.13775,87,0.0204,6465.9400000000005,14.620000000000001,17.900000000000002,0.8690623540297994,0.1550936507936508
2025-08-27,0.1135,34,0.1348,93,0.0213,6481.400000000001,14.85,17.94,0.9134855520091183,0.15495793650793652
2025-08-28,0.11320000000000001,29,0.13445000000000001,92,0.021250000000000005,6501.860000000001,14.43,17.72,0.9035863041300009,0.15476349206349205
2025-08-29,0.12015,31,0.13835000000000003,91,0.01820000000000002,6460.26,15.36,18.35,0.7245769722421972,0.15412420634920634
2025-09-02,0.13325,30,0.1462,87,0.01294999999999999,6415.54,17.17,19.38,0.41857251263783335,0.15379742063492066
2025-09-03,0.13025,30,0.14045000000000002,86,0.010200000000000015,6448.26,16.35,18.93,0.25450099316628005,0.1534061507936508
2025-09-04,0.11630000000000001,26,0.1356,85,0.019299999999999984,6502.08,15.3,18.39,0.7731421896044597,0.15309781746031745
2025-09-05,0.1142,31,0.13645000000000002,84,0.02225000000000002,6481.5,15.18,18.42,0.9367836755875074,0.1528964285714286
2025-09-08,0.11810000000000001,30,0.13490000000000002,81,0.01680000000000001,6495.150000000001,15.11,18.29,0.6184952473524403,0.15270198412698416
2025-09-10,0.12010000000000001,30,0.1403,100,0.020199999999999996,6532.04,15.35,18.44,0.8101975597685283,0.15257222222222222
2025-09-11,0.11575,29,0.1387,99,0.022949999999999984,6587.47,14.71,18.03,0.9639702448804096,0.15248670634920636
2025-09-12,0.11055000000000001,31,0.13874999999999998,98,0.028199999999999975,6584.29,14.76,18.06,1.2595072958523699,0.1524279761904762
2025-09-15,0.12365000000000001,30,0.14025,95,0.016600000000000004,6615.28,15.69,18.53,0.5961709578713612,0.15244126984126988
2025-09-16,0.1306,30,0.1438,94,0.013200000000000017,6606.76,16.36,18.91,0.4018883369112308,0.15247678571428575
2025-09-17,0.12625,30,0.14235000000000003,93,0.01610000000000003,6600.35,15.72,18.44,0.5676072488607717,0.15246309523809526
2025-09-18,0.12490000000000001,29,0.1424,92,0.017499999999999988,6631.96,15.700000000000001,18.52,0.6464834706186051,0.15243968253968254
2025-09-19,0.12160000000000001,31,0.14195000000000002,91,0.020350000000000007,6664.360000000001,15.450000000000001,18.48,0.8064608918223168,0.1523611111111111
2025-09-22,0.12705,30,0.14495000000000002,88,0.017900000000000027,6693.75,16.1,18.95,0.6668543437898871,0.15238968253968257
2025-09-23,0.1347,30,0.1494,87,0.014700000000000019,6656.92,16.64,19.44,0.48255403752564086,0.1524140873015873
2025-09-24,0.13290000000000002,30,0.1487,86,0.01579999999999998,6637.97,16.18,19.14,0.5467152358650691,0.15246924603174603
2025-09-25,0.13705,29,0.1513,85,0.014249999999999985,6604.72,16.740000000000002,19.46,0.45673895477551396,0.1524845238095238
2025-09-26,0.1205,31,0.14315,96,0.022650000000000003,6643.7,15.290000000000001,18.41,0.9347951782825955,0.1524561507936508
2025-09-29,0.129,30,0.1444,93,0.015399999999999997,6661.21,16.12,18.76,0.5222302269724136,0.15252876984126984
2025-09-30,0.1267,30,0.1424,92,0.015699999999999992,6688.46,16.28,18.77,0.5386650937243797,0.1524376984126984
2025-10-01,0.12995,30,0.1433,91,0.01335,6711.2,16.29,18.76,0.40183096195066437,0.15230575396825397
2025-10-02,0.13335000000000002,29,0.1448,90,0.011449999999999988,6715.35,16.63,18.89,0.2908521627409119,0.1521890873015873
2025-10-03,0.13135000000000002,31,0.14405,89,0.012699999999999989,6715.79,16.65,19.080000000000002,0.359281530364631,0.15199126984126987
2025-10-06,0.129,30,0.14505,86,0.01605000000000001,6740.28,16.37,19.12,0.5473529890280997,0.15183809523809524
2025-10-07,0.1407,30,0.15005000000000002,85,0.009350000000000025,6714.59,17.240000000000002,19.71,0.1624723937841485,0.15175992063492066
2025-10-08,0.12535000000000002,27,0.14895,84,0.023599999999999982,6753.72,16.3,19.26,0.9726038404136642,0.15165972222222224
2025-10-09,0.13240000000000002,29,0.14555,83,0.013149999999999995,6735.110000000001,16.43,19.38,0.37533792151788425,0.15162579365079365
2025-10-10,0.186,31,0.17465000000000003,82,-0.011349999999999971,6552.51,21.66,22.81,-1.0163893033761588,0.1518484126984127
2025-10-13,0.151,30,0.16110000000000002,95,0.010100000000000026,6654.72,19.03,20.93,0.2108654955918616,0.15190297619047619
2025-10-14,0.16345,30,0.16685,94,0.0033999999999999864,6644.31,20.81,22.03,-0.1704756232255172,0.15196984126984125
2025-10-15,0.16610000000000003,30,0.16949999999999998,93,0.0033999999999999586,6671.06,20.64,21.94,-0.16716117391982974,0.1521269841269841
2025-10-16,0.19645,29,0.18235,92,-0.014100000000000001,6629.07,25.310000000000002,24.87,-1.159176999467378,0.15242857142857144
2025-10-17,0.16445,31,0.1679,91,0.003449999999999981,6664.01,20.78,22.09,-0.1517692823786177,0.15259503968253968
2025-10-20,0.13915,30,0.15084999999999998,88,0.011699999999999988,6735.13,18.23,20.31,0.3253934972992096,0.1526920634920635
2025-10-21,0.13890000000000002,30,0.14875,87,0.00984999999999997,6735.35,17.87,19.990000000000002,0.22306496056376382,0.15276468253968256
2025-10-22,0.14935,30,0.1542,86,0.004849999999999993,6699.400000000001,18.6,20.31,-0.0629337974096111,0.15282916666666665
2025-10-23,0.1388,29,0.14765,85,0.008849999999999997,6738.4400000000005,17.3,19.650000000000002,0.16857815145661434,0.1528065476190476
2025-10-24,0.12655,31,0.14355,84,0.017000000000000015,6791.6900000000005,16.37,19.2,0.6357273350747401,0.1527186507936508
2025-10-27,0.1277,30,0.1477,95,0.01999999999999999,6875.16,15.790000000000001,18.990000000000002,0.8044452011741033,0.15261170634920637
2025-10-28,0.1358,31,0.15275,94,0.016949999999999993,6890.89,16.42,19.55,0.6295751844720299,0.15261666666666668
2025-10-29,0.1406,30,0.15575,93,0.015149999999999997,6890.59,16.92,19.830000000000002,0.5210735356348526,0.15248095238095238
2025-10-31,0.1399,31,0.1617,91,0.021800000000000014,6840.2,17.44,20.490000000000002,0.8966001562427338,0.15236607142857145
2025-11-03,0.14125000000000001,30,0.1607,88,0.019449999999999995,6851.97,17.17,20.38,0.7549712562323033,0.15227559523809522
2025-11-05,0.1467,30,0.16010000000000002,86,0.013400000000000023,6796.29,18.01,20.6,0.4025535431838284,0.15223511904761905
2025-11-06,0.1627,29,0.1688,85,0.006099999999999994,6720.32,19.5,21.35,-0.021230147002114227,0.15226150793650794
2025-11-07,0.1514,31,0.1663,84,0.014899999999999997,6728.8,19.080000000000002,21.19,0.48184184755996273,0.15221746031746033
2025-11-10,0.13925,30,0.15615,81,0.0169,6832.43,17.6,20.240000000000002,0.5923288571915494,0.15215992063492065
2025-11-11,0.14135000000000003,30,0.15539999999999998,80,0.014049999999999951,6846.610000000001,17.28,20.19,0.423415291898287,0.15212718253968255
2025-11-12,0.14505,30,0.15995,100,0.014899999999999997,6850.92,17.51,20.34,0.4693115560093733,0.15214107142857144
2025-11-13,0.16695,29,0.17025,99,0.003300000000000025,6737.49,20.0,21.85,-0.20266121780621302,0.15222440476190477
2025-11-14,0.1595,31,0.16860000000000003,98,0.009100000000000025,6734.110000000001,19.830000000000002,21.580000000000002,0.12938623929296786,0.15226646825396828
2025-11-17,0.1869,30,0.18180000000000002,95,-0.005099999999999993,6672.41,22.38,23.18,-0.6939782088399182,0.15237261904761903
2025-11-20,0.21680000000000002,29,0.1971,92,-0.019700000000000023,6538.76,26.42,25.76,-1.533868227508375,0.15257480158730158
2025-11-21,0.19015,31,0.18520000000000003,91,-0.004949999999999982,6602.99,23.43,23.96,-0.6819017942682376,0.15265496031746034
2025-11-24,0.16625,30,0.16970000000000002,88,0.0034500000000000086,6705.12,20.52,21.85,-0.20132917069240278,0.15260535714285714
2025-11-25,0.14765,31,0.1613,87,0.013649999999999995,6765.88,18.56,20.73,0.3883221675598843,0.15268452380952385
2025-11-26,0.13974999999999999,30,0.15725,93,0.017500000000000016,6812.610000000001,17.19,20.02,0.6090616747980754,0.1527621031746032
2025-12-01,0.14155,30,0.1573,88,0.015749999999999986,6812.63,17.240000000000002,20.22,0.5073387584842608,0.15287539682539683
2025-12-02,0.1371,29,0.15375,87,0.016649999999999998,6829.37,16.59,19.84,0.5576215571933782,0.15294960317460318
2025-12-03,0.13915,30,0.14390000000000003,86,0.004750000000000032,6849.72,16.080000000000002,19.71,-0.12960919602206777,0.15303670634920638
2025-12-04,0.1285,29,0.1492,85,0.020699999999999996,6857.12,15.780000000000001,19.490000000000002,0.7913738123408304,0.15309107142857142
2025-12-05,0.12585000000000002,31,0.14775,84,0.021899999999999975,6870.400000000001,15.41,19.27,0.8582275290085073,0.15313630952380952
2025-12-08,0.1338,30,0.15315,81,0.019350000000000006,6846.51,16.66,19.91,0.709585364915839,0.15316924603174603
2025-12-09,0.1346,30,0.1529,80,0.01830000000000001,6840.51,16.93,20.080000000000002,0.6460491503476238,0.15320119047619046
2025-12-10,0.12685000000000002,30,0.15150000000000002,100,0.024650000000000005,6886.68,15.77,19.35,1.0058603033382052,0.15317460317460319
2025-12-11,0.1215,29,0.1506,99,0.029100000000000015,6901.0,14.85,19.05,1.2527541880626853,0.15311944444444445
2025-12-12,0.1198,31,0.1496,98,0.029800000000000007,6827.41,15.74,19.25,1.282764790948342,0.15306329365079366
2025-12-15,0.1333,30,0.15445000000000003,95,0.02115000000000003,6816.51,16.5,19.68,0.7856895542085626,0.15312261904761906
2025-12-16,0.13065,30,0.15175,94,0.021100000000000008,6800.26,16.48,19.67,0.7812393774858809,0.15320833333333334
2025-12-18,0.1357,29,0.15385000000000001,92,0.018150000000000027,6774.76,16.87,19.59,0.6130187253607268,0.15332400793650794
2025-12-19,0.11925,28,0.1405,91,0.02125000000000002,6834.5,14.91,18.25,0.7898052182413358,0.15338174603174604
2025-12-22,0.1061,30,0.1348,88,0.028700000000000003,6878.49,14.08,17.79,1.212747955555001,0.15340912698412698
2025-12-23,0.10895,30,0.13715,87,0.02819999999999999,6909.79,14.0,17.84,1.1822626713348015,0.15345099206349205
2025-12-26,0.10385,31,0.1378,95,0.03395000000000001,6929.9400000000005,13.6,17.77,1.5044822248153242,0.15348154761904761
2025-12-29,0.11510000000000001,30,0.13905,92,0.02395,6905.74,14.200000000000001,17.82,0.9461023859928777,0.15362281746031745
2025-12-30,0.11785000000000001,30,0.13935000000000003,91,0.02150000000000002,6896.24,14.33,17.77,0.8102867304198447,0.1537355158730159
2025-12-31,0.125,30,0.14165,90,0.016649999999999998,6845.5,14.950000000000001,18.18,0.534246498321764,0.1538170634920635
