date,gross_pnl,vega_pnl,spread_cost_full,hedge_cost,positions,names_today,mean_iv,mean_relative_spread,net_vega,net_hedge_notional,gross_premium,long_pnl,short_pnl,unmarked_share,one_sided_mark_share,net_pnl_25,net_pnl_50
2017-03-30,1319.9677410024901,465.789473684206,183053.71198885323,96.5839783492965,38,186,0.2513934210526316,0.166918717149686,0.0,-105332.02115159396,505742.2895625032,-153.72119462444965,1473.6889356269396,0.0,0.0,-44540.04423456012,-90303.47223177343
2017-03-31,-4677.146586071099,-12273.684210526311,181913.9800871395,91.96917009851256,38,187,0.2625039473684211,0.18881583195996518,0.0,-42073.35874644587,528188.6928650327,-8802.064220754402,4124.917634683305,0.0,0.0,-50247.61077795448,-95726.10579973937
2017-04-03,39147.519516155175,33849.99999999999,308280.44898959174,94.19601358091447,40,194,0.26706,0.1702090876689748,5.684341886080802e-14,31597.700668822814,537859.4278452942,40856.30532643271,-1708.7858102775422,0.0,0.025,-38016.78874482367,-115086.9009922216
2017-04-04,-2727.229270543303,-4097.500000000018,232018.00456595095,94.18916870132622,40,194,0.27461,0.14337170808806945,1.1368683772161603e-13,105422.5421906571,552250.0142273313,2980.5034453880266,-5707.732715931329,0.0,0.0,-60825.91958073237,-118830.42072222011
2017-04-05,4771.921171519814,1684.2105263158003,213292.26762045742,98.49772692018189,38,189,0.2684907894736842,0.19811439204718817,0.0,-30327.99038765092,540850.6077525602,1562.1163281764377,3209.8048433433764,0.0,0.0,-48649.64346051473,-101972.71036562907
2017-04-06,4366.003751102463,2969.999999999998,172147.36050539435,101.01625147701893,40,195,0.25475250000000005,0.16237367364840233,-5.684341886080802e-14,119121.91451257064,512452.4835358687,1544.5533847673782,2821.4503663350847,0.0,0.0,-38771.85262672314,-81808.69275307174
2017-04-07,-2242.4473081381943,-7139.99999999998,158105.44281842883,97.64006943257975,40,197,0.266585,0.14953011377407097,-5.684341886080802e-14,-25748.22708829767,537040.1594897615,-6860.425274043368,4617.977965905173,0.0,0.0,-41866.44808217798,-81392.80878678519
2017-04-10,-9853.622550494933,-10802.499999999987,173595.44168536592,110.31500943580085,40,200,0.29116625,0.13577765584777432,1.1368683772161603e-13,54463.960584998866,587976.8880932545,3813.7059682757867,-13667.328518770719,0.0,0.0,-53362.79798127221,-96761.6584026137
2017-04-11,-2365.3911738515853,36.04651162790432,165734.4923286341,137.19696634537803,86,421,0.2541040697674419,0.15668084746707953,0.0,-113673.86322587657,515668.6269488615,-1625.2429981697198,-740.1481756818654,0.0,0.0,-43936.21122235549,-85369.83430451402
2017-04-12,1844.9535889194974,4752.325581395347,178672.44044821511,133.28052429567344,86,427,0.2531697674418605,0.17056635454665472,-5.684341886080802e-14,-30707.27495614231,514214.9634631999,-1852.897451909946,3697.8510408294433,0.0,0.0,-42956.43704742996,-87624.54715948373
2017-04-13,4998.986542607523,1626.7441860465012,160729.00212135073,126.8349606799885,86,422,0.24453895348837212,0.1673416204341775,-2.842170943040401e-14,-33241.8519887923,496147.28102319216,-10246.449666094404,15245.436208701927,0.0,0.0,-35310.098948410145,-75492.34947874783
2017-04-17,-2058.8920716042026,-1709.0909090909042,111924.07550268258,208.46652651671644,88,437,0.23701875,0.11820698813242946,-5.684341886080802e-14,242514.6400198492,489364.5919181484,-2357.3573267904612,298.4652551862585,0.0,0.0,-30248.377473791563,-58229.39634946221
2017-04-18,2968.6413698428382,1836.3636363636294,119246.45756392335,211.74710098832836,88,439,0.24119886363636364,0.11803124523304825,-8.526512829121202e-14,-5308.246739042399,497734.46955862734,-3216.8982344957626,6185.539604338601,0.0,0.0,-27054.720122126328,-56866.33451310717
2017-04-19,4601.951715203186,8418.181818181814,121785.45808751759,194.41833237572865,88,439,0.23274431818181818,0.13370941079764537,1.9895196601282805e-13,534.9912770568808,478409.44364328973,-610.3534401341476,5212.305155337333,0.0,0.0,-26038.83113905194,-56485.19566093134
2017-04-20,3270.9999704912175,2520.454545454548,141427.95242672093,210.62412443594272,88,440,0.2286414772727273,0.13318735683211655,0.0,117635.72805006854,471505.5573523142,253.8285366521764,3017.171433839041,0.0,0.0,-32296.61226062496,-67653.60036730519
2017-04-21,4851.266867809348,1521.5909090909124,140334.23090234323,242.6407333518567,88,433,0.2367193181818182,0.1559665851211114,5.684341886080802e-14,25347.603309393628,490593.01833979087,-15933.647311235263,20784.914179044612,0.0,0.0,-30474.93159112832,-65558.48931671413
2017-04-24,-6390.7379242051675,75.00000000000722,191625.09006661823,225.31527245579667,88,439,0.2265948863636364,0.20779677408370045,8.526512829121202e-14,59230.83156498368,469435.8451387792,-407.7396457656365,-5982.9982784395315,0.0,0.011363636363636364,-54522.32571331552,-102428.59822997008
2017-04-25,2301.7472587182892,6990.90909090909,173524.57266260943,262.3156803787083,88,437,0.2231539772727273,0.17770247357217508,8.526512829121202e-14,18018.045864146337,466855.2851748778,2015.1008063448244,286.6464523734653,0.0,0.0,-41341.71158731277,-84722.85475296514
2017-04-26,9331.595789687697,25493.023255813947,166186.58953543307,277.44049854840387,86,430,0.2216796511627907,0.1871905148739375,-1.1368683772161603e-13,-361316.0231007119,465950.8707942162,-718.3600321550989,10049.955821842797,0.0,0.011627906976744186,-32492.492092718974,-74039.13947657724
2017-04-27,9137.316748504554,15161.363636363632,183845.84317559953,312.3031664919805,88,435,0.22939261363636365,0.18556146682486319,-8.526512829121202e-14,-46460.64073709075,490172.94032798585,-730.9153148302239,9868.232063334779,0.0,0.0,-37136.44721188731,-83097.90800578719
2017-04-28,-1158.4726866716464,-5350.000000000001,163243.38582412864,299.7578504936386,86,427,0.2219691860465116,0.17639894414394036,0.0,-387086.22557523125,472142.12389339576,-7326.273358292363,6167.8006716207165,0.0,0.0,-42269.07699319744,-83079.92344922961
2017-05-01,-5954.011234650134,4030.0,148351.57098381655,91.46799265298648,40,200,0.24899,0.1501203403113762,4.547473508864641e-13,-21770.7407761613,500600.6064118468,-2334.288653220142,-3619.722581429992,0.0,0.025,-43133.37197325726,-80221.26471921141
2017-05-02,-21313.689641659614,7905.000000000003,144660.41599918588,107.37769013621941,40,198,0.25281000000000003,0.12846614091994632,-2.2737367544323206e-13,71168.86478622779,509020.55064617714,3081.0260895355623,-24394.715731195178,0.0,0.025,-57586.171331592304,-93751.27533138877
2017-05-03,-327.07234956164604,914.7727272727261,121905.88761483168,137.5884214157874,88,431,0.23391420454545456,0.12042529771110598,1.1368683772161603e-13,-220877.75625434556,475958.5874069567,434.9444921597537,-762.0168417213996,0.0,0.0,-30941.132674685356,-61417.60457839327
2017-05-04,3160.985629544907,3634.090909090913,152853.02039292105,147.77614634290853,88,439,0.2450886363636364,0.1474930289571079,5.684341886080802e-14,-253596.4674937634,499564.5438944465,-1282.5400008256556,4443.525630370563,0.0,0.0,-35200.04561502826,-73413.30071325852
2017-05-05,1637.5113385418583,4580.681818181828,116432.46227918126,135.03812435237637,88,438,0.23218636363636366,0.13132706156914684,-1.1368683772161603e-13,30627.386855272405,472138.82955838885,-4187.397230397013,5824.908568938872,0.0,0.0,-27605.642355605833,-56713.75792540114
2017-05-08,1115.2571482289518,1645.55555555556,136235.91665650372,128.60597197339,90,445,0.23336,0.14590452449671096,-8.526512829121202e-14,-101664.11207822079,475135.5296379709,500.3416418985938,614.9155063303581,0.0,0.0,-33072.32798787037,-67131.3071519963
2017-05-09,-7969.819019446179,4800.000000000002,126268.87916931827,164.14816048100226,90,446,0.2259311111111111,0.13962809746908378,5.684341886080802e-14,-90742.80732487878,463779.974769614,-1786.401834664008,-6183.41718478217,0.0,0.0,-39701.18697225675,-71268.40676458631
2017-05-10,-9205.20876748023,6368.888888888876,124387.70968891348,160.36235536128493,90,444,0.22177611111111112,0.1301009759817315,8.526512829121202e-14,-109118.40103614343,455432.4360758534,965.4225469756972,-10170.631314455926,0.0,0.0,-40462.49854506989,-71559.42596729826
2017-05-11,-779.8955332806554,-1571.1111111111086,114744.73815244419,171.31424510305777,90,443,0.22643555555555556,0.12786774549167612,-5.684341886080802e-14,-35189.162603814024,464501.905430046,772.9603880218747,-1552.85592130253,0.0,0.0,-29637.39431649476,-58323.57885460581
2017-05-12,-1238.2956475388733,-6826.666666666666,108347.68540028948,159.3479770604848,90,444,0.22496555555555556,0.122206473233897,1.1368683772161603e-13,17327.59593193159,461023.155132326,-6246.089556165356,5007.793908626483,0.0,0.0,-28484.56497467173,-55571.486324744095
2017-05-15,5065.528367385386,4381.111111111117,93672.27495887755,305.1504525108647,90,441,0.22504611111111114,0.09613386990176581,-1.7053025658242404e-13,350377.35393916594,480616.15214449965,1946.7773646419923,3118.7510027433946,0.0,0.0,-18657.690824844864,-42075.75956456425
2017-05-16,11819.08909669458,6515.555555555547,111229.62131212505,252.43676393953783,90,441,0.22436555555555557,0.10030334276914557,-5.684341886080802e-14,341873.4022138948,470203.97987091,27106.470521836625,-15287.381425142044,0.0,0.0,-16240.75299527622,-44048.15832330748
2017-05-17,4193.508728582078,7379.5454545454595,123896.80375457529,246.9839237207854,88,438,0.2571460227272727,0.13108557581812627,-1.9895196601282805e-13,-26252.272094965178,537634.0045999499,-437.7668854625938,4631.275614044672,0.0,0.0,-27027.67613378253,-58001.87707242635
2017-05-18,11120.470040022721,15111.111111111115,126156.56663623978,233.73987536421006,90,442,0.24476222222222224,0.12600294530331538,-1.4210854715202004e-13,-299886.4328792312,507966.1606723138,-2237.390906620337,13357.860946643059,0.0,0.0,-20652.411494401433,-52191.55315346138
2017-05-19,41.123659124970914,-5336.666666666668,123612.83246054704,288.6644282835475,90,441,0.23133944444444446,0.14054228057936605,-1.1368683772161603e-13,6524.507446506141,487272.598725161,-11794.73006583542,11835.85372496039,0.0,0.0,-31150.748884295335,-62053.9569994321
2017-05-22,-4585.127379265411,3060.227272727275,134074.60575946848,212.75034030431763,88,438,0.23697443181818184,0.13517819724092828,-1.1368683772161603e-13,-270997.1635001117,488243.8068158496,1788.497819508863,-6373.625198774274,0.0,0.0,-38316.52915943685,-71835.18059930397
2017-05-23,-7235.321773967653,-640.0000000000047,146636.02817894417,261.10137598217455,90,442,0.22593833333333332,0.15175926704661483,1.7053025658242404e-13,-215541.49659278532,469841.0099658774,-2303.1167316659576,-4932.205042301695,0.0,0.0,-44155.43019468587,-80814.43723942191
2017-05-24,-421.0913956775825,8606.81818181818,180900.54893479726,274.8785025544837,88,437,0.22771704545454546,0.16713240548118188,-1.7053025658242404e-13,213051.18613683843,477557.6790374613,-103.98098384493366,-317.1104118326483,0.0,0.0,-45921.107131931385,-91146.24436563069
2017-05-25,4547.772419063631,7243.181818181811,154344.30845459638,281.62937188265954,88,439,0.21983920454545458,0.15807473988009127,1.1368683772161603e-13,-115131.01508689296,464015.7665609176,-3333.8726570552885,7881.64507611892,0.0,0.0,-34319.93406646812,-72906.01118011722
2017-05-26,-1237.2824360410098,-8146.59090909091,156231.49407296136,366.7778488475293,88,431,0.20589602272727275,0.18568743871020613,-1.1368683772161603e-13,-130554.00433354184,447430.9215028528,-2625.256598478447,1387.9741624374371,0.0,0.0,-40661.93380312888,-79719.80732136923
2017-05-30,10241.010198447479,5304.761904761915,144024.2733666217,85.25316694529283,42,203,0.23791785714285718,0.13138656824162712,-5.684341886080802e-14,35989.436491488945,478763.36206566304,7849.931428848695,2391.0787695987838,0.0,0.0,-25850.311310153236,-61856.37965180867
2017-05-31,-951.8871133494813,6802.380952380954,148076.3751246849,92.42685423329746,42,203,0.23530238095238096,0.1782283104430144,-5.684341886080802e-14,160240.33547794705,473392.22671995836,-1598.1706087498292,646.2834954003481,0.0,0.023809523809523808,-38063.407748754005,-75082.50152992524
2017-06-01,-3074.7210590552054,4735.714285714286,123797.3051739331,109.56037038901842,42,202,0.2327357142857143,0.1510092187326487,1.7053025658242404e-13,-4854.6491930222855,469542.5392546379,-1004.5120389660271,-2070.209020089178,0.0,0.0,-34133.607722927496,-65082.93401641077
2017-06-02,6968.212434768351,-2849.999999999991,104785.49528138277,106.20666918448546,42,203,0.22660476190476192,0.12440481123893152,-1.7053025658242404e-13,-63519.4410776285,455949.6479615705,-403.07792497006346,7371.290359738415,0.0,0.0,-19334.368054761824,-45530.741875107524
2017-06-05,8646.141217768587,6711.904761904763,115334.30538612891,90.62300526980403,42,203,0.22393333333333335,0.127343901657861,-1.7053025658242404e-13,929.9038729445356,450715.4829701927,6792.668981515687,1853.4722362528994,0.0,0.0,-20278.058134033443,-49111.63448056567
2017-06-06,-10960.215642920832,-7533.333333333327,116475.12963212228,98.88409534721089,42,204,0.23762380952380951,0.12811158220487767,-1.1368683772161603e-13,-136027.74057475507,478159.02720064326,-4281.522131207089,-6678.693511713743,0.0,0.0,-40177.88214629861,-69296.66455432918
2017-06-07,2836.133715571343,1586.666666666669,118244.06317574561,196.1105071447736,90,442,0.20920111111111114,0.13498433534860715,2.842170943040401e-14,-112478.68413896667,438784.7259795248,1516.946216250846,1319.1874993204972,0.0,0.0,-26920.992585509834,-56482.00837944624
2017-06-08,-7504.661190434832,-4371.590909090906,138822.28815529973,240.26760646153278,88,439,0.2167255681818182,0.14024250842631292,5.684341886080802e-14,-88461.01560687722,459975.8678138658,3407.834338167734,-10912.495528602565,0.0,0.0,-42450.500835721294,-77156.07287454623
2017-06-09,5291.65057465884,-256.818181818176,134981.23179447145,217.92130490773772,88,438,0.22590227272727273,0.15541541572215423,0.0,66905.19197197167,475165.96671850514,1119.2678346857647,4172.382739973075,0.0,0.0,-28671.578678866757,-62416.88662748462
2017-06-12,2696.4726810130965,1777.2727272727252,120140.66393866681,205.64791968220138,88,440,0.22149204545454548,0.13468814551478417,1.4210854715202004e-13,-194059.38229572025,463326.3288114278,-5804.657674397825,8501.130355410922,0.0,0.0,-27544.341223335807,-57579.50720800251
2017-06-13,2813.927126909718,5650.000000000003,134336.38571634956,178.61849716665756,90,444,0.219065,0.1449874294795503,2.842170943040401e-14,-172424.96381570786,449676.13026549167,2617.627224607762,196.29990230195608,0.0,0.0,-30948.78779934433,-64532.88422843172
2017-06-14,-12344.609517370673,1586.3636363636406,155030.28204684294,201.09494562867107,88,437,0.23919659090909093,0.16071225210858053,1.1368683772161603e-13,-161407.95408400867,493502.27489821316,1013.5991471149039,-13358.208664485579,0.0,0.011363636363636364,-51303.274974710075,-90060.84548642082
2017-06-15,3074.799537497562,1787.500000000008,141107.78634535085,198.73220653043384,88,440,0.22692102272727271,0.14196094054636144,-8.526512829121202e-14,98506.41119984437,469369.5211554656,5890.920860558091,-2816.121323060528,0.0,0.0,-32400.879255370583,-67677.8258417083
2017-06-16,5833.690583238776,3449.9999999999973,127529.58748327244,235.16058904377792,88,436,0.22354147727272727,0.147671305866046,0.0,-330780.56703530997,466656.12319428567,-6634.4790632852755,12468.169646524051,0.0,0.0,-26283.866876623113,-58166.26374744122
2017-06-19,-1047.6231913304885,554.5454545454575,98774.64153831621,244.19624518168848,88,437,0.20887840909090907,0.12093440170997502,5.684341886080802e-14,-386974.40447844035,437048.9560347401,5431.139083215296,-6478.762274545785,0.0,0.0,-25985.479821091227,-50679.14020567028
2017-06-20,5248.623208799565,6413.333333333335,120591.47217697436,210.70888289221244,90,443,0.22428388888888892,0.12968261645256318,-5.684341886080802e-14,-164562.03314877342,468167.62938182265,6805.592533726167,-1556.969324926602,0.0,0.011111111111111112,-25109.95371833624,-55257.82176257983
2017-06-21,1897.7853998843473,6146.666666666663,117385.96039220877,228.20874504887405,90,442,0.21909444444444448,0.12813238080929798,-1.9895196601282805e-13,-503480.379247824,458522.60701527126,2317.068128331348,-419.2827284470005,0.0,0.011111111111111112,-27676.91344321672,-57023.40354126891
2017-06-22,-821.8712175365865,491.1111111111093,147696.23621684036,301.0468353726047,90,443,0.2239961111111111,0.1411907511410355,2.8421709430404007e-13,-435137.9487983943,484469.9001648357,-3037.2496852323834,2215.378467695797,0.0,0.011111111111111112,-38046.97710711928,-74971.03616132936
2017-06-23,3561.859256082467,-2492.045454545459,121509.14088315015,247.4691435348907,88,440,0.2255732954545455,0.14110860558444924,5.684341886080802e-14,-462585.2292123743,470757.4675666681,-1891.481927330052,5453.341183412519,0.0,0.0,-27062.89510823996,-57440.1803290275
2017-06-26,5663.237570477781,1047.7272727272702,135201.45913391642,218.40734231681543,88,436,0.23825511363636365,0.1384715115736526,0.0,-51353.6399942035,490497.03959667764,6702.325148717818,-1039.0875782400358,0.0,0.0,-28355.53455531814,-62155.899338797244
2017-06-27,4758.378528394154,617.0454545454512,150015.2055650728,338.44597670412503,88,436,0.23257215909090911,0.1643307404474661,0.0,-411521.60999892413,495709.09890000883,-40.05553046892106,4798.434058863076,0.0,0.0,-33083.86883957817,-70587.67023084637
2017-06-28,522.8974179102141,7934.090909090919,188825.4844262797,270.94425800948153,88,436,0.2389784090909091,0.16195479144478586,-5.684341886080802e-14,-433308.7401964944,501672.6707323996,6829.717834480823,-6306.820416570608,0.0,0.0,-46954.41794666919,-94160.78905323912
2017-06-29,-3069.3112903522765,1245.454545454539,185167.71399696797,369.67917497082357,88,432,0.23883920454545454,0.17484986064528862,-2.842170943040401e-14,-679795.6488789583,518951.0811801826,-4856.766760144442,1787.4554697921653,0.0,0.0,-49730.91896456509,-96022.84746380708
2017-06-30,2114.5388769121328,-3084.8837209302314,195604.7357937118,368.91569460299627,86,430,0.23278313953488372,0.2003595680838452,-1.7053025658242404e-13,-958755.5679331255,505488.64756829455,2095.522472824247,19.01640408788566,0.0,0.011627906976744186,-47155.56076611881,-96056.74471454676
2017-07-03,6867.047733197706,3738.09523809524,150703.8611218766,99.18829019397252,42,205,0.25312142857142855,0.15988056275548157,-5.684341886080802e-14,50883.952487407565,510376.1392298513,5164.674473652583,1702.3732595451227,0.023809523809523808,0.023809523809523808,-30908.105837465417,-68584.07111793457
2017-07-05,4380.8329008380015,-4971.428571428586,184045.9103864224,107.5642406085197,42,203,0.28017857142857144,0.13991144438473888,-5.684341886080802e-14,-92420.52148062253,565193.4190389778,11366.26640222446,-6985.433501386458,0.0,0.0,-41738.20893637611,-87749.68653298172
2017-07-06,1659.2860456590065,689.7727272727327,185717.38163692938,158.5449796663289,88,438,0.29031704545454545,0.1646655702536171,0.0,-18996.912567013642,592854.890102587,-3630.2850376670963,5289.571083326103,0.0,0.0,-44928.60434323967,-91357.949752472
2017-07-07,18451.102545256726,5132.9545454545405,185468.3845758502,159.43915454649928,88,440,0.27763295454545456,0.14564276113450167,1.1368683772161603e-13,-33038.925307778816,567902.4340614249,10162.182048456083,8288.92049680064,0.0,0.011363636363636364,-28075.432753252328,-74442.52889721488
2017-07-10,1107.2788970833078,-272.72727272726684,144992.28971708668,163.23893858428434,88,440,0.27382897727272726,0.14259575883444722,-5.684341886080802e-14,-30237.024044395785,559476.2630700215,-1589.8238256429688,2697.1027227262766,0.0,0.0,-35304.03247077265,-71552.10490004432
2017-07-11,1348.1970230532534,-1183.33333333333,130087.54732403347,193.5929319663275,90,446,0.27237333333333336,0.1147318512866102,-1.7053025658242404e-13,-59583.43685134879,563036.6935242199,-1475.1898192177357,2823.3868422709893,0.0,0.0,-31367.28273992144,-63889.16957092981
2017-07-12,8448.009535162184,6125.555555555553,161576.26270973237,168.79294193349256,90,443,0.2809755555555556,0.12563230125465547,2.5579538487363607e-13,-8782.736813074189,574653.8256882062,4492.9405144568755,3955.069020705308,0.0,0.0,-32114.8490842044,-72508.9147616375
2017-07-13,1627.034716383825,-1396.666666666662,143530.95384876998,183.2434875273066,90,441,0.2695077777777778,0.14275478696253868,1.7053025658242404e-13,59404.220983980355,553171.9381229412,-1956.9048584379993,3583.939574821825,0.0,0.0,-34438.94723333598,-70321.68569552846
2017-07-14,2436.755352442854,-4925.555555555559,134597.15192473313,175.90263376543965,90,447,0.25892444444444446,0.13429067270749492,2.5579538487363607e-13,-181858.69501456377,532086.9104785529,-5717.506520585412,8154.261873028266,0.0,0.011111111111111112,-31388.435262505867,-65037.72324368916
2017-07-17,-3313.9230764516533,-1455.5555555555604,101669.08026933722,269.073286637286,90,447,0.268005,0.09648334933508498,5.684341886080802e-14,-61188.7801559921,561488.5184895667,-3499.6708054026158,185.7477289509623,0.0,0.0,-29000.266430423246,-54417.53649775755
2017-07-18,-11365.698340267716,-1054.4444444444455,111410.9081045159,248.28008161327853,90,448,0.26463833333333336,0.09390288228345249,-8.526512829121202e-14,341982.1363238802,548756.2567668875,-2682.3366365066877,-8683.36170376103,0.0,0.0,-39466.70544800997,-67319.43247413894
2017-07-19,2303.8181093044977,1047.7777777777792,107509.20021147802,254.29247460008918,90,445,0.24751,0.10749146626135661,2.2737367544323206e-13,10345.17106392235,516376.40788183524,3102.2020762003535,-798.3839668958564,0.0,0.0,-24827.774418165096,-51705.0744710346
2017-07-20,2278.4990517688952,6613.333333333341,109850.25630443498,280.854710124924,90,447,0.23966500000000002,0.10818171407155494,-5.684341886080802e-14,8610.492732883347,504563.5349835999,-5457.483673528226,7735.982725297122,0.0,0.011111111111111112,-25464.919734464773,-52927.48381057352
2017-07-21,-1049.1392123843275,-8188.888888888889,111518.43631144268,307.26182755122613,90,444,0.2377211111111111,0.116069831401325,1.7053025658242404e-13,57751.18376958614,504696.9694172584,-3188.9050848539987,2139.765872469671,0.0,0.0,-29236.010117796224,-57115.619195656895
2017-07-24,-11677.707542595392,7741.111111111111,139668.52981916312,260.38816047800077,90,444,0.24567277777777777,0.13036182093427223,-1.4210854715202004e-13,478887.9444071696,514384.65776305617,6062.5277275021535,-17740.235270097546,0.0,0.011111111111111112,-46855.22815786417,-81772.36061265496
2017-07-25,3587.970711949725,6587.777777777781,174637.07749566046,316.35836350970845,90,444,0.23923666666666668,0.14567704543799004,0.0,39280.25425781287,512248.52858761355,3870.5892742780998,-282.61856232837545,0.0,0.011111111111111112,-40387.6570254751,-84046.92639939021
2017-07-26,7769.354785618861,21467.045454545463,159893.3125578375,265.3439150241924,88,434,0.24015511363636366,0.14814418253609848,1.1368683772161603e-13,65027.34561982723,504280.1990544,2181.2375543956614,5588.117231223199,0.0,0.0,-32469.317268864706,-72442.64540832407
2017-07-27,6318.163665742277,8105.813953488374,185038.01616257455,317.4813184131259,86,430,0.23048779069767444,0.1922069844161817,5.684341886080802e-14,85009.05897469609,490779.6745716326,4667.792576146838,1650.3710895954391,0.0,0.023255813953488372,-40258.82169331449,-86518.32573395812
2017-07-28,-1593.512239524623,-2052.325581395357,158956.18000724315,290.2681593279986,86,430,0.23859127906976746,0.16320251736670868,-8.526512829121202e-14,-37124.55410837816,501602.4393619638,-5837.363705716965,4243.851466192341,0.0,0.011627906976744186,-41622.82540066341,-81361.8704024742
2017-07-31,7426.712255390152,23327.500000000007,159029.96590196938,93.39502899827487,40,200,0.2542475,0.15187941700077248,-2.2737367544323206e-13,-35673.31741595385,511246.01224822266,-1899.9122519296905,9326.62450731984,0.0,0.0,-32424.17424910047,-72181.6657245928
2017-08-01,-16339.859764724359,8026.190476190457,161800.88276577162,104.35507368981077,42,202,0.2535559523809524,0.15451570335096473,5.684341886080802e-14,-95943.92825844914,510841.340117183,595.7861619496653,-16935.645926674024,0.0,0.023809523809523808,-56894.43552985707,-97344.65622129999
2017-08-02,-6438.366798280352,-4576.666666666666,134795.61244071304,154.65103028816313,90,441,0.23518833333333333,0.13328162521839906,5.684341886080802e-14,-278432.4175066793,481423.223088418,-4172.755127287599,-2265.611670992753,0.0,0.0,-40291.92093874678,-73990.82404892503
2017-08-03,-1321.3626071466103,254.54545454545877,134676.77909701096,153.2786814556141,88,433,0.2336352272727273,0.14804164202360365,0.0,-29320.90189161394,478638.2968493755,-1725.207803232025,403.84519608541467,0.0,0.0,-35143.83606285497,-68813.03083710771
2017-08-04,-1902.5011755066002,-3981.8181818181833,134846.4397163653,178.6510642143204,88,434,0.24445454545454545,0.14008047788605976,1.1368683772161603e-13,-89101.90696105498,502231.07642116613,-5961.7458283447995,4059.2446528381993,0.0,0.0,-35792.762168812245,-69504.37209790357
2017-08-07,-4320.274332539313,5334.090909090906,131589.02786837364,181.69980752932028,88,440,0.24437386363636368,0.12282809213658813,-1.4210854715202004e-13,-49959.402493626534,503528.1671118213,3104.2821029789843,-7424.556435518298,0.0,0.0,-37399.23110716205,-70296.48807425545
2017-08-08,-1809.8146180319636,4996.66666666667,147118.85230469462,208.7700838797951,90,441,0.24235333333333337,0.14687356185096098,8.526512829121202e-14,73543.5079660785,504718.6417732445,2106.7629464764914,-3916.5775645084555,0.0,0.0,-38798.29777808542,-75578.01085425906
2017-08-09,2879.5087749361705,5279.545454545459,150448.0002282344,187.9163069862247,88,440,0.25047613636363636,0.14198084429648147,-8.526512829121202e-14,-178470.9333782412,515685.1072778163,18923.297629728615,-16043.788854792443,0.0,0.0,-34920.407589108654,-72532.40764616725
2017-08-10,5907.196391879494,5909.090909090908,165939.02804242744,176.83886078477545,88,440,0.26827670454545455,0.15443819264956352,-1.4210854715202004e-13,-227588.63530062555,549345.3695573643,-3130.9226650930896,9038.119056972584,0.0,0.0,-35754.39947951214,-77239.156490119
2017-08-11,1725.413529552639,-3281.8181818181843,137339.43461548505,162.73106838315806,88,436,0.25079545454545454,0.14456274050074913,-1.1368683772161603e-13,-347968.0567973475,513641.32335458824,-12184.146686581144,13909.560216133783,0.0,0.0,-32772.17619270178,-67107.03484657305
2017-08-14,-16008.844688853125,-2315.9090909090846,102994.80435286436,266.8518191440868,88,438,0.24852102272727272,0.10432545136441979,-2.842170943040401e-14,198913.48044435438,523086.1993401821,-1693.0065618024196,-14315.838127050707,0.0,0.0,-42024.397596213304,-67773.09868442938
2017-08-15,1811.830361911747,3086.3636363636383,121053.60190504802,302.2236759303254,88,439,0.24413011363636364,0.1112120738736701,1.4210854715202004e-13,124553.35782694652,521662.7732132801,-1807.2725989055075,3619.102960817254,0.0,0.0,-28753.793790280586,-59017.19426654259
2017-08-16,8509.35607351803,3809.0909090909113,125969.21359104307,273.95016194762354,88,437,0.24441136363636365,0.12222573987525429,0.0,175607.72153815159,514569.95383263903,23386.915720864465,-14877.559647346432,0.0,0.0,-23256.89748619036,-54749.200883951125
2017-08-17,-14276.072749297535,22032.954545454548,141026.03279867407,285.7561883291725,88,436,0.25595113636363637,0.12804025635612917,5.684341886080802e-14,-232341.87918338508,541342.2610385253,-7904.101408317544,-6371.97134097999,0.0,0.011363636363636364,-49818.337137295224,-85074.84533696376
2017-08-18,-2979.2871136686827,-5548.86363636364,132874.32126885335,312.3069398029806,88,438,0.24882045454545454,0.13884483230411487,5.684341886080802e-14,-203757.65449260868,527300.1294250925,-9140.639059933856,6161.351946265173,0.0,0.0,-36510.174370685,-69728.75468789834
2017-08-21,-2247.8653082902724,-804.5454545454508,170194.39950803167,254.61158645443857,88,432,0.24016022727272726,0.1542475441879099,8.526512829121202e-14,-425692.3466181209,504577.3872425774,-1998.388225578148,-249.47708271212474,0.0,0.011363636363636364,-45051.07677175263,-87599.67664876055
2017-08-22,-1100.2733186851642,-222.72727272728264,164666.51387962166,288.16062429016466,88,434,0.24257727272727275,0.15867513725582125,-5.684341886080802e-14,-262908.53580086865,513994.65697964735,-1002.9504549770227,-97.3228637081415,0.0,0.0,-42555.06241288074,-83721.69088278616
2017-08-23,-13146.462303922934,5632.954545454546,156179.9771937097,314.935386114609,88,433,0.23546193181818184,0.1450183004111829,8.526512829121202e-14,153749.93218998064,502568.11433907034,-3058.32472399123,-10088.137579931705,0.0,0.011363636363636364,-52506.391988464966,-91551.38628689239
2017-08-24,1788.0098588045926,11382.954545454548,166131.72120074765,331.9071816512612,88,432,0.2244034090909091,0.18467026639155246,-2.842170943040401e-14,-688706.2043316087,477197.22314074816,-3052.304695323758,4840.31455412835,0.0,0.0,-40076.827623033576,-81609.75792322049
2017-08-25,5765.834691167679,3413.636363636374,153529.17357642326,415.4890344619105,88,436,0.2178943181818182,0.1696706822535178,-1.4210854715202004e-13,-716163.9008274965,492620.7956082317,-3598.8866822830605,9364.721373450739,0.0,0.011363636363636364,-33031.94773740005,-71414.24113150586
2017-08-28,-6192.295433623527,4949.9999999999945,140497.18722310712,81.71527778216773,42,206,0.2436059523809524,0.1371608847944104,-1.1368683772161603e-13,-5531.476078287204,490282.9736764606,-3278.52760810233,-2913.7678255211977,0.0,0.0,-41398.307517182475,-76522.60432295925
2017-08-29,-6682.769191870823,-6819.047619047617,128797.37457434807,91.8501432558395,42,204,0.2335047619047619,0.1328014020130266,-5.684341886080802e-14,-118750.78344836202,470220.0899758837,-5643.96771357921,-1038.8014782916146,0.0,0.0,-38973.96297871368,-71173.3066223007
2017-08-30,495.9461884814556,2814.285714285719,138191.12781105583,102.99600052361703,42,207,0.23218452380952384,0.1513299590252868,-1.7053025658242404e-13,62395.03223798111,467777.01681465877,-340.8064529120148,836.7526413934701,0.0,0.0,-34154.83176480611,-68702.61371757009
2017-08-31,2094.874725922727,1509.523809523807,142173.56205114094,98.01062390150723,42,203,0.24066666666666667,0.1512531915084138,-2.2737367544323206e-13,165757.44368678352,484405.2928358711,-4283.168110705786,6378.042836628513,0.0,0.0,-33546.52641076402,-69089.91692354924
2017-09-01,-9608.443681108169,-10523.80952380952,134511.98215347677,107.75162045457981,42,201,0.2419666666666667,0.14613654226743572,-1.1368683772161603e-13,46850.1954139618,487311.5334849041,5345.0523446230745,-14953.496025731243,0.0,0.0,-43344.19083993194,-76972.18637830114
2017-09-05,5058.437290141922,-438.0952380952448,124381.89403804427,116.66902670154921,42,203,0.253502380952381,0.1290889473419569,1.1368683772161603e-13,54890.95491439884,511418.23196553224,157.29105233830808,4901.146237803614,0.0,0.0,-26153.70524607069,-57249.178755581765
2017-09-06,-8677.668412537034,-7338.636363636371,129164.71741350924,137.2596451175446,88,439,0.22422897727272728,0.1436178777327134,1.1368683772161603e-13,116699.75207258611,457125.66104627785,982.1917960038832,-9659.860208540917,0.0,0.0,-41106.10741103188,-73397.2867644092
2017-09-07,-972.1562430525684,1914.7727272727216,133578.66566222464,138.67022729473862,88,436,0.23280170454545457,0.1456767191441147,1.9895196601282805e-13,91874.26957833677,474522.223617425,1918.4831371937034,-2890.6393802462717,0.0,0.0,-34505.49288590346,-67900.15930145963
2017-09-08,934.297121802981,3580.6818181818167,123180.71334347747,171.3272415064727,88,436,0.23005056818181818,0.14245905249795318,1.1368683772161603e-13,-118838.34597316511,473822.14208365575,-5710.161988495939,6644.45911029892,0.0,0.0,-30032.208455572858,-60827.38679144223
2017-09-11,3654.9013736269562,2330.6818181818217,114872.67267129455,170.3432294195455,88,437,0.21628295454545457,0.13745991631707252,2.842170943040401e-14,-39686.21911440969,444438.73664091306,663.8844555982997,2991.016918028656,0.0,0.0,-25233.610023616227,-53951.778191439866
2017-09-12,-5000.346627721165,-2489.7727272727366,109611.65231536338,172.4380786178872,88,438,0.22521647727272728,0.13217520142277314,-2.842170943040401e-14,73621.67029688117,463557.04622394516,-371.5009154805257,-4628.845712240639,0.0,0.0,-32575.697785179895,-59978.61086402074
2017-09-13,1749.4679615645268,1347.7272727272707,111291.78756047612,154.90587226723432,88,438,0.22723068181818185,0.11004449301849273,1.9895196601282805e-13,-137719.02257857047,466912.56633197557,-2694.037069128269,4443.505030692796,0.0,0.0,-26228.38480082174,-54051.331690940766
2017-09-14,-6525.9315533816825,-3442.045454545448,131456.70746353615,174.0851245669212,88,436,0.22398920454545454,0.14223115236420128,-5.684341886080802e-14,-313.92377751668755,462245.99917574425,-4504.653387971456,-2021.278165410226,0.0,0.0,-39564.19354383264,-72428.37040971668
2017-09-15,6159.296950759203,3272.7272727272766,125722.37160267607,161.3940825913324,88,438,0.21496306818181818,0.14753706874899566,0.0,-172454.07096783473,440970.38285760244,-1145.467336775149,7304.764287534353,0.0,0.0,-25432.69003250115,-56863.28293317016
2017-09-18,-680.7599534250608,1454.5454545454606,104476.52260562712,190.89897848814635,88,437,0.22960170454545456,0.11401182516407221,8.526512829121202e-14,-7819.656682515641,474104.6673054904,-696.2911018787486,15.531148453687877,0.0,0.0,-26990.789583319987,-53109.92023472677
2017-09-19,811.5730716680954,-220.45454545454862,109789.8153640784,200.8272966491315,88,439,0.22646477272727275,0.10473326968267481,-5.684341886080802e-14,24662.261871052582,471408.28004147887,5563.926822208671,-4752.353750540576,0.0,0.0,-26836.708066000636,-54284.16190702024
2017-09-20,-4457.15620647596,-7846.5909090909145,111784.79703929888,182.39299938459197,88,431,0.23273011363636364,0.12113411307842982,0.0,-226263.92365709686,478495.20674415043,-3385.070235110174,-1072.0859713657856,0.0,0.0,-32585.748465685272,-60531.947725509985
2017-09-21,-2315.6593337777863,-1703.4090909090849,110183.76017997487,232.2905694963589,88,439,0.22471761363636364,0.11342814870629626,1.1368683772161603e-13,-330209.59696702217,469754.5050490601,-320.07290912168065,-1995.5864246561055,0.0,0.0,-30093.88994826786,-57639.82999326158
2017-09-22,1795.2015100339065,-1181.1111111111125,124262.35229755954,197.59558317106377,90,441,0.23426611111111112,0.12402729284545197,-2.842170943040401e-14,-220491.21128568487,483658.6134972981,7962.739551150565,-6167.538041116658,0.0,0.0,-29467.982147527044,-60533.57022191693
2017-09-25,1141.632963967847,4942.045454545452,168883.41762111243,219.46402250537676,88,433,0.25622670454545454,0.16340252399014077,-1.9895196601282805e-13,-114311.07357420688,529143.4421361572,-3469.2960477698616,4610.929011737709,0.0,0.0,-41298.68546381564,-83519.53986909374
2017-09-26,4901.10247068518,6039.772727272727,162991.37947693982,258.36494570675046,88,436,0.24548806818181818,0.16607662114559998,8.526512829121202e-14,-106876.36429978439,511659.6915513166,1561.3373967678813,3339.765073917299,0.0,0.0,-36105.107344256525,-76852.95221349149
2017-09-27,-5374.767035141651,-5334.0909090909045,156489.80543831337,254.68086003147533,88,436,0.2462215909090909,0.15955803380816946,8.526512829121202e-14,277309.5610127818,515726.02252379194,-5088.758352642669,-286.00868249898224,0.0,0.0,-44751.89925475147,-83874.3506143298
2017-09-28,237.45842437444148,-30.681818181814663,157101.14135902154,243.66565453452998,88,434,0.24184545454545459,0.15435127691476982,5.684341886080802e-14,-207826.06396719546,503542.68298898905,-4117.634945781128,4355.09337015557,0.0,0.0,-39281.49256991548,-78556.77790967085
2017-09-29,3009.210920337517,-2784.0909090909095,160410.01394186215,267.44641340419247,88,435,0.23421363636363637,0.16935131876025208,2.842170943040401e-14,-250827.2338387156,493661.3272416007,4596.103005274931,-1586.892084937414,0.0,0.0,-37360.738978532216,-77463.24246399775
2017-10-02,-9990.78942282133,-7433.33333333333,152176.42469476786,99.74664267218455,42,209,0.2594452380952381,0.15216984565756977,0.0,-36372.90107579375,521865.04341336014,-2131.7928217130097,-7858.99660110832,0.0,0.0,-48134.64223918548,-86178.74841287744
2017-10-03,-363.346302495253,-1804.7619047619119,115999.97233331426,98.21806727644396,42,208,0.24763333333333334,0.12048121092248126,5.684341886080802e-14,17969.329805263,498010.26289593993,-3488.8569026499226,3125.5106001546696,0.0,0.0,-29461.557453100264,-58461.550536428826
2017-10-04,-371.0200336525853,-2097.777777777775,111933.66742475978,149.62011395520017,90,444,0.23613222222222224,0.11791405933185076,-5.684341886080802e-14,-39880.08882229501,483669.89819149894,-618.322043106015,247.3020094534296,0.0,0.0,-28504.05700379773,-56487.47385998768
2017-10-05,-5806.067830147361,-4603.333333333338,143855.2215253756,141.835430778365,90,443,0.24401333333333336,0.1289290771750556,1.4210854715202004e-13,41476.80625291672,496848.4296788737,128.52521324051872,-5934.593043387879,0.0,0.0,-41911.70864226962,-77875.51402361352
2017-10-06,5150.605655268187,-1287.4999999999982,107218.20196265297,139.61879086477023,88,434,0.25181875000000004,0.10929080061282664,-2.5579538487363607e-13,21175.67207253875,513166.5615898697,123.2320265960675,5027.37362867212,0.0,0.0,-21793.563626259824,-48598.11411692307
2017-10-09,612.4075685968452,-1551.111111111116,116924.23787586704,139.66615213889287,90,441,0.2539188888888889,0.1088997244783795,0.0,134299.1678356031,518172.78835687327,-2111.1379648988004,2723.5455334956455,0.0,0.0,-28758.318052508806,-57989.37752147557
2017-10-10,1970.7711773597523,-390.90909090909435,100023.77840714023,148.89034808454505,88,437,0.24553579545454546,0.1079904437545843,-1.7053025658242404e-13,23436.700549767527,501107.72149434424,-828.7473460722568,2799.518523432009,0.0,0.0,-23184.06377250985,-48190.00837429491
2017-10-11,6846.7843689088395,3433.333333333338,124761.1974646185,168.84994638461066,90,441,0.2395638888888889,0.10117491532103189,-8.526512829121202e-14,104753.2107084265,491920.4633429759,6794.186798839323,52.59757006951659,0.0,0.011111111111111112,-24512.364943630393,-55702.66430978502
2017-10-12,-1505.5049703089894,-3443.1818181818157,119768.52146875711,150.46404351979197,88,439,0.24292613636363639,0.12292535192148123,2.2737367544323206e-13,-53083.34337345813,496126.6992319153,-2899.35704488793,1393.8520745789406,0.0,0.0,-31598.09938101806,-61540.22974820734
2017-10-13,-529.5895445850979,-6514.444444444453,134208.6308547479,138.9823515950852,90,442,0.24222611111111114,0.12825228896656643,2.842170943040401e-14,-319195.2337783601,494432.9646784789,-3561.5757199121053,3031.986175327008,0.0,0.0,-34220.72960986716,-67772.88732355413
2017-10-16,2814.710896802217,4933.333333333335,98598.17369697071,214.60623600382857,90,445,0.24805722222222223,0.08901300434590276,8.526512829121202e-14,-217546.00483933423,514918.0210159624,-2527.859742933967,5342.570639736185,0.0,0.0,-22049.438763444286,-46698.98218768697
2017-10-17,-1368.2761241177118,-1712.2222222222288,109851.14060184892,262.180757605836,90,445,0.2340566666666667,0.11089837047049292,1.9895196601282805e-13,-466344.71620806126,491793.29838407796,-4582.654166081093,3214.3780419633804,0.0,0.0,-29093.242032185775,-56556.02718264801
2017-10-18,-2464.602588779442,6276.666666666668,106272.79373935642,266.36600212385457,90,441,0.2319355555555556,0.10745851089970987,-5.684341886080802e-14,-181014.4712414584,485282.70103881025,1026.1041693644102,-3490.7067581438514,0.0,0.011111111111111112,-29299.1670257424,-55867.3654605815
2017-10-19,6579.643745083712,4870.000000000003,104380.26282382468,304.81862906202633,90,443,0.22480166666666668,0.11220592032679705,1.9895196601282805e-13,-39331.8619243419,476453.7068443984,-1376.1826595147943,7955.826404598507,0.0,0.0,-19820.240589934485,-45915.30629589066
2017-10-20,-3914.04388899646,-6805.555555555563,114806.3106634618,293.97023208727427,90,442,0.22911777777777778,0.10703925240387804,1.4210854715202004e-13,-1994.5254744047888,483572.6320215089,-3229.3806665801335,-684.6632224163267,0.0,0.022222222222222223,-32909.59178694918,-61611.16945281463
2017-10-23,6377.372300013037,3806.8181818181893,153243.59405938603,216.3451772821763,88,438,0.2463875,0.13555325137419091,2.842170943040401e-14,-37765.58070360048,510448.7693021945,3609.613992529222,2767.7583074838144,0.0,0.0,-32149.871392115645,-70460.76990696214
2017-10-24,6350.975368795414,11760.227272727276,154871.30047538047,244.53922868819535,88,437,0.23105170454545457,0.13498583191963245,1.9895196601282805e-13,-33816.84066146304,484826.73756829073,5500.645115880028,850.3302529153855,0.0,0.0,-32611.388978737898,-71329.21409758303
2017-10-25,-12353.300451976347,1079.0697674418504,176075.6564916573,248.7718076835513,86,429,0.22818139534883722,0.1604987798604101,0.0,-291109.1642463333,475841.288800722,2631.1355502930533,-14984.436002269402,0.0,0.0,-56620.98638257423,-100639.90050548855
2017-10-26,4328.787055616334,5665.116279069762,156424.48836260993,288.01078594055303,86,423,0.22493372093023256,0.17164107155460195,-5.684341886080802e-14,-27359.00044656873,477777.9538814567,-799.6362794013306,5128.4233350176655,0.0,0.0,-35065.345820976705,-74171.46791162918
2017-10-27,-12086.315710425391,-13831.818181818182,192003.57111143266,283.68026932474095,88,432,0.23482954545454546,0.1947208016834427,0.0,-476750.0099196545,494542.5131974311,4933.909600064787,-17020.22531049018,0.0,0.0,-60370.88875760829,-108371.78153546646
2017-10-30,-27512.40127984191,2297.6190476190454,205718.68594502032,115.6298291695736,42,203,0.27836785714285717,0.13786824744265036,2.8421709430404007e-13,54604.35936238704,561479.7672781784,-352.8277718731157,-27159.5735079688,0.0,0.023809523809523808,-79057.70259526656,-130487.37408152164
2017-10-31,-2615.0104347155466,-1740.4761904761933,197204.02544242577,90.17673371313862,42,204,0.25421785714285716,0.1682353278443111,-1.1368683772161603e-13,-17363.794767517138,511197.0625260533,2494.2585744181943,-5109.269009133741,0.0,0.0,-52006.19352903513,-101307.19988964156
2017-11-01,6180.693702554838,10305.81395348838,166611.26061728076,142.05474519630104,86,426,0.25172093023255815,0.16381359668625284,-1.7053025658242404e-13,-235801.72341887341,513474.8572577023,570.6993711018899,5609.994331452947,0.0,0.0,-35614.17619696165,-77266.99135128185
2017-11-02,-3786.7601630890567,-176.1363636363604,177052.80885009366,140.4501130710757,88,436,0.2362323863636364,0.16982590953812648,-2.842170943040401e-14,-119833.70106681302,480011.9601341186,1526.825184294486,-5313.585347383542,0.0,0.0,-48190.41248868355,-92453.61470120696
2017-11-03,-14976.548850880963,-14482.954545454544,174792.68431495782,161.0069755422817,88,433,0.2449948863636364,0.15437074456364322,-1.7053025658242404e-13,51917.93562551805,503618.77400531864,-2607.8978157700144,-12368.651035110948,0.0,0.0,-58835.7269051627,-102533.89798390216
2017-11-06,18.443349196704087,10962.500000000007,195460.82843471653,138.020106531913,88,438,0.2590471590909091,0.15959379174899346,-5.684341886080802e-14,-173189.88149148485,525368.8001623849,11277.52766708766,-11259.084317890956,0.0,0.022727272727272728,-48984.78386601434,-97849.99097469347
2017-11-07,-2552.6456319288154,-3277.2727272727243,216254.53619627794,170.89680250653032,88,436,0.25301079545454547,0.15303312901175833,-2.842170943040401e-14,-241615.98762100632,520679.1719940674,1137.4307062277676,-3690.0763381565835,0.0,0.0,-56787.17648350483,-110850.81053257431
2017-11-08,4153.257660893154,4167.045454545451,187718.18835589723,191.7038282601878,88,434,0.25326875,0.15023623548532533,1.4210854715202004e-13,-231648.20590412908,523762.20926514565,7928.063453237988,-3774.8057923448337,0.0,0.022727272727272728,-42967.99325634134,-89897.54034531565
2017-11-09,-1430.1326723806733,2619.318181818187,175846.3805405206,165.96254385898135,88,434,0.2575403409090909,0.16030880469015035,-5.684341886080802e-14,-259960.1760750648,527065.0054688447,-1794.387371110896,364.25469873022274,0.0,0.0,-45557.6903513698,-89519.28548649995
2017-11-10,3425.740232163512,-287.5000000000023,181088.20836981587,208.50115114034605,88,440,0.24963295454545456,0.16423311786633116,0.0,-253585.240237884,520834.3696769871,-6310.3841778683545,9736.124410031865,0.0,0.011363636363636364,-42054.8130114308,-87326.86510388476
2017-11-13,1982.3267263997407,8426.666666666662,132318.03786829216,230.11099513395976,90,447,0.2561361111111111,0.11991403941403743,2.842170943040401e-14,71377.22111811752,531245.714635674,3225.5502449927576,-1243.2235185930174,0.0,0.0,-31327.29373580726,-64406.8032028803
2017-11-14,975.0799680081946,175.5555555555498,121211.27712717351,251.48647426717994,90,441,0.24794222222222223,0.1211457914855572,-5.684341886080802e-14,-102553.23003274962,516447.8276642341,3124.0533400323593,-2148.9733720241647,0.0,0.0,-29579.225788052365,-59882.04506984574
2017-11-15,-7006.311890658708,10022.222222222226,136973.04318232776,241.3788134378672,90,444,0.2603866666666667,0.13009277749923967,0.0,-342250.3640873457,540747.4150290574,-5881.397458138931,-1124.9144325197767,0.0,0.0,-41490.951499678515,-75734.21229526045
2017-11-16,-10194.613765308284,9988.888888888887,138468.95071805653,292.0297718101382,90,444,0.24421944444444443,0.13624770894202526,-2.8421709430404007e-13,-57198.80524108701,516419.19391431153,-1686.277635878948,-8508.336129429335,0.0,0.0,-45103.88121663255,-79721.11889614668
2017-11-17,2332.6831095832076,-2023.8636363636447,145126.8438399499,246.78762193574818,88,440,0.24857613636363637,0.13176726576837655,1.7053025658242404e-13,-156701.73101963414,518348.36768216966,-6541.604522400065,8874.287631983274,0.0,0.011363636363636364,-34195.815472340015,-70477.52643232749
2017-11-20,10519.970205736898,14678.409090909092,172279.07547447374,253.78912902056982,88,435,0.24103920454545455,0.15794694559320507,-1.7053025658242404e-13,-68618.95135192489,504933.6398157273,-97.73606228652352,10617.706268023421,0.011363636363636364,0.011363636363636364,-32803.5877919021,-75873.35666052054
2017-11-21,1149.7833164278857,2045.454545454548,187923.7703163461,272.1737806501666,88,435,0.23207897727272728,0.16995960339497138,1.7053025658242404e-13,428589.4809648717,492466.32617768523,-2199.3228200851922,3349.1061365130777,0.0,0.011363636363636364,-46103.33304330881,-93084.27562239533
2017-11-22,-5971.225040435772,-8602.27272727273,192648.44768478107,295.2482643417782,88,433,0.23579431818181817,0.1684318302563056,2.842170943040401e-14,-128035.3414995933,500311.58621599205,-6638.506608177027,667.2815677412558,0.0,0.0,-54428.58522597281,-102590.69714716809
2017-11-24,5953.5507079258705,-2509.302325581389,200492.4490717021,360.88630530412536,86,422,0.24308313953488375,0.19396790466536237,-8.526512829121202e-14,-532823.9818814847,531118.8993625757,549.7214871715514,5403.82922075432,0.0,0.0,-44530.44786530379,-94653.56013322932
2017-11-27,6868.480154928743,4121.428571428571,188950.75372440362,101.01117529586466,42,210,0.25880238095238095,0.14782748964660236,0.0,41454.7464239776,520307.2268173965,10901.984916829433,-4033.5047619006905,0.0,0.0,-40470.21945146802,-87707.90788256894
2017-11-28,-6401.268752203732,-400.0000000000018,190153.82428484657,125.5090303676983,42,205,0.2595559523809524,0.18406738766885228,-5.684341886080802e-14,47548.762759939666,524408.3909220208,17161.90555852993,-23563.17431073366,0.0,0.0,-54065.23385378307,-101603.68992499472
2017-11-29,-1370.4969256116922,3107.142857142864,242886.25906071253,96.67127194728782,42,204,0.26329761904761906,0.1840099824197986,-1.1368683772161603e-13,-14987.996008086366,530272.666639243,2976.809373135717,-4347.3062987474095,0.0,0.0,-62188.73296273711,-122910.29772791524
2017-11-30,4211.924234139915,-677.5000000000018,231485.57834785315,78.72304020471816,40,198,0.25195500000000004,0.2216645110752468,2.8421709430404007e-13,-40144.59535706144,506432.76641327713,12598.251472239512,-8386.327238099597,0.0,0.0,-53738.193393028094,-111609.58797999138
2017-12-01,-13144.874802936703,-15183.333333333343,163805.65107335025,92.06763365231136,42,202,0.24865238095238096,0.15422611518077364,0.0,16963.698848981334,500394.6317329847,17397.913136780735,-30542.78793971744,0.0,0.0,-54188.35520492658,-95139.76797326414
2017-12-04,8863.264831732413,7983.333333333312,204341.46334593612,109.29750406703603,42,206,0.2699095238095238,0.17184669219964416,3.410605131648481e-13,58076.3912970371,543961.4450666982,-6361.089818785924,15224.354650518337,0.0,0.0,-42331.39850881865,-93416.76434530268
2017-12-05,3859.28636771609,3488.0952380952403,153252.59367558832,92.34898027704347,42,209,0.24811309523809524,0.16476590934032284,1.1368683772161603e-13,4584.786923768979,498910.2824012137,-2821.051914074677,6680.338281790767,0.0,0.0,-34546.21103145803,-72859.35945035511
2017-12-06,5874.021742652955,5224.999999999998,131149.7713645347,194.7777557420158,88,437,0.22241420454545455,0.14596181408663597,-5.684341886080802e-14,-79787.7786796807,463146.71122167155,-1345.0867251853851,7219.10846783834,0.0,0.011363636363636364,-27108.198854222737,-59895.64169535641
2017-12-07,2703.3628460165073,1114.4444444444428,139894.31729211385,164.32408788300023,90,441,0.218735,0.15464533005520936,-3.410605131648481e-13,84623.80093329033,450169.93510281853,-1867.5296212525916,4570.892467269099,0.0,0.0,-32434.540564894956,-67408.11988792341
2017-12-08,-3096.343286637217,-3755.681818181819,131954.38819511808,176.26856180153982,88,436,0.21960454545454547,0.1518213070313174,-1.7053025658242404e-13,39862.83282812566,452088.6991378319,-7636.091807601089,4539.748520963873,0.0,0.0,-36261.208897218276,-69249.8059459978
2017-12-11,846.5975887972506,-28.888888888890193,136532.75476487854,168.12250165639645,90,441,0.22117,0.1426440149357665,-5.684341886080802e-14,133455.27163053106,455785.2140127316,5228.70148167244,-4382.10389287519,0.0,0.0,-33454.71360407878,-67587.90229529842
2017-12-12,-3553.3158782374057,-3594.4444444444475,178282.99999609595,175.13993157056424,90,444,0.23058000000000003,0.15665245222695748,2.5579538487363607e-13,-50068.687343363075,474757.9408599125,-3920.7832640219367,367.4673857845311,0.0,0.0,-48299.20580883196,-92869.95580785595
2017-12-13,771.2896404778867,2994.186046511629,152555.94569683718,190.38619278100956,86,427,0.21556744186046514,0.1491071667640741,-1.4210854715202004e-13,62631.30359425382,446787.5807438552,-3529.808533680761,4301.098174158647,0.0,0.011627906976744186,-37558.082976512414,-75697.06940072171
2017-12-14,8341.483964983361,8906.818181818182,144369.83531290127,202.08447597947452,88,439,0.20945,0.15603025615179264,1.7053025658242404e-13,-313845.0197567442,433793.11835280055,2996.759192076919,5344.724772906442,0.0,0.0,-27953.059339221432,-64045.518167446746
2017-12-15,1202.126689164096,-3245.4545454545405,132314.3172813208,199.25066212122996,88,438,0.20674943181818184,0.15803887502492245,1.1368683772161603e-13,-257678.82469785464,431150.5857569938,-1196.1434000137829,2398.2700891778786,0.0,0.0,-32075.703293287337,-65154.282613617535
2017-12-18,5538.39552113413,6446.666666666661,107432.72443734622,185.22408590185677,90,448,0.218565,0.11762024934143575,-8.526512829121202e-14,-301481.36674049584,451842.47419008904,4915.76160873581,622.6339123983196,0.0,0.0,-21505.00967410428,-48363.190783440834
2017-12-19,15681.95803919291,11706.666666666662,104994.44660294992,222.24165687747677,90,446,0.2142166666666667,0.11982263863094202,1.4210854715202004e-13,-363773.69830093713,446522.1816747887,8634.315460818305,7047.642578374604,0.0,0.0,-10788.895268422046,-37037.506919159525
2017-12-20,-3537.5392351877376,628.8888888888958,116944.02745947821,183.84437595160583,90,449,0.22459111111111113,0.1295991629386712,-1.1368683772161603e-13,-129066.61508070998,463378.3397404996,5793.636538631999,-9331.175773819738,0.0,0.0,-32957.3904760089,-62193.39734087845
2017-12-21,8332.015270117114,8993.333333333334,117658.79200470398,235.3185316183884,90,445,0.21635333333333334,0.13636211621072483,-8.526512829121202e-14,-353961.00662581174,454551.0305846328,-3244.8441884452996,11576.859458562414,0.0,0.0,-21318.00126267727,-50732.69926385326
2017-12-22,3260.1670874510282,-971.1111111111071,106965.26988438716,232.92004570825523,90,444,0.21300611111111115,0.1241368481984454,1.7053025658242404e-13,-287160.88409694715,446530.80016734084,-1826.1776745603338,5086.344762011362,0.0,0.0,-23714.07042935402,-50455.387900450805
2017-12-26,981.4602797284826,-16.66666666666083,149523.13049648635,211.8752870273819,90,442,0.2407038888888889,0.1485988048563553,-2.842170943040401e-14,53567.90122406659,498879.7702270848,-5339.198590145119,6320.658869873601,0.0,0.0,-36611.19763142049,-73991.98025554206
2017-12-27,-1079.4141042939286,-1266.666666666671,137980.99890549792,240.87130498467457,90,442,0.22447611111111113,0.15006737691263333,1.9895196601282805e-13,-198407.4476325718,464863.06506224605,-6844.800224419191,5765.386120125262,0.0,0.0,-35815.53513565309,-70310.78486202756
2017-12-28,952.7041896500054,-1104.4444444444384,149399.40307354956,254.30343079650748,90,443,0.23095833333333335,0.14959972840281274,1.4210854715202004e-13,-328286.287504919,480322.09548311005,-3274.5590414815556,4227.263231131561,0.0,0.0,-36651.45000953389,-74001.3007779213
2017-12-29,1529.1749556704146,-6760.227272727279,162942.17329891454,300.0683489711517,88,434,0.23317045454545457,0.17146119187014205,8.526512829121202e-14,-274302.52912064514,491471.7500688775,3918.561118538984,-2389.386162868569,0.0,0.0,-39506.43671802937,-80241.980042758
2018-01-02,-6669.325351994133,3183.333333333334,129423.08283417652,140.4166174415189,90,442,0.2464111111111111,0.12045192225059306,2.842170943040401e-14,-20517.617887128315,501159.55249032227,3981.973435338849,-10651.298787332982,0.0,0.0,-39165.51267797979,-71521.28338652391
2018-01-03,1857.4573170221504,-604.5454545454548,105442.45003025453,126.36486616473971,88,438,0.23541193181818185,0.11229822645437708,-5.684341886080802e-14,76248.20102844157,477421.208373788,1476.5077765099654,380.94954051218485,0.0,0.0,-24629.52005670622,-50990.13256426986
2018-01-04,7683.677385929603,4932.95454545455,135973.35661578155,148.96153599468508,88,440,0.23782102272727276,0.10984397507638664,-5.684341886080802e-14,-32592.73640211093,485350.4762981516,7786.145742251432,-102.46835632182987,0.0,0.011363636363636364,-26458.62330401047,-60451.96245795586
2018-01-05,5758.009060276871,2523.8636363636356,94234.47683959919,135.90534665763604,88,440,0.2309721590909091,0.10382394058918201,-2.842170943040401e-14,-147264.45779968702,469720.42045391194,-1219.9131995478917,6977.922259824763,0.0,0.0,-17936.51549628056,-41495.13470618036
2018-01-08,-5114.697669063065,-3299.9999999999977,115052.81494639724,162.63636099705667,90,441,0.2552888888888889,0.1008393304823675,-1.9895196601282805e-13,89334.75539332868,521611.4856417973,-2543.5908965680787,-2571.106772494987,0.0,0.0,-34040.53776665943,-62803.741503258745
2018-01-09,149.0529450248806,-1404.4444444444418,121274.80346133679,145.79430923658703,90,448,0.2417827777777778,0.11253279706267164,-2.842170943040401e-14,11078.7024635755,492069.71975436277,262.07987093484167,-113.02692590996145,0.0,0.0,-30315.442229545904,-60634.143094880106
2018-01-10,1203.04381639478,-2890.9090909090887,105667.91720254249,146.7825756183073,88,440,0.23550000000000001,0.10369826729659679,1.7053025658242404e-13,-4588.490727187179,479300.91789323976,4841.200964908489,-3638.157148513709,0.0,0.0,-25360.71805985915,-51777.69736049478
2018-01-11,7667.461719020887,5027.272727272731,117773.5592227758,161.44346903850396,88,437,0.23570795454545454,0.1191302669879827,2.842170943040401e-14,-43489.16299428656,482214.2623198985,9699.379407041919,-2031.9176880210312,0.0,0.0,-21937.371555711565,-51380.761361405515
2018-01-12,4327.425961610925,-3595.4545454545478,113801.3306837887,157.70332142323124,88,438,0.24164375,0.10946144794253222,-1.4210854715202004e-13,-69602.72933610543,493159.11725348595,7232.906028267212,-2905.480066656287,0.0,0.0,-24280.610030759486,-52730.942701706655
2018-01-16,4385.655868182424,2294.2222222222213,108417.08498621764,245.3317916506629,90,449,0.26008722222222225,0.08864459649231071,1.1368683772161603e-13,213569.58036686014,541904.7315846699,5691.484827164964,-1305.828958982541,0.0,0.0,-22963.94717002265,-50068.21841657706
2018-01-17,-1539.285858787066,-1302.2222222222254,112721.07529471233,282.08964241646254,90,448,0.2419188888888889,0.09908487736337034,-8.526512829121202e-14,38972.21539056335,510317.33969205164,-1076.4239467313496,-462.86191205571595,0.0,0.0,-30001.64432488161,-58181.91314855969
2018-01-18,7990.612407359194,4731.111111111115,87014.5409786439,279.4826268384895,90,445,0.2379288888888889,0.09060113749211934,-1.1368683772161603e-13,-271443.37809701636,502911.2354348766,1641.8488510063812,6348.763556352812,0.0,0.0,-14042.505464140271,-35796.14070880125
2018-01-19,2101.369026451787,713.3333333333394,100504.63428266063,291.4146701618751,90,448,0.24000777777777776,0.10403612530380345,-2.842170943040401e-14,-48677.294366333415,506238.8885796256,-3388.099776629011,5489.468803080797,0.0,0.0,-23316.204214375244,-48442.3627850404
2018-01-22,1335.59780086873,3190.0000000000005,104262.20592810347,186.59386604300866,90,446,0.24785833333333332,0.10345279159705179,1.1368683772161603e-13,95516.22617767644,509746.1474547272,3004.901113516464,-1669.3033126477344,0.0,0.0,-24916.547547200145,-50982.09902922602
2018-01-23,6108.079456946441,5941.111111111113,125160.63580212407,207.79884407770436,90,443,0.2599338888888889,0.10299479509961643,-5.684341886080802e-14,-4248.881456600022,536108.258798974,7298.543805370021,-1190.4643484235796,0.0,0.0,-25389.87833766228,-56680.0372881933
2018-01-24,2516.7516530684516,5909.999999999993,128501.40907954775,250.55313347880426,90,445,0.25381444444444445,0.11317072998022222,8.526512829121202e-14,-157736.1529961827,530102.5501428501,1561.9284158565806,954.8232372118704,0.0,0.0,-29859.15375029729,-61984.50602018423
2018-01-25,1837.5482844602918,4661.111111111105,140352.7802398536,237.34914618624072,90,441,0.25778944444444446,0.11422234656501053,5.684341886080802e-14,-298357.3915768489,534770.7241683482,3224.1146007808957,-1386.5663163206038,0.0,0.0,-33487.995921689355,-68576.19098165275
2018-01-26,-8220.154766613688,-10377.777777777788,144771.83905542907,225.29444952704233,90,441,0.25782222222222223,0.11122078882435563,0.0,157269.46721886296,531864.7556642584,7643.270368455056,-15863.425135068746,0.0,0.0,-44638.408979998,-80831.36874385527
2018-01-29,21897.016818238888,18686.363636363636,114856.63664070434,79.86716059143062,44,216,0.28473295454545455,0.10781915057738202,-1.1368683772161603e-13,-95638.07033842566,571576.0097625338,13514.366752061651,8382.650066177239,0.0,0.0,-6897.009502528627,-35611.16866270471
2018-01-30,-6026.622452314153,-2995.6521739130458,151945.47834080984,86.00561797117773,46,224,0.26607826086956526,0.11521447415942852,5.684341886080802e-14,66301.2085736311,534794.7140341266,-5508.449488193309,-518.1729641208437,0.0,0.0,-44098.99765548779,-82085.36724069026
2018-01-31,2527.135637328127,3755.6818181818244,141545.48038156994,151.82773150134722,88,433,0.26643295454545457,0.13436593320023682,5.684341886080802e-14,-60531.05035696969,545008.0425566013,-5890.644137501602,8417.779774829729,0.0,0.0,-33011.0621895657,-68397.43228495818
2018-02-01,7633.917940035815,4995.454545454537,141777.61932100053,119.47450276218838,88,439,0.26400852272727277,0.11938710940901527,-2.5579538487363607e-13,-77752.63208094152,535368.810396552,23670.84172230348,-16036.923782267666,0.0,0.0,-27929.961392976504,-63374.36622322664
2018-02-02,43621.09910283679,25160.227272727287,345120.54252391396,120.32783740633919,88,436,0.27748920454545456,0.13891717970632797,1.4210854715202004e-13,-45877.99375863118,563649.6109421967,83247.3192456515,-39626.2201428147,0.0,0.0,-42779.364365548034,-129059.49999652652
2018-02-05,-2344.2306237113776,-2621.428571428573,309063.4573394916,117.64044633330431,70,344,0.3268828571428572,0.3043276450157307,5.684341886080802e-14,-45525.82977118913,662228.8472711069,713.6188510668999,-3057.849474778278,0.0,0.0,-79727.73540491758,-156993.59973979046
2018-02-06,-4814.353336143015,-1288.372093023255,207200.68732045093,127.50255982874954,86,423,0.31221627906976746,0.1847333343425657,2.842170943040401e-14,59463.76933616656,632404.9009508579,-19926.73330719598,15112.379971052964,0.0,0.0,-56742.027726084496,-108542.19955619723
2018-02-07,6256.112643336208,7382.558139534889,290390.21201285097,156.64867334620368,86,430,0.28444941860465117,0.16208309422304223,1.4210854715202004e-13,122949.11957185004,582141.542271055,67977.94797511728,-61721.83533178107,0.0,0.03488372093023256,-66498.08903322274,-139095.64203643549
2018-02-08,22641.465024564925,22313.095238095226,392887.8660027567,147.34493171870233,84,411,0.34520476190476196,0.21177336804038782,-1.7053025658242404e-13,23094.410879212926,701880.7973396123,32051.160363443203,-9409.695338878277,0.0,0.011904761904761904,-75727.84640784295,-173949.81290853213
2018-02-09,554.4994576858924,2843.5897435897386,267179.37263755244,146.15272142563882,78,385,0.34013589743589745,0.2504754744832195,0.0,-123543.09148757567,694138.650007185,-49504.751336996764,50059.25079468266,0.0,0.0,-66386.49642312786,-133181.33958251597
2018-02-12,-6077.611515130347,-4896.590909090906,173738.27719818745,183.02869623041914,88,439,0.32186875000000004,0.14541883089332927,-1.1368683772161603e-13,-17100.218954828335,662769.8075308547,-16022.843094608052,9945.231579477706,0.0,0.0,-49695.209510907625,-93129.7788104545
2018-02-13,12904.143397605818,2606.666666666661,208829.51836470026,214.43798897607076,90,442,0.33240333333333333,0.14104703246715186,5.684341886080802e-14,-75928.20395920893,685552.2700835675,3663.5201767081303,9240.623220897689,0.0,0.0,-39517.674182545314,-91725.05377372038
2018-02-14,12291.787038528546,12393.333333333338,153940.30432023352,192.56135075751214,90,442,0.29964666666666673,0.13245166759341184,-5.684341886080802e-14,-30223.28519664134,616609.8116621953,6766.597624628021,5525.189413900524,0.0,0.0,-26385.850392287346,-64870.92647234572
2018-02-15,14625.674562498472,12393.333333333348,169752.09466231219,231.93482023587862,90,445,0.30276555555555557,0.12510655793883288,0.0,208202.9988239352,628398.7333420536,2234.428824715523,12391.245737782949,0.0,0.0,-28044.283923315452,-70482.3075888935
2018-02-16,293.9041738234124,-1672.2222222222254,144327.51345696382,216.3166565641465,90,442,0.30516777777777776,0.1220291963784646,2.842170943040401e-14,-32026.794479722488,627749.3140869569,-1826.5833543210165,2120.4875281444292,0.0,0.0,-36004.29084698168,-72086.16921122264
2018-02-20,2861.266241667053,8429.999999999993,169987.44991180528,194.84423993365795,90,441,0.3225916666666667,0.12212155721640834,2.842170943040401e-14,-97098.61978348298,663528.0747686444,-1832.961182899654,4694.227424566707,0.0,0.0,-39830.440476217926,-82327.30295416925
2018-02-21,-2263.969807813327,17969.318181818184,174562.3475801323,180.69331198951247,88,437,0.3244772727272727,0.1362224124394222,-2.842170943040401e-14,-82154.31636925774,664082.1593871987,-3947.4361490263777,1683.4663412130499,0.0,0.011363636363636364,-46085.25001483592,-89725.83690986899
2018-02-22,-1848.6305656027612,-1010.2272727272539,185310.3961424747,250.6402943282715,88,440,0.3109954545454546,0.14691858548175407,2.842170943040401e-14,-367683.0316759052,645796.4969382981,-6409.876158459396,4561.245592856635,0.0,0.0,-48426.86989554971,-94754.46893116838
2018-02-23,-6719.490731069907,-14059.090909090912,166159.90492323297,222.07315416330928,88,440,0.3012755681818182,0.133026127336255,-2.842170943040401e-14,48640.79970752484,619355.2313005989,-2968.6162748687075,-3750.8744562012,0.0,0.011363636363636364,-48481.540116041455,-90021.5163468497
2018-02-26,11066.319767129997,4752.173913043468,125023.7315485603,97.20778128953916,46,228,0.29820543478260875,0.0971784956343261,0.0,19335.97103193213,599164.6902495349,14286.391773236695,-3220.0720061066986,0.0,0.0,-20286.82090129962,-51542.753788439695
2018-02-27,9739.159147104574,3000.0000000000027,172430.20195248091,108.68896370290358,46,230,0.3136358695652174,0.11070247514424382,0.0,-33900.40620440419,630212.9078351286,13166.740108327067,-3427.580961222494,0.0,0.0,-33477.080304718555,-76584.6307928388
2018-02-28,-1434.7374172352372,17760.869565217377,221267.06710548923,97.18570181090443,46,229,0.33076413043478264,0.15991796872554617,-1.7053025658242404e-13,-125335.00795856434,664216.3774729912,13196.43226767626,-14631.169684911496,0.0,0.0,-56848.68989541845,-112165.45667179076
2018-03-01,6843.101255338782,7422.91666666666,249010.63452678785,101.54174304797885,48,231,0.33813020833333335,0.17577385318021677,-5.684341886080802e-14,-78089.07625252729,679088.3072204004,4532.377950409544,2310.7233049292377,0.0,0.020833333333333332,-55511.09911940616,-117763.75775110311
2018-03-02,3802.618973364126,397.8260869565238,177270.7930320835,97.01803398045028,46,229,0.3318880434782609,0.15141565722278125,-1.1368683772161603e-13,73449.97047018513,666163.2587217051,-9745.553615582989,13548.172588947114,0.0,0.0,-40612.0973186372,-84929.79557665807
2018-03-05,4785.944652408088,5316.666666666655,169728.41935288697,89.89063109186345,48,231,0.31339062500000003,0.1253228287491374,2.2737367544323206e-13,15461.90775669544,629016.8313731448,-3829.8431328750553,8615.787785283144,0.0,0.0,-37736.05081690552,-80168.15565512727
2018-03-06,-22368.69452732805,-4983.333333333326,156824.39086449062,111.29938403893196,48,231,0.30875104166666667,0.11889946448423783,-1.1368683772161603e-13,-90818.59345929236,621106.3985571063,-588.3210131689392,-21780.373514159113,0.0,0.0,-61686.09162748964,-100892.1893436123
2018-03-07,7172.4199435090595,2815.9090909090864,163957.57974401617,149.5670998776567,88,436,0.29154602272727276,0.12807892276241942,2.842170943040401e-14,-22116.525301609574,593025.799200661,-1833.0437352732715,9005.463678782331,0.0,0.0,-33966.54209237264,-74955.93702837669
2018-03-08,-11206.589985586152,-10698.863636363647,174739.76743222168,136.6324917646415,88,436,0.28624034090909095,0.14752740732619232,-1.7053025658242404e-13,-194435.52071129426,581720.3327499243,-8994.241185050692,-2212.348800535458,0.0,0.0,-55028.16433540621,-98713.10619346163
2018-03-09,-3351.9735625687335,-2481.8181818181674,143465.70975168946,138.33397219808128,88,436,0.27958636363636363,0.1270870571215399,-1.7053025658242404e-13,34336.000602761254,570618.5743644084,-2401.8717103790877,-950.1018521896461,0.0,0.0,-39356.73497268918,-75223.16241061155
2018-03-12,11774.75024426406,10649.999999999995,157340.88752651875,125.814853146518,88,434,0.2803028409090909,0.12724518283260308,2.842170943040401e-14,-96432.97766223027,569305.0204517841,6330.026030115555,5444.724214148506,0.0,0.0,-27686.286490512146,-67021.50837214183
2018-03-13,-2104.163597308317,3904.5454545454577,142750.3433523751,140.7570585468929,88,431,0.27870170454545456,0.12917154902459513,8.526512829121202e-14,-113982.1028850528,567459.8197832375,-2959.397616033032,855.2340187247153,0.0,0.0,-37932.50649394898,-73620.09233204275
2018-03-14,4949.267536452236,4459.090909090912,180073.03335593137,150.2743023801851,88,437,0.2823880681818182,0.1483683457441011,0.0,-167703.45964826035,578867.8158523097,-5979.455588304004,10928.72312475624,0.0,0.0,-40219.265104910795,-85237.52344389365
2018-03-15,1753.1246451071695,6473.8636363636415,184953.38740217863,154.04669246318173,88,436,0.27839545454545456,0.14232533109485768,-1.7053025658242404e-13,-197897.54618880764,569083.3085134592,-9430.423515607154,11183.548160714323,0.0,0.0,-44639.26889790067,-90877.61574844533
2018-03-16,12148.9314905876,8375.581395348832,188921.5718871586,154.30508302316363,86,428,0.2551813953488372,0.17971218415827,2.2737367544323206e-13,9888.487972320338,520720.6893479147,21313.157824286867,-9164.226333699266,0.0,0.011627906976744186,-35235.76656422522,-82466.15953601488
2018-03-19,1917.4157838122978,908.8888888888855,107809.39636326156,151.37945698963244,90,441,0.27233722222222223,0.10135491694330542,-5.684341886080802e-14,-34436.193358400786,554029.879817965,-2167.29499013751,4084.710773949808,0.0,0.0,-25186.312763992722,-52138.66185480812
2018-03-20,-2693.482722945973,-1528.8888888888785,106801.8723810017,135.23334096530542,90,443,0.27403611111111115,0.0922977417080589,2.5579538487363607e-13,-192398.3825001243,555071.2263972791,1171.5750060163487,-3865.0577289623225,0.0,0.0,-29529.1841591617,-56229.652254412125
2018-03-21,-11564.24067858461,114.77272727271873,115017.69262563028,134.0398898215022,88,434,0.26988636363636365,0.09176394825718752,8.526512829121202e-14,-158965.79559840742,547225.9922210249,25070.24144406456,-36634.48212264917,0.0,0.0,-40452.703724813684,-69207.12688122127
2018-03-22,-734.4293920086008,-826.1363636363706,134081.80901384313,152.38816521992624,88,440,0.2938670454545455,0.1098161148422817,3.126388037344441e-13,30926.680958496625,598346.8632998102,16010.591334905208,-16745.020726913808,0.0,0.0,-34407.26981068931,-67927.72206415009
2018-03-23,1876.4388166821363,6453.409090909088,140862.77616505374,179.32381097988906,88,437,0.3158085227272727,0.11290394532343528,-1.4210854715202004e-13,142710.16630703438,643913.8168815904,-4330.839879010058,6207.278695692195,0.0,0.0,-33518.57903556119,-68734.27307682463
2018-03-26,-12874.642816727132,-6673.255813953482,149906.62354937926,164.3519305184174,86,427,0.2912593023255814,0.11918844534901107,-3.126388037344441e-13,201475.59010193165,596757.2084874471,588.8120333892876,-13463.454850116419,0.0,0.0,-50515.65063459036,-87992.30652193518
2018-03-27,-2505.9426596998273,-3134.8837209302274,142026.64794194087,162.20584915320669,86,425,0.302268023255814,0.12427478735537843,-2.5579538487363607e-13,-134935.76595970077,614776.4303486319,7487.498152737534,-9993.44081243736,0.0,0.0,-38174.81049433825,-73681.47247982347
2018-03-28,5199.0637295012775,8980.232558139533,173623.99916927633,220.22543669434694,86,430,0.3171947674418605,0.1265958029913633,8.526512829121202e-14,-30837.42579655599,656621.2384765098,-14497.112375490622,19696.1761049919,0.0,0.0,-38427.16149951215,-81833.16129183125
2018-03-29,5530.26145540046,-3851.1627906976664,200246.82257870233,219.95887522025168,86,422,0.2946604651162791,0.14709683147174915,0.0,-13714.19995397453,610591.8328985977,34578.45454080937,-29048.193085408908,0.0,0.0,-44751.403064495375,-94813.10870917096
2018-04-02,358.7121602489769,-2047.8260869565336,136230.97074003334,100.27524217165237,46,227,0.35041413043478264,0.10411266880146966,5.684341886080802e-14,-40451.539834523275,703217.4951250324,-9320.653482325451,9679.365642574428,0.0,0.0,-33799.30576693101,-67857.04845193935
2018-04-03,11928.27449612929,7054.166666666685,149232.82844321834,99.0844610893752,48,232,0.33198958333333334,0.09774505209498792,-1.1368683772161603e-13,14834.983801972825,666249.8792524614,10197.360667705037,1730.9138284242529,0.0,0.0,-25479.01707576467,-62787.224186569256
2018-04-04,-671.4940091125413,-1265.5555555555593,148537.89807318512,116.46086725976616,90,441,0.3110205555555555,0.12333570453440132,1.4210854715202004e-13,26138.527330776,630069.0970591791,-7378.280598783039,6706.786589670498,0.0,0.0,-37922.42939466859,-75056.90391296487
2018-04-05,-2903.8964748568105,604.4444444444459,164012.68103810953,118.86035076717918,90,441,0.29341833333333334,0.11231623856651606,-1.4210854715202004e-13,-122044.09675434133,593887.9257313518,14843.505101304096,-17747.401576160908,0.0,0.0,-44025.92708515137,-85029.09734467875
2018-04-06,-255.58908437818343,-5521.590909090914,161908.90828590508,121.73820857684987,88,437,0.31813579545454546,0.12729582286254304,-8.526512829121202e-14,128754.52136130002,644400.1808734395,-10548.050977969146,10292.461893590964,0.0,0.0,-40854.5543644313,-81331.78143590757
2018-04-09,-3671.951981961688,-2281.111111111099,150454.95746975965,134.82588722610907,90,442,0.3172922222222222,0.12251105906871683,1.4210854715202004e-13,-117755.49887449987,644538.2272010045,49.05995398351047,-3721.0119359451987,0.0,0.0,-41420.51723662771,-79034.25660406762
2018-04-10,-4643.7376311337985,-2005.5555555555618,124607.24444233406,126.57836456670381,90,441,0.30560444444444446,0.09560382009899984,8.526512829121202e-14,-59534.61273538564,620242.23301759,-9458.282770499052,4814.545139365253,0.0,0.0,-35922.12710628402,-67073.93821686754
2018-04-11,-1248.176865484966,-1256.8181818181827,129220.8700166092,128.8560536372247,88,438,0.2986221590909091,0.1035672323176371,2.842170943040401e-14,-155.32312891263246,605127.3258333628,-4113.525705506077,2865.3488400211118,0.0,0.0,-33682.25042327449,-65987.4679274268
2018-04-12,3526.4705250161715,1309.090909090908,123392.49298874766,119.3733813085134,88,439,0.30206136363636366,0.10232451171839205,5.684341886080802e-14,-40346.94950874348,610939.6834284466,-856.4450440228071,4382.915569038978,0.0,0.0,-27441.026103479257,-58289.14935066617
2018-04-13,4409.464442389164,-145.4545454545414,146200.62837252303,133.0386159375279,88,440,0.3038630681818182,0.1074781604479866,1.7053025658242404e-13,-101208.80586688011,614234.0740329977,-12207.970938735525,16617.43538112469,0.0,0.0,-32273.73126667912,-68823.88835980989
2018-04-16,-785.3218718166155,301.1111111111152,102108.53673188113,148.7814005986253,90,441,0.2973627777777778,0.08989105540919383,1.4210854715202004e-13,24447.2579242398,605547.6545715388,-7426.927670485729,6641.605798669114,0.0,0.0,-26461.237455385526,-51988.371638355806
2018-04-17,8002.300717447531,2292.2222222222213,97257.70052867004,200.0883230885287,90,441,0.27346333333333334,0.0898825299401465,5.684341886080802e-14,-37699.40180632861,563132.6302355675,7437.9674892758985,564.3332281716322,0.0,0.0,-16512.21273780851,-40826.637869976024
2018-04-18,13432.001891767648,1272.222222222225,129169.46629083346,225.71480153605555,90,447,0.2763861111111111,0.08328033802290641,-2.842170943040401e-14,-127561.73019058029,569716.8191873624,16641.27621871878,-3209.274326951134,0.0,0.011111111111111112,-19086.07948247677,-51378.44605518514
2018-04-19,4594.495358555491,1838.6363636363565,119254.81637120462,194.9170576955873,88,438,0.28659886363636367,0.11226917384248768,8.526512829121202e-14,-144488.17152218096,588584.2253636501,5268.821222720542,-674.3258641650506,0.0,0.0,-25414.125791941253,-55227.82988474241
2018-04-20,90.38439776796963,-5045.555555555564,92457.74141968865,218.47436026106436,90,445,0.29196000000000005,0.08271308451030102,-5.684341886080802e-14,-162058.32422807312,599410.6017774475,-11887.43787353255,11977.82227130052,0.0,0.0,-23242.52531741526,-46356.960672337416
2018-04-23,500.78984570545276,7647.727272727276,125685.94138119722,167.6935607875463,88,440,0.2868784090909091,0.0904810207094907,1.4210854715202004e-13,-127366.74561837496,586443.1828188346,14935.551219259745,-14434.761373554293,0.0,0.0,-31088.389060381396,-62509.874405680705
2018-04-24,-699.7861553001893,-202.2222222222226,167965.28056469382,193.6285793551237,90,442,0.2820111111111111,0.11573458721559247,-2.5579538487363607e-13,-202512.9910287512,578335.1783491173,-504.75120635288675,-195.03494894730267,0.0,0.0,-42884.73487582876,-84876.05501700222
2018-04-25,-6288.816529949152,13001.136363636359,124076.92093501706,210.0504902652296,88,440,0.2791267045454546,0.11655462546256183,2.2737367544323206e-13,-131360.44464621576,571832.9985694756,-6099.531052826638,-189.28547712251384,0.0,0.0,-37518.09725396865,-68537.32748772291
2018-04-26,17923.122362591814,16505.555555555566,123381.48969652453,259.90498379156963,90,442,0.2663433333333333,0.1047307016778094,1.1368683772161603e-13,29257.44665039744,553509.7944008219,-3694.201777101306,21617.324139693123,0.0,0.0,-13182.155045330888,-44027.52746946202
2018-04-27,-12317.980268851365,-7188.636363636373,127552.24522153965,281.0047745390831,88,437,0.2595107954545455,0.12070310091295547,-1.7053025658242404e-13,-278935.23168657493,541472.6627029127,1162.7180859434395,-13480.698354794802,0.0,0.0,-44487.04634877536,-76375.10765416027
2018-04-30,2644.596686342731,14316.666666666662,156101.46176653766,111.88823112211539,48,233,0.2765572916666667,0.11671392796682316,-1.7053025658242404e-13,76695.14632389689,557205.447928107,9483.946480533501,-6839.34979419077,0.0,0.020833333333333332,-36492.6569864138,-75518.0224280482
2018-05-01,3544.238833835033,9168.749999999993,126548.77693765264,85.46009087092321,48,233,0.26471041666666667,0.11418824070870061,-1.7053025658242404e-13,44160.93378167977,531408.630231102,1794.8604735447298,1749.3783602903027,0.0,0.0,-28178.41549144905,-59815.60972586221
2018-05-02,-12675.569790872349,3034.090909090901,121484.17880097094,153.00813338439394,88,440,0.2587625,0.10355094172653168,-5.684341886080802e-14,30765.517372733084,526341.8395919392,-870.8160690108523,-11804.753721861494,0.0,0.011363636363636364,-43199.622624499476,-73570.66732474221
2018-05-03,-15217.769309778487,-1403.3333333333335,126483.48132418754,113.62346387301797,90,441,0.2689711111111111,0.10705989700695567,2.842170943040401e-14,-217068.33604827634,544624.895580257,-3598.6942220382803,-11619.075087740208,0.0,0.022222222222222223,-46952.26310469839,-78573.13343574529
2018-05-04,4785.732021555294,4477.777777777776,130104.69174091573,130.17489015481434,90,441,0.261365,0.10007546536583305,1.1368683772161603e-13,122851.41863723555,531818.6378617232,1002.8046494553405,3782.927372099953,0.0,0.011111111111111112,-27870.615803828452,-60396.78873905739
2018-05-07,-1091.306415678701,3643.3333333333258,104940.26467142375,136.20103428123141,90,443,0.267465,0.09539181002964606,1.4210854715202004e-13,-70608.27316971954,543641.2037198368,4884.816136733489,-5976.122552412189,0.0,0.0,-27462.57361781587,-53697.6397856718
2018-05-08,-5970.790417627666,9793.333333333332,119038.95045391179,169.16581024339294,90,441,0.2661205555555556,0.1158417777147963,-8.526512829121202e-14,-49205.84941925846,545299.9658194673,-541.1176970723856,-5429.672720555281,0.0,0.011111111111111112,-35899.693841349006,-65659.43145482695
2018-05-09,-3788.817603505394,-6542.222222222222,135438.81951169018,162.63152694661878,90,443,0.2594033333333333,0.10503958512275988,1.7053025658242404e-13,-81948.8644176873,532694.0794856516,-1710.8874852535746,-2077.93011825182,0.0,0.011111111111111112,-37811.15400837456,-71670.8588862971
2018-05-10,-937.7326748881757,398.8888888888866,117965.17274487305,142.47963273259353,90,441,0.25749222222222223,0.09920366007971773,-8.526512829121202e-14,149865.8738958462,524353.4229075988,-4518.701007026417,3580.9683321382413,0.0,0.011111111111111112,-30571.50549383903,-60062.7986800573
2018-05-11,-415.82122918369896,-5962.4999999999945,110533.34556000389,167.17358181031,88,439,0.2575573863636364,0.11099600224285587,0.0,-67759.50173660248,528403.0589592772,-4615.57177058409,4199.750541400391,0.0,0.0,-28216.33120099498,-55849.66759099595
2018-05-14,1297.3575753603523,988.8888888888841,94707.43859588182,216.13890113293616,90,442,0.26881333333333335,0.07744243754557151,8.526512829121202e-14,-184704.44774764244,555842.2020053375,9849.629547080278,-8552.271971719925,0.0,0.0,-22595.64097474304,-46272.500623713495
2018-05-15,-5290.477535137649,-4244.318181818185,87112.88704807604,214.99778957901268,88,439,0.2644840909090909,0.0814136619863273,-5.684341886080802e-14,-289096.4236094291,545039.8961526501,-5272.6006548307805,-17.876880306869396,0.0,0.0,-27283.697086735672,-49061.918848754685
2018-05-16,7661.7252625792225,4954.444444444446,103531.29634617273,225.7340943494687,90,442,0.26791444444444446,0.09135492332539034,1.1368683772161603e-13,-304198.51499344927,552532.7434182039,-1238.2925370135051,8900.017799592728,0.0,0.0,-18446.83291831343,-44329.657004856614
2018-05-17,-5268.569761258286,5974.44444444445,101297.13748185059,233.80609889079972,90,442,0.2619,0.0879042993834246,-8.526512829121202e-14,-260305.63817579838,543000.0072560597,-2240.325649404906,-3028.244111853381,0.0,0.0,-30826.66023061173,-56150.94460107438
2018-05-18,2189.4488592042585,-5784.44444444444,102761.01403257642,224.68996267437274,90,442,0.25428833333333334,0.1062727095791541,2.842170943040401e-14,-343092.883215384,526172.3155632087,-6681.162697421295,8870.611556625554,0.0,0.0,-23725.49461161422,-49415.748119758326
2018-05-21,4711.683927923093,8005.681818181813,103767.4255083946,158.79173806033077,88,435,0.25720227272727275,0.0915038848587758,-2.842170943040401e-14,-128863.49570180626,523352.97563859145,-126.03538119188529,4837.7193091149775,0.0,0.0,-21388.96418723589,-47330.82056433454
2018-05-22,-24756.19093306908,-2072.2222222222167,109960.10942142546,193.687729915965,90,443,0.25411666666666666,0.1019928174174503,-2.842170943040401e-14,-34588.60333514872,520882.2576197082,5635.690760988106,-30391.881694057185,0.0,0.011111111111111112,-52439.90601834141,-79929.93337369777
2018-05-23,4513.597467835131,6081.111111111107,115428.08278913412,283.8241129188624,90,441,0.24668833333333334,0.11047998927312659,0.0,-39362.68453741612,519653.0895596656,-4022.7242165180014,8536.321684353132,0.0,0.0,-24627.24734236726,-53484.268039650786
2018-05-24,-14606.833349082623,11219.31818181818,105862.81673139612,235.30256629607874,88,439,0.2478403409090909,0.0959689015963142,-1.4210854715202004e-13,-102286.42817395764,515042.3075674616,-3803.396762458787,-10803.436586623835,0.0,0.0,-41307.84009822773,-67773.54428107676
2018-05-25,8286.297194610599,-5574.999999999997,127612.81915044229,375.77630015599505,88,434,0.2412875,0.11570604759661371,-1.1368683772161603e-13,-297516.53017932305,528440.1102079846,16689.0619749444,-8402.764780333804,0.0,0.0,-23992.68389315597,-55895.88868076654
2018-05-29,367.15737085094133,4122.916666666657,94027.40060607513,102.79182138474388,48,237,0.26905833333333334,0.08753850079840209,5.684341886080802e-14,11738.168879452653,541132.4742950945,-4752.547297094791,5119.704667945732,0.0,0.0,-23242.484602052584,-46749.33475357137
2018-05-30,-28308.156520957273,-11297.916666666659,132877.30828944416,113.47140164119246,48,239,0.2683104166666667,0.08476348068479926,1.7053025658242404e-13,-25243.51068144178,541049.3220265659,4997.683172966279,-33305.83969392355,0.0,0.020833333333333332,-61640.9549949595,-94860.28206732054
2018-05-31,9828.594623233683,8187.499999999985,104807.30259760655,106.28662269964953,48,238,0.2618854166666667,0.1056480961052426,-1.7053025658242404e-13,81679.81454935457,528574.0419584971,-3949.8167337742925,13778.411357007975,0.0,0.0,-16479.517648867604,-42681.34329826924
2018-06-01,10567.324310295173,900.0000000000167,91936.13366701898,112.1256404404246,48,237,0.25575,0.09469673506283179,0.0,73797.4784373593,515255.4123345722,6350.629989166875,4216.694321128299,0.0,0.0,-12528.834746899996,-35512.86816365474
2018-06-04,13208.611714938166,939.5833333333298,71876.38634980883,93.85386254841208,48,238,0.25386562500000004,0.06554137068499843,1.1368683772161603e-13,-20178.358736922186,510405.1398409355,14553.412952002798,-1344.8012370646316,0.0,0.0,-4854.338735062454,-22823.43532251466
2018-06-05,-5817.931725095469,-5020.833333333344,81026.0020276514,91.03479629468069,48,238,0.25475416666666667,0.07639400171388454,0.0,19776.83769921816,513008.57790546864,-3704.426142519895,-2113.5055825755735,0.0,0.0,-26165.467028303,-46421.96753521585
2018-06-06,1639.5008494709987,1355.555555555557,76227.36161010725,169.63083408462603,90,442,0.2323138888888889,0.08622577563378202,0.0,94961.10239179146,477761.98680505215,2686.667920659816,-1047.1670711888173,0.0,0.0,-17586.97038714044,-36643.81078966725
2018-06-07,4798.977847765689,4893.18181818182,84531.96055274589,153.27608478025434,88,439,0.23393636363636364,0.09311166986007158,-1.9895196601282805e-13,-28697.194690032877,479681.0728802324,-2185.5533560475383,6984.531203813228,0.0,0.0,-16487.28837520104,-37620.278513387515
2018-06-08,807.147995410469,-1895.555555555558,88626.56126582736,166.6394750429924,90,442,0.2320138888888889,0.10207967053758596,-1.4210854715202004e-13,-18255.785360703616,475862.9015489592,-2361.9795617240584,3169.1275571345277,0.0,0.0,-21516.131796089365,-43672.7721125462
2018-06-11,1877.6497194418143,-770.454545454546,83240.54080570611,150.53863726231407,88,439,0.23426704545454546,0.09010048965922039,-2.842170943040401e-14,-182437.30912190655,478040.20188605343,2049.472283981563,-171.82256453974856,0.0,0.0,-19083.024119247028,-39893.159320673556
2018-06-12,-5565.461515092205,-1883.333333333333,87949.14738930488,165.25594960654695,90,443,0.22769388888888892,0.08496788248277069,-5.684341886080802e-14,-277474.92859618407,467345.2806858261,6766.568000743109,-12332.029515835313,0.0,0.0,-27718.004312024972,-49705.29115935119
2018-06-13,-1860.3590437373762,-1523.8636363636354,89935.75218753934,187.60191238343137,88,439,0.22724659090909094,0.1013927125970349,8.526512829121202e-14,-14099.51725168501,469133.7523550075,-128.01358730302104,-1732.3454564343554,0.0,0.0,-24531.89900300564,-47015.837049890484
2018-06-14,-20.943650117080978,-567.77777777778,109149.26714845248,179.61362483202012,90,446,0.23351111111111114,0.10138335718554285,0.0,-172210.6479376755,478476.4435129621,24.22710508620537,-45.17075520328663,0.0,0.0,-27487.874062062223,-54775.190849175335
2018-06-15,-1817.9986608387767,-2893.333333333332,114319.86803467249,190.63226234418713,90,442,0.23517055555555555,0.12316163601283917,1.1368683772161603e-13,-130626.82006553281,487222.8203053305,-189.93711226996027,-1628.0615485688165,0.0,0.0,-30588.597931851087,-59168.56494051921
2018-06-18,686.0397318268284,-1384.4444444444393,80953.02797448289,199.77415058868198,90,445,0.23392944444444447,0.08425548699047429,-8.526512829121202e-14,-202697.17164043462,484282.82096533,6573.884010603135,-5887.844278776307,0.0,0.0,-19751.991412382573,-39990.248406003295
2018-06-19,-441.82153680529694,2696.666666666678,86909.41337984169,197.88102118170966,90,446,0.250875,0.08971726744195482,8.526512829121202e-14,-212386.95584468433,518219.66612891335,636.0759774224616,-1077.8975142277586,0.0,0.0,-22367.055902947428,-44094.40924790785
2018-06-20,-10067.28751655907,2150.000000000002,100368.36354990452,207.75411469349348,90,443,0.24460222222222225,0.09511820344951727,-2.842170943040401e-14,-350300.12241593667,505039.75881959975,5128.793166299186,-15196.080682858257,0.0,0.0,-35367.1325187287,-60459.22340620482
2018-06-21,-6502.551177533699,-638.6363636363619,139679.28705026093,222.2890598738732,88,440,0.24943636363636365,0.10643089775472923,1.9895196601282805e-13,-309435.79783083784,518610.2981757594,-80.97118742642466,-6421.579990107274,0.0,0.0,-41644.66199997281,-76564.48376253803
2018-06-22,-1861.4426053612515,-1646.5909090909095,135185.8069561977,253.35829622544858,88,440,0.24359886363636366,0.14077745193489186,0.0,-532624.1548512911,509181.48530050163,17787.122239389275,-19648.564844750526,0.0,0.0,-35911.25264063612,-69707.70437968554
2018-06-25,-177.64817669176244,3773.3333333333317,134011.58403539314,194.4610090151993,90,441,0.26609222222222223,0.13081159134345685,8.526512829121202e-14,-110407.76930332124,544940.8579763499,-5016.621585677335,4838.973408985573,0.0,0.0,-33875.00519455525,-67377.90120340353
2018-06-26,-3590.379603373469,-257.9545454545487,161595.7539588213,272.39596248156784,88,438,0.2680267045454545,0.13558709781474776,-2.2737367544323206e-13,-184741.467670072,566238.5427624221,4327.603639685187,-7917.983243058655,0.0,0.0,-44261.71405556036,-84660.65254526568
2018-06-27,4305.856762623553,10056.818181818186,143424.09619462545,189.5823636611189,88,436,0.27097386363636367,0.12983615853880276,-2.5579538487363607e-13,-222128.9728580369,554604.8664795511,5600.702741569043,-1294.8459789454896,0.0,0.0,-31739.74964969393,-67595.7736983503
2018-06-28,-11249.276709174845,-5852.272727272728,176436.39438837406,268.42669556764184,88,434,0.2671778409090909,0.1360952062192689,5.684341886080802e-14,-227432.14351141112,556787.1030717788,-7227.912483069915,-4021.364226104931,0.0,0.0,-55626.802001836004,-99735.90059892951
2018-06-29,10240.353528619044,3210.465116279057,145890.91831090834,267.42683747471784,86,429,0.2557279069767442,0.14384881277303585,-5.684341886080802e-14,-321373.80438407476,531124.2060900701,33.074662071948694,10207.278866547096,0.0,0.0,-26499.80288658276,-62972.53246430984
2018-07-02,3845.2279080151466,272.9166666666586,118045.50495858298,91.25539541382774,48,238,0.28143333333333337,0.08528126340725584,-2.2737367544323206e-13,-13265.82241373101,565145.2119960005,21.95542729970824,3823.2724807154386,0.0,0.0,-25757.403727044428,-55268.77996669017
2018-07-03,4979.490625970554,1766.6666666666717,131961.99232276794,99.44389297888999,48,240,0.286634375,0.12694454163932023,1.7053025658242404e-13,-6181.617496859874,576277.4510528111,-9413.603872538779,14393.094498509332,0.0,0.0,-28110.45134770032,-61100.949428392305
2018-07-05,803.868154302225,-336.6666666666712,167127.19824634024,131.58470463355806,90,445,0.28739277777777783,0.11567483128768494,0.0,-87755.39956671289,582276.7218547522,-2518.0524655054996,3321.9206198077245,0.0,0.0,-41109.51611191639,-82891.31567350145
2018-07-06,72.67485802746319,-717.0454545454397,145242.0755879626,135.93927445794614,88,437,0.2716448863636364,0.13058303520987186,-2.5579538487363607e-13,-242119.63469853014,553600.7636819845,-9188.981731286913,9261.656589314376,0.0,0.0,-36373.78331342113,-72684.3022104118
2018-07-09,2094.929381199925,572.222222222221,106890.34389590974,122.71767510403058,90,448,0.2649738888888889,0.09604211867272776,0.0,79108.78774805804,537829.8572843623,-2218.259865305141,4313.189246505066,0.0,0.0,-24750.37426788154,-51472.96024185898
2018-07-10,3674.8819966718534,604.4444444444401,101581.48034258418,128.62394167013048,90,450,0.2607,0.08805497362766228,1.4210854715202004e-13,-161847.4025274407,529307.1879917549,7598.07387160098,-3923.1918749291267,0.0,0.0,-21849.112030644323,-47244.48211629037
2018-07-11,11246.036168071938,188.88888888888152,103381.40563610577,109.07535720781267,90,447,0.28680666666666665,0.08674891133057254,-1.1368683772161603e-13,-17067.028020769638,579560.2999817373,7550.1297338514705,3695.906434220467,0.0,0.0,-14708.390598162317,-40553.74200718876
2018-07-12,3268.816132573675,-477.17391304347336,118822.42384905195,120.4392167854922,92,451,0.27110652173913047,0.09782969547199212,-2.842170943040401e-14,-137152.41340379335,547423.5435128919,-125.70933414618622,3394.5254667198615,0.0,0.0,-26557.229046474804,-56262.83500873779
2018-07-13,-2614.3070314655456,-9204.444444444436,127090.25943977712,146.7927884827559,90,448,0.2745644444444445,0.1166667253911679,1.1368683772161603e-13,-102418.80898831939,558033.4399089055,-6140.5882664633555,3526.2812349978094,0.0,0.0,-34533.66467989259,-66306.22953983686
2018-07-16,5.724774433205511,-739.130434782609,73917.67698431085,224.82877864502169,92,451,0.276804347826087,0.06071388547924606,8.526512829121202e-14,-323433.6980754854,570772.0018121861,-2195.8774127600987,2201.6021871933044,0.0,0.0,-18698.523250289527,-37177.94249636724
2018-07-17,-1507.4418706997094,-3807.7777777777774,82821.6367853961,227.3905612125036,90,449,0.26819944444444443,0.07167176153659355,2.842170943040401e-14,-293930.90569692466,556177.8911092251,-1469.8757169504697,-37.566153749240016,0.0,0.0,-22440.24162826124,-43145.65082461026
2018-07-18,6835.45330238047,8264.130434782604,77564.3259712425,254.10581130920906,92,451,0.25628206521739133,0.06776327546765316,5.684341886080802e-14,-374643.06448417436,536673.9422633691,1851.5534653350608,4983.899837045409,0.0,0.0,-12809.734001739367,-32200.815494549992
2018-07-19,824.4114095219023,-28.888888888895835,102555.05918220176,303.84276274308485,90,447,0.25529444444444443,0.0775612952901665,0.0,-297096.9801863488,540421.724518642,-7702.204810353936,8526.61621987584,0.0,0.011111111111111112,-25118.196148771625,-50756.96094432206
2018-07-20,3291.6371629665396,-4365.555555555551,89726.59575684567,315.3033183086311,90,447,0.2528283333333334,0.08669987261579065,0.0,212827.78221365926,536013.6910461418,-1199.8392193527181,4491.476382319258,0.0,0.0,-19455.315094553505,-41886.964033764925
2018-07-23,8851.15598386386,6518.888888888883,99576.41272803924,178.0098776950092,90,447,0.25807444444444444,0.0850295470247163,0.0,-160319.17592458884,527607.3117999819,3589.4472872942288,5261.708696569631,0.0,0.0,-16220.957075840959,-41115.060257850775
2018-07-24,6729.434559596126,3031.1111111111104,125942.14659869416,221.84415176602764,90,449,0.2519577777777778,0.09489658615471516,2.842170943040401e-14,-25588.97874410066,522152.10920608835,3221.287811610838,3508.146747985288,0.0,0.011111111111111112,-24977.946241843445,-56463.48289151698
2018-07-25,-26762.634494517475,5644.444444444448,118263.87481303557,208.92546732480878,90,442,0.23961611111111114,0.11214400517079862,5.684341886080802e-14,-9563.666270713202,496928.083957343,1118.4123142988979,-27881.046808816376,0.0,0.011111111111111112,-56537.52866510117,-86103.49736836007
2018-07-26,-2930.704811086939,7097.777777777772,136884.49204662145,242.81169827553234,90,442,0.24689944444444448,0.10704254583992068,0.0,-76832.29798991616,513584.50004326564,4311.886400397178,-7242.591211484116,0.0,0.0,-37394.63952101783,-71615.7625326732
2018-07-27,-3410.467430565025,-6850.000000000012,114631.76265777789,289.3872907950242,90,441,0.25687611111111114,0.11341736982194972,8.526512829121202e-14,-164926.96655033727,544613.4291029723,5185.362409210011,-8595.829839775037,0.0,0.0,-32357.795385804522,-61015.73605024899
2018-07-30,-5056.920435898786,-395.8333333333442,90341.55703819817,90.13000802052207,48,238,0.2628739583333333,0.08059542792437437,0.0,16132.93769212714,528315.4682721513,1369.835084214486,-6426.755520113271,0.0,0.0,-27732.439703468848,-50317.82896301839
2018-07-31,14601.50094095697,15206.25,127069.13246902666,96.322271639443,48,239,0.2795125,0.10543675839686739,-1.1368683772161603e-13,-67183.48408959438,561399.8882564387,311.2450313092013,14290.255909647769,0.0,0.020833333333333332,-17262.104447939142,-49029.38756519581
2018-08-01,-5806.380884384016,8127.083333333337,105556.53260047256,99.71128489575835,48,237,0.25821770833333335,0.09939087675434581,1.1368683772161603e-13,7329.579628478491,519301.5568273853,-4713.159022587951,-1093.221861796066,0.0,0.0,-32295.225319397916,-58684.35846951605
2018-08-02,11553.293351581178,10752.083333333336,106474.33067180264,104.91686473660339,48,240,0.2659375,0.09260719634266971,2.2737367544323206e-13,-28917.916043436482,534476.3358629256,-4716.906168215857,16270.199519797035,0.0,0.0,-15170.206181106087,-41788.78884905674
2018-08-03,10216.75721145802,7889.5833333333385,146592.14379686883,98.80376819997923,48,238,0.2652791666666667,0.11179128799973521,0.0,-23837.183193842327,533110.3116387712,-2955.2037869999376,13171.960998457957,0.0,0.041666666666666664,-26530.082505959166,-63178.11845517637
2018-08-06,584.7596919817677,-5804.166666666661,98043.32438588362,108.67878331984473,48,237,0.26196875000000003,0.0837395630876918,3.979039320256561e-13,94808.92086202701,526831.5668730695,-658.8369363255138,1243.5966283072814,0.0,0.0,-24034.750187808982,-48545.58128427989
2018-08-07,-1469.3590427212976,-3564.5833333333335,112061.16091652021,95.86164619811491,48,238,0.25823333333333337,0.09339502660212,-5.684341886080802e-14,4995.129999887903,518908.1087550863,-1938.2279445583135,468.8689018370159,0.0,0.0,-29580.510918049466,-57595.80114717952
2018-08-08,-1627.981749452878,488.88888888889227,147541.6674729862,138.7152193299571,90,442,0.2436388888888889,0.1131269940350042,-5.684341886080802e-14,111518.27021476485,494488.2622755688,-408.3364881252339,-1219.645261327643,0.0,0.022222222222222223,-38652.113837029385,-75537.53070527595
2018-08-09,-324.132772304316,-2787.77777777778,107401.25169298938,125.56906347010352,90,442,0.24337833333333336,0.10492272485116373,2.5579538487363607e-13,-7622.104808372758,492469.83401246014,4806.2701724809685,-5130.402944785285,0.0,0.0,-27300.014759021764,-54150.327682269104
2018-08-10,-6309.874474353892,-8245.55555555555,109008.47166627139,139.28719517946098,90,443,0.2569488888888889,0.0962788211808838,0.0,29584.954023726517,522523.73291802546,-2101.1781202858274,-4208.6963540680645,0.0,0.0,-33701.2795861012,-60953.397502669046
2018-08-13,-5816.748411315789,2292.0454545454654,129754.56564146298,146.8977974535047,88,440,0.27173238636363634,0.1070390813805553,-5.684341886080802e-14,-114568.84235026293,552398.4312232812,-5353.301976733723,-463.44643458206644,0.0,0.0,-38402.287619135044,-70840.92902950078
2018-08-14,-2574.937096368046,-6184.444444444448,130087.35789434132,160.96725642267077,90,442,0.2546161111111111,0.10613950729650069,8.526512829121202e-14,-13166.168701807659,519962.8490317424,20802.002226607936,-23376.939322975984,0.0,0.011111111111111112,-35257.74382637605,-67779.58329996136
2018-08-15,-4201.583746551626,-853.3333333333285,140018.68910203906,128.30265722251198,90,442,0.2820727777777778,0.10959787913193407,1.9895196601282805e-13,-33712.57576518763,570516.7058804176,-12194.482898272016,7992.8991517203885,0.0,0.0,-39334.5586792839,-74339.23095479366
2018-08-16,-5145.178344632959,4327.777777777777,108157.95869210875,170.41002290461373,90,441,0.25077722222222226,0.10321002610732326,0.0,155616.89049424918,512488.8639476679,-3427.8649220049424,-1717.3134226280172,0.0,0.0,-32355.078040564757,-59394.56771359195
2018-08-17,8537.912459833668,2296.590909090911,111264.50316250825,168.68569793477252,88,438,0.24273068181818183,0.108486474231993,-1.1368683772161603e-13,-70361.41920632916,496260.9447731792,-3009.7699914857417,11547.682451319408,0.0,0.0,-19446.899028728167,-47263.02481935523
2018-08-20,8631.511806906088,16301.111111111111,88464.69990647738,161.43380076630893,90,446,0.24937722222222222,0.0855369221779656,-1.4210854715202004e-13,-260589.28061236336,508137.22277555865,1748.3759045134955,6883.1359023925925,0.0,0.0,-13646.096970479566,-35762.27194709892
2018-08-21,3385.5543117152406,3989.9999999999955,89273.67034823194,207.1055893100638,90,446,0.23725222222222225,0.0894690132406113,-1.7053025658242404e-13,-223994.94866740063,491978.5814726357,1721.6014886188182,1663.9528230964227,0.0,0.0,-19139.96886465281,-41458.386451710794
2018-08-22,-247.78939231375418,3019.999999999992,98319.07784874225,217.02285167598544,90,443,0.2418488888888889,0.08456067906280398,1.1368683772161603e-13,-409128.1776894518,503925.11830732186,-3211.7071725727806,2963.9177802590266,0.0,0.022222222222222223,-25044.5817061753,-49624.35116836087
2018-08-23,225.10023680980154,15644.444444444443,91695.9829242211,229.79692428668167,90,445,0.24092833333333333,0.08730111744529061,-1.9895196601282805e-13,-91558.27410901836,499155.2549567909,-3059.0378236753145,3284.1380604851156,0.0,0.0,-22928.692418532155,-45852.68814958743
2018-08-24,-740.075276836317,-4041.1111111111113,78449.31653963143,251.06268185797097,90,446,0.23234111111111114,0.07819892312114525,2.842170943040401e-14,235379.4227484194,484594.0435023768,-5240.956948728074,4500.881671891757,0.0,0.0,-20603.467093602143,-40215.79622851
2018-08-27,5107.151429102092,4908.888888888892,100208.87140265989,283.69164278311314,90,447,0.23513222222222224,0.09524283315657485,2.842170943040401e-14,-126017.38725444776,499183.9200263551,293.76614440752496,4813.3852846945665,0.0,0.0,-20228.75806434599,-45280.97591501097
2018-08-28,6360.573758291893,5870.777777777781,87325.25753369021,271.92411211168053,90,446,0.23332444444444447,0.09108233527373823,-5.684341886080802e-14,-278115.36786300293,488906.18457758235,-3108.873549197615,9469.447307489509,0.0,0.0,-15742.664737242341,-37573.97912066489
2018-08-29,-8358.9066474204,10570.888888888889,96041.59052657674,301.24871671439877,90,446,0.22092655555555557,0.09637843507758038,-2.842170943040401e-14,-292623.61945277377,466265.88671413617,3034.948605643768,-11393.855253064168,0.0,0.011111111111111112,-32670.552995778984,-56680.95062742317
2018-08-30,-437.7565417507854,2426.6666666666633,99653.73517781086,319.64165633821773,90,441,0.22081111111111112,0.10253697647085035,1.1368683772161603e-13,-92052.85376019299,468003.4091838754,-3398.3986336627745,2960.642091911989,0.0,0.011111111111111112,-25670.83199254172,-50584.26578699443
2018-08-31,-2198.3353154215547,-4761.363636363635,109125.44883464408,320.6523984079749,88,437,0.21993579545454545,0.12050020748433926,5.684341886080802e-14,-64665.48029344699,466343.88666274806,4736.340253289216,-6934.675568710771,0.0,0.011363636363636364,-29800.34992249055,-57081.71213115157
2018-09-04,181.54753796781665,-964.4444444444465,92110.42720596399,173.37223142694853,90,443,0.22982611111111112,0.10165378063761425,1.7053025658242404e-13,-135100.4580185547,474885.0662643236,4866.6252585107695,-4685.077720542953,0.0,0.0,-23019.431494950128,-46047.038296441126
2018-09-05,-1928.6724119422583,-378.88888888888374,87050.88814502799,168.6423476922703,90,450,0.2364377777777778,0.09629812629254857,-5.684341886080802e-14,-98152.01924984259,486163.21142244636,-290.9597352274496,-1637.7126767148086,0.0,0.0,-23860.036795891527,-45622.758832148524
2018-09-06,718.0477844195478,115.55555555556114,98075.3573450511,160.44559799512498,90,450,0.23868111111111112,0.08671929810080085,-3.126388037344441e-13,-147242.70399522947,490580.284962864,2189.732076892623,-1471.684292473075,0.0,0.011111111111111112,-23961.23714983835,-48480.07648610113
2018-09-07,-3200.162734261373,-4219.9999999999945,84274.93199182955,176.2904530618364,90,446,0.2332511111111111,0.09474480230869103,-2.2737367544323206e-13,-148202.97185977135,481627.88421279576,-2906.1061151315694,-294.0566191298038,0.0,0.0,-24445.186185280596,-45513.91918323799
2018-09-10,-999.2557670425241,-1405.555555555556,93609.09137700539,178.38998984887925,90,448,0.24227888888888888,0.09108134721522944,1.7053025658242404e-13,-325299.9420996171,501011.43596191175,42.055811541946234,-1041.3115785844705,0.0,0.0,-24579.91860114275,-47982.1914453941
2018-09-11,-85.50654879140058,-4488.888888888882,87535.20680751657,195.0087908140521,90,450,0.23193444444444447,0.08816762214615803,0.0,21066.133845729993,481910.2537221666,1956.272943554591,-2041.7794923459915,0.0,0.0,-22164.317041484595,-44048.11874336374
2018-09-12,1448.100835159822,2551.0869565217345,104240.80326894522,193.47100203442935,92,452,0.241575,0.09885648558401497,-2.842170943040401e-14,-271139.928988672,499115.34761999326,-3519.9805271076348,4968.081362267457,0.0,0.0,-24805.570984110913,-50865.77180134722
2018-09-13,-2262.8022253179847,-965.555555555555,92865.09783460997,169.57949504825666,90,446,0.22541,0.09654083262418325,0.0,-218652.27443163202,463868.70251697703,-5197.408203473513,2934.6059781555286,0.0,0.0,-25648.656179018733,-48864.930637671234
2018-09-14,527.5814419961691,-5362.222222222222,101557.34977260912,185.22920568221238,90,446,0.22662888888888888,0.10774453550236088,5.684341886080802e-14,-297201.85834117787,467326.89702984743,2605.4690855021327,-2077.8876435059633,0.0,0.0,-25046.985206838322,-50436.3226499906
2018-09-17,3037.968790109266,5101.111111111105,85947.73683885258,250.66003280428504,90,450,0.23321722222222224,0.09230862000985993,-2.842170943040401e-14,-63080.94264288736,486524.3256323253,-2753.5059895901677,5791.474779699433,0.0,0.0,-18699.625452408163,-40186.559662121304
2018-09-18,3219.4291925631305,1093.4782608695684,92383.83362927893,283.1072147625172,92,451,0.23678641304347825,0.09295445597967635,-8.526512829121202e-14,-125714.02454337194,498952.8743340066,2829.433793060572,389.9953995025589,0.0,0.0,-20159.63642951912,-43255.59483683885
2018-09-19,7701.0293758081225,8747.77777777777,84414.1823059866,288.16814896562687,90,450,0.23564555555555558,0.08848669980183214,5.684341886080802e-14,144002.45556245133,496824.2067787751,-1063.0438665618358,8764.073242369957,0.0,0.0,-13690.684349654155,-34794.2299261508
2018-09-20,186.66937527000167,-303.33333333331973,93793.34636834166,256.98818862983524,90,449,0.23208,0.08712085944189754,-2.2737367544323206e-13,-438410.4852287116,487492.9702802466,-3207.467632800259,3394.13700807026,0.0,0.0,-23518.65540544525,-46966.99199753066
2018-09-21,4774.797713015017,-688.8888888888927,85607.23146631791,249.8595784182294,90,444,0.22304222222222225,0.09212863359354218,-8.526512829121202e-14,-366823.154650768,466791.1671439157,8732.183142155598,-3957.385429140581,0.0,0.0,-16876.86973198269,-38278.67759856217
2018-09-24,5749.4801433841485,3938.888888888888,102236.39412990297,200.3186750384782,90,445,0.23525222222222225,0.11130994907265841,8.526512829121202e-14,-248566.9441244523,485899.07991216006,2510.16813665825,3239.3120067258983,0.0,0.0,-20009.93706413007,-45569.03559660581
2018-09-25,8377.041268981078,8978.8888888889,128431.49173280767,198.1532509479074,90,447,0.25902722222222224,0.10596464442138065,-1.9895196601282805e-13,-204456.34679267625,533034.8278047447,2761.0503986469903,5615.990870334088,0.0,0.0,-23928.984915168745,-56036.857848370666
2018-09-26,1626.6996614208974,4269.318181818178,121821.64209152582,237.99680737761125,88,434,0.25222500000000003,0.12353099754598608,1.4210854715202004e-13,-177602.99944725577,523078.03973609995,-121.00614498139907,1747.7058064022965,0.0,0.011363636363636364,-29066.707668838168,-59522.11819171962
2018-09-27,-7625.868326297799,-6266.666666666671,126940.09445180093,260.23074010838747,90,442,0.24099555555555557,0.10285109053662739,1.7053025658242404e-13,-239784.62758140478,504259.39141967776,-1751.8245164751995,-5874.043809822599,0.0,0.0,-39621.12267935642,-71356.14629230664
2018-09-28,8610.275348244677,3227.272727272715,121794.34859362904,242.7377077659745,88,435,0.25664375,0.1225442223997244,-1.9895196601282805e-13,-120157.29488245616,532051.4392399315,682.096218987883,7928.179129256793,0.0,0.0,-22081.049507928557,-52529.63665633582
2018-10-01,-9522.197382423776,-9537.499999999989,107130.09624304721,106.43955154742565,48,239,0.27529375,0.09149154048193503,-5.684341886080802e-14,42509.716118469834,554354.2891788839,5501.6385290568705,-15023.835911480646,0.0,0.0,-36411.16099473301,-63193.68505549481
2018-10-02,-3743.825993379503,-2620.833333333322,81827.33119482202,106.85698308252816,48,239,0.2721541666666667,0.07731256785000444,5.684341886080802e-14,-12145.13629468841,548508.9838866646,-980.1792421519161,-2763.6467512275867,0.0,0.0,-24307.515775167536,-44764.348573873045
2018-10-03,4314.126506635681,802.1739130434728,88043.19041528605,121.09547323736608,92,455,0.2654945652173913,0.0740329424206109,-1.7053025658242404e-13,-14576.271108167879,536865.0554742224,16311.357789748334,-11997.231283112655,0.0,0.0,-17817.7665704232,-39828.56417424471
2018-10-04,-1958.7441513199333,-1527.1739130434785,91679.44925639375,133.2426057863516,92,453,0.2792211956521739,0.07909721472108105,8.526512829121202e-14,19051.634182197417,565395.7226778251,2392.6447037645676,-4351.388855084501,0.0,0.0,-25011.849071204724,-47931.711385303155
2018-10-05,6804.6904372330955,575.5555555555541,95022.48560295948,131.1403444535157,90,448,0.26593,0.09047071899253421,8.526512829121202e-14,31520.738143699185,538526.8750737444,4165.702106978377,2638.9883302547187,0.0,0.0,-17082.071307960294,-40837.69270870016
2018-10-08,-3468.795988068446,-97.82608695651993,116008.58555031786,127.96445991112765,92,455,0.2908782608695652,0.0990902580852049,-2.2737367544323206e-13,-152884.77204977293,591248.6428046229,3212.469667175731,-6681.265655244177,0.0,0.0,-32598.90683555904,-61601.0532231385
2018-10-09,-3598.4968575443195,-2553.2608695652298,186116.49152814614,129.52527766481256,92,453,0.2944195652173913,0.10787118582746713,-2.8421709430404007e-13,-167223.47198427323,598256.2068995045,44501.0184567656,-48099.51531430992,0.0,0.0,-50257.14501724567,-96786.2678992822
2018-10-10,789.8168388752908,-1853.3333333333371,263508.6746397755,126.52822360780799,90,446,0.32747611111111113,0.15170719323532675,-2.8421709430404007e-13,-123948.81579045935,664436.8043975881,24122.507121806517,-23332.690282931224,0.0,0.0,-65213.880044676385,-131091.04870462025
2018-10-11,9910.57604066964,6862.500000000018,199359.14148424205,142.031530519081,88,435,0.3283079545454546,0.14886388995038208,-1.1368683772161603e-13,118239.10333964434,666109.3739741988,-7002.859498208182,16913.435538877824,0.0,0.0,-40071.24086090995,-89911.02623197046
2018-10-12,5288.713513435644,4628.888888888887,154832.20294498134,159.6896146969818,90,442,0.2871577777777778,0.14209423314061181,0.0,4810.579547799276,585885.8939904837,-9326.85376230649,14615.567275742133,0.0,0.0,-33579.02683750667,-72287.077573752
2018-10-15,6157.6020570783285,2165.2173913043353,133706.60332434578,222.11543648045844,92,455,0.2936880434782609,0.10716694821345069,5.684341886080802e-14,-138796.17838755334,609025.9251903458,-4758.646715677359,10916.248772755687,0.0,0.0,-27491.164210488572,-60917.81504157502
2018-10-16,2912.2192380948636,-2608.695652173902,122378.9555556804,226.7191821939198,92,453,0.28146847826086957,0.10481767156812241,-5.684341886080802e-14,100207.47895655288,582394.0921925618,2529.402762336668,382.81647575819557,0.0,0.0,-27909.238833019153,-58503.977721939256
2018-10-17,972.0754058872049,986.304347826094,146244.20894406555,243.85395666975242,92,457,0.2922480434782609,0.1001183738912964,0.0,-420224.3836648155,607799.637311705,15285.582802218087,-14313.507396330882,0.0,0.0,-35832.830786798935,-72393.88302281532
2018-10-18,-736.0983079915479,-3148.9130434782764,164774.5033257191,241.4332931933895,92,454,0.32123586956521744,0.12120966788458298,-1.7053025658242404e-13,-14207.448162590337,666502.6560210326,-3890.2092777040434,3154.1109697124957,0.0,0.010869565217391304,-42171.15743261471,-83364.78326404448
2018-10-19,2877.981046039615,1480.434782608696,139681.45590455757,214.30708573454945,92,452,0.30631902173913045,0.1134125732998059,1.7053025658242404e-13,-18336.327330590942,631956.3117248644,7950.368246266796,-5072.387200227181,0.0,0.0,-32256.690015834327,-67177.05399197372
2018-10-22,-6656.342722883138,-81.52173913042856,172260.14779519255,177.80627036304415,92,453,0.33217989130434783,0.11530724353499255,5.684341886080802e-14,-241843.52782526138,678474.275407645,8772.266052865529,-15428.608775748666,0.0,0.0,-49899.185942044314,-92964.22289084246
2018-10-23,5572.516286407008,15968.478260869573,219875.06963934665,219.99011810195765,92,455,0.3141451086956522,0.12153960830603151,5.684341886080802e-14,-248510.05679901913,646450.3704246986,46671.54225174336,-41099.025965336354,0.0,0.021739130434782608,-49616.241241531614,-104585.00865136828
2018-10-24,-102.70154831237326,1881.1111111111175,231607.11588478106,193.02977827196594,90,441,0.3568127777777778,0.17870128871144478,-1.4210854715202004e-13,-34024.18613165011,730183.7035303748,-3551.741159154634,3449.0396108422606,0.0,0.0,-58197.510297779605,-116099.28926897487
2018-10-25,-1514.3587846300227,2765.2173913043453,247066.05996466844,146.16970866055692,92,451,0.3430842391304348,0.14882237204322318,-1.9895196601282805e-13,7094.7192154564755,696676.9173838617,24983.947206882174,-26498.3059915122,0.0,0.0,-63427.04348445769,-125193.5584756248
2018-10-26,41449.65823889341,13869.31818181819,283239.6560293915,200.203040992929,88,437,0.37541193181818183,0.17674291024516073,0.0,33332.37953928839,765277.3948857998,43945.81738287608,-2496.1591439826634,0.0,0.03409090909090909,-29560.458809447395,-100370.37281679528
2018-10-29,19362.272293288355,18983.333333333307,202614.65033138412,109.52458544493678,48,237,0.39832395833333334,0.14974137392192724,-3.410605131648481e-13,-67278.08301915365,800056.9159224773,4505.757629665209,14856.514663623146,0.0,0.0,-31400.914875002614,-82054.57745784863
2018-10-30,8685.695736831907,6622.916666666667,182887.9525027614,118.89476930237475,48,240,0.38053125,0.13632921157434832,-5.684341886080802e-14,-75338.74240719421,765302.7962371565,-6919.454655693992,15605.150392525898,0.0,0.0,-37155.18715816082,-82877.17528385117
2018-10-31,-3420.6082834947138,4112.500000000019,171507.60588122928,99.423366886783,48,239,0.3877520833333334,0.12070143358930484,-1.7053025658242404e-13,-75023.14962387134,778993.587255538,6827.074155619849,-10247.682439114564,0.0,0.0,-46396.93312068882,-89273.83459099614
2018-11-01,4856.143404085679,4966.666666666655,178098.01833645796,92.30322949824793,48,240,0.3403197916666667,0.11689294466546596,1.1368683772161603e-13,-120031.25197071876,683794.9293937634,5185.301819018143,-329.15841493246376,0.0,0.0,-39760.66440952706,-84285.16899364155
2018-11-02,-1737.0221104579077,-9789.583333333307,231559.3806094275,97.80181898927395,48,240,0.38711041666666673,0.1636155502316413,-5.684341886080802e-14,-74021.96033061363,777621.3513973793,-9201.727399197465,7464.705288739557,0.0,0.0,-59724.66908180406,-117614.51423416093
2018-11-05,10711.236001954136,9284.000000000005,174525.61584216825,109.45553497283022,50,242,0.362981,0.13262973409703555,-2.2737367544323206e-13,-65077.536628619346,729471.7829967894,-7495.779405784768,18207.015407738905,0.0,0.0,-33029.62349356076,-76661.02745410282
2018-11-06,-8774.354720441397,-3280.0000000000077,190246.24339794464,151.90459419932318,50,245,0.36041000000000006,0.11937504352806486,0.0,-334690.59068419534,733611.6428742579,-11045.01400020736,2270.6592797659628,0.0,0.0,-56487.82016412688,-104049.38101361303
2018-11-07,-4780.9366105158215,11102.222222222217,182612.04089089247,136.12507690298472,90,450,0.31257333333333337,0.12842422555534463,1.4210854715202004e-13,68990.26833024979,634134.263404173,1872.181760108035,-6653.118370623857,0.0,0.022222222222222223,-50570.07191014192,-96223.08213286505
2018-11-08,17548.94138772799,6364.444444444447,180505.5774408311,160.06541812037779,90,444,0.31135111111111113,0.11876635385225567,-5.684341886080802e-14,-276168.2765051576,636486.1066019686,31008.774495338705,-13459.833107610717,0.0,0.022222222222222223,-27737.518390600166,-72863.91275080794
2018-11-09,18996.0037318131,7444.444444444442,175496.62934505133,132.1412884800431,90,448,0.30348555555555556,0.1278543765127774,-2.2737367544323206e-13,-83641.92991085148,613990.7274848297,36299.53986862888,-17303.536136815783,0.0,0.0,-25010.294892929778,-68884.45222919261
2018-11-12,-8123.984015081966,-6884.44444444444,193848.8597798852,146.22595680971162,90,443,0.33883555555555556,0.13476667334307277,5.684341886080802e-14,-271723.91431778047,690265.4871285326,-2287.9545190115678,-5836.029496070399,0.0,0.022222222222222223,-56732.42491686298,-105194.63986183428
2018-11-13,3314.0199345540123,-574.4444444444448,168355.76250456338,119.7907374735636,90,450,0.32586333333333334,0.12441787076385988,0.0,-130790.89157770039,658144.7794132822,9914.70982205079,-6600.689887496778,0.0,0.0,-38894.7114290604,-80983.65205520124
2018-11-14,-7828.888474891918,-3785.555555555572,192357.35873877842,131.54488131234584,90,447,0.36972499999999997,0.1293455466318585,2.842170943040401e-14,-72109.79816363138,746854.3245444967,-7097.100784316288,-731.7876905756298,0.011111111111111112,0.011111111111111112,-56049.773040898865,-104139.11272559348
2018-11-15,5211.6022230427025,14218.88888888888,209333.1883776666,154.0704016396584,90,450,0.37177333333333334,0.1316634410743955,-1.7053025658242404e-13,-54331.146352307944,755662.6593234803,-10402.370154517199,15613.972377559901,0.0,0.0,-47275.7652730136,-99609.06236743026
2018-11-16,-3858.486318937177,-2952.1739130434735,193206.026508579,142.86122140949453,92,451,0.3426489130434783,0.13915263423606256,1.4210854715202004e-13,-95194.25412147948,693685.9863080645,8644.642945155118,-12503.129264092295,0.0,0.0,-52302.85416749142,-100604.36079463617
2018-11-19,12426.703001290196,24544.565217391304,144221.59816293026,144.2003017190337,92,453,0.34900706521739133,0.0932109449429557,-2.842170943040401e-14,-31871.19586320911,709283.9144150345,25496.269164497167,-13069.566163206971,0.0,0.0,-23772.8968411614,-59828.29638189397
2018-11-20,18733.667460707115,27592.222222222223,139472.40572545142,152.92901169774566,90,448,0.36427722222222225,0.10768017716431072,1.4210854715202004e-13,-126620.00940470822,740162.4854594902,-17357.84137175182,36091.50883245893,0.0,0.0,-16287.362982353487,-51155.464413716334
2018-11-21,-747.3255271391095,-288.88888888889016,125179.77545057554,144.2101422604411,90,449,0.33566444444444443,0.09474004058442963,8.526512829121202e-14,-178070.4116596957,681267.7288104567,4552.808652609739,-5300.134179748848,0.0,0.0,-32186.47953204344,-63481.42339468732
2018-11-23,13359.703002803495,4859.782608695648,126528.83214978561,197.14024064501706,92,451,0.3438722826086957,0.10092371098390063,2.842170943040401e-14,-276799.59279131045,704449.0551533385,-8505.414333360446,21865.117336163938,0.0,0.0,-18469.645275287923,-50101.853312734325
2018-11-26,7169.759453531213,5575.000000000008,149506.244829467,146.1894569976449,92,451,0.33778152173913045,0.10365864305200052,1.1368683772161603e-13,-80342.02628556217,685763.5109792912,239.47849311847355,6930.28096041274,0.0,0.0,-30352.991210833185,-67729.55241819994
2018-11-27,-1115.5750468267884,7855.43478260871,191788.7153577012,175.3607818250037,92,452,0.3143141304347826,0.12151548814403673,-1.1368683772161603e-13,-224030.7308746318,642132.7522400221,12364.208221032946,-13479.783267859735,0.0,0.010869565217391304,-49238.11466807709,-97185.2935075024
2018-11-28,4431.914329637443,4606.666666666667,168378.05507661734,188.50847608425062,90,445,0.3043055555555556,0.1238131472102912,-1.1368683772161603e-13,-24291.71961480246,622154.150463732,4600.631716063859,-168.71738642641662,0.0,0.0,-37851.10791560114,-79945.62168475548
2018-11-29,-2523.2967690214477,-5068.888888888894,179953.78984842642,180.39917418748502,90,445,0.30823,0.14129750854808784,-1.4210854715202004e-13,96273.55603879828,630910.007826202,-1528.085309139153,-995.2114598822944,0.0,0.0,-47692.14340531554,-92680.59086742213
2018-11-30,-1572.5431084041356,-3380.000000000011,165715.70625481216,178.72421308799005,90,445,0.30103722222222223,0.1380654630744165,2.842170943040401e-14,82946.51118093372,614424.0740788571,-23855.49432945632,22282.951221052186,0.0,0.0,-43180.19388519516,-84609.1204488982
2018-12-03,-11727.733114826724,-1965.9999999999864,168277.09065021444,109.25005995040817,50,243,0.28791700000000003,0.11690702230618105,5.684341886080802e-14,119449.9249606398,579990.7890944537,43869.978338690096,-55597.71145351682,0.0,0.0,-53906.25583733074,-95975.52849988436
2018-12-04,4300.141360564673,3914.5833333333285,165335.50285898696,103.77905194627863,48,240,0.3245427083333334,0.1214168466259458,5.684341886080802e-14,58314.31273882361,652645.8246356838,14235.59486622655,-9935.453505661877,0.0,0.0,-37137.513406128346,-78471.38912087509
2018-12-06,-4597.528844431683,2105.555555555553,185938.67002247376,134.9732859404999,90,449,0.31014722222222224,0.13175764258081202,2.2737367544323206e-13,3450.7437389659553,630036.3009127344,17006.788531598177,-21604.31737602986,0.0,0.0,-51217.16963599062,-97701.83714160907
2018-12-07,-5136.834625473128,-4733.3333333333285,155217.53974175756,129.50857166878163,90,444,0.33106111111111114,0.13644578194684534,2.8421709430404007e-13,-93666.41959947145,669621.6385173583,-5799.187535795653,662.3529103225258,0.0,0.0,-44070.7281325813,-82875.11306802068
2018-12-10,10210.856554850976,8943.333333333334,151022.25452255717,149.26907752325258,90,449,0.32340722222222223,0.11993153825906089,5.684341886080802e-14,-238741.75204037564,657590.9252355008,-5141.976135397837,15352.832690248813,0.0,0.0,-27693.976153311567,-65449.53978395086
2018-12-11,10959.1552434759,8381.521739130436,157980.0279546744,141.53587598983634,92,452,0.3167771739130435,0.12048468114261407,1.4210854715202004e-13,-60427.67203685223,644340.212331951,-3934.532669923524,14893.687913399423,0.0,0.0,-28677.38762118254,-68172.39460985114
2018-12-12,2503.0954527583904,273.33333333332206,139877.55848317227,156.91562634873705,90,450,0.3032016666666667,0.12358095481402957,-5.684341886080802e-14,-87463.80260271447,619299.3650015435,-171.2872835087955,2674.382736267186,0.0,0.0,-32623.209794383416,-67592.59941517648
2018-12-13,-1983.2039377017024,1637.777777777778,153376.47635829964,150.74233733027083,90,447,0.29945722222222226,0.1121679362689768,5.684341886080802e-14,-252917.98985402938,610373.6887484674,7889.057779643725,-9872.261717345427,0.0,0.0,-40478.06536460688,-78822.1844541818
2018-12-14,11418.76772440097,2444.444444444446,158554.31985845845,138.23460545184886,90,446,0.31698166666666666,0.11412181302550678,0.0,28905.028502636025,643878.1997150255,23163.564161218546,-11744.796436817578,0.0,0.0,-28358.046845665493,-67996.6268102801
2018-12-17,7827.788432181798,4643.478260869554,125368.45712720387,141.9724004794479,92,451,0.34579402173913043,0.09439323889737089,2.842170943040401e-14,111001.73063347524,701838.6095590278,3611.7280817655032,4216.0603504162955,0.0,0.0,-23656.298250098618,-54998.41253189959
2018-12-18,8113.388448819913,3596.7391304347766,164367.64303681394,190.66665289267192,92,451,0.34924619565217396,0.10050630465015266,2.842170943040401e-14,62308.55101745164,715842.750568438,6086.80635860812,2026.5820902117923,0.0,0.0,-33169.18896327625,-74261.09972247973
2018-12-19,2565.8922684323297,3894.4444444444525,179342.75020804798,177.45611521841587,90,443,0.3613244444444445,0.12518442566955745,-1.7053025658242404e-13,-14545.558326970226,737761.1854469586,31822.037467784976,-29256.145199352646,0.0,0.0,-42447.25139879808,-87282.93895081007
2018-12-20,-471.60353345684325,-694.4444444444448,190902.69808640715,169.91721226629394,90,444,0.38887666666666665,0.11840892117531195,2.842170943040401e-14,-64197.60771594062,793887.431588582,10123.769585177746,-10595.37311863459,0.0,0.0,-48367.195267324925,-96092.86978892672
2018-12-21,-22200.982696349456,-6357.95454545455,256400.4238707109,195.62063852634518,88,439,0.3983164772727273,0.13940031786684914,-1.7053025658242404e-13,-279253.1823986353,816157.9461499974,22084.448060303755,-44285.43075665321,0.0,0.0,-86496.70930255353,-150596.81527023122
2018-12-24,20335.722545671164,15709.302325581395,392444.1146112874,159.01162673570266,86,429,0.4311546511627907,0.21878307813117825,-2.842170943040401e-14,-53308.32529236842,873509.4923817253,27514.214265385293,-7178.4917197141285,0.0,0.0,-77934.3177338864,-176045.34638670826
2018-12-26,-2855.1941267968855,17.441860465112995,377141.74043117574,178.87484641927793,86,427,0.3955587209302326,0.23000399428116394,-3.410605131648481e-13,236117.1645269797,803269.4178092318,-9931.789006693714,7076.594879896828,0.0,0.0,-97319.50408101009,-191604.93918880404
2018-12-27,-77.9028779613991,378.409090909091,325557.8179977937,198.66579381659716,88,434,0.3965181818181818,0.21696736922796928,-5.684341886080802e-14,-142276.6794221072,808896.2722563052,-25913.286639753853,25835.383761792455,0.0,0.0,-81666.02317122644,-163055.47767067485
2018-12-28,-4468.466074339809,-3640.9090909090924,252075.22808048982,190.09365614034857,88,433,0.3651784090909091,0.18482977673260456,-8.526512829121202e-14,162130.9689449175,742972.6912919773,-36885.70347515285,32417.23740081304,0.0,0.0,-67677.36675060261,-130696.17377072507
2018-12-31,-584.0932734889185,4808.333333333338,319870.0359273103,123.62267756889544,48,240,0.4079541666666667,0.187470789484073,0.0,48945.33629811385,820317.857003324,-15068.391834565236,14484.298561076319,0.0,0.0,-80675.2249328854,-160642.73391471297
2019-01-02,-1992.1832988809283,287.5000000000088,305773.1072004234,106.05447643240598,48,239,0.3994958333333334,0.18818786530196088,5.684341886080802e-14,9346.004129366389,802323.4851967737,18582.962286742968,-20575.145585623897,0.0,0.0,-78541.51457541918,-154984.79137552503
2019-01-03,-7356.495618049454,-10232.222222222223,283232.6151479056,142.993346197003,90,441,0.3941244444444445,0.1531003357688807,-2.842170943040401e-14,-379.179534871256,799179.927844198,1911.2274673480429,-9267.723085397496,0.0,0.0,-78307.64275122285,-149115.79653819927
2019-01-04,12802.3716833098,1948.863636363625,232387.58108205794,132.0628354145216,88,437,0.36097215909090913,0.1661689358490684,2.842170943040401e-14,-33220.134196551415,730350.3055975194,2481.245847327692,10321.125835982108,0.0,0.0,-45426.586422619206,-103523.48169313368
2019-01-07,2834.1677841916717,-15.909090909104634,211671.76086438567,131.94509691625532,88,440,0.3688102272727273,0.14893977027076719,-8.526512829121202e-14,-8687.841775233506,743711.0576999403,-7868.004108139461,10702.171892331133,0.0,0.0,-50215.717528821,-103133.65774491742
2019-01-08,7332.2565079345,6551.136363636362,208334.38561297057,112.02045559596046,88,439,0.3541414772727273,0.1451807420974188,-2.2737367544323206e-13,91063.29781298726,713824.1941472422,-2843.4641781758132,10175.720686110313,0.0,0.0,-44863.3603509041,-96946.95675414674
2019-01-09,-2383.382199851918,-3264.7727272727307,205762.99670970638,113.62700917013916,88,439,0.3551602272727273,0.14571615921373485,-2.2737367544323206e-13,-23213.045477756947,715235.2075051226,-5052.451496292422,2669.069296440505,0.0,0.0,-53937.75838644865,-105378.50756387525
2019-01-10,958.2738495057652,-3154.444444444448,237366.31640761535,145.66260087055159,90,442,0.36094444444444446,0.1507210647083197,-1.1368683772161603e-13,-42891.49666293354,732241.1061072845,-14690.52436529536,15648.798214801123,0.0,0.0,-58528.96785326862,-117870.54695517245
2019-01-11,6985.387826055789,-2567.777777777779,189227.3147259165,132.9767939735451,90,446,0.3463805555555556,0.1481105576778664,-2.842170943040401e-14,-32333.056234414376,700866.886664986,-5866.801908776871,12852.18973483266,0.011111111111111112,0.011111111111111112,-40454.417649396884,-87761.24633087602
2019-01-14,-6928.686286402763,-1144.56521739131,148366.36984996687,164.86042104784968,92,452,0.37702119565217396,0.09469870268607666,-2.842170943040401e-14,-196427.52069124943,768436.0309291548,-12231.161649331025,5302.475362928262,0.0,0.010869565217391304,-44185.13916994233,-81276.73163243405
2019-01-15,968.3993332405348,-1351.1111111111281,153361.52834844444,185.5814111868033,90,450,0.34642333333333336,0.10694945810248466,8.526512829121202e-14,50525.19997368119,709635.7431347839,-7815.43154206735,8783.830875307885,0.0,0.0,-37557.564165057374,-75897.94625216849
2019-01-16,762.9169757573505,318.47826086957866,173162.653859876,190.30676791763594,92,452,0.34528478260869566,0.10807887833733733,2.842170943040401e-14,-12230.009321288302,707431.6482219181,-2738.2833656837192,3501.20034144107,0.0,0.0,-42718.05325712929,-86008.71672209828
2019-01-17,-10177.893321414123,-6153.3333333333385,140450.0831567342,220.9775840739649,90,445,0.3141922222222222,0.12149687718617597,-8.526512829121202e-14,-250332.0332045542,647938.6286337097,-5539.111656886178,-4638.781664527946,0.0,0.0,-45511.39169467164,-80623.9124838552
2019-01-18,9836.746771208016,-7589.9999999999945,147098.68662846458,203.5401318896555,90,446,0.3119905555555556,0.10109555431642288,-2.842170943040401e-14,112902.68869405164,640988.0032359448,26883.42988121833,-17046.68311001031,0.0,0.0,-27141.465017797782,-63916.13667491393
2019-01-22,-8307.692174067564,4413.333333333339,238488.3098750339,164.8963863377319,90,442,0.34415500000000004,0.18923590080624067,1.9895196601282805e-13,-273537.984362754,699361.8628871588,-5839.131724553987,-2468.5604495135776,0.0,0.011111111111111112,-68094.66602916377,-127716.74349792225
2019-01-23,10006.125539897097,10389.555555555555,182203.09304057196,191.63764101900202,90,444,0.3335931111111111,0.13866617749917998,-5.684341886080802e-14,-154380.59825596184,683163.092296882,-4649.874234314504,14655.999774211601,0.0,0.0,-35736.28536126489,-81287.05862140788
2019-01-24,-12598.651608527776,-3426.6666666666697,186362.02262892324,254.78714923095174,90,444,0.3231027777777778,0.14600595632383956,-1.1368683772161603e-13,-188872.15569253545,668485.750511153,-2403.1435053069513,-10195.508103220822,0.0,0.011111111111111112,-59443.944414989535,-106034.45007222035
2019-01-25,-3728.077859107674,-10952.222222222228,168279.06818697142,288.3528680750136,90,446,0.30889944444444445,0.1370233472429331,5.684341886080802e-14,-197238.81994036725,647363.0009882353,-1964.669816858044,-1763.4080422496302,0.0,0.0,-46086.197773925545,-88155.96482066839
2019-01-28,-1915.5001826008242,4150.00000000001,196183.64169643505,102.19853888348416,50,244,0.353917,0.14038393085824202,1.1368683772161603e-13,-33060.92465329157,711148.5831649827,-1386.3435446754872,-529.156637925337,0.0,0.0,-51063.60914559307,-100109.51956970184
2019-01-29,1267.987995702483,4051.99999999999,180609.74849863068,118.01516089510768,50,241,0.35214400000000007,0.13019048918374415,-5.684341886080802e-14,-17355.269026039365,708214.0174275308,-3677.385418164593,4945.373413867075,0.0,0.0,-44002.46428985029,-89154.90141450797
2019-01-30,-1238.9213536818183,5585.227272727274,214108.2551872207,151.1080808357445,88,440,0.3292642045454546,0.1338539081623479,1.4210854715202004e-13,-77213.25969136483,669966.497590803,-1962.854832601337,723.9334789195184,0.0,0.0,-54917.09323132274,-108444.15702812791
2019-01-31,1292.4803183263714,-1003.4090909091035,216407.29767061162,139.30344887211726,88,440,0.3293147727272727,0.1640680343382048,2.2737367544323206e-13,-125592.78497274668,667487.6978093138,-5451.6105673595985,6744.09088568597,0.0,0.0,-52948.64754819865,-107050.47196585155
2019-02-01,-5612.998672363565,-15445.45454545454,187455.28429954365,143.23102879709376,88,434,0.32026250000000006,0.17195141178653792,-1.1368683772161603e-13,-167085.20748153294,650855.305962772,-11419.298493446848,5806.299821083282,0.0,0.0,-52620.05077604657,-99483.87185093248
2019-02-04,2570.7310430671137,773.3333333333411,186026.23393801143,118.38577324308378,90,447,0.32988055555555557,0.14042076595884043,1.9895196601282805e-13,-2704.908952750162,665551.7946594746,-3017.8372295462395,5588.568272613353,0.0,0.0,-44054.21321467883,-90560.77169918167
2019-02-05,-4366.939073785973,-5983.333333333327,166361.28882852066,128.6839204003105,90,445,0.3150027777777778,0.12667856427054958,8.526512829121202e-14,7058.049918815694,636242.4809653513,-5375.779442756712,1008.8403689707386,0.0,0.0,-46085.94520131645,-87676.26740844661
2019-02-06,-3958.7355979790045,9314.444444444443,174771.0422723357,131.79651808732174,90,445,0.3194111111111111,0.13611428552273883,8.526512829121202e-14,49701.77666515028,645339.2352377131,12906.896689066882,-16865.632287045886,0.0,0.011111111111111112,-47783.292684150256,-91476.05325223418
2019-02-07,9218.34919417558,19680.681818181827,175654.0976201732,139.75948120980047,88,440,0.3291096590909091,0.13368940302528856,1.1368683772161603e-13,16006.145042526896,665422.0586730886,100.78729203917754,9117.561902136404,0.0,0.0,-34834.93469207753,-78748.45909712082
2019-02-08,-2248.677944562768,-11223.333333333334,170198.39788910627,137.1457001392735,90,447,0.33233,0.13282866896658072,5.684341886080802e-14,-120937.66720993866,673378.3740740458,-8318.404460159116,6069.726515596348,0.0,0.0,-44935.42311697861,-87485.02258925517
2019-02-11,4971.288560914415,6207.608695652175,133047.7328522194,186.068325620457,92,454,0.3312483695652174,0.09318379329912475,1.1368683772161603e-13,-191018.06271664,678805.1063026963,-3924.880082083202,8896.168642997616,0.0,0.0,-28476.712977760893,-61738.64619081574
2019-02-12,13153.836514589215,15767.777777777786,136954.8769508414,181.930104980337,90,445,0.31840500000000005,0.10957741366907094,-5.684341886080802e-14,58693.35385153153,653105.4007545685,-5463.339409464639,18617.175924053856,0.0,0.0,-21266.81282810147,-55505.53206581182
2019-02-13,5292.40903739281,3744.5652173913054,148315.86482514578,223.295888894908,92,452,0.3087771739130435,0.1172644416781264,-1.1368683772161603e-13,56768.33121786822,639490.7083066028,2359.7498893940565,2932.659147998753,0.010869565217391304,0.010869565217391304,-32009.85305778854,-69088.81926407499
2019-02-14,-8684.594384333956,-5902.173913043477,126929.86845433296,220.76421173355695,92,451,0.3070434782608696,0.10988735044361786,-2.842170943040401e-14,-80057.2152373225,633926.8188568116,-584.0971776761229,-8100.49720665783,0.0,0.010869565217391304,-40637.82570965075,-72370.29282323399
2019-02-15,1261.4748072652337,-9144.444444444458,124902.39095884885,218.64973580651835,90,448,0.30958111111111114,0.10361889273700692,0.0,203089.52497792954,640291.424067473,-12471.509886983029,13732.984694248262,0.0,0.0,-30182.772668253496,-61408.3704079657
2019-02-19,-5014.70807579552,4325.55555555555,167606.24780618504,206.02917237239464,90,445,0.3052416666666667,0.1261925478274136,2.842170943040401e-14,-66880.40017494548,624725.0763566935,-2150.79823848795,-2863.90983730757,0.0,0.011111111111111112,-47122.29919971417,-89023.86115126044
2019-02-20,14270.988665531333,17980.000000000007,175098.72408195373,205.72994218683795,90,441,0.3084555555555556,0.13313153451470658,-3.126388037344441e-13,33689.338506894564,632673.3946334687,3448.9124613447966,10822.076204186536,0.0,0.0,-29709.422297143938,-73484.10331763237
2019-02-21,-23188.29136911744,-3035.555555555565,186818.24057790817,257.33576018572177,90,444,0.3075577777777778,0.14940661924145685,1.1368683772161603e-13,-128027.24191434374,638813.953378296,759.8556013296892,-23948.146970447127,0.0,0.011111111111111112,-70150.1872737802,-116854.74741825726
2019-02-22,-58.102436035723485,-7376.666666666662,214766.09392884682,290.2606298311429,90,443,0.31673055555555557,0.16077794857067557,5.684341886080802e-14,-246049.8287894155,660385.5084512478,-5963.464748350335,5905.362312314611,0.0,0.0,-54039.886548078575,-107731.41003029028
2019-02-25,5269.504680378589,6991.6666666666615,192034.53463884065,91.01662745253493,48,239,0.3316864583333334,0.14722438958148298,0.0,-36493.27234928854,666435.3070258781,-4092.839479045685,9362.344159424274,0.0,0.0,-42830.145606784106,-90838.77926649427
2019-02-26,-5763.303757838947,9111.999999999987,195747.03636441252,103.11882596989707,50,244,0.314915,0.13314966430032338,-5.684341886080802e-14,-85216.42606029713,632947.7531841635,-831.3854283577338,-4931.918329481213,0.0,0.0,-54803.181674911975,-103739.9407660151
2019-02-27,-6991.040528464124,7008.333333333337,217282.35814099404,110.52203329455611,48,240,0.3293052083333334,0.1627690769085304,2.8421709430404007e-13,63345.72867562294,662315.0932290381,-3146.7588030051065,-3844.2817254590173,0.0,0.020833333333333332,-61422.15209700719,-115742.74163225571
2019-02-28,6455.858099847749,21460.416666666675,209823.6150306399,100.76631104643153,48,238,0.32960104166666665,0.1565686110807983,1.1368683772161603e-13,-21749.892677317883,662035.1765982592,-6896.998652381623,13352.856752229372,0.0,0.0,-46100.81196885866,-98556.71572651863
2019-03-01,-5809.805377303622,-3895.8333333333458,188910.4789676342,102.91136015764864,48,239,0.299325,0.1585860150452799,2.2737367544323206e-13,-63147.85397212287,601438.2613025763,23.466133450983392,-5833.2715107546055,0.0,0.0,-53140.33647936982,-100367.95622127838
2019-03-04,10705.537808922398,12356.25,166711.39960400655,109.53423336927196,48,240,0.29802395833333334,0.13554525573573395,0.0,-108662.9429866083,598766.7303923067,-4877.447870805203,15582.985679727602,0.0,0.0,-31081.846325448514,-72759.69622645015
2019-03-05,3284.2996066534974,6205.5555555555475,150104.60895521278,145.36472925863384,90,446,0.27304,0.13550701593210204,8.526512829121202e-14,-90543.94249479398,557559.7633210125,1701.243907044415,1583.0556996090825,0.0,0.0,-34387.21736140833,-71913.36960021153
2019-03-06,-2160.323938618952,1238.8888888888891,148883.39626536364,149.12058137247774,90,445,0.28175222222222224,0.12175878428258843,5.684341886080802e-14,-47973.69017034098,575783.3419026799,4950.434143029425,-7110.758081648378,0.0,0.0,-39530.293586332344,-76751.14265267325
2019-03-07,476.5604378092091,422.727272727278,140690.19197312175,157.72746084503785,88,440,0.29272556818181816,0.12726050970983271,1.7053025658242404e-13,13596.833220672797,597940.3172700397,374.4268765545843,102.13356125462491,0.0,0.0,-34853.715016316266,-70026.2630095967
2019-03-08,3230.6084624044593,-1835.555555555556,140947.145224352,153.6676913129258,90,445,0.2856222222222223,0.12793900308377143,2.842170943040401e-14,-220111.9656436128,583438.6333230288,-12944.01608700357,16174.62454940803,0.0,0.0,-32159.845534996464,-67396.63184108445
2019-03-11,2716.2779418445916,-203.3333333333262,159444.82489776143,139.481971254777,90,446,0.2736788888888889,0.13943369564086394,5.684341886080802e-14,-35581.22471436576,556948.2446982086,-3410.1172484517447,6126.395190296336,0.0,0.0,-37284.41025385054,-77145.6164782909
2019-03-12,-604.1069168229344,-1431.1111111111052,143056.81094939407,144.12088769249195,90,448,0.2658216666666667,0.13089624749467094,-8.526512829121202e-14,81828.56517681644,541143.0620228336,-701.7987920708565,97.69187524792193,0.0,0.0,-36512.43054186395,-72276.63327921246
2019-03-13,-195.97421824019926,89.99999999999787,138415.13150884322,141.9715567553374,90,444,0.257425,0.13681008951753704,-1.4210854715202004e-13,-16043.67595228566,524502.3994792667,-2188.315974393635,1992.3417561534357,0.0,0.0,-34941.72865220634,-69545.51152941714
2019-03-14,2676.952907582418,9776.66666666667,169265.9887017075,173.57257720392715,90,448,0.25055222222222223,0.1415924695218884,-1.4210854715202004e-13,-136161.26231543862,515301.7269651783,-6687.735740820629,9364.688648403047,0.0,0.011111111111111112,-39813.11684504839,-82129.61402047526
2019-03-15,3000.56653228937,1295.4545454545446,150164.20521722978,186.24021392365324,88,440,0.24016590909090912,0.1729811998958599,-1.1368683772161603e-13,-377147.1799746684,495042.33593452745,-3810.6734919271144,6811.240024216485,0.0,0.0,-34726.72498594173,-72267.77629024917
2019-03-18,-5493.478591948836,-5615.21739130434,123611.44229700686,175.3281537392162,92,453,0.24922119565217393,0.1144362505338308,0.0,66705.46906757259,511390.01281457924,2433.6951410474558,-7927.173732996292,0.0,0.0,-36571.66731993977,-67474.52789419149
2019-03-19,-2063.618244705251,845.6521739130325,119735.46966142443,177.45733618854763,92,453,0.25297608695652174,0.1147880775969279,5.684341886080802e-14,-184315.05892348193,519420.5898065668,1004.7509061218532,-3068.3691508271045,0.0,0.0,-32174.94299624991,-62108.81041160601
2019-03-20,2934.1860499661784,5085.5555555555575,119718.65510073543,163.8080412048535,90,448,0.260535,0.11935502621180767,-2.842170943040401e-14,-260472.8670115956,531339.0899135184,11049.994436913052,-8115.808386946873,0.0,0.0,-27159.285766422534,-57088.94954160639
2019-03-21,-1059.4186997872514,6172.826086956524,128070.01448300686,171.38273653914314,92,454,0.2495592391304348,0.11601855497453557,1.1368683772161603e-13,-111560.74196928611,510510.4671865188,26629.835777872195,-27689.254477659448,0.0,0.0,-33248.305057078105,-65265.808677829824
2019-03-22,1706.4851620065122,-1021.111111111105,119176.73750921866,189.94516087349322,90,449,0.27131500000000003,0.11428047312515513,-2.842170943040401e-14,-118134.59521933839,557773.7319980112,-5575.384500227062,7281.869662233574,0.0,0.0,-28277.644376171644,-58071.828753476315
2019-03-25,-1421.678892676165,6351.1111111111195,160029.47093362728,185.61839385781107,90,450,0.2729777777777778,0.135843121893253,8.526512829121202e-14,21537.618207909814,560006.8366268214,-2922.794919068879,1501.116026392714,0.0,0.0,-41614.665019940796,-81622.03275334762
2019-03-26,1798.2794148090181,8821.111111111106,159738.1299380108,164.31407676940952,90,444,0.28239555555555557,0.13974923676871898,-1.9895196601282805e-13,59885.32934124699,574593.5324188505,2095.9804560304947,-297.7010412214765,0.0,0.0,-38300.567146463094,-78235.0996309658
2019-03-27,1815.362594849639,5615.55555555556,165154.48913837728,192.3507382469806,90,446,0.2804433333333334,0.15206109898579298,0.0,-281563.63315427536,574372.9537011012,3213.8269438809175,-1398.4643490312787,0.0,0.0,-39665.61042799166,-80954.23271258599
2019-03-28,-9657.548277443893,-6127.777777777778,168724.3847188179,235.56167699733606,90,443,0.27985055555555555,0.1349503529605854,0.0,-444950.569655173,580191.374149021,-7214.702822191501,-2442.845455252392,0.0,0.011111111111111112,-52074.2061341457,-94255.30231385017
2019-03-29,2123.987464039587,-7080.681818181808,158586.81125029942,202.43396311128697,88,440,0.2709056818181818,0.15699477390348004,1.7053025658242404e-13,-135750.3577496798,553588.6290780145,-303.21616666157684,2427.203630701164,0.0,0.0,-37725.14931164656,-77371.8521242214
2019-04-01,-10930.205997244615,-2216.666666666668,157597.97332611977,90.12198920586488,48,240,0.2854729166666667,0.1394078501274609,-1.7053025658242404e-13,-37579.24717517574,573274.8845339019,-5.640974923608482,-10924.565022321007,0.0,0.0,-50419.82131798042,-89819.31464951036
2019-04-02,3281.740960875359,-189.5833333333403,169789.29446974662,95.77693920067824,48,236,0.27867604166666665,0.15003879411934032,1.7053025658242404e-13,-138055.8207331604,560410.6062494625,3387.656192159453,-105.91523128409358,0.0,0.0,-39261.35959576198,-81708.68321319862
2019-04-03,-78.83969119014485,-2868.888888888899,165920.2189087603,120.89152386017854,90,450,0.275275,0.1417400728731483,-2.842170943040401e-14,-86703.2784552031,556543.4819009411,3235.8390506253636,-3314.678741815508,0.0,0.0,-41679.78594224039,-83159.84066943047
2019-04-04,-3233.706261897877,-4181.111111111109,167302.0240622825,129.13091272258686,90,447,0.2675805555555556,0.14737583289667758,2.842170943040401e-14,-100367.09847201721,541080.1092871602,-4095.801682671624,862.0954207737472,0.0,0.0,-45188.34319019109,-87013.84920576171
2019-04-05,678.7320514818297,-6116.304347826089,145829.61395643913,139.87610245012377,92,453,0.26858858695652177,0.14637624618199555,2.2737367544323206e-13,-37986.59302276254,543291.9889393076,-4844.76790262523,5523.499954107059,0.0,0.0,-35918.54754007808,-72375.95102918787
2019-04-08,961.3438185984401,-1911.9565217391234,133749.04053448825,123.34554749763673,92,455,0.27478097826086956,0.1183932970533809,-1.1368683772161603e-13,-261497.49614891506,557049.4531165797,4803.00330708903,-3841.6594884905903,0.0,0.0,-32599.261862521256,-66036.52199614332
2019-04-09,-1404.9254431421928,-4963.043478260874,140737.92671369875,154.7954885601367,92,456,0.2774005434782609,0.1218423814222496,-2.2737367544323206e-13,-70141.42117999215,563619.5623523518,-1411.3523837046894,6.4269405624964975,0.0,0.0,-36744.20261012702,-71928.6842885517
2019-04-10,-4038.0664520522655,-4074.9999999999914,135525.43448773847,138.24526880962856,92,456,0.27298967391304346,0.1114648056491605,2.842170943040401e-14,51505.28081455544,554063.6672830207,-2221.528110712677,-1816.538341339589,0.0,0.0,-38057.67034279651,-71939.02896473113
2019-04-11,-37299.3628660263,-9202.173913043478,154553.44340189378,124.4847379308902,92,455,0.27633097826086955,0.12307483864952434,1.4210854715202004e-13,-114744.95252677488,558226.4467701091,-4189.344848031452,-33110.018017994844,0.0,0.010869565217391304,-76062.20845443064,-114700.56930490407
2019-04-12,4462.771156021571,-249.99999999999795,145293.88346170067,140.93416432477483,92,454,0.26392608695652175,0.12916223743838487,2.842170943040401e-14,-171817.14377068004,535339.570314235,-6882.314100583893,11345.085256605465,0.0,0.0,-32001.63387372837,-68325.10473915354
2019-04-15,-24791.420316418556,-4475.53191489362,86558.9638918883,205.01055616247606,94,462,0.2630074468085106,0.07358146533299226,0.0,56800.15082207274,542142.3220494433,-3288.9817985194513,-21502.438517899107,0.0,0.0,-46636.1718455531,-68275.91281852519
2019-04-16,-12316.217717459474,1648.9130434782628,100954.11487702474,200.74134064386317,92,457,0.2587032608695652,0.09367013238055423,-5.684341886080802e-14,-67559.00338591837,531755.0670158265,6631.263714677814,-18947.48143213729,0.0,0.0,-37755.48777735952,-62994.01649661571
2019-04-17,5822.037569064312,8330.434782608703,113664.88715587177,203.44913136811914,92,455,0.2647016304347826,0.09997941912059603,-1.4210854715202004e-13,-162877.76561401144,543773.4816203552,-1019.6983230115867,6841.735892075899,0.0,0.0,-22797.633351271747,-51213.85514023969
2019-04-18,5602.44128590096,2140.2173913043384,107616.58096517171,217.12772274032744,92,459,0.24942880434782608,0.11256260405021262,1.9895196601282805e-13,-176239.05959385552,513651.5998388689,-3670.937762183974,9273.379048084935,0.0,0.0,-21518.831678132294,-48422.97691942522
2019-04-22,-5796.461427440039,7346.739130434784,136637.53614274797,159.9711525788972,92,459,0.2667972826086957,0.13802636386534167,-5.684341886080802e-14,-350048.2166664961,543290.8038208504,-548.8517040394594,-5247.609723400579,0.0,0.0,-40115.816615705924,-74275.20065139292
2019-04-23,8641.82277655539,2561.9565217391287,116572.11798043299,221.32537527624572,92,459,0.24105978260869568,0.11652607631334962,2.842170943040401e-14,38066.101736756435,495818.76777123,4984.817976860439,3657.0047996949515,0.0,0.0,-20722.532093829104,-49865.56158893735
2019-04-24,-3963.9044248799273,4976.086956521742,135286.809881052,190.1629666402175,92,459,0.2529288043478261,0.12079240990191058,1.1368683772161603e-13,-113115.11511247579,517756.0417481608,1845.8484840501737,-5809.752908930101,0.0,0.0,-37975.76986178314,-71797.47233204615
2019-04-25,10199.770959895279,10667.777777777777,148663.38685797437,221.36499457334827,90,448,0.2664538888888889,0.1482584221579216,0.0,-170226.22786603076,551793.3790406068,-400.37287837686006,10600.14383827214,0.0,0.0,-27187.440749171663,-64353.287463665256
2019-04-26,-9214.507896521369,-9594.68085106383,156109.99325210453,220.59469250121782,94,461,0.24557978723404258,0.15246821658324228,1.1368683772161603e-13,-187011.55906330896,507182.6087226448,-3120.408865569039,-6094.0990309523295,0.0,0.0,-48462.60090204872,-87490.09921507486
2019-04-29,12901.055557605509,15154.00000000001,135588.414060978,96.22238538797424,50,247,0.254403,0.13295438769891493,-1.7053025658242404e-13,-46061.142553298254,511515.66552048625,-740.1702719140111,13641.22582951952,0.0,0.0,-21092.27034302696,-54989.373858271465
2019-04-30,5780.035218900278,13344.000000000018,160267.51462820475,106.12648250779291,50,246,0.252935,0.14275198755451593,-2.8421709430404007e-13,19159.01591764941,508736.10702500487,4196.254066581128,1583.78115231915,0.0,0.02,-34392.9699206587,-74459.8485777099
2019-05-01,3462.421075355372,6295.999999999993,144932.80961102698,95.6959180586512,50,247,0.252402,0.1610994606843662,0.0,-129336.21553503096,507531.7337959496,884.918524934764,2577.502550420608,0.0,0.0,-32866.477245460024,-69099.67964821677
2019-05-02,14219.406503225322,7907.999999999999,123844.96440465335,107.66550337279133,50,248,0.261231,0.12120517608526332,5.684341886080802e-14,-15433.02737319469,525436.3792360408,2519.488602824265,11699.917900401058,0.0,0.0,-16849.50010131081,-47810.74120247415
2019-05-03,6909.472621318167,-1985.999999999999,131719.16272256593,113.0785973171219,50,247,0.27137300000000003,0.12185839803702903,5.684341886080802e-14,-95263.69418524696,546373.5451779823,6355.0083846062325,554.4642367119327,0.0,0.0,-26133.396656640438,-59063.187337281925
2019-05-06,12624.12625082304,14297.999999999998,129228.34442973328,106.37983420279755,50,248,0.292825,0.09350827383575952,-5.684341886080802e-14,-8140.281918240216,589013.2156181291,28857.091069224738,-16232.9648184017,0.0,0.0,-19789.339690813078,-52096.4257982464
2019-05-07,-393.00649196323366,4207.999999999999,171680.55821230944,104.77816268160933,50,247,0.316915,0.12701494038900757,1.7053025658242404e-13,-76326.51897039557,637173.6478799172,-7619.488127707567,7226.481635744334,0.0,0.0,-43417.9242077222,-86338.06376079956
2019-05-08,753.6571833671995,2119.5652173912945,133965.85923559143,124.86947155137665,92,455,0.28548586956521743,0.1244406378901668,8.526512829121202e-14,-126559.29100271816,578801.6084850158,3430.121905919236,-2676.464722552036,0.0,0.0,-32862.677097082036,-66354.14190597988
2019-05-09,11409.653015349308,12470.652173913051,132535.2918111945,143.26593403771568,92,457,0.2952456521739131,0.1067327440341564,0.0,-96076.80216837222,600120.7346931901,-12680.414330953194,24090.0673463025,0.0,0.0,-21867.435871487032,-55001.25882428566
2019-05-10,-9647.371623565572,-7556.521739130433,127202.36588806476,123.44632820707776,92,453,0.27396032608695653,0.11902567922460823,5.684341886080802e-14,51886.54180068962,554691.0057863226,23313.230477719608,-32960.60210128518,0.0,0.0,-41571.40942378884,-73372.00089580503
2019-05-13,15088.483038088856,11833.695652173916,124655.45082900248,143.589497695127,92,458,0.3206255434782609,0.10864667707750861,-2.842170943040401e-14,-160991.15886311093,650136.1302029315,-11228.462957028556,26316.945995117414,0.0,0.0,-16218.969166856892,-47382.831874107505
2019-05-14,8246.094213967555,6556.382978723404,124216.17617345616,161.66242384417413,94,461,0.2773457446808511,0.10452950176677955,-8.526512829121202e-14,-91559.90236131757,567949.2766546524,-4972.442990850899,13218.537204818454,0.0,0.0,-22969.61225324066,-54023.6562966047
2019-05-15,5008.962666865643,5244.565217391303,112630.03315159158,121.71501357366675,92,457,0.2800527173913044,0.10292491222853259,-8.526512829121202e-14,-123880.98013524292,567979.7436677234,-5423.984568550768,10432.94723541641,0.0,0.0,-23270.26063460592,-51427.76892250381
2019-05-16,1010.1304445746621,4130.434782608701,109497.99959813994,131.6656285798903,92,458,0.271329347826087,0.10399721317774105,2.842170943040401e-14,-160153.09295138755,551717.5980125403,2335.921241624808,-1325.7907970501465,0.0,0.0,-26496.035083540213,-53870.534983075195
2019-05-17,1125.658423057956,-8859.78260869564,117325.1913433352,145.55873544444054,92,458,0.28669239130434787,0.10705004416597047,-1.1368683772161603e-13,73163.3137776075,584372.1895698516,7109.728067726276,-5984.06964466832,0.0,0.010869565217391304,-28351.198148220283,-57682.49598405409
2019-05-20,1735.7962244537962,6179.787234042553,87737.36368009048,140.55043864006663,94,462,0.29452978723404255,0.07315009318812353,-1.1368683772161603e-13,-141624.3623687019,597069.1936467171,-6768.443075047174,8504.23929950097,0.0,0.0,-20339.095134208892,-42273.436054231504
2019-05-21,215.9416896087976,2900.0,97203.22079503858,166.81147832509376,92,459,0.2750375,0.0855683338697222,0.0,-85475.27418941761,562969.6565406901,1695.9895709734208,-1480.047881364623,0.0,0.0,-24251.67498747594,-48552.48018623558
2019-05-22,14486.439605946194,18342.391304347828,109116.66362336437,147.8872446373123,92,460,0.28261576086956525,0.08718426182641649,0.0,92491.21599516811,573638.9101442142,25314.193637089258,-10827.754031143064,0.0,0.0,-12940.613544532209,-40219.7794503733
2019-05-23,10232.803207760631,20369.56521739131,97426.62918341343,173.90004031571857,92,460,0.29023641304347825,0.08628354998378489,8.526512829121202e-14,-12679.498675625146,592241.142805273,-9251.98595789302,19484.789165653652,0.0,0.010869565217391304,-14297.754128408445,-38654.4114242618
2019-05-24,21372.637662550816,6254.347826086958,116808.20101459269,196.84114432484603,92,459,0.2698505434782609,0.10606501608462357,-1.4210854715202004e-13,-58532.87147785365,553742.7766161631,12206.501479226794,9166.136183324023,0.0,0.0,-8026.253735422202,-37228.30398907038
2019-05-28,3652.628874758753,2629.3478260869642,132088.03821307962,254.1366661894102,92,459,0.2866135869565218,0.11714155616469075,-2.842170943040401e-14,100948.00419658847,598414.2165469286,10431.58674061551,-6778.957865856757,0.0,0.0,-29623.51734470056,-62645.52689797047
2019-05-29,-11958.883408729042,1503.191489361703,126890.50657602314,260.4285973370921,94,462,0.31175,0.09697546781085097,1.1368683772161603e-13,-220503.04282980674,653357.9266375252,-9336.34660583636,-2622.536802892682,0.0,0.0,-43941.93865007192,-75664.56529407769
2019-05-30,2184.193564280055,7551.086956521736,116516.94173526103,185.7500901973346,92,459,0.2952711956521739,0.10190549298262948,1.1368683772161603e-13,25078.57974628351,602658.8806610693,9784.908013874867,-7600.714449594811,0.0,0.0,-27130.791959732538,-56260.027393547796
2019-05-31,971.6809048254331,3075.531914893616,143100.32981510775,194.14135192571362,94,461,0.30043563829787234,0.11048216205362019,-1.7053025658242404e-13,89608.96040708556,613314.7982182816,248.14893662489254,723.5319682005405,0.010638297872340425,0.010638297872340425,-34997.54290087721,-70772.62535465416
2019-06-03,4615.672128300522,3167.999999999992,121624.26864433908,105.55866111265509,50,246,0.325278,0.10176429206276479,5.684341886080802e-14,8508.561154113257,653920.9571985493,6616.77048162901,-2001.0983533284875,0.0,0.0,-25895.953693896907,-56302.020854981674
2019-06-04,309.7936066879076,-397.9999999999948,110715.85519338924,98.21372760233585,50,248,0.29495800000000005,0.08242607347655362,0.0,-27404.23974073126,592810.3501471906,4884.8404290147655,-4575.046822326857,0.0,0.0,-27467.383919261738,-55146.34771760905
2019-06-05,1652.5382970097069,634.7826086956488,126038.35355155644,144.68563724635965,92,457,0.2840646739130435,0.12703213498763044,-2.842170943040401e-14,-88252.55499878216,578420.2928457785,-2310.491254300912,3963.0295513106184,0.0,0.0,-30001.735728125765,-61511.324116014875
2019-06-06,5439.907424584656,956.5217391304252,111348.4174057275,167.73449140552572,92,456,0.2755135869565218,0.1029248528740304,0.0,-19305.546365311962,563636.3069723111,805.5476579713044,4634.359766613351,0.0,0.0,-22564.93141825274,-50402.03576968462
2019-06-07,-2514.390621709975,-3933.6956521739125,118985.37723900277,159.5236589701563,92,456,0.27020815217391303,0.11242046383038941,-5.684341886080802e-14,-185036.75331662406,553541.0327295527,-3550.207191717954,1035.816570007979,0.0,0.010869565217391304,-32420.258590430825,-62166.60290018152
2019-06-10,5068.083640215991,2161.9565217391323,107584.34016081355,180.07582693150187,92,458,0.2602451086956522,0.10324516462237936,5.684341886080802e-14,-24058.63488712325,539011.8994868003,1300.096371935499,3767.9872682804917,0.0,0.0,-22008.077226918896,-48904.16226712229
2019-06-11,-4878.405184284849,-2800.0,108188.7093022755,179.6802770234191,92,458,0.25059945652173915,0.11011852558934787,-5.684341886080802e-14,-24885.34786354955,517560.59817557834,-2236.9720649578494,-2641.4331193269995,0.0,0.0,-32105.262786877145,-59152.44011244602
2019-06-12,5095.251405512192,1711.9565217391346,106510.18470507568,175.64616738811833,92,455,0.24606956521739132,0.10111432371184308,8.526512829121202e-14,-139161.1629870301,507116.86657538527,-696.141353431465,5791.392758943657,0.0,0.0,-21707.940938144846,-48335.487114413765
2019-06-13,-6204.1400263093265,-3802.1739130434785,115486.11077694365,170.6833167092794,92,452,0.2601554347826087,0.10383494636395835,5.684341886080802e-14,-129682.61609236794,535028.2331600707,-5507.007004294707,-697.1330220146192,0.0,0.0,-35246.35103725451,-64117.878731490426
2019-06-14,3262.7283612239967,1466.3043478260881,113750.83734432378,168.56657457879513,92,455,0.2524342391304348,0.1140951961290447,1.1368683772161603e-13,-286013.93699563603,517584.252813418,-3477.0725802174675,6739.800941441464,0.0,0.0,-25343.547549435745,-53781.25688551668
2019-06-17,1134.3836378531983,168.4782608695552,119536.37546180222,220.38444623337338,92,458,0.2614429347826087,0.10210377368951462,1.1368683772161603e-13,-244857.39243974772,542056.887792892,348.85867531294764,785.5249625402504,0.0,0.0,-28970.09467383073,-58854.188539281284
2019-06-18,-2735.845137535148,-2732.608695652176,115570.94896187294,189.90849679146325,92,459,0.2674461956521739,0.10977194818232731,-1.7053025658242404e-13,-295667.2644388171,548721.3412980224,-5498.574211646754,2762.7290741116058,0.0,0.0,-31818.490874794847,-60711.22811526308
2019-06-19,3844.3724194388496,9261.111111111119,110978.62734454373,212.16007562195261,90,450,0.27052166666666666,0.09629398676271061,-2.842170943040401e-14,-202486.66663277184,556776.1835686017,4463.390100261067,-619.0176808222172,0.0,0.0,-24112.444492319035,-51857.10132845497
2019-06-20,5568.020591836001,6728.260869565221,129838.87737376512,254.41671495403185,92,458,0.2547657608695652,0.10781157155547832,-5.684341886080802e-14,5013.398845385618,532554.0933706197,1457.0559890740055,4110.964602761995,0.0,0.0,-27146.115466559313,-59605.83481000059
2019-06-21,1861.7198771167828,-4825.000000000003,110608.71544737002,280.69357616612035,92,457,0.25896902173913044,0.11677946188355195,-1.1368683772161603e-13,-160403.39205001178,545389.2927983111,-2230.926035749432,4092.6459128662154,0.0,0.0,-26071.152560891842,-53723.33142273435
2019-06-24,904.3124501735224,142.391304347822,152492.78124788316,208.0549376706203,92,452,0.2677108695652174,0.11220880960360531,5.684341886080802e-14,-526282.1328406333,553474.8420799195,3137.0724126794325,-2232.7599625059106,0.0,0.0,-37426.93779946789,-75550.13311143867
2019-06-25,-5864.562043689843,-1431.8181818181702,145647.70735723598,216.3709154718717,88,438,0.27445738636363637,0.13831073081838385,2.842170943040401e-14,-148577.02376765013,566344.3174320534,1183.6083866456315,-7048.1704303354745,0.0,0.0,-42492.859798470716,-78904.7866377797
2019-06-26,-1371.027401206275,-3196.739130434779,160751.78542393938,224.82573692227302,92,452,0.2642625,0.13377192162509324,2.842170943040401e-14,-21478.202881464505,547395.2272732236,-4161.175000414751,2790.147599208476,0.0,0.0,-41783.79949411339,-81971.74585009823
2019-06-27,935.6770597045829,-459.7826086956548,160048.55379292986,211.63201143544055,92,451,0.2613125,0.13213505195735928,-1.1368683772161603e-13,-51304.781324079864,536304.3122822319,2334.0368615810517,-1398.3598018764683,0.0,0.0,-39288.09339996332,-79300.23184819579
2019-06-28,2759.4937055591827,-4106.818181818184,127564.00685629548,220.55271673115328,88,439,0.2667318181818182,0.13733552585501138,5.684341886080802e-14,169878.14138195512,548323.43213559,-16788.048488592354,19547.542194151534,0.0,0.0,-29352.06072524584,-61243.062439319714
2019-07-01,2132.954695269814,1503.9999999999966,128531.61420048053,95.50345360810918,50,242,0.271693,0.11660476931191152,-2.8421709430404007e-13,-18602.066148694044,545905.6280309361,-4871.74250195174,7004.697197221553,0.0,0.0,-30095.452308458425,-62228.35585857856
2019-07-02,-322.38717369514444,-1404.1666666666604,124677.63669755835,94.32675198942502,48,240,0.27388125,0.11524895926479302,-2.2737367544323206e-13,-79433.49720601818,550155.524198915,-916.176736394469,593.7895626993245,0.0,0.0,-31586.123100074157,-62755.532274463745
2019-07-03,3787.2418907981396,1891.3043478260988,129988.43385484832,155.49013865746335,92,456,0.24261467391304348,0.10907883096229468,8.526512829121202e-14,17361.407643407423,496283.1871331592,-2243.330519028191,6030.572409826331,0.0,0.010869565217391304,-28865.356711571403,-61362.46517528348
2019-07-05,-2348.8228009927566,-5694.444444444444,110183.03721417373,170.66001178566836,90,443,0.25488777777777777,0.11748098337203441,1.7053025658242404e-13,-112135.44149756416,522170.08854987286,-5801.962604652257,3453.1398036595006,0.0,0.0,-30065.242116321857,-57611.001419865286
2019-07-08,2697.00281617012,2944.5652173913004,151267.0737992473,146.34822254419512,92,460,0.2684391304347826,0.1128672600325318,0.0,-174185.74955261534,550027.189113613,2886.4935905637712,-189.49077439365107,0.010869565217391304,0.010869565217391304,-35266.113856185904,-73082.88230599773
2019-07-09,3094.6718670388436,718.4782608695724,106320.94899999378,155.32394179271438,92,457,0.2360717391304348,0.10573332376759145,2.2737367544323206e-13,-255575.95429425294,482879.5049325106,-3209.6945666138254,6304.366433652669,0.0,0.0,-23640.889324752316,-50221.126574750764
2019-07-10,1993.7524855872646,-903.3333333333405,113405.48544842319,151.77357895587332,90,450,0.2305277777777778,0.11115148776737883,-8.526512829121202e-14,-95833.7442411623,471089.6791011283,-208.00232330141478,2201.7548088886797,0.0,0.0,-26509.392455474404,-54860.763817580206
2019-07-11,-6300.122297313297,322.82608695652505,108198.23560566167,147.20273205091337,92,455,0.25063913043478264,0.11095912311228835,-2.5579538487363607e-13,-117339.63850932302,509448.7780122438,920.7067766172664,-7220.829073930564,0.0,0.0,-33496.88393077963,-60546.44283219505
2019-07-12,-957.0261767867137,-4050.0000000000005,85402.32513955481,139.12522335519142,92,456,0.24855489130434785,0.09074149784558753,0.0,2821.441442452542,505185.7065267181,-5066.652073876242,4109.625897089528,0.0,0.0,-22446.73268503061,-43797.31396991931
2019-07-15,-390.42277351364476,-1119.5652173912965,81583.56584451234,232.924576303253,92,459,0.26024945652173914,0.07251999078211187,-2.842170943040401e-14,75537.84360684533,539467.1935173012,2024.370777847371,-2414.7935513610155,0.0,0.0,-21019.238810944982,-41415.13027207307
2019-07-16,727.6801825583366,2632.6086956521785,94132.18046692974,281.22458650098906,92,460,0.2427842391304348,0.08943680831992479,-8.526512829121202e-14,-83343.27001593908,510816.3602154894,2342.3890255437555,-1614.7088429854189,0.0,0.0,-23086.58952067509,-46619.63463740752
2019-07-17,-2498.0497400187637,-1663.043478260869,113801.89764590787,227.78121003893187,92,457,0.24522282608695653,0.10125246440179925,2.5579538487363607e-13,454.9024479748423,509446.18234201614,-3986.714167430858,1488.664427412095,0.0,0.010869565217391304,-31176.30536153466,-59626.779773011636
2019-07-18,-1061.3171141091912,-1567.3913043478267,105956.6458192994,257.221048966029,92,457,0.22755271739130437,0.12062447126824319,8.526512829121202e-14,-267795.3461958092,475062.04284221336,23.85031516416467,-1085.1674292733558,0.0,0.0,-27807.69961790007,-54296.86107272492
2019-07-19,-458.49261350762583,-6953.260869565216,95641.85984678434,254.64145976555207,92,459,0.24579076086956525,0.09435735537998459,5.684341886080802e-14,-181669.02837950687,512465.81197790155,-6981.769148468407,6523.276534960781,0.0,0.0,-24623.599034969266,-48534.06399666535
2019-07-22,2401.9397898397474,1679.9999999999984,119284.11606128982,213.43075951165827,90,444,0.23750944444444444,0.12280533440284286,1.4210854715202004e-13,-187803.98978770475,489205.92737411347,4803.587839369403,-2401.648049529656,0.0,0.0,-27632.519984994367,-57453.54900031682
2019-07-23,132.0661167569667,3063.0434782608713,119974.31451317325,274.9483465024442,92,455,0.2297179347826087,0.11712971762036861,2.842170943040401e-14,-15616.61561673841,481937.51857452554,3527.9567858756986,-3395.890669118732,0.0,0.0,-30136.46085803879,-60130.039486332105
2019-07-24,-7404.0983882281325,11933.695652173907,107953.58249084589,277.96858866733623,92,452,0.2424684782608696,0.11040663441312062,-2.8421709430404007e-13,-154330.70156034073,509662.54834050353,2651.8276047881754,-10055.925993016308,0.0,0.010869565217391304,-34670.462599606944,-61658.85822231842
2019-07-25,2029.8230683213098,3758.695652173912,100572.323331837,237.72463023742273,92,458,0.23468369565217392,0.10320546960608261,2.842170943040401e-14,-126480.99234017562,486355.8000237223,-3744.3451079474967,5774.168176268807,0.0,0.0,-23350.982394875362,-48494.06322783462
2019-07-26,-2077.6885928344436,-7244.565217391297,100295.07337866999,241.05223611768108,92,456,0.22969945652173915,0.11135672566253296,-5.684341886080802e-14,-30210.746835701582,476634.1003608892,-745.4883163775372,-1332.2002764569063,0.0,0.0,-27392.509173619623,-52466.27751828712
2019-07-29,-13354.881872020997,16937.999999999996,98947.65041762883,114.84644207159431,50,248,0.26851600000000003,0.08321299664215685,0.0,-12063.451220371562,540441.1759183509,2724.2670774701455,-16079.148949491142,0.0,0.02,-38206.6409184998,-62943.55352290701
2019-07-30,8148.8932309685515,7608.000000000015,114877.84019840001,95.60440243738026,50,247,0.26294900000000004,0.09578255005978578,-1.1368683772161603e-13,-82186.39252605283,528791.5235794423,14551.81293971608,-6402.919708747529,0.0,0.0,-20666.17122106883,-49385.631270668826
2019-07-31,-8335.080466177462,-1963.9999999999995,184630.02937123209,108.3377362557889,50,246,0.26286000000000004,0.12790986304560426,5.684341886080802e-14,-51134.10855886437,529007.6377383384,22361.877717609055,-30696.95818378652,0.0,0.0,-54600.92554524127,-100758.4328880493
2019-08-01,2764.175330282184,8009.999999999989,178274.16304975055,107.41832233852548,50,244,0.310515,0.15454740898089456,-1.1368683772161603e-13,-36813.458177356886,625730.1148077167,10283.757354897374,-7519.58202461519,0.0,0.0,-41911.78375449398,-86480.3245169316
2019-08-02,4377.3496374021,-6573.999999999997,188456.94296456454,114.24587538796361,50,245,0.320353,0.13407228628520734,1.1368683772161603e-13,-136211.09241619564,644988.2990383612,49490.1658572596,-45112.8162198575,0.0,0.0,-42851.131979127,-89965.36772026813
2019-08-05,13093.859880364205,18410.000000000007,205849.21024395776,116.50230519152603,50,249,0.376205,0.13703291525603414,1.1368683772161603e-13,-17391.939391091273,756945.6843063055,-15836.692265571051,28930.552145935253,0.0,0.0,-38484.94498581676,-89947.24754680619
2019-08-06,3127.23678602334,3966.000000000012,181387.1700334036,111.864349442831,50,247,0.32248800000000005,0.12005273221210601,-2.2737367544323206e-13,-49012.24298426135,648962.0410027059,1737.4856938506075,1389.7510921727326,0.0,0.0,-42331.42007177039,-87678.2125801213
2019-08-07,10012.19565661386,11126.086956521736,162544.32671780814,130.50985766963362,92,454,0.3201402173913043,0.1246285938252558,1.1368683772161603e-13,-41270.51226175643,649397.5783836896,-5970.587558716916,15982.783215330775,0.0,0.010869565217391304,-30754.395880507807,-71390.47755995985
2019-08-08,2982.9422084746034,4189.130434782606,135902.64796010716,130.1755110069944,92,454,0.27311195652173914,0.11821811574476504,-5.684341886080802e-14,101900.27863992269,555696.8222275763,3550.9161853267437,-567.9739768521409,0.0,0.0,-31122.89529255918,-65098.55728258597
2019-08-09,703.2844980842711,-2058.8888888888882,153177.65355550637,124.84594479394069,90,446,0.30900944444444445,0.13570934687058722,-5.684341886080802e-14,-163268.03254241296,627153.1861284549,9411.872470184773,-8708.587972100502,0.0,0.0,-37715.97483558626,-76010.38822446285
2019-08-12,4070.9012357918164,4745.652173913036,190105.45667837802,145.18184927142332,92,451,0.3276391304347826,0.1247636825888031,-2.842170943040401e-14,-96037.50954528306,666294.9225438043,-9187.555455431162,13258.456691222978,0.0,0.010869565217391304,-43600.64478307411,-91127.00895266862
2019-08-13,-300.5761189572181,4906.5217391304395,185774.4145300367,150.40839906058417,92,452,0.2876097826086957,0.13962484034086198,5.684341886080802e-14,-27314.21304541193,587822.5949205677,45037.51775779764,-45338.09387675486,0.0,0.010869565217391304,-46894.58815052698,-93338.19178303616
2019-08-14,-7604.146987551445,7832.222222222232,203120.89631016634,146.68212911676838,90,449,0.3485433333333333,0.14310498721802623,-1.7053025658242404e-13,41947.40687109341,707379.754222571,-83.97497348334304,-7520.172014068101,0.0,0.011111111111111112,-58531.053194209795,-109311.27727175139
2019-08-15,144.554119197074,1785.869565217396,164415.22191003026,149.34233116587419,92,452,0.29911739130434783,0.12448091902698413,-2.5579538487363607e-13,39236.054609205865,609817.5355592427,-16464.111850212204,16608.665969409278,0.0,0.0,-41108.593689476365,-82212.39916698393
2019-08-16,-9001.04091107019,-2290.2173913043425,133993.97236050657,151.32359032018638,92,452,0.286216847826087,0.12681454085576818,1.1368683772161603e-13,27113.67441316203,583406.2423926286,-22124.765972870806,13123.725061800616,0.0,0.0,-42650.857591517015,-76149.35068164366
2019-08-19,-4366.845842023821,-1515.2173913043346,110797.49120529274,156.9526968761154,92,455,0.3081190217391304,0.09254861900623308,1.1368683772161603e-13,6599.158092190547,627867.7032310705,1033.492680968281,-5400.338522992102,0.0,0.0,-32223.17134022312,-59922.54414154631
2019-08-20,-21919.84423504491,-7045.652173913044,116944.6952447278,147.29871681004295,92,452,0.30983967391304346,0.0925151481200097,-8.526512829121202e-14,-27317.633191501147,629830.8327824096,-9510.493559667562,-12409.350675377349,0.0,0.0,-51303.316763036906,-80539.49057421886
2019-08-21,-6947.840433688132,6573.913043478262,114171.67036589635,176.38693204336795,92,459,0.2959266304347826,0.09053716896990016,2.842170943040401e-14,80627.26825461794,606024.750153796,3574.9134529983453,-10522.753886686478,0.0,0.0,-35667.144957205586,-64210.06254867967
2019-08-22,20170.958398922277,18310.10869565218,140726.2162025778,172.31293607223603,92,457,0.30150326086956525,0.09794976503830963,-8.526512829121202e-14,22233.508358066836,616323.637531441,41450.99735706016,-21280.038958137884,0.0,0.0,-15182.90858779441,-50364.46263843887
2019-08-23,2073.823155839522,-1428.0434782608845,138754.26642091692,152.65720113244186,92,455,0.3310289673913044,0.12364058186788142,1.1368683772161603e-13,110042.45808283522,676886.850257224,-12952.604243476024,15026.427399315546,0.07608695652173914,0.07608695652173914,-32767.40065052215,-67455.96725575138
2019-08-26,1708.8950936967922,8218.863636363643,161650.98838410465,186.1539754019949,88,432,0.29635909090909096,0.12481325113382398,2.842170943040401e-14,274261.66027573915,608822.3059966156,3818.098679861841,-2109.2035861650484,0.0,0.0,-38890.005977731365,-79302.75307375753
2019-08-27,2793.4800952413934,1877.9069767441922,166064.36113957438,163.8930351820454,86,430,0.3045577906976744,0.13218966332800758,-1.4210854715202004e-13,-132049.5818951353,621658.5871386457,-5247.0445852036255,8040.524680445019,0.0,0.0,-38886.50322483425,-80402.59350972784
2019-08-28,335.1415744974919,8530.232558139536,141422.4105024971,214.09363445550193,86,427,0.28885,0.113771539167616,-1.1368683772161603e-13,37317.07482768579,597754.5795788157,-11150.389929414741,11485.531503912232,0.0,0.0,-35234.55468558228,-70590.15731120657
2019-08-29,9593.724982321255,11750.000000000004,166026.64488697337,186.9813558586536,88,432,0.2791522727272727,0.12341555672169453,2.842170943040401e-14,4686.54491400022,573386.9019368254,1438.7806976668985,8154.944284654356,0.0,0.0,-32099.91759528074,-73606.57881702407
2019-08-30,6420.036906481089,1743.023255813965,172759.37283623096,243.72320689939943,86,427,0.2669383720930233,0.1384451833048282,-2.842170943040401e-14,-218937.3983046129,559418.1450333196,7672.355264742384,-1252.3183582612942,0.0,0.011627906976744186,-37013.52950947605,-80203.37271853379
2019-09-03,-14267.48962613268,-14563.953488372092,181564.5984458767,131.1251665406758,86,425,0.28546627906976746,0.12385343503082721,5.684341886080802e-14,-53270.029602947885,579241.4933358772,-5542.1589299971365,-8725.330696135545,0.0,0.011627906976744186,-59789.76440414253,-105180.9140156117
2019-09-04,-3831.643363854244,740.9090909090938,161848.43591191413,135.90836666053045,88,434,0.27579375,0.13827266707643004,-2.5579538487363607e-13,-81558.98575283046,560429.3388816247,-1237.8856784956347,-2593.757685358609,0.0,0.0,-44429.660708493306,-84891.76968647185
2019-09-05,-2769.6287733816876,-3121.590909090911,120203.5578814504,155.08016595268847,88,431,0.25012386363636363,0.11902270012698174,0.0,-9669.180988898574,512211.7715034548,-6298.066238523738,3528.4374651420508,0.0,0.0,-32975.59840969698,-63026.487880059576
2019-09-06,-4196.247067325632,-2226.7441860465087,110568.81682204003,151.0643861336433,86,428,0.2547139534883721,0.11422626567694055,1.4210854715202004e-13,-28837.195839963282,520460.8259253106,2285.5534473258313,-6481.800514651463,0.0,0.0,-31989.51565896928,-59631.71986447929
2019-09-09,-754.4384365287167,136.04651162790282,135407.70122142715,162.91528611579352,86,430,0.2544,0.12088421880708378,-8.526512829121202e-14,71318.56781103225,522828.8435960434,8132.718382699233,-8887.15681922795,0.0,0.0,-34769.2790280013,-68621.20433335808
2019-09-10,-2132.750358181531,-4442.045454545453,137041.78562527764,171.7002931543964,88,432,0.2638659090909091,0.1254073588376963,-8.526512829121202e-14,-46818.713429660405,541785.4105048785,-3875.81447664961,1743.0641184680794,0.0,0.0,-36564.89705765534,-70825.34346397474
2019-09-11,-4251.247435347752,-386.3636363636341,147851.6670474998,182.4192828592379,88,431,0.2632073863636364,0.12852765614631326,2.842170943040401e-14,-29455.838177632057,540325.9274596357,-6384.270254826331,2133.0228194785795,0.0,0.0,-41396.583480081936,-78359.50024195689
2019-09-12,-4081.594199975791,-13190.697674418594,140230.83560435797,171.11596226333606,86,427,0.2572220930232558,0.13614127923613648,1.4210854715202004e-13,99714.32013383716,528453.0351183822,-8400.58944422728,4318.995244251489,0.0,0.0,-39310.41906332862,-74368.12796441812
2019-09-13,-19158.617651661596,-8826.363636363634,118480.16710585263,164.86759754479527,88,432,0.2548681818181818,0.11748969030017843,0.0,-158128.6207847929,521259.09087153006,2976.488582661454,-22135.10623432305,0.0,0.0,-48943.52702566955,-78563.56880213271
2019-09-16,-3040.0607656410607,-2157.9545454545537,109432.89932341478,228.7782734140811,88,433,0.26574602272727277,0.09963493249979714,2.842170943040401e-14,-128481.92213777146,553716.2732455311,-1021.4086987748133,-2018.6520668662474,0.0,0.0,-30627.063869908838,-57985.288700762525
2019-09-17,2372.4384095401224,1446.5909090909022,114586.57736286032,247.62858409919352,88,433,0.2817863636363636,0.10372703866071192,0.0,-70368.67420908289,587005.6244754324,-3626.76536129376,5999.203770833883,0.0,0.0,-26521.834515274153,-55168.478855989226
2019-09-18,1942.6188087616315,-1361.6279069767434,111869.14158184736,215.34230553642985,86,429,0.28584651162790703,0.09366543206458831,0.0,-251953.20929065434,589898.3877931123,-6388.925651185205,8331.544459946836,0.0,0.0,-26240.008892236638,-54207.29428769848
2019-09-19,4215.453241975467,1850.1136363636401,121547.0396386987,222.49982196191812,88,432,0.27284039772727275,0.10173041679149047,-1.1368683772161603e-13,-329700.9643208906,562975.9950207559,3057.155496277309,1158.2977456981575,0.0,0.011363636363636364,-26393.80648966113,-56780.566399335796
2019-09-20,-368.0131020938071,-7219.767441860464,115711.04444230636,233.26941191644482,86,427,0.26564767441860465,0.11374066361292284,-1.9895196601282805e-13,-387887.7940260755,548238.8540563115,-9264.60053382412,8896.587431730311,0.0,0.0,-29529.04362458684,-58456.80473516343
2019-09-23,7386.517152193083,9993.023255813963,170947.8553253849,238.72252206511905,86,426,0.26670872093023257,0.14573873093096423,2.842170943040401e-14,-383532.18376627483,554839.7726508343,11107.165656033238,-3720.6485038401534,0.0,0.0,-35589.16920121826,-78326.13303256448
2019-09-24,-1051.0070912918288,-608.3720930232571,189557.3719246943,220.39260654209838,86,429,0.2770098837209302,0.14870659436222727,5.684341886080802e-14,18555.52896976546,573489.3016067347,-4786.776115116088,3735.7690238242585,0.0,0.0,-48660.742679007504,-96050.08566018108
2019-09-25,-227.04128547195415,-2234.4186046511613,146898.46217001084,175.58287938204862,86,425,0.27751058139534884,0.12568143342252275,-1.1368683772161603e-13,-358283.8481227526,565091.5010552548,-1386.0985482676642,1159.0572627957104,0.0,0.0,-37127.23970735671,-73851.85524985942
2019-09-26,5993.80041423393,3714.0697674418675,157675.30821640402,242.1539418417898,86,428,0.2733022093023256,0.13320312335777904,2.842170943040401e-14,-551405.9763779092,563695.0048617702,2808.7978621524126,3185.0025520815175,0.0,0.0,-33667.18058170887,-73086.00763580987
2019-09-27,4520.668113414635,112.20930232557637,179298.5338165691,300.36041138689023,86,426,0.2808381976744186,0.15042611816858864,0.0,-327654.19201876456,589898.1928089294,-12888.437995361437,17409.10610877607,0.0,0.0,-40604.325752114535,-85428.95920625681
2019-09-30,-7663.549682342077,-7012.826086956521,168793.5438042924,98.44672887173101,46,225,0.3140984782608696,0.14137033061761903,0.0,-74388.90668520748,631606.0972333993,4436.5073678479175,-12100.057050189995,0.0,0.0,-49960.3823622869,-92158.76831336001
2019-10-01,390.59623504019135,-2968.7500000000055,149040.57785973253,92.16589723252781,48,231,0.30600520833333333,0.11949429595871386,0.0,398.3808877977508,614463.3281834004,20964.15123547204,-20573.555000431847,0.0,0.0,-36961.71412712547,-74221.85859205859
2019-10-02,-1020.473148815609,-224.54545454545638,159751.40967387756,127.16858004750647,88,433,0.31805136363636366,0.11382822133393278,2.842170943040401e-14,-13139.697286131941,642961.2751622368,-7948.363449195443,6927.890300379833,0.0,0.011363636363636364,-41085.49414733251,-81023.3465658019
2019-10-03,61.96357617997503,-1303.6363636363621,157277.6812511014,131.85562964715737,88,435,0.3067886363636364,0.12204766952117256,-8.526512829121202e-14,-61839.34652182159,621876.0180353989,-9830.76769448512,9892.731270665094,0.0,0.0,-39389.312366242535,-78708.73267901788
2019-10-04,-1688.9997702347264,-3587.2727272727216,138987.34301369663,137.52238768095253,88,433,0.29711886363636364,0.11438461515498816,-5.684341886080802e-14,-62711.310698039466,602829.6020318739,-7122.208010870483,5433.208240635757,0.0,0.0,-36573.35791133984,-71320.193664764
2019-10-07,-6168.22394929608,-6270.930232558127,144482.42927647068,115.56380468839335,86,428,0.31279883720930235,0.10587364287466787,-2.842170943040401e-14,-129666.03968027691,631962.9299258058,11731.777973279583,-17900.001922575662,0.0,0.0,-42404.39507310214,-78525.00239221982
2019-10-08,2408.674419245164,295.34883720929156,157377.1618125173,115.7655097340074,86,428,0.33177267441860464,0.10679744265491717,2.8421709430404007e-13,-32862.093050483825,670372.8244406488,-2958.9651799459566,5367.63959919112,0.0,0.0,-37051.38154361817,-76395.6719967475
2019-10-09,2437.513956306854,-231.81818181818636,143127.7154916565,149.96929359437306,88,432,0.30417500000000003,0.11074353546988475,5.684341886080802e-14,-135421.52356944012,620974.4839380943,-3122.251979069335,5559.765935376189,0.0,0.0,-33494.38421020165,-69276.31308311578
2019-10-10,1957.401607537148,572.7272727272748,174539.05250982178,150.9557660400358,88,433,0.3087477272727273,0.10361266715539147,8.526512829121202e-14,-160135.91053580586,628838.7220923406,-2370.99438859019,4328.395996127338,0.0,0.011363636363636364,-41828.317285958336,-85463.08041341377
2019-10-11,-5382.802291770121,-10163.095238095246,157987.20250677766,150.7703509297027,84,419,0.3038392857142857,0.15452257133329714,0.0,-177151.651693663,619328.4679578952,-16706.800453097916,11323.998161327794,0.0,0.0,-45030.373269394244,-84527.17389608864
2019-10-14,283.7204779525249,-3403.4090909090987,106041.51779952667,203.6716421777585,88,435,0.2990994318181818,0.08861964885607541,-2.842170943040401e-14,-356530.6689990089,613889.4838397261,-7617.9692723164035,7901.689750268929,0.0,0.0,-26430.330614106904,-52940.71006398857
2019-10-15,-728.0359157586538,-2998.8636363636315,99479.05410659022,247.39005710460705,88,433,0.2772727272727273,0.0873462909191754,1.7053025658242404e-13,194842.2214538296,577082.927549706,-1312.4595829289217,584.4236671702678,0.0,0.0,-25845.189499510816,-50714.95302615838
2019-10-16,1068.41271845094,290.9090909091004,99419.41177115554,204.23392490906355,88,432,0.29411477272727277,0.0815242318321882,2.842170943040401e-14,71808.13389206798,603444.6739122368,-7246.813589537488,8315.226307988429,0.0,0.0,-23990.674149247006,-48845.527092035896
2019-10-17,-13.39060996837037,-4900.0000000000055,95517.13019662125,233.01636169265794,88,431,0.2829051136363636,0.08136236940316183,2.842170943040401e-14,-112699.17538302195,585649.605037268,7899.62169833815,-7913.012308306521,0.0,0.0,-24125.68952081634,-48004.972069971656
2019-10-18,-3590.987832409592,-12738.636363636362,97793.54458181445,251.34333541485762,88,435,0.2944125,0.08195321819393732,0.0,-187968.81779051715,611280.0760094947,-1290.924425538838,-2300.0634068707536,0.0,0.0,-28290.717313278063,-52739.103458731675
2019-10-21,-1560.1360326802512,-436.0465116279118,124689.07227211529,165.67546357210705,86,429,0.29247093023255816,0.10279301124895368,1.4210854715202004e-13,84950.45729763576,597381.5145333288,3420.045279315308,-4980.18131199556,0.0,0.0,-32898.07956428118,-64070.347632310004
2019-10-22,756.8856745988946,-2882.9545454545528,121038.16776409102,184.0948176985351,88,431,0.29796193181818187,0.09404730724355988,1.1368683772161603e-13,-22041.509153749786,608089.6555641595,-3697.0839920673325,4453.969666666228,0.0,0.0,-29686.751084122396,-59946.29302514515
2019-10-23,-3407.797417952076,-1420.930232558141,114739.5389276045,217.3386414457109,86,428,0.2815755813953489,0.10088633603445861,2.842170943040401e-14,-54681.880482975525,580159.3186254444,-3855.5907251921235,447.7933072400472,0.0,0.0,-32310.020791298914,-60994.90552320004
2019-10-24,-8174.036840898526,5981.395348837203,119457.59619151802,175.6755455594268,86,430,0.29176918604651164,0.10172098511361731,1.9895196601282805e-13,-181606.90684420525,596988.0100232216,-847.1129128958577,-7326.923928002669,0.0,0.0,-38214.11143433746,-68078.51048221697
2019-10-25,2778.826844058137,-11643.023255813954,110233.03187181005,249.69131725693094,86,430,0.2793901162790698,0.09744611545133965,-3.126388037344441e-13,29587.768739741216,579749.2039801707,-2385.298628728618,5164.125472786755,0.0,0.0,-25029.122441151303,-52587.38040910382
2019-10-28,7037.093460097491,9213.695652173907,128009.20998713443,92.7554484001416,46,229,0.2991296739130435,0.10589809647344214,-1.7053025658242404e-13,-128238.4566934776,600988.1411209198,-1955.9774754618218,8993.070935559312,0.0,0.0,-25057.964485086257,-57060.26698186986
2019-10-29,8488.66490651168,8576.08695652174,115396.01530170173,101.68063064793182,46,230,0.27842173913043483,0.09228986475025489,-1.1368683772161603e-13,20505.799318351317,559849.2321157453,2147.795692207117,6340.869214304563,0.0,0.0,-20462.019549561683,-49311.02337498712
2019-10-30,537.5448143730405,7820.833333333315,142120.9011769632,92.20524230732742,48,231,0.3035614583333333,0.10341236373027239,-1.7053025658242404e-13,-101756.75870056378,610205.091827183,1494.2444967615247,-956.6996823884853,0.0,0.0,-35084.88572217509,-70615.11101641589
2019-10-31,-4422.039771127941,-7628.043478260874,158175.65436156082,111.46131083118726,46,228,0.308870652173913,0.10406376110731023,1.7053025658242404e-13,3953.4145994723276,621117.7950546072,1938.0181147606572,-6360.057885888598,0.0,0.0,-44077.41467234934,-83621.32826273954
2019-11-01,-33857.73731506274,-16749.16666666667,155448.18821081973,90.65736076766727,48,231,0.32351104166666667,0.11881199097418066,0.0,-135369.05439332259,650067.3538466209,4738.0651750664265,-38595.802490129165,0.0,0.020833333333333332,-72810.44172853534,-111672.48878124027
2019-11-04,8901.935961265597,11339.583333333345,127168.38836794847,97.95937523162088,48,232,0.32206875,0.09323862126663497,5.684341886080802e-14,-94689.02723543091,646951.625800418,2295.7559360832934,6606.180025182307,0.0,0.0,-22988.120505953142,-54780.21759794026
2019-11-05,4828.0130309704555,7210.416666666675,130267.75661419072,92.48325949459625,48,234,0.31031145833333335,0.10124658213701389,5.684341886080802e-14,-23789.699510272305,623369.8026080851,-2298.683308774234,7126.696339744689,0.0,0.0,-27831.40938207182,-60398.3485356195
2019-11-06,-8025.552842852701,8535.113636363632,143855.5916434257,139.58143111641655,88,434,0.29076193181818183,0.11132337660178906,1.4210854715202004e-13,52375.712245771734,590704.2602846082,1117.783533523407,-9143.33637637611,0.0,0.011363636363636364,-44129.03218482554,-80092.93009568196
2019-11-07,16829.654828947747,17198.977272727276,143496.17694055455,151.05627741173834,88,434,0.28147221590909094,0.12900308178153608,-5.684341886080802e-14,31513.018299979874,573348.1944370016,-1404.39462128266,18234.049450230406,0.0,0.0,-19195.44568360263,-55069.48991874126
2019-11-08,-7135.787328076911,-13122.727272727276,135387.39884150613,153.39227310607282,88,434,0.27532045454545456,0.1102310855779025,1.4210854715202004e-13,-9956.240127251604,561355.1256916712,-8723.965293620939,1588.1779655440278,0.0,0.0,-41136.02931155952,-74982.87902193605
2019-11-11,-6737.510851122961,8218.181818181823,118047.04989574115,147.12203408138814,88,433,0.2830852272727273,0.09988083159297938,-2.842170943040401e-14,27840.802291975757,575402.1983518731,-3778.25136989248,-2959.259481230481,0.0,0.0,-36396.395359139635,-65908.15783307492
2019-11-12,2982.3855694093895,-821.59090909091,146226.7666611548,153.1333028090025,88,434,0.28019261363636366,0.11422723236547294,1.1368683772161603e-13,70577.3030077157,570749.0211560336,2794.4933889511813,187.89218045820846,0.0,0.011363636363636364,-33727.439398688315,-70284.13106397701
2019-11-13,6573.258837648607,9220.454545454548,123910.227085921,135.16832818763876,88,431,0.2844119318181818,0.1095913978140206,5.684341886080802e-14,-14803.617314075724,576330.1972042104,-1415.569633460247,7988.8284711088545,0.0,0.0,-24539.466262019283,-55517.02303349953
2019-11-14,545.3017815112274,-2369.318181818185,140722.20935926438,147.58057815722358,88,432,0.2746375,0.11117320926898958,-5.684341886080802e-14,103113.27902570242,558625.8550506113,-5193.428454881728,5738.730236392955,0.0,0.0,-34782.8311364621,-69963.38347627819
2019-11-15,-323.2234313430796,-8189.772727272725,130959.22793840361,146.34294785435233,88,431,0.26782670454545454,0.13982351521790934,5.684341886080802e-14,-35754.968040374115,543943.024416775,-367.1742459441841,43.95081460110441,0.0,0.0,-33209.37336379834,-65949.18034839924
2019-11-18,-7127.101608468655,2332.1590909090805,97444.32626459164,181.20839110103597,88,436,0.2706954545454546,0.10142440518708638,-5.684341886080802e-14,207496.41762128647,555202.2677083326,5252.154300598076,-12379.255909066731,0.0,0.0,-31669.391565717604,-56030.47313186551
2019-11-19,-6067.451215434961,770.0000000000068,90356.41807762637,193.63492437690238,88,437,0.27644704545454546,0.08427086225528911,1.9895196601282805e-13,87041.39368707757,567084.0208202457,3347.340224548534,-9414.791439983497,0.0,0.0,-28850.190659218457,-51439.29517862504
2019-11-20,3722.339103032803,1543.1818181818207,101580.98546192425,219.73505300700836,88,435,0.27917102272727273,0.09178843190801277,2.8421709430404007e-13,-351018.2797660685,576561.8535024149,3047.6344378676813,674.7046651651218,0.0,0.0,-21892.64231545527,-47287.88868093633
2019-11-21,-6956.603738385538,-4603.4090909090955,137340.5049008588,242.93344698147467,88,436,0.2762511363636364,0.09402281039264913,1.7053025658242404e-13,-34310.8032546086,572268.7599313579,-6783.411159024063,-173.19257936147335,0.0,0.0,-41534.66341058171,-75869.78963579642
2019-11-22,870.1660053628584,-6368.181818181824,108260.28424659825,219.861329230893,88,437,0.2666170454545455,0.10526788264030458,8.526512829121202e-14,-194235.54237245893,552166.5933389736,-9022.609780600478,9892.775785963337,0.0,0.0,-26414.7663855176,-53479.83744716716
2019-11-25,-6358.546379753634,2573.863636363643,143635.10318969324,192.62924439393274,88,431,0.2620420454545455,0.12409289576986439,2.2737367544323206e-13,-62137.59256955396,535909.6078713407,-716.3542372815355,-5642.1921424720995,0.0,0.011363636363636364,-42459.95142157088,-78368.72721899419
2019-11-26,5365.92699037958,5726.04651162791,122156.68464938269,241.7637803254785,86,430,0.2470139534883721,0.12636368644110452,-2.842170943040401e-14,-71145.82663940794,513039.96344958025,20.77057612169891,5345.156414257881,0.0,0.0,-25415.007952291573,-55954.17911463724
2019-11-27,6423.519051343367,2744.418604651167,135985.13206401656,313.6477275958482,86,429,0.2344379069767442,0.1300464976037896,-5.684341886080802e-14,-212392.24494591364,497651.08283670346,1874.0728198675822,4549.446231475785,0.0,0.0,-27886.411692256625,-61882.69470826076
2019-11-29,5319.450997641763,3674.999999999999,136299.9096715912,286.64028819632364,88,432,0.2523011363636364,0.14614010868082297,0.0,11817.346904228474,528737.0730467184,4885.801099733458,433.6498979083053,0.0,0.0,-29042.166708452358,-63117.144126350155
2019-12-02,-3023.020991370795,-1745.8333333333278,90985.20969004821,115.85166910766678,48,233,0.2715979166666667,0.08987405785594967,-1.1368683772161603e-13,-13705.318296877253,546387.4692430831,8481.593684290534,-11504.614675661329,0.0,0.0,-25885.175082990514,-48631.47750550257
2019-12-03,7739.704757490948,4799.999999999998,91456.65536048092,99.68153254373594,48,234,0.28661875,0.07581763044021526,1.7053025658242404e-13,-39120.60306543948,576335.6024711499,-5090.09238047027,12829.797137961217,0.0,0.0,-15224.140615173017,-38088.30445529324
2019-12-04,12053.716565522944,10301.136363636377,109194.37463181478,163.96026742637176,88,435,0.2550289772727273,0.10498214808547851,0.0,-58507.50617797894,523093.1698425706,-3718.7751699069768,15772.49173542992,0.0,0.0,-15408.837359857122,-42707.43101781081
2019-12-05,-2020.3767537441063,1784.0909090909072,107919.02774531864,166.75095867456952,88,436,0.23695227272727273,0.11620070734802432,1.1368683772161603e-13,-102665.79800914922,488101.5634932369,-8051.016778152348,6030.6400244082415,0.0,0.0,-29166.884648748335,-56146.641585078
2019-12-06,-179.82430412669535,-1071.5909090909115,94507.25396106823,177.82495317033045,88,432,0.22662727272727273,0.10455595760310034,-8.526512829121202e-14,-135315.7211936626,468931.84488523944,-1670.094118289479,1490.2698141627839,0.0,0.0,-23984.46274756408,-47611.276237831145
2019-12-09,-1009.6633181976692,1187.4999999999989,98823.62074554594,192.22496503999744,88,436,0.24716988636363635,0.1009798379045297,0.0,57649.597931494456,512338.90263602685,-1788.0481721521087,778.3848539544396,0.0,0.0,-25907.79346962415,-50613.69865601064
2019-12-10,2717.584765595059,3864.7727272727334,115007.36246183672,152.36853566251025,88,437,0.24912102272727274,0.11279936285443752,-2.2737367544323206e-13,14857.432806487024,511266.17508563865,3234.29194635682,-516.7071807617608,0.0,0.0,-26186.62438552663,-54938.465000985816
2019-12-11,-4582.502085524504,-3926.1363636363594,114016.2010563036,183.93810995447973,88,435,0.24631875,0.11593229472020271,5.684341886080802e-14,-115231.47504891623,508675.12220438,-580.7416589106376,-4001.7604266138665,0.0,0.0,-33270.49045955488,-61774.54072363078
2019-12-12,-4946.850045829369,-2642.0454545454527,113572.8790127425,160.77447155200727,88,433,0.2394846590909091,0.10299484961540067,-8.526512829121202e-14,-131530.1992168981,490789.64275645226,-11825.055059367754,6878.205013538384,0.0,0.011363636363636364,-33500.844270567,-61894.06402375263
2019-12-13,-5040.4117491299285,-5060.227272727282,102131.53877340571,210.64989255426846,88,434,0.23008352272727273,0.11783112669800201,5.684341886080802e-14,39714.14691062974,479679.3647970411,-11690.341339845554,6649.929590715627,0.0,0.0,-30783.946335035627,-56316.83102838705
2019-12-16,2939.3113839574794,2553.409090909096,88165.93623973077,270.9380450509481,88,439,0.23121704545454547,0.09252685792791394,1.7053025658242404e-13,-292074.3341509647,488600.58716529695,524.625032322297,2414.6863516351823,0.0,0.0,-19373.11072102616,-41414.594780958854
2019-12-17,-111.7911265304914,3237.4999999999923,79333.86999719393,267.1305474427324,88,435,0.22527386363636365,0.09023980736697686,5.684341886080802e-14,-297100.57590606227,471042.25242326135,161.95952342722353,-273.75064995771487,0.0,0.0,-20212.389173271706,-40045.8566725702
2019-12-18,-3563.197552217644,6469.318181818177,84865.04499253101,283.1860651068079,88,437,0.22154659090909093,0.09316419275962978,5.684341886080802e-14,-325301.5735744545,466608.1154839626,-2391.9260750837766,-1171.2714771338674,0.0,0.011363636363636364,-25062.644865457205,-46278.906113589954
2019-12-19,-317.36974710284363,5315.909090909094,88302.85971968035,292.5747060208373,88,434,0.21391420454545457,0.0965817662734832,-2.842170943040401e-14,-215302.31523377745,454047.6065867472,-4978.94686984816,4661.577122745316,0.0,0.0,-22685.659383043767,-44761.37431296385
2019-12-20,-311.5793731928329,-2725.7954545454545,81929.9656874769,302.04108640653266,88,432,0.2085011363636364,0.10221022165470782,-8.526512829121202e-14,110858.80258792208,445550.6775284507,-6840.805747839192,6529.226374646359,0.0,0.0,-21096.11188146859,-41578.60330333782
2019-12-23,320.0461757299563,-877.9069767441804,106469.21959119465,276.2817036379445,86,429,0.21519534883720934,0.11777476488760819,0.0,-135538.64964975504,455009.6186830104,2316.067379006984,-1996.021203277028,0.0,0.011627906976744186,-26573.54042570665,-53190.84532350531
2019-12-24,-2655.5628648301713,-3405.8139534883803,111823.85601028407,200.15871751441694,86,430,0.2303418604651163,0.11486719128550894,5.684341886080802e-14,-445946.4536005301,475090.92599474476,-5822.356642101549,3166.7937772713785,0.0,0.0,-30811.685584915605,-58767.64958748662
2019-12-26,1964.7377044625189,1619.6511627906982,131542.03595181144,255.19986500336313,86,428,0.22452616279069765,0.13948754780773973,2.842170943040401e-14,-493029.19839216117,471294.8560424304,827.596219290726,1137.141485171793,0.0,0.0,-31175.971148493707,-64061.48013644657
2019-12-27,2317.560626693269,-696.3953488372133,120198.07260267877,344.3760073766362,86,425,0.22723377906976744,0.12867484028940174,-1.1368683772161603e-13,-545888.966291119,493865.1548465222,-6878.75092906693,9196.3115557602,0.0,0.023255813953488372,-28076.33353135306,-58125.85168202276
2019-12-30,1797.4340957900074,128.26086956522488,91329.8517052863,94.65344366753824,46,228,0.2584804347826087,0.08458469923468508,2.8421709430404007e-13,11476.498193448162,519396.64708222746,-2588.0082318291697,4385.442327619177,0.0,0.0,-21129.68227419911,-43962.14520052068
2019-12-31,-8637.895094112275,-11497.826086956517,104651.04621469283,93.89945793621908,46,226,0.26389565217391303,0.10045189749039679,0.0,23123.633213213994,530157.8752049501,-3734.6817557948484,-4903.213338317426,0.0,0.0,-34894.5561057217,-61057.31765939491
2020-01-02,2272.517555783715,-1419.5652173913004,101788.43006648889,85.24864054943926,46,230,0.25841195652173915,0.09811892797789042,-5.684341886080802e-14,-99981.06794765595,518670.3380659236,3543.993329004258,-1271.475773220543,0.0,0.0,-23259.838601387946,-48706.94611801017
2020-01-03,6915.5309042515455,-1869.5652173913074,94728.14780189219,93.34132234444604,46,227,0.2716652173913044,0.09955766229700726,-1.1368683772161603e-13,-2708.7454277138695,546240.1939904251,-3299.4598718405473,10214.990776092092,0.0,0.0,-16859.847368565952,-40541.884319038996
2020-01-06,21153.17693419818,-12754.347826086958,116843.19168527189,91.59439370438938,46,229,0.26947934782608696,0.11290599192824452,5.684341886080802e-14,13094.358197596799,541389.8730782807,27135.21021841759,-5982.033284219405,0.0,0.0,-8149.215380824179,-37360.01330214215
2020-01-07,691.2637066922034,-1143.7500000000143,130369.14079303319,105.15858022143487,48,231,0.285221875,0.08929795222038661,-5.684341886080802e-14,-115167.39742143304,574104.9066584514,-1273.684823861085,1964.9485305532885,0.0,0.0,-32006.18007178753,-64598.465270045825
2020-01-08,499.390649099542,-2030.8139534883746,116547.74750182214,123.42767595592885,86,423,0.26184186046511626,0.12865124240723586,1.4210854715202004e-13,-158668.48560733246,530964.8151732034,-6983.363118998941,7482.753768098482,0.0,0.0,-28760.973902311922,-57897.91077776746
2020-01-09,427.249085658248,-1508.5227272727327,109790.23904551638,128.25193991651923,88,432,0.25981136363636365,0.09935131167915068,-8.526512829121202e-14,2779.3638719884666,526367.810576873,-3049.0983087348336,3476.3473943930817,0.0,0.0,-27148.562615637366,-54596.122377016465
2020-01-10,4602.330439592015,-1242.2727272727345,93239.81699011305,130.05194769760618,88,432,0.2653930681818182,0.09190347289883247,0.0,-77146.53994065236,540284.8427575976,-2248.2649203692476,6850.595359961263,0.0,0.0,-18837.675755633853,-42147.630003162114
2020-01-13,-107.55955383382488,-186.02272727272526,103244.6499806873,139.57744614218984,88,434,0.26084482954545457,0.08890755534239285,0.0,-227142.9806684399,531805.293889995,2530.2554303097786,-2637.814984143604,0.0,0.0,-26058.29949514784,-51869.461990319665
2020-01-14,5476.037019598853,3721.59090909091,109090.75975431148,149.33086782731772,88,434,0.26078920454545457,0.10433601472970498,-1.4210854715202004e-13,-290196.3530213825,531252.4218839675,1398.2949343689875,4077.7420852298646,0.0,0.0,-21945.983786806333,-49218.67372538421
2020-01-15,2912.1771879821576,2510.4651162790624,125293.71132312133,156.40490120439256,86,429,0.25081453488372096,0.10843302217064046,-5.684341886080802e-14,35329.066933431815,511689.085484442,-3851.9561646321376,6764.133352614295,0.0,0.0,-28567.65554400257,-59891.083374782895
2020-01-16,2340.7783336612624,-1067.0454545454556,115296.45574855052,141.47970787742702,88,432,0.24915227272727272,0.11225764154294024,2.842170943040401e-14,-107163.18044519065,507342.9475548674,-4074.8404557149356,6415.618789376198,0.0,0.0,-26624.815311353796,-55448.929248491426
2020-01-17,2780.1999217274165,-10013.953488372099,97247.03188309907,144.42164548021998,86,428,0.24464709302325582,0.10648271825344795,8.526512829121202e-14,-15262.380375676845,496307.63367028354,9995.321655238075,-7215.121733510658,0.0,0.0,-21675.97969452757,-45987.737665302346
2020-01-21,-260.7646837699254,-1468.1818181818219,73903.78041452072,138.47716520378478,88,437,0.26384318181818184,0.07481114049103646,2.5579538487363607e-13,27508.83716259428,534363.282918939,-3406.7963227518467,3146.031638981921,0.0,0.0,-18875.18695260389,-37351.13205623407
2020-01-22,-2388.4498496653987,1267.0454545454654,68628.44549937101,156.05636721982845,88,436,0.2543176136363636,0.06964531639380524,-5.684341886080802e-14,69958.78868638126,518182.1685117125,7188.8386590492355,-9577.288508714633,0.0,0.0,-19701.61759172798,-36858.72896657073
2020-01-23,2470.702235803209,684.0909090909166,75709.59479511094,181.48498951358383,88,434,0.25231477272727276,0.07844450494777318,2.5579538487363607e-13,195647.5666460528,518662.66416933626,10718.69954070994,-8247.99730490673,0.0,0.0,-16638.181452488112,-35565.58015126584
2020-01-24,-2287.785576856471,-7080.68181818183,87171.42196076318,211.20736594828074,88,437,0.2679289772727273,0.08565323204148727,0.0,-183650.29746581163,552720.4095785142,16049.24466723467,-18337.03024409114,0.0,0.0,-24291.848432995546,-46084.70392318634
2020-01-27,468.5958767624311,3293.1818181818317,116392.41194225584,217.2535196314171,88,436,0.2782579545454546,0.09899408230410543,2.842170943040401e-14,-4271.752550241473,577105.5782565409,-11462.143200325068,11930.739077087499,0.0,0.0,-28846.760628432945,-57944.86361399691
2020-01-28,6333.13204018656,11593.181818181816,98670.77777759416,205.45972516997148,88,433,0.25010227272727276,0.09822152181233207,-1.1368683772161603e-13,-183741.31791840427,513563.40351299435,-464.880615415941,6798.012655602501,0.0,0.0,-18540.022129381952,-43207.7165737805
2020-01-29,10313.29668958003,11261.363636363634,117797.36127371268,210.8265473308648,88,432,0.25852727272727277,0.10383932785442945,-2.5579538487363607e-13,-218678.4017749681,534028.5589352536,4675.446401895994,5637.850287684035,0.0,0.0,-19346.870176179007,-48796.21049460718
2020-01-30,564.9573765796929,188.37209302325934,148405.85643920448,235.81177754480166,86,430,0.2519529069767442,0.1215401697009334,-2.842170943040401e-14,-1086.2497236700174,523163.85603731236,27065.313978770384,-26500.35660219069,0.0,0.0,-36772.31851076623,-73873.78262056735
2020-01-31,-103.0790441484877,-7027.380952380954,137258.21415735024,231.95042563159348,84,419,0.2782672619047619,0.1435695561584089,1.7053025658242404e-13,96739.7632493473,574596.4774372098,-9686.821197408994,9583.742153260506,0.0,0.0,-34649.58300911764,-68964.13654845521
2020-02-03,19118.07853172217,20328.260869565212,138699.32952677293,78.89812455192852,46,230,0.29886195652173914,0.10377913990411194,0.0,-44715.076925810965,599380.1505260229,-1522.0745497488915,20640.153081471064,0.0,0.0,-15635.651974522989,-50310.48435621622
2020-02-04,-10340.80485165104,-734.7826086956447,148440.19612529394,83.9616309034491,46,229,0.28636739130434785,0.11962733062985693,1.7053025658242404e-13,-22484.509468486147,574597.7474629638,4254.422473703919,-14595.227325354961,0.0,0.0,-47534.81551387797,-84644.86454520146
2020-02-05,8736.420241489051,6561.704545454553,126269.16538913213,124.62692755941056,88,431,0.26194096590909094,0.11488991965692873,5.684341886080802e-14,-63483.649718568304,531061.3905411131,173.93883402324468,8562.481407465808,0.0,0.0,-22955.49803335339,-54522.78938063642
2020-02-06,3115.9613309589604,3682.9545454545487,142692.2101278062,155.39822662025082,88,431,0.2662346590909091,0.11709745001891618,0.0,-82671.66598374814,546206.3241902707,7782.885641609888,-4666.9243106509275,0.0,0.0,-32712.48942761284,-68385.54195956439
2020-02-07,-4180.657476446671,-10021.477272727265,132579.89318502793,142.22409018453092,88,431,0.27587062500000004,0.11487681173982187,-1.9895196601282805e-13,-24854.697098004883,562590.3805051215,-6291.319589508072,2110.6621130614003,0.0,0.0,-37467.85486288818,-70612.82815914518
2020-02-10,-8636.047822531307,5642.045454545449,138715.35617877872,153.851652682876,88,435,0.2858096590909091,0.11614127022870205,-1.1368683772161603e-13,-148245.38664511527,583476.6221812175,-3228.4724429637595,-5407.575379567548,0.0,0.011363636363636364,-43468.73851990886,-78147.57756460355
2020-02-11,-3278.72188618343,-2092.0454545454513,129290.27142678256,164.32339027221957,88,435,0.27234943181818183,0.10267196979260075,0.0,139346.8637103603,558480.0760047778,-3236.6326807689925,-42.0892054144378,0.0,0.0,-35765.613133151295,-68088.18098984692
2020-02-12,8169.840265259679,14297.67441860465,132496.98369496653,162.40248677843414,86,428,0.2616773255813954,0.12823824554114688,5.684341886080802e-14,-128489.4766880077,536526.3619377592,1389.0585323175903,6780.781732942089,0.0,0.0,-25116.80814526039,-58241.05406900202
2020-02-13,-2792.512365503998,-2568.1818181818135,128429.60638974188,156.28290945393888,88,431,0.2645755681818182,0.12371844827329147,0.0,-173204.3854501976,540001.6778924686,-6567.227891569658,3774.71552606566,0.0,0.0,-35056.19687239341,-67163.59846982887
2020-02-14,7366.007350059702,1477.2727272727343,136686.31494672716,170.6432852558525,88,434,0.2678289772727273,0.1191362095257949,-2.842170943040401e-14,-140397.290162079,548156.1979890737,-882.9205795610546,8248.927929620757,0.0,0.0,-26976.21467187794,-61147.79340855973
2020-02-18,3442.4630788598215,4411.363636363638,102643.73728632632,228.87889222278682,88,432,0.27265795454545455,0.10224456169201995,1.7053025658242404e-13,-92249.9341263424,566749.0666845553,-988.0952636048457,4430.5583424646675,0.0,0.0,-22447.350134944543,-48108.28445652612
2020-02-19,3914.392552605426,9177.272727272722,116110.00070092297,261.44541995174933,88,434,0.27599147727272727,0.09450188394091187,-1.4210854715202004e-13,-92659.03483832069,575918.94490665,4309.429883934735,-395.03733132930927,0.0,0.0,-25374.553042577067,-54402.053217807814
2020-02-20,6268.164063892129,4933.7209302325655,105907.13443864358,257.70767831746775,86,430,0.2732116279069768,0.10353455366682755,0.0,-337664.297085761,570495.6311359502,16333.793864445139,-10065.62980055301,0.0,0.0,-20466.32722408623,-46943.11083374713
2020-02-21,-4986.514085593258,-9574.999999999993,130170.29767777525,227.49364193359193,88,435,0.2828130681818182,0.10819436590910113,2.842170943040401e-14,-422612.49306471756,586259.224692102,31221.40037045942,-36207.91445605268,0.0,0.0,-37756.582146970664,-70299.15656641447
2020-02-24,-364.34670521341275,3306.976744186039,208951.96640886582,215.94737585765014,86,428,0.3157139534883721,0.12884765664603934,0.0,-128089.06323584206,649477.7576943821,45736.6676363079,-46101.01434152132,0.0,0.0,-52818.28568328752,-105056.27728550397
2020-02-25,3118.0064604647714,197.67441860465092,218279.5660971695,175.36014566041587,86,425,0.35687674418604654,0.1673874865402572,1.1368683772161603e-13,16698.31154359431,727503.9297608908,2304.2540976003124,813.7523628644593,0.0,0.0,-51627.24520948802,-106197.1367337804
2020-02-26,-20031.68936266205,-3472.0930232558103,311941.04538032395,176.0707185253509,86,424,0.3560139534883721,0.12710993257582565,1.4210854715202004e-13,-74656.1753893594,726357.7623277114,78709.69131418676,-98741.38067684881,0.0,0.0,-98193.02142626839,-176178.2827713494
2020-02-27,-34306.814230310156,-34978.20512820514,519303.42136590835,152.11423129630103,78,390,0.46762179487179484,0.23564170707182833,0.0,75482.22256307548,950100.5921966104,78350.53102739225,-112657.34525770241,0.0,0.01282051282051282,-164284.78380308353,-294110.6391445606
2020-02-28,7063.431339029794,19439.999999999996,463455.34003692464,190.57292573197591,80,393,0.5382481250000001,0.23682575876162187,5.684341886080802e-14,-98040.22917510595,1091011.7054155534,-72222.35563284096,79285.78697187075,0.0,0.0,-108990.97659593335,-224854.8116051645
2020-03-02,-28859.584093529596,-17674.999999999996,395336.2782229157,105.38899071339267,44,217,0.40599545454545455,0.2357273415854004,-5.684341886080802e-14,12222.671506355655,815480.0130532108,7318.549943493871,-36178.13403702347,0.0,0.045454545454545456,-127799.04263997193,-226633.11219570084
2020-03-03,22419.374552769776,16950.000000000022,427429.1370731373,108.53653592281577,44,216,0.4679738636363636,0.21622138626009393,-1.1368683772161603e-13,-51738.41068427274,940498.7958384171,-1709.0952781258393,24128.469830895614,0.0,0.0,-84546.44625143736,-191403.73051972166
2020-03-04,-13551.265420480635,-4930.95238095239,408518.9635008302,110.01107736405599,84,414,0.3811738095238095,0.21010953217306524,-2.842170943040401e-14,-13649.077404655462,769012.620516949,89751.87604587305,-103303.14146635369,0.0,0.011904761904761904,-115791.01737305225,-217920.7582482598
2020-03-05,-29466.70065681528,-31523.684210526324,771068.9995075006,124.14030850247035,76,380,0.483675,0.2264478984436419,0.0,6350.750473919942,976411.1519174355,46173.43361742584,-75640.13427424112,0.0,0.039473684210526314,-222358.0908421929,-415125.340719068
2020-03-06,546.1691711483018,27840.689655172442,690691.2790193232,128.93118842032047,58,282,0.5461801724137931,0.28864642131267354,5.684341886080802e-14,-131460.6534692925,1100528.9977166273,118339.97016065876,-117793.80098951046,0.0,0.017241379310344827,-172255.58177210283,-344928.4015269336
2020-03-09,-12352.619938343792,-10418.636363636382,640828.7202113988,144.31419156890726,66,323,0.5914876515151515,0.2887345590593494,0.0,10276.165491780728,1194679.2378523292,-26775.53767292201,14422.91773457822,0.0,0.0,-172704.1141827624,-332911.2942356121
2020-03-10,20998.34619167366,9438.142857142873,782683.4476864118,130.72390390354036,70,341,0.5982064285714286,0.25495414981188724,0.0,27253.934728717973,1207754.57106732,73870.14048634563,-52871.79429467197,0.0,0.014285714285714285,-174803.23963383283,-370474.1015554358
2020-03-11,-49098.57958628039,-71972.90322580645,992952.5924341271,141.52671794554573,62,307,0.803316370967742,0.22442723115324736,-5.684341886080802e-14,-188217.90350526094,1625284.8645409092,178874.77159368884,-227973.35117996924,0.03225806451612903,0.04838709677419355,-297478.2544127577,-545716.4025212895
2020-03-12,32404.97331102241,21835.689655172406,1375419.8204965177,204.18467267268568,58,289,0.9092323275862069,0.2811960348077615,-1.7053025658242404e-13,-142413.5413809259,1839891.5604825264,24912.85237311683,7492.120937905578,0.0,0.0,-311654.16648577974,-655509.1216099091
2020-03-13,-24574.857462031006,-21234.16666666667,1181377.5915743983,144.69847094663643,48,240,0.7221697916666666,0.31661731127205023,1.7053025658242404e-13,-90074.79474244697,1458107.7363265122,204699.27895964147,-229274.13642167248,0.0,0.041666666666666664,-320063.9538265772,-615408.3517201768
2020-03-16,-31950.41552635887,-29865.517241379246,1107177.740602889,214.95672538544665,58,289,1.0689472413793104,0.2549439454450323,1.7053025658242404e-13,-233964.6817241757,2170915.4200261277,-51076.50820907188,19126.092682713013,0.0,0.0,-308959.8074024666,-585754.2425531888
2020-03-17,61454.45267158643,68702.94117647057,1518256.713279406,189.74995373442187,68,335,0.9260036764705883,0.29258618654582474,0.0,-45566.26563547006,1875991.593190818,218858.72131652324,-157404.26864493682,0.0,0.0,-318299.4756019995,-697863.6539218511
2020-03-18,-68800.03518005935,-34255.17241379313,1440497.7285843713,244.40398342661692,58,285,1.147094827586207,0.3054735129749853,1.1368683772161603e-13,-346238.18540052325,2339217.5928024035,-25839.162696678653,-42960.87248338069,0.0,0.0,-429168.87130957877,-789293.3034556716
2020-03-19,108972.5048109057,94228.33333333334,1449086.183375631,233.1402979382925,60,295,1.1396116666666667,0.3013248262466268,5.684341886080802e-14,-259824.09760404902,2321700.248877808,-40527.65517668615,149500.15998759185,0.0,0.016666666666666666,-253532.18133094034,-615803.7271748481
2020-03-20,95275.73797008696,37390.769230769234,1211910.789485337,180.95654711160628,52,255,0.9983146153846154,0.30656560262369736,1.7053025658242404e-13,-241470.02583918537,2029833.0204757743,-39251.53051582592,134527.26848591288,0.0,0.038461538461538464,-207882.91594835886,-510860.61331969313
2020-03-23,101865.0538458392,127868.00000000001,1221952.7034523173,197.23511440305126,50,246,0.874661,0.3045217787821277,5.684341886080802e-14,-202249.97776878852,1770266.4531939144,67317.2757323392,34547.7781135,0.0,0.02,-203820.35713164316,-509308.5329947225
2020-03-24,-23860.19080166359,-18079.999999999985,1203719.3524892512,144.5901014562345,50,243,0.6957000000000001,0.31371732498415456,0.0,11341.605934534098,1404506.1370148016,66996.99268104124,-90857.18348270483,0.0,0.0,-324934.6190254326,-625864.4571477454
2020-03-25,-24239.519561503046,-18744.73684210528,1313498.6011629014,203.12482713470214,38,189,0.8653876315789475,0.3355236839206982,0.0,-194337.98659739085,1750813.675068764,-2431.614209783518,-21807.905351719528,0.0,0.0,-352817.2946793631,-681191.9449700884
2020-03-26,-15265.33945689761,-33854.25000000003,1077414.4074884916,181.6849205995861,40,195,0.7379437500000001,0.33227776770568856,5.684341886080802e-14,-42960.72096843667,1492000.2178900153,5114.357275471491,-20379.6967323691,0.0,0.0,-284800.6262496201,-554154.228121743
2020-03-27,103057.57169682471,65350.00000000002,1178038.3311959116,189.28388772597452,44,216,0.9175729545454545,0.3023431282841278,2.8421709430404007e-13,-359286.1020229221,1863133.6927996895,-26296.45189599572,129354.02359282043,0.0,0.022727272727272728,-191641.29498987916,-486150.87778885703
2020-03-30,60897.66968937572,50507.272727272706,1126442.3570656388,170.94674558377574,22,107,0.8763438636363637,0.29360670684627854,-1.1368683772161603e-13,-259154.86238418767,1783822.0364751397,-17121.581521929027,78019.25121130474,0.0,0.0,-220883.86632261775,-502494.45558902744
2020-03-31,-82360.66991971945,-100505.00000000007,1582935.6770407003,153.40554552258936,20,100,0.8726525,0.31317660612071074,0.0,-187797.11598188462,1767814.2856662222,45093.04790225061,-127453.71782197007,0.05,0.1,-478247.9947254171,-873981.9139855922
2020-04-01,-6778.040597550778,959.0740740740666,909972.4376130702,160.24968922610392,54,266,0.8021518518518519,0.28458992574349523,5.684341886080802e-14,-145380.71939491443,1625990.7991076526,-46291.547412241416,39513.50681469064,0.0,0.018518518518518517,-234431.39969004443,-461924.509093312
2020-04-02,6122.360609175974,4704.44444444444,890319.8235118112,161.70584107683985,54,262,0.7993651851851852,0.275282592232458,1.7053025658242404e-13,-152812.560783252,1620053.0961483212,-16471.804662382878,22594.16527155885,0.0,0.0,-216619.30110985367,-439199.25698780647
2020-04-03,-39264.30610606898,-34320.92592592589,1103459.596313974,156.58312061044649,54,270,0.7332715740740741,0.2914009088183127,-2.8421709430404007e-13,-164059.72010183468,1481916.5304423687,-13862.707317968676,-25401.598788100302,0.0,0.037037037037037035,-315285.78830517293,-591150.6873836664
2020-04-06,8101.557116454618,14045.833333333334,777267.2157707314,134.6735036102255,48,238,0.6252697916666666,0.28174176709027665,-5.684341886080802e-14,-220096.20405806566,1263007.698667347,13308.930989850274,-5207.373873395657,0.0,0.0,-186349.92032983847,-380666.72427252133
2020-04-07,-15599.325898355446,-3365.999999999982,811746.8996896334,164.44583127975852,50,250,0.6611710000000001,0.28710323330248555,1.7053025658242404e-13,-394423.595547659,1340508.3764281005,2761.3874142112004,-18360.713312566648,0.0,0.0,-218700.49665204357,-421637.2215744519
2020-04-08,-7690.648482600987,-7537.499999999988,721187.1764932863,143.46007607440774,56,272,0.6343205357142858,0.24722594420889452,1.1368683772161603e-13,-140941.7704055251,1283295.5084648496,2811.3799402598725,-10502.028422860862,0.0,0.0,-188130.90268199696,-368427.6968053185
2020-04-09,1650.481090813258,-13524.464285714279,634783.9968205009,138.6396219435087,56,278,0.6412995535714286,0.24811794174842214,1.1368683772161603e-13,-115158.49680903452,1297827.3640221448,-16193.813205153598,17844.294295966854,0.0,0.0,-157184.15773625547,-315880.15694138076
2020-04-13,40194.50407081151,29385.25641025643,511843.47299861035,172.25996512623962,78,384,0.6324588461538462,0.18174986028758386,0.0,-79731.75493293992,1285687.392659349,797.1678806024984,39397.33619020901,0.0,0.0,-87938.62414396732,-215899.4923936199
2020-04-14,-8201.481674235856,2690.6410256410127,452239.4994295365,156.45306757273065,78,384,0.5786852564102565,0.19628391489151725,0.0,-260625.38206938305,1175980.56586113,18195.39603598664,-26396.877710222496,0.0,0.0,-121417.80959919271,-234477.68445657686
2020-04-15,36842.057459351025,34307.69230769233,507598.2156586324,136.3754480078267,78,389,0.6084378205128206,0.18089371209127608,0.0,-159711.47929881085,1232392.5091279042,11220.692997444607,25621.364461906418,0.0,0.01282051282051282,-90193.8719033149,-217093.425817973
2020-04-16,-32453.796359758755,-10853.947368421064,556635.4312626293,150.24182459774147,76,371,0.5562052631578948,0.19015976123721479,5.684341886080802e-14,-38802.3296379777,1127631.8459774184,1375.3967292222278,-33829.19308898098,0.0,0.0,-171762.89600001383,-310921.7538156712
2020-04-17,-1769.419856689343,-7117.714285714274,370233.1614610907,164.44067272803963,70,344,0.562015,0.1693203539020256,5.684341886080802e-14,-114916.7757478425,1136651.6803272276,3885.3114643622816,-5654.731321051624,0.0,0.0,-94492.15089469007,-187050.44125996274
2020-04-20,26035.2784814418,14133.333333333328,474093.74895193026,132.1076591568988,66,329,0.5939113636363638,0.19696456764019635,1.1368683772161603e-13,-72959.93574290753,1202073.544135537,25860.32439391449,174.95408752731535,0.0,0.0,-92620.26641569767,-211143.70365368022
2020-04-21,23068.35948098657,19382.857142857185,458654.87764107814,148.0245520553303,70,347,0.6271321428571429,0.1977382147327067,0.0,-103772.37578977061,1270875.7056213922,-23494.432979534486,46562.79246052106,0.0,0.0,-91743.38448133829,-206407.10389160784
2020-04-22,15316.769503813915,13872.222222222239,548298.5358964673,142.3527712767799,72,355,0.5832854166666667,0.2117078705913085,1.1368683772161603e-13,-223680.8735734925,1178918.4712127347,-5563.514104182762,20880.28360799668,0.0,0.0,-121900.21724157968,-258974.85121569652
2020-04-23,11507.248112282346,1500.0000000000127,481575.63919221575,155.4564274350289,72,354,0.5552701388888889,0.20728041342525516,0.0,-177565.97653213958,1125158.2264958865,-30039.384569460115,41546.63268174246,0.0,0.0,-109042.11811320661,-229436.02791126058
2020-04-24,-6171.89799369959,-4231.470588235287,520539.20678421843,166.15241424095763,68,340,0.5312654411764706,0.226529012164614,-1.1368683772161603e-13,-152984.90275707227,1076735.450978964,-25868.77186295716,19696.873869257568,0.0,0.0,-136472.85210399516,-266607.65380004974
2020-04-27,-15243.181656107983,-10307.999999999993,552547.1720243844,96.80669303380243,40,198,0.5187422500000001,0.2289995578776392,-5.684341886080802e-14,-154884.86063921693,1044705.3573003261,-6573.746680507845,-8669.43497560014,0.0,0.0,-153476.78135523788,-291613.574361334
2020-04-28,-73593.12070436688,-29518.42105263157,515314.4295245889,108.35867147595997,38,190,0.5405267105263158,0.2011844600498398,0.0,-156650.33308522095,1088230.3204217916,7095.109344794224,-80688.2300491611,0.0,0.0,-202530.08675699006,-331358.69413813733
2020-04-29,-29913.46051784605,-20888.888888888858,661912.5403892823,113.27871006975178,36,179,0.5330059722222222,0.25555161542898996,0.0,-79830.1697939758,1075224.8888510333,9124.983980253754,-39038.44449809981,0.0,0.027777777777777776,-195504.87432523636,-360983.00942255696
2020-04-30,7839.33641145747,21071.94444444445,484970.0800635577,91.4840534524473,36,176,0.52290125,0.24415083642902882,0.0,-148343.42519233588,1052013.9067874537,34909.863168640906,-27070.526757183437,0.0,0.0,-113494.6676578844,-234737.18767377382
2020-05-01,25445.179564576534,5882.4999999999845,559077.4845425083,100.79069176929906,40,198,0.55546375,0.22228224715686684,-5.684341886080802e-14,-165915.8485507758,1117356.740825451,-24152.259011095724,49597.43857567226,0.0,0.0,-114424.98226281983,-254194.3533984469
2020-05-04,-18662.384523689463,-13128.947368421008,558003.1975281193,100.92638822323548,38,186,0.5628381578947369,0.24212439117276982,0.0,-192367.55300267067,1133428.7831430961,-23097.765317030902,4435.380793341444,0.0,0.02631578947368421,-158264.11029394253,-297764.90967597236
2020-05-05,1203.142888140594,1308.8095238095411,588090.6163616186,114.77366428296058,42,204,0.5711690476190476,0.22850201488318478,-1.1368683772161603e-13,-239363.41604898838,1151274.4376004373,479.19346590259414,723.9494222379981,0.0,0.0,-145934.284866547,-292956.9389569517
2020-05-06,-2767.699735002925,7605.512820512829,415473.2039923118,121.84527314123135,78,390,0.5040207051282051,0.1983810464653257,0.0,-96251.72923132754,1021980.5107215632,-11871.119213836831,9103.419478833908,0.0,0.0,-106757.8460062221,-210626.14700430003
2020-05-07,-2211.530250091129,3926.82926829268,442022.2356793322,130.71524110866395,82,407,0.5107274390243903,0.19151517702932067,-2.842170943040401e-14,-150806.04477382154,1033789.5193187712,-21239.378416704774,19027.848166613647,0.0,0.0,-112847.80441103285,-223353.36333086592
2020-05-08,7727.073650718976,9283.749999999989,429815.2408660702,118.08307921316072,80,397,0.4711,0.19962546252574667,-2.2737367544323206e-13,-93554.18785715017,955488.5619136167,-674.7799868290706,8401.853637548047,0.0,0.0,-99844.81964501174,-207298.62986152928
2020-05-11,3950.1336432469225,9273.846153846147,451327.3741245623,108.32199482558745,78,386,0.4642711538461538,0.19490455979312293,0.0,-79593.32666089504,940987.1465791939,2538.286828914919,1411.8468143320029,0.0,0.02564102564102564,-108990.03188271924,-221821.87541385982
2020-05-12,-29301.493661113353,-18939.722222222226,410359.5395772398,116.87510086683736,72,358,0.4664197222222222,0.21954234605863251,-5.684341886080802e-14,-171066.56504590166,943048.5549029005,28410.0126215048,-57711.50628261815,0.0,0.0,-132008.25365629012,-234598.13855060007
2020-05-13,-4318.204425159038,-3958.375000000008,401966.7926076062,118.68974144111569,80,396,0.50387,0.18066413165462994,-3.126388037344441e-13,-64382.43993814214,1020199.9069802228,10972.155229333612,-15290.35965449265,0.0,0.0,-104928.59231850172,-205420.29047040324
2020-05-14,-13368.357856035342,-15201.282051282042,506577.88565483876,140.89722309110007,78,390,0.5207397435897436,0.20517743783830142,0.0,-248403.00341358213,1052799.4628916883,-14955.709819883032,1587.3519638476914,0.0,0.02564102564102564,-140153.72649283614,-266798.1979065458
2020-05-15,-42784.48462274898,-10955.128205128205,365890.4297144049,138.19063130811466,78,381,0.4880358974358974,0.1656486890055391,0.0,-61086.983417519485,987361.7303351403,-13560.02694540546,-29224.457677343526,0.0,0.0,-134395.28268265835,-225867.89011125956
2020-05-18,12471.915204651408,17389.024390243903,261674.0418211057,133.27903678812183,82,401,0.45863109756097564,0.14925930744163082,1.7053025658242404e-13,-119540.28580989361,932271.5864975393,2122.4428865859823,10349.472318065425,0.0,0.0,-53079.87428741314,-118498.38474268957
2020-05-19,7689.396094736572,-778.5714285714316,236075.12118265795,146.341747671463,84,416,0.48626250000000004,0.12691250703521237,1.7053025658242404e-13,-213196.52587993135,988040.2897040145,12094.695741411379,-4405.299646674806,0.0,0.0,-51475.72594859938,-110494.50624426387
2020-05-20,38.30130705799826,2352.380952380968,253841.3415252529,151.1703713676829,84,419,0.4557267857142857,0.12001737409778387,1.1368683772161603e-13,-114563.16530045863,926831.7557801335,-2359.4977135024064,2397.7990205604046,0.0,0.0,-63573.20444562291,-127033.53982693613
2020-05-21,-1703.1889935037188,-2957.142857142854,260078.71814479807,161.79422176011417,84,411,0.4745119047619048,0.147759433885289,-8.526512829121202e-14,-250468.8728707094,964851.9570592843,-11603.692780979789,9900.503787476071,0.0,0.0,-66884.66275146334,-131904.34228766288
2020-05-22,-37602.617780606066,-20986.04651162792,291415.0262162784,166.8921099747369,86,421,0.4561296511627907,0.1453116574643368,-1.1368683772161603e-13,-292870.62656834617,928397.2390100992,-5893.166882749262,-31709.450897856805,0.0,0.0,-110623.2664446504,-183477.02299871997
2020-05-26,-58721.29859881487,-34717.94871794872,427827.8872925387,138.903276486541,78,389,0.4624660256410256,0.19832679537068001,0.0,-29852.663655999346,937833.0580104449,-3874.265967794569,-54847.0326310203,0.0,0.0,-165817.17369843612,-272774.1455215708
2020-05-27,116.27058445851196,11121.951219512212,408755.6281394531,157.3164117131987,82,406,0.4477853658536586,0.1934241373115712,-1.9895196601282805e-13,-94622.5051598624,911508.0614138521,2137.612254230917,-2021.3416697724047,0.0,0.0,-102229.95286211796,-204418.85989698124
2020-05-28,-26230.444935943702,-21713.74999999999,475459.7724647524,160.67903198813983,80,394,0.44933625,0.2140044893432385,-8.526512829121202e-14,-183420.3824406302,915681.244668015,6532.117148840758,-32762.56208478446,0.0,0.0125,-145256.06708411995,-264121.01020030805
2020-05-29,5099.01155460884,-1740.7894736842072,343171.2191517347,162.406011079838,76,375,0.45394144736842107,0.19787909421616778,0.0,-54258.766262850346,925056.7633114847,4.295328748563122,5094.716225860277,0.0,0.0,-80856.19924440468,-166649.00403233836
2020-06-01,314.0453576724881,-1266.590909090893,472408.32437232585,108.88267917770625,44,220,0.4920670454545455,0.2225299903341509,5.684341886080802e-14,-121248.80998130277,992450.9443079302,-3572.5717533089423,3886.6171109814322,0.0,0.0,-117896.91841458669,-235998.99950766814
2020-06-02,-28372.514102214045,-17163.260869565205,363539.16924040316,84.8574515694554,46,224,0.4505444565217392,0.19202987491625836,-5.684341886080802e-14,-131532.70030925018,905650.9332187261,9937.908681351046,-38310.422783565096,0.0,0.0,-119342.16386388429,-210226.9561739851
2020-06-03,-14933.089462656077,-14052.499999999996,330382.92340331274,111.69384184465514,84,420,0.43632976190476197,0.17572222416353936,1.1368683772161603e-13,-3861.92377823229,881787.1883888583,-830.1689563198587,-14102.920506336217,0.0,0.0,-97640.51415532891,-180236.2450061571
2020-06-04,-27505.62489530109,-25369.64285714285,539441.9445105226,128.09209787467367,84,420,0.43849720238095236,0.19022186773224586,8.526512829121202e-14,-117252.09245925995,888129.0615739865,19903.840308402177,-47409.46520370327,0.0,0.011904761904761904,-162494.20312080643,-297354.68924843706
2020-06-05,-41055.00232023761,-23107.794117647078,416027.125142829,139.89885950656532,68,336,0.4581103676470588,0.23236137978687324,5.684341886080802e-14,-180728.2367978579,929508.7985427025,29356.48334535698,-70411.48566559459,0.0,0.014705882352941176,-145201.68246545142,-249208.46375115868
2020-06-08,-34564.90109914519,-20902.85714285714,399118.4282286017,137.22147008523498,84,411,0.5010125000000001,0.19754084223129084,-1.4210854715202004e-13,-256966.68209540486,1014762.965162468,4457.305479097208,-39022.206578242396,0.0,0.0,-134481.72962638084,-234261.33668353126
2020-06-09,1170.3148340272273,15217.619047619048,374495.38366177434,129.88659992611483,84,417,0.5535094642857143,0.18441635234603476,1.9895196601282805e-13,-213948.61550643644,1117746.9447505479,-1481.5839313012525,2651.8987653284794,0.0,0.0,-92583.41768134247,-186207.26359678604
2020-06-10,-55890.0730652505,-45386.78571428571,469102.5254096017,119.52044233305276,84,418,0.5394852976190476,0.1821369247280829,-2.5579538487363607e-13,-269761.51566721883,1090340.7564725045,94680.09570605679,-150570.16877130728,0.0,0.011904761904761904,-173285.22485998398,-290560.8562123844
2020-06-11,-1542.1901354561828,10170.73170731707,501975.25534051587,130.79828174840418,82,401,0.6048660975609756,0.19574364811574022,-2.842170943040401e-14,-193941.93658645952,1221299.0939696103,-5283.109074283336,3740.918938827153,0.0,0.0,-127166.80225233355,-252660.61608746252
2020-06-12,26171.609572060093,13998.684210526344,435742.0129814802,140.992005506505,76,374,0.5339092105263158,0.23650843024179433,5.684341886080802e-14,-119666.98984969413,1077872.1931456074,-12507.817301035548,38679.42687309564,0.0,0.0,-82904.88567881647,-191840.38892418653
2020-06-15,6126.682376418294,5950.8888888889005,299296.329237911,135.49133654916423,90,441,0.5169402222222222,0.12742503058372245,8.526512829121202e-14,-123961.88173574448,1045717.5609637304,-5857.034950991003,11983.717327409297,0.0,0.0,-68832.89126960862,-143656.97357908636
2020-06-16,-278.0961476228786,1073.604651162782,236571.10843818268,121.95813023140146,86,422,0.4604040697674419,0.149723608558554,-1.4210854715202004e-13,-75754.48831905752,932645.5570098434,-10837.621923840366,10559.525776217488,0.0,0.0,-59542.83138739995,-118685.60849694563
2020-06-17,9196.323695903628,8487.613636363623,251833.7273634474,150.00054931544386,88,439,0.4565813068181818,0.12852767218388625,5.684341886080802e-14,-122151.15299358808,925897.6186191035,-13985.000443565556,23181.324139469183,0.0,0.0,-53912.108694273666,-116870.54053513551
2020-06-18,12316.816031151919,7672.093023255824,262171.0831891813,142.05653309363552,86,430,0.4399255813953489,0.13104435973130302,1.4210854715202004e-13,-224314.99487611634,891257.4920721712,-6123.6218587208705,18440.43788987279,0.0,0.0,-53368.01129923704,-118910.78209653236
2020-06-19,14803.618798412834,4778.048780487815,232075.26119402892,146.8253762479657,82,410,0.4293713414634146,0.1464344173734371,-1.1368683772161603e-13,-265929.41302648146,871500.5997321007,-20345.905170401333,35149.52396881417,0.0,0.0,-43362.02187634236,-101380.8371748496
2020-06-22,14559.29122784805,12402.380952380954,302471.8284729504,121.33922905017296,84,412,0.42009583333333333,0.17770735700204796,2.842170943040401e-14,-5278.262152901458,849611.1516646289,-10850.178487745863,25409.469715593914,0.0,0.0,-61180.00511943972,-136797.96223767733
2020-06-23,4226.6226738106125,-1886.9047619047565,337397.29950160347,120.05614291410485,84,412,0.4021946428571429,0.19981253298189683,1.1368683772161603e-13,-6652.394527742736,812610.7438113339,25350.725457560857,-21124.102783750244,0.0,0.0,-80242.75834450437,-164592.08321990524
2020-06-24,-4362.224867208637,-6262.6190476190595,357262.28156219475,126.1420209751197,84,412,0.42070208333333337,0.1949164258773822,8.526512829121202e-14,46075.2741797185,851086.9986955611,-7596.68673298139,3234.4618657727533,0.0,0.0,-93803.93727873245,-183119.50766928113
2020-06-25,1675.7246254866593,3343.5714285714344,352693.21454244084,138.05661939720892,84,411,0.40993095238095245,0.190352812949901,-2.842170943040401e-14,-253407.89002596412,830188.1331337697,12489.141029475171,-10813.416403988513,0.0,0.0,-86635.63562952075,-174808.939265131
2020-06-26,43.00862928097081,-1982.0512820512788,402510.5485765068,151.74470546578587,78,385,0.43543487179487184,0.21495319548391306,0.0,-113944.92516257624,881401.4253164734,-24647.64095140404,24690.649580685007,0.0,0.0,-100736.3732203115,-201364.01036443823
2020-06-29,1276.3191493267059,903.6363636363665,346118.13157830405,93.96694376121188,44,219,0.4289840909090909,0.1784606939724791,-5.684341886080802e-14,-54706.69265903024,861560.6927052891,-18918.738225088735,20195.057374415443,0.0,0.0,-85347.18068901052,-171876.71358358653
2020-06-30,-17399.030113443143,437.0454545454576,357716.8383774874,89.0153677524854,44,215,0.41893670454545456,0.2130563238738799,-2.8421709430404007e-13,-9889.711074264502,841068.5715832965,-19729.88194154868,2330.8518281055403,0.0,0.0,-106917.25507556747,-196346.46466993933
2020-07-01,-12895.332820603187,-11234.782608695648,338699.71808788576,92.54742985440961,46,221,0.3919836956521739,0.20681019207480192,-3.979039320256561e-13,-14167.116068349893,786690.7193528846,-24467.44317183444,11572.110351231253,0.0,0.0,-97662.80977242904,-182337.73929440047
2020-07-02,-14454.355555549126,-21515.909090909092,324399.62662960246,76.48472611209895,44,214,0.3711590909090909,0.22161327386332255,0.0,-41812.95272592697,744038.8992572812,-1552.5791330718068,-12901.776422477318,0.0,0.0,-95630.74693906185,-176730.65359646245
2020-07-06,5446.426078690759,2777.2727272727066,345094.09623894497,77.8777102874428,44,214,0.3948738636363636,0.21421080282586272,-5.684341886080802e-14,-128509.20524809386,792319.429677951,8440.002199948956,-2993.5761212581983,0.0,0.0,-80904.97569133293,-167178.49975106915
2020-07-07,-1836.9170973003024,-2615.90909090909,407353.09769955865,98.7046027235597,44,214,0.43307386363636363,0.19837311989278322,5.684341886080802e-14,-52310.640990917826,869114.5348535177,1943.7319065342713,-3780.6490038345733,0.0,0.0,-103773.89612491353,-205612.17054980318
2020-07-08,-20866.744680722273,-13537.80487804878,375626.29867412854,88.3579987547479,82,407,0.4168963414634147,0.21469243661597318,-5.684341886080802e-14,-3791.1019836451987,838696.5550269646,8460.066047805461,-29326.810728527737,0.0,0.012195121951219513,-114861.67734800915,-208768.2520165413
2020-07-09,2204.134802691457,887.2093023255728,378043.46683545696,101.27862076816982,86,421,0.4424790697674419,0.19914993706788184,-8.526512829121202e-14,-43505.59566045934,889365.1655529633,3853.3017594858475,-1649.166956794391,0.0,0.0,-92408.01052694094,-186918.87723580518
2020-07-10,3523.8587668265086,-201.24999999999864,400705.1636290085,106.51972584223432,80,399,0.43299562500000005,0.21886605981026763,2.842170943040401e-14,-125890.07171301305,871035.8400668218,5359.616820820531,-1835.7580539940232,0.0,0.0,-96758.95186626786,-196935.24277351997
2020-07-13,4732.864578206998,850.0000000000246,359080.58376090403,103.5535811161584,80,393,0.45622937500000005,0.20969126000517663,-8.526512829121202e-14,-55238.76226070383,918442.2652624438,-3395.661569191697,8128.526147398695,0.0,0.0,-85140.83494313517,-174910.9808833612
2020-07-14,27965.676264828442,17342.261904761905,352871.05950143846,100.15060137256037,84,418,0.4513011904761905,0.1846769174599779,-1.1368683772161603e-13,-66785.8699005452,908765.4278893739,21522.123393346974,6443.552871481465,0.0,0.0,-60352.23921190373,-148570.00408726334
2020-07-15,-15318.984575110157,-21659.761904761905,344702.6405319817,111.89534636965654,84,415,0.44477607142857145,0.18745548368122283,1.7053025658242404e-13,-73350.72353882345,895099.1924870283,-19857.258196085673,4538.273620975516,0.0,0.0,-101606.54005447523,-187782.20018747068
2020-07-16,-2317.021690050447,-5909.523809523822,363131.1734321015,120.65438029321992,84,411,0.4640261904761905,0.17588014984231795,-5.684341886080802e-14,-39626.62115244234,935939.7384003829,-25476.33282506031,23159.311135009866,0.0,0.0,-93220.46942836903,-184003.26278639442
2020-07-17,-24489.80991390136,-22907.31707317074,338482.7662409938,108.54126994564174,82,409,0.4304128048780488,0.18863359378566283,-1.7053025658242404e-13,-18949.718793104486,866451.3073487212,-25472.493992827633,982.6840789262715,0.0,0.0,-109219.04274409545,-193839.7343043439
2020-07-20,9794.822271154993,6671.590909090912,204621.3049815439,102.55974529453196,88,434,0.4113732954545455,0.12481150485361021,8.526512829121202e-14,-1861.8431604882376,828256.6912209472,4925.980312880434,4868.841958274559,0.0,0.0,-41463.063719525504,-92618.38996491149
2020-07-21,6361.507372309656,3726.744186046493,197282.45789891054,85.70082102953394,86,426,0.40385872093023256,0.12871699715671972,-5.684341886080802e-14,-56330.08688441811,811865.4069016146,-2448.0293578344367,8809.536730144093,0.0,0.0,-43044.80792344751,-92365.42239817514
2020-07-22,-1963.3574790677485,7732.5581395348945,208685.4903573654,86.96133167387951,86,428,0.4101424418604651,0.11306375306777112,-1.1368683772161603e-13,-120389.727803864,826015.1508120022,-5082.15610034629,3118.798621278541,0.0,0.011627906976744186,-54221.69140008298,-106393.06398942434
2020-07-23,-9868.342148787875,-5295.238095238108,188595.20990281386,89.05016277220481,84,420,0.39320238095238097,0.13323745452794067,8.526512829121202e-14,670.9201851155767,790560.088342107,-8068.291414309712,-1800.0507344781631,0.0,0.0,-57106.19478726354,-104254.99726296702
2020-07-24,-3544.528182485157,-7087.79069767442,169378.45109839612,109.56185034442846,86,430,0.4050722674418605,0.11036001506898638,-1.1368683772161603e-13,-134035.00380272066,817203.8535935195,-15524.918117161935,11980.389934676778,0.0,0.0,-45998.70280742861,-88343.31558202764
2020-07-27,11747.266219692781,10199.069767441873,329182.93997502275,116.28495072610464,86,427,0.42214220930232565,0.1616259884880734,-1.1368683772161603e-13,-85100.74193547206,850572.0439578501,2964.176484877633,8783.089734815148,0.0,0.011627906976744186,-70664.753724789,-152960.48871854472
2020-07-28,2675.9161338396802,5378.749999999986,279069.4963609148,112.92338286245685,80,393,0.4220675,0.1730838857239529,-8.526512829121202e-14,-86067.0567464752,850818.4619299407,-7327.999476588043,10003.915610427723,0.0,0.0,-67204.38133925147,-136971.7554294802
2020-07-29,5351.634398475363,13382.44186046511,291133.2203420489,132.9690335382437,86,424,0.3979299418604651,0.17374436119533004,5.684341886080802e-14,18731.02904890239,806563.9131678266,8086.033993434524,-2734.3995949591595,0.0,0.011627906976744186,-67564.63972057511,-140347.94480608733
2020-07-30,-10539.67815511951,-5831.395348837196,317155.8067295718,133.24721425018436,86,429,0.4181843023255814,0.16102617317315,-1.4210854715202004e-13,-3431.7066589011847,846063.3995424075,-13939.287473401071,3399.6093182815584,0.0,0.0,-89961.87705176264,-169250.82873415557
2020-07-31,-1455.3304060680343,-5581.250000000002,310113.59114543843,121.99079914087172,80,395,0.41969124999999996,0.19020233745176884,5.684341886080802e-14,-197437.90841410487,847510.6579761226,-8274.392482243478,6819.062076175444,0.0,0.0,-79105.71899156852,-156634.11677792814
2020-08-03,-4209.838444432035,-1789.130434782628,293388.93025101814,76.61074084883164,46,222,0.38907717391304353,0.19144140895079612,-2.8421709430404007e-13,13742.65040220349,780465.1919435658,-6235.032888074065,2025.19444364203,0.0,0.0,-77633.68174803541,-150980.91431078996
2020-08-04,-28723.283136315098,-19974.130434782608,369310.16472470376,89.45729073028437,46,223,0.41758260869565217,0.1808133466710552,1.1368683772161603e-13,-66480.59220349087,839591.114964559,-7453.408273604547,-21269.874862710552,0.0,0.0,-121140.28160822131,-213467.82278939727
2020-08-05,3890.0978577990336,9867.093023255808,304045.4203668256,97.47371010803462,86,427,0.3878503488372093,0.18721474856787243,-5.684341886080802e-14,-108795.55033310865,782150.4848277033,-1760.0525121229311,5650.150369921965,0.0,0.0,-72218.7309440154,-148230.0860357218
2020-08-06,-2940.4535675027873,334.41860465115724,318690.11543057836,105.78962007210805,86,428,0.3946416860465117,0.20067003455731267,2.5579538487363607e-13,-67361.09515732809,794164.8624806934,1162.5490657508435,-4103.002633253631,0.0,0.0,-82718.77204521949,-162391.30090286408
2020-08-07,19428.63532755482,10900.23255813953,310688.63334352436,112.06670536956946,86,422,0.39552319767441857,0.19123274541685112,5.684341886080802e-14,-73416.80460368046,797604.8325231359,10840.481566188615,8588.153761366208,0.0,0.0,-58355.589713695845,-136027.7480495769
2020-08-10,-11586.32100911444,-12018.863636363636,323624.74268622074,110.4747286393022,88,433,0.3874160227272727,0.17903341368521714,1.1368683772161603e-13,-15005.994507343927,782310.6087678442,-9763.03630523578,-1823.2847038786585,0.0,0.011363636363636364,-92602.98140930892,-173509.1670808641
2020-08-11,-5400.082161715063,-1103.2500000000075,270831.49957787275,103.67609496770831,80,400,0.3795516875,0.1919254361446045,3.126388037344441e-13,75665.45911798635,765673.0666128204,-13444.766035509494,8044.683873794431,0.0,0.0,-73211.63315115096,-140919.50804561912
2020-08-12,-14915.0961890596,-11398.636363636364,284898.68227832037,90.26343908864877,88,431,0.38874937500000006,0.1656724297305585,-2.5579538487363607e-13,19376.229611913397,784250.6515192927,-3077.540490241071,-11837.555698818533,0.011363636363636364,0.011363636363636364,-86230.03019772834,-157454.70076730844
2020-08-13,251.9228842657601,-476.74418604650566,284033.423841838,104.75565605689796,86,425,0.36247848837209307,0.17914313119781153,-2.842170943040401e-14,-18787.381001514597,731739.4292769027,-10038.675538967258,10290.59842323302,0.0,0.0,-70861.18873225064,-141869.54469271016
2020-08-14,-10968.276477124904,-12697.56097560976,303283.30287738127,114.64143444097152,82,410,0.3687740243902439,0.1809302189477045,-5.684341886080802e-14,-65792.61348972107,745395.0707870767,-16150.95565392548,5182.679176800578,0.0,0.0,-86903.7436309112,-162724.5693502565
2020-08-17,222.3814486170087,-1030.5813953488355,189970.39315412514,155.43356816166894,86,423,0.35139430232558144,0.13881694628448643,-5.684341886080802e-14,103180.11295732233,716426.1813609023,-9315.806488177974,9538.187936794984,0.0,0.0,-47425.65040807595,-94918.24869660722
2020-08-18,-10830.94773286898,-632.0238095238142,210700.26100907926,172.68514819448285,84,419,0.35148125,0.1496188766004055,2.2737367544323206e-13,-192325.62889346463,718879.4785727807,-7838.844846129148,-2992.102886739833,0.0,0.0,-63678.69813333328,-116353.76338560309
2020-08-19,-1002.8244450138451,4056.1627906976705,207413.60309469575,185.79046831498104,86,423,0.3351156395348837,0.16797091964378771,-8.526512829121202e-14,-294310.8492811427,689427.5833800542,792.7833992111566,-1795.607844225002,0.0,0.0,-53042.015687002764,-104895.4164606767
2020-08-20,-10022.878653557913,-5960.454545454552,230973.67661817285,189.2089523578921,88,433,0.3381295454545455,0.1481636783712814,-1.9895196601282805e-13,-137842.11841641343,694890.3819453282,-13168.908970678034,3146.0303171201213,0.0,0.0,-67955.50676045901,-125698.92591500223
2020-08-21,3405.376336650384,-3015.3488372092925,202357.13949308498,189.92827200278236,86,422,0.3270977906976744,0.15258099407853584,0.0,-42700.250477893176,671839.6098460958,-1341.0485783289228,4746.424914979307,0.0,0.0,-47373.836808623644,-97963.12168189489
2020-08-24,-2388.7466855935727,2672.1428571428673,263798.44569423364,147.50524014727094,84,413,0.34373017857142857,0.19729847023539765,1.9895196601282805e-13,33140.33982336408,696057.1735392013,-4233.182879354512,1844.4361937609394,0.0,0.0,-68485.86334929925,-134435.47477285765
2020-08-25,-24958.974750723763,-11557.023809523802,317216.9910470747,183.34811208355228,84,415,0.3448601785714286,0.21891537072624057,-1.7053025658242404e-13,55721.1634955173,703257.9774402472,1712.6042484324832,-26671.57899915625,0.0,0.0,-104446.570624576,-183750.8183863447
2020-08-26,9219.006628406127,10467.249999999996,276662.1794839031,171.26555781578764,80,400,0.36212187500000004,0.20328255854931387,0.0,-36050.300802653284,735801.4989081661,14310.293762146735,-5091.2871337406095,0.0,0.0,-60117.80380038544,-129283.34867136121
2020-08-27,1866.2979173861454,1835.7142857142953,312596.05521464517,159.24380211649085,84,415,0.35380773809523813,0.22370281787609855,1.4210854715202004e-13,52239.92229799117,718436.7548222468,-108.63756875647385,1974.9354861426193,0.0,0.0,-76441.95968839164,-154590.97349205293
2020-08-28,1744.8129500733107,-1375.4651162790835,318750.3250984936,181.56678297509333,86,421,0.3443441860465116,0.20936617639993163,1.9895196601282805e-13,-43010.51472546886,700790.9519034426,-5976.727744129432,7721.540694202743,0.0,0.0,-78124.33510752518,-157811.9163821486
2020-08-31,-6426.667826128058,-2627.29166666666,360268.25700616546,87.42711243348084,48,231,0.40050843750000004,0.22667497755527555,1.1368683772161603e-13,-59877.12457758011,803599.7059664116,6640.473765137424,-13067.141591265483,0.0,0.0,-96581.1591901029,-186648.22344164425
2020-09-01,12841.525479978482,12758.6956521739,393695.8819941267,81.84637939943775,46,227,0.41751586956521736,0.2129575455620302,1.7053025658242404e-13,-78048.16811008504,839410.3284090825,35169.80573012024,-22328.280250141757,0.0,0.0,-85664.29139795263,-184088.26189648433
2020-09-02,-27413.78166900379,-13840.476190476184,380516.45538695046,110.6750758003887,84,412,0.42542797619047623,0.2083551042873473,-1.1368683772161603e-13,113719.38429609849,859087.4323023717,11215.907568435556,-38629.68923743934,0.0,0.0,-122653.5705915418,-217782.68443827942
2020-09-03,1444.9848459284735,4072.4999999999905,377022.0104229709,107.60577051093196,80,399,0.430056875,0.21945299194438156,-2.842170943040401e-14,-86460.58265513366,867807.4204837084,-4838.5763183228955,6283.561164251369,0.0,0.0,-92918.12353032519,-187173.62613606793
2020-09-04,-56.50848637509847,4700.00000000001,360340.936694649,110.09004444499786,80,398,0.439153125,0.21700494680186994,5.684341886080802e-14,-9006.50016464294,885796.954070277,-6430.285261688107,6373.776775313008,0.0,0.0,-90251.83270448234,-180337.0668781446
2020-09-08,-3065.9147253881756,5283.7209302325655,378286.95256045676,120.4610019013521,86,422,0.44668267441860465,0.2049279424211942,-8.526512829121202e-14,113290.31119667395,901069.8398413816,-23949.086368208365,20883.171642820187,0.0,0.0,-97758.11386740372,-192329.8520075179
2020-09-09,-3749.8250694811873,-5900.00000000002,364424.5899669315,115.41382149100535,82,410,0.42857957317073175,0.20801300192392966,-2.842170943040401e-14,-31347.750972124555,866637.2901036604,-15369.817625272612,11619.992555791425,0.0,0.0,-94971.38638270507,-186077.53387443794
2020-09-10,2932.7937383890326,774.4186046511599,316025.71494856325,144.82997119039715,86,422,0.413668023255814,0.20346973931589743,5.684341886080802e-14,119873.35163797397,837985.8996138265,-18185.817338238245,21118.611076627276,0.0,0.011627906976744186,-76218.46496994217,-155224.89370708299
2020-09-11,-1131.7601627188765,-5540.454545454546,303822.08442797814,123.68105020662239,88,434,0.41271625000000006,0.18765905004383746,-1.1368683772161603e-13,-45879.65220759968,835372.0621716616,-15845.395923300593,14713.635760581717,0.0,0.0,-77210.96231992003,-153166.48342691458
2020-09-14,-8215.781181546847,-6546.59090909092,206007.6378472845,176.30371555322614,88,436,0.3944431818181818,0.12702013618613475,2.5579538487363607e-13,290429.41284751956,805268.1356960802,-16660.963086872205,8445.18190532536,0.0,0.0,-59893.9943589212,-111395.90382074231
2020-09-15,4736.600421777582,8175.581395348846,193836.55506928824,152.4701165401201,86,429,0.3719779069767442,0.13803457196461372,8.526512829121202e-14,-79846.49706221595,757540.9401086682,7090.927064374389,-2354.3266425968072,0.0,0.0,-43875.008462084596,-92334.14722940666
2020-09-16,1185.3131525566923,1514.7727272727282,198170.38649673227,158.30132145229746,88,436,0.36549664772727275,0.14176905047294958,5.684341886080802e-14,-13756.713305959329,745204.0331822861,4767.402913546093,-3582.089760989401,0.0,0.0,-48515.58479307867,-98058.18141726175
2020-09-17,8339.722186752706,2295.7777777777724,272745.3631036575,188.92005927922528,90,442,0.3829527222222222,0.15731128036480604,-2.842170943040401e-14,-140975.87896938616,784369.8456593861,-12468.844927502221,20808.567114254925,0.0,0.022222222222222223,-60035.538648440895,-128221.87942435525
2020-09-18,20878.69276832357,-402.0930232558171,247263.5929321451,160.18318415282863,86,422,0.37164366279069766,0.17607744056319044,0.0,-112456.94775187167,760558.7109854636,28318.28831150248,-7439.595543178912,0.0,0.0,-41097.38864886553,-102913.28688190182
2020-09-21,-5182.742482587145,-4179.500000000001,338588.90989302925,176.01869132920027,80,400,0.4037418125,0.20617477188490835,-1.7053025658242404e-13,6531.452704004827,820597.3479903396,-14324.19689653028,9141.454413943135,0.0,0.0,-90005.98864717365,-174653.21612043097
2020-09-22,-3015.118667403774,-4569.51219512196,326149.16677578643,128.10860747546633,82,410,0.4032121951219512,0.1838073628066966,-1.1368683772161603e-13,76883.93113669819,816154.6113838146,11300.967835479052,-14316.086502882827,0.0,0.0,-84680.51896882585,-166217.81066277245
2020-09-23,-707.3039849045712,2327.8571428571377,352709.4349674968,150.09931994004225,84,417,0.4181553571428572,0.20188597074074574,-2.842170943040401e-14,21469.236482920216,848921.2550705662,-7530.584442045962,6823.280457141391,0.0,0.0,-89034.76204671881,-177212.12078859302
2020-09-24,13729.870794321901,7346.54761904762,365063.73268654157,158.71553155457556,84,415,0.4219880952380953,0.20867033039099095,0.0,57134.574671712624,859631.952068118,-160.58850272777727,13890.459297049678,0.0,0.0,-77694.77790886807,-168960.71108050345
2020-09-25,-85.86021432052905,2253.5714285714294,358362.4543277579,169.7328916802997,84,417,0.4047065476190476,0.218576882861707,-5.684341886080802e-14,-98605.03223254217,824130.1681956318,-7948.896824666545,7863.0366103460165,0.0,0.0,-89846.2066879403,-179436.82026987977
2020-09-28,13796.871862754684,12376.086956521762,337605.57089148427,84.7326659572595,46,226,0.40298586956521737,0.2006826371085322,5.684341886080802e-14,55097.87058456874,809278.2173238083,4485.757222058416,9311.114640696269,0.0,0.0,-70689.25352607363,-155090.64624894471
2020-09-29,13702.606286311873,15825.000000000007,405726.9684235647,88.53819403468562,46,221,0.4124684782608696,0.20159869548553502,5.684341886080802e-14,-53439.170073538866,827455.8379226794,4705.31522992061,8997.291056391263,0.0,0.0,-87817.67401361399,-189249.41611950516
2020-09-30,5841.635849919554,5230.681818181814,334700.1112068464,83.53462423134194,44,212,0.39287715909090914,0.21032149361208494,1.1368683772161603e-13,7644.020485464837,788876.8704167014,4774.171687079174,1067.4641628403797,0.0,0.022727272727272728,-77916.9265760234,-161591.954377735
2020-10-01,-3854.8286291020513,-8652.173913043462,318691.17065541964,81.3178791593173,46,227,0.3901326086956522,0.20524991546937202,-2.2737367544323206e-13,-88687.1654981053,783490.2134205896,-3182.9224481933734,-671.9061809086779,0.0,0.0,-83608.93917211628,-163281.7318359712
2020-10-02,-7328.325769318362,-13695.652173913071,281256.55545262556,82.31246123376242,46,223,0.405025,0.18044083698368252,-1.1368683772161603e-13,-99547.95459645105,813313.2859402618,-10883.108099555311,3554.7823302369484,0.0,0.0,-77724.77709370852,-148038.9159568649
2020-10-05,8639.805270679939,4571.739130434805,390632.63229707367,97.38051905830181,46,229,0.4412684782608696,0.2160712577614162,-5.684341886080802e-14,-34792.79971067734,886013.241376573,2988.1394083546284,5651.665862325311,0.0,0.0,-89115.73332264679,-186773.8913969152
2020-10-06,-4965.833648845793,-6781.818181818177,368175.39796790265,105.03733951537231,44,217,0.4829125000000001,0.18778055278685207,1.7053025658242404e-13,26165.552761860337,970041.1709683985,-6598.823587595152,1632.9899387493595,0.0,0.0,-97114.72048033682,-189158.56997231249
2020-10-07,-2343.7911124751054,-816.744186046511,289583.07830153004,104.60458005972488,86,430,0.42899593023255816,0.1739006163482241,5.684341886080802e-14,-97278.87584782764,864941.9823327477,1043.107087007675,-3386.898199482781,0.0,0.0,-74844.16526791734,-147239.93484329985
2020-10-08,-6902.383107041048,-2350.0000000000064,391233.90490351885,104.91373156567518,88,438,0.44015681818181823,0.18367930635551347,2.8421709430404007e-13,-56408.44869798525,887732.533701246,-17566.322150506752,10663.939043465703,0.0,0.011363636363636364,-104815.77306448644,-202624.24929036613
2020-10-09,3520.4139955009423,-153.75000000001103,336562.31851019885,91.2425298825266,80,395,0.42508375000000004,0.18989971229344257,-5.684341886080802e-14,-66575.60445433424,855645.7125956959,-19819.50491723429,23339.918912735237,0.0,0.0,-80711.4081619313,-164851.987789481
2020-10-12,4129.016887044332,-1930.000000000011,333056.8178100056,100.90278404006341,84,414,0.42497500000000005,0.19804562349084917,1.1368683772161603e-13,-30273.586193552874,855476.2218725418,5382.826915306973,-1253.810028262642,0.0,0.0,-79236.09034949714,-162500.29480199853
2020-10-13,-6638.380256752413,-4767.790697674409,346150.8781405482,115.7933652261896,86,424,0.422146511627907,0.19458405298148165,2.2737367544323206e-13,-136821.83797336783,853255.2576078494,-5879.520002456441,-758.8602542959711,0.0,0.011627906976744186,-93291.89315711564,-179829.6126922527
2020-10-14,-459.02340206061854,-681.3953488372084,283975.8810818876,124.6981302240865,86,429,0.41439302325581395,0.16247675262706465,0.0,28183.015443773238,838549.8108213017,-5057.97835117031,4598.9549491096905,0.0,0.011627906976744186,-71577.6918027566,-142571.66207322848
2020-10-15,2043.383277750891,2439.2857142857074,350415.3284620251,109.14869859131328,84,418,0.4148916666666667,0.17956581599558213,-3.694822225952521e-13,-106368.9877125269,835982.8466843781,-14114.120551329503,16157.503829080393,0.0,0.011904761904761904,-85669.59753634669,-173273.42965185296
2020-10-16,774.1052840531829,786.2500000000208,304046.81013058644,113.12359341680988,80,400,0.439996875,0.18461205718762197,0.0,-11995.735838912407,888008.2110321866,404.1724879036095,369.9327961495729,0.0,0.0,-75350.72084201024,-151362.42337465685
2020-10-19,-7925.546198075851,-5035.555555555533,174119.562120754,133.10633044628304,90,445,0.44275722222222225,0.10614371068696021,-1.1368683772161603e-13,22872.903841548272,894505.0750117865,-8774.175055439442,848.6288573635902,0.0,0.0,-51588.54305871063,-95118.43358889915
2020-10-20,766.3099936622641,3267.0454545454645,218043.9135287625,125.44791625350274,88,439,0.4341625,0.1304698460547624,1.1368683772161603e-13,32590.710113091896,877610.9581675981,-5242.306171537209,6008.616165199473,0.0,0.0,-53870.11630478186,-108381.09468697249
2020-10-21,9841.507205747435,7037.500000000007,208532.03778718182,136.010401426355,88,440,0.42967272727272726,0.12762031514244923,8.526512829121202e-14,-120964.3167137502,870330.564550809,5001.7785704919825,4839.728635255453,0.0,0.0,-42427.51264247437,-94560.52208926983
2020-10-22,-1446.6615377201551,-369.99999999999034,205489.2681231774,136.13538724387362,90,446,0.41614555555555555,0.12092180262965652,1.1368683772161603e-13,-15902.727564695393,842331.4994433745,-9769.083654810973,8322.422117090819,0.0,0.0,-52955.113955758374,-104327.43098655273
2020-10-23,6771.183323275059,-5329.888888888899,217643.01192416367,151.8157217904721,90,447,0.41998444444444444,0.13246092937128984,8.526512829121202e-14,-86078.67461693444,853387.627483332,22823.943314281394,-16052.759991006335,0.0,0.0,-47791.385379556334,-102202.13836059724
2020-10-26,2174.530878024592,1881.5909090908963,275271.39711869456,133.91549391547585,88,438,0.45387193181818186,0.15568758128219568,8.526512829121202e-14,162563.9965762838,916241.2488050481,-4136.803878022158,6311.33475604675,0.0,0.0,-66777.23389556451,-135595.08317523816
2020-10-27,-2762.211802507386,-3832.954545454544,329766.6027681316,141.73658905638922,88,438,0.4334846590909091,0.1500735107880545,-1.4210854715202004e-13,32780.71324357988,878781.3213750137,44677.306273436545,-47439.51807594393,0.0,0.011363636363636364,-85345.59908359668,-167787.24977562955
2020-10-28,4204.481156782532,3720.930232558128,328369.0561002596,154.8222584594685,86,423,0.48676976744186046,0.16741636873144927,1.9895196601282805e-13,32984.763619660356,984105.3217937519,-15434.1822116413,19638.663368423833,0.0,0.0,-78042.60512674182,-160134.86915180672
2020-10-29,-8717.955858653964,-12396.590909090903,363952.1426343811,142.7450585696372,88,435,0.4592971590909091,0.18237785884114308,8.526512829121202e-14,1081.666700416692,928015.0044720726,4215.628254845724,-12933.584113499688,0.0,0.0,-99848.73657581887,-190836.77223441415
2020-10-30,8701.665668535205,5073.295454545469,347177.1774662059,144.33209923283874,88,439,0.4836713068181819,0.18481486869731378,-2.842170943040401e-14,-55376.781393901074,976927.2542424871,-10613.686604341918,19315.35227287712,0.0,0.0,-78236.9607972491,-165031.2551638006
2020-11-02,11916.306127176109,13483.333333333327,395036.31267895567,101.96169506425146,48,234,0.5008375,0.18123731338038915,1.1368683772161603e-13,-38469.17466348132,1006841.3073775509,-4809.311168074882,16725.61729525099,0.0,0.0,-86944.73373762706,-185703.81190736598
2020-11-03,18947.551744214343,13763.636363636364,335886.58468505356,98.22476863608519,44,219,0.4730318181818182,0.19066943826467692,-5.684341886080802e-14,-73603.40020401147,950868.5137325191,-23956.907353808827,42904.45909802317,0.0,0.0,-65122.31919568513,-149093.9653669485
2020-11-04,13397.378268204106,8615.909090909092,293602.88081508694,107.19044840430904,88,440,0.41944715909090907,0.17694451496255317,-2.5579538487363607e-13,-3194.55431586948,846619.5647311356,3846.1175306523683,9551.260737551736,0.0,0.0,-60110.53238397194,-133511.2525877437
2020-11-05,449.8703295872392,2940.888888888896,301424.09748921305,102.63516626002743,90,445,0.3967015555555556,0.18665718932300257,1.9895196601282805e-13,14174.617691046577,799047.2247335812,-17184.977945949697,17634.848275536937,0.0,0.011111111111111112,-75008.78920897604,-150364.81358127933
2020-11-06,30150.6864092504,37599.40476190476,384938.8417590849,116.02841179783738,84,416,0.39460505952380953,0.1899611888718963,-2.842170943040401e-14,17787.78557402134,798534.324533481,122308.61772150813,-92157.93131225773,0.0,0.0,-66200.05244231867,-162434.76288208988
2020-11-09,3600.338391504354,5397.441860465132,295423.38841703057,128.56396055126828,86,424,0.3969552906976745,0.2046116169839376,-2.842170943040401e-14,64221.60242205673,802920.0368596053,8822.576226478723,-5222.2378349743685,0.0,0.011627906976744186,-70384.07267330456,-144239.91977756217
2020-11-10,3670.8735404344197,5144.000000000001,277226.51669916784,124.62614239035254,90,442,0.4021262222222223,0.18561702606079164,1.1368683772161603e-13,-44078.04126207132,814485.1491582422,-11241.962896792806,14912.836437227226,0.0,0.0,-65760.38177674789,-135067.01095153985
2020-11-11,-13100.99600006059,-13543.111111111124,310271.0789538333,127.29992503982575,90,441,0.3833177777777778,0.17765749342756812,-5.684341886080802e-14,133377.33451005555,775095.2897376781,10230.686102957543,-23331.68210301813,0.0,0.0,-90796.06566355875,-168363.83540201705
2020-11-12,14436.168067192122,12350.000000000004,279418.2961832398,135.0364437600286,86,430,0.3896546511627907,0.17633772475181766,0.0,109350.07982026061,787233.074623699,11364.737364835217,3071.430702356904,0.0,0.0,-55553.442422377855,-125408.0164681878
2020-11-13,-15544.088830360519,-12886.93181818182,235911.32689443324,123.24690258673118,88,440,0.3726321022727273,0.15537256769990904,-1.1368683772161603e-13,35258.96151012106,752843.299787889,-14263.57833218526,-1280.5104981752597,0.0,0.0,-74645.16745655556,-133622.99918016387
2020-11-16,3160.903664293327,1807.7777777777803,178030.27611605678,162.14715122725917,90,448,0.3543127777777778,0.13677439096761548,-8.526512829121202e-14,-166810.63762209914,721967.5670766373,-2361.716320332672,5522.619984625999,0.0,0.0,-41508.81251594813,-86016.38154496232
2020-11-17,-552.9557389436343,1522.2222222222156,155916.3594580372,160.22926963107113,90,445,0.35835500000000003,0.10290997814005466,-1.1368683772161603e-13,17244.813286109893,731300.2476196416,-4158.636816230559,3605.681077286925,0.0,0.0,-39692.274873084,-78671.3647375933
2020-11-18,5003.875825521892,4622.717391304345,178053.7836996892,190.51989025870765,92,451,0.36580375,0.12466598474642343,8.526512829121202e-14,-27014.987493122142,749747.4044108642,-1786.3199859770987,6790.19581149899,0.0,0.0,-39700.089989659115,-84213.53591458143
2020-11-19,4569.939899898123,1608.695652173917,147490.59369329686,220.86519270108363,92,452,0.3473652173913044,0.10714692423321628,-5.684341886080802e-14,117876.48585496994,715682.3289474351,-5762.045274405647,10331.98517430377,0.0,0.0,-32523.573716127175,-69396.22213945139
2020-11-20,-5303.217373069042,-1175.0000000000023,160520.316506666,183.7907463329875,92,455,0.37492717391304353,0.10765677206116883,-1.4210854715202004e-13,-260778.29405106665,767972.9609815677,-5256.975269299266,-46.242103769776804,0.0,0.0,-45617.08724606853,-85747.16637273502
2020-11-23,31093.882821555162,17997.111111111124,255827.36096202038,135.53395225401093,90,446,0.3694027777777778,0.16234671025457448,-1.1368683772161603e-13,-19915.863483562298,749476.2045985806,38180.216317039325,-7086.33349548416,0.0,0.0,-32998.49137120394,-96955.33161170904
2020-11-24,-1838.149465884969,-3214.7777777777696,250847.92718527847,143.16763056130378,90,442,0.36716933333333335,0.17020340217983812,-2.2737367544323206e-13,27756.910845273902,743626.9573371223,-2608.56507089021,770.4156050052406,0.0,0.0,-64693.298892765895,-127405.28068908551
2020-11-25,-3349.089503132812,-7274.222222222217,273117.1556516844,140.84083412738917,90,449,0.3579615555555556,0.16759891761877901,-1.1368683772161603e-13,83845.68713312026,727258.9668552154,-4464.932011325569,1115.8425081927567,0.0,0.0,-71769.2192501813,-140048.5081631024
2020-11-27,-1831.1466857862156,729.3181818181874,269140.49293655006,126.20421029303779,88,436,0.38513409090909095,0.17776914250109102,1.4210854715202004e-13,-31598.088398549062,782760.1748624978,2037.568521768005,-3868.715207554221,0.0,0.0,-69242.47413021677,-136527.5973643543
2020-11-30,11542.316538999945,6769.374999999984,265807.828605242,85.61671385527431,48,235,0.38466593750000005,0.17761917982255904,-5.684341886080802e-14,-74649.8699485695,774042.2581984965,1061.3394008986343,10480.977138101312,0.0,0.0,-54995.25732616583,-121447.21447747633
2020-12-01,-1076.6919823024032,5268.125000000006,266290.22794386104,94.41668772171319,48,237,0.3829677083333334,0.16817155233091108,1.1368683772161603e-13,-93205.57593049218,769331.3629018132,-2020.9117549392506,944.2197726368472,0.0,0.0,-67743.66565598937,-134316.22264195464
2020-12-02,7190.974004616797,8431.521739130425,254901.19208925223,141.20766878069878,92,455,0.36069728260869566,0.1620641651010066,0.0,91727.97205203633,730573.517797468,-2910.0389069932357,10101.012911610032,0.0,0.010869565217391304,-56675.531686476956,-120400.82970879001
2020-12-03,-4001.091863631017,650.0000000000026,240802.44579321964,138.03477174378338,92,451,0.3477467391304348,0.17349212292394842,1.1368683772161603e-13,-182162.40089133164,706424.4878279258,3909.7136871623456,-7910.805550793363,0.0,0.0,-64339.73808367971,-124540.34953198463
2020-12-04,-3938.8703600849367,-2611.11111111111,216743.05853457656,116.84830226800062,90,449,0.3614583333333333,0.15753155959311352,2.2737367544323206e-13,-71297.84076501432,733547.5397589147,-7827.125346634674,3888.254986549737,0.0,0.0,-58241.48329599708,-112427.24792964122
2020-12-07,-2418.3373936542516,270.99999999998624,246281.89023393224,113.96392000831005,90,447,0.3633005555555556,0.17452853460602552,2.842170943040401e-14,-89493.62998784205,734725.0847132223,-4407.316850835034,1988.979457180782,0.0,0.0,-64102.77387214562,-125673.24643062867
2020-12-08,-283.7613421834884,-723.1521739130321,266069.57829709566,120.42624880047877,92,453,0.36277804347826087,0.17211718296162054,5.684341886080802e-14,-114688.0181601035,735699.4689692688,-698.7432699462973,414.9819277628091,0.0,0.0,-66921.58216525787,-133438.9767395318
2020-12-09,-6726.600056213523,-4039.111111111108,228536.75673514768,108.3091781015837,90,442,0.3730812222222223,0.15517333524195306,-2.842170943040401e-14,-14610.626963196642,751942.5764732913,-2363.3768213550306,-4363.223234858492,0.0,0.0,-63969.098418102025,-121103.28760188895
2020-12-10,-9043.627534441775,-5765.55555555556,277996.094728823,115.35131703158964,90,445,0.36638722222222225,0.16248073321434675,1.4210854715202004e-13,-78904.57564425707,740608.0319251225,2007.4202112575117,-11051.047745699287,0.0,0.011111111111111112,-78658.00253367912,-148157.02621588486
2020-12-11,8621.576654698047,4768.777777777777,241810.56121078544,120.99093073185806,90,444,0.37953549999999997,0.17838638887533229,-2.842170943040401e-14,-31837.17254391016,767410.8398245083,-9427.66199318242,18049.23864788047,0.0,0.0,-51952.054578730174,-112404.69488142653
2020-12-14,2392.9982743107853,1888.043478260872,158189.9150888554,185.48273917664508,92,457,0.37720108695652177,0.11499433696891152,1.9895196601282805e-13,42585.02646086729,772445.6340834256,-3738.954202282588,6131.952476593373,0.0,0.0,-37339.96323707971,-76887.44200929356
2020-12-15,-4002.4525145201333,-4851.413043478253,158339.7295045035,168.0701860830848,92,454,0.35797119565217395,0.10921677072522536,-8.526512829121202e-14,-16656.097053184218,732638.7692534336,-4567.212498115921,564.759983595788,0.0,0.0,-43755.45507672909,-83340.38745285498
2020-12-16,-2662.5463426135198,1634.2391304347743,163182.1990436213,170.91649435424105,92,457,0.3636725543478261,0.11441363285978155,-2.2737367544323206e-13,-44739.96289738663,740832.3655329343,-8610.200461532284,5947.654118918764,0.0,0.0,-43629.01259787309,-84424.56235877842
2020-12-17,-5210.517135796075,-5794.565217391311,219887.1206270447,189.50293295765414,92,457,0.3518804347826087,0.13121287144747706,-8.526512829121202e-14,84510.43819875769,722350.0368082101,-912.6553209195438,-4297.861814876532,0.0,0.0,-60371.80022551491,-115343.58038227608
2020-12-18,7185.216458652905,6338.8888888888905,180156.5461228496,203.539653325924,90,447,0.3563761111111111,0.15061212985625072,-1.9895196601282805e-13,58205.39343158037,731626.1223371569,-3807.9285180484553,10993.14497670136,0.0,0.0,-38057.45972538542,-83096.59625609781
2020-12-21,-3230.5625843586176,-1076.6666666666708,240079.58615901144,167.905454179378,90,443,0.3581577777777778,0.15345601084470273,5.684341886080802e-14,-209607.29880097194,730710.9695157281,-9145.967978843591,5915.405394484973,0.0,0.0,-63418.36457829086,-123438.26111804371
2020-12-22,-748.2597305504148,-2294.444444444446,236664.34927625768,158.6488473635641,90,447,0.3485488888888889,0.17225246309819692,2.842170943040401e-14,-80105.69497001405,709303.0917581825,-5873.120212941483,5124.860482391069,0.0,0.0,-60072.9958969784,-119239.08321604283
2020-12-23,-402.90506103420825,581.1111111111115,213151.00480545816,181.46021612236098,90,443,0.3344283333333333,0.1648881368850549,-2.842170943040401e-14,20896.138011809406,686562.7273230326,-9974.471931279917,9571.56687024571,0.0,0.0,-53872.11647852111,-107159.86767988565
2020-12-24,8861.50531141868,4912.222222222221,203576.88786525597,185.59003519524444,90,448,0.33749500000000004,0.15254612551060523,-1.7053025658242404e-13,-365422.40377683146,693565.8847325875,-14972.662584033178,23834.167895451857,0.0,0.0,-42218.306690090554,-93112.52865640455
2020-12-28,-5150.074117672149,-3120.833333333348,219974.9642259588,83.0466570578308,48,236,0.3657916666666667,0.1522738534598906,-5.684341886080802e-14,-51754.02909098304,734161.3801324599,-3115.9081759209134,-2034.1659417512358,0.0,0.0,-60226.86183121968,-115220.60288770938
2020-12-29,2067.7841879351326,166.666666666668,236061.0933515095,75.64517423651778,48,231,0.35626458333333333,0.1585595165038768,5.684341886080802e-14,-24935.798121497326,714733.2711712194,-1399.8383979312548,3467.6225858663875,0.0,0.0,-57023.13432417876,-116038.40766205614
2020-12-30,-6963.0612496481035,-5879.166666666674,234410.12881998564,81.32728896543233,48,233,0.34226979166666666,0.15895345097661054,-5.684341886080802e-14,-39511.21916260899,687339.8162337668,-5896.174885155382,-1066.8863644927212,0.0,0.0,-65646.92074360994,-124249.45294860635
2020-12-31,20634.91705738012,13385.41666666666,269359.0725241786,80.26325989499196,48,233,0.35798645833333337,0.17506962757686373,1.7053025658242404e-13,74358.86650236335,718791.3339093142,14883.538831119085,5751.378226261033,0.0,0.0,-46785.11433355952,-114124.88246460416
2021-01-04,3196.964343195539,-1306.0416666666706,261479.60528568248,84.22883100145059,48,232,0.39348635416666666,0.1770247710445663,1.7053025658242404e-13,-30170.60494940758,790220.2662780032,-5777.571802872537,8974.536146068076,0.0,0.0,-62257.16580922653,-127627.06713064716
2021-01-05,23944.66682627598,12617.499999999973,293243.9288521213,80.12497894896055,48,236,0.3769364583333334,0.16649468243432738,1.1368683772161603e-13,36698.221659721865,756657.7527462483,27498.32877973713,-3553.661953461148,0.0,0.0,-49446.4403657033,-122757.42257873363
2021-01-06,-7202.212061058393,-2283.5869565217513,227739.17394249307,109.7091537727599,92,452,0.37937211956521744,0.15446473798885527,2.842170943040401e-14,-32694.364609528348,764631.4358927859,-6898.415032951619,-303.79702810677475,0.0,0.0,-64246.714700454424,-121181.50818607768
2021-01-07,1108.415843862031,3255.555555555565,237392.4672279041,102.54724027222551,90,450,0.39419666666666664,0.14729008116508344,8.526512829121202e-14,45694.02761174723,793723.8706126754,-3081.7981296699118,4190.213973531942,0.0,0.0,-58342.24820338622,-117690.36501036223
2021-01-08,-5337.509558834037,-3333.333333333326,189083.3172205062,101.21963793842582,90,447,0.38129611111111117,0.1499308757004266,-5.684341886080802e-14,-10355.071268271562,768119.6765727325,3920.011388957115,-9257.520947791152,0.0,0.0,-52709.55850189901,-99980.38780702556
2021-01-11,3556.6545461595547,249.55555555555904,286986.3287830503,108.95451054431818,90,450,0.39992222222222223,0.159926309964403,-5.684341886080802e-14,-8377.60705958569,806471.3850818527,2510.9320085463396,1045.722537613215,0.0,0.0,-68298.88216014735,-140045.4643559099
2021-01-12,-3709.0743340455188,-2321.1111111111054,247702.81458785525,110.56652142214853,90,445,0.3941688888888889,0.14377460029669373,-1.1368683772161603e-13,-5525.747127658402,795019.8637965004,-6561.66693047603,2852.592596430511,0.0,0.0,-65745.34450243149,-127671.0481493953
2021-01-13,-5548.070458567917,-7563.33333333333,294284.98178201274,136.2827096192301,90,446,0.3926822222222222,0.18419482425451633,-5.684341886080802e-14,103288.2176133241,796354.090676805,8538.293495121257,-14086.363953689175,0.0,0.0,-79255.59861369034,-152826.8440591935
2021-01-14,5221.391325344819,1292.222222222214,246565.29733100516,118.10428428798494,90,450,0.3844161111111111,0.1709881040709513,0.0,-101000.39395676134,777541.6901097908,-4161.555573353419,9382.94689869824,0.0,0.0,-56538.037291694454,-118179.36162444574
2021-01-15,-5643.86771864112,-11296.666666666653,212714.96843477222,123.73898531817296,90,441,0.3886016666666667,0.1504942772174728,2.842170943040401e-14,-30529.618822394626,785600.5932176269,-19392.351578333597,13748.483859692478,0.011111111111111112,0.011111111111111112,-58946.34881265235,-112125.0909213454
2021-01-19,-7530.562870600482,742.2222222222108,173857.7269183829,117.30708996185757,90,449,0.3917055555555556,0.11567030856841456,8.526512829121202e-14,-22454.532116492242,791238.9554258982,1589.4800679973678,-9120.04293859785,0.0,0.0,-51112.301690158056,-94576.73341975379
2021-01-20,3234.8598225325386,805.4347826086876,185274.94753094303,120.52755094032128,92,452,0.37737663043478265,0.12493269108447992,8.526512829121202e-14,97935.90673146586,763330.319032448,4067.1127369087126,-832.2529143761734,0.010869565217391304,0.0,-43204.40461114354,-89523.14149387929
2021-01-21,-7367.738452398615,-1407.6086956521763,174889.35993962607,128.2198564077815,92,454,0.3970472826086957,0.10632338375262032,5.684341886080802e-14,-87425.53968913143,801665.938349214,-3691.4115227718626,-3676.3269296267526,0.0,0.0,-51218.29829371291,-94940.63827861943
2021-01-22,3587.9677705888416,-3591.3043478260997,163218.3526165317,126.34716299974924,92,451,0.3900646739130435,0.11509127316781094,-1.4210854715202004e-13,-42434.20013920778,788707.5443729972,9004.256397976484,-5416.288627387643,0.0,0.0,-37342.967546543834,-78147.55570067675
2021-01-25,-9739.249046132558,-10240.909090909086,258673.26499743926,153.79271775874977,88,439,0.41226477272727274,0.14581017673730687,1.1368683772161603e-13,-62750.99306272695,837063.6845134053,-4275.328596381447,-5463.920449751112,0.0,0.0,-74561.35801325113,-139229.67426261093
2021-01-26,20421.614903276048,21115.795454545467,459542.1247772175,146.54426719003177,88,437,0.42334374999999996,0.16178095883815702,1.4210854715202004e-13,-27078.277406856418,859822.2229377622,90464.83972173187,-70043.22481845583,0.0,0.0,-94610.46055821837,-209495.99175252274
2021-01-27,9958.274976212244,18697.91666666667,481495.34126797336,142.8441310529973,72,354,0.49259756944444444,0.24454752286443254,5.684341886080802e-14,-108.16078838993644,996935.9430020823,-15224.56494785915,25182.839924071395,0.0,0.0,-110558.4044718341,-230932.23978882743
2021-01-28,3794.01477026888,1139.9999999999957,439284.21954541194,170.81892262497013,80,391,0.428921875,0.24606026050664281,0.0,-176595.6092033891,873360.1097559091,7577.993170525174,-3783.978400256295,0.0,0.0,-106197.85903870907,-216018.91392506208
2021-01-29,7057.159717877852,-1588.0263157894913,455873.6400200751,150.44355735291845,76,375,0.46041842105263164,0.24181601847617537,0.0,-280853.3447218037,933518.8030572995,-32402.54440803422,39459.704125912074,0.0,0.0,-107061.69384449384,-221030.10384951258
2021-02-01,10039.303207205665,7972.727272727283,409409.2715023325,90.14844151526964,44,213,0.4415579545454546,0.22955339607867573,-2.2737367544323206e-13,-101331.91564411565,886380.5876684159,-23766.604069746354,33805.90727695202,0.0,0.0,-92403.16310989273,-194755.48098547588
2021-02-02,3902.5889621258875,4579.545454545461,328870.34828007803,81.31830886397,44,217,0.3767534090909091,0.23664476014245925,5.684341886080802e-14,69212.5864302042,756431.154504722,-6591.814649273518,10494.403611399406,0.0,0.0,-78396.31641675759,-160613.9034867771
2021-02-03,16878.1541624446,18355.55555555556,300172.3282292597,88.03181684304022,90,445,0.38366722222222227,0.18360706234041582,5.684341886080802e-14,16097.073749391191,771653.8825331209,-3629.455837602791,20507.610000047393,0.0,0.0,-58252.95971171337,-133296.0417690283
2021-02-04,4808.086728730019,8903.409090909096,285470.17316945456,93.69641137536908,88,440,0.36999943181818185,0.19219967863228832,-1.4210854715202004e-13,-60283.69153755754,745672.8391395124,-8898.081035433166,13706.167764163185,0.0,0.0,-66653.15297500898,-138020.69626737264
2021-02-05,4736.073553423439,-2281.818181818191,292544.2044072405,99.70702876873479,88,439,0.3720482954545455,0.18780218334822482,2.2737367544323206e-13,-112964.25712977236,750830.1063801678,-2079.7451460457305,6815.81869946917,0.0,0.0,-68499.68457715542,-141635.73567896555
2021-02-08,1496.1552951720782,2162.222222222213,245816.07499602155,102.06026882851721,90,446,0.3732577777777778,0.184806030220408,5.684341886080802e-14,-52271.1386172547,751323.7638112454,-8529.553590529746,10025.708885701824,0.0,0.0,-60059.92372266182,-121513.94247166721
2021-02-09,-1579.0728600037298,1034.4444444444455,261241.13083615707,110.60383566947068,90,448,0.3667166666666667,0.1477283200140639,-2.2737367544323206e-13,-178572.5206336494,739449.4271896783,2578.0447055005625,-4157.1175655042925,0.0,0.0,-66999.95940471247,-132310.24211375174
2021-02-10,4383.44716318388,9823.863636363645,234747.23122077863,105.56899435125707,88,431,0.3789528409090909,0.16115021295202905,-1.1368683772161603e-13,-25320.138067814463,764655.4001339948,-1269.787860834191,5653.235024018071,0.0,0.0,-54408.92963636203,-113095.73744155669
2021-02-11,-664.8346134740802,-1040.1136363636442,262405.69242241414,102.3575799185491,88,439,0.37658465909090916,0.16283036013835675,2.842170943040401e-14,-34814.36458395874,759471.0680436481,-9430.731748729982,8765.897135255904,0.0,0.0,-66368.61529899617,-131970.0384045997
2021-02-12,9296.111889370688,2680.9090909090983,266332.06468906894,95.44147923735551,88,439,0.36552670454545455,0.18275811921183002,1.4210854715202004e-13,-64688.31241141973,736775.0299011881,-4079.8429481167886,13375.954837487476,0.0,0.0,-57382.345762133904,-123965.36193440114
2021-02-16,849.4679858863057,1656.19565217391,204065.8068649901,145.13557378363262,92,451,0.3708711956521739,0.1245102510518704,5.684341886080802e-14,-95268.10068480585,752756.3055613036,-3350.329924943104,4199.797910829409,0.0,0.0,-50312.11930414485,-101328.57102039237
2021-02-17,-10974.161312395003,-6234.444444444457,199318.54569380142,168.62362134602907,90,441,0.37762222222222225,0.1354225719633981,0.0,-135886.45653316728,770763.4905605249,-10129.941506974174,-844.2198054208285,0.0,0.0,-60972.421357191386,-110802.05778064176
2021-02-18,3036.721702645964,4780.00000000001,170990.12438616698,187.5135360050114,90,450,0.3662438888888889,0.11042805832821143,1.1368683772161603e-13,-193196.48728711004,748466.2811145533,-2919.148179343445,5955.869881989409,0.0,0.0,-39898.322929900794,-82645.85402644252
2021-02-19,5342.093782174652,1705.434782608704,189186.44202418087,179.15710174458994,92,452,0.36837228260869564,0.11850793685832194,8.526512829121202e-14,41068.81717904211,751605.3218532578,13335.543885347925,-7993.4501031732725,0.0,0.0,-42133.67382561515,-89430.28433166038
2021-02-22,3760.2029961445837,8174.444444444443,278437.3832406293,187.63889145807028,90,441,0.37141055555555563,0.17471089296469622,2.842170943040401e-14,58667.35022394758,760114.5895803059,4769.735820161932,-1009.532824017348,0.0,0.0,-66036.78170547081,-135646.12751562812
2021-02-23,-47.03947126235876,-756.8181818181912,297663.42180384725,198.87384769794784,88,437,0.3734659090909091,0.17683855323018693,-1.7053025658242404e-13,187593.7161380698,765220.6241187319,8473.450932570457,-8520.490403832815,0.0,0.0,-74661.76876992211,-149077.62422088394
2021-02-24,3262.5689895805517,13294.069767441857,329267.20768369886,151.85018714743546,86,428,0.3795622674418605,0.19597948981014213,5.684341886080802e-14,57762.91212603206,768475.0179222764,31863.1601959392,-28600.591206358647,0.0,0.0,-79206.08311849159,-161522.88503941632
2021-02-25,4969.975013000894,8829.76190476191,351029.51939919573,150.00366530244713,84,420,0.3977994047619048,0.2152415847603353,1.1368683772161603e-13,-171616.98572515632,807177.8639518702,-11151.117521921087,16121.092534921981,0.0,0.0,-82937.40850210049,-170694.78835189942
2021-02-26,1682.3273204638913,8382.738095238095,354909.1618717371,162.1712422851298,84,412,0.3777464880952381,0.22449195061309185,8.526512829121202e-14,134449.64894418415,766171.9114788955,-23443.163998533546,25125.491318997436,0.0,0.0,-87207.1343897555,-175934.4248576898
2021-03-01,-797.2601008499885,4293.8095238095275,346976.30992179795,90.44662983389892,42,209,0.3749078571428572,0.20488060034963385,2.8421709430404007e-13,-49295.8851828348,752691.6026871523,3145.0618803269654,-3942.3219811769536,0.0,0.0,-87631.78421113337,-174375.86169158286
2021-03-02,20833.09813216785,15719.999999999998,304264.0393750419,82.39715846812925,40,192,0.366895,0.2161781271134932,-2.2737367544323206e-13,-127436.23800663732,736213.904593302,27062.590476191646,-6229.4923440238,0.0,0.0,-55315.308870060755,-131381.31871382124
2021-03-03,-2910.601743305536,-171.6666666666685,482723.4902090549,117.24584374260334,90,443,0.3715297222222222,0.19094207923294518,-1.1368683772161603e-13,64409.387067038835,750739.7000266206,11225.920889637373,-14136.52263294291,0.0,0.022222222222222223,-123708.72013931187,-244389.59269157558
2021-03-04,4593.981762424843,6840.625000000018,363256.29153292073,98.60862449138816,64,318,0.38002578125,0.27705393966004827,-5.684341886080802e-14,39564.8246175684,766021.790605242,10493.728157065809,-5899.746394640965,0.0,0.0,-86318.69974529673,-177132.7726285269
2021-03-05,-1209.2215226703192,208.13953488371635,296148.4780147321,122.18023569522381,86,422,0.3570593023255814,0.2043992112208962,-1.4210854715202004e-13,-184497.49808347155,724884.4059461072,7298.113019939875,-8507.334542610195,0.0,0.0,-75368.52126204858,-149405.6407657316
2021-03-08,-11559.973603671953,-7883.720930232553,303856.42400550295,108.13975698054517,86,428,0.3644604651162791,0.21921027735939344,1.1368683772161603e-13,-24851.47561890634,734433.8477387434,-8579.978254550568,-2979.995349121386,0.0,0.0,-87632.21936202823,-163596.32536340397
2021-03-09,-974.8544886428181,-394.31818181818335,303030.43684201676,95.97782382322366,88,440,0.35512954545454545,0.2053991875960131,1.4210854715202004e-13,-80979.8794934925,716908.3491382358,-2970.238599717782,1995.3841110749636,0.0,0.0,-76828.44152297023,-152586.05073347443
2021-03-10,-8806.122870938376,-4736.6666666666815,289504.3257947107,129.780265238636,90,448,0.3395738888888889,0.1850726726214228,2.5579538487363607e-13,-128280.99512770954,688838.7231574248,-6901.534214854774,-1904.5886560836009,0.0,0.011111111111111112,-81311.98458485468,-153688.06603353238
2021-03-11,-11422.599505544866,-9764.444444444443,294592.1170984393,120.29951016683508,90,443,0.34368166666666666,0.1983425012868072,0.0,-17667.54096882431,695250.1828314807,-3419.638728030102,-8002.960777514763,0.0,0.0,-85190.92829032152,-158838.95756493136
2021-03-12,-3086.7793802887,-2137.5000000000055,226449.61657024236,123.24505472438669,88,431,0.34987954545454547,0.17000014596613602,1.1368683772161603e-13,38814.49642925827,707939.4912615698,-6973.678228737298,3886.8988484485985,0.0,0.0,-59822.42857757368,-116434.83272013428
2021-03-15,4493.638094554288,1273.9130434782628,186489.3278011764,152.26032579226757,92,451,0.346929347826087,0.1378810646148524,-2.842170943040401e-14,-124710.16362152297,705735.3867005365,-13944.302235435967,18437.940329990255,0.0,0.0,-42280.95418153208,-88903.28613182619
2021-03-16,-5823.667216743993,2234.782608695661,191964.7451222512,186.1671416350111,92,459,0.32957282608695654,0.14090641725815065,8.526512829121202e-14,-312387.6916822747,673798.2597353371,3240.616966100696,-9064.284182844687,0.0,0.0,-54001.0206389418,-101992.2069195046
2021-03-17,4682.684542326783,4590.425531914887,187957.64228172638,206.63556342957378,94,461,0.32690744680851064,0.14329821381680902,0.0,-286712.67775049096,673470.8568192468,10684.160293032917,-6001.475750706134,0.0,0.0,-42513.36159153439,-89502.77216196599
2021-03-18,11299.123649696861,8774.468085106382,201579.95753349276,188.7468612359862,94,463,0.33842234042553193,0.13693583229361436,5.684341886080802e-14,-286047.1867713565,692252.7130540778,-11855.677457268785,23154.801106965646,0.0,0.0,-39284.612594912316,-89679.6019782855
2021-03-19,7217.441055664687,6518.888888888894,191093.797154529,193.84439078444456,90,449,0.3147827777777778,0.1701718296065754,-8.526512829121202e-14,-258410.06248456924,644916.402378601,-28104.551743395717,35321.992799060405,0.0,0.0,-40749.852623752005,-88523.30191238425
2021-03-22,10268.116288864574,4909.878048780493,234930.23531785925,204.26715136092437,82,403,0.2999554878048781,0.18366392779164004,2.842170943040401e-14,-162835.12306641828,616536.1817164413,7981.106352231418,2287.009936633156,0.0,0.0,-48668.709691961165,-107401.26852142597
2021-03-23,-12827.920977638807,860.3658536585275,316731.85569935763,180.60359951879803,82,409,0.3203393292682927,0.21093855988749466,1.4210854715202004e-13,-285549.82128464413,652811.950719218,2741.762682845383,-15569.68366048419,0.0,0.0,-92191.48850199701,-171374.45242683642
2021-03-24,3878.792207379619,8764.285714285726,296851.6357913878,195.06890578246052,84,413,0.3078892857142857,0.22167495679872806,-2.842170943040401e-14,-4432.469694482828,630935.5481825535,15041.799544745927,-11163.007337366309,0.0,0.0,-70529.1856462498,-144742.09459409674
2021-03-25,-63663.47363906582,-30065.11627906976,319548.8573345046,200.844404637924,86,425,0.3219848837209302,0.2166932824992423,5.684341886080802e-14,-195302.89821398113,661919.5394591752,2331.657742629429,-65995.13138169525,0.0,0.0,-143751.5323773299,-223638.74671095604
2021-03-26,41815.77126609011,36580.95238095239,473931.06081578624,205.8237520937439,84,416,0.3329690476190476,0.22862400675616137,1.1368683772161603e-13,-270013.7175211016,679367.0204320538,28139.541449655044,13676.229816435061,0.0,0.0,-76872.8176899502,-195355.58289389676
2021-03-29,9449.804003065365,7140.000000000027,352697.8815548059,74.721838004799,30,150,0.3717183333333333,0.2650470258776142,0.0,-36009.19926420756,745502.3951265222,-7487.113720843066,16936.91772390843,0.0,0.0,-78799.38822364091,-166973.8586123424
2021-03-30,-12677.124639484487,-10800.476190476193,373377.1617951299,90.38801479110303,42,205,0.3635192857142857,0.24124542235003116,0.0,59775.57557202217,729935.4998126217,-9241.65077998275,-3435.473859501739,0.0,0.0,-106111.80310305806,-199456.09355184052
2021-03-31,-965.8929930447521,-7714.285714285711,359854.13943995937,70.44778935524756,42,207,0.3429035714285715,0.2390875610611586,-1.1368683772161603e-13,-88806.89754607997,687785.1171856286,-14873.908017367798,13908.015024323046,0.0,0.0,-90999.87564238984,-180963.41050237967
2021-04-01,6366.9768725047215,-5259.523809523812,343975.9368789165,71.55801681417492,42,208,0.3407369047619048,0.24527360348396354,0.0,35103.8265349054,683453.2223850954,555.9938220834428,5810.983050421279,0.0,0.0,-79698.56536403859,-165692.54958376772
2021-04-05,-1300.1750440661735,-579.5454545454644,368723.3529491141,81.40892149170573,44,213,0.3728727272727273,0.24968193042286158,0.0,51386.5435471187,748116.1950150602,-12285.411962361288,10985.236918295115,0.0,0.0,-93562.4222028364,-185743.26044011494
2021-04-06,133.99643901672323,-26.1904761904957,281275.08453844406,76.0190798280258,42,210,0.3405190476190476,0.216255584209672,-1.7053025658242404e-13,-14609.725367600397,683372.8054857214,-11153.945799626703,11287.942238643427,0.0,0.0,-70260.79377542231,-140579.56491003334
2021-04-07,-3248.805339652559,-1496.5909090909022,250913.4296903075,116.64662475842867,88,436,0.3238375,0.16513356227196221,-1.1368683772161603e-13,-200235.2806207777,655902.184644032,-639.1491498187606,-2609.656189833798,0.0,0.0,-66093.80938698786,-128822.16680956475
2021-04-08,1210.074176872519,-1599.999999999987,270328.02445527096,120.35030594542354,86,423,0.3325796511627907,0.17660771929708527,1.4210854715202004e-13,-141383.6258665635,673959.8141012966,-7614.187660942249,8824.261837814767,0.0,0.011627906976744186,-66492.28224289065,-134074.2883567084
2021-04-09,1598.6425059005685,-6354.6511627907,250785.3858086382,126.5940022458951,86,423,0.3316337209302326,0.18354261321411933,-2.842170943040401e-14,-30094.003152266232,673010.535877537,-516.0745176031747,2114.7170235037433,0.0,0.011627906976744186,-61224.29794850488,-123920.64440066443
2021-04-12,8755.848914844513,5924.41860465115,240886.78064952884,106.71493932227027,86,428,0.33672965116279074,0.19404703730359227,2.2737367544323206e-13,-37834.762539124975,679636.5251526913,-2525.8826228688795,11281.731537713393,0.0,0.0,-51572.561186859966,-111794.25634924218
2021-04-13,-1538.3457845278888,-3527.777777777776,221003.7324034964,131.78945193828312,90,443,0.3260877777777778,0.1565766996795469,0.0,-73823.10424422135,660982.0912100094,-673.4783316864784,-864.86745284141,0.0,0.0,-56921.06833734027,-112172.00143821437
2021-04-14,-7843.688802083048,-10225.000000000002,263966.0916586461,136.74455290437155,88,435,0.31373977272727277,0.17145746979648988,-2.842170943040401e-14,-240747.13366068076,637439.4576419103,-4431.342061171648,-3412.3467409114,0.0,0.011363636363636364,-73971.95626964896,-139963.47918431048
2021-04-15,4155.947177266275,221.5909090909156,261898.75885029358,140.6958724156639,88,436,0.29972954545454544,0.16772908005887885,-1.1368683772161603e-13,-41099.311647054084,610065.2490868127,-6752.755214987009,10908.702392253283,0.0,0.0,-61459.43840772279,-126934.12812029617
2021-04-16,-5978.908204955984,-12993.243243243247,232477.59405687652,122.46040151378297,74,362,0.29879324324324325,0.20084707864892595,0.0,91440.47235409843,604174.4124924224,3887.2646902261563,-9866.17289518214,0.0,0.0,-64220.7671206889,-122340.16563490803
2021-04-19,12395.019560630999,1096.739130434773,154837.1628140962,111.4381535900169,92,455,0.3147951086956522,0.1254978948549628,-2.842170943040401e-14,3814.4098914541482,636004.3578105748,18241.19199937512,-5846.1724387441245,0.0,0.0,-26425.709296483066,-65135.000000007116
2021-04-20,-7912.998946538281,-5659.782608695642,164836.23159051486,144.03711283244613,92,456,0.3099005434782609,0.1291693276694136,-2.842170943040401e-14,-154776.87671378403,632699.9784406257,-5012.776362244554,-2900.222584293727,0.0,0.0,-49266.093956999444,-90475.15185462816
2021-04-21,4987.1278495441,1830.4347826086907,156609.6355998671,140.94911762452455,92,454,0.2984076086956522,0.13562987606542218,1.1368683772161603e-13,98311.34660532788,605496.1901621788,3154.3515293857026,1832.7763201583975,0.0,0.0,-34306.230168047194,-73458.63906801396
2021-04-22,2870.5360533618723,-4753.260869565213,149416.01580023748,127.46840721403915,92,456,0.3014326086956522,0.12381379575984768,-2.2737367544323206e-13,63819.9340905568,609332.7579835585,-6062.977707620215,8933.513760982087,0.0,0.0,-34610.936303911534,-71964.94025397091
2021-04-23,5921.236445726925,-2555.434782608708,138918.25599370143,132.9059051145178,92,451,0.30317173913043477,0.11309466604547083,-1.7053025658242404e-13,-10215.157488062921,614362.1505890605,-3887.229899711004,9808.466345437928,0.0,0.0,-28941.233457812952,-63670.7974562383
2021-04-26,-1569.897066701971,2962.2222222222285,220097.8141434454,112.07860962268552,90,446,0.3197077777777778,0.1691246186460051,1.1368683772161603e-13,-113536.31500301784,644422.549750673,-1998.032951794746,428.1358850927745,0.0,0.0,-56706.429212186005,-111730.88274804736
2021-04-27,567.0287049901802,4450.000000000004,206334.83298552877,121.92913837869935,90,443,0.3133,0.16169710456478648,-1.1368683772161603e-13,68048.04576737166,633032.0212505065,-8234.290825192036,8801.319530182216,0.0,0.0,-51138.60867977071,-102722.31692615291
2021-04-28,11221.153076652901,16532.222222222226,233500.74889329507,160.51779199371032,90,441,0.3050161111111111,0.1782790765254105,-1.1368683772161603e-13,-99278.93201676721,619805.4081954136,181.9138161851371,11039.239260467764,0.0,0.011111111111111112,-47314.551938664576,-105689.73916198834
2021-04-29,13755.68648406763,20265.11627906978,229112.68953936207,138.2237039343418,86,430,0.30862267441860464,0.1647531933562132,2.842170943040401e-14,-195957.48991143977,624583.0354595393,210.58506195559346,13545.101422112037,0.0,0.011627906976744186,-43660.709604707234,-100938.88198954775
2021-04-30,-14191.887928719087,-16181.395348837212,228881.7569876938,128.56187663569287,86,424,0.2993790697674419,0.18467593379341643,0.0,-71262.79814274058,605395.7229627365,-10770.514142127719,-3421.3737865913686,0.0,0.0,-71540.88905227823,-128761.32829920169
2021-05-03,24888.205044631028,20645.45454545455,251962.77848672506,79.71270685023187,44,215,0.31475568181818186,0.19945608021856492,-5.684341886080802e-14,43736.64522670375,631727.7269103252,17909.876035919384,6978.329008711645,0.0,0.0,-38182.202283900464,-101172.89690558173
2021-05-04,161.23063665947714,5970.454545454544,216332.51923759223,73.19433076073908,44,215,0.3130159090909091,0.17654923150341748,1.1368683772161603e-13,-18213.594394772834,628416.1433865633,-9523.691706100699,9684.922342760177,0.0,0.0,-53995.093503499316,-108078.22331289739
2021-05-05,-8502.429384728102,-4828.222222222217,260343.50210537977,84.9098049895891,90,449,0.29480222222222224,0.17914230042398052,-5.684341886080802e-14,33936.36498776068,593132.1568713073,-5322.707697105132,-3179.721687622971,0.0,0.011111111111111112,-73673.21471606263,-138759.09024240758
2021-05-06,8749.997611720168,14102.727272727272,236668.63384497046,85.23455501785028,88,434,0.2951167045454546,0.209490671395777,0.0,-80431.08674168595,594719.8861812504,-4229.556767486319,12979.554379206487,0.0,0.0,-50502.3954045403,-109669.5538657829
2021-05-07,-3585.729528918318,-12062.222222222224,217331.24018294044,118.6799095600135,90,442,0.28114666666666666,0.19049813407448662,8.526512829121202e-14,-160324.01208850023,570050.7794211656,8900.841423963564,-12486.57095288188,0.0,0.011111111111111112,-58037.21948421344,-112370.02952994856
2021-05-10,-2791.790137680223,6851.630434782604,231270.58336109796,84.97936998556676,92,451,0.31079347826086956,0.1838639433184957,-1.4210854715202004e-13,-11271.376990255612,625777.8413751273,13223.03279870446,-16014.822936384682,0.0,0.0,-60694.41534794028,-118512.06118821476
2021-05-11,4594.24614995134,4473.478260869563,262051.45715902428,125.18924831836559,92,453,0.31521978260869565,0.17678517980594213,1.4210854715202004e-13,-35751.8574656242,638924.6151549739,39489.072346149616,-34894.82619619827,0.0,0.0,-61043.8073881231,-126556.67167787916
2021-05-12,-2510.9667762551167,-3724.3333333333226,233370.06723022665,128.93822098575126,90,450,0.3505461111111111,0.17159829108923325,2.8421709430404007e-13,13951.470974599082,709945.0444219054,-12213.004496334108,9702.037720078992,0.0,0.0,-60982.42180479753,-119324.93861235419
2021-05-13,-1597.5449769357388,-2150.111111111128,212202.9693993415,116.66424424362738,90,448,0.32670061111111115,0.16910552405666177,0.0,-35201.659388604516,660195.5406273653,-16777.812498318446,15180.267521382708,0.0,0.0,-54764.95157101474,-107815.69392085011
2021-05-14,-2895.5160182614604,-6919.565217391304,189384.86056992723,121.08315394007496,92,453,0.3153065217391305,0.15483175105253824,-2.842170943040401e-14,-118057.95080002685,638500.2424859989,575.713164667565,-3471.2291829290257,0.0,0.0,-50362.814314683346,-97709.02945716515
2021-05-17,3839.1525883611152,4309.5744680850985,123045.70858453838,147.88671109580372,94,465,0.32636010638297874,0.09600180795932554,5.684341886080802e-14,-79187.19476847292,663797.7876445915,-5313.886433119618,9153.039021480734,0.0,0.0,-27070.161268869288,-57831.58841500388
2021-05-18,4590.5145421733505,9464.89361702127,129673.90817695903,202.80987138086402,94,463,0.3239095744680851,0.09488885936806661,-8.526512829121202e-14,-286916.35916857154,663981.3048011332,9828.632823487713,-5238.118281314363,0.0,0.0,-28030.77237344727,-60449.24941768703
2021-05-19,7690.216618469855,6714.89361702128,136717.56853417502,171.98547677602346,94,465,0.3343122340425532,0.11624927577549242,-1.4210854715202004e-13,-20309.320892859636,682281.3850293505,-10196.138398730074,17886.35501719993,0.0,0.0,-26661.160991849923,-60840.55312539368
2021-05-20,-3486.781688964404,3289.3617021276655,134400.6330363742,208.1408698272803,94,465,0.3159313829787234,0.09608666329899757,2.842170943040401e-14,-205808.84702059903,647317.2939377112,-13204.718814441962,9717.937125477558,0.0,0.0,-37295.08081788523,-70895.23907697879
2021-05-21,3007.4881132530204,-414.255319148929,144655.88362216012,178.12200981361534,94,462,0.30517840425531917,0.1257332598303969,-1.7053025658242404e-13,22336.624523630744,623229.0416876341,-21479.28165729913,24486.76977055215,0.0,0.0,-33334.60480210063,-69498.57570764066
2021-05-24,-2324.8463877636577,-1832.2826086956568,181493.21536542923,142.8197910508168,92,454,0.2941054347826087,0.15551675300915915,2.842170943040401e-14,-134294.6167318146,597041.2826173552,-5031.88553420867,2707.039146445012,0.0,0.0,-47840.970020171786,-93214.27386152909
2021-05-25,-3511.148726177792,-4405.63829787234,202626.02311123666,180.36867266433063,94,461,0.28498845744680856,0.1631325089414483,8.526512829121202e-14,20747.12287235307,581663.3263579705,-7446.436493311717,3935.2877671339247,0.0,0.0,-54348.02317665129,-105004.52895446046
2021-05-26,16786.255933436627,17742.333333333332,220511.8561202772,181.32580923538535,90,444,0.2914083333333334,0.16632108827820918,-2.842170943040401e-14,-53871.27557844196,597837.2400194326,2748.3172500711826,14037.938683365443,0.0,0.0,-38523.03390586806,-93650.99793593735
2021-05-27,-3218.361894546248,2601.2499999999973,239948.4883189207,180.04905403407398,88,438,0.28415721590909093,0.21993118421462352,-2.842170943040401e-14,-40963.27250589269,579908.7023366875,-11744.423763774375,8526.061869228128,0.0,0.0,-63385.5330283105,-123372.65510804066
2021-05-28,3487.9861779086814,1030.8888888888973,198597.43313729725,257.1264429541881,90,448,0.2642088888888889,0.1728863851354262,1.1368683772161603e-13,146482.785978649,555193.5114278243,2744.3956459561296,743.590531952552,0.0,0.0,-46418.498549369826,-96067.85683369414
2021-06-01,8801.466125510506,7181.521739130433,210174.1358551785,122.01526675406109,92,456,0.28460489130434785,0.14615357999579467,5.684341886080802e-14,11448.386227732202,578791.7149600756,6079.812663455566,2721.6534620549405,0.0,0.0,-43864.083105038175,-96407.61706883281
2021-06-02,-6057.524555159844,-7005.681818181807,205979.99825987182,124.08723101289223,88,431,0.2794943181818182,0.18761296976101363,-2.842170943040401e-14,-82658.31663265871,569680.9288210563,962.019360901616,-7019.543916061461,0.0,0.0,-57676.61135114069,-109171.61091610865
2021-06-03,7151.262592584347,4896.66666666667,202419.45605037457,131.72270500901192,90,444,0.2756677777777778,0.1890476926773099,8.526512829121202e-14,104683.12635853165,563119.3869898197,-3904.909682827244,11056.17227541159,0.0,0.011111111111111112,-43585.32412501831,-94190.18813761196
2021-06-04,-8883.482953191507,8507.608695652178,178420.5653983755,107.64521444304482,92,455,0.2720146739130435,0.15734110575729243,3.694822225952521e-13,-182253.00776287884,551868.5921741184,-6264.359164991175,-2619.123788200332,0.0,0.0,-53596.26951722843,-98201.4108668223
2021-06-07,3180.7753125417744,3037.499999999999,166717.4789026531,130.4540330740771,88,432,0.27224375,0.16100771296765257,-5.684341886080802e-14,-122219.29624921194,553205.4755259689,-4965.879018277646,8146.65433081942,0.0,0.0,-38629.04844619558,-80308.41817185884
2021-06-08,-14534.512123875393,-12027.173913043474,243913.13375171603,121.15425339329649,92,452,0.26804673913043475,0.171298549004912,0.0,-256659.82220910286,544259.8852564403,-7305.76121380711,-7228.750910068283,0.0,0.010869565217391304,-75633.9498151977,-136612.2332531267
2021-06-09,1408.3613864084302,704.6511627906997,165208.41994027334,118.78539136273383,86,427,0.25969127906976747,0.1592237305371889,-5.684341886080802e-14,-42230.80366939728,527150.66544539,-4308.740348770396,5717.101735178826,0.0,0.0,-40012.528990022634,-81314.63397509097
2021-06-10,-6473.245954120094,-7091.3043478260815,179697.8667745978,122.721476519286,92,451,0.24851358695652176,0.17334824515480082,2.842170943040401e-14,-92067.44453070867,504357.7228288286,-10913.854285674666,4440.608331554572,0.0,0.0,-51520.434124288826,-96444.90081793828
2021-06-11,3369.5855951330304,2701.086956521744,179852.37395703248,140.99730699928767,92,453,0.23457282608695654,0.18042986107707498,-2.842170943040401e-14,-61439.55473308552,478231.2957173437,1207.0112942898072,2162.574300843223,0.0,0.010869565217391304,-41734.505201124375,-86697.5986903825
2021-06-14,-1004.2218821940141,-1630.4347826087055,102731.74148693675,181.47240867466365,92,457,0.25057065217391306,0.10803794185965722,1.1368683772161603e-13,-75797.61066788081,514153.91647359484,-2180.7119974520565,1176.4901152580426,0.0,0.0,-26868.629662602867,-52551.56503433705
2021-06-15,-3612.8340039097925,-1252.1739130434762,109643.82745831777,158.91512646591826,92,457,0.25490489130434785,0.10568924476098875,-8.526512829121202e-14,-105048.37259500861,520177.5284164284,2251.1713763750804,-5864.005380284872,0.0,0.010869565217391304,-31182.705994955155,-58593.66285953459
2021-06-16,1395.7076912749928,2110.6382978723336,131962.05239260316,213.91803039711263,94,467,0.2511984042553192,0.1310295822395477,-5.684341886080802e-14,170703.1967228498,518342.483584735,8057.691562087312,-6661.98387081232,0.0,0.0,-31808.723437272907,-64799.236535423704
2021-06-17,-2970.870897970589,-2481.5957446808543,159798.51090172993,222.81150102739483,94,462,0.2529654255319149,0.1345601562547332,8.526512829121202e-14,25310.54515268142,523450.56947661686,19392.750841548466,-22363.621739519054,0.0,0.0,-43143.31012443047,-83092.93784986294
2021-06-18,3329.8481292087836,1273.9130434782687,119437.72022206776,207.4496571477261,92,453,0.26676500000000003,0.1289838586930514,5.684341886080802e-14,-29847.057048674116,550904.2185811772,-12697.182001916637,16027.03013112542,0.0,0.0,-26737.031583455882,-56596.461638972825
2021-06-21,3996.109707303889,3012.2222222222194,157492.74206134453,228.28436333918742,90,448,0.24597944444444445,0.16350551123688184,1.1368683772161603e-13,87289.43386587364,513088.91546479636,-578.3526286218433,4574.462335925732,0.0,0.0,-35605.36017137143,-74978.54568670757
2021-06-22,2680.056235846552,249.1304347826048,178919.39922165597,187.12356911102415,92,452,0.2502770652173913,0.16100770396521696,-1.1368683772161603e-13,-192460.66536623205,517277.5879197719,-867.2265089833024,3547.2827448298544,0.0,0.0,-42236.917138678466,-86966.76694409245
2021-06-23,-919.6087448186424,-361.11111111110887,172152.86136629662,198.96286782251357,90,441,0.25098333333333334,0.15535212968361545,0.0,-38497.37992600816,514654.905499146,-4411.660443969045,3492.051699150403,0.011111111111111112,0.011111111111111112,-44156.78695421531,-87195.00229578947
2021-06-24,-6263.507124246902,2215.1162790697695,175355.35485396342,215.6946304263835,86,425,0.24385058139534885,0.15826419682550003,-1.4210854715202004e-13,117860.23665773326,502530.1131387368,-3262.513052943401,-3000.994071303502,0.0,0.0,-50318.04046816414,-94156.879181655
2021-06-25,6919.279354078704,-195.47619047619946,151493.11524383494,248.92398291049298,84,411,0.24437035714285715,0.17283787630362835,8.526512829121202e-14,17910.192762383613,508878.69287151354,4940.319428622801,1978.9599254559034,0.0,0.0,-31202.923439790524,-69076.20225074925
2021-06-28,-5431.853821629643,-5869.565217391295,163546.716553064,66.63524863473694,46,228,0.2917239130434783,0.14444928357858353,-5.684341886080802e-14,10960.345021287512,585397.479242648,-5698.726731815368,266.87291018572523,0.0,0.0,-46385.168208530384,-87271.84734679638
2021-06-29,2023.3024347382175,2954.347826086953,158516.22977748292,72.10334019998862,46,227,0.29226521739130434,0.13517470197127887,5.684341886080802e-14,-100961.3326151748,586793.8971193889,-963.2757079171513,2986.578142655369,0.0,0.0,-37677.8583498325,-77306.91579420323
2021-06-30,-927.126977064908,763.04347826088,174022.7600354612,68.08064814995424,46,227,0.28498369565217396,0.1640849437163185,-1.1368683772161603e-13,-74356.88687825747,572050.9245198434,-4323.476813246139,3396.349836181231,0.0,0.0,-44500.89763408016,-88006.58764294547
2021-07-01,-221.39396981030154,-1767.391304347821,169956.22803370256,64.1506897501009,46,224,0.2750456521739131,0.13959693264962555,2.2737367544323206e-13,-10800.53449569405,551840.2591661661,-11353.85295268249,11132.45898287219,0.0,0.0,-42774.60166798604,-85263.65867641168
2021-07-02,4828.312573777104,-102.1739130434853,190578.2185566995,70.09995709572247,46,225,0.28599673913043483,0.16360875881315395,0.0,28261.878910674983,574028.1355670295,7409.358950812549,-2581.0463770354445,0.0,0.0,-42886.34202249349,-90530.89666166836
2021-07-06,-1494.4025193950179,-3881.2499999999973,221037.8563332006,73.32138484255393,48,233,0.313440625,0.16541348143636733,-1.1368683772161603e-13,43799.911019541556,628763.8205895129,2694.204105255567,-4188.606624650584,0.0,0.0,-56827.18798753771,-112086.65207083787
2021-07-07,7059.197617482851,5144.680851063826,179161.4756806095,83.34167911892771,94,464,0.2764340425531915,0.15767762115996284,-1.4210854715202004e-13,-73294.48836110446,556534.8803770808,11636.89743549838,-4577.699818015531,0.0,0.0,-37814.51298178845,-82604.88190194083
2021-07-08,-6707.542234353184,-7889.361702127657,214929.86162391386,106.98063684488407,94,461,0.2923936170212766,0.16721083460322328,-2.2737367544323206e-13,52004.2778682584,591746.1819291052,-12572.586819108066,5865.0445847548835,0.0,0.010638297872340425,-60546.98827717653,-114279.45368315499
2021-07-09,-2028.5549104115698,-6504.4444444444425,166491.39664813154,103.2671955074706,90,445,0.2728583333333333,0.14819048004044758,-1.1368683772161603e-13,87144.20017623463,551932.9904059962,-9708.133565816153,7679.5786554045835,0.0,0.0,-43754.671267951926,-85377.52042998481
2021-07-12,8339.785664815792,7327.06521739131,226736.4035873418,110.20579238901269,92,460,0.2757450543478261,0.19090111761931916,1.9895196601282805e-13,-114797.16455868901,558650.903009306,2528.6036216250764,5811.1820431907145,0.0,0.0,-48454.52102440867,-105138.62192124412
2021-07-13,-75.65421921443743,-544.1304347826094,210017.2946169163,125.00952715445756,92,459,0.26457771739130437,0.17441489790851253,1.1368683772161603e-13,-172913.23051421717,539322.2370415067,-4335.04947825737,4259.395259042933,0.0,0.0,-52704.98740059797,-105209.31105482705
2021-07-14,1934.5543785253954,-1072.9347826086994,172512.95435161318,117.42284396883053,92,457,0.2647102717391304,0.16595903841875445,0.0,-11201.804221835571,537584.9094689678,2620.49311650925,-685.9387379838545,0.0,0.0,-41311.10705334673,-84439.34564125002
2021-07-15,-574.2726165301343,-4422.446808510638,176671.01279958748,117.02622003109178,94,466,0.26868297872340424,0.14224706176898366,2.842170943040401e-14,-47149.9681125632,545201.2918861791,410.6080814894998,-984.8806980196343,0.0,0.0,-44859.052036458095,-89026.80523635497
2021-07-16,3249.459026518938,1826.333333333331,188063.63604504615,147.3462785029655,90,446,0.26609,0.16338665175868086,8.526512829121202e-14,-124788.31301226164,543810.660193264,28829.348447121516,-25579.88942060258,0.0,0.0,-43913.79626324556,-90929.70527450711
2021-07-19,4131.339295407589,201.06382978722604,130969.8556317492,112.5784494928801,94,467,0.3049276595744681,0.10120716726511406,-5.684341886080802e-14,-204557.51862009423,619378.9240563662,-7435.587305782554,11566.926601190144,0.0,0.0,-28723.703062022592,-61466.16696995989
2021-07-20,-69.11838063173482,7883.297872340421,135484.3899375885,127.4161179156638,94,463,0.30248617021276597,0.11110274117523589,2.842170943040401e-14,-202866.03188231698,614254.1813276137,-3091.2916610219795,3022.173280390245,0.0,0.0,-34067.63198294453,-67938.72946734165
2021-07-21,-2635.1738261955857,-1659.7872340425533,139253.73011260686,132.32372733337016,94,468,0.2726775531914894,0.12363392339173601,-8.526512829121202e-14,20860.662398231743,553747.7474882798,-2683.6548701769807,48.48104398139537,0.0,0.0,-37580.93008168067,-72394.36260983239
2021-07-22,11180.020958604231,10206.914893617019,113357.4921495451,118.837390069004,94,467,0.26847632978723407,0.10555974097253859,2.842170943040401e-14,-61042.850910765526,543797.3356310745,-1683.8926769922066,12863.913635596438,0.0,0.0,-17278.18946885105,-45617.56250623732
2021-07-23,-4555.846294594026,-4336.170212765959,126657.1388281455,146.67485764062792,94,463,0.2663957446808511,0.11062973996890445,-2.842170943040401e-14,116142.59095760669,541383.0647006361,-422.30063763206033,-4133.545656961966,0.0,0.0,-36366.80585927103,-68031.09056630741
2021-07-26,4971.959396625501,5436.17021276595,185435.99693410602,189.52954326493753,94,461,0.2834968085106383,0.1646924482446326,2.842170943040401e-14,-368512.0144374522,579626.7606557243,7422.253059140292,-2450.2936625147913,0.0,0.0,-41576.56938016594,-87935.56861369245
2021-07-27,5738.980170561944,8042.391304347832,171690.8131227997,172.52395781351217,92,456,0.27771630434782607,0.15488745264893178,0.0,-192780.35934262004,566211.2463381628,-5701.554646923017,11440.53481748496,0.0,0.0,-37356.247067951495,-80278.95034865141
2021-07-28,10457.138204338013,14753.913043478266,167108.64243414815,218.97908602938654,92,451,0.2853619565217391,0.14718412436473646,-1.1368683772161603e-13,-448264.3234576825,589758.4354838515,-4120.272148384448,14577.41035272246,0.0,0.0,-31539.00149022841,-73316.16209876545
2021-07-29,-10845.707951876602,565.2173913043506,181656.85948061096,259.2255163539064,92,453,0.2717548913043478,0.14587988448907732,0.0,-272855.98266121774,565404.3556260653,-1323.1838650693328,-9522.52408680727,0.0,0.0,-56519.14833838325,-101933.36320853599
2021-07-30,-4322.2629359004195,-9897.666666666672,167229.62056439463,211.79393177989047,90,445,0.27873222222222227,0.14964432575185277,-8.526512829121202e-14,-128255.13558061002,573890.3025668088,-7004.204130169983,2681.9411942695633,0.0,0.0,-46341.462008778966,-88148.86714987762
2021-08-02,-13727.490410013883,-14680.434782608707,251937.3114977355,111.6053513502939,46,229,0.3248521739130435,0.14872930001961238,0.0,-97468.15956115231,656383.2234555655,680.8726466788142,-14408.363056692697,0.0,0.0,-76823.42363579806,-139807.75151023193
2021-08-03,-1327.1529553754067,173.91304347827008,240071.09678083117,94.11643244191553,46,227,0.3255173913043478,0.1715119822520347,1.1368683772161603e-13,-96572.60779138714,654279.4543426225,410.8622251002613,-1738.0151804756679,0.0,0.0,-61439.043583025115,-121456.81777823291
2021-08-04,-12429.816798202066,2449.6739130434717,206017.52336058856,127.83832312593482,92,453,0.2949958152173913,0.15457843148726247,1.1368683772161603e-13,-64189.62955834148,598464.0350488605,-9439.37541632705,-2990.4413818750163,0.0,0.0,-64062.03596147514,-115566.41680162228
2021-08-05,2245.4062302983084,4458.666666666663,200972.7703177294,123.80131244082162,90,442,0.2973955555555556,0.14387985199090464,5.684341886080802e-14,-82958.01549280062,602805.8211644586,-9178.323737752902,11423.729968051211,0.0,0.0,-48121.587661574864,-98364.7802410072
2021-08-06,-6391.301278468944,-7347.777777777776,204885.5326420736,111.56689333593003,90,444,0.27450444444444444,0.17245768805721906,0.0,-177235.456674951,554267.3742573742,-7206.894429016086,815.5931505471427,0.0,0.0,-57724.25133232327,-108945.63449284168
2021-08-09,1549.8636436319598,2624.9999999999964,171032.63884522687,110.94731473741926,92,457,0.27843913043478263,0.1486884826705246,-1.7053025658242404e-13,-143128.27805871353,562517.937077596,5116.891916856765,-3567.0282732248056,0.0,0.0,-41319.24338241218,-84077.4030937189
2021-08-10,1668.5980341570003,4627.659574468088,148411.89249609364,124.91567310029484,94,461,0.28555904255319153,0.12160903650218428,-5.684341886080802e-14,14935.804630939896,577840.0577918119,1309.4014321099444,359.1966020470559,0.0,0.010638297872340425,-35559.2907629667,-72662.26388699011
2021-08-11,5087.775100891751,5676.595744680857,173042.8141765468,115.57431516558937,94,464,0.2723579787234043,0.14775597897946127,-1.9895196601282805e-13,-79563.77864770213,550924.8219545919,-2344.147879658318,7431.92298055007,0.0,0.0,-38288.50275841054,-81549.20630254723
2021-08-12,-2295.7270348119487,-97.7173913043479,184521.4823067856,124.91965274597656,92,456,0.2726054891304348,0.17368289140271737,5.684341886080802e-14,-91128.09666297608,552464.6968083422,-3893.8586741606987,1598.1316393487502,0.0,0.0,-48551.017264254326,-94681.38784095072
2021-08-13,2200.0700656652366,-4520.2173913043425,150247.4783101475,116.5376908161953,92,458,0.26578858695652174,0.13696827014391036,-1.4210854715202004e-13,-108232.26437912924,536450.481642165,-1152.1044539276338,3352.1745195928706,0.0,0.0,-35478.337202687835,-73040.20678022472
2021-08-16,-231.77124981856338,1879.8936170212778,91135.78856635108,189.4222912649983,94,465,0.2728116489361702,0.07944267044335676,-1.4210854715202004e-13,-208569.0092491015,560147.7220126458,12371.8853747408,-12603.656624559362,0.0,0.0,-23205.140682671332,-45989.087824259106
2021-08-17,5052.873698834384,6419.148936170216,121326.3600078977,174.03594038646716,94,463,0.2895941489361702,0.09415478725057572,2.2737367544323206e-13,-240469.29692230345,591321.2125130793,5456.1366636853545,-403.26296485097055,0.0,0.0,-25452.75224352651,-55784.342245500935
2021-08-18,2765.3871178609397,3892.55319148936,118046.89101774814,188.42211819051184,94,465,0.27873031914893615,0.09891155802952047,-5.684341886080802e-14,-59465.53540732528,570393.3585880668,11907.859577264451,-9142.472459403512,0.0,0.0,-26934.757754766608,-56446.48050920364
2021-08-19,2734.6399326867427,-316.84782608696116,120793.55580742926,186.96470884457108,92,459,0.30381576086956524,0.10787968233246448,-3.410605131648481e-13,-322720.4946413828,624648.3182268837,-13058.4428149328,15793.08274761954,0.0,0.0,-27650.713728015144,-57849.10267987246
2021-08-20,-723.0606092696773,-3491.382978723411,107836.81291386472,172.98872197627608,94,461,0.2724019680851064,0.1068112515996998,2.842170943040401e-14,95966.93912923716,557343.9934100541,-17076.833647511572,16353.773038241894,0.0,0.0,-27855.25255971213,-54814.45578817831
2021-08-23,-3963.797433882945,241.4893617021304,170256.86980286887,204.19012308338108,94,461,0.2712579787234043,0.15555258116600096,2.842170943040401e-14,-246028.84347698704,560125.9024813739,-2046.410481961857,-1917.386951921088,0.0,0.010638297872340425,-46732.205007683544,-89296.42245840076
2021-08-24,-7150.846844110467,-7936.170212765962,178724.25924456515,216.7728733524395,94,463,0.26564574468085106,0.15836651882456373,2.842170943040401e-14,-35625.72953369152,548869.619091103,-5581.633109135434,-1569.2137349750328,0.0,0.0,-52048.68452860419,-96729.74933974548
2021-08-25,-2018.433434031604,9824.787234042553,153967.29846453053,198.68249605444748,94,468,0.26267606382978725,0.13709805343187442,5.684341886080802e-14,-102592.41207881045,540079.2283552975,2933.1084455229125,-4951.5418795545165,0.0,0.0,-40708.940546218684,-79200.76516235131
2021-08-26,8665.799855437532,2179.130434782607,178527.9351050198,282.4765680531969,92,460,0.26698032608695654,0.15538703286395245,1.1368683772161603e-13,-328599.02210329816,558447.7330136286,-6066.811816896946,14732.611672334478,0.0,0.0,-36248.66048887062,-80880.64426512556
2021-08-27,6153.876222043424,5768.913043478259,184624.74804798324,278.56946000549704,92,452,0.24701532608695653,0.16650333240328388,-1.9895196601282805e-13,196031.25084454255,517772.7443076212,-4152.4423331805865,10306.31855522401,0.0,0.0,-40280.88024995789,-86437.06726195369
2021-08-30,-410.58067641426646,-5417.08333333335,186849.5103100829,100.14159857901676,48,234,0.278365625,0.13279202429733516,5.684341886080802e-14,64035.09643338839,560740.5624827845,-1471.9840186993963,1061.4033422851296,0.0,0.0,-47223.09985251401,-93935.47743003473
2021-08-31,17483.657311608902,12212.708333333336,191507.62375924079,82.64300066550149,48,233,0.2766530208333334,0.17030553861915843,1.7053025658242404e-13,47953.976148846676,556477.2404349453,7494.043636186861,9989.61367542204,0.0,0.0,-30475.891628866797,-78352.797568677
2021-09-01,3083.815119913418,3521.5957446808557,169887.17444897158,138.035546323787,94,463,0.2532276595744681,0.15057669870549814,-5.684341886080802e-14,-51640.55137144466,515560.0472906318,1335.4579480917057,1748.3571718217124,0.0,0.0,-39526.014038653266,-81997.80765089617
2021-09-02,-3878.7423906153394,-2666.6304347826053,177328.151666739,127.20612771674003,92,454,0.26037755434782606,0.160522249936345,-5.684341886080802e-14,-111349.05774768224,529153.4425584356,-4762.019453265115,883.277062649775,0.0,0.0,-48337.98643501683,-92670.02435170158
2021-09-03,-4117.325366094274,-2392.9347826087014,135812.58502840414,130.9352290106529,92,453,0.2432429347826087,0.13418170132897939,1.4210854715202004e-13,52147.368340901034,493516.4148425651,-1333.6733834966826,-2783.651982597591,0.0,0.0,-38201.40685220596,-72154.55310930699
2021-09-07,1144.0040471529214,4580.638297872336,151865.29343747674,137.43838742602517,94,469,0.27349255319148935,0.13098019911654796,-5.684341886080802e-14,12460.603656802388,555945.7553510158,3527.947066501172,-2383.9430193482503,0.0,0.0,-36959.75769964229,-74926.08105901147
2021-09-08,6842.492144026733,4728.723404255317,158804.8030719452,153.2200339790141,94,461,0.26661702127659576,0.1347239575188927,-1.4210854715202004e-13,61143.69139893098,543150.5667765372,3421.192873603259,3421.299270423474,0.0,0.0,-33011.92865793858,-72713.12942592488
2021-09-09,-7548.218732449086,-4428.260869565215,169479.72686065684,157.95051138474372,92,459,0.2631,0.15293462111913245,-5.684341886080802e-14,-183227.69193146395,535646.9612898793,4420.145222881535,-11968.363955330622,0.0,0.0,-50076.10095899804,-92446.03267416224
2021-09-10,5141.926038349123,927.1739130434821,180630.07213003954,149.4650235256482,92,456,0.27692010869565215,0.17207042872745304,8.526512829121202e-14,1678.1421812847402,564826.3427241748,-2235.2620300295102,7377.188068378633,0.0,0.0,-40165.05701768641,-85322.57505019629
2021-09-13,-1582.9928813698682,1019.1489361702198,117231.35171192577,196.76750251516924,94,468,0.2735372340425532,0.10455984846238178,5.684341886080802e-14,-113954.11351853565,564665.8808329666,1072.713785656437,-2655.7066670263057,0.0,0.0,-31087.59831186648,-60395.43623984793
2021-09-14,7062.116619039081,880.8510638297887,118442.4344699368,203.60605625624643,94,467,0.2611627659574468,0.10846120307076286,5.684341886080802e-14,80287.17533842138,539639.1296923155,1002.0708172496828,6060.045801789398,0.0,0.0,-22752.098054701364,-52362.706672185566
2021-09-15,1665.7603646143966,86.17021276595312,122519.87060414259,194.8478432147641,94,467,0.27203297872340426,0.118084267780956,-8.526512829121202e-14,42588.10054478567,559806.0323073094,-1304.366672332008,2970.127036946405,0.0,0.0,-29159.055129636014,-59789.022780671665
2021-09-16,-4216.268311570142,-3178.8297872340418,114535.07422564729,182.02169815164797,94,468,0.26965425531914894,0.10629388716471494,-2.842170943040401e-14,53568.76436535164,553070.780442759,1927.1898552044784,-6143.458166774621,0.0,0.0,-33032.058566133615,-61665.82712254544
2021-09-17,11102.849303819765,6865.425531914901,117055.43851646747,217.41564306242236,94,470,0.2877201595744681,0.08611167151632929,-1.4210854715202004e-13,4925.81148499644,593100.4523588239,32380.661727945946,-21277.81242412618,0.0,0.0,-18378.425968359523,-47642.285597476395
2021-09-20,-3670.122804066006,-2938.888888888904,210881.1189937506,157.98453134092512,90,450,0.33521055555555557,0.16610718769705674,-1.9895196601282805e-13,-47533.98796614339,681793.065269557,-20323.42530841693,16653.302504350922,0.0,0.0,-56548.38708384458,-109268.66683228224
2021-09-21,5957.274635035319,6129.347826086965,175245.01128196387,164.5179175180129,92,460,0.2956907608695652,0.14763814505407596,-1.4210854715202004e-13,-99740.06970461528,602059.0751141479,-9942.461254106223,15899.735889141542,0.0,0.0,-38018.496102973666,-81829.74892346462
2021-09-22,-4588.954074968801,1972.340425531914,173504.9639107872,169.0952394464375,94,462,0.2795989361702128,0.15173197684248835,-2.842170943040401e-14,-115707.63089328884,571202.1944964536,-4255.792774696279,-333.1613002725228,0.0,0.0,-48134.29029211204,-91510.53126980884
2021-09-23,379.7801525183032,1857.6086956521726,182424.1817241736,150.28012989471316,92,458,0.2820157608695652,0.1567307018072267,5.684341886080802e-14,21029.206607371096,571873.954815282,-2642.0447218180398,3021.8248743363433,0.0,0.0,-45376.54540841981,-90982.59083946321
2021-09-24,8025.088341652453,2151.0638297872297,164015.55314006947,207.00678141431203,94,461,0.26764680851063827,0.1437415016789749,0.0,-141867.89722447458,550703.9260218182,2630.8122094873725,5394.2761321650805,0.0,0.0,-33185.80672477923,-74189.69500979659
2021-09-27,14212.164469914733,9015.21739130434,166406.71422283887,117.1821049933007,46,227,0.2996423913043479,0.13551720984854357,-5.684341886080802e-14,135982.37125797718,604436.7917094978,34058.136672724446,-19845.97220280971,0.0,0.0,-27506.696190788287,-69108.37474649801
2021-09-28,-3615.746075279171,-2904.1666666666683,174796.75490088755,93.24676277984516,48,233,0.3052697916666667,0.15779167920930814,-5.684341886080802e-14,87041.43507300677,614203.187494304,-7163.459560268294,3547.713484989123,0.0,0.0,-47408.18156328091,-91107.37028850279
2021-09-29,264.6964010100519,1687.5000000000064,241046.96089695077,124.4739934509785,48,231,0.3059322916666667,0.1634147470866025,-1.7053025658242404e-13,-64890.67174837531,618382.4176763187,19561.83471910597,-19297.138318095916,0.0,0.0,-60121.51781667862,-120383.25804091632
2021-09-30,-5585.895694392854,-4823.913043478259,276246.54360406124,96.28128754795736,46,224,0.33255543478260874,0.2332627349185484,-1.7053025658242404e-13,-16470.956311629732,668894.2945643868,-4503.711731711294,-1082.18396268156,0.0,0.0,-74743.81288295612,-143805.44878397143
2021-10-01,2996.368036681358,-2065.6521739130367,208607.3463208794,104.73344139165032,46,229,0.3065510869565217,0.17157277617998182,0.0,-59646.55595330052,618505.6273179124,12081.512137644915,-9085.144100963556,0.0,0.0,-49260.20198493014,-101412.03856515
2021-10-04,1493.7972389050863,69.56521739129676,218911.66932013884,106.11936977626493,46,226,0.3387978260869566,0.18561597253355586,-1.1368683772161603e-13,112158.22788559338,682462.2609837201,-17104.024935702626,18597.82217460771,0.0,0.0,-53340.23946090589,-108068.1567909406
2021-10-05,-6995.648976875013,-7685.6250000000155,200216.98368419413,94.04794217067898,48,235,0.30351781250000004,0.1607547504950527,-2.2737367544323206e-13,46640.282744485565,611176.5676416716,5598.168192469191,-12593.817169344204,0.0,0.0,-57143.94284009422,-107198.18876114277
2021-10-06,-12387.676161379748,-10720.212765957443,153584.75800026447,121.18543674966946,94,464,0.2913776595744681,0.12770996703227389,1.4210854715202004e-13,43571.32383764203,589390.7895558665,-16806.146874610415,4418.470713230666,0.0,0.0,-50905.05109819554,-89301.24059826165
2021-10-07,-6050.43459827561,-5017.765957446815,178249.1769357546,123.65768536505496,94,462,0.2865152659574468,0.13789787455527275,5.684341886080802e-14,-18310.714891164578,581313.0267309721,-5292.571465861861,-757.8631324137493,0.0,0.0,-50736.38651757932,-95298.68075151797
2021-10-08,-5106.562465309039,-2208.777777777769,159324.11254684764,136.83006297783086,90,447,0.28958883333333335,0.1451942107736996,8.526512829121202e-14,-71692.64318586138,586291.7733029336,-10509.148835106445,5402.586369797406,0.0,0.0,-45074.42066499878,-84905.44880171068
2021-10-11,3317.514334585711,2317.9787234042597,164350.6529016407,115.74360900731787,94,465,0.2890327127659575,0.1289959610327071,0.0,-94047.19168676235,585025.0205640544,123.38870719436429,3194.1256273913464,0.0,0.0,-37885.892499831774,-78973.55572524195
2021-10-12,-1035.7103280649358,-2908.043478260877,158297.65707087403,149.21880016732575,92,458,0.27569315217391305,0.14039863784358478,-1.1368683772161603e-13,-99226.21619495592,562271.49528274,-7152.222777425624,6116.512449360688,0.0,0.0,-40759.343395950775,-80333.75766366927
2021-10-13,-4562.905722454046,-3488.297872340415,171759.80683648345,135.5354792657912,94,463,0.27623829787234044,0.14681039880828736,-8.526512829121202e-14,-118656.4006547885,560576.7123679613,-4975.304581306292,412.3988588522458,0.0,0.0,-47638.392910840696,-90578.34461996156
2021-10-14,-2260.1746455158213,-3162.765957446821,176052.4220279964,138.3489932293995,94,463,0.2756127659574468,0.14740826496948464,1.1368683772161603e-13,141707.93516556127,559092.52152802,-9700.484232110928,7440.309586595107,0.0,0.0,-46411.629145744315,-90424.73465274343
2021-10-15,72.98789558058455,-3738.8888888888837,164209.4460162096,144.72645962228722,90,449,0.2840938888888889,0.14848093026019654,-1.1368683772161603e-13,36033.652527434635,577605.1950292966,25.982340311227034,47.005555269357444,0.0,0.0,-41124.10006809411,-82176.4615721465
2021-10-18,2080.0742506564675,657.3404255319067,115365.37356468395,115.73606600685092,94,468,0.28965904255319147,0.09123528410221653,-1.7053025658242404e-13,-182613.21144194447,585848.3428967209,1086.8683184719478,993.20593218452,0.0,0.0,-26877.00520652137,-55718.348597692355
2021-10-19,-2667.281471634946,-4158.404255319145,122639.13278012197,136.24522461966367,94,466,0.2946792021276596,0.10397050250664468,1.4210854715202004e-13,75120.1621918251,598294.6866373651,41.77497054283185,-2709.0564421777776,0.0,0.0,-33463.3098912851,-64123.093086315595
2021-10-20,-3460.401288000285,-2352.1276595744657,120945.5585763,131.0147148026791,94,469,0.2895968085106383,0.10124049232856713,2.842170943040401e-14,-152145.2748645944,588001.6429318589,-205.0943185785958,-3255.3069694216892,0.0,0.0,-33827.80564687797,-64064.195290952965
2021-10-21,-5963.64564502606,-2584.0425531914943,131579.44813741988,167.0290045416197,94,467,0.292004255319149,0.10720830805580238,0.0,6163.116520568765,595875.9128787847,4033.4136179098214,-9997.05926293588,0.0,0.0,-39025.53668392265,-71920.39871827762
2021-10-22,-3553.793574469779,-7441.3829787233935,119066.63923655436,121.6435924910633,94,466,0.3142678191489362,0.09468459265832137,5.684341886080802e-14,44934.51521661142,635654.0487696681,-6731.223196552681,3177.429622082902,0.0,0.0,-33442.096976099434,-63208.756785238016
2021-10-25,2116.4636411415177,5287.6086956521685,192969.7260472339,181.5087346983696,92,460,0.30892467391304346,0.13651501992893073,-5.684341886080802e-14,-268494.9705994687,630957.1753212312,2323.775292326288,-207.31165118477008,0.0,0.0,-46307.47660536533,-94549.9081171738
2021-10-26,9066.352152641364,14682.954545454555,175118.33538644956,186.78983251109653,88,440,0.30287840909090913,0.1457311579097694,-1.4210854715202004e-13,-76700.9345889445,620803.0287615344,17362.07666982433,-8295.724517182967,0.0,0.0,-34900.02152648212,-78679.60537309451
2021-10-27,-12069.623415531923,-190.86956521739768,168195.15770193457,168.238884329232,92,457,0.30338043478260873,0.130507457121967,0.0,-115422.95668629682,617814.6401555199,-1348.065461796156,-10721.557953735768,0.0,0.0,-54286.651725344804,-96335.44115082844
2021-10-28,-11541.639986854147,120.543478260873,177091.08040725408,195.42376753573163,92,451,0.30372875,0.13210352588011934,-8.526512829121202e-14,-115704.78861975617,623622.4653091882,-7908.535450210274,-3633.1045366438734,0.0,0.0,-56009.8338562034,-100282.60395801692
2021-10-29,-15514.228650022422,-15425.888888888889,169935.55105830784,191.46653756317286,90,448,0.3079745555555556,0.1428870810260311,-2.842170943040401e-14,54228.885882343355,627366.2375718701,5049.580968695992,-20563.809618718413,0.0,0.0,-58189.58295216256,-100673.47071673952
2021-11-01,-4887.019391232166,491.66666666665094,171137.24116725923,87.40700939451773,48,234,0.32617395833333335,0.1153135946849616,1.1368683772161603e-13,-17940.529899898902,656371.3790950603,4522.5603520984,-9409.579743330565,0.0,0.0,-47758.73669244149,-90543.0469842563
2021-11-02,-1549.042478965693,-3280.4347826087023,178640.85456378182,78.12944647503046,46,224,0.3334054347826087,0.1274623621806856,5.684341886080802e-14,-92296.37639261808,670688.9951605342,4077.032073726685,-5626.074552692377,0.0,0.0,-46287.385566386176,-90947.59920733163
2021-11-03,-9210.477787052065,2266.3043478260784,212247.46557136576,119.82721598635779,92,454,0.3093521739130435,0.15700352418547522,8.526512829121202e-14,-6309.68718678446,624945.0209588789,5401.364343559347,-14611.84213061141,0.0,0.0,-62392.17139587986,-115454.0377887213
2021-11-04,11481.300492051183,10603.191489361707,203385.46382663856,138.37363186288277,94,463,0.3162494680851064,0.15501020312825428,0.0,-8564.88194181646,641905.9936948468,15584.190930271025,-4102.890438219841,0.0,0.0,-39503.43909647134,-90349.80505313097
2021-11-05,-3225.2672951534414,-3484.999999999998,236306.67764636918,134.81488228053308,92,451,0.3256004347826087,0.18004468055396444,2.842170943040401e-14,-65544.96515837328,660164.0764235444,-3291.6684690384063,66.40117388496492,0.0,0.0,-62436.751589026266,-121513.42100061857
2021-11-08,-4435.008542988655,218.47826086957556,218262.37651528735,128.21671636526236,92,460,0.3194,0.17918260296515293,1.4210854715202004e-13,-426.91576288749366,647056.2112687007,1923.3906323407368,-6358.399175329391,0.0,0.0,-59128.819388175754,-113694.41351699759
2021-11-09,7678.390236280799,8520.212765957442,206218.17425231152,118.98712524622819,94,465,0.30716648936170216,0.16994794340287023,-1.7053025658242404e-13,21393.577462668356,622200.3105045761,151.54447692934565,7526.845759351454,0.0,0.0,-43995.140452043306,-95549.6840151212
2021-11-10,-303.624641286432,4228.695652173913,191745.93607581456,129.05133560842728,92,459,0.3082038043478261,0.17047234420071816,-1.1368683772161603e-13,66711.97748891734,625420.5077824496,-6436.530263114417,6132.905621827985,0.0,0.0,-48369.1599958485,-96305.64401480214
2021-11-11,2462.65135164299,1102.765957446815,202576.5124132437,131.03403592033501,94,469,0.29725606382978725,0.159268430872106,-5.684341886080802e-14,-58984.397418184424,602344.96405087,-32.35085018636343,2495.002201829354,0.0,0.0,-48312.51078758827,-98956.63889089921
2021-11-12,-5965.095068947941,-3732.9787234042483,193594.92342554269,129.98793323161433,94,463,0.3133436170212766,0.14755071355495233,-1.4210854715202004e-13,-19003.864285096475,635750.2062039154,-7128.46833464538,1163.3732656974387,0.0,0.0,-54493.81385856523,-102892.5447149509
2021-11-15,2229.9080708764354,5269.148936170221,114975.75523538618,181.5198285267061,94,469,0.3155244680851064,0.10444966168127003,-2.842170943040401e-14,258373.46253080192,646028.3130528321,-1091.7830360736054,3321.691106950041,0.0,0.0,-26695.55056649682,-55439.48937534336
2021-11-16,990.9499698380704,1886.170212765958,112691.29823276348,200.84925863375733,94,467,0.29460691489361707,0.09837987092355191,-2.842170943040401e-14,72800.83134879706,607310.4704757342,1581.7058046778398,-590.7558348397692,0.0,0.010638297872340425,-27382.723846986555,-55555.54840517743
2021-11-17,-5747.04586733526,-1380.5319148936255,106484.05266674487,182.9822357782116,94,469,0.2971881382978724,0.093945575656068,-8.526512829121202e-14,-77309.75694113503,608969.0848353085,-761.0943154050902,-4985.951551930169,0.0,0.0,-32551.041269799687,-59172.05443648591
2021-11-18,5126.341848980988,5992.5531914893545,120111.04095540268,210.8372787547586,94,463,0.2944026595744681,0.10022857624258631,-5.684341886080802e-14,-259887.1433046228,605171.4088718313,6643.557314221158,-1517.215465240169,0.0,0.0,-25112.255668624442,-55140.01590747511
2021-11-19,-8751.711537128975,-12477.173913043474,139358.78714843848,178.83367136133765,92,458,0.3080413043478261,0.10470952312143685,5.684341886080802e-14,-107400.28061220635,629605.2498058449,-4423.595548032128,-4328.115989096846,0.0,0.0,-43770.241995599936,-78609.93878270955
2021-11-22,-4666.806597998057,2730.4347826086914,256159.5880993208,194.0463470932423,92,454,0.30499239130434785,0.1789541007564003,1.1368683772161603e-13,-207742.37293716217,625612.4420750182,7968.427015795957,-12635.233613794015,0.0,0.0,-68900.7499699215,-132940.6469947517
2021-11-23,-9719.177881876056,2533.11111111111,195497.0470709634,190.9445654435228,90,443,0.3093116666666667,0.17202549434562064,0.0,-293600.3417847137,633280.3539097052,-5490.4374657072185,-4228.740416168837,0.0,0.0,-58784.38421506043,-107658.64598280127
2021-11-24,20721.48569063058,8442.065217391297,241797.6814777015,172.48101079308609,92,452,0.3048009239130435,0.16873032661392806,2.8421709430404007e-13,-254343.43062068886,621678.2255460934,60665.44010039535,-39943.954409764774,0.0,0.0,-39900.41568958788,-100349.83605901325
2021-11-26,-5518.462435036523,-6037.282608695644,263452.927318162,195.84095176449142,92,453,0.3470548913043478,0.19703822226021867,5.684341886080802e-14,-21116.25983658684,709597.6008540381,-34725.42383643121,29206.96140139469,0.0,0.0,-71577.53521634151,-137440.767045882
2021-11-29,8713.226412727015,942.3913043478256,283231.3162717646,99.0258945959401,46,223,0.38499423913043485,0.18524810790847093,5.684341886080802e-14,-158271.26505458605,775992.8825313525,40512.08448983538,-31798.858077108365,0.0,0.0,-62193.62854981007,-133001.45761775124
2021-11-30,-46359.301183574564,-23039.13043478261,288851.7254987565,106.75742397226128,46,222,0.3895097826086957,0.1820026093342337,-1.7053025658242404e-13,-117822.24377701287,785581.3193625112,12904.541155544222,-59263.84233911878,0.0,0.0,-118678.98998223596,-190891.9213569251
2021-12-01,-3510.0572571933444,6309.09090909089,363006.95889899513,106.93222846737535,44,218,0.3942568181818182,0.2201314209513294,3.410605131648481e-13,-59043.32300759338,797403.3122791905,-2430.865940115676,-1079.1913170776684,0.0,0.0,-94368.7292104095,-185120.46893515828
2021-12-02,-8194.961865724857,-7013.636363636383,276517.52744851226,109.55399934713527,44,217,0.38315795454545454,0.19461843136677778,1.1368683772161603e-13,9294.528013186866,772171.4940972762,22504.933691613496,-30699.895557338354,0.0,0.0,-77433.89772720005,-146563.27958932813
2021-12-03,10292.57383254058,17977.272727272724,256408.98393935792,131.96953164432284,44,213,0.43162727272727275,0.17425749485996003,-1.7053025658242404e-13,-197321.3985652877,871056.3073344631,-19033.26623705266,29325.840069593243,0.0,0.0,-53941.64168394322,-118043.8876687827
2021-12-06,19598.566324019586,26763.181818181813,235986.55334993004,106.81034252898554,44,220,0.38082727272727274,0.18480538922744116,0.0,28258.743230459542,767255.2163841057,-13240.997581069958,32839.56390508954,0.0,0.0,-39504.88235599191,-98501.52069347442
2021-12-07,12026.203854558978,16402.608695652176,276699.245430413,122.14689185334532,46,225,0.3647319565217391,0.17940409941912855,0.0,34834.224903174814,737760.4063515391,-12953.027151413911,24979.231005972888,0.0,0.0,-57270.754394897616,-126445.56575250087
2021-12-08,7580.665939517284,7928.888888888885,223956.75889217044,143.27564024767844,90,450,0.3070188888888889,0.19329745309747487,-5.684341886080802e-14,-188672.59587634614,626410.3418782105,4305.783673220446,3274.8822662968378,0.0,0.0,-48551.79942377301,-104540.98914681561
2021-12-09,-4057.0138469573335,-2030.8695652173847,203762.2396656369,128.34132404778086,92,453,0.31041576086956524,0.16570373220280937,-2.842170943040401e-14,-52307.71423571939,630865.3422813342,-15234.140560706981,11177.126713749647,0.0,0.0,-55125.915087414345,-106066.47500382357
2021-12-10,5705.612734165758,2385.8695652173865,211727.06489888128,126.39910860238909,92,460,0.27933347826086957,0.19093268974235844,-8.526512829121202e-14,-143435.2347694986,567455.0457406259,5909.7538181834,-204.14108401764184,0.0,0.0,-47352.55259915695,-100284.31882387727
2021-12-13,1888.642546511169,3792.765957446815,178734.14957249997,116.88872272385346,94,466,0.3004922340425532,0.14410794768847976,8.526512829121202e-14,-105274.54507647308,608744.4006779135,3478.324179599088,-1589.681633087919,0.0,0.0,-42911.78356933768,-87595.32096246268
2021-12-14,2572.3697029973087,3333.4042553191457,197353.77640657208,144.42714036821673,94,462,0.29934744680851066,0.14874543724124056,1.4210854715202004e-13,-252684.83038224583,609910.1420433846,-1106.8290806386565,3679.1987836359654,0.0,0.0,-46910.50153901392,-96248.94564065695
2021-12-15,-10443.010478768972,-2517.6086956521767,226482.56639715537,125.15421131676756,92,455,0.29296565217391307,0.1761662255103133,-5.684341886080802e-14,57709.92289204637,593627.5141170202,4591.629481198518,-15034.63995996749,0.0,0.0,-67188.80628937458,-123809.44788866343
2021-12-16,9080.959888287663,7053.26086956521,294580.99915905757,157.49340291651964,92,457,0.30196358695652176,0.2157358244550928,-2.842170943040401e-14,-78544.32955972836,616144.7973358516,7167.037705797823,1913.9221824898393,0.0,0.0,-64721.78330439325,-138367.03309415764
2021-12-17,16298.026285199185,8154.06976744186,235567.7935661239,142.16975080721383,86,424,0.3160357558139535,0.21844713299924404,-1.4210854715202004e-13,-206805.85935573117,642369.8140889498,6865.863207469654,9432.16307772953,0.0,0.0,-42736.091857139,-101628.04024866997
2021-12-20,-6309.752508709405,3382.4468085106296,171662.2964560593,155.49598728168476,94,467,0.3152625,0.14001762488128697,1.1368683772161603e-13,-44197.632309245106,642898.6629633915,-9078.61257101244,2768.8600623030343,0.0,0.0,-49380.82261000591,-92296.39672402074
2021-12-21,7653.99066667059,7243.61702127659,157113.3092414522,170.53110003846336,94,464,0.2814994680851064,0.1290385059948086,-1.1368683772161603e-13,-60986.52381545222,575627.211798422,-9483.275262250381,17137.265928920973,0.0,0.0,-31794.867743730923,-71073.19505409397
2021-12-22,988.4811076187774,-819.1489361702086,182776.63380108925,191.15956301151385,94,465,0.2845281914893617,0.14282304202911578,1.4210854715202004e-13,-196656.381602702,585170.4029320499,-8769.365696128227,9757.846803747005,0.0,0.0,-44896.83690566505,-90590.99535593737
2021-12-23,2014.1076694147005,-6893.478260869566,152196.8021007756,205.8819086527854,92,453,0.2745994565217391,0.14589148138846963,2.842170943040401e-14,-138609.4694025868,564144.7777036701,-9778.03130051792,11792.13896993262,0.0,0.0,-36240.97476443199,-74290.17528962587
2021-12-27,8934.025103697184,7173.604651162785,201973.05190092442,252.10861946081243,86,424,0.2855480813953489,0.17829503743458097,8.526512829121202e-14,25983.200629981187,594283.6735446277,900.527709165061,8033.497394532123,0.0,0.0,-41811.346490994736,-92304.60946622583
2021-12-28,-3340.0542172102823,-4694.444444444445,213040.93167607096,218.73749745770527,90,445,0.27940888888888893,0.16924793653256584,-1.7053025658242404e-13,-300183.1642245231,578316.6315010537,-7863.148467259742,4523.094250049459,0.0,0.0,-56819.02463368572,-110079.25755270348
2021-12-29,7822.1323213106,6362.222222222223,208498.83153171823,233.61032671546536,90,443,0.2628444444444445,0.19148677234541908,-2.842170943040401e-14,-258614.70662225568,545896.693781045,-3839.727765829583,11661.860087140183,0.0,0.0,-44536.185888334425,-96660.89377126399
2021-12-30,2310.9753035156855,62.22222222222172,250542.81568605662,287.96485219580893,90,442,0.26666611111111116,0.17592031692393884,8.526512829121202e-14,-123575.79816525032,558555.7289018801,-5596.410419963023,7907.385723478707,0.0,0.0,-60612.69347019428,-123248.39739170844
2021-12-31,-110.89417155370802,-4111.21951219511,208571.93907846045,298.7165429450256,82,401,0.2543213414634146,0.20355331158247242,1.1368683772161603e-13,-460824.71480663284,533260.7807557216,2895.144084419257,-3006.038255972965,0.0,0.0,-52552.595484113845,-104695.58025372896
2022-01-03,-6539.162738624662,-6045.8695652173965,226274.02807920575,96.2422986891318,46,225,0.28774880434782607,0.17729146284439995,1.7053025658242404e-13,-13085.426564801443,579661.4201067573,3490.7054133353076,-10029.868151959969,0.0,0.0,-63203.91205711523,-119772.41907691666
2022-01-04,9207.146339859155,9850.000000000007,254034.23883272381,106.88920033659528,46,222,0.3130478260869566,0.14359584319520205,0.0,104.40864225844689,629521.4187633371,25157.78489965052,-15950.638559791363,0.0,0.0,-54408.30256865839,-117916.86227683934
2022-01-05,990.6240492554535,-2072.2222222222135,216450.2019085458,113.3664479983072,90,448,0.3199733333333334,0.16908094069727725,0.0,-126553.33735737804,646015.7072219369,-1974.4056910245317,2965.0297402799856,0.0,0.0,-53235.2928758793,-107347.84335301576
2022-01-06,-377.51489273276815,-282.0652173912928,205928.0853535309,135.62461763110477,92,459,0.3185315217391304,0.16238010319854732,-8.526512829121202e-14,115124.00141317588,646178.853457658,-554.3615256245519,176.84663289178349,0.0,0.0,-51995.1608487466,-103477.18218712934
2022-01-07,3027.7059683659786,77.44680851063686,208277.2678897962,119.8304500351741,94,462,0.32511223404255324,0.14592497374124883,8.526512829121202e-14,190480.24728511937,657337.3207722135,6748.057998913156,-3720.352030547177,0.0,0.0,-49161.44145411825,-101230.7584265673
2022-01-10,4697.658470050015,7515.95744680851,221462.17760658413,129.80873591690272,94,464,0.3441409574468085,0.1605912661147192,-1.9895196601282805e-13,8245.52414864541,697698.0217750148,-2262.5477294128273,6960.206199462842,0.0,0.0,-50797.694667512915,-106163.23906915895
2022-01-11,-1407.7314811916813,-1637.4999999999989,225095.22271015725,139.45607942446682,96,472,0.3219828125,0.17047831856675907,-2.842170943040401e-14,18912.25348611087,654114.4453661718,-2415.9832908208496,1008.2518096291686,0.0,0.0,-57820.99323815546,-114094.79891569477
2022-01-12,-2186.914037018989,2842.553191489352,222648.42799783955,143.77672542163228,94,463,0.3242590425531915,0.16995992455920084,-2.842170943040401e-14,49311.353167861074,658662.1826256432,7259.189507548104,-9446.103544567093,0.0,0.0,-57992.79776190051,-113654.90476136039
2022-01-13,-3548.9862046774597,-6081.914893617024,217364.02505529486,146.53966558025002,94,466,0.33221382978723407,0.16488676147087925,8.526512829121202e-14,136340.2678805075,676135.1093112843,-1285.3806894563081,-2263.6055152211516,0.0,0.0,-58036.53213408142,-112377.53839790514
2022-01-14,-15205.135044228033,-2853.8043478260915,226297.93923522934,159.87499643795272,92,458,0.33388532608695654,0.15474855947552985,1.1368683772161603e-13,-27574.701787878937,680045.2452557216,20131.346071005522,-35336.48111523356,0.0,0.0,-71939.49484947333,-128513.97965828066
2022-01-18,10283.264725222429,6904.57446808511,185929.69232769412,169.91522145123037,94,463,0.3596613297872341,0.13312706179865083,-2.2737367544323206e-13,123379.96430387892,732105.1100000854,-5057.246062521047,15340.510787743477,0.0,0.0,-36369.07357815233,-82851.49666007586
2022-01-19,-1444.1400888980922,-3125.531914893622,183712.8865704416,168.43127650148745,94,463,0.34614468085106387,0.12880510481352195,2.5579538487363607e-13,-117470.14774557787,706137.108704317,3706.0599045464637,-5150.199993444556,0.0,0.0,-47540.793008009976,-93469.01465062037
2022-01-20,-3111.5095699785593,-273.40425531914593,250624.99218585342,187.41316514637424,94,462,0.345304255319149,0.14716247888297437,-1.4210854715202004e-13,-206297.19564285997,705165.6388074787,29683.829897339747,-32795.33946731831,0.0,0.0,-65955.17078158828,-128611.41882805164
2022-01-21,10307.092677146144,2582.608695652164,280749.6013598902,191.2825010249101,92,458,0.394254347826087,0.16907112175425926,-8.526512829121202e-14,-39450.88703562866,804739.425421544,19581.38911216559,-9274.296435019447,0.0,0.0,-60071.59016385131,-130258.99050382386
2022-01-24,-21251.776570506303,-13683.720930232546,346264.96299191494,175.9731937202617,86,429,0.3895703488372093,0.22101445750740054,5.684341886080802e-14,86959.30312817454,791922.1819265387,-769.4085160752148,-20482.36805443109,0.0,0.0,-107993.9905122053,-194560.23126018405
2022-01-25,9431.03635553237,5534.000000000007,333430.2211694863,168.8388384268433,90,444,0.3914388888888889,0.191488075075782,2.842170943040401e-14,74165.55332826742,796509.7919632461,-7451.167413188572,16882.20376872094,0.0,0.0,-74095.35777526605,-157452.91306763762
2022-01-26,-4070.0337556760173,-3803.1395348837186,311819.1246138679,159.00994143284643,86,423,0.40003529069767446,0.2188002898009462,1.4210854715202004e-13,-249707.71051622173,812128.0521792929,-2074.0882447767017,-1995.9455108993152,0.0,0.0,-82183.82485057584,-160138.6060040428
2022-01-27,-735.2910454232428,5074.444444444444,301647.4753978971,163.84995362491296,90,448,0.3936611111111112,0.18034222686016677,1.1368683772161603e-13,29128.322020292326,800037.7277723098,-12059.963515043963,11324.67246962072,0.0,0.0,-76311.00984852244,-151722.87869799673
2022-01-28,7162.291998614358,7875.000000000004,313463.09965127805,196.7514907043253,88,440,0.36158465909090914,0.20600116096582569,8.526512829121202e-14,121900.40824433707,737046.7271711283,-13228.447912994287,20390.739911608645,0.0,0.0,-71400.23440490948,-149766.009317729
2022-01-31,-12011.351758742858,-4324.782608695657,256454.9571929325,93.06682399747686,46,223,0.40894782608695657,0.17152115970771784,-1.7053025658242404e-13,-94782.3733821407,822392.7340971106,-14412.20199832459,2400.8502395817322,0.0,0.0,-76218.15788097345,-140331.89717920657
2022-02-01,-2293.929773123546,-1595.0000000000011,232493.7505291714,109.28113353595563,44,217,0.39201909090909093,0.14192895946516912,-1.1368683772161603e-13,-39893.12843637596,790410.2311844736,-8430.087644841775,6136.157871718228,0.0,0.0,-60526.64853895236,-118650.0861712452
2022-02-02,-9966.816718040083,-6444.456521739142,230353.74011714826,132.92521962012634,92,455,0.34648152173913044,0.16240892877057797,1.1368683772161603e-13,-61909.77157610726,703064.5853147386,16674.538488426693,-26641.35520646678,0.0,0.0,-67688.17696694727,-125276.61199623434
2022-02-03,-467.8035835406125,3840.108695652164,253499.51892511488,132.7858002727811,92,453,0.37622440217391306,0.16488415604807632,-5.684341886080802e-14,-83776.65514692118,760604.7785973831,-15817.296295019589,15349.492711478975,0.0,0.0,-63975.46911509211,-127350.34884637085
2022-02-04,-6582.8419854002905,-18250.0,253976.64846765925,132.69974928056345,92,452,0.3640684782608696,0.174184194078895,-8.526512829121202e-14,-92644.04061384467,736974.3686580204,-9435.769897595594,2852.9279121953045,0.0,0.0,-70209.70385159567,-133703.86596851048
2022-02-07,11227.42626817153,5968.409090909104,226467.61415964903,131.33413080118277,88,440,0.35927784090909093,0.17597926988955723,-8.526512829121202e-14,8582.798859792096,727215.0058888858,-4981.559837225099,16208.986105396629,0.0,0.0,-45520.81140254191,-102137.71494245417
2022-02-08,-6087.9152708302645,-3804.673913043488,223498.77897245798,138.22652685466065,92,454,0.34519820652173916,0.15094338896794354,1.1368683772161603e-13,86846.59473692403,699796.3216004667,-9498.142319763292,3410.2270489330276,0.0,0.0,-62100.83654079942,-117975.53128391392
2022-02-09,16838.62548456966,17454.431818181827,228167.9861173281,154.9132767746921,88,434,0.3371096590909091,0.16976919511514935,-1.9895196601282805e-13,-28378.077510791707,685835.4365810483,16453.009539047383,385.6159455222748,0.0,0.0,-40358.28432153706,-97400.28085086908
2022-02-10,716.5314524252271,10245.666666666664,247529.80911484885,125.07073967569019,90,450,0.34931272222222226,0.16637027599161913,0.0,-101049.03999639455,706278.5255353542,29779.509639664833,-29062.978187239605,0.0,0.0,-61290.99156596268,-123173.44384467488
2022-02-11,4882.250155169117,448.5227272727186,262003.34549374148,152.0099514517524,88,438,0.36118255681818184,0.194819351891419,2.842170943040401e-14,-5719.571674210062,734295.3578223723,-2283.3589686643395,7165.609123833457,0.011363636363636364,0.011363636363636364,-60770.596169718,-126271.43254315337
2022-02-14,-2251.488752109155,-4702.826086956522,174174.65425184558,170.2051283743823,92,452,0.34945869565217397,0.1360237738747493,2.842170943040401e-14,47647.94505888574,714513.7136806557,-18273.126559051092,16021.637806941935,0.0,0.0,-45965.35744344493,-89509.02100640633
2022-02-15,2517.7796317981047,1302.1739130434826,178039.14704931408,210.86440746362695,92,458,0.34402445652173913,0.13903873886769902,-5.684341886080802e-14,216227.55666540092,705042.5549310152,-8324.957569955608,10842.737201753713,0.0,0.0,-42202.87153799404,-86712.65830032255
2022-02-16,-2787.807409334053,-1934.7826086956547,172586.95336469173,194.80869090493883,92,458,0.3251858695652174,0.13080492928782442,-5.684341886080802e-14,7687.570722097451,665650.816269747,18834.974295255153,-21622.781704589204,0.0,0.0,-46129.354441411924,-89276.09278258486
2022-02-17,-6795.755966802874,-2307.608695652188,182701.24349436534,195.82669603895954,92,458,0.36142771739130436,0.12306726034579195,-1.4210854715202004e-13,-48501.38573299377,738689.131617577,-4786.995523323725,-2008.7604434791492,0.0,0.010869565217391304,-52666.89353643317,-98342.2044100245
2022-02-18,-7823.487026743854,-10713.804347826086,185866.33292183792,213.69565704548825,92,451,0.3760586956521739,0.12033141594541015,8.526512829121202e-14,-73534.25446185925,770939.2512005242,-5812.52541661628,-2010.9616101275735,0.0,0.0,-54503.76591424882,-100970.3491447083
2022-02-22,2464.6583127103486,1202.159090909096,300937.0287419192,168.9111174961337,88,439,0.39598482954545455,0.19003304348791075,-1.1368683772161603e-13,-14839.259626599449,801889.2362038788,7890.916004069877,-5426.257691359528,0.0,0.0,-72938.50999026558,-148172.7671757454
2022-02-23,13639.070077962426,19517.500000000007,336309.9983127179,163.55827285316508,88,435,0.4028591477272727,0.17055908374595974,-8.526512829121202e-14,94338.3588442119,819455.9636516129,20065.776922946967,-6426.706844984541,0.0,0.011363636363636364,-70601.9877730702,-154679.4873512497
2022-02-24,3177.3877138212974,7637.209302325569,304536.7712504913,169.2564615662038,86,429,0.38939418604651166,0.19796543315776774,2.8421709430404007e-13,94118.91823812338,792430.4949459065,2840.9560160173323,336.4316978039639,0.0,0.0,-73126.06156036773,-149260.25437299057
2022-02-25,-6170.658580066648,-9806.931818181818,281433.3986431936,234.7675122359724,88,439,0.36025113636363637,0.17482927279007812,1.9895196601282805e-13,5947.850551540981,744329.5346164975,10832.467342096244,-17003.125922162893,0.0,0.011363636363636364,-76763.77575310101,-147122.1254138994
2022-02-28,2165.2082169176256,2269.090909090912,292148.40177631425,105.87170827979057,88,437,0.36879562499999996,0.1789993943150997,2.5579538487363607e-13,-53252.08184693109,743513.6950566436,32522.50467036402,-30357.296453446394,0.0,0.0,-70977.76393544073,-144014.8643795193
2022-03-01,9492.943655062663,7016.022727272719,283367.0518025196,116.60823180460018,88,435,0.4044675568181818,0.17695607815613731,4.263256414560601e-13,44586.98298653014,814493.4497054592,-11484.609511256247,20977.55316631891,0.0,0.0,-61465.42752737184,-132307.19047800172
2022-03-02,1025.8841796910892,-1160.1136363636422,243782.9534410077,113.5045522454282,88,440,0.3769148295454546,0.16002517057474597,2.842170943040401e-14,87767.38360812802,760081.1229887435,4491.122806948477,-3465.238627257387,0.0,0.0,-60033.35873280627,-120979.0970930582
2022-03-03,-16766.056426483046,-8431.818181818197,270997.5941378154,135.01601956334866,88,440,0.3877482954545455,0.16295630378689754,-2.842170943040401e-14,-60556.88352330038,785277.1040485199,23735.997693211426,-40502.054119694476,0.0,0.0,-84650.47098050025,-152399.86951495407
2022-03-04,-33700.791544443455,-11533.720930232563,286457.95124110684,130.52663536479636,86,425,0.41691279069767445,0.17599250303447714,5.684341886080802e-14,128255.05025908012,841993.3866940183,21521.64891370601,-55222.44045814946,0.0,0.0,-105445.80599008496,-177060.2938003617
2022-03-07,6590.063628621219,4509.090909090907,307974.2722095747,123.96615116395333,88,434,0.46542215909090906,0.1782897558042544,-1.4210854715202004e-13,-43280.49746940744,938208.7073212409,-400.0924570363899,6990.156085657609,0.0,0.0,-70527.47057493641,-147521.03862733007
2022-03-08,-1795.7012043182588,7422.727272727268,318297.2119773567,113.48198040515715,88,436,0.47881590909090915,0.17511965842732916,2.842170943040401e-14,-78878.955648097,964896.8951756767,-9424.063591454566,7628.362387136307,0.0,0.0,-81483.48617906259,-161057.78917340178
2022-03-09,1563.0760471176804,2873.3333333333358,271667.0458126123,124.73380600806333,90,443,0.4379472222222222,0.16965338758010123,8.526512829121202e-14,-8484.497540581946,884985.4500394429,-6470.045315437367,8033.121362555048,0.0,0.0,-66478.41921204346,-134395.18066519653
2022-03-10,3774.72311243994,-4273.888888888896,253605.91832740675,116.12477805637745,90,441,0.42998694444444446,0.15010669731500817,-2.842170943040401e-14,19359.903355907813,865396.3418405815,1511.2180650090054,2263.505047430934,0.0,0.011111111111111112,-59742.881247468125,-123144.3608293198
2022-03-11,8505.249704121592,6589.772727272732,261625.96209125858,120.75112333013023,88,440,0.43825227272727274,0.1526925859777721,-5.684341886080802e-14,-137568.58602366148,884911.6108096688,3448.628233469123,5056.62147065247,0.0,0.0,-57021.99194202319,-122428.48246483783
2022-03-14,194.19676627118855,4862.333333333333,200283.36985559718,127.6739984328618,90,449,0.4075305555555556,0.1294407248601102,-2.842170943040401e-14,-148365.1986934659,825964.6276729027,-8445.170630663131,8639.36739693432,0.0,0.011111111111111112,-50004.319696060964,-100075.16215996027
2022-03-15,-5352.19135362097,7696.555555555562,196665.0300898976,148.1924427032372,90,446,0.4039733888888889,0.11729641469176541,0.0,-6940.0723878858535,819422.864603601,-22062.576694696607,16710.385341075635,0.0,0.0,-54666.6413187986,-103832.89884127301
2022-03-16,8809.08152235497,4976.66666666667,188247.26678540575,166.3157564413263,90,441,0.38103277777777783,0.13605340711453914,-1.4210854715202004e-13,-25523.35346598211,776664.0330765895,-7894.010609718986,16703.092132073958,0.0,0.0,-38419.05093043779,-85480.86762678923
2022-03-17,10641.163235977698,10975.555555555558,213574.96229356277,179.19395158529062,90,446,0.3641016666666667,0.1433438620293867,-8.526512829121202e-14,-176689.8719751994,743351.506885528,-10433.810562611223,21074.97379858892,0.0,0.0,-42931.77128899829,-96325.51186238897
2022-03-18,-12218.943413700887,-8955.952380952396,201559.66862668487,171.32361379276787,84,420,0.34478273809523813,0.1557822623124276,2.842170943040401e-14,-211379.15971638687,705478.6571413167,-12788.344304582024,569.4008908811388,0.0,0.0,-62780.18418416487,-113170.10134083609
2022-03-21,6889.292934290308,4432.142857142833,265852.7235064289,177.661944800546,84,420,0.3519654761904762,0.19358859743755788,1.9895196601282805e-13,64363.282083614766,717143.9635267669,-7585.758849073354,14475.051783363662,0.0,0.011904761904761904,-59751.54988711746,-126214.73076372468
2022-03-22,-1098.3590955461582,-1043.2954545454422,267659.2705337367,221.73003554542262,88,431,0.3240784090909091,0.19559626969691796,2.842170943040401e-14,-273518.40452280495,667506.5717816397,5958.9206242786795,-7057.279719824837,0.0,0.0,-68234.90676452575,-135149.72439795992
2022-03-23,9908.735419155668,6461.627906976746,231099.3883611871,176.12761254217068,86,426,0.33979709302325584,0.18848765243693502,-5.684341886080802e-14,-44727.65891650682,692244.7191817791,253.7540489831615,9654.981370172507,0.0,0.0,-48042.23928368328,-105817.08637398006
2022-03-24,1653.4542746517625,-1671.1111111111227,249749.52313374288,231.69547719058718,90,447,0.32253166666666666,0.1798352380642897,1.4210854715202004e-13,99650.1480047699,660919.9991592324,2824.555258965552,-1171.1009843137901,0.0,0.0,-61015.62198597455,-123453.00276941026
2022-03-25,9252.523317826144,4811.627906976748,261527.5613341859,217.87449851650362,86,430,0.32572209302325583,0.19126516051248785,-5.684341886080802e-14,131537.34570070045,668415.2323942576,-8528.029613862578,17780.552931688722,0.0,0.011627906976744186,-56347.24151423683,-121729.13184778333
2022-03-28,-3949.925979967052,-1344.999999999988,204103.05984770262,112.99650802167736,40,199,0.3404825,0.16548482558729116,2.2737367544323206e-13,115932.78449087402,685014.39765729,-9829.618921725414,5879.6929417583615,0.0,0.0,-55088.68744991439,-106114.45241184004
2022-03-29,-216.52473480126855,-816.6666666666642,270806.59218914155,121.28985777322426,42,210,0.3324392857142857,0.1802113359985269,5.684341886080802e-14,-185943.56290332077,669811.8074850742,211.1122444342136,-427.6369792354824,0.0,0.0,-68039.46263985988,-135741.11068714526
2022-03-30,6785.759902070551,286.3636363636301,252566.66189395264,107.29608703523832,44,212,0.3303977272727273,0.19004324921077115,0.0,-76814.58807711265,664837.1913035386,9685.523856231233,-2899.7639541606814,0.0,0.0,-56463.20165845285,-119604.867131941
2022-03-31,10265.49844723335,9279.545454545458,254424.11798647314,83.84376020033136,44,211,0.34551136363636364,0.20271897916953713,5.684341886080802e-14,-40387.98519236087,695016.9370111725,4233.388330984207,6032.110116249145,0.0,0.0,-53424.374809585264,-117030.40430620355
2022-04-01,-25906.941210957542,-12346.59090909091,246638.99932640285,112.23839237146026,44,216,0.3615193181818182,0.1726439485127219,-1.1368683772161603e-13,-41751.72866841624,727678.3285776413,-12783.261069702283,-13123.680141255258,0.0,0.0,-87678.92943492973,-149338.6792665304
2022-04-04,2343.105333383129,-764.3181818181715,221528.9469945376,99.45724620741875,44,220,0.36526090909090914,0.16192223868857458,2.2737367544323206e-13,27360.711152962485,734671.4842321476,11842.531702398663,-9499.426369015533,0.0,0.0,-53138.58866145869,-108520.8254100931
2022-04-05,4339.577492566636,-5369.772727272743,229241.07946153884,97.92468682393287,44,217,0.36980875,0.15322790712307868,1.7053025658242404e-13,45003.28714037338,743534.2886419577,16871.177202791663,-12531.59971022503,0.0,0.0,-53068.61705964201,-110378.88692502672
2022-04-06,2106.9755496112593,-1245.555555555558,230337.92996163713,112.67095198649007,90,448,0.3537838888888889,0.1503194684312294,1.7053025658242404e-13,-125105.26894495173,715417.6430371712,9699.63600324561,-7592.660453634351,0.0,0.0,-55590.17789278451,-113174.6603831938
2022-04-07,9839.538505214758,6886.666666666668,227368.4730746593,122.85738834295343,90,445,0.34680500000000003,0.16986166569312774,1.7053025658242404e-13,-16115.066909131481,701997.4539874296,1452.3270648562745,8387.211440358484,0.0,0.0,-47125.43715179302,-103967.55542045784
2022-04-08,1413.22180520659,-11116.666666666664,239255.22319969162,122.59543419020088,90,447,0.3640166666666667,0.16448238779261323,-2.842170943040401e-14,-45430.81761169224,735324.8632123185,2612.769793917673,-1199.5479887110832,0.0,0.0,-58523.17942890652,-118336.98522882942
2022-04-11,4118.546606226876,4904.65909090909,226191.92743437263,123.13921615320444,88,436,0.3747426704545455,0.16418334483806868,-2.842170943040401e-14,-61268.390355454394,757468.8687215478,-5048.090276724676,9166.636882951552,0.0,0.0,-52552.57446851949,-109100.55632711263
2022-04-12,4274.872277889984,2936.956521739122,198462.09160038747,132.2020194655931,92,452,0.35354293478260873,0.13816179954177635,8.526512829121202e-14,-45853.382566379514,715574.3606889084,-4678.706202347949,8953.578480237933,0.0,0.0,-45472.85264167248,-95088.37554176935
2022-04-13,-876.2535494271144,1101.0869565217322,212513.90513032433,124.03986865395309,92,451,0.3604576086956522,0.1468647801998703,0.0,-55908.09798671704,727924.0004895461,-4587.853302573206,3711.5997531460916,0.0,0.0,-54128.76970066215,-107257.24598324324
2022-04-14,-3307.212058244424,-10684.44444444444,228488.5658004498,137.0291453206357,90,450,0.34637833333333334,0.17135202563531074,8.526512829121202e-14,-120478.73704707956,700348.9360724867,-7430.3840521716575,4123.171993927233,0.0,0.0,-60566.382653677516,-117688.52410378995
2022-04-18,3696.4233356419304,2453.26086956522,179202.63717603782,117.72311740387178,92,454,0.3558635869565217,0.12448762241939482,8.526512829121202e-14,61596.60305766061,718100.0466740235,127.50001226972202,3568.9233233722084,0.0,0.0,-41221.9590757714,-86022.61836978086
2022-04-19,-5798.485040974641,-4334.444444444451,169065.38861216462,123.92419076508328,90,449,0.35048,0.12391336665315573,2.842170943040401e-14,26429.558429099056,708675.8783844158,7742.91557225105,-13541.40061322569,0.011111111111111112,0.011111111111111112,-48188.756384780885,-90455.10353782204
2022-04-20,-8371.728805897565,-3627.7777777777833,194813.8309968154,126.46186592344355,90,444,0.35954166666666665,0.1387261014831764,-1.1368683772161603e-13,-175142.06056063762,725519.9665063493,13878.258145391725,-22249.986951289287,0.0,0.0,-57201.64842102486,-105905.10617022871
2022-04-21,-192.7792632955896,-5038.636363636361,186435.89359688485,131.64347613001883,88,435,0.3698272727272727,0.12930787502442384,-1.4210854715202004e-13,-205726.25964849247,747448.8239077199,23399.85699749585,-23592.636260791438,0.0,0.0,-46933.39613864682,-93542.36953786803
2022-04-22,7991.119002577706,-797.7777777777812,203641.31706998067,145.64569614046238,90,447,0.40430222222222223,0.13296662583502267,-2.842170943040401e-14,-126869.24049355945,818216.985171899,-533.9301319910082,8525.049134568715,0.0,0.0,-43064.855961057925,-93975.18522855309
2022-04-25,-2855.1421284573653,3334.090909090906,301121.1337400317,185.045253234464,88,433,0.3987659090909091,0.17724222925343464,2.842170943040401e-14,-23672.20471538163,812586.5487234858,20931.086385559964,-23786.22851401733,0.0,0.0,-78320.47081669974,-153600.75425170767
2022-04-26,6136.919341397741,7558.139534883732,324717.4989923612,191.61016557103366,86,426,0.39939127906976746,0.20594649470991766,-2.842170943040401e-14,209087.59011033797,813523.2226625092,-4742.78165583537,10879.70099723311,0.0,0.0,-75234.06557226359,-156413.4403203539
2022-04-27,-11500.773601162438,4759.090909090914,296751.3853572891,187.02079850520659,88,437,0.41036875,0.20259783946983223,2.842170943040401e-14,22201.68841001887,834017.6722072768,-6737.460958588677,-4763.312642573761,0.0,0.0,-85875.64073898993,-160063.4870783122
2022-04-28,5668.326238948173,6923.333333333335,310704.5692110986,175.81223142148218,90,443,0.3867777777777778,0.18592010820043836,-2.5579538487363607e-13,21793.611886602503,786051.8210817165,31004.529277347723,-25336.203038399548,0.0,0.0,-72183.62829524797,-149859.7705980226
2022-04-29,-557.5947536764352,-14350.348837209302,309320.5568545597,180.09378150496818,86,429,0.42897674418604653,0.1998520730330406,2.2737367544323206e-13,-67036.91297712694,872480.1330046294,-7707.454530866274,7149.8597771898385,0.0,0.0,-78067.82774882132,-155397.96696246124
2022-05-02,9384.896053999164,12156.818181818182,255003.4569750637,117.45609829590369,44,218,0.45239204545454553,0.13161195169039694,-5.684341886080802e-14,-74718.96611327206,909412.3225435554,-1578.3529770929636,10963.24903109213,0.0,0.0,-54483.42428806266,-118234.28853182858
2022-05-03,23826.445216020027,17745.454545454548,265767.0528573779,109.75556157057409,44,218,0.4037284090909091,0.15951053458958464,-1.1368683772161603e-13,-12979.878167643488,813908.5323088964,-3552.667772844691,27379.11298886472,0.0,0.0,-42725.07355989502,-109166.8367742395
2022-05-04,-8093.832028073199,2943.333333333328,292902.7292822082,118.74580404998392,90,443,0.36615222222222227,0.17970028601458574,0.0,-133070.57911669044,740159.219149191,41354.82863823757,-49448.660666310774,0.0,0.0,-81438.26015267523,-154663.94247322727
2022-05-05,-32871.6775483156,276.66666666665594,257415.87286450987,122.67130301640124,90,442,0.4157405555555556,0.17071867535977164,2.2737367544323206e-13,-96300.25770306839,840253.1085791902,-4593.956148999937,-28277.721399315662,0.0,0.011111111111111112,-97348.31706745946,-161702.28528358694
2022-05-06,3229.7383760369084,-833.6956521739146,282710.39841019467,123.11998785129836,92,453,0.4011461956521739,0.16763232807691833,-2.5579538487363607e-13,-106637.67957439234,811668.463640835,33331.38861051043,-30101.650234473527,0.0,0.010869565217391304,-67570.98121436306,-138248.58081691174
2022-05-09,-2595.3187669044446,-5435.222222222214,288660.2151913953,134.82135377427073,90,445,0.4271738888888889,0.16956733829000464,2.842170943040401e-14,-81393.76675884765,863963.2474011817,-7462.266003205697,4866.947236301252,0.0,0.0,-74895.19391852754,-147060.24771637638
2022-05-10,117.65062122435367,3396.8888888888796,294196.7474566291,141.95893957640982,90,446,0.41716933333333334,0.17270194934308397,-2.842170943040401e-14,-13569.863315805345,848050.4310929568,10127.910261225277,-10010.259640000922,0.011111111111111112,0.03333333333333333,-73573.49518250933,-147122.68204666662
2022-05-11,7248.23000682912,4508.888888888893,299225.15890674683,141.50852760658546,90,447,0.41603777777777784,0.16457864648171475,1.4210854715202004e-13,-116826.57975174763,842569.7072278165,6327.215851245008,921.0141555841113,0.0,0.0,-67699.56824746417,-142505.8579741509
2022-05-12,-6575.178722997733,2263.636363636376,309990.4672646574,143.84857368292307,88,440,0.43684659090909095,0.18413953959951712,5.684341886080802e-14,-137311.0513633258,882248.7075885474,-13139.56120556445,6564.382482566718,0.0,0.0,-84216.644112845,-161714.26092900932
2022-05-13,-2981.8324320811644,-5358.222222222228,266584.44189023454,135.1632178466021,90,444,0.4062424444444445,0.18482284303483626,5.684341886080802e-14,30383.2099759569,822255.0552068496,-26240.231418796615,23258.39898671545,0.0,0.0,-69763.1061224864,-136409.21659504503
2022-05-16,3491.1896049176557,11729.021739130432,216895.6565155992,166.63622960564805,92,456,0.39236157608695654,0.13456550232437484,-1.4210854715202004e-13,-77991.52697430522,799350.9882220335,-5891.650818976587,9382.840423894242,0.0,0.0,-50899.36075358779,-105123.27488248759
2022-05-17,-3216.0199274103043,-5592.222222222224,206512.7551837552,189.69939741853182,90,445,0.3664816666666667,0.13599408663732726,1.4210854715202004e-13,-247332.3273823121,753253.9963789363,55336.86406986427,-58552.88399727458,0.0,0.0,-55033.908120767635,-106662.09691670643
2022-05-18,-2440.3710817655647,6801.111111111109,205447.37667906217,201.40106452110157,90,449,0.4188977777777778,0.13618809251711575,8.526512829121202e-14,-264276.14777158364,860801.4895162375,-7037.454853545744,4597.0837717801805,0.0,0.0,-54003.61631605221,-105365.46048581775
2022-05-19,-19262.096743974682,-5523.260869565199,225476.0749324697,179.40756040633548,92,453,0.4051861956521739,0.13323134231307962,1.9895196601282805e-13,-5314.385420930166,826993.7261065656,-6667.625198522543,-12594.471545452137,0.0,0.0,-75810.52303749844,-132179.54177061588
2022-05-20,-14636.616933757845,-16237.777777777786,210281.50118397162,165.28694408614675,90,444,0.41406,0.12541133798188756,8.526512829121202e-14,-151811.5372097692,841194.9283837506,-20226.329957704562,5589.713023946717,0.0,0.0,-67372.27917383688,-119942.6544698298
2022-05-23,12371.897640955653,15467.777777777796,247234.51476949744,160.30506104122497,90,441,0.40042333333333335,0.1534000784031541,-1.4210854715202004e-13,-88712.21345701687,815460.2590064864,9480.663258454822,2891.2343825008325,0.0,0.0,-49597.03611245994,-111405.6648048343
2022-05-24,212.96437352173683,4455.555555555557,271168.45470008155,187.09902249717115,90,449,0.41044666666666674,0.17764066420093536,2.842170943040401e-14,-229650.0288198575,839576.7009321464,-6492.21163013539,6705.176003657127,0.0,0.0,-67766.24832399582,-135558.3619990162
2022-05-25,-29356.745896635868,1485.86956521739,297166.6918936615,256.5740998593341,92,455,0.41649293478260874,0.15553366945561148,8.526512829121202e-14,-556190.7889316941,867327.0434176594,-9531.078512692018,-19825.667383943848,0.0,0.0,-103904.99296991059,-178196.66594332596
2022-05-26,-165.6013332632769,7233.333333333321,304994.9608944754,174.09250863016442,90,449,0.3825072222222223,0.19323261314478937,0.0,16313.308492727681,775939.5161529812,-7074.9958265014,6909.394493238124,0.0,0.0,-76588.43406551228,-152837.17428913113
2022-05-27,4402.319800566265,-5661.279069767428,257088.0714109295,174.1950954139181,86,429,0.36068895348837215,0.18072769758331367,0.0,-134656.9331098884,733666.6588917837,-1704.3634369348963,6106.683237501162,0.0,0.011627906976744186,-60043.89314758003,-124315.9110003124
2022-05-31,3523.0842292594693,4783.444444444448,244743.8721768351,125.25209957858907,90,449,0.36260594444444444,0.1814434554995411,-1.4210854715202004e-13,-20307.46757662873,735316.5529100087,1343.9436222348547,2179.140607024615,0.0,0.0,-57788.1359145279,-118974.10395873667
2022-06-01,-9328.03802552255,-5136.1702127659755,216125.37671740545,124.97002110867064,94,462,0.3556262765957447,0.14854191740386552,1.7053025658242404e-13,28780.894584060385,719325.1535784366,-10252.961173291169,924.9231477686182,0.0,0.0,-63484.35222598258,-117515.69640533395
2022-06-02,2031.544098840056,1417.222222222225,219115.41210655597,124.9526821330223,90,445,0.346675,0.16598476981457744,5.684341886080802e-14,34750.30053828051,699760.1365158506,1209.9651078186212,821.5789910214346,0.011111111111111112,0.011111111111111112,-52872.26160993196,-107651.11463657096
2022-06-03,2166.635242314081,-1009.8888888888935,212514.61833973927,133.53246718531412,90,449,0.33646716666666665,0.16359863874684433,8.526512829121202e-14,-150106.76371495862,683373.3666962025,-13176.71892314178,15343.354165455861,0.0,0.0,-51095.55180980606,-104224.20639474088
2022-06-06,5647.495865944692,4146.739130434783,204203.40485743538,119.00726175751592,92,452,0.34216195652173914,0.15752690109805756,5.684341886080802e-14,-192552.038857652,691727.0776108035,-2542.00880994862,8189.504675893312,0.0,0.0,-45522.362610171665,-96573.21382453053
2022-06-07,3598.7089404112908,-467.77777777777214,179974.34498457436,131.51798180818258,90,442,0.32223555555555555,0.15117549591499968,0.0,-75651.98452629618,652312.0380947357,3377.483358866222,221.22558154506856,0.0,0.0,-41526.39528754048,-86519.98153368407
2022-06-08,6993.936980425298,5697.826086956523,199391.3611690817,135.6626359145089,92,453,0.34350108695652176,0.1408454560531661,8.526512829121202e-14,32776.07402581449,695892.3065518102,13250.076173768908,-6256.139193343608,0.0,0.0,-42989.565947759635,-92837.40624003008
2022-06-09,6475.193036875342,6890.666666666675,213426.1744376698,130.33369124075008,90,449,0.3657072222222223,0.13781271035098516,-1.1368683772161603e-13,-157162.66731797767,739811.5531032578,24495.685165856434,-18020.49212898109,0.0,0.0,-47011.68426378286,-100368.22787320032
2022-06-10,-80.89180355310361,362.6666666666564,261301.51250881256,148.55066336035017,90,445,0.3987181111111111,0.15569144219796296,1.4210854715202004e-13,-156763.20753240783,808327.7099036517,55419.554415728024,-55500.446219281126,0.0,0.011111111111111112,-65554.8205941166,-130880.19872131974
2022-06-13,4617.741020469148,10471.111111111099,173965.04865978574,154.49557484722024,90,446,0.45903,0.11625883040861672,-2.842170943040401e-14,112643.51695884179,930472.8675205547,-9494.89622347654,14112.637243945688,0.011111111111111112,0.011111111111111112,-39028.01671932451,-82519.27888427093
2022-06-14,11853.058935938256,12567.28260869565,200352.44619036437,174.6646225379393,92,451,0.42465108695652176,0.11611348097243285,2.842170943040401e-14,-109709.16577513452,863716.5037660445,-15442.738280195957,27295.797216134215,0.0,0.0,-38409.71723419077,-88497.82878178186
2022-06-15,14.483240606870027,-8408.222222222224,210907.02395316435,181.9103547523295,90,445,0.39942061111111116,0.13310643987659312,-2.842170943040401e-14,-73874.78211071064,816398.82097716,35054.59922615384,-35040.115985546974,0.03333333333333333,0.0,-52894.183102436546,-105620.93909072762
2022-06-16,3117.216791721063,3091.162790697663,222949.3693906481,182.16939765564123,86,425,0.4355440697674419,0.13909047720421897,1.7053025658242404e-13,109889.111674035,886364.7767624833,-18073.027954618632,21190.244746339697,0.0,0.0,-52802.2949535966,-108539.63730125863
2022-06-17,1832.9081041935278,5347.209302325575,212232.99034032784,219.7564016993563,86,430,0.4071083720930233,0.13701372565413403,5.684341886080802e-14,-302720.85962033446,834810.0274830767,-26080.94465116892,27913.852755362448,0.0,0.0,-51445.09588258779,-104503.34346766975
2022-06-21,-8881.550238930733,-1242.6744186046508,217611.25995165948,154.98486075057798,86,429,0.40528796511627907,0.1383328495363437,1.7053025658242404e-13,12107.900989269901,820559.468966415,-515.5724713219648,-8365.977767608769,0.0,0.0,-63439.35008759618,-117842.16507551106
2022-06-22,8905.962695105776,6872.619047619043,217844.65977759575,167.28288146884557,84,419,0.41010476190476186,0.14817894978396576,2.842170943040401e-14,96737.37739452916,834786.27012673,11265.224679917992,-2359.2619848122154,0.0,0.0,-45722.485130762005,-100183.65007516094
2022-06-23,664.4498161814532,4544.659090909088,252102.16939290974,177.60334292579967,88,432,0.4344728977272727,0.14966715164694547,1.4210854715202004e-13,-127015.12272762161,881372.5565322253,10463.80411327262,-9799.354297091166,0.022727272727272728,0.0,-62538.69587497178,-125564.23822319921
2022-06-24,9161.266929780933,8120.833333333336,215346.92533246358,155.34472379558918,84,417,0.4144869047619048,0.1432905159643994,-2.842170943040401e-14,-37018.16718002464,838505.2454065819,-3760.6673724396605,12921.934302220592,0.0,0.0,-44830.80912713055,-98667.54046024644
2022-06-27,8944.353405752128,8662.14285714285,209827.08643526444,111.48817427469906,42,208,0.4540177380952381,0.13414492766298194,0.0,-19589.038515829634,913115.2131900245,6914.180937802962,2030.1724679491658,0.0,0.0,-43623.90637733868,-96080.67798615478
2022-06-28,-12710.337852155528,-3361.9047619047624,179041.19704042972,123.19626370381312,42,207,0.43829285714285715,0.11241983953280725,2.2737367544323206e-13,-15214.882529515704,881083.0786315864,-4103.704889866314,-8606.632962289214,0.0,0.0,-57593.83337596677,-102354.1326360742
2022-06-29,-5223.786609912144,-5971.428571428559,208949.36469719646,116.21457616548358,42,209,0.4025928571428572,0.1083911776690432,1.1368683772161603e-13,90637.74097697565,810954.2182916659,-2285.8021615762104,-2937.984448335934,0.0,0.0,-57577.342360376744,-109814.68353467586
2022-06-30,12335.876423216916,6193.181818181834,237564.91954495886,97.11071969886746,44,211,0.4344920454545455,0.14623452650627064,-2.2737367544323206e-13,-128300.39361981628,873960.3498102283,1402.6020929471495,10933.274330269767,0.0,0.0,-47152.46418272166,-106543.69406896138
2022-07-01,-16996.063427793822,-23210.47619047618,213522.3052873962,119.80665043484132,42,208,0.4308476190476191,0.1487893284046536,0.0,-58278.949715308656,867253.1439988185,-6186.01710003597,-10810.046327757855,0.0,0.0,-70496.44640007771,-123877.02272192675
2022-07-05,-8611.554412424526,-5936.136363636351,197173.6781957714,112.79722529596711,44,215,0.4685948863636364,0.11306873488597584,2.2737367544323206e-13,-28069.69114584461,942351.6441071932,-8713.138675672944,101.58426324841797,0.0,0.0,-58017.77118666335,-107311.1907356062
2022-07-06,2458.8183674669644,5296.666666666666,205151.92806687707,119.5018542626628,90,448,0.43071888888888893,0.11935320898294435,0.0,-90796.25819865726,869106.8798441667,-9548.845998009536,12007.664365476501,0.0,0.0,-48948.66550351497,-100236.64752023423
2022-07-07,12579.307480773017,11238.068181818164,200246.56257886175,110.69872134515863,88,435,0.4392442045454546,0.11284195911164091,5.684341886080802e-14,-5437.218641174638,884418.4076753001,-10574.524429034127,23153.831909807144,0.03409090909090909,0.0,-37593.03188528758,-87654.67253000302
2022-07-08,6076.972341960319,-1395.909090909099,196378.42739472052,121.8483228673859,88,432,0.4118542613636364,0.13254061791526445,-1.9895196601282805e-13,-142930.60056377423,829247.4192318037,281.58987661212876,5795.38246534819,0.0,0.0,-43139.4828295872,-92234.08967826732
2022-07-11,-621.6098825141418,-3451.88888888889,218525.59972581745,114.17111123384016,90,447,0.41653372222222224,0.12297530483590988,0.0,-28934.93371646065,840627.7320415708,7219.2210079924735,-7840.830890506615,0.0,0.0,-55367.180925202345,-109998.5808566567
2022-07-12,-339.17838517649096,-3086.704545454558,228678.86279149298,138.52036603469912,88,437,0.44166289772727274,0.13647792577591622,5.684341886080802e-14,-136018.86502890702,890819.6469146182,-7528.034842155185,7188.856456978694,0.0,0.0,-57647.414449084434,-114817.13014695769
2022-07-13,-2004.4209811367864,171.59090909091327,226888.24209110797,129.71486323678582,88,437,0.3967051136363636,0.13996065670070376,-5.684341886080802e-14,27521.23071496054,799168.0793244694,974.9353647846275,-2979.3563459214133,0.0,0.011363636363636364,-58856.19636715056,-115578.25688992756
2022-07-14,5771.760067280257,4493.333333333336,230531.0211988293,122.4450123794989,90,446,0.4184027777777778,0.14106950806981533,1.9895196601282805e-13,-104663.14928964357,843091.3414167826,-7441.738219413084,13213.49828669334,0.0,0.0,-51983.44024480656,-109616.19554451389
2022-07-15,966.5890290250697,-4962.499999999999,223987.50537061482,107.10892890138042,88,439,0.4090494318181818,0.14704092550248532,-1.4210854715202004e-13,-184240.08563464563,824887.922683852,-6069.396258784032,7035.9852878091015,0.0,0.0,-55137.39624253002,-111134.27258518372
2022-07-18,5397.569213339864,4971.111111111119,183655.08444361453,139.22458965255674,90,450,0.39849611111111116,0.11643491045534965,0.0,-74656.33066599506,804288.4119321356,14507.739007841465,-9110.1697945016,0.0,0.0,-40655.426487216326,-86569.19759811995
2022-07-19,10941.670005561718,7356.521739130426,170389.46384275125,118.55730725658144,92,451,0.36270434782608696,0.1140659808783084,1.9895196601282805e-13,-29209.942606539906,733053.5287319274,1102.9637850576844,9838.706220504035,0.010869565217391304,0.0,-31774.253262382677,-74371.61922307049
2022-07-20,-6075.525731769881,-8432.954545454535,174552.14177984203,123.41563825520045,88,432,0.3717193181818182,0.12294336057738206,2.842170943040401e-14,15285.596125403881,750978.9467997411,-273.5674774757748,-5801.958254294106,0.0,0.0,-49836.97681498559,-93475.0122599461
2022-07-21,-5045.008608069541,-2079.5454545454477,160600.629047364,128.14851334169327,88,432,0.34833295454545454,0.11163109293462971,1.9895196601282805e-13,-78109.16000819534,703511.5152118958,-4756.808855707208,-288.1997523623336,0.0,0.0,-45323.31438325223,-85473.47164509323
2022-07-22,-5194.028980099451,-5603.4883720930275,170346.1056825783,130.17817216811883,86,427,0.35371453488372095,0.11966811596480893,2.5579538487363607e-13,34543.444390440534,713881.6656180798,-3830.2706958988565,-1363.758284200594,0.0,0.0,-47910.73357291214,-90497.25999355671
2022-07-25,392.623022155737,-2467.045454545452,203601.87468194324,157.17115251885124,88,435,0.37468806818181816,0.12931783543362227,2.842170943040401e-14,-76197.43913523719,760142.9381549901,4446.675338923391,-4054.052316767653,0.0,0.0,-50665.01680084893,-101565.48547133474
2022-07-26,-1414.0130580043506,7715.116279069765,214422.12156657065,162.50489076228993,86,427,0.38220523255813954,0.1286099796186463,1.7053025658242404e-13,-4151.992981516331,775296.8946973374,-7241.313144068759,5827.30008606441,0.0,0.0,-55182.0483404093,-108787.57873205196
2022-07-27,5525.399149201921,18652.22222222221,237150.0152072795,174.5729761747043,90,442,0.36612500000000003,0.16851464356071852,1.1368683772161603e-13,-239880.9930039291,744772.2789226057,9568.790464387148,-4043.391315185228,0.011111111111111112,0.0,-53936.67762879266,-113224.18143061253
2022-07-28,7679.274496118725,10979.069767441864,220632.5861572692,181.7027900849084,86,427,0.34533953488372093,0.1699547813650957,5.684341886080802e-14,-220813.012001735,704025.2769697828,-4569.952749172412,12249.227245291137,0.0,0.0,-47660.57483328348,-102818.72137260078
2022-07-29,-937.9993785466638,-8247.441860465115,233679.65357603406,219.48365527783236,86,429,0.3465389534883721,0.1650531623852241,-5.684341886080802e-14,-85287.31289676453,710629.4190881781,-689.7444096418025,-248.25496890486113,0.0,0.0,-59577.39642783301,-117997.30982184153
2022-08-01,3896.2928444245754,-399.9999999999944,194796.3878906785,121.36008678996639,42,210,0.3702190476190476,0.12003930285457978,2.2737367544323206e-13,-168946.6744108913,744705.3822476655,1800.2525024162442,2096.040342008332,0.0,0.0,-44924.164215035016,-93623.26118770464
2022-08-02,6640.934313298693,10942.857142857154,205607.76380265848,100.06905274047877,42,208,0.37124523809523813,0.14162472372515994,-5.684341886080802e-14,-3452.389357868592,746432.165478362,-5122.286684932742,11763.220998231436,0.0,0.0,-44861.07569010641,-96263.01664077102
2022-08-03,-4832.617264532009,-65.9090909090931,233503.63676589992,133.4050623058443,88,435,0.35487159090909093,0.16932847415411037,-1.1368683772161603e-13,-18082.522886451115,718472.2070037238,-3418.1366833890597,-1414.4805811429496,0.0,0.0,-63341.931518312835,-121717.84070978781
2022-08-04,-1546.7950139678996,8603.48837209301,227202.13401479527,130.17375836416636,86,426,0.35593546511627905,0.15054738520584893,-1.9895196601282805e-13,-131833.46062727371,720049.784383213,-11081.557650567453,9534.762636599553,0.0,0.0,-58477.502276030886,-115278.0357797297
2022-08-05,-643.5189544178122,-5894.047619047608,200893.51651941487,120.10124647269907,84,418,0.3554285714285714,0.15918307194921488,1.4210854715202004e-13,-33149.87897502046,716094.2607650134,-4485.041336550252,3841.52238213244,0.0,0.0,-50986.99933074423,-101210.37846059795
2022-08-08,5599.806821424598,3277.272727272731,190781.2791599146,135.96849115323477,88,438,0.3485414772727273,0.13611345293743707,8.526512829121202e-14,-54858.30358941077,705316.7228459056,7232.430770842203,-1632.6239494176054,0.0,0.0,-42231.48145970728,-89926.80124968593
2022-08-09,-8186.834717711916,-7957.386363636368,212891.67714498835,147.50153973539847,88,431,0.3537778409090909,0.15876719789830485,2.8421709430404007e-13,-3591.521588051539,717799.9772589658,-7280.081707891259,-906.7530098206576,0.0,0.0,-61557.2555436944,-114780.17482994149
2022-08-10,-1159.64887505252,3148.8636363636297,184344.25585055986,139.74654926967474,88,439,0.3333676136363637,0.1339809409612905,-1.4210854715202004e-13,-23025.657725368594,675533.7910201047,2900.398214171579,-4060.047089224099,0.0,0.0,-47385.45938696215,-93471.52334960212
2022-08-11,-11561.052963985005,-13274.444444444447,234146.55408160182,152.95594559615387,90,447,0.3245072222222222,0.14245645052322975,8.526512829121202e-14,-36696.534831673365,659157.4216948843,-4238.014221877869,-7323.038742107134,0.044444444444444446,0.0,-70250.64742998162,-128787.28595038207
2022-08-12,-1836.336701694303,-8516.279069767439,194503.32555456675,144.24240906010132,86,423,0.31672558139534884,0.16887264500847762,5.684341886080802e-14,55558.78547114819,642650.0093461864,-1013.0229394782056,-823.3137622160976,0.0,0.0,-50606.41049939609,-99232.24188803778
2022-08-15,-2262.3823317735673,-948.8636363636427,158255.81392763864,192.85583923728942,88,432,0.3194818181818182,0.13179678634122696,-5.684341886080802e-14,-169768.04058256996,657088.9951253446,-1046.4925355068738,-1215.8897962666938,0.0,0.0,-42019.19165292051,-81583.14513483018
2022-08-16,4518.0389794927405,4186.70454545454,166455.46997408298,188.56312389442812,88,432,0.3118819886363636,0.13618688020391703,-1.1368683772161603e-13,-189123.4268050112,639785.1354793918,4001.631989352802,516.406990139938,0.0,0.0,-37284.39163792243,-78898.25913144318
2022-08-17,1594.8754536967203,4519.318181818194,165000.7901197205,174.8103650049947,88,436,0.31183295454545457,0.14006543065668906,0.0,-16523.535471699237,637090.6490316046,-10475.437253001457,12070.312706698178,0.011363636363636364,0.011363636363636364,-39830.132441238406,-81080.32997116852
2022-08-18,7388.790310025302,3813.636363636372,185313.72627222017,239.73038644122045,88,431,0.30825227272727274,0.13452660107378792,0.0,-30539.609952260922,640426.9941563705,4106.158189225586,3282.6321207997153,0.0,0.0,-39179.37164447096,-85507.803212526
2022-08-19,6223.882624108404,675.3409090909039,148295.56593644974,275.1364231966932,88,438,0.3016198863636364,0.12772206787320187,-8.526512829121202e-14,-339476.6331975811,631090.4302217631,17059.885558507045,-10836.00293439864,0.0,0.0,-31125.145283200727,-68199.03676731315
2022-08-22,-5834.368247200279,-3532.55555555556,192558.0307075898,195.05390553134552,90,441,0.3187076111111111,0.13918865377944314,-8.526512829121202e-14,-16887.028641942277,651921.0803396009,-6648.157561027506,813.7893138272262,0.0,0.0,-54168.929829629065,-102308.43750652652
2022-08-23,1583.3984718016577,4950.000000000002,176365.33494807963,216.10605583775708,88,433,0.33026306818181816,0.13183033759812268,-3.126388037344441e-13,-122890.57058888017,677388.2530390713,-5618.459723101641,7201.858194903299,0.0,0.0,-42724.04132105601,-86815.37505807591
2022-08-24,12658.364188052596,17592.906976744176,201697.1895593837,191.06059041490045,86,427,0.32173947674418607,0.14583461380854726,1.7053025658242404e-13,-96825.29184739137,657144.781187734,3347.8748102457694,9310.489377806825,0.0,0.0,-37956.993792208224,-88381.29118205415
2022-08-25,-5784.690714227254,2218.6046511627956,250571.67848902504,206.89836710788592,86,424,0.306268023255814,0.1757560999270189,-2.842170943040401e-14,-14888.132444363819,630731.9880696409,36662.25861900658,-42446.94933323383,0.0,0.0,-68634.5087035914,-131277.42832584766
2022-08-26,2392.8293843655715,1217.4418604651248,208292.77568886214,194.54561695280282,86,424,0.3405296511627907,0.1641352560265369,-2.842170943040401e-14,153301.6752774263,694085.0223975799,-4817.3146232023555,7210.144007567927,0.0,0.0,-49874.91015480277,-101948.1040770183
2022-08-29,4376.214064173643,3724.565217391317,203787.55834303112,115.68100504106616,46,221,0.3642283695652174,0.1324678390412187,-2.2737367544323206e-13,-19643.472487847466,733490.7472312306,-1643.349349350358,6019.563413524001,0.0,0.0,-46686.356526625204,-97633.24611238299
2022-08-30,-3371.8661332336605,2186.3636363636365,187268.13548705794,97.58279581697604,44,220,0.36742727272727277,0.1277306075890505,1.7053025658242404e-13,-87051.8781979472,739089.5302489364,-4890.133694624859,1518.2675613911993,0.0,0.0,-50286.48280081512,-97103.51667257962
2022-08-31,3890.0209303936736,8352.173913043473,205861.9809720337,138.10782019784756,46,221,0.37703913043478265,0.13554995572348946,2.2737367544323206e-13,19528.19254148799,759340.4338535153,2025.5067767324372,1864.5141536612368,0.0,0.0,-47713.5821328126,-99179.07737582103
2022-09-01,-2007.4102596670182,295.22727272726576,206949.11840473552,104.33070874383012,44,218,0.3665443181818182,0.13275089591435882,0.0,-88874.49154030018,736427.5790163199,-4420.206646198859,2412.7963865318407,0.0,0.0,-53849.02056959473,-105586.3001707786
2022-09-02,4325.500212997679,756.8181818181758,161645.77895977435,125.93260446841751,44,213,0.3883761363636364,0.11389656640337988,0.0,39567.379803534786,781619.8726351727,-11436.054093745843,15761.554306743523,0.0,0.0,-36211.87713141433,-76623.32187135791
2022-09-06,13743.630496693837,6032.500000000002,187581.3053235565,103.53293560949577,44,219,0.39028670454545455,0.10335828166524763,5.684341886080802e-14,21130.057367003115,784884.4866248895,8988.322068375599,4755.308428318239,0.0,0.0,-33255.22876980478,-80150.55510069392
2022-09-07,-9870.412132452182,-2002.222222222227,164642.62686875387,131.85175965551915,90,447,0.3642544444444445,0.1163335255179812,-8.526512829121202e-14,-4792.031511143704,736398.9206075527,-8091.373824836794,-1779.038307615389,0.0,0.0,-51162.92060929617,-92323.57732648464
2022-09-08,6718.743007440816,10709.11111111111,219412.72068468106,140.02518784689863,90,448,0.349291,0.13134851180989124,-8.526512829121202e-14,18998.658950431483,707314.0126143937,-2676.6372426633666,9395.380250104183,0.0,0.0,-48274.462351576345,-103127.64252274661
2022-09-09,-9119.373871782886,-7462.499999999999,186601.62193992772,158.74408541952846,88,438,0.3444073863636364,0.1313972569195835,-1.1368683772161603e-13,-97767.8742918357,700518.9318004654,-7434.470037131491,-1684.9038346513935,0.0,0.0,-55928.52344218435,-102578.92892716627
2022-09-12,9246.200599480793,6652.222222222232,193843.99381336826,133.52163174884134,90,450,0.3452277777777778,0.12375100343913863,2.5579538487363607e-13,15470.852098558731,698308.0492868518,41424.12785254792,-32177.927253067126,0.0,0.0,-39348.31948561012,-87809.31793895217
2022-09-13,5047.630604746433,5424.4444444444425,233415.1462061554,131.53435734518968,90,447,0.35998444444444444,0.1448518615598337,-5.684341886080802e-14,43294.42886962993,728200.2145684612,-980.9569686517448,6028.5875733981775,0.0,0.0,-53437.690304137606,-111791.47685567645
2022-09-14,-11420.870580253073,-4948.888888888884,195519.8228052425,152.89224847390813,90,441,0.3626311111111111,0.130549002916295,-5.684341886080802e-14,-62545.791438087064,735932.1595410955,-2786.3746770201865,-8634.495903232886,0.0,0.0,-60453.71853003761,-109333.67423134822
2022-09-15,-4322.020782872754,7844.456521739144,229467.60103352263,140.37994867033208,92,452,0.37627989130434786,0.12497539946366833,3.694822225952521e-13,110461.40358523074,761275.8774715149,8189.382059531566,-12511.402842404319,0.0,0.0,-61829.30098992375,-119196.20124830441
2022-09-16,5483.192845788067,7075.666666666668,176048.3507775148,152.89562026025627,90,441,0.3859944444444444,0.1355461288851689,-1.1368683772161603e-13,-5596.546875925094,781973.631033508,-15019.023444075889,20502.216289863954,0.0,0.0,-38681.79046885089,-82693.87816322959
2022-09-19,-6093.645160231452,-5234.782608695673,144603.9798634698,134.71104886480708,92,451,0.3693858695652174,0.0916990352787647,0.0,-52543.3421333164,748355.5816841864,7656.289299855719,-13749.934460087172,0.0,0.0,-42379.35117496372,-78530.34614083116
2022-09-20,-4980.201266773012,-5647.555555555564,146128.31385779483,125.46935012944559,90,448,0.38469383333333335,0.085748211745003,-8.526512829121202e-14,-85467.50850140408,776709.521434263,-4792.079326983102,-188.12193978991058,0.0,0.0,-41637.74908135116,-78169.82754579987
2022-09-21,-373.0269857163933,-4364.999999999994,163079.7175948594,151.58535062612134,90,450,0.3875711666666667,0.0968543128061585,2.842170943040401e-14,-30639.61811941238,787066.2546252643,-99.77385521829234,-273.2531304981011,0.0,0.0,-41294.54173505736,-82064.47113377221
2022-09-22,12920.135223758429,5899.1111111110995,194745.89384566626,143.5202631412605,90,445,0.389672,0.11030466389211682,1.4210854715202004e-13,-1971.1371911000017,787803.2395000173,29071.934330259293,-16151.799106500865,0.0,0.0,-35909.8585007994,-84596.33196221595
2022-09-23,3999.861746168872,3833.222222222242,197078.7126726453,160.63472855307836,90,446,0.41212794444444445,0.10477546868264817,-5.684341886080802e-14,89262.97831727807,836228.9403606415,6301.882530911653,-2302.020784742781,0.0,0.0,-45430.45115054554,-94700.12931870687
2022-09-26,-2924.1739050620417,-1091.8181818181754,218744.4369973844,154.8557451899354,88,435,0.4288779545454546,0.1315395925595151,5.684341886080802e-14,-74050.17442602241,869456.0344471401,-2873.385135278129,-50.788769783912,0.0,0.0,-57765.138899598074,-112451.24814894417
2022-09-27,7673.064930277841,4553.999999999999,203502.2998892983,152.624657928065,90,443,0.42177911111111116,0.11821720909718832,5.684341886080802e-14,101819.27124988835,854010.5877542216,2800.5913028653486,4872.473627412493,0.0,0.0,-43355.1346999748,-94230.70967229937
2022-09-28,-8445.946226526894,-3545.555555555551,205399.62277897645,168.598832258927,90,444,0.38488944444444445,0.12922221525769387,-5.684341886080802e-14,-86250.31269042802,781600.0236764534,10928.011028333667,-19373.95725486056,0.0,0.0,-59964.450753529934,-111314.35644827405
2022-09-29,6911.097839799023,6430.8888888888805,257602.51253774387,161.13463857453263,90,444,0.42547527777777777,0.13904330457674097,-2.842170943040401e-14,-51583.06874683434,866368.2492806573,-5715.1917562005465,12626.28959599957,0.0,0.0,-57650.664933211476,-122051.29306764744
2022-09-30,-9184.528078799205,-6690.340909090919,215006.55254189108,196.6725281259402,88,440,0.4047920454545455,0.14196674581374089,-1.7053025658242404e-13,-155648.85201134015,822363.3653743911,-7484.0692211036185,-1700.4588576955857,0.0,0.0,-63132.838742397915,-116884.4768778707
2022-10-03,4417.418676270857,19978.913043478286,212208.5821341059,129.0573631922893,46,223,0.43881326086956524,0.10983024485533044,5.684341886080802e-14,86698.71819271584,883682.2131444716,11004.125976678619,-6586.707300407762,0.0,0.0,-48763.78422044791,-101815.92975397439
2022-10-04,5289.188926422951,2691.9565217391464,220350.66396212534,133.52428479325357,46,223,0.405321847826087,0.14395446611095358,5.684341886080802e-14,-18725.37732523196,817100.3797672889,1626.4856054872712,3662.7033209356796,0.0,0.0,-49932.001348901635,-105019.66733943297
2022-10-05,-5072.135766885522,2874.333333333331,208060.42626266502,122.77403261541195,90,449,0.39780822222222223,0.12330302099007082,-1.9895196601282805e-13,-22479.07851618644,803872.6970240448,5265.924261936107,-10338.060028821628,0.0,0.0,-57210.01636516718,-109225.12293083344
2022-10-06,-3497.7504701120215,-6765.760869565216,206870.20825884378,145.39958141906226,92,451,0.40710418478260874,0.12361977409016556,-5.684341886080802e-14,-33215.144540956695,823897.6982420572,1797.4866271208489,-5295.237097232871,0.0,0.0,-55360.70211624203,-107078.25418095296
2022-10-07,-1019.7339001567009,-859.2391304347805,219018.81352380617,141.84022685235533,92,454,0.40478228260869564,0.1358768077348467,-2.842170943040401e-14,-74998.37663876092,818409.2409713296,-495.4466604177302,-524.2872397389708,0.0,0.0,-55916.2775079606,-110670.98088891213
2022-10-10,8352.90433393905,5887.3913043478315,228069.50536155657,136.11374032782751,92,453,0.4155234239130435,0.13378664221216532,2.842170943040401e-14,-33575.46561237146,839664.0517291621,8914.175113207591,-561.270779268541,0.0,0.0,-48800.58574677792,-105817.96208716706
2022-10-11,507.32909267823584,5047.282608695652,223007.30639414486,138.2199536595873,92,452,0.4401021739130435,0.11974004537958195,-2.842170943040401e-14,3404.2756256084203,888571.0032661285,2553.5534120104826,-2046.2243193322468,0.0,0.0,-55382.71745951757,-111134.54405805378
2022-10-12,5936.019497931806,7370.333333333334,239650.60194018797,146.62965404981796,90,448,0.4580541666666667,0.1368120432553981,5.684341886080802e-14,-104616.63778453371,927134.5840961824,-555.2954602294137,6491.314958161221,0.0,0.0,-54123.260641165005,-114035.911126212
2022-10-13,11877.322281804547,6729.777777777785,270272.06562360947,139.28997991068888,90,447,0.44435622222222226,0.1282331997497041,5.684341886080802e-14,-15270.844617809707,897281.9748164685,9058.814580456432,2818.5077013481146,0.0,0.0,-55829.98410400851,-123398.00050991087
2022-10-14,1804.2545287746912,-3517.4444444444453,232187.8458324873,154.5426844335045,90,443,0.45618455555555554,0.14079120769135414,1.4210854715202004e-13,-9015.967353684808,922159.7255252567,-7255.665689632335,9059.920218407025,0.0,0.0,-56397.24961378064,-114444.21107190246
2022-10-17,-1738.8253382285154,-3580.4347826087014,149329.07332255956,146.4504108425185,92,454,0.45286630434782615,0.07471796006234074,-8.526512829121202e-14,-26049.946793358362,916868.1738931639,-4707.693613703412,2968.868275474897,0.0,0.010869565217391304,-39217.544079710926,-76549.81241035082
2022-10-18,2054.9471155644937,235.77777777777374,134281.21585685766,143.7968201839343,90,445,0.4163139444444444,0.08968177910269061,-2.2737367544323206e-13,-94517.948413254,844522.4953083477,508.4686861250358,1546.4784294394576,0.0,0.0,-31659.153668833856,-65229.45763304827
2022-10-19,5448.109473209974,4093.333333333352,149701.8517085136,184.54577645123925,90,448,0.433497,0.08596041254301443,-1.1368683772161603e-13,70649.66793899181,881314.524190306,-5970.819128906638,11418.928602116612,0.0,0.0,-32161.899230369665,-69587.36215749806
2022-10-20,13177.547407489688,4537.444444444438,141418.63139097544,162.76057954777264,90,444,0.4398158888888889,0.08053954470257434,-2.842170943040401e-14,-86304.29002918891,891837.4078175323,14989.376347823249,-1811.8289403335596,0.0,0.0,-22339.871019801943,-57694.5288675458
2022-10-21,-1567.8334169341583,-6507.444444444444,169192.8643410056,183.25118042620952,90,445,0.41558572222222223,0.10014617891697353,1.7053025658242404e-13,93205.4496733364,846154.0661952446,-3480.470190677245,1912.6367737430862,0.0,0.0,-44049.30068261177,-86347.51676786316
2022-10-24,-13963.735432721114,-6207.888888888898,217731.39650740914,169.06244040642133,90,446,0.4358299444444445,0.12387420436112713,0.0,-96054.90682945291,885568.8850013092,-4056.3263936085377,-9907.409039112577,0.0,0.0,-68565.64699997981,-122998.49612683209
2022-10-25,13606.007812806947,12063.260869565216,230610.68547283416,159.12949931958076,92,452,0.4197906521739131,0.1247206193165934,1.1368683772161603e-13,-20917.28821292134,851230.6722445578,1363.618283484791,12242.389529322156,0.0,0.0,-44205.79305472118,-101858.46442292971
2022-10-26,-16378.334934088442,2988.2222222222363,211902.72286378712,187.65130838477228,90,448,0.4296417777777778,0.12500115427400676,0.0,-153342.78472847084,871389.9883477682,-9744.861842593085,-6633.473091495357,0.0,0.011111111111111112,-69541.66695841998,-122517.34767436677
2022-10-27,571.9972593943985,11843.555555555557,213385.33924938276,159.20755700460558,90,445,0.42017922222222226,0.12718321344202968,0.0,-126350.65462902402,851784.9466212079,-4394.258630447861,4966.255889842259,0.011111111111111112,0.011111111111111112,-52933.5451099559,-106279.87992230158
2022-10-28,-1501.6759301289628,-8904.999999999993,175823.4553914302,203.41353961108217,88,439,0.41342301136363635,0.11618515772098875,-2.8421709430404007e-13,25691.82891902716,844018.64249037,-13739.000619349274,12237.324689220311,0.0,0.0,-45660.953317597596,-89616.81716545514
2022-10-31,-113.37773589520242,1983.8636363636538,167660.36136063642,147.01353959386793,44,219,0.47131431818181824,0.09791036438780897,-5.684341886080802e-14,79942.52865578266,949615.6119923448,-9128.580533985663,9015.20279809046,0.0,0.0,-42175.481615648176,-84090.57195580729
2022-11-01,1537.5365428632933,-4812.608695652195,196212.5184616514,121.4776249925361,46,221,0.4500981521739131,0.0875039141222727,-5.684341886080802e-14,-125935.22758634726,905453.4535875447,9794.337282609626,-8256.800739746333,0.0,0.0,-47637.07069754209,-96690.20031295494
2022-11-02,-6366.912082456377,4279.444444444445,182261.9988609359,112.13831877311408,90,441,0.4213187222222223,0.12267802881610776,-1.1368683772161603e-13,47834.66525966854,846845.3176395778,-2800.1491008037183,-3566.7629816526596,0.0,0.0,-52044.55011646347,-97610.04983169744
2022-11-03,6179.340543723348,10716.888888888909,165028.78937392207,141.4736622873011,90,445,0.4035481666666667,0.10726367034042428,0.0,29047.731650634036,815771.1424850726,2533.757264680361,3645.583279042988,0.0,0.0,-35219.330462044476,-76476.527805525
2022-11-04,-2399.3822376459243,-4254.666666666675,158691.09719286495,129.18711438477334,90,446,0.3913508888888889,0.11556411330916173,-1.1368683772161603e-13,70650.01996638434,788819.5630711943,-6246.61405911007,3847.2318214641464,0.0,0.0,-42201.343650246934,-81874.11794846317
2022-11-07,-14857.752297400617,-468.47826086955985,168837.11308364724,136.06091063553743,92,460,0.385216847826087,0.11325972885340116,1.9895196601282805e-13,16743.332650378863,776324.4010772371,-1677.6720105180675,-13180.08028688255,0.0,0.0,-57203.09147894797,-99412.36974985978
2022-11-08,12397.631990995778,11370.543478260883,179104.366123965,136.00478751781642,92,455,0.3865434782608696,0.11473140835851378,-5.684341886080802e-14,69430.095912759,780001.5678738757,17558.307354735833,-5160.675363740055,0.0,0.0,-32514.46432751329,-77290.55585850454
2022-11-09,-39197.91854222895,-14920.555555555553,193969.12089211788,147.28307908189734,90,447,0.3988802777777778,0.11358532357635832,-1.7053025658242404e-13,-49799.11946588847,804254.2562029172,16534.606840038457,-55732.525382267406,0.0,0.0,-87837.48184434032,-136329.76206736977
2022-11-10,4538.835177437116,-2990.652173913049,182036.76634152947,138.31371492198505,92,452,0.3680592391304348,0.12000562968548724,-1.1368683772161603e-13,99880.8240365598,742716.4905931477,11158.985748998037,-6620.15057156092,0.0,0.0,-41108.67012286723,-86617.8617082496
2022-11-11,-13600.501047481986,-11114.555555555557,151563.73938079245,134.32189642861817,90,448,0.3649311666666667,0.10884611645985492,5.684341886080802e-14,-3838.9810550820293,736820.5205549909,-10933.334248281993,-2667.1667991999925,0.0,0.0,-51625.75778910872,-89516.69263430683
2022-11-14,388.7281760573337,5538.043478260868,129072.94310416051,156.9226489716197,92,454,0.38760793478260874,0.07397597106499719,-1.1368683772161603e-13,-120183.20647712184,788830.357893792,5022.833342657693,-4634.10516660036,0.0,0.0,-32036.430248954413,-64304.66602499454
2022-11-15,-17528.486148203912,-1829.782608695644,118125.01786217192,177.13701897184038,92,453,0.38310983695652173,0.07516931790325183,-1.4210854715202004e-13,-162130.00554362513,782694.9379560675,-2042.7357619499887,-15485.750386253923,0.010869565217391304,0.010869565217391304,-47236.87763271874,-76768.13209826172
2022-11-16,-5946.104667403522,6412.934782608709,107511.86940891374,168.01921217160285,92,454,0.37225277173913046,0.0721969796603585,-5.684341886080802e-14,4279.541516331072,756455.7318273336,-2494.2895493471706,-3451.815118056351,0.0,0.0,-32992.09123180356,-59870.058584032
2022-11-17,1854.2659564909754,3861.999999999987,122335.4152102166,182.4848826720443,90,447,0.359675,0.08730504494771564,-1.4210854715202004e-13,-139279.0617636543,732152.1108915441,-9570.279957580586,11424.545914071561,0.0,0.0,-28912.072728735217,-59495.92653128936
2022-11-18,3128.5458275995734,97.6666666666847,119883.9008902877,195.24617478113453,90,444,0.34899372222222225,0.08188697928864017,-5.684341886080802e-14,-11558.044571548882,714120.9396790052,-8944.61233563103,12073.158163230604,0.0,0.0,-27037.675569753486,-57008.65079232541
2022-11-21,901.3103231962687,6713.777777777778,160882.4081540565,185.79000170039714,90,446,0.34129800000000005,0.12143872046459502,-1.9895196601282805e-13,-47345.37838381521,697236.4550830339,-9818.391421719154,10719.701744915423,0.0,0.0,-39505.081717018256,-79725.68375553237
2022-11-22,3451.511294370893,5204.111111111101,181732.00349085778,180.04229271052063,90,442,0.3156638888888889,0.13156644723082184,-8.526512829121202e-14,109340.47069333967,642792.6416221532,-7011.768732557558,10463.28002692845,0.0,0.011111111111111112,-42161.53187105407,-87594.53274376852
2022-11-23,2227.497523285395,-2525.227272727272,152843.1688913714,189.145306304949,88,439,0.3243076136363637,0.14338069286993604,-8.526512829121202e-14,-42496.68338136089,660379.462479883,-6405.342089266188,8632.839612551583,0.0,0.0,-36172.4400058624,-74383.23222870527
2022-11-25,532.2048778906671,-5875.909090909093,166632.4260378963,206.3125864443176,88,433,0.31825261363636365,0.12959834355473712,1.4210854715202004e-13,101308.60477753653,648931.573259487,8465.441710119592,-7933.236832228925,0.0,0.0,-41332.21421802773,-82990.3207275018
2022-11-28,-2185.243411017502,-3321.1363636363644,159724.00264081737,128.6262459782159,44,217,0.35260795454545457,0.12162819266937032,0.0,36344.47228463297,709757.7371640616,-6138.496281803793,3953.252870786291,0.0,0.0,-42244.87031720006,-82175.8709774044
2022-11-29,-4065.099967536121,3797.4999999999936,198993.46477355243,128.44791170760578,44,218,0.35562761363636364,0.13318921147521812,1.7053025658242404e-13,-26175.82660922665,716846.2446540755,2230.1319851322273,-6295.231952668349,0.0,0.0,-53941.91407263184,-103690.28026601995
2022-11-30,6492.649992432002,17407.499999999993,173888.97670668137,122.04705087599439,44,211,0.3520495454545455,0.15086883413370156,1.7053025658242404e-13,24400.89398170759,707980.5073186776,-4892.697096642698,11385.347089074701,0.0,0.0,-37101.64123511434,-80573.88541178466
2022-12-01,10241.823247763155,9762.04545454547,177035.07493965467,150.64378133638337,44,216,0.33904375000000003,0.15100163856272658,2.8421709430404007e-13,-210937.21878467538,684725.3351791098,-10662.81386265484,20904.637110417996,0.0,0.0,-34167.589268486896,-78426.35800340057
2022-12-02,-459.2052072978664,-649.7727272727328,145285.9718740836,135.41921818704486,44,219,0.3606331818181818,0.11475552045660603,-1.1368683772161603e-13,15893.638726914087,726525.9131444976,3621.9092197870027,-4081.1144270848695,0.0,0.0,-36916.117394005814,-73237.61036252671
2022-12-05,-2435.6427741423267,-1353.2608695652275,200226.29667832018,146.44352432140468,46,221,0.3567843478260869,0.13326913901542858,-5.684341886080802e-14,-82978.64452751508,720513.395800999,9898.179831352547,-12333.822605494874,0.0,0.0,-52638.660468043774,-102695.23463762383
2022-12-06,-96.48788406970249,1257.272727272724,148333.7651399258,115.16811212732853,44,218,0.376315,0.10786840211787534,0.0,32546.47096130032,757615.9580205996,4341.461067359359,-4437.948951429061,0.0,0.0,-37295.09728117848,-74378.53856615993
2022-12-07,-183.3104302560546,183.9130434782552,178234.57212636585,144.0384751759697,92,454,0.3457867934782609,0.1249296722117387,1.1368683772161603e-13,-79468.93180423215,699916.904682528,-5319.693586568534,5136.3831563124795,0.0,0.0,-44885.991937023486,-89444.63496861495
2022-12-08,4502.710618951881,-701.3333333333296,174652.69830330764,170.33861748737942,90,447,0.33712566666666666,0.140555537602284,1.1368683772161603e-13,-57965.79258566373,684781.5894260497,-2747.57414226855,7250.284761220431,0.0,0.0,-39330.80257436241,-82993.97715018931
2022-12-09,1346.7844976549454,-193.55555555554736,160596.43982226274,154.0286144324641,90,450,0.3414875555555556,0.1283445106979331,0.0,-108909.9689569237,693379.4811406385,24.805867414850923,1321.9786302400948,0.0,0.0,-38956.3540723432,-79105.46402790889
2022-12-12,-2313.602393161701,3869.7826086956384,173538.79991808522,139.39380216595822,92,455,0.3529960326086957,0.10774208357089536,2.842170943040401e-14,57334.82960050134,713743.0602165865,-13854.555707124218,11540.953313962518,0.0,0.0,-45837.69617484896,-89222.39615437026
2022-12-13,-7090.714990007117,1469.9999999999995,143274.66862957392,153.39656803969254,90,450,0.323854,0.11337731462390441,-2.842170943040401e-14,27315.005316758845,657518.7777366056,-10179.470988718667,3088.7559987115496,0.0,0.0,-43062.77871544029,-78881.44587283378
2022-12-14,5041.609485150227,1377.6666666666588,154436.96244938634,164.20882269961135,90,449,0.32550755555555555,0.12121155611251218,0.0,-114738.10080001068,665055.8347097303,12418.522843413875,-7376.913358263649,0.011111111111111112,0.011111111111111112,-33731.83994989597,-72341.08056224255
2022-12-15,-7707.1727723267895,-5453.586956521751,185223.968621192,161.22467405848627,92,451,0.33087880434782607,0.1197600139494472,1.7053025658242404e-13,-45654.012595980435,672426.687511144,-2264.584248955931,-5442.588523370859,0.0,0.0,-54174.38960168328,-100480.38175698127
2022-12-16,-755.6038211065203,-5946.888888888888,162866.24849324735,172.83752828071547,90,442,0.33632961111111115,0.14074493387080905,-8.526512829121202e-14,17282.82358485653,684259.3463677018,-12688.839046299723,11933.235225193202,0.0,0.0,-41645.00347269907,-82361.5655960109
2022-12-19,-1374.2365468791431,-2353.804347826089,132665.98448604197,172.76581679970298,92,456,0.33562489130434786,0.0977718059168971,5.684341886080802e-14,14319.768843056165,682138.4153984903,-7193.090537318448,5818.853990439305,0.0,0.0,-34713.49848518934,-67879.99460669982
2022-12-20,7549.566501282668,9776.73913043478,133740.90932191483,179.79761554751946,92,451,0.34332065217391305,0.09536798520224836,1.1368683772161603e-13,-60448.7808475317,698647.546829206,-3662.733555718589,11212.300057001255,0.0,0.0,-26065.45844474356,-59500.68577522227
2022-12-21,6074.208165339843,6057.55555555557,114311.74540309074,141.57814067147356,90,449,0.32750922222222223,0.09156768730968111,8.526512829121202e-14,88753.80509157853,662153.032466803,13570.758001124155,-7496.549835784313,0.0,0.0,-22645.306326104317,-51223.242676877
2022-12-22,-1512.0929394741183,-2042.500000000002,117275.1381399119,170.89380672467394,92,452,0.34012913043478266,0.08471785706862997,2.842170943040401e-14,-51851.585522664434,691536.200362258,-14106.96550118848,12594.872561714363,0.0,0.0,-31001.771281176767,-60320.55581615474
2022-12-23,5957.086559832286,-2420.888888888888,99782.11940696625,162.14812851954895,90,445,0.32924172222222226,0.0741805859368642,-5.684341886080802e-14,-40047.412221076294,667548.343892945,-868.340978195807,6825.427538028093,0.0,0.0,-19150.591420428824,-44096.121272170385
2022-12-27,2982.9123404591214,-1043.8888888888873,156018.2452697182,163.02162756369407,90,448,0.3365085555555556,0.11365005621214218,2.842170943040401e-14,-121981.56252139827,682338.2571853864,3073.177806292977,-90.26546583385552,0.0,0.0,-36184.67060453412,-75189.23192196367
2022-12-28,-11934.64405514273,-7053.777777777784,169820.06971702573,195.5918972068864,90,446,0.3398005,0.11746541061960457,1.4210854715202004e-13,-31440.40626031835,694778.9741954771,-7985.49440470599,-3949.1496504367387,0.0,0.0,-54585.253381606046,-97040.2708108625
2022-12-29,-3588.8176790748917,-6997.333333333332,182716.38230164218,196.8134578163731,90,449,0.3226518888888889,0.1382968955051407,-2.2737367544323206e-13,-44165.3613446801,656405.1043332707,-5379.6297238604875,1790.812044785596,0.0,0.0,-49464.72671230181,-95143.82228771236
2022-12-30,1807.6643547868516,-46.55555555554952,174433.54029264307,219.0504672487284,90,444,0.32808,0.13977231772290533,-5.684341886080802e-14,68899.90019909298,673266.9714838025,-4584.658665140001,6392.323019926853,0.0,0.0,-42019.771185622645,-85628.1562587834
2023-01-03,-5092.511376035495,-2392.282608695651,161568.78906761803,135.61786375148392,92,452,0.3456632608695652,0.11134541981138642,0.0,102583.58114820856,698862.6841476528,-2992.0106719583378,-2100.5007040771575,0.0,0.0,-45620.32650669148,-86012.523773596
2023-01-04,-3520.4285832239393,1722.826086956521,176532.01202579803,151.87311102906628,92,453,0.3479206521739131,0.1328278159470674,-5.684341886080802e-14,-114831.81050143344,706137.5220206598,2037.7102237900758,-5558.138807014016,0.0,0.0,-47805.304700702516,-91938.30770715202
2023-01-05,5195.835591557015,1688.9130434782583,204948.1407438152,144.46225894514504,92,453,0.37017315217391306,0.13705798685162432,2.842170943040401e-14,-138555.18049114692,748176.6139599099,462.27997769632395,4733.555613860691,0.0,0.010869565217391304,-46185.66185334193,-97422.69703929573
2023-01-06,-3988.5413407078595,-6767.1739130434735,196004.18134630428,137.22026972166267,92,452,0.3626022282608696,0.12733918713461098,-1.1368683772161603e-13,-26917.641626025837,732743.3182304675,-6533.647387259967,2545.1060465521077,0.0,0.0,-53126.80694700559,-102127.85228358165
2023-01-09,-1748.7110803606865,-856.0000000000124,163051.87645506219,153.53385294985205,90,444,0.3689166111111111,0.12345853599261002,-1.1368683772161603e-13,-38087.81906833001,745892.0507460334,-5434.110961176858,3685.3998808161714,0.0,0.0,-42665.214047076086,-83428.18316084164
2023-01-10,-11448.49280119882,-11074.021739130438,184575.75727279254,154.66212602701634,92,458,0.38620864130434784,0.1166795736801894,0.0,-22013.982965580428,781916.892650749,-4179.667104093025,-7268.825697105794,0.0,0.0,-57747.09424542397,-103891.03356362211
2023-01-11,-1952.9128064044567,-7206.931818181818,166188.1523495919,136.14162522563552,88,438,0.3775273863636364,0.11792403255496973,-5.684341886080802e-14,-55294.08556761856,762496.2367569593,-12665.57492795532,10712.662121550862,0.0,0.0,-43636.09251902807,-85183.13060642604
2023-01-12,2042.122414976566,-376.413043478257,197986.9372940192,153.42051892862244,92,452,0.3599605434782609,0.12348099412125998,0.0,-80833.50259682875,729258.2659636206,-16432.53724806943,18474.659663045997,0.0,0.0,-47608.032427456856,-97104.76675096167
2023-01-13,-5659.548468046577,-8356.363636363641,167781.1376302033,137.629785432568,88,438,0.36413755681818183,0.12873605831828874,2.842170943040401e-14,-28675.27660553422,734195.9684304224,-15391.400155832158,9731.85168778558,0.0,0.0,-47742.46266102997,-89687.7470685808
2023-01-17,-2417.0551043375253,-3648.0434782608727,109450.299176684,173.1061556900045,92,452,0.35700554347826086,0.07336433272128623,-8.526512829121202e-14,-42336.16351857202,727830.9082891106,2017.4088716800877,-4434.463976017612,0.0,0.010869565217391304,-29952.73605419853,-57315.310848369525
2023-01-18,-8218.832921986594,-7502.222222222209,115088.8955366335,192.611019055479,90,450,0.34662000000000004,0.07742156696537013,0.0,52254.5904679098,709011.4322019713,2939.8009584921997,-11158.633880478794,0.0,0.0,-37183.66782520044,-65955.89170935882
2023-01-19,-2166.304161370421,-3257.6086956521804,104785.20234620928,176.80629227291908,92,456,0.3473945652173913,0.07101564180791942,8.526512829121202e-14,-112983.82774368094,705919.2997450522,-3013.8540970185268,847.5499356481064,0.0,0.0,-28539.41104019566,-54735.71162674798
2023-01-20,-2535.918831606334,-6232.555555555568,97412.41278301527,225.38806522813482,90,446,0.3427935,0.07314139210794171,1.1368683772161603e-13,-68753.31370856255,705489.9339479752,-5627.818524893613,3091.8996932872788,0.0,0.0,-27114.410092588285,-51467.51328834211
2023-01-23,4121.907926015927,4881.777777777776,167633.32407426697,157.52827475481854,90,447,0.3332068888888889,0.12259073037156751,-5.684341886080802e-14,-103233.41919267023,675128.9076920027,-901.5460481319539,5023.453974147881,0.0,0.0,-37943.951367305635,-79852.28238587239
2023-01-24,-2456.733047963804,-6375.22727272727,168400.8906565362,188.59744396985576,88,440,0.3424747727272728,0.11487788070590507,2.842170943040401e-14,29238.184430297064,697014.4226260278,-2874.2348661987066,417.50181823490266,0.0,0.0,-44745.55315606771,-86845.77582020177
2023-01-25,-1062.1377950299398,-2341.7391304347675,183098.16237057425,179.2040090413136,92,452,0.3454553260869565,0.1282170325527299,-5.684341886080802e-14,-106933.53247614036,704803.2435243434,778.2804724784448,-1840.4182675083848,0.0,0.0,-47015.88239671482,-92790.42298935837
2023-01-26,4148.231695593779,7432.7777777777865,172427.70591711556,203.56988688078036,90,443,0.341946,0.13157841033644607,1.7053025658242404e-13,-64077.965726301314,697127.7735563064,-2345.7571481355435,6493.988843729323,0.0,0.0,-39162.26467056589,-82269.19114984479
2023-01-27,3318.698146014431,-6835.777777777778,168883.69476157308,207.15446351953807,90,446,0.3333796666666667,0.13583543583537766,0.0,-194910.46957824304,680289.021230194,10509.482278771313,-7190.784132756881,0.0,0.0,-39109.38000789838,-81330.30369829164
2023-01-30,-3186.870732772984,-788.6363636363714,142581.9325872803,145.61255635932977,44,215,0.3298205681818182,0.10232346339346238,-5.684341886080802e-14,-97243.4841850323,665783.0065248463,-4428.730165968567,1241.8594331955835,0.0,0.0,-38977.96643595239,-74623.44958277245
2023-01-31,11830.577969539843,4259.77272727274,177147.25288058788,142.59944764173272,44,214,0.3279455681818182,0.1225684313281215,-1.1368683772161603e-13,-65908.0918027283,663230.8603250554,3024.2685651649635,8806.309404374879,0.0,0.0,-32598.83469824886,-76885.64791839584
2023-02-01,-12502.035252670534,-1594.444444444449,175347.4776140362,133.8967643401632,90,441,0.3182386111111111,0.13525381160378,-5.684341886080802e-14,-9874.505526317575,642632.4298500394,16550.689849225415,-29052.72510189595,0.0,0.0,-56472.80142051975,-100309.67082402881
2023-02-02,760.8914149703127,8042.272727272727,166346.32681526523,147.97501386683044,88,438,0.31693312500000004,0.13034602904225445,5.684341886080802e-14,-34116.08072776164,640864.3217875259,149.68061388309775,611.210801087215,0.0,0.0,-40973.66530271283,-82560.24700652913
2023-02-03,4125.503277767292,-2431.888888888889,142526.8308363662,138.00509641696624,90,447,0.32503950000000004,0.12687652241482728,-2.842170943040401e-14,-18753.166253258238,657846.6171328231,885.501567438905,3240.001710328388,0.0,0.0,-31644.209527741223,-67275.91723683277
2023-02-06,901.1710326862817,1095.0000000000034,153164.9516203408,151.8614588555504,92,453,0.3389776086956522,0.10795257666554503,5.684341886080802e-14,-11461.00121219821,687242.0235625389,-689.4903643067329,1590.6613969930145,0.0,0.0,-37541.92833125447,-75833.16623633968
2023-02-07,13519.981035011944,14809.78260869565,147085.1842608333,136.56427664785903,92,456,0.3376038043478261,0.11298105779956794,8.526512829121202e-14,-32394.584919633984,681712.576321647,2263.964408607214,11256.01662640473,0.0,0.0,-23387.879306844243,-60159.17537205257
2023-02-08,6886.141072720327,8938.510638297868,152248.26436771953,168.25860207947625,94,462,0.3350626595744681,0.11699230461166228,8.526512829121202e-14,-66469.07939291139,680789.8423951977,4651.409428866911,2234.7316438534167,0.0,0.0,-31344.183621289034,-69406.2497132189
2023-02-09,-2747.441120473263,-817.3913043478345,154385.48908971003,159.31621908082374,92,456,0.3404880434782609,0.11661766159623528,1.1368683772161603e-13,32968.673642697715,691811.807297663,-7043.507983395273,4296.06686292201,0.010869565217391304,0.021739130434782608,-41503.12961198159,-80099.5018844091
2023-02-10,-1580.6080114946315,-1928.2608695652168,142463.89888941916,165.3303042439011,92,457,0.34806739130434783,0.10947301090696064,-1.7053025658242404e-13,-12950.5740610925,706800.482978222,-2160.7292356069565,580.1212241123256,0.0,0.0,-37361.91303809332,-72977.88776044812
2023-02-13,5022.664963826216,3074.9999999999936,101538.1541652867,188.9093447161782,92,456,0.34351576086956526,0.07975961974493787,0.0,-111131.66968753215,703502.6040750952,-13833.303278623758,18855.968242449973,0.0,0.0,-20550.782922211638,-45935.32146353331
2023-02-14,-8003.463921874895,-5038.152173913039,118945.06665148595,200.02616485083047,92,459,0.3272402173913044,0.09228274896548481,1.1368683772161603e-13,-128459.88983278579,669258.7300659651,-10449.387396505135,2445.9234746302404,0.0,0.0,-37939.75674959721,-67676.0234124687
2023-02-15,5004.914080655284,5799.347826086955,113476.21473720775,197.83557570308517,92,456,0.3150696739130435,0.09244102236008535,0.0,-53243.67789856554,644473.7508627432,3900.061643665984,1104.8524369893005,0.0,0.0,-23561.975179349738,-51931.02886365168
2023-02-16,-5892.527243559161,-7983.695652173919,128643.13840435192,259.60982730631264,92,457,0.3232739130434783,0.10150205057672705,-1.7053025658242404e-13,189755.34992379782,668168.7359241776,-7905.859058911195,2013.3318153520331,0.0,0.0,-38312.92167195345,-70473.70627304143
2023-02-17,11197.80745095065,3766.6304347826044,139099.67797004298,188.12594383517128,92,455,0.33799402173913046,0.10715610419368042,1.4210854715202004e-13,23969.988660276314,690355.1728749843,14684.006422738046,-3486.198971787397,0.0,0.0,-23765.237985395266,-58540.15747790601
2023-02-21,-8066.143752949078,5331.630434782595,175082.72660181476,187.5491692519982,92,452,0.35378478260869567,0.12130700630992723,-8.526512829121202e-14,-261020.09407720377,719652.5443804351,-9033.767886057307,967.624133108229,0.0,0.0,-52024.37457265477,-95795.05622310846
2023-02-22,4749.256702538233,26213.152173913048,185950.55033077337,205.77386850458635,92,454,0.3450542934782609,0.13322184929012718,0.0,-298347.07252627285,703228.0640195484,-8714.983806113709,13464.240508651941,0.0,0.0,-41944.1547486597,-88431.79233135305
2023-02-23,-4752.807809096665,4902.222222222217,191968.43545545047,212.1119321205129,90,447,0.33318555555555557,0.1371211935607073,2.842170943040401e-14,-37102.05894759839,680590.7199030077,1738.9094573007221,-6491.717266397387,0.0,0.0,-52957.028605079795,-100949.13746894241
2023-02-24,-4983.795646242973,-5453.333333333335,178401.37814498463,225.64437387993547,90,447,0.3315438888888889,0.12667765023980931,0.0,-16776.172203928414,681255.2050775253,-14655.885279075814,9672.089632832842,0.0,0.0,-49809.784556369064,-94410.12909261523
2023-02-27,10352.436620851775,10673.636363636362,173806.63819655968,130.61326534980438,44,217,0.3569386363636364,0.11714798295790932,-5.684341886080802e-14,-53140.26446695477,718472.103020841,-9504.608466822956,19857.04508767473,0.0,0.0,-33229.83619363795,-76681.49574277787
2023-02-28,16295.047956555833,19179.090909090904,138029.55113578535,138.612139010991,44,211,0.3543977272727273,0.10980338151837957,-2.8421709430404007e-13,-13850.593705410876,713484.055044901,4362.47396539774,11932.573991158091,0.0,0.0,-18350.951966401495,-52858.33975034783
2023-03-01,3320.4628922286347,11797.727272727294,140973.35834560747,137.6088581529119,44,218,0.35617045454545454,0.11248664772270135,-1.7053025658242404e-13,63490.28236747165,717346.5619481682,-3394.028587260859,6714.491479489495,0.0,0.0,-32060.485552326143,-67303.82513872802
2023-03-02,5089.7789144002045,2902.272727272726,140170.5912873188,146.02974336519299,44,217,0.3550977272727273,0.10042618963169074,1.7053025658242404e-13,-4947.516764940141,716062.8671017105,-3347.126493691579,8436.905408091783,0.0,0.0,-30098.898650794687,-65141.54647262439
2023-03-03,-3556.5330069228607,-1599.9999999999968,124682.5130886808,137.94250053450955,44,216,0.3306727272727273,0.10491531577871864,-1.1368683772161603e-13,22998.509119354196,666695.5035535156,-10172.951555116675,6616.418548193815,0.0,0.0,-34865.10377962757,-66035.73205179778
2023-03-06,663.6076296072042,-293.18181818181756,137550.93894397758,139.34132953110324,44,217,0.3285340909090909,0.1114801495767157,1.1368683772161603e-13,-65014.08425318374,663152.2685510693,7756.93761912694,-7093.329989519736,0.0,0.0,-33863.468435918294,-68251.2031719127
2023-03-07,-6369.821790713037,-7386.363636363624,136329.98825132422,123.8992440462392,44,219,0.32777954545454546,0.11040116799754872,0.0,-21059.173414582387,659934.0748475177,-1086.1149722495638,-5283.706818463473,0.0,0.0,-40576.21809759033,-74658.71516042139
2023-03-08,87.53122834890917,-5155.55555555556,160523.73867485134,159.47546619292638,90,446,0.30284222222222223,0.11472446609242887,1.1368683772161603e-13,120833.67056178373,617984.953171536,30039.840324621284,-29952.309096272376,0.0,0.0,-40202.87890655685,-80333.8135752697
2023-03-09,-17209.439330264395,-20748.66666666667,222455.94198744508,148.05818393546878,90,449,0.3410344444444445,0.13329972434610715,-5.684341886080802e-14,-34161.20020646551,693125.8108308584,32774.60714776455,-49984.04647802895,0.0,0.0,-72971.48301106114,-128585.4685079224
2023-03-10,-94381.93244679997,-68660.68181818182,249183.63523217264,147.74266017011297,88,435,0.39665931818181815,0.16902116707431877,2.842170943040401e-14,-69282.08283170861,806070.942889835,3589.156924062585,-97971.08937086255,0.045454545454545456,0.045454545454545456,-156825.58391501324,-219121.49272305638
2023-03-13,104979.99609158884,100829.54545454548,288551.5203103663,171.89936694149802,88,437,0.49789715909090915,0.17313568844773097,-5.684341886080802e-14,-191090.5953070555,1021283.8577216102,-10308.586447755706,115288.58253934454,0.0,0.0,32670.216647055764,-39467.66343053581
2023-03-14,-15745.747325352295,-6157.7777777777865,239457.47484165325,164.05178761413038,90,446,0.4298472222222222,0.1333881381169696,-1.1368683772161603e-13,-9991.016035421579,875611.6755204424,20579.870975254977,-36325.61830060727,0.0,0.0,-75774.16782337973,-135638.53653379306
2023-03-15,22582.376043124714,17326.25,258789.58008944223,146.87306295424025,88,437,0.4788573863636364,0.15221693561333347,1.1368683772161603e-13,-98907.56384004088,972352.6838135459,-15722.962159285988,38305.338202410705,0.0,0.0,-42261.892042190084,-106959.28706455063
2023-03-16,-41796.82466356182,-31104.54545454546,205674.70433946617,154.72190991677635,88,435,0.41616488636363635,0.11701764573628197,1.1368683772161603e-13,-32851.172932513604,843094.7220019647,14758.191019591533,-56555.01568315335,0.011363636363636364,0.011363636363636364,-93370.22265834514,-144788.8987432117
2023-03-17,34839.37178306301,32611.931818181816,229273.92497601526,155.66137068035528,88,433,0.4630758522727273,0.14025894902661318,-1.1368683772161603e-13,-119243.53848939692,935499.7391405135,-21842.29478066637,56681.666563729385,0.0,0.0,-22634.770831621157,-79953.25207562499
2023-03-20,15501.500041634697,24491.304347826084,156879.90212507301,169.603782146872,92,457,0.39312663043478263,0.10080236604200672,0.0,-22739.92999079819,798054.1327496403,-3758.027118543507,19259.527160178204,0.0,0.0,-23888.07927178043,-63108.05480304868
2023-03-21,-23881.332635924664,-10769.56521739131,177001.99689857662,155.60708379335364,92,455,0.39866304347826087,0.09768392295018045,1.1368683772161603e-13,17422.261756169282,811763.2053405433,3699.209448172888,-27580.542084097553,0.0,0.0,-68287.43894436216,-112537.93816900632
2023-03-22,-22301.864146496762,-18992.444444444438,176663.2332971445,189.47769303115516,90,441,0.4170806666666667,0.10880326913143203,5.684341886080802e-14,302.0081113440883,856140.85431052,11352.690988135282,-33654.55513463205,0.0,0.0,-66657.15016381403,-110822.95848810016
2023-03-23,-6042.290018037895,-5815.217391304362,173541.45876624883,186.0579207358566,92,453,0.43375652173913043,0.10988539329693338,1.4210854715202004e-13,-100925.49190998063,888344.4196484997,-4228.773193975983,-1813.5168240619118,0.0,0.0,-49613.712630335955,-92999.07732189816
2023-03-24,42408.49415372459,34586.66666666668,137959.10869277656,202.81993444879905,90,442,0.41260111111111114,0.08872742356476496,1.1368683772161603e-13,-30753.665179264288,845238.9700934521,-24544.251357678953,66952.74551140354,0.0,0.011111111111111112,7715.897046081652,-26773.880127112487
2023-03-27,10052.408303387023,8221.111111111113,166336.14089822912,194.8758639199322,90,442,0.369595,0.11985873579225245,-3.410605131648481e-13,-166628.80525695102,754929.0844787793,-8883.2652837296,18935.673587116624,0.0,0.0,-31726.50278509019,-73310.53800964747
2023-03-28,-1685.5284258468369,2288.0000000000214,205948.14239084243,222.74529833017345,90,448,0.35718055555555556,0.13584865760382223,1.1368683772161603e-13,-248893.07522090402,730575.6197109653,-10977.718447688141,9292.190021841305,0.0,0.0,-53395.30932188762,-104882.34491959822
2023-03-29,1720.1394404652583,-1288.6363636363697,203742.80085548418,221.1763091312439,88,439,0.3382659090909091,0.1548296464186141,-1.9895196601282805e-13,-279446.91325740237,693864.0283890861,-2489.009032008172,4209.14847247343,0.0,0.0,-49436.73708253703,-100372.43729640808
2023-03-30,15755.65515396097,8624.444444444454,187902.65730862232,251.1107631344128,90,446,0.33220333333333335,0.12700716456416372,1.1368683772161603e-13,-391319.3511508001,687291.970504736,5730.315875910821,10025.339278050149,0.0,0.0,-31471.11993632902,-78446.7842634846
2023-03-31,10855.365606538868,5388.636363636361,174289.271511528,269.58173580728896,88,433,0.323025,0.14984853386214902,2.2737367544323206e-13,216233.67308935538,666965.3578283081,-10246.416474650961,21101.782081189827,0.0,0.0,-32986.53400715042,-76558.85188503242
2023-04-03,-11122.052743029359,-6634.090909090905,154766.93028884433,136.9110110362576,44,217,0.35248409090909094,0.11157482900488774,-5.684341886080802e-14,12409.767225434838,710650.5250820714,1278.0978548572211,-12400.150597886579,0.0,0.0,-49950.6963262767,-88642.42889848778
2023-04-04,10062.280663005144,3734.090909090907,195258.65052514768,143.4218036782425,44,219,0.35518977272727276,0.1175656889005192,5.684341886080802e-14,-157662.0642630106,716667.5927032784,9019.068023503845,1043.2126395012997,0.0,0.0,-38895.80377196002,-87710.46640324693
2023-04-05,-1708.520449477442,-2098.9130434782633,143083.20172050217,150.86253628502072,92,452,0.3378331521739131,0.10217075773616333,1.1368683772161603e-13,-46815.18254594501,684498.1574918919,-6625.390620541732,4916.87017106429,0.0,0.0,-37630.18341588801,-73400.98384601354
2023-04-06,6343.959116232805,-198.6666666666654,147112.00791708735,159.03251256270852,90,449,0.32290122222222223,0.12178179776174249,1.1368683772161603e-13,37319.57183510792,653488.7601776789,-4986.3151619423825,11330.274278175188,0.0,0.0,-30593.07537560174,-67371.07735487359
2023-04-10,-3474.2565921556447,-1288.0434782608713,158142.7597311679,158.04804819594372,92,457,0.32977065217391305,0.11840659451677218,8.526512829121202e-14,2380.427358586643,669050.0296582234,-6809.260931601006,3335.004339445361,0.0,0.0,-43167.994573143566,-82703.68450593553
2023-04-11,3277.34214478079,990.2173913043393,174082.95815500585,142.8860657036964,92,455,0.32361684782608696,0.12045012135272173,-1.1368683772161603e-13,-62088.08084384943,654136.0603334315,-19.060550866320426,3296.4026956471107,0.0,0.0,-40386.28345967436,-83907.02299842583
2023-04-12,-6848.826893221258,-8085.8695652173965,151207.23782880767,138.69975442022985,92,454,0.32608097826086957,0.12029039897642431,-5.684341886080802e-14,-47930.99245087135,659383.2782781017,-10139.983704908653,3291.1568116873955,0.0,0.0,-44789.33610484341,-82591.14556204532
2023-04-13,5863.326753719364,3554.255319148936,182547.78554888547,151.2406289274672,94,461,0.3252776595744681,0.13434893185296704,-1.1368683772161603e-13,-16687.15090255639,658486.4601249088,-6295.810189086214,12159.136942805579,0.010638297872340425,0.010638297872340425,-39924.86026242947,-85561.80664965084
2023-04-14,-945.8568841850636,-5344.239130434779,158373.10710309938,178.40571643555535,92,455,0.3277092391304348,0.12213977629472651,-1.7053025658242404e-13,-192401.626685563,666753.0908603098,-12261.256200240248,11315.399316055184,0.0,0.0,-40717.53937639546,-80310.81615217032
2023-04-17,1069.1172832145455,-248.043478260868,89279.61103895544,179.14766420127125,92,460,0.31691940217391307,0.07335478871569222,1.4210854715202004e-13,135510.86765918898,646866.9746761372,-4305.9701451697765,5375.087428384322,0.0,0.0,-21429.933140725585,-43749.835900464444
2023-04-18,1452.6383757292735,2145.5434782608727,112076.67650891402,209.48397013594305,92,457,0.3132499456521739,0.08455846891757644,-1.7053025658242404e-13,35336.56069746871,643208.3410815613,-3526.7974976743326,4979.435873403607,0.0,0.0,-26776.014721635172,-54795.183848863686
2023-04-19,6928.625290973152,3774.2391304347893,107847.58057237371,198.0529389285692,92,453,0.3294614130434783,0.08008773963226318,-8.526512829121202e-14,-42239.032681797085,675460.7301660449,4242.003512028638,2686.6217789445136,0.0,0.0,-20231.322791048846,-47193.217934142274
2023-04-20,-29.786976140917346,-3216.3333333333317,124131.2989963493,207.301227405509,90,448,0.32533094444444444,0.090572218260108,-1.7053025658242404e-13,-99465.56571246948,667757.8205032363,-5408.867838271336,5379.0808621304195,0.0,0.0,-31269.91295263375,-62302.737701721075
2023-04-21,1871.081559835291,-6640.000000000005,116697.70777081876,239.37398294353426,90,449,0.30811,0.09569603113600811,-5.684341886080802e-14,6861.138967568757,633971.9580596132,-12779.693395061227,14650.774954896518,0.0,0.0,-27542.71936581293,-56717.14630851762
2023-04-24,4753.575302586839,143.1111111111286,186612.35655940554,192.18030342184483,90,442,0.32853000000000004,0.14338263315189867,-1.4210854715202004e-13,-193309.5299572299,669917.7756328731,22078.812623379043,-17325.237320792206,0.011111111111111112,0.011111111111111112,-42091.69414068639,-88744.78328053778
2023-04-25,12696.281919610477,9545.555555555551,191802.39746383112,191.5438067778441,90,448,0.326445,0.13784279760319235,-2.842170943040401e-14,-49487.73313742951,664648.3573908004,5029.210131385862,7667.071788224615,0.0,0.0,-35445.86125312515,-83396.46061908292
2023-04-26,41123.56789903392,33608.0,213681.81799739267,215.83225731504498,90,450,0.37043488888888887,0.12962397089072966,0.0,-1524.5315037845357,767729.9339168458,6772.500212509582,34351.067686524344,0.0,0.0,-12512.718857629292,-65933.17335697747
2023-04-27,3843.3891001533184,7142.666666666667,206526.07734764236,249.05348450015916,90,447,0.3376527222222222,0.15673977533975803,1.1368683772161603e-13,-39116.86167026304,702570.6820075558,-5658.857649111696,9502.246749265014,0.011111111111111112,0.011111111111111112,-48037.18372125743,-99668.70305816802
2023-04-28,-911.0582802986619,-10403.333333333328,169086.7464638635,242.8631781708273,90,442,0.30837000000000003,0.13690344154268252,-2.842170943040401e-14,-128124.14927155597,635115.4717268222,-5670.627946307684,4759.569666009022,0.0,0.0,-43425.60807443536,-85697.29469040124
2023-05-01,-12682.936106384956,1082.608695652161,170465.02488360822,154.24658149629795,46,222,0.3107315217391305,0.13711107039349393,1.7053025658242404e-13,13810.964698455347,627251.1865697736,15104.48440355876,-27787.420509943717,0.0,0.0,-55453.43890878331,-98069.69512968535
2023-05-02,-2390.4580288548996,15404.545454545467,204456.8336019516,139.04648084877127,44,218,0.3208329545454545,0.15134056339171803,5.684341886080802e-14,68468.66630761762,647520.7861523384,-1865.4254944706313,-525.0325343842679,0.0,0.0,-53643.71291019157,-104757.92131067948
2023-05-03,-30802.780632936716,-25561.6304347826,216144.4099589516,162.89713204105084,92,452,0.35355597826086954,0.1319773037981847,-8.526512829121202e-14,-40397.519465359794,718229.1734958,8316.334557647742,-39119.11519058446,0.0,0.0,-85001.78025471568,-139037.88274445356
2023-05-04,18665.047698930623,27726.739130434784,221617.03257815633,175.12629494864365,92,453,0.3887372826086956,0.12861252379541252,1.4210854715202004e-13,56301.15505321203,789000.9700881733,-17426.15647818985,36091.20417712047,0.0,0.0,-36914.336740557104,-92318.59488509619
2023-05-05,13830.21630078723,6359.02173913043,180282.8362963126,143.88837362192086,92,452,0.3606592391304348,0.14171688038729532,1.1368683772161603e-13,8733.378777667347,730092.799025766,-5851.75189388911,19681.968194676338,0.010869565217391304,0.010869565217391304,-31384.38114691284,-76455.09022099098
2023-05-08,11051.744972671682,20937.39130434783,181518.83598665317,150.86835627083036,92,460,0.3568938043478261,0.12192759977664909,8.526512829121202e-14,-153181.7687846169,723695.7953691878,-4381.497997434639,15433.24297010632,0.0,0.0,-34478.83238026244,-79858.54137692573
2023-05-09,18408.93090035907,18508.695652173923,162835.0770954827,140.56296179871663,92,457,0.34981521739130433,0.11653317954757172,-2.842170943040401e-14,-132633.01802924724,708630.341037093,-5541.332442617236,23950.26334297631,0.0,0.0,-22440.401335310322,-63149.17060918099
2023-05-10,-6247.4851122717555,-733.6666666666579,155668.84041525456,150.0705856094466,90,450,0.33790611111111113,0.10410164431799353,-8.526512829121202e-14,27450.043358542396,684298.528442014,627.2865200950387,-6874.771632366794,0.0,0.011111111111111112,-45314.76580169485,-84231.97590550847
2023-05-11,2632.5928203781264,1484.021739130423,193565.9351435913,159.86600228004409,92,451,0.3341198913043479,0.12370397632664322,-5.684341886080802e-14,-26477.911425698505,678622.172157781,-9499.916493810255,12132.50931418838,0.0,0.0,-45918.756967799745,-94310.24075369758
2023-05-12,6010.571665905306,-1182.6136363636433,164945.88998861428,156.97358549691018,88,431,0.33100494318181817,0.12171075074110943,5.684341886080802e-14,-90809.08916779776,671819.3123056653,-8436.287713683601,14446.859379588906,0.0,0.0,-35382.87441674517,-76619.34691389874
2023-05-15,9680.776156600185,8173.4042553191375,121335.48649250859,214.76852850245518,94,461,0.3092382978723404,0.09244793165750473,8.526512829121202e-14,-24464.976576128982,638109.9983714165,5630.277732258352,4050.498424341832,0.0,0.0,-20867.863995029416,-51201.73561815656
2023-05-16,-8412.101016398285,2239.45652173913,133573.80254491902,219.00816083095026,92,452,0.3118659782608696,0.08518778902210186,0.0,-126373.01637742217,642683.6266666284,-2596.2778233306785,-5815.823193067606,0.0,0.0,-42024.55981345899,-75418.01044968875
2023-05-17,1676.7072063846947,8871.111111111119,133345.90420425468,216.2771517649936,90,448,0.29205277777777783,0.09230869257191393,2.2737367544323206e-13,125784.3852302698,602617.2591032503,-1364.3288818412163,3041.036088225911,0.0,0.0,-31876.04599644397,-65212.52204750764
2023-05-18,-6866.053495579242,-4840.000000000002,118275.13137216002,251.90573673065765,90,444,0.2951588888888889,0.08755619748593835,0.0,-157075.6375520755,613541.1206168187,-3448.177186205533,-3417.8763093737093,0.0,0.0,-36686.7420753499,-66255.5249183899
2023-05-19,7218.357334356033,827.0652173913106,123392.29456063076,217.29048512352873,92,452,0.304454347826087,0.10901020798779869,-1.4210854715202004e-13,30545.62110802933,627261.5843131607,-3266.458732348312,10484.816066704345,0.0,0.0,-23847.00679092519,-54695.080431082875
2023-05-22,11553.55653096843,3063.804347826089,168038.32007431376,179.48041115327365,92,454,0.3077699456521739,0.11152129806203985,-5.684341886080802e-14,-40640.6070931406,626825.374062907,19748.387296488592,-8194.83076552016,0.0,0.0,-30635.50389876328,-72645.08391734172
2023-05-23,777.7853688522604,2871.1111111111018,170063.0892524878,229.08060443161284,90,446,0.3076277777777778,0.12869116187291157,2.842170943040401e-14,-99243.33223915246,632347.445223681,12399.328492555313,-11621.543123703052,0.0,0.0,-41967.06754870131,-84482.83986182326
2023-05-24,356.7448614645224,2250.000000000006,189830.02765012742,212.05957506567404,90,442,0.3267385555555556,0.12435839771222433,5.684341886080802e-14,33445.243212566376,667829.1496668028,15329.63031114036,-14972.885449675838,0.0,0.0,-47312.821626133,-94770.32853866486
2023-05-25,5056.223191448216,10042.045454545452,175266.8417744543,235.89209767243523,88,440,0.30607727272727275,0.1319749006701378,0.0,-30102.12997631556,630503.3761311892,9764.290358150958,-4708.06716670274,0.0,0.0,-38996.37934983779,-82813.08979345138
2023-05-26,-4074.848204236132,-10607.666666666668,158873.05255067663,278.43622677667065,90,441,0.2917477777777778,0.13095313507613554,-5.684341886080802e-14,-429308.576180921,606985.5737330156,-7036.687651698473,2961.8394474623415,0.0,0.0,-44071.547568681955,-83789.81070635111
2023-05-30,-1487.495755504138,4036.363636363629,175627.79856125286,155.8049098112072,44,220,0.3268125,0.12449602628058187,0.0,7817.573592615734,659285.8020162388,-2175.95480422017,688.4590487160322,0.0,0.0,-45550.250305628564,-89457.19994594177
2023-05-31,-10675.96612740493,3843.181818181809,164645.13510879863,132.7971961207542,44,219,0.33371704545454545,0.1300896198099991,5.684341886080802e-14,-30557.250401718382,672356.369495345,-4386.747314527868,-6289.218812877062,0.0,0.0,-51970.047100725336,-93131.330877925
2023-06-01,4961.475549772477,5241.304347826087,129509.4043632015,156.40036133433586,46,221,0.298804347826087,0.10891059617668368,-1.1368683772161603e-13,-59948.69625618278,604449.8308966745,1229.251678866939,3732.223870905538,0.0,0.0,-27572.275902362235,-59949.62699316261
2023-06-02,1338.467967105816,-531.3636363636358,138402.27551623757,157.26209283841766,44,216,0.28865795454545456,0.1240731551731911,-1.1368683772161603e-13,-131423.31729753572,582860.7372540273,-10723.183837345263,12061.651804451078,0.0,0.0,-33419.363004791994,-68019.93188385139
2023-06-05,-58.75825372535087,1188.181818181814,139045.1808951357,153.72958169682863,44,220,0.30208545454545455,0.1059433798806943,-1.7053025658242404e-13,142863.44962537155,611223.7849714652,-3324.7372679430514,3265.9790142177008,0.0,0.0,-34973.7830592061,-69735.07828299003
2023-06-06,771.4440379328487,1863.0434782608743,145957.56902802511,152.43379542111967,46,222,0.29882282608695654,0.11892338841815323,-5.684341886080802e-14,43388.86382174227,605592.0344728059,7030.533390711616,-6259.0893527787675,0.0,0.021739130434782608,-35870.38201449455,-72359.77427150084
2023-06-07,6679.051349699226,5526.956521739121,157609.89022155112,176.55666298406697,92,454,0.2763516304347826,0.12201577787635846,5.684341886080802e-14,62130.99443902238,564521.9739377876,2436.8447912460347,4242.206558453192,0.0,0.0,-32899.97786867262,-72302.4504240604
2023-06-08,-6190.972800652209,-6435.333333333332,131771.35246700252,146.98130987614923,90,450,0.2763615555555556,0.10369376444903239,-1.7053025658242404e-13,-94846.64881839004,561612.0059678811,-1559.7993387175197,-4631.173461934689,0.0,0.0,-39280.79222727899,-72223.63034402962
2023-06-09,-13909.424796738958,-12195.454545454555,123136.0765787868,183.8852304518774,88,440,0.26250852272727276,0.11963831060462214,-2.2737367544323206e-13,-16525.672597512086,536508.1895501268,4149.301709905088,-18058.72650664405,0.0,0.0,-44877.32917188754,-75661.34831658423
2023-06-12,10645.039175797083,9565.555555555555,123599.03885436662,170.70722224558128,90,448,0.27911722222222224,0.10703100939290011,1.4210854715202004e-13,69271.2430796423,567406.669420863,836.0494345731348,9808.989741223948,0.0,0.0,-20425.427760040155,-51325.187473631806
2023-06-13,234.92895779590896,2622.2222222222226,140684.66895160824,214.55116644650644,90,448,0.2604705555555556,0.11362154665421705,2.842170943040401e-14,21136.001233370196,536507.5194174618,-382.31987067527587,617.2488284711844,0.0,0.0,-35150.78944655266,-70321.95668445471
2023-06-14,805.9252211606008,1676.6666666666692,130667.55703796726,221.1017316372601,90,447,0.26549555555555554,0.12443714827405314,5.684341886080802e-14,10366.038405102634,547349.8159323253,2835.346248296895,-2029.4210271362945,0.0,0.0,-32082.065769968474,-64748.95502946029
2023-06-15,3229.930352027378,2340.2173913043534,133997.11802846813,209.62756620967193,92,451,0.25365978260869565,0.11796847243598242,5.684341886080802e-14,-82860.33425197756,522950.23605521204,-6372.919748360853,9602.85010038823,0.0,0.0,-30478.976721299325,-63978.256228416365
2023-06-16,162.62457031675115,-9143.86363636364,134412.90632410275,210.52154425307614,88,433,0.25497386363636365,0.13038809916652194,-2.842170943040401e-14,-40383.8067384068,527409.6479834102,-5660.182724335117,5822.807294651869,0.0,0.0,-33651.12355496201,-67254.3501359877
2023-06-20,966.7205831984136,2441.30434782609,85900.04805874836,210.3165488073855,92,456,0.25731141304347827,0.08181695582474979,-5.684341886080802e-14,-254042.9989637333,528871.0137680555,-8479.519437509109,9446.240020707522,0.0,0.0,-20718.607980296063,-42193.61999498316
2023-06-21,4946.850029127579,5508.58695652175,76237.18425363072,191.41178487009165,92,454,0.24542657608695653,0.08310295749977062,-2.842170943040401e-14,13509.538494276105,500466.82056513417,-952.3668330709596,5899.216862198538,0.0,0.0,-14303.857819150195,-33363.153882557875
2023-06-22,-723.6456017458402,737.2222222222149,108756.95616669487,239.57451181288218,90,449,0.24579638888888888,0.09631592019131535,0.0,10705.872835522285,508343.60285761365,586.9401497587771,-1310.5857515046173,0.0,0.0,-28152.459155232442,-55341.69819690616
2023-06-23,2472.1802283221787,-2169.0000000000027,138272.4631811046,262.9783425085166,90,442,0.25271944444444444,0.10081176767551807,-1.4210854715202004e-13,256076.56168202742,526732.5985261083,-841.6516347436338,3313.831863065813,0.0,0.0,-32358.913909462488,-66927.02970473864
2023-06-26,-4032.1204669490453,-541.9047619047631,170898.53223917482,244.83402949870973,84,416,0.2727785714285714,0.16758445761791074,5.684341886080802e-14,81431.15332105545,564343.2583366837,1177.658624192341,-5209.779091141386,0.0,0.0,-47001.58755624146,-89726.22061603516
2023-06-27,140.1609947006611,58.75000000000398,170169.79168583112,273.6122285533995,88,438,0.2564990340909091,0.1716286682650253,-1.9895196601282805e-13,428853.7613779457,537632.5544657744,4277.073226393866,-4136.912231693206,0.0,0.0,-42675.89915531052,-85218.34707676829
2023-06-28,5575.671238025372,3013.636363636362,149428.79252283275,211.8466601534006,88,440,0.2667471590909091,0.1414115375680509,2.842170943040401e-14,-45510.35135835136,544557.9483484781,-950.3510206731153,6526.022258698487,0.0,0.0,-31993.373552836216,-69350.5716835444
2023-06-29,5805.795808144465,6038.888888888888,134554.42784087567,237.4314088928774,90,445,0.26206944444444447,0.12756303468643523,1.1368683772161603e-13,-50746.64870882251,538764.8030040754,-5737.525994092485,11543.321802236951,0.0,0.0,-28070.242560967326,-61708.84952118625
2023-06-30,-3746.313029688519,-8996.66666666666,149914.05919770405,296.147563071452,90,448,0.24631444444444447,0.147136211700852,-1.7053025658242404e-13,-298789.73267041036,515696.14844562317,-7278.9421795388225,3532.6291498503037,0.0,0.0,-41520.97539218598,-78999.490191612
2023-07-03,-1683.6723165767307,-5054.5454545454495,108870.73243355205,156.92097153641234,44,220,0.3130318181818182,0.09321753637291472,2.8421709430404007e-13,-60929.22024368126,632267.9627283408,224.10218977481827,-1907.7745063515495,0.0,0.0,-29058.276396501155,-56275.95950488917
2023-07-05,11232.440448171541,3429.130434782611,147630.37520688394,157.90159734016575,46,221,0.3089026086956522,0.1093201436799217,-2.2737367544323206e-13,111289.32726560022,623493.6649951146,13062.01143188703,-1829.5709837154875,0.0,0.0,-25833.05495088961,-62740.6487526106
2023-07-06,4920.016636202138,-352.7173913043466,142306.6574529952,173.42360658142866,92,459,0.30465000000000003,0.11461209443739566,-2.842170943040401e-14,-67888.62789080669,619547.9074778,1026.8781941712602,3893.138442030878,0.0,0.0,-30830.07133362809,-66406.73569687689
2023-07-07,1279.15152715217,-4497.826086956523,130285.87520025174,183.1314508012209,92,460,0.2960342391304348,0.11182670021876297,1.7053025658242404e-13,111069.30330220325,604313.3478970861,1515.961580373888,-236.81005322171836,0.0,0.0,-31475.448723711987,-64046.91752377492
2023-07-10,-2433.736203545707,-40.53191489360695,111448.58078972432,184.26689174061426,94,464,0.29493191489361703,0.09701633657461341,-1.1368683772161603e-13,95813.28750025721,603397.9693480517,3850.4948720498865,-6284.231075595594,0.0,0.0,-30480.148292717404,-58342.29349014848
2023-07-11,1349.9782850971055,-746.7021276595783,116132.59219944473,151.2606613307045,94,464,0.2856638829787234,0.09710811399994042,-5.684341886080802e-14,-49838.449742305755,579077.7009703075,-604.1873471901558,1954.1656322872614,0.0,0.0,-27834.43042609478,-56867.57847595597
2023-07-12,-1851.560415479702,-4013.9361702127685,114971.61214153016,174.20640723427462,94,465,0.28477234042553196,0.10023691064769046,8.526512829121202e-14,-80117.76671800246,580704.5780218611,1048.9031129241796,-2900.463528403882,0.0,0.0,-30768.669858096517,-59511.57289347906
2023-07-13,-3208.8543318897114,-2878.7234042553173,122398.91053312142,155.37863418045188,94,467,0.2810760638297872,0.09809087951781324,-8.526512829121202e-14,29771.922309303125,571242.885965304,2194.191344318783,-5403.045676208495,0.0,0.0,-33963.96059935052,-64563.68823263088
2023-07-14,-15660.408431246593,-14468.478260869559,131886.90501153062,159.36343926360166,92,459,0.28873369565217394,0.11221772147865425,-8.526512829121202e-14,44402.18102556273,584462.2658899315,-1549.0008308397569,-14111.407600406837,0.0,0.0,-48791.49812339285,-81763.2243762755
2023-07-17,-758.9828045533426,-3105.2083333333467,69928.37014747775,176.99685387429702,96,471,0.2997666666666667,0.05610253693317907,1.1368683772161603e-13,18455.229114145608,613252.3750342042,1392.8436180484832,-2151.8264226018264,0.0,0.0,-18418.072195297078,-35900.164732166515
2023-07-18,-1386.4913952377337,-5086.170212765961,67404.76485048748,212.7590433219631,94,469,0.3025579787234043,0.05428157623153702,0.0,5432.659050408158,623010.2217210523,4168.471388910584,-5554.962784148318,0.0,0.0,-18450.44165118157,-35301.63286380344
2023-07-19,193.438164713643,2244.680851063826,74461.98070144953,230.2870320831171,94,464,0.2863904255319149,0.0642910069438731,5.684341886080802e-14,-233449.07538914986,591459.8069600977,785.7655117022338,-592.3273469885912,0.0,0.0,-18652.344042731856,-37267.83921809425
2023-07-20,-6226.257643621071,-1832.9787234042492,75231.24535120594,212.9859830062271,94,464,0.2908941489361702,0.06301830682333243,-1.9895196601282805e-13,121286.3369293779,597287.1657078272,-11115.401467576658,4889.143823955587,0.0,0.010638297872340425,-25247.054964428782,-44054.86630223027
2023-07-21,-313.6586708723326,-9594.565217391313,73240.00939095202,204.179878612231,92,458,0.28401956521739136,0.0682366973270841,-1.4210854715202004e-13,60769.961742097425,581904.0439909822,-4664.156035633358,4350.497364761026,0.0,0.0,-18827.84089722257,-37137.843244960575
2023-07-24,14812.883154826866,17355.42553191491,122882.6326006736,181.01902592500738,94,465,0.30609840425531915,0.09182761354327888,2.842170943040401e-14,-37811.399952328975,622273.2245735826,9533.600175221054,5279.282979605813,0.0,0.0,-16088.794021266542,-46809.45217143495
2023-07-25,-5928.483631382849,-1529.7872340425633,131321.066281551,223.77953041333754,94,463,0.28980159574468084,0.09958384524421976,0.0,88851.45335794624,594059.0914619067,-7038.299599840225,1109.815968457375,0.0,0.0,-38982.52973218394,-71812.79630257169
2023-07-26,-1209.539453143727,22321.276595744694,135658.4842723303,210.35333586685937,94,463,0.283343085106383,0.11023443751974103,2.842170943040401e-14,-3873.15428872309,579182.8303309387,5852.889054721764,-7062.42850786549,0.0,0.0,-35334.51385709316,-69249.13492517575
2023-07-27,2564.718187765223,9637.234042553193,111313.4773129328,201.16297346344288,94,466,0.29496595744680854,0.10315434538531615,-1.9895196601282805e-13,-96633.50503088301,602128.2942603304,-12971.21623681254,15535.934424577761,0.0,0.0,-25464.81411393142,-53293.18344216461
2023-07-28,2876.2117009972,-5741.8085106382805,113456.6029051285,246.31720811614954,94,462,0.2852835106382979,0.0971267926515673,0.0,-176159.29087265552,585690.1064765838,-3089.00119020819,5965.2128912053895,0.0,0.0,-25734.256233401076,-54098.4069596832
2023-07-31,-24187.784090141133,-1668.0434782608727,113899.57352805746,168.6348350954302,46,222,0.32952793478260867,0.09276491205738689,-1.1368683772161603e-13,28540.620822704077,666122.315158002,-2643.857376012018,-21543.926714129113,0.0,0.0,-52831.312307250926,-81306.2056892653
2023-08-01,-2645.3886912671865,21263.63636363636,124060.66155756952,141.60453227678093,44,220,0.3048181818181818,0.10122876594076402,-1.1368683772161603e-13,30575.915839886256,614728.1930903003,17821.76783143207,-20467.156522699257,0.0,0.0,-33802.15861293635,-64817.32400232873
2023-08-02,-9846.660175527522,20148.510638297874,114435.13094916187,176.06776014502208,94,467,0.30855957446808513,0.096386863424932,2.842170943040401e-14,-42803.91965319197,626547.2518301766,497.69717875060115,-10344.357354278123,0.0,0.0,-38631.51067296301,-67240.29341025348
2023-08-03,-29086.977069083874,-4488.404255319152,137803.70226635048,175.51174769067973,94,469,0.3005218085106383,0.11475697014296743,-1.9895196601282805e-13,-48063.10850844172,610469.5246152901,-4632.87237231994,-24454.104696763934,0.0,0.010638297872340425,-63713.41438336217,-98164.33994994979
2023-08-04,-7407.508031357514,-6421.808510638298,118130.82111447223,175.85493182002205,94,463,0.2944251595744681,0.09518537895986307,-2.842170943040401e-14,-63976.6079833397,601681.3985416638,-14906.55362468454,7499.045593327026,0.0,0.0,-37116.0682417956,-66648.77352041366
2023-08-07,-14599.864779884512,8957.446808510636,116708.23819168663,177.9931307488546,94,462,0.29076808510638297,0.09845565860324548,2.842170943040401e-14,-16351.739803283464,593717.2928395165,5214.040830308988,-19813.9056101935,0.0,0.0,-43954.91745855502,-73131.97700647669
2023-08-08,4793.08384579855,2480.851063829785,118237.83979004527,140.60950042673787,94,465,0.2957595744680851,0.10836117358982603,-1.1368683772161603e-13,-104718.67128688443,599050.5463583966,4060.3793743646997,732.7044714338502,0.0,0.0,-24906.985602139506,-54466.44554965082
2023-08-09,-6072.824540587701,-643.7499999999985,138284.93002719537,204.10844234962306,96,472,0.30349583333333335,0.10233537890210702,0.0,-60662.101344139715,624831.8181787134,-7320.04231910525,1247.2177785175484,0.0,0.010416666666666666,-40848.165489736166,-75419.397996535
2023-08-10,-2954.985045288846,-2024.46808510638,121135.19062460218,180.97257211927982,94,463,0.29849095744680854,0.1012036121453341,0.0,-7030.753231413215,610948.7732374561,-7117.751401340171,4162.766356051325,0.0,0.0,-33419.75527355867,-63703.552929709214
2023-08-11,-9835.193151716967,-11030.95744680851,121973.64935845109,185.29172346768803,94,468,0.2925995212765958,0.10616584859187003,5.684341886080802e-14,-65921.18341659012,601232.3360818631,-11135.976615601452,1300.7834638844847,0.0,0.010638297872340425,-40513.89721479743,-71007.3095544102
2023-08-14,9861.73266237932,3837.4999999999995,81680.1591535288,203.0974149836208,96,473,0.2887484375,0.06903734581385282,-1.1368683772161603e-13,-82263.75184365676,594186.5475868528,16473.516067548582,-6611.783405169263,0.0,0.0,-10761.404540986501,-31181.444329368704
2023-08-15,-612.4946591352491,1345.8333333333235,97286.04041367202,224.111462478867,96,472,0.29856510416666665,0.08013209852673121,-1.1368683772161603e-13,61666.12685121562,617182.9690592245,65.34351925584684,-677.8381783910962,0.0,0.0,-25158.11622503212,-49479.626328450126
2023-08-16,13642.603840204778,9776.04166666667,99546.4793904357,232.5617789270927,96,471,0.2970567708333333,0.08933777100095847,-2.5579538487363607e-13,-134964.3917243374,614346.8909642152,8893.763547661309,4748.840292543469,0.0,0.0,-11476.577786331241,-36363.197633940166
2023-08-17,-3523.1812741869303,5280.851063829792,100376.64948704951,254.27239009560077,94,467,0.3034265957446809,0.08239083898750763,8.526512829121202e-14,-6939.456461972375,630573.5401269193,-6470.149119036565,2946.9678448496347,0.0,0.0,-28871.616036044907,-53965.77840780729
2023-08-18,-4520.807310163988,-5147.872340425531,93156.19393941089,237.49844227082676,94,464,0.30140106382978726,0.08500138944242325,0.0,-98311.75220434403,624223.9904553593,-15198.757703524072,10677.950393360083,0.0,0.0,-28047.354237287538,-51336.402722140265
2023-08-21,5098.466368670301,3160.8510638297726,131976.50305982993,238.26337261467643,94,463,0.30004734042553194,0.1091764002511802,-2.842170943040401e-14,-191057.5848835075,618609.2349423425,6486.113319452016,-1387.646950781716,0.0,0.0,-28133.922768901863,-61128.04853385934
2023-08-22,7280.364758239459,5940.21276595745,131236.69344295454,234.76398250750677,94,466,0.30328553191489366,0.10834036597787337,2.842170943040401e-14,250925.0717588322,624727.9920511977,-10066.875118718704,17347.239876958163,0.0,0.0,-25763.57258500668,-58572.745945745315
2023-08-23,586.8270495422214,8615.957446808507,143178.20753969197,260.86609213002333,94,469,0.28296489361702126,0.12102905440096065,8.526512829121202e-14,90185.50660582885,589476.6586643872,2460.7238532814577,-1873.8968037392353,0.0,0.0,-35468.5909275108,-71263.14281243378
2023-08-24,-2737.333423730693,-1781.1702127659546,117042.31521062624,263.1108243175962,94,464,0.2792792021276596,0.10647922419019061,-5.684341886080802e-14,-75926.81335656058,580289.1543736184,-14472.5568561776,11735.223432446906,0.0,0.0,-32261.023050704847,-61521.60185336141
2023-08-25,3566.6746968425823,703.6956521739062,123415.9408260796,300.36416215226075,92,460,0.26989434782608696,0.1099152372543251,5.684341886080802e-14,322437.10507258057,571345.1778657367,-11874.164464069165,15440.839160911748,0.0,0.0,-27587.67467182958,-58441.659878349485
2023-08-28,-3618.8675398249216,-1345.6521739130524,98372.87297807373,165.04200750369912,46,225,0.26258043478260873,0.0936793454500307,-5.684341886080802e-14,110627.5802902235,531503.5101894352,-7923.040771156454,4304.173231331532,0.0,0.0,-28377.127791847055,-52970.34603636549
2023-08-29,-10925.855631183433,-5589.130434782608,149297.94477803275,145.74803349203435,46,224,0.2792554347826087,0.09106707558563562,-1.1368683772161603e-13,-163847.45582312546,565087.6693630898,-7147.9094358376715,-3777.9461953457626,0.0,0.0,-48396.08985918365,-85720.57605369185
2023-08-30,-3354.576055920446,10050.227272727274,120695.23547353453,127.24305265569471,44,213,0.2818409090909091,0.12058250613042189,-2.2737367544323206e-13,-127727.01057616368,567902.3753904053,-3079.540913696847,-275.0351422235996,0.0,0.0,-33655.62797695977,-63829.4368453434
2023-08-31,201.44389390292605,-1556.3043478260872,95904.57530902824,163.8622539398852,46,224,0.2558514130434783,0.10951523363057855,-1.1368683772161603e-13,-65987.47622569812,518411.0862624902,-2765.5948260922714,2967.038719995198,0.0,0.0,-23938.562187294017,-47914.70601455108
2023-09-01,-9020.792751371839,-7295.65217391306,81426.81586540859,175.7814925856255,46,225,0.25522608695652177,0.07993003902974113,-1.1368683772161603e-13,90769.71564688502,518082.01339339226,-1715.253990335435,-7305.538761036405,0.0,0.0,-29553.27821030961,-49909.98217666175
2023-09-05,-4474.035929595064,-4104.347826086957,75898.88512693637,153.53568420922016,46,226,0.26898369565217395,0.0774189314236221,-2.8421709430404007e-13,-47949.43707434437,544006.0220495638,-590.5425302823359,-3883.4933993127274,0.0,0.0,-23602.292895538372,-42577.01417727247
2023-09-06,-2624.673337104205,-841.4893617021213,98592.66508203479,197.02063300431627,94,470,0.2586398936170213,0.09048520970309948,-5.684341886080802e-14,7226.307894416879,531314.3228266505,2933.5523980233647,-5558.225735127569,0.0,0.0,-27469.860240617218,-52118.026511125914
2023-09-07,7588.655091542791,3970.4255319148883,96128.65515653296,150.4856876393725,94,467,0.2644670212765957,0.09432871796212663,8.526512829121202e-14,41416.43453494701,537006.6723932526,-4248.622565812832,11837.277657355622,0.0,0.0,-16593.99438522982,-40626.15817436307
2023-09-08,3435.48280387635,1699.3617021276577,79956.28979584268,182.62576114252946,94,467,0.2489686170212766,0.08486530431757025,2.842170943040401e-14,-11702.457995460922,511155.3403283251,-5591.038160086306,9026.520963962656,0.0,0.0,-16736.21540622685,-36725.28785518752
2023-09-11,-7791.072748437793,-2001.4583333333314,91235.18538443779,192.40044565839364,96,477,0.2501555208333333,0.08876896437551264,2.842170943040401e-14,53642.6909883623,515854.4867081697,1643.133684018118,-9434.206432455912,0.0,0.0,-30792.269540205634,-53601.06588631508
2023-09-12,4259.860330197871,-121.1458333333278,91353.48333302139,206.58982986654638,96,475,0.24497552083333332,0.0875631963332947,2.842170943040401e-14,278310.8285319549,505969.192610471,4193.910495290929,65.94983490694156,0.0,0.0,-18785.100332924023,-41623.47116617937
2023-09-13,634.0152594681664,-4683.020833333335,106789.68448819731,183.8499663787,96,472,0.2510908854166667,0.09754130595979667,2.842170943040401e-14,28462.267943037266,513675.6034392159,-1274.4293813164047,1908.4446407845712,0.0,0.0,-26247.25582895986,-52944.67695100919
2023-09-14,177.0967910578912,99.16666666666484,113150.22472317339,208.8751286446852,96,473,0.239068125,0.09998382523496581,-2.842170943040401e-14,57878.16369448631,491359.1351868022,1871.8148200012533,-1694.718028943362,0.0,0.0,-28319.334518380143,-56606.89069917349
2023-09-15,1617.370895181319,-3168.0851063829828,98354.67306483249,223.53106912798873,94,462,0.2358755319148936,0.12233713341009464,2.842170943040401e-14,-99099.61441570678,490835.6739302606,-3696.1160045777788,5313.4868997590975,0.0,0.0,-23194.82844015479,-47783.496706362916
2023-09-18,4100.65745946718,1620.8333333333323,71574.02782369964,219.06064206209857,96,474,0.24840416666666668,0.07034781441742964,-2.2737367544323206e-13,162296.72167964344,515815.63888184685,2849.9805850383523,1250.6768744288281,0.0,0.0,-14011.910138519828,-31905.417094444736
2023-09-19,1815.5969819043753,1487.0212765957463,76107.83028062314,238.31591577675638,94,470,0.24520478723404257,0.07624623997385545,5.684341886080802e-14,-12352.925706104252,512499.7854843979,1822.7550085303676,-7.158026625992079,0.0,0.0,-17449.676504028164,-36476.63407418395
2023-09-20,18043.128889762498,9724.375000000002,71715.94774343727,194.6028154072743,96,473,0.24529437500000004,0.07181958622837513,0.0,-89053.96370915939,505614.3252292122,32821.22591593001,-14778.097026167514,0.0,0.0,-80.46086150409303,-18009.44779736341
2023-09-21,-2224.5131392168314,-2686.6666666666692,90136.54882184838,228.76898285459748,96,475,0.2700061458333333,0.08031375599489142,2.842170943040401e-14,84263.35554718153,557391.8921379118,-3664.7082661603845,1440.1951269435533,0.0,0.0,-24987.419327533527,-47521.55653299562
2023-09-22,887.0280084868058,-4115.6250000000055,75561.30974558844,206.64561801369626,96,472,0.272553125,0.07344299396257538,-2.842170943040401e-14,-259513.98068728374,557407.8063011294,-2132.8746260557946,3019.902634542601,0.0,0.0,-18209.945045924,-37100.27248232111
2023-09-25,1433.2569014254166,1647.916666666665,120381.17812796967,200.43486731304267,96,474,0.28189739583333334,0.10485890130579543,-1.4210854715202004e-13,-110384.71925270533,577704.8872737963,15882.46762327875,-14449.210721853335,0.0,0.0,-28862.472497880048,-58957.76702987246
2023-09-26,-3502.1480389651874,-1391.354166666653,107348.48119642468,222.1927383402775,96,474,0.28637343750000005,0.09041369453568783,-2.842170943040401e-14,165531.02030487757,589276.6732257659,-5345.252813956488,1843.1047749913005,0.0,0.0,-30561.461076411633,-57398.5813755178
2023-09-27,-3947.1298325254693,-5123.749999999996,124423.2854956601,228.31812160006766,96,472,0.2869301041666667,0.10961450647500957,-2.842170943040401e-14,-88032.40032956412,588604.6575494884,-8464.37749826528,4517.247665739811,0.0,0.0,-35281.26932804056,-66387.09070195559
2023-09-28,-742.5517953518596,-2217.0212765957444,110716.98005700616,229.0968597848537,94,469,0.2828462765957447,0.1004857561465941,8.526512829121202e-14,211013.23185786192,581871.8567360019,-9252.58936383914,8510.03756848728,0.0,0.0,-28650.893669388257,-56330.138683639794
2023-09-29,-16115.137210011477,-3729.166666666672,140192.55710645136,242.2897793507477,96,473,0.27147083333333333,0.11921081898524567,2.842170943040401e-14,87548.42835798766,563559.2840390675,5971.338772863013,-22086.47598287449,0.0,0.0,-51405.56626597507,-86453.70554258791
2023-10-02,1492.6995049916723,3243.4782608695837,124245.27724069108,130.6732908581298,46,226,0.3227163043478261,0.0890135633748536,2.2737367544323206e-13,464.4645703357237,651419.5208014605,19438.316781922775,-17945.6172769311,0.0,0.0,-29699.293096039226,-60760.612406212
2023-10-03,-5520.887672208285,-5941.304347826085,117828.23841860642,130.7811419567856,46,227,0.3008304347826087,0.09113235060654876,1.1368683772161603e-13,12482.08337260499,607109.900556681,-10733.440035246333,5212.5523630380485,0.0,0.0,-35108.728418816674,-64565.78802346828
2023-10-04,-3353.062908671451,-3168.0851063829746,107043.45171522012,185.93560856372488,94,466,0.29489202127659575,0.09887919054831652,2.842170943040401e-14,-13230.13822605172,604345.5303694383,-1944.9710833682375,-1408.0918253032135,0.0,0.0,-30299.861446040206,-57060.72437484524
2023-10-05,3433.700322769066,805.2083333333378,111590.52759901683,174.57647367045067,96,471,0.2995213541666667,0.07939124907630377,-1.4210854715202004e-13,-41791.49133770261,612182.7252071628,-2227.0502840540703,5660.750606823137,0.0,0.0,-24638.508050655593,-52536.1399504098
2023-10-06,-1045.0807807048932,-1214.8936170212814,106079.84896890001,193.44460572363818,94,470,0.30200744680851066,0.08549013346676279,2.842170943040401e-14,-40792.19572305003,620152.9025172449,-3528.377780832806,2483.2970001279127,0.0,0.0,-27758.487628653533,-54278.44987087853
2023-10-09,5277.379015434486,5086.170212765952,112734.05114729969,172.47840380984604,94,470,0.3035877659574468,0.09336405113674855,2.5579538487363607e-13,-77125.89507756135,619145.981904124,-3779.5550725373787,9056.934087971866,0.0,0.0,-23078.612175200284,-51262.124962025206
2023-10-10,-2560.139935549007,-1431.9148936170213,103201.37505423768,167.19549969732438,94,470,0.2980776595744681,0.0842368771293555,-2.842170943040401e-14,-38837.954988609956,606414.7202606332,-568.2818592873201,-1991.8580762616873,0.0,0.0,-28527.679198805752,-54328.02296236517
2023-10-11,2504.0261476765922,261.59574468085196,96546.35596017592,162.93118719800958,94,470,0.29785319148936173,0.07931816524905527,8.526512829121202e-14,-116447.91546039829,606842.2086404403,11740.394396133508,-9236.368248456914,0.0,0.0,-21795.494029565398,-45932.083019609374
2023-10-12,6666.566967795661,1152.812499999997,118752.7085214085,154.4004309021739,96,472,0.3132665104166667,0.09260186587948284,-8.526512829121202e-14,-199742.8446713206,635344.4006208743,15344.272307213354,-8677.705339417693,0.0,0.0,-23176.010593458635,-52864.18772381076
2023-10-13,5196.345512747055,1426.5957446808573,109391.69442512919,179.8060041827744,94,467,0.33034202127659573,0.08356339981338574,2.842170943040401e-14,-140672.5097871697,672489.1018359279,-15294.69758900204,20491.043101749096,0.0,0.0,-22331.384097718015,-49679.30770400032
2023-10-16,2252.8395837071557,-132.29166666666507,104194.26349073206,190.33938100965273,96,473,0.3149088541666667,0.07540821705265634,2.842170943040401e-14,184475.87864662905,646203.8090529358,1242.9340150244498,1009.9055686827058,0.0,0.0,-23986.065669985514,-50034.631542668525
2023-10-17,-1893.8295242333552,-3353.0851063829864,117735.91609239533,212.31649443020694,94,469,0.32069255319148937,0.07772502865844418,5.684341886080802e-14,-179157.5781361032,659729.7928513638,18512.519512200703,-20406.349036434058,0.0,0.0,-31540.125041762396,-60974.104064861225
2023-10-18,1023.8750001202275,73.19148936170427,96800.63560488432,208.6430404286254,94,464,0.33349882978723405,0.06937066066899591,-8.526512829121202e-14,-188273.609124052,684560.0150883185,2411.3915600312293,-1387.516559911002,0.0,0.0,-23384.926941529477,-47585.08584275055
2023-10-19,4017.977980057984,-2891.063829787242,106610.69879670664,212.56872998204162,94,466,0.3174004255319149,0.0775403946548185,-2.842170943040401e-14,-128223.97092127301,650345.1032585236,6865.074345169586,-2847.0963651116017,0.0,0.0,-22847.265449100716,-49499.940148277376
2023-10-20,-2970.2356492582926,-2734.148936170197,99867.4236144808,206.765196889805,94,464,0.33894622340425534,0.07750273597199193,-1.7053025658242404e-13,-39338.07224483678,693024.4591263451,-13714.779899721827,10744.544250463536,0.0,0.0,-28143.856749768296,-53110.712653388495
2023-10-23,6733.587937755245,7365.957446808507,135187.88426532695,174.39574862275956,94,468,0.33677925531914893,0.09354142113539955,1.9895196601282805e-13,72592.3819387666,685686.3754378534,-8769.360892749779,15502.948830505024,0.0,0.0,-27237.778877199253,-61034.74994353099
2023-10-24,1119.0435894399816,7274.4680851063895,119395.09941697407,205.00969115555534,94,462,0.31821755319148937,0.08745761564883865,2.5579538487363607e-13,-264256.6231354926,652577.8923022104,9324.064134160382,-8205.0205447204,0.0,0.0,-28934.740955959092,-58783.51581020261
2023-10-25,-2706.191731689258,9915.625,133489.3556088473,195.47456583512292,96,471,0.33258333333333334,0.09536054253920508,-1.1368683772161603e-13,73701.06781665052,677963.5440706819,3672.309183810801,-6378.500915500059,0.0,0.0,-36274.00519973621,-69646.34410194804
2023-10-26,6783.716373233563,5843.936170212767,169266.83029416425,221.079121376984,94,470,0.33823563829787234,0.09035465072637654,-8.526512829121202e-14,-115595.35186059173,695406.258443815,5375.988263262188,1407.728109971375,0.0,0.0,-35754.070321684485,-78070.77789522555
2023-10-27,3246.073564019981,-12642.608695652174,131792.69143181955,221.9082603703848,92,457,0.3506547282608696,0.09832532291173748,5.684341886080802e-14,-190337.73750458373,719278.1301631544,-13740.728351078911,16986.80191509889,0.0,0.010869565217391304,-29924.00755430529,-62872.18041226018
2023-10-30,3150.9888739241246,-1352.1739130434844,118816.65558716063,116.2338804628512,46,226,0.35915,0.08742560527643904,5.684341886080802e-14,-69989.16005000594,722233.4635195292,-7924.916709732435,11075.90558365656,0.0,0.0,-26669.408903328884,-56373.572800119044
2023-10-31,1933.04091431077,17452.17391304349,119884.33545036163,163.0399371650488,46,227,0.3436880434782609,0.09204326334656422,-1.1368683772161603e-13,4941.432441191007,694282.4311005166,-5671.99868003763,7605.0395943484,0.0,0.0,-28201.082885444688,-58172.166748035095
2023-11-01,2961.8893090590755,6319.893617021276,118867.90276501368,161.5506022929516,94,469,0.320475,0.09491084450813878,-8.526512829121202e-14,24743.213629163823,650375.5126478744,-3453.376113381122,6415.265422440198,0.0,0.0,-26916.636984487297,-56633.612675740726
2023-11-02,-10058.668942439768,10018.510638297867,103706.88618726263,158.5886997189604,94,468,0.3035276595744681,0.07382370788448207,5.684341886080802e-14,6931.0980105730305,615817.4971988981,83.87587504583175,-10142.544817485597,0.0,0.0,-36143.97918897439,-62070.700735790044
2023-11-03,-1209.6742246128183,-9062.446808510638,107719.20952486584,149.8093400202306,94,465,0.2963232446808511,0.0957195912074584,-1.9895196601282805e-13,-54963.91251352015,600052.1738765092,-8617.287574905362,7407.613350292543,0.0,0.0,-28289.28594584951,-55219.08832706597
2023-11-06,1634.9122198755294,-599.0425531914839,110587.64386610591,155.68127281342046,94,470,0.29708191489361707,0.08916130952284308,-1.4210854715202004e-13,-7567.644674299436,602990.6777634664,-4213.98085750344,5848.89307737897,0.0,0.0,-26167.68001946437,-53814.59098599084
2023-11-07,7691.534439638444,13378.936170212757,95506.40795800452,159.85930499913366,94,469,0.2854855319148936,0.08028175090614664,-1.1368683772161603e-13,-59699.27830218921,579185.1435338664,-2479.8493282692593,10171.383767907704,0.0,0.0,-16344.92685486182,-40221.52884436295
2023-11-08,1213.1887899149494,4328.7234042553155,109624.06595481421,154.4400597370072,94,467,0.28731702127659575,0.08599127903871438,1.1368683772161603e-13,-64154.45400397604,582502.0635590173,5104.717714277802,-3891.5289243628526,0.0,0.0,-26347.267758525613,-53753.28424722916
2023-11-09,553.7272783974024,-1191.382978723407,106471.08497801278,176.11851573856347,94,468,0.2874303191489362,0.08956921116001237,0.0,-27737.218733250495,585937.3339778009,46.19857966508628,507.5286987323163,0.0,0.0,-26240.162481844352,-52857.933726347546
2023-11-10,2343.85547764495,-680.2083333333326,92385.84376774916,175.74816063793597,96,471,0.2794932291666667,0.08614231701023049,8.526512829121202e-14,42282.84581315756,568372.6329051497,-5858.843344094531,8202.698821739481,0.0,0.0,-20928.353624930278,-44024.814566867564
2023-11-13,3830.4061937453876,-1925.2083333333253,78779.68453265114,209.38050667301965,96,471,0.28150885416666666,0.06279193997352121,0.0,-49286.389145938854,580761.1940494219,14945.01945702857,-11114.613263283181,0.0,0.0,-16073.895446090417,-35768.8165792532
2023-11-14,-11642.863437327567,-3844.468085106389,68858.24976484176,237.10606038685944,94,465,0.2780264893617021,0.05715364809253011,-1.4210854715202004e-13,72526.15788034583,574087.5430049746,1809.128717248578,-13451.992154576144,0.0,0.0,-29094.53193892487,-46309.094380135306
2023-11-15,-7177.187950259932,7661.702127659569,62904.528187654185,208.08103956978695,94,468,0.2810526595744681,0.057547859918050996,-1.4210854715202004e-13,103229.58852634756,577967.9314371196,-318.1806322179661,-6859.007318041966,0.0,0.0,-23111.401036743267,-38837.53308365681
2023-11-16,1449.7186354994194,2368.085106382987,71947.23133725201,207.69941923785322,94,466,0.269981914893617,0.06670793858236658,-1.4210854715202004e-13,124648.55785895832,554415.7932962014,-6778.008906839597,8227.727542339017,0.0,0.0,-16744.788618051436,-34731.59645236444
2023-11-17,-1189.6265691453505,-6559.574468085116,79873.96126889532,249.42320229580196,94,466,0.26949414893617024,0.07387982451259846,-1.4210854715202004e-13,18514.230508122226,559861.9176969513,-9579.846422855708,8390.219853710358,0.0,0.0,-21407.540088664984,-41376.030405888814
2023-11-20,11151.776017339918,19580.531914893618,124661.0947808623,232.3996744040132,94,467,0.2705675531914894,0.10885846428670592,-1.9895196601282805e-13,83022.32090496118,556721.5526546417,1467.5747537939303,9684.201263545989,0.0,0.0,-20245.89735227967,-51411.17104749525
2023-11-21,5897.798886258355,10453.085106382974,113498.69083218469,271.5148181492693,94,464,0.2556367021276596,0.10925403823912677,-1.1368683772161603e-13,301439.6794644172,532896.7072537807,-7785.976387083546,13683.775273341902,0.0,0.0,-22748.388639937086,-51123.061347983254
2023-11-22,-2788.438443598343,-6549.893617021267,106125.55550583458,272.2555657038523,94,470,0.24519994680851065,0.10614855168840791,8.526512829121202e-14,181187.03962143246,509964.63663014816,-7470.973805664514,4682.535362066171,0.0,0.0,-29592.082885760843,-56123.47176221949
2023-11-24,-2964.493390299977,-6622.340425531924,111785.70479393491,310.7522705831561,94,463,0.2594207446808511,0.10279165500557338,2.842170943040401e-14,-27503.681306888942,544501.66108986,-3150.4712022756057,185.97781197562887,0.0,0.0,-31221.67185936686,-59168.09805785059
2023-11-27,1186.765326799417,-3308.69565217391,120933.02759783388,151.828182260085,46,228,0.26054456521739133,0.10513046850010506,0.0,-197600.8568735078,526759.3215115148,2852.0268498601044,-1665.261523060687,0.0,0.0,-29198.319754919135,-59431.576654377604
2023-11-28,2679.5273440449537,22563.043478260875,159252.57486403393,175.11491592341187,46,229,0.2838086956521739,0.12849200363199292,-1.1368683772161603e-13,89141.77650009704,575414.7981333925,5325.36611831333,-2645.838774268376,0.0,0.021739130434782608,-37308.73128788694,-77121.87500389542
2023-11-29,8282.530243665886,13924.999999999998,149281.7139025916,143.22361784219072,46,227,0.27415978260869567,0.1454885338022306,2.2737367544323206e-13,23220.911583008306,554520.3342582129,3215.8694943167056,5066.660749349181,0.0,0.0,-29181.12184982421,-66501.55032547211
2023-11-30,-11143.83700999595,365.0000000000123,134655.63240304054,177.8777195617015,46,229,0.2669532608695652,0.1288107355437503,2.2737367544323206e-13,31256.49591344883,540742.8148510244,3697.527793420695,-14841.364803416645,0.0,0.0,-44985.622830317785,-78649.53093107791
2023-12-01,5989.272445895601,-749.7826086956561,139019.58444410373,185.62139842279763,46,227,0.28568358695652174,0.12069992182820895,5.684341886080802e-14,101696.14362417604,580248.2882595606,5918.422353047206,70.85009284839448,0.0,0.0,-28951.24506355313,-63706.14117457906
2023-12-04,2740.8033534502815,2942.1739130434767,148183.13060632147,134.37986042523934,46,227,0.29605978260869564,0.1214340232465939,0.0,-5621.838250656423,596358.8543877519,-137.37757563717082,2878.1809290874517,0.0,0.0,-34439.35915855532,-71485.1418101357
2023-12-05,-14815.59866171307,-5916.521739130441,163018.26100574178,157.59070472061683,46,227,0.2828517391304348,0.14050620051008858,-3.410605131648481e-13,75189.20186981013,571440.0589886294,1010.6306625572064,-15826.229324270276,0.0,0.0,-55727.754617869134,-96482.31986930457
2023-12-06,-8918.131926031823,-8003.723404255314,152379.00553457005,206.9717207639237,94,462,0.2562021276595745,0.1308865222478674,1.1368683772161603e-13,-55333.13669101807,527918.3822616317,2672.8027926239506,-11590.934718655773,0.0,0.0,-47219.85503043826,-85314.60641408077
2023-12-07,3803.661012927939,2510.638297872329,106921.28777542268,176.71384863899937,94,468,0.2629962765957447,0.10511012331408857,-8.526512829121202e-14,-58194.16527521391,535574.7526338568,-6834.02943106153,10637.69044398947,0.0,0.0,-23103.37477956673,-49833.6967234224
2023-12-08,-3311.3795175530695,-4322.765957446803,95343.78689916847,184.64231613510114,94,467,0.2507124468085106,0.10073462531408643,-1.1368683772161603e-13,-106990.64993497198,511681.4035473132,3801.4311475095456,-7112.810665062616,0.0,0.010638297872340425,-27331.968558480286,-51167.9152832724
2023-12-11,-9436.199958774823,-1758.8297872340352,120921.16764622007,177.3688723763382,94,469,0.2699668617021277,0.10921874089616389,-2.842170943040401e-14,12161.027165644533,550920.2560868019,-6848.655469995427,-2587.544488779397,0.0,0.0,-39843.86074270618,-70074.1526542612
2023-12-12,-1199.3609774036902,-559.374999999988,146476.61182019828,188.8721605343448,96,473,0.25980000000000003,0.12591048566520882,-2.842170943040401e-14,125871.8210907007,533055.9990228286,20315.075213840944,-21514.436191244637,0.0,0.010416666666666666,-38007.3860929876,-74626.53904803717
2023-12-13,12162.826682826326,998.9361702127643,154117.7309655366,203.95681211426214,94,463,0.25546808510638297,0.13025115849498756,2.842170943040401e-14,277162.4595329095,524677.6049395269,37711.51841578372,-25548.69173295739,0.0,0.0,-26570.56287067209,-65099.99561205624
2023-12-14,2870.7847161727627,2480.434782608701,143318.73395193586,177.25620023931168,92,456,0.26153478260869567,0.1376386374108721,1.4210854715202004e-13,-121588.90917247806,532482.4496711552,1349.1999419726503,1521.5847742001122,0.0,0.0,-33136.15497205051,-68965.83846003447
2023-12-15,2240.325647406869,-2914.893617021267,119043.082666266,215.61256875931898,94,462,0.2659382978723404,0.13129666113570074,-1.4210854715202004e-13,-294193.9342595606,548918.9056051667,-6484.157211633896,8724.482859040765,0.0,0.0,-27736.05758791895,-57496.828254485445
2023-12-18,1186.6466605974038,5342.708333333327,82932.44140212695,213.31418163289308,96,473,0.24783125000000003,0.08088651700593867,1.1368683772161603e-13,-121335.09058500479,512754.05523123674,-1141.035954709623,2327.682615307027,0.0,0.0,-19759.777871567225,-40492.88822209896
2023-12-19,-1734.9428829674835,3218.0851063829805,92239.2632331399,182.59876964090657,94,470,0.25081914893617024,0.07900021783750584,2.842170943040401e-14,-303962.98772482853,514491.012590251,17191.29724875732,-18926.240131724808,0.0,0.0,-24977.357460893367,-48037.17326917835
2023-12-20,-2665.0009552728716,8775.531914893616,95567.99300413755,217.03496906914242,94,468,0.26363829787234044,0.09827672715086541,8.526512829121202e-14,-32247.0683675051,543290.1070925393,355.72974466211605,-3020.7306999349876,0.0,0.0,-26774.0341753764,-50666.03242641079
2023-12-21,294.5329672238504,2443.7499999999964,74986.874817438,234.63466003016123,96,471,0.2604265625,0.07299398300463679,-1.7053025658242404e-13,32907.84676681078,539625.0329414903,-3360.6818888339835,3655.214856057834,0.0,0.0,-18686.82039716581,-37433.53910152531
2023-12-22,3839.0454568079294,-3717.021276595742,86625.54279367572,218.2352716551052,94,470,0.25339202127659577,0.08599352319783553,5.684341886080802e-14,-166902.74822457638,521380.7722331446,-7780.932005245772,11619.977462053703,0.0,0.0,-18035.575513266107,-39691.96121168503
2023-12-26,-451.58056608065476,-2127.659574468091,137232.80035922024,248.45432023419474,94,464,0.2626409574468085,0.1308037132074304,-1.1368683772161603e-13,81417.16054870552,544312.4425964145,-5748.726809537773,5297.1462434571185,0.0,0.0,-35008.234976119915,-69316.43506592496
2023-12-27,1710.1474023206738,145.7446808510651,118063.18915609483,238.93955028964996,94,462,0.26087765957446807,0.12621149925258932,0.0,20873.59672565038,536484.0447855608,-7526.311899529394,9236.459301850067,0.0,0.0,-28044.589436992683,-57560.38672601639
2023-12-28,1984.1651348297714,790.425531914893,124908.59751473104,252.61854861858245,94,464,0.25397925531914894,0.10692265512133454,5.684341886080802e-14,-244408.79778649987,524178.0953921765,-4291.575132466949,6275.740267296721,0.0,0.0,-29495.60279247157,-60722.75217115433
2023-12-29,5215.908307828572,-7055.4347826086905,134017.01344304648,242.72946757209974,92,457,0.25295108695652174,0.13518192269832988,1.4210854715202004e-13,-193562.46679069856,521207.53221519035,6525.112749134039,-1309.2044413054678,0.0,0.0,-28531.074520505146,-62035.32788126677
2024-01-02,2250.552866353481,1392.5531914893597,126713.56489532783,176.65041973244905,94,465,0.2642829787234043,0.10832877954798736,-8.526512829121202e-14,46798.761996196816,540835.2743123941,6165.181833204364,-3914.6289668508825,0.0,0.0,-29604.488777210925,-61282.88000104288
2024-01-03,2144.425171367725,-474.99999999999943,133646.91812799947,157.39188238525995,92,454,0.2896576086956522,0.12280375375523954,-2.842170943040401e-14,33966.231298446306,588751.9410973513,-870.6348620587368,3015.0600334264614,0.0,0.010869565217391304,-31424.6962430174,-64836.42577501727
2024-01-04,5590.577356872666,5367.87234042554,124462.57754182768,150.23989679644205,94,467,0.28491063829787233,0.1044917092941518,-8.526512829121202e-14,-79726.14317522194,579211.059646431,-5101.522334787982,10692.099691660647,0.0,0.0,-25675.306925380697,-56790.95131083761
2024-01-05,2815.319932640582,-4368.723404255326,101960.15576096968,162.82599383144233,94,466,0.2752812765957447,0.09332887404391707,0.0,-28662.858174921028,558868.8459674402,-3313.117745208194,6128.437677848776,0.0,0.0,-22837.545001433282,-48327.5839416757
2024-01-08,3365.568360049507,-984.5833333333338,110929.89679361334,160.70101401392853,96,473,0.2748158333333333,0.10341547854986351,-2.842170943040401e-14,-35698.86752464465,560359.740021482,-337.08725524898483,3702.655615298492,0.0,0.0,-24527.606852367757,-52260.08105077109
2024-01-09,-1522.8922154967656,-2178.7234042553177,129117.86190495682,183.23405315711796,94,469,0.2939313829787234,0.10454962842463081,1.9895196601282805e-13,1043.672415925901,598999.603995124,1280.5961503218023,-2803.4883658185677,0.0,0.0,-33985.591744893085,-66265.0572211323
2024-01-10,2903.9326493422604,-1284.0425531914898,124020.27524415073,189.6953680845422,94,467,0.29440638297872346,0.10623629754663881,-1.9895196601282805e-13,-120498.43241831106,600228.9168814003,-1297.3257513335466,4201.258400675807,0.0,0.0,-28290.831529779967,-59295.90034081764
2024-01-11,-1425.1534848443168,-179.16666666666796,109171.15387765026,208.32425320486263,96,473,0.2834536458333334,0.09787933051410318,2.842170943040401e-14,48317.98206777609,582157.2114882873,-716.8758647457863,-708.2776200985304,0.0,0.0,-28926.266207461744,-56219.05467687431
2024-01-12,118.1144523609416,-8100.624999999999,113933.51589353626,172.5273820000492,96,472,0.2906197916666667,0.09963146859747106,2.842170943040401e-14,75616.48288644967,590940.2838466974,4454.032866465988,-4335.918414105046,0.0,0.0,-28537.79190302317,-57021.17087640724
2024-01-16,3324.635797816621,-46.24999999999331,67885.89565433863,206.07846836885994,96,473,0.30149927083333333,0.06324981972150509,-8.526512829121202e-14,-9352.11724189428,618015.9649302996,5169.375916117437,-1844.7401183008155,0.0,0.0,-13852.916584136896,-30824.390497721557
2024-01-17,-11413.931723182275,-6189.583333333337,78640.88512409874,244.25725141996313,96,474,0.3122203125,0.06387130953782896,0.0,36655.68064057648,644051.6913625939,-6547.76003948403,-4866.171683698246,0.0,0.0,-31318.410255626924,-50978.631536651614
2024-01-18,5885.410348863123,272.7083333333356,74531.17832952624,228.34681756977446,96,474,0.29961145833333336,0.06294828931205994,-8.526512829121202e-14,-192572.35841401684,615946.1546635494,2800.2544754119435,3085.1558734511786,0.0,0.0,-12975.731051088213,-31608.525633469773
2024-01-19,-26316.550346300322,-20837.234042553195,67586.63774403742,242.79251844256285,94,470,0.29849063829787237,0.0546370581250826,5.684341886080802e-14,-21255.946915649623,616873.7807115025,-4404.969055657517,-21911.581290642807,0.0,0.010638297872340425,-43456.00230075224,-60352.66173676159
2024-01-22,-1613.1571651654717,1217.6595744680744,138559.55874998015,206.75085445399142,94,464,0.3138494680851064,0.12128136441545558,-2.842170943040401e-14,-111956.26358486034,643736.4317371629,-5004.068951640454,3390.911786474982,0.0,0.0,-36459.7977071145,-71099.68739460953
2024-01-23,3049.65344537848,886.9791666666639,141572.96516308622,248.54605962563548,96,472,0.28853984375,0.11274394103390933,-2.842170943040401e-14,-94604.69806387322,595131.166906412,4802.642231401431,-1752.9887860229508,0.0,0.0,-32592.13390501871,-67985.37519579026
2024-01-24,4974.97135635989,9874.680851063833,133377.57728612906,241.7527069082149,94,466,0.2981468085106383,0.12335077190327275,0.0,165142.82566432052,613462.4607767318,7015.181888391265,-2040.2105320313758,0.0,0.0,-28611.17567208059,-61955.56999361285
2024-01-25,-3420.220479893914,1056.9148936170295,128152.99384008293,229.64851666293822,94,466,0.29852526595744683,0.1068088682535668,0.0,-57399.78709225338,611529.7099864009,-7208.180048436925,3787.9595685430104,0.0,0.0,-35688.11745657758,-67726.36591659833
2024-01-26,1786.4260973736687,-5548.936170212773,130592.7002973429,247.4838186956459,94,466,0.2979090425531915,0.11848112397525788,2.842170943040401e-14,44594.59934342465,612739.3495816283,-2291.7128250399915,4078.1389224136597,0.0,0.0,-31109.232795657706,-63757.40786999343
2024-01-29,6527.645360178916,4119.565217391295,128389.69841961318,143.9200884150954,46,226,0.3219467391304348,0.10167956158120535,-2.2737367544323206e-13,-54300.70379619925,649558.0895440314,7581.037403600069,-1053.392043421154,0.0,0.0,-25713.699333139473,-57811.123938042765
2024-01-30,13699.389102914953,10521.739130434773,141512.16511712642,172.93011773662658,46,224,0.3031967391304348,0.09710140998702119,-1.1368683772161603e-13,-9418.912315318361,614432.51168779,22005.219373787488,-8305.830270872537,0.0,0.0,-21851.58229410328,-57229.62357338489
2024-01-31,9551.323912641485,8759.782608695648,154811.544816982,156.21991793268938,92,459,0.29391358695652176,0.13116237553678767,5.684341886080802e-14,44614.67624390716,595728.0239865903,8337.888955023504,1213.434957617981,0.0,0.0,-29307.782209536705,-68010.6684137822
2024-02-01,2684.4536018933754,2729.787234042557,117369.6075451996,175.95016492389286,94,464,0.2821622340425532,0.1065727318020479,-1.1368683772161603e-13,254319.75659907886,576045.7669442506,827.0171263510464,1857.4364755423292,0.0,0.0,-26833.898449330416,-56176.30033563032
2024-02-02,2765.6200975235256,-3603.1914893617045,126965.68128911845,190.0410302492115,94,465,0.29089840425531915,0.11185579682704501,-1.1368683772161603e-13,-58164.36308861241,593657.4347019368,3747.1543246147066,-981.5342270911813,0.0,0.0,-29165.8412550053,-60907.26157728491
2024-02-05,-5819.933490466934,-5659.574468085104,157755.38159486966,189.2472313117875,94,465,0.29412872340425533,0.14010525666398613,-1.4210854715202004e-13,119458.76359816868,601589.6388507853,-4786.563585844385,-1033.36990462255,0.0,0.0,-45448.02612049614,-84886.87151921356
2024-02-06,1267.1942226391336,6791.489361702128,140111.27615398815,174.55757475267734,94,466,0.2790686170212766,0.1385832783245437,-1.4210854715202004e-13,-106660.38562243851,568025.3286215513,-4022.3937879637474,5289.588010602881,0.0,0.0,-33935.18239061058,-68963.00142910761
2024-02-07,-1465.5697539741784,-2105.3191489361707,123242.24745246605,183.4102017811057,94,468,0.2637484042553192,0.11430898648904493,2.842170943040401e-14,-11875.681385916678,539168.3307284559,1497.631330278295,-2963.2010842524733,0.0,0.0,-32459.541818871796,-63270.103681988316
2024-02-08,-10714.196923011177,-10593.617021276596,125779.49181674024,216.16270316216765,94,465,0.2778255319148936,0.10983547425114941,8.526512829121202e-14,-170436.445202537,572212.0243122843,-4066.0706518017564,-6648.12627120942,0.0,0.0,-42375.2325803584,-73820.10553454346
2024-02-09,-3065.3657161547935,-10821.914893617022,119771.58059769,217.67756752439402,94,465,0.2829920744680851,0.10683633394030066,-2.842170943040401e-14,94951.56010488435,580557.932590046,2455.586083344942,-5520.951799499735,0.0,0.0,-33225.938433101684,-63168.83358252419
2024-02-12,622.6913714445357,3405.319148936171,89294.88796313643,222.3111683824966,94,469,0.29999468085106384,0.07491461111654456,8.526512829121202e-14,7129.288329042309,616872.2329165098,10876.61033188135,-10253.918960436813,0.0,0.0,-21923.341787722067,-44247.06377850618
2024-02-13,6446.844913884122,2518.749999999998,102972.08897135097,248.7920667359855,96,471,0.30244375,0.08825660573077171,-2.842170943040401e-14,-107172.6645199839,625890.5580932597,-3208.7290766471806,9655.573990531304,0.0,0.0,-19544.969395689608,-45287.99163852735
2024-02-14,-2052.573709392371,1487.4999999999968,102669.22465444183,226.30593229418767,96,471,0.302565625,0.08942468630864776,-1.1368683772161603e-13,-55150.66216071651,624474.5949029182,2419.6724845443982,-4472.246193936769,0.0,0.0,-27946.185805297016,-53613.491968907474
2024-02-15,1913.2280969945423,4258.51063829787,93346.01866885595,233.74989529263254,94,469,0.29780531914893615,0.07672536564056158,0.0,304719.2413474382,615373.2185177676,1810.9132600053545,102.3148369891872,0.0,0.0,-21657.026465512077,-44993.531132726064
2024-02-16,6468.602919570595,-11569.148936170215,97481.25866044694,269.82519761241326,94,466,0.3169739361702128,0.08033266894488902,-1.1368683772161603e-13,110012.55634276992,657300.4733752578,-2939.860757090607,9408.463676661202,0.0,0.0,-18171.53694315355,-42541.85160826529
2024-02-20,-10335.789335035604,8485.869565217397,189483.63054022085,230.48088927613227,92,459,0.31802391304347827,0.15553879062506495,1.7053025658242404e-13,-129087.064056484,651950.2667376089,2097.9294114197196,-12433.718746455323,0.0,0.0,-57937.17785936695,-105308.08549442216
2024-02-21,-13294.923289252813,11213.043478260866,166356.26194366105,238.00447767719686,92,460,0.301291847826087,0.125137420384664,-1.9895196601282805e-13,-189087.7731814278,619483.661271633,-1640.459970006544,-11654.463319246268,0.0,0.0,-55121.99325284528,-96711.05873876053
2024-02-22,11042.607469960769,16334.042553191486,150143.4214653035,283.5739871751054,94,463,0.29916063829787237,0.1264772212605195,0.0,74236.76698599306,620468.1670206698,-9399.109555917481,20441.71702587825,0.0,0.0,-26776.821883540208,-64312.67724986608
2024-02-23,-21709.945028142964,-26914.999999999996,144896.58904706925,259.5513589138864,94,462,0.2856063829787234,0.10205592543263031,8.526512829121202e-14,-55968.584016674,590054.2727931682,-3741.4981362551102,-17968.446891887852,0.0,0.0,-58193.64364882416,-94417.79091059147
2024-02-26,-4957.330129601423,-5228.2608695652125,154782.09665477142,144.0598040928192,46,221,0.3078239130434783,0.12370982887391344,1.7053025658242404e-13,-88810.49013965596,620301.9256164787,-4500.094275309853,-457.2358542915701,0.0,0.0,-43796.914097387096,-82492.43826107995
2024-02-27,601.4475077976119,-1928.2608695652264,171526.6343770398,148.361264212839,46,224,0.31780108695652176,0.15602239324248512,-2.2737367544323206e-13,-54588.761944166894,640830.106497598,-5297.019903454129,5898.467411251741,0.0,0.0,-42428.572350675175,-85310.23094493513
2024-02-28,1381.3530163703358,-1765.6249999999936,208878.34477307895,139.04615736567865,48,232,0.316234375,0.12462789714074367,1.7053025658242404e-13,19668.95099568044,637261.1222232705,-7860.646722292377,9241.999738662711,0.0,0.0,-50977.279334265084,-103196.86552753481
2024-02-29,-37230.53934268342,-12518.181818181813,214966.71645297445,149.45278808248312,44,218,0.29647954545454547,0.200592674695291,-2.8421709430404007e-13,-596.0743492553484,598034.3400348206,3089.039954978015,-40319.57929766143,0.0,0.022727272727272728,-91121.67124400953,-144863.3503572531
2024-03-01,-8589.156058297634,-21695.65217391305,158855.80460681694,148.89956973469776,46,222,0.3097989130434783,0.1132505726223418,1.7053025658242404e-13,-53640.07061723154,624126.60088718,2094.615747109002,-10683.771805406637,0.0,0.0,-48452.00677973656,-88165.9579314408
2024-03-04,-17315.601717079662,-5200.000000000018,189679.94319525885,164.03294397203274,42,206,0.32538333333333336,0.16838853458749764,1.7053025658242404e-13,-30158.905458824564,657181.9370355045,-2623.6103251242766,-14691.991391955384,0.0,0.0,-64899.620459866404,-112319.60625868113
2024-03-05,5596.749053461066,-1500.0000000000068,194122.73155940016,135.2598877302279,46,228,0.30720760869565217,0.14250611300899424,5.684341886080802e-14,-21110.156137584105,619334.424582119,6909.592209179136,-1312.8431557180695,0.0,0.021739130434782608,-43069.1937241192,-91599.87661396923
2024-03-06,-10467.299791203017,-7521.111111111127,168229.05595159894,175.60156078365083,90,449,0.3071611111111111,0.13407068140248915,-8.526512829121202e-14,47758.64377908771,625809.9491906943,-1750.7950553120322,-8716.504735890983,0.0,0.011111111111111112,-52700.16533988641,-94757.42932778613
2024-03-07,4323.697523713749,8023.913043478269,168944.17104710764,165.99977134148682,92,457,0.29499619565217394,0.12368539677280285,2.842170943040401e-14,26234.679147016883,599589.0547807328,824.4057826958262,3499.2917410179225,0.0,0.0,-38078.34500940464,-80314.38777118156
2024-03-08,15973.16772458585,9951.8888888889,160357.1885942902,154.7633071692074,90,449,0.3105833333333333,0.12791597260300808,8.526512829121202e-14,69579.70473696425,628800.8696909115,5440.957635483627,10532.210089102222,0.0,0.0,-24270.892731155905,-64360.18987972846
2024-03-11,-7545.01285117579,1328.8297872340386,180753.35404050542,169.36177173260603,94,461,0.2978307978723404,0.13804952289524106,8.526512829121202e-14,-55736.96522375587,608058.5169137286,-13312.980225524412,5767.967374348622,0.0,0.0,-52902.713133034755,-98091.05164316112
2024-03-12,-11428.914530845615,-4065.5555555555543,171347.88676858364,167.72187847392127,90,449,0.27682333333333337,0.15506860546341386,0.0,-102982.67663502877,563933.2101618733,-2208.324803988025,-9220.58972685759,0.0,0.011111111111111112,-54433.60810146545,-97270.57979361137
2024-03-13,3252.0286933499688,5790.425531914891,154656.32324022084,159.0456336689922,94,461,0.282093085106383,0.1337467664375036,0.0,-61969.927135986334,572495.3638059415,274.3468493137266,2977.6818440362417,0.0,0.0,-35571.09775037423,-74235.17856042944
2024-03-14,-12196.791982833194,-3626.739130434788,193284.20289307772,181.69994888141568,92,454,0.28017065217391307,0.13976973612356722,-1.1368683772161603e-13,24775.188945188624,570618.4083840975,-9006.290449143024,-3190.50153369017,0.0,0.0,-60699.54265498404,-109020.59337825347
2024-03-15,2916.7061511302213,85.22727272727565,129806.50912555525,181.92532801295576,88,437,0.27401647727272727,0.1437732244383063,0.0,53552.43266890699,561025.2879692435,-11681.913080056036,14598.619231186258,0.0,0.0,-29716.84645827155,-62168.47373966036
2024-03-18,-1993.0113188107737,-4011.702127659579,91646.25860202752,208.75346188405345,94,462,0.2678707446808511,0.09976494255800826,5.684341886080802e-14,192770.72600096161,549769.6399939819,-8339.809054635303,6346.797735824529,0.0,0.0,-25113.32943120171,-48024.89408170858
2024-03-19,-5550.719697139433,-5313.829787234047,84403.61349852398,183.76889231171677,94,465,0.26325478723404255,0.0800029751563829,-1.1368683772161603e-13,-101154.46828869297,537633.7537627101,-5647.609460294652,96.88976315521853,0.0,0.0,-26835.391964082144,-47936.295338713135
2024-03-20,-19119.67681062342,-1911.9565217391387,101528.46180650589,208.96895443972565,92,460,0.25649021739130434,0.10012289483417847,0.0,13297.146154089318,528803.9769857407,-2266.928637774247,-16852.748172849173,0.0,0.010869565217391304,-44710.761216689614,-70092.8766683161
2024-03-21,-1112.8857973148454,10757.60869565218,85166.82803120118,198.07520729585474,92,454,0.25239021739130435,0.08478304283846008,-5.684341886080802e-14,93449.9050742779,515614.7191559505,-1244.9115664688998,132.02576915405422,0.0,0.0,-22602.66801241099,-43894.37502021129
2024-03-22,1677.0964421904825,-4704.021739130433,103261.42670791277,251.76770099920017,92,460,0.24467407608695654,0.10530551160049582,-1.7053025658242404e-13,-237879.28708184205,509572.01460869476,1522.8146814341865,154.28176075629577,0.0,0.0,-24390.02793578691,-50205.384612765105
2024-03-25,-2677.388439979336,4111.111111111111,151047.34771168814,225.0530520497404,90,448,0.26354666666666665,0.11589433487918398,1.4210854715202004e-13,-53349.90872249326,544093.9021459988,-1462.4998602033,-1214.8885797760354,0.0,0.0,-40664.278419951115,-78426.11534787314
2024-03-26,13477.336332215811,12768.18181818182,161257.76671866348,236.38046466368482,88,433,0.2593943181818182,0.13840450835411108,8.526512829121202e-14,57379.27873008921,534441.7787217989,12719.296600052727,758.0397321630844,0.0,0.0,-27073.485812113744,-67387.92749177961
2024-03-27,2300.5552126249086,-2555.2272727272752,151782.91139196538,248.92732193254392,88,435,0.2537747727272727,0.14435379632834403,-1.1368683772161603e-13,266271.8312019644,522469.01375026256,-2948.637918189782,5249.19313081469,0.0,0.0,-35894.099957298975,-73839.82780529032
2024-03-28,2695.370890086949,-8134.318181818185,173970.0316954845,299.82327522280355,88,434,0.25843011363636365,0.1557934900344068,0.0,350192.72967597237,539856.5779214957,1894.7316351922123,800.639254894737,0.0,0.0,-41096.96030900699,-84589.4682328781
2024-04-01,-5717.475720662496,-1495.4545454545548,210477.99203456574,151.49527948467403,44,212,0.3107761363636364,0.1650033833484169,-2.2737367544323206e-13,38843.94324947893,631909.2736240401,10195.095372723557,-15912.571093386054,0.0,0.0,-58488.46900878861,-111107.96701743004
2024-04-02,6318.314070299528,6538.636363636366,224755.91184527797,130.1797476948219,44,219,0.3051534090909091,0.17629389318004696,-5.684341886080802e-14,-59656.21714221577,615482.2208829768,6468.347588425759,-150.03351812623077,0.0,0.022727272727272728,-50000.84363871478,-106189.82160003428
2024-04-03,849.268444342323,-1983.8043478260909,195618.00489914263,160.19690017268164,92,457,0.28252228260869566,0.17065160740213384,1.1368683772161603e-13,-94470.39461657258,572825.0407217662,12288.709249787118,-11439.440805444796,0.0,0.0,-48215.42968061602,-97119.93090540168
2024-04-04,-2404.523450766982,-3278.152173913043,151898.58147506948,160.13969526625047,92,455,0.2907054347826087,0.13139731270350954,-5.684341886080802e-14,10313.473261452069,588969.109411929,-5612.318257278673,3207.7948065116907,0.0,0.0,-40539.3085148006,-78513.95388356797
2024-04-05,-1944.4326748720582,-8561.413043478255,143683.31965732717,182.32159281218222,92,454,0.28219864130434785,0.12956109977933225,0.0,-8053.289051521737,573742.7094791663,-10013.465690750996,8069.0330158789375,0.0,0.0,-38047.58418201603,-73968.41409634783
2024-04-08,3652.7280652208888,775.0000000000067,183806.9812583612,165.63780702383846,92,460,0.2902853260869565,0.14477258379814986,-2.842170943040401e-14,101964.99748521205,588010.5046266388,-2563.680758685315,6216.408823906204,0.0,0.010869565217391304,-42464.65505639325,-88416.40037098355
2024-04-09,6230.146215551605,-766.3043478260925,196812.4557118539,158.80821998128422,92,454,0.27043315217391306,0.1613044550347409,5.684341886080802e-14,-19741.728651262,549438.714874072,15661.957875348628,-9431.811659797022,0.0,0.0,-43131.77593239315,-92334.88986035662
2024-04-10,-7304.9607614515235,-8577.173913043478,170694.9114962145,147.81882069300727,92,452,0.29225815217391304,0.16113848866808175,1.1368683772161603e-13,-69081.23867504501,592780.0490726444,-3947.4864880569885,-3357.4742733945354,0.0,0.0,-50126.50745619816,-92800.23533025179
2024-04-11,10707.528397258673,6020.652173913039,149434.99149407182,180.57029297033247,92,457,0.27122065217391306,0.12387741065420156,-2.842170943040401e-14,22539.695389766413,553515.6327307996,23558.71629397334,-12851.187896714668,0.0,0.0,-26831.789769229614,-64190.537642747564
2024-04-12,11717.200996326443,5595.744680851069,146466.8669919919,191.26088087718313,94,463,0.2955063829787234,0.12335260799355965,-2.842170943040401e-14,172556.11492998508,603133.8076585255,1082.8084202581222,10634.392576068321,0.0,0.0,-25090.776632548717,-61707.49338054669
2024-04-15,5261.559997686604,6917.02127659575,88208.15458216913,196.0587485591915,94,468,0.3040154255319149,0.07217357999597532,8.526512829121202e-14,76637.20985915302,622065.4118012667,-5148.260958538866,10409.82095622547,0.0,0.0,-16986.53739641487,-39038.576041957145
2024-04-16,40.46407598611779,2472.340425531916,85656.72399567917,185.51830165110812,94,462,0.2934393617021277,0.0707744811157538,5.684341886080802e-14,43926.0739672929,599294.3309466451,-1322.328418826006,1362.7924948121236,0.0,0.0,-21559.235224584783,-42973.41622350457
2024-04-17,804.7177720273812,3798.93617021276,104305.3067408445,227.4579578880419,94,470,0.2897010638297873,0.07768172962963621,-5.684341886080802e-14,231897.46224368608,596556.5938867674,-2703.4813251102214,3508.199097137602,0.0,0.0,-25499.066871071784,-51575.393556282914
2024-04-18,12427.530800988234,5407.446808510646,106727.8002442773,214.63652602991985,94,462,0.2864606382978724,0.07404164959387356,-1.7053025658242404e-13,64173.48577954475,587318.9577180179,12993.217900506637,-565.6870995184021,0.0,0.0,-14469.05578611101,-41151.005847180335
2024-04-19,-5238.189722353518,-12230.434782608681,82891.41227010009,217.0273616475748,92,457,0.29729728260869565,0.08361111579881422,-8.526512829121202e-14,91215.47430014347,610203.2366767924,-16158.207695669593,10920.017973316075,0.0,0.0,-26178.070151526117,-46900.92321905114
2024-04-22,-2178.6173915404497,2268.4782608695687,171112.11082648873,207.79715752829273,92,453,0.29846630434782606,0.12591767065036777,5.684341886080802e-14,-180422.7027223859,609176.3633064613,-8202.421575914917,6023.804184374467,0.0,0.0,-45164.44225569093,-87942.4699623131
2024-04-23,4622.931679472445,17048.888888888898,163801.5151010727,191.96689236820646,90,449,0.2950844444444444,0.13896286482173015,1.1368683772161603e-13,131741.5493148735,601447.1770765118,1584.9771369240646,3037.9545425483793,0.0,0.0,-36519.413988163935,-77469.79276343211
2024-04-24,-5270.808343016714,-2578.8888888888923,172254.25741911837,217.73147244313157,90,446,0.28266444444444444,0.1296679872516618,1.1368683772161603e-13,-30318.763777190296,579152.4310606789,-2276.2616967774356,-2994.5466462392787,0.0,0.0,-48552.10417023944,-91615.66852501903
2024-04-25,3727.134199300481,6498.888888888889,175248.58744953558,210.6433650459735,90,446,0.29968944444444445,0.13486858962126214,1.7053025658242404e-13,146471.53390332573,612945.8454452851,-9544.100564793505,13271.234764093988,0.0,0.0,-40295.656028129386,-84107.8028905133
2024-04-26,-8948.722183821259,-11788.043478260875,147525.52198739248,218.82617474485215,92,452,0.28249293478260873,0.12428648310475247,-1.9895196601282805e-13,-39939.75381957402,577758.9357398186,-8316.190065078954,-632.5321187423033,0.0,0.0,-46048.928855414226,-82930.30935226235
2024-04-29,4890.084459467352,-1725.0000000000064,212480.82435887167,149.31124172857062,44,212,0.31492159090909094,0.14680548298278143,5.684341886080802e-14,97555.06704432223,636707.1788383644,6239.332390558249,-1349.2479310908977,0.0,0.0,-48379.43287197914,-101499.63896169706
2024-04-30,-18120.39131939329,10657.14285714286,246940.98034614525,147.3972740077904,42,202,0.322025,0.1740322860007767,5.684341886080802e-14,-1225.3151024067956,650882.3491711682,-53.505269421517596,-18066.886049971774,0.0,0.023809523809523808,-80003.03367993739,-141738.2787664737
2024-05-01,15801.385176543652,15683.333333333343,168094.96296994068,141.3048374246659,42,208,0.2771369047619048,0.18378517537109756,-5.684341886080802e-14,98996.63281409928,559884.1213100746,1750.0968371143917,14051.28833942926,0.0,0.0,-26363.660403366182,-68387.40114585136
2024-05-02,6385.714728964892,17102.17391304349,186062.9142318604,139.93645825371325,46,221,0.28286086956521744,0.13292403984800338,1.1368683772161603e-13,19798.869280501385,570491.1586440289,-6756.579091993974,13142.293820958866,0.0,0.0,-40269.95028725392,-86785.67884521902
2024-05-03,-4343.2698941424305,-2234.0909090909076,185294.32583896452,143.1268876301483,44,213,0.2910125,0.12986075426247712,5.684341886080802e-14,51263.765411991306,586628.7275156805,-7312.252817885333,2968.982923742902,0.0,0.0,-50809.97824151371,-97133.55970125484
2024-05-06,-12367.645538716273,-5738.095238095245,228070.22125860205,173.6045908042844,42,204,0.32051904761904765,0.1657251781689836,1.7053025658242404e-13,86065.4488305439,648137.4102890475,-5318.481688470217,-7049.163850246057,0.0,0.0,-69558.80544417107,-126576.36075882158
2024-05-07,-1162.226935256828,5872.499999999999,250069.87509764507,153.38436050628172,40,196,0.30684500000000003,0.18413917302323674,1.7053025658242404e-13,-44535.453634080695,620098.8775842275,-2454.499320372712,1292.272385115884,0.0,0.0,-63833.08007017437,-126350.54884458565
2024-05-08,6195.936749702079,11103.409090909097,175710.23993181944,194.43413304392357,88,433,0.28191818181818185,0.1429445351498112,-1.1368683772161603e-13,208893.88972563113,576265.5434832206,-1722.829914015331,7918.76666371741,0.0,0.0,-37926.0573662967,-81853.61734925155
2024-05-09,560.6129632951562,7694.444444444442,164160.17339824967,181.55396335551094,90,447,0.2696588888888889,0.12191518641004606,-8.526512829121202e-14,52641.62912430985,549888.050165523,-429.46256776866556,990.0755310638215,0.0,0.022222222222222223,-40660.98434962277,-81701.02769918519
2024-05-10,13.925661469309443,-9525.555555555555,145864.18824404242,170.16030377954934,90,444,0.2655377777777778,0.13474770884548368,8.526512829121202e-14,-6819.8735444195045,540560.6305627212,4438.312259335451,-4424.3865978661415,0.0,0.0,-36622.28170332085,-73088.32876433144
2024-05-13,-4586.7232289909725,-7291.111111111108,164630.64961409813,176.3967453188335,90,444,0.2764216666666667,0.13637694969020145,-2.842170943040401e-14,79588.85729169528,566019.1096504887,-2787.22760556922,-1799.4956234217523,0.0,0.011111111111111112,-45920.78237783434,-87078.44478135888
2024-05-14,-3372.2624857422757,-3264.7727272727225,173949.69731830308,186.77613216517065,88,437,0.26976477272727273,0.15435218314112203,0.0,19364.089814796087,549962.9620400928,-3665.173096300679,292.91061055840316,0.0,0.0,-47046.46294748322,-90533.887277059
2024-05-15,-7093.8142306434875,-2925.4444444444503,175580.49201357644,180.86598869712464,90,441,0.2708255555555556,0.1435206159538986,2.842170943040401e-14,-150273.74238211208,552322.1047566594,-3321.5894914274286,-3772.224739216059,0.0,0.0,-51169.80322273472,-95064.92622612884
2024-05-16,-1479.3335542477018,-2376.888888888887,163565.28952209276,196.56104541648187,90,446,0.26687377777777777,0.15092866908366698,0.0,32608.191583148968,545624.707280721,-8503.640576002828,7024.307021755127,0.0,0.011111111111111112,-42567.216980187375,-83458.53936071057
2024-05-17,7763.093744141401,401.1363636363654,170831.07018484533,208.32382805817144,88,440,0.26431875,0.15656177244288577,5.684341886080802e-14,-160883.57610778773,540674.3475432784,457.76134448563306,7305.332399655768,0.0,0.011363636363636364,-35152.997630128106,-77860.76517633944
2024-05-20,-1802.6574966145097,5764.130434782616,95555.72740022426,194.2947806159087,92,458,0.2668951086956522,0.08749828680167475,1.4210854715202004e-13,88340.36790209616,545956.2493355065,-2687.9389974346036,885.2815008200935,0.0,0.0,-25885.884127286485,-49774.81597734255
2024-05-21,9307.187291105274,9951.086956521744,111997.84462286098,208.39928851459217,92,455,0.2570733695652174,0.09759510860525235,-5.684341886080802e-14,78468.879069184,526789.440779063,14160.838540588178,-4853.651249482905,0.0,0.0,-18900.673153124564,-46900.134308839806
2024-05-22,14978.734474704797,13228.260869565218,132255.36620358008,224.40937199662187,92,452,0.2628896739130435,0.11307672907874228,-8.526512829121202e-14,107569.605391226,543249.0585493614,14256.093688691459,722.6407860133384,0.0,0.0,-18309.516448186845,-51373.35799908186
2024-05-23,-10957.180077329089,-1815.5555555555552,106043.96361925121,210.53779076582532,90,444,0.2725822222222222,0.10271412886080403,5.684341886080802e-14,208583.59554059597,557517.979951981,-8867.296245916124,-2089.883831412964,0.0,0.0,-37678.70877290772,-64189.69967772052
2024-05-24,2034.0900370214845,-6829.021739130432,124998.31938548243,211.9394775018241,92,454,0.27186739130434784,0.1071603413043798,-8.526512829121202e-14,1927.9337833826648,556550.4118344651,7156.583670337488,-5122.493633316003,0.0,0.0,-29427.429286850947,-60677.00913322155
2024-05-28,2252.07638968219,-1670.6976744186013,246947.37023730672,221.2073497332069,86,428,0.28864837209302324,0.16802575023870653,-1.9895196601282805e-13,11348.50047926831,593417.1037022825,12624.33676982026,-10372.26038013807,0.0,0.03488372093023256,-59705.9735193777,-121442.81607870437
2024-05-29,-19663.384867862416,8272.093023255818,224768.55739616585,255.13543018586918,86,427,0.3006883720930233,0.1574354075441842,2.5579538487363607e-13,32461.63273173846,621735.060951672,13660.618691223364,-33324.00355908578,0.0,0.011627906976744186,-76110.65964708975,-132302.79899613123
2024-05-30,4465.934828414816,7942.727272727283,314315.11712324695,241.7560547977691,88,435,0.31315261363636365,0.16140809604244077,-1.4210854715202004e-13,92525.53861624363,645593.8082696953,3135.6098200375964,1330.3250083772182,0.0,0.022727272727272728,-74354.60050719469,-152933.37978800642
2024-05-31,-10237.99983650782,-10661.538461538457,216665.18628675514,239.6121133534312,78,382,0.29340320512820517,0.2039391909264039,0.0,-98687.39118553164,600624.4282426446,-1371.7156272698387,-8866.284209237981,0.0,0.0,-64643.90852155004,-118810.20509323882
2024-06-03,-4841.595057485975,2798.5714285714216,263211.9312607856,165.4137385598281,42,207,0.29419261904761906,0.19109720585753273,-5.684341886080802e-14,17491.94374112906,595709.432549637,7749.195899753971,-12590.790957239946,0.0,0.0,-70809.9916112422,-136612.9744264386
2024-06-04,3096.2656740653365,3523.8095238095093,241702.8114668965,162.30081642808915,42,204,0.3064314285714286,0.19131655180356905,1.7053025658242404e-13,8742.797751089169,620029.7321713185,-1453.4390901847844,4549.70476425012,0.0,0.0,-57491.73800908688,-117917.44087581101
2024-06-05,13424.92352335335,13044.545454545452,186808.06039995726,174.54838543976996,88,436,0.2669221590909091,0.16786792288859873,8.526512829121202e-14,86513.47083774417,544062.1689513905,4350.725781061091,9074.19774229226,0.0,0.0,-33451.63996207574,-80153.65506206505
2024-06-06,8293.036917467864,4438.068181818177,181039.40490148187,170.34644278034173,88,432,0.2670349431818182,0.1534925045769006,-8.526512829121202e-14,100148.43529547047,543444.2239521919,2050.027231047835,6243.009686420029,0.0,0.0,-37137.160750682946,-82397.01197605341
2024-06-07,-11250.626133020507,-8823.255813953487,184535.85198220547,188.9786695924558,86,422,0.25989476744186046,0.17874263383125488,-8.526512829121202e-14,208607.3354659958,534007.755735805,-5084.049883149229,-6166.576249871278,0.0,0.011627906976744186,-57573.56779816433,-103707.53079371569
2024-06-10,-986.0109229502978,1189.5348837209297,225598.58500824665,199.12298755564535,86,429,0.27180232558139533,0.18467231617989424,5.684341886080802e-14,-73297.93509061549,556927.4741185185,-1720.9747615117024,734.9638385614049,0.0,0.023255813953488372,-57584.78016256761,-113984.42641462927
2024-06-11,-8215.495687367507,-657.5000000000009,203253.3562819681,226.52447511386953,84,411,0.27594482142857146,0.18175446593502662,8.526512829121202e-14,128767.27280008321,570681.1915002875,-2268.7172672101383,-5946.7784201573695,0.0,0.011904761904761904,-59255.359232973395,-110068.69830346543
2024-06-12,894.1836649411836,-1320.2380952380938,189763.1069054224,177.12528003766005,84,416,0.2735613095238095,0.1676810934576954,5.684341886080802e-14,25178.89076440934,559390.048336397,7262.518308732575,-6368.3346437913915,0.0,0.0,-46723.71834145208,-94164.49506780767
2024-06-13,-8247.445458683624,-562.8571428571468,175332.80822395778,174.1776973300039,84,415,0.2658666666666667,0.18138127762834988,-1.4210854715202004e-13,-3100.397467766663,542441.1749771726,2406.12230105073,-10653.567759734355,0.0,0.0,-52254.825212003074,-96088.02726799251
2024-06-14,-663.4829126519645,-4966.279069767435,186525.68294613092,202.01861332081066,86,428,0.27074186046511634,0.14018240057421394,2.842170943040401e-14,20902.69057471345,554539.091077633,2403.9416713970545,-3067.4245840490194,0.0,0.0,-47496.922262505504,-94128.34299903823
2024-06-17,2501.3905962094186,3910.8695652173897,104402.28803915805,202.8723114945262,92,455,0.2738157608695652,0.08856632536592723,8.526512829121202e-14,16326.154607634671,563125.8718763588,-3173.078825597246,5674.469421806665,0.0,0.0,-23802.053725074624,-49902.62573486413
2024-06-18,9483.097313981352,13872.22222222222,113158.92966433783,221.73452670523915,90,450,0.2714077777777778,0.08796537772823416,5.684341886080802e-14,-10234.886472075403,562297.0849658416,5217.444564125075,4265.652749856277,0.0,0.0,-19028.36962880835,-47318.1020448928
2024-06-20,8955.735552854367,6216.304347826084,107178.40650533546,216.8296317052949,92,453,0.26990434782608697,0.09049034470784789,-2.842170943040401e-14,170723.19995679375,554984.5987623963,-6283.715486563649,15239.451039418016,0.0,0.0,-18055.695705184793,-44850.29733151866
2024-06-21,7128.6028553941815,968.8888888888862,114301.06640853733,234.0254185964638,90,445,0.25720333333333334,0.10799841367734907,1.1368683772161603e-13,-223506.23771068093,529651.1252312576,-4542.909694318792,11671.512549712974,0.0,0.0,-21680.689165336615,-50255.95576747095
2024-06-24,-7223.893462564922,-7147.560975609764,178547.49775406998,261.51482806579025,82,403,0.2539335365853658,0.16610630884955974,1.7053025658242404e-13,-287376.51124163787,531582.9563977084,4207.707830746747,-11431.601293311669,0.0,0.0,-52122.2827291482,-96759.1571676657
2024-06-25,-4755.593275929091,4578.048780487812,188703.8475272447,224.06888682581368,82,405,0.26864146341463413,0.16310839302037275,-1.9895196601282805e-13,118450.4298729176,550393.2184956754,5605.867760045106,-10361.461035974196,0.0,0.0,-52155.62404456608,-99331.58592637726
2024-06-26,-12584.023714646635,-7473.25581395348,229178.94878062521,276.2545819875892,86,421,0.25567906976744187,0.1935478284845305,0.0,-51416.49903517946,533412.7350770062,-527.0221161838041,-12057.00159846283,0.0,0.011627906976744186,-70155.01549179053,-127449.75268694684
2024-06-27,-12488.949823730965,-943.0232558139487,256244.93892160238,264.74934864442184,86,424,0.2644953488372093,0.17128410779891,-1.7053025658242404e-13,-23347.3674975891,545861.3433432723,397.71735592857175,-12886.667179659536,0.0,0.0,-76814.93390277599,-140876.1686331766
2024-06-28,-114.24504288329754,-7385.897435897438,206810.00104522042,222.00849820160195,78,384,0.2656820512820513,0.20388581891955365,0.0,26714.99395330614,543459.0430398199,1071.6197877522263,-1185.8648306355237,0.0,0.0,-52038.753802390005,-103741.2540636951
2024-07-01,-9807.762967861376,-9723.68421052633,236556.96132800763,162.59440614588183,38,190,0.2846026315789474,0.1952597029666302,0.0,106741.80975916712,576406.895979114,453.2590894273391,-10261.022057288714,0.0,0.0,-69109.59770600917,-128248.83803801108
2024-07-02,-24551.697224151638,-22621.052631578958,230525.78243026568,155.43400620386322,38,189,0.26310131578947366,0.20573401008160383,0.0,72419.63514008162,532600.1124122074,-4456.357694010938,-20095.339530140704,0.0,0.0,-82338.57683792192,-139970.02244548834
2024-07-03,5331.033130781971,2523.8636363636265,191121.9387678986,161.75006366039122,88,434,0.2841494318181818,0.1445157755570543,0.0,16060.960313831845,576903.6658900683,4519.027375084506,812.0057556974641,0.0,0.011363636363636364,-42611.20162485307,-90391.68631682772
2024-07-05,1496.8909061478125,-5320.930232558133,170361.2787771438,162.97989121801368,86,425,0.2883046511627907,0.1555868980753666,1.1368683772161603e-13,-125328.99402142224,585851.8719449721,3266.7031369170504,-1769.8122307692383,0.0,0.0,-41256.40867935615,-83846.7283736421
2024-07-08,6348.320997891107,5340.465116279069,204715.7745350553,141.07521008954458,86,428,0.30850500000000003,0.1532509848212045,5.684341886080802e-14,-11489.512774827514,623247.8677969046,4124.07265316946,2224.2483447216478,0.0,0.0,-44971.69784596226,-96150.6414797261
2024-07-09,4853.588726595124,-377.9069767441947,218168.00441855114,168.25048426665876,86,424,0.29509127906976745,0.1683719874734962,5.684341886080802e-14,23890.06877580745,600362.7628866761,5186.244233931295,-332.6555073361702,0.0,0.011627906976744186,-49856.66286230932,-104398.6639669471
2024-07-10,3047.8014576564656,2575.000000000004,213900.17802679422,146.85982148130276,84,412,0.2974065476190476,0.16867333118913724,-2.842170943040401e-14,-8717.189981640324,601522.7444965009,7751.5647716698395,-4703.763314013374,0.0,0.0,-50574.10287052339,-104049.14737722195
2024-07-11,-2101.3678123113514,-8388.095238095233,210334.4467907831,164.48718534300096,84,416,0.30198511904761904,0.16399267898041292,-8.526512829121202e-14,93625.01573760064,612160.910105907,-5778.395704339468,3677.0278920281166,0.0,0.0,-54849.46669535013,-107433.0783930459
2024-07-12,4646.385297475742,-3526.7441860465083,218995.66678398938,200.8198912571037,86,424,0.2953,0.18629166261079932,8.526512829121202e-14,80414.85078048246,602923.2106855445,9573.090705689117,-4926.705408213375,0.0,0.011627906976744186,-50303.35128977871,-105052.26798577605
2024-07-15,397.35907300644857,-393.4782608695642,105046.00212308887,217.29553747527314,92,455,0.31073913043478263,0.08405324531141083,1.1368683772161603e-13,272861.2809790134,640339.2566923085,7875.476451833294,-7478.117378826845,0.0,0.0,-26081.43699524104,-52342.93752601326
2024-07-16,-1663.8959249150155,-2533.6956521739216,116010.2042838948,203.98119962730294,92,454,0.2793005434782609,0.08143648708269936,2.842170943040401e-14,-9584.990682332009,572342.8293485885,22393.000469590348,-24056.896394505362,0.0,0.010869565217391304,-30870.428195516015,-59872.97926648972
2024-07-17,2824.455747747023,-1196.739130434786,114767.68427269628,191.28613275837967,92,452,0.30313858695652174,0.08797436430207427,2.5579538487363607e-13,144619.16505845747,619158.7048814731,5538.089842061464,-2713.634094314441,0.0,0.0,-26058.75145318543,-54750.6725213595
2024-07-18,1722.3482152811587,657.5555555555557,94613.5972266024,202.2758056385574,90,444,0.2963477777777778,0.08498029285254195,2.842170943040401e-14,15269.762872105308,607211.6010845152,772.3961822201309,949.9520330610278,0.0,0.0,-22133.326897008,-45786.7262036586
2024-07-19,2594.0316461026905,62.44444444444588,103149.54227775575,212.00819726591524,90,449,0.2939978888888889,0.08047891657742541,0.0,24697.209135255063,603416.9782162934,-7753.76988141836,10347.80152752105,0.0,0.011111111111111112,-23405.36212060216,-49192.747690041106
2024-07-22,-18787.354686252555,-2700.000000000002,185507.9077115909,200.84164938939753,86,423,0.28243081395348835,0.15933201535898506,0.0,-68410.41663088079,578234.2619365625,-2102.923149897402,-16684.431536355154,0.0,0.0,-65365.17326353968,-111742.15019143741
2024-07-23,-10924.68514423385,10097.613636363641,226779.25671407417,200.4750771591244,88,436,0.30126022727272733,0.1375384114604435,0.0,-7128.706679231723,614256.5732542487,19505.738042197107,-30430.42318643096,0.0,0.022727272727272728,-67819.97439991152,-124514.78857843006
2024-07-24,-19819.298304122287,1941.666666666677,228973.4730745371,197.7727560652033,84,413,0.30102738095238096,0.18693858794686424,1.1368683772161603e-13,-203670.94693720283,613449.6763137004,4252.648095237388,-24071.946399359673,0.0,0.0,-77260.43932882175,-134503.80759745603
2024-07-25,-11862.871061539421,-2612.7906976744252,209194.4375676656,199.11665794472958,86,428,0.2971668604651163,0.16507513463205797,-2.842170943040401e-14,63725.59035921012,604926.3986550928,-11113.395768178618,-749.4752933608012,0.0,0.0,-64360.59711140055,-116659.20650331695
2024-07-26,-123.70438627849357,-4642.0930232558,181996.38525701658,226.471917151216,86,422,0.28874895348837215,0.16376899902435021,-5.684341886080802e-14,33338.13686234121,590611.7432274226,-4120.369295032714,3996.66490875422,0.0,0.0,-45849.272617683855,-91348.36893193799
2024-07-29,-15813.126884716481,-5597.727272727278,281249.62099384837,158.20618238269688,44,214,0.30204886363636363,0.20550070163525797,-1.1368683772161603e-13,-67313.61242524559,611003.6774770113,2684.2569757802876,-18497.383860496768,0.0,0.0,-86283.73831556126,-156596.14356402337
2024-07-30,8156.631212201961,16757.499999999996,273463.7345096124,163.81847268172842,40,198,0.30610250000000006,0.202322123310331,5.684341886080802e-14,98214.02911596841,619237.9165170793,4727.58424237336,3429.0469698286006,0.0,0.0,-60373.12088788286,-128739.05451528596
2024-07-31,-20821.637291980645,1386.8421052631634,211173.60595246658,187.29122907296892,38,190,0.3085131578947369,0.1873223901810459,0.0,34477.714775326596,626018.8556371451,17412.53345164021,-38234.17074362085,0.0,0.0,-73802.33000917027,-126595.7314972869
2024-08-01,4262.91410393513,-2635.714285714297,288131.49632486823,156.7446561109444,42,201,0.3378083333333334,0.17345602962948564,5.684341886080802e-14,59688.513898708894,682214.1388009352,41823.89545381606,-37560.98134988093,0.0,0.023809523809523808,-67926.70463339287,-139959.57871460993
2024-08-02,11380.011948222907,-2802.5000000000064,335864.30630564725,133.16162243748104,40,196,0.37408,0.1841833850970159,1.1368683772161603e-13,66523.03526625838,752727.096899158,55159.826396510034,-43779.81444828713,0.0,0.0,-72719.22625062638,-156685.3028270382
2024-08-05,3407.473957641956,2801.842105263143,397590.125577169,159.78804958414912,38,182,0.41852789473684215,0.23275133656008978,0.0,-61176.26182345459,844298.649600822,-51971.4002199916,55378.87417763356,0.0,0.02631578947368421,-96149.84548623445,-195547.3768805267
2024-08-06,-971.626774693932,702.7777777777756,247736.48205175257,164.39210343783034,36,175,0.35205694444444446,0.21584561289959195,0.0,-72940.8283035158,710628.2021139445,2920.359034602999,-3891.985809296931,0.0,0.0,-63070.139391069904,-125004.25990400804
2024-08-07,-16423.501045177753,-10901.13636363636,248604.23101908114,169.9495476213362,88,432,0.3221193181818182,0.1506572476454478,-8.526512829121202e-14,-57740.85943190025,654475.9639144349,-14964.362326711856,-1459.138718465894,0.0,0.022727272727272728,-78744.50834756937,-140895.56610233965
2024-08-08,2987.344142731078,5002.380952380949,213030.52223138322,162.28013408704882,84,415,0.3225470238095238,0.16670501297623735,-1.4210854715202004e-13,89824.76831667335,655449.1223669469,-18805.93790802851,21793.28205075959,0.0,0.0,-50432.56654920178,-103690.19710704758
2024-08-09,4605.700418985168,-2815.9523809523835,195703.13883477097,191.27400136496723,84,413,0.3224521428571429,0.163006073903683,2.842170943040401e-14,55050.71439081847,657149.5509890736,-1720.4535613887786,6326.153980373946,0.0,0.0,-44511.358291072545,-93437.14299976527
2024-08-12,9572.55467725312,-3732.000000000002,233111.9800699238,158.6473723558642,90,441,0.3337204444444445,0.1741418562051608,-8.526512829121202e-14,-67612.79194903371,675549.1788817984,5621.949121844222,3950.605555408899,0.0,0.0,-48864.08771258369,-107142.08273006463
2024-08-13,5128.840504192147,7573.255813953485,201717.27287537523,188.97118835569847,86,430,0.3090401162790698,0.1589863019088642,-1.9895196601282805e-13,-177369.93391428769,630748.0697533314,-4018.700686297691,9147.541190489837,0.0,0.0,-45489.44890300735,-95918.76712185117
2024-08-14,-1657.418388018578,8282.558139534885,260924.00924940666,190.0949072784403,86,424,0.31169244186046513,0.19868953786541532,1.1368683772161603e-13,10114.339627781339,635864.8954738006,-4981.4848289271995,3324.0664409086216,0.011627906976744186,0.011627906976744186,-67078.51560764869,-132309.51792000033
2024-08-15,1205.159286141367,-648.8095238095157,208638.59187731668,179.08816977576276,84,415,0.3037494047619048,0.1798211330781828,-8.526512829121202e-14,107177.60291848263,617219.611556872,-3440.116471665582,4645.275757806949,0.0,0.0,-51133.57685296357,-103293.22482229273
2024-08-16,2973.6916531208312,-2646.4285714285697,195539.87241412417,173.1839964980541,84,420,0.2961666666666667,0.1549555363323351,1.7053025658242404e-13,81017.53999681558,600492.7368686668,-9993.433084209515,12967.124737330347,0.0,0.011904761904761904,-46084.46044690826,-94969.42855043932
2024-08-19,2150.5471101158546,2405.555555555546,88793.00099505372,195.19887884270616,90,442,0.2793327777777778,0.09086837566894022,-2.842170943040401e-14,66937.3973837803,570122.733591513,5460.427867564515,-3309.8807574486596,0.0,0.0,-20242.902017490283,-42441.15226625371
2024-08-20,-6190.603668817397,12596.739130434784,99316.10210648188,195.44269154778573,92,455,0.27922065217391306,0.09243254099550302,-2.842170943040401e-14,-99153.35378020655,569686.2665096737,379.3372658086234,-6569.940934626021,0.0,0.0,-31215.071886985654,-56044.09741360613
2024-08-21,5975.715255902227,6681.521739130437,111942.66184399689,213.49165098598803,92,454,0.2778396739130435,0.10010136101552458,-1.7053025658242404e-13,69926.11766941835,570614.671617558,5883.056123028655,92.65913287357142,0.0,0.010869565217391304,-22223.441856082984,-50209.107317082206
2024-08-22,10629.475067520161,8003.260869565221,115934.90525594643,194.67799865107042,92,452,0.2876885869565217,0.10527283547098909,-1.4210854715202004e-13,-16757.149374907196,587659.2422300946,-6220.001380604037,16849.4764481242,0.0,0.010869565217391304,-18548.929245117517,-47532.65555910413
2024-08-23,-1511.9446577229596,-8914.130434782608,100976.68246115274,238.96914943089993,92,452,0.27658641304347825,0.08631815197551618,-1.1368683772161603e-13,-175687.91495726135,572794.7675519951,2418.6672305195825,-3930.6118882425417,0.0,0.0,-26995.084422442047,-52239.25503773023
2024-08-26,200.76226787859213,-3796.5909090909067,171666.09384757237,268.5439772940247,88,434,0.2731346590909091,0.15901595517660705,-2.842170943040401e-14,-42594.685956280606,565068.6555859975,-5561.2687533095295,5762.0310211881215,0.0,0.022727272727272728,-42984.30517130852,-85900.82863320161
2024-08-27,9233.70042557703,12885.227272727278,169248.29520400323,307.1379105746156,88,433,0.2770107954545455,0.14554977229210905,1.9895196601282805e-13,153279.65284876153,576198.5957700926,9802.154098888099,-568.4536733110695,0.0,0.0,-33385.51128599839,-75697.5850869992
2024-08-28,98.68454418078602,19993.444444444445,176487.49214566455,246.09762499391684,90,447,0.28370816666666665,0.14145430781429374,0.0,286070.4819901742,584326.6905345237,-4199.215255402583,4297.899799583368,0.011111111111111112,0.03333333333333333,-44269.28611722927,-88391.1591536454
2024-08-29,18342.00940278655,16842.72727272728,162921.89942395978,293.420297327815,88,438,0.2725671022727273,0.14789428095211052,5.684341886080802e-14,-28212.875963384027,565846.9555062877,-8179.190490965837,26521.19989375239,0.0,0.011363636363636364,-22681.88575053121,-63412.36060652116
2024-08-30,-1417.7148766842693,-8084.069767441862,177773.18378643505,272.2516866376772,86,430,0.26028133720930235,0.1378173134163491,-2.842170943040401e-14,158428.96705961597,537392.9882916304,32700.054395898707,-34117.76927258298,0.0,0.0,-46133.26250993071,-90576.55845653948
2024-09-03,-14595.899167173797,-4213.111111111117,177305.9274522616,161.7638384924606,90,442,0.29286544444444446,0.15051756181183362,0.0,72067.674141039,595182.670799045,-1640.5052001192557,-12955.39396705454,0.0,0.0,-59084.14486873165,-103410.62673179705
2024-09-04,-2585.6850385772896,1394.9999999999939,196834.35863339508,150.1036550589245,88,440,0.28904375000000004,0.15014840778559582,0.0,58047.084086535906,585858.5129309009,1668.6480615474588,-4254.333100124748,0.0,0.0,-51944.37835198499,-101152.96801033375
2024-09-05,3304.3577484739503,2286.0227272727407,158537.79135509167,182.24257535970108,88,431,0.2840133522727273,0.14483081199613407,-8.526512829121202e-14,205749.97061728468,581411.1377021383,9992.047062691168,-6687.6893142172175,0.0,0.0,-36512.332665658665,-76146.78050443159
2024-09-06,-3013.313216662034,-6272.777777777779,149388.52219431396,186.36361832642345,90,449,0.307946,0.12871392808021948,1.1368683772161603e-13,38947.6915961319,629830.2855310653,-9424.158152889097,6410.844936227063,0.0,0.0,-40546.80738356695,-77893.93793214543
2024-09-09,1894.7487137802748,3524.4444444444434,184928.48533322316,162.02273444814097,90,442,0.30110722222222225,0.13609769665467397,8.526512829121202e-14,39058.06850437149,610505.9534077025,5077.942913642103,-3183.194199861828,0.0,0.0,-44499.395353973654,-90731.51668727944
2024-09-10,1957.3128876230887,31.111111111116642,196126.90981312393,153.12970394440418,90,443,0.2966461111111111,0.1645694334254404,-8.526512829121202e-14,61110.260810826185,600821.8713095566,-2413.1043851472305,4370.417272770319,0.0,0.0,-47227.544269602295,-96259.27172288328
2024-09-11,-682.6223586522843,-112.95454545454601,201045.90363154814,152.55689713868503,88,436,0.3065584659090909,0.16654903472596744,-2.8421709430404007e-13,-24273.95580452555,622656.6743437434,-783.5292703999062,100.90691174762185,0.0,0.0,-51096.655163678,-101358.13107156503
2024-09-12,4957.126981173212,7153.068181818186,164315.5821125183,150.69035450112688,88,440,0.3021327840909091,0.15836972827042206,-1.1368683772161603e-13,144199.04691460184,613041.6043389502,-4437.194075803519,9394.32105697673,0.0,0.0,-36272.458901457496,-77351.35442958708
2024-09-13,4263.4878451190025,1833.4444444444373,158713.49350573315,169.48371843617215,90,449,0.30082844444444445,0.11475753983688419,-8.526512829121202e-14,36347.266055567576,610054.5615434956,934.9968897479188,3328.490955371083,0.0,0.0,-35584.36924975046,-75262.74262618374
2024-09-16,1965.1036588206907,55.4347826086959,84752.90607393536,212.19514032736342,92,451,0.29731684782608697,0.07459366413214055,-2.842170943040401e-14,165216.8738896719,609296.1911206605,2116.505290752407,-151.40163193171608,0.0,0.0,-19435.31799999051,-40623.54451847435
2024-09-17,4576.237598884696,2864.130434782606,86672.3146110897,203.46130226630487,92,456,0.28765434782608695,0.0643969273969768,2.842170943040401e-14,45550.941704100966,589218.469133859,-3903.9756864280657,8480.213285312762,0.0,0.0,-17295.302356154032,-38963.38100892646
2024-09-18,-185.05382149339033,499.6739130434767,103772.62866491186,214.8659503725967,92,453,0.28043641304347827,0.09420199314387155,2.2737367544323206e-13,49860.4574998641,576582.6939063842,-6025.567381527284,5840.513560033893,0.0,0.010869565217391304,-26343.076938093953,-52286.23410432191
2024-09-19,-2761.698421617111,6404.347826086957,93679.91742736458,215.67338183150983,92,458,0.2648054347826087,0.07876403841110999,8.526512829121202e-14,104466.80629005929,544534.5422000942,-1838.3970803783905,-923.3013412387212,0.0,0.0,-26397.351160289767,-49817.33051713091
2024-09-20,-1451.3645964967802,-5218.69565217391,93578.91822212496,260.21273275488113,92,458,0.2749413043478261,0.09897742603512148,5.684341886080802e-14,108278.44759250808,575144.0301154883,-9770.912321869231,8319.547725372451,0.010869565217391304,0.010869565217391304,-25106.3068847829,-48501.03644031414
2024-09-23,5037.299691299242,1088.1111111111159,145516.7104352239,196.32065540779453,90,444,0.28555261111111113,0.1232490679856835,-5.684341886080802e-14,113744.10385139348,583502.1722837173,1543.0728041170244,3494.2268871822175,0.0,0.0,-31538.19857291453,-67917.37618172051
2024-09-24,-2260.7972812020794,-4867.209302325586,163577.18453868385,187.69090032400752,86,426,0.3012849418604651,0.13950093327995106,-8.526512829121202e-14,41690.82109941899,612853.2293704984,3498.160279356848,-5758.957560558928,0.0,0.0,-43342.78431619705,-84237.08045086802
2024-09-25,-3300.5664003389425,4913.977272727272,161338.19126450803,231.8280698798593,88,431,0.300206875,0.1329009071799344,1.1368683772161603e-13,-259063.4290486502,616602.4416402711,4352.500384215615,-7653.066784554557,0.0,0.0,-43866.94228634581,-84201.49010247282
2024-09-26,-4227.216953194688,-5947.840909090908,139248.06727433784,198.46876837310438,88,438,0.30108107954545454,0.10970111358925334,-8.526512829121202e-14,-234267.8805080815,613278.4020751325,1797.085464298755,-6024.3024174934435,0.0,0.0,-39237.70254015225,-74049.71935873671
2024-09-27,4311.67717084814,-3194.2045454545373,164966.8224377394,222.69877012156857,88,438,0.31705380681818185,0.12006705956961096,2.842170943040401e-14,66559.33912465582,647647.593819889,-5412.378830246175,9724.056001094315,0.0,0.0,-37152.72720870828,-78394.43281814313
2024-09-30,-7049.451135403834,-1381.5000000000207,187843.58111301402,135.00984056487852,40,199,0.363198625,0.12858590080034238,0.0,-96114.30368091851,731095.0647816921,11270.652483570319,-18320.103618974154,0.0,0.0,-54145.35625422221,-101106.25153247573
2024-10-01,267.6899325792714,4562.61904761905,235949.5217319995,142.68075161763156,42,201,0.35971083333333337,0.16004772957934874,-1.7053025658242404e-13,130835.57780606813,725543.3866002043,-1277.762926839732,1545.4528594190028,0.0,0.0,-58862.37125203824,-117849.7516850381
2024-10-02,-617.1223499139528,-1143.8636363636397,156366.69700241165,166.25756216422593,88,438,0.3187498863636364,0.12732659188327478,-5.684341886080802e-14,-27443.397195903366,646435.5379255358,-147.66682067857346,-469.4555292353795,0.0,0.0,-39875.05416268109,-78966.72841328401
2024-10-03,1257.7558192691645,-185.44444444443965,153827.33955173666,146.71179959454201,90,448,0.3211557777777778,0.12270814434290253,2.842170943040401e-14,16803.50385980768,649877.0819722387,-6898.440388830816,8156.196208099981,0.0,0.0,-37345.790868259544,-75802.62575619371
2024-10-04,4990.183588680911,343.33333333333167,155730.2432901292,152.73726832439928,90,441,0.3210128888888889,0.12550844999672758,-2.842170943040401e-14,79282.25465981956,650548.7607509986,4395.655421668711,594.5281670122004,0.0,0.0,-34095.114502175784,-73027.67532470809
2024-10-07,-4876.742697640971,-5844.659090909093,186539.4525020631,148.12448868850902,88,437,0.33863573863636365,0.12970071032097075,-5.684341886080802e-14,1847.0639475937096,685602.430452225,-3863.643759663222,-1013.0989379777488,0.0,0.011363636363636364,-51659.730311845255,-98294.59343736104
2024-10-08,3373.227920161379,1164.1111111111188,181394.7131372844,158.68929648151894,90,447,0.34149905555555554,0.1360820195215552,5.684341886080802e-14,-124593.87845480599,691898.2368488191,-3842.8371243612555,7216.065044522635,0.0,0.0,-42134.13966064124,-87482.81794496233
2024-10-09,-335.48049448287713,-1701.1111111111147,158525.8281003905,143.92872131326334,90,441,0.3446677777777778,0.12358336353626612,5.684341886080802e-14,-64974.23641223497,696877.9082905634,-5312.7282540897395,4977.247759606862,0.0,0.0,-40110.86624089377,-79742.32326599139
2024-10-10,-1120.9010388854101,-1471.7391304347846,172643.57069708634,161.25720288849433,92,456,0.35971902173913045,0.10954286562801406,-1.4210854715202004e-13,-201514.13079900458,727438.5807146888,-8245.69503766383,7124.793998778421,0.0,0.0,-44443.05091604549,-87603.94359031707
2024-10-11,3566.2839429958176,-5727.000000000008,170229.41148673013,155.99319273408102,90,447,0.3490311111111111,0.12861870260210856,-2.842170943040401e-14,101805.45917118748,706327.694691015,-5379.951011692929,8946.234954688747,0.0,0.0,-39147.06212142079,-81704.41499310333
2024-10-14,970.67787436534,983.804347826079,90730.39249988469,184.19919559342472,92,460,0.3396926630434783,0.06818416067566663,-8.526512829121202e-14,59097.463780235936,691665.7933663307,11233.680078898322,-10263.002204532982,0.0,0.0,-21896.119446199256,-44578.71757117043
2024-10-15,2329.8772853402365,1118.152173913045,101572.29646343258,194.62063504553925,92,459,0.3408440217391305,0.08551870948867757,0.0,-134746.48190396433,695709.3093900464,2453.825371833456,-123.94808649321953,0.0,0.0,-23257.817465563447,-48650.891581421594
2024-10-16,-16476.214936436372,-1687.608695652163,94780.6037771273,199.8903773414052,92,458,0.3405960326086957,0.0736341763640415,-2.842170943040401e-14,145738.86861971417,696088.9689088082,-3759.281287189297,-12716.933649247076,0.0,0.0,-40371.2562580596,-64066.40720234143
2024-10-17,7232.25656989363,425.9574468085125,109285.81703545389,204.8619570506561,94,464,0.3446204255319149,0.0771417583704205,-1.1368683772161603e-13,154574.78422564387,702662.6688208897,-3478.1299784553617,10710.386548348992,0.0,0.0,-20294.059646020498,-47615.51390488397
2024-10-18,5103.295251660959,-8353.913043478258,99125.47436650576,216.06201144651277,92,453,0.3317876630434783,0.07597020247696941,-5.684341886080802e-14,79393.22570148687,677862.3590982902,2343.7539534193766,2759.541298241583,0.0,0.0,-19894.135351411995,-44675.503943038435
2024-10-21,5504.302602395051,4872.666666666665,177799.30099536077,164.48989805329776,90,448,0.3500658888888889,0.13310528434727525,2.842170943040401e-14,-217705.3273371812,708149.4027744367,394.42169649669046,5109.88090589836,0.0,0.0,-39110.01254449844,-83559.83779333864
2024-10-22,309.1675213380905,-1622.173913043473,165915.12298167887,193.79930082338794,92,454,0.3407396739130435,0.12489029192606659,0.0,6677.136097890552,693017.976921687,1453.7581072387236,-1144.590585900633,0.0,0.0,-41363.41252490502,-82842.19327032473
2024-10-23,-12831.972304985462,17614.555555555555,184102.28025982922,179.36976851442634,90,444,0.3443186666666667,0.11474948254434089,-1.1368683772161603e-13,70948.44295618107,698988.7945488637,-2540.63437696743,-10291.33792801803,0.0,0.0,-59036.91213845719,-105062.4822034145
2024-10-24,5281.971509573492,11483.444444444434,164210.4451772365,194.57797437654358,90,450,0.3181162777777778,0.12356517972801573,-1.9895196601282805e-13,-226809.9132390485,646626.5720864023,1244.6461002672359,4037.3254093062556,0.0,0.0,-35965.21775911218,-77017.82905342132
2024-10-25,-4511.869814859645,-18531.111111111117,156956.89123808208,213.70629324082586,90,445,0.3401638888888889,0.11077570401399127,-2.842170943040401e-14,-287256.689135623,693480.2645324944,-9026.283841507107,4514.414026647462,0.0,0.0,-43964.79891762099,-83204.02172714152
2024-10-28,-4022.6248168890347,-2654.545454545456,203011.75465869115,155.02140460353718,44,215,0.35644204545454544,0.12342101041515831,-1.1368683772161603e-13,129908.54629927847,718674.6674150187,1083.618771898477,-5106.243588787512,0.0,0.0,-54930.584886165365,-105683.52355083814
2024-10-29,22018.679042896263,19005.000000000004,240953.48232415732,139.8671972154142,40,200,0.36187,0.15478135328485207,-1.1368683772161603e-13,-3625.949311895645,728050.5262162739,12451.445115966268,9567.233926929994,0.0,0.0,-38359.55873535848,-98597.92931639781
2024-10-30,15541.139720176532,14276.190476190484,247436.86393439287,142.47714600782137,42,205,0.34745833333333337,0.175647692674677,-2.8421709430404007e-13,-23745.319544375714,701062.186483834,20849.43423940456,-5308.294519228028,0.0,0.023809523809523808,-46460.5534094295,-108319.76939302772
2024-10-31,-7047.423334813638,-7783.333333333334,215265.2321912745,136.99087550184592,42,203,0.4363821428571429,0.14668214688350797,-2.2737367544323206e-13,-61581.15841075999,878278.4039561419,-6362.349272237753,-685.0740625758841,0.0,0.0,-61000.72225813411,-114817.03030595272
2024-11-01,7150.952294057657,-579.5454545454846,158224.10807115355,130.3497299774651,44,215,0.38675,0.13091930833270082,1.1368683772161603e-13,-18219.712522600083,779117.6747652446,-5425.883542267622,12576.83583632528,0.0,0.0,-32535.424453708194,-72091.45147149658
2024-11-04,-19071.16316208887,-24742.380952380943,248675.64862249937,141.9740434168582,42,204,0.4169026190476191,0.12369826366568812,0.0,-37094.29640518047,839405.3751792201,3966.4315144851216,-23037.59467657399,0.0,0.0,-81382.04936113057,-143550.9615167554
2024-11-05,2467.9918144716803,33385.71428571431,292534.20745120704,147.03758878204658,42,207,0.3974630952380953,0.16616529323872772,-4.547473508864641e-13,-55126.92947041466,801614.3412253663,-10535.058812664332,13003.050627136014,0.0,0.0,-70812.59763711212,-143946.14949991388
2024-11-06,-6555.07507008863,9698.83720930233,231416.5849746619,166.49874183794313,86,430,0.3324529069767442,0.15745747321501086,0.0,-4121.753735115144,674173.0926921245,-3623.634771163871,-2931.440298924758,0.0,0.011627906976744186,-64575.72005559205,-122429.86629925753
2024-11-07,9592.369838282457,28130.952380952385,178231.41718138754,168.77591619798477,84,416,0.33067797619047623,0.16138798808306992,-1.1368683772161603e-13,58975.74121736262,669780.914711091,-3546.030664637715,13138.40050292017,0.0,0.011904761904761904,-35134.26037326241,-79692.11466860931
2024-11-08,-838.125058674289,-13831.9318181818,163253.1177400434,166.13877876316872,88,435,0.30502727272727276,0.11965402906458342,-1.1368683772161603e-13,-41639.9719915232,619570.1692318462,10376.062441414902,-11214.187500089192,0.0,0.011363636363636364,-41817.54327244831,-82630.82270745916
2024-11-11,3319.0192121508912,235.36585365851846,174860.18205720925,141.31947006325697,82,407,0.3297207317073171,0.15490705658484422,-1.1368683772161603e-13,54484.0398399767,666242.4724928839,1901.1199757059812,1417.8992364449102,0.0,0.0,-40537.345772214685,-84252.391286517
2024-11-12,6662.830009876248,1795.2222222222329,182581.42905906396,164.82537309898305,90,449,0.3308370555555556,0.1450435911835482,0.0,-41996.65239691555,672370.7885341755,876.3227728277105,5786.507237048538,0.0,0.0,-39147.35262798872,-84792.7098927547
2024-11-13,-8807.8541118514,-15949.222222222224,201905.22832254652,166.2736599820758,90,447,0.3230280555555556,0.14710557783905298,5.684341886080802e-14,41343.72259377988,655511.7957882731,6851.749343390404,-15659.603455241804,0.0,0.011111111111111112,-59450.434852470105,-109926.74193310674
2024-11-14,-4657.7427442123335,-11532.954545454546,210210.44680885886,166.40331616886513,88,439,0.33645,0.13890308958790343,-5.684341886080802e-14,41704.877355932585,684056.6786269038,15460.895473147371,-20118.638217359705,0.0,0.022727272727272728,-57376.75776259592,-109929.36946481063
2024-11-15,4188.715016267763,-3048.809523809543,208237.83648753862,158.94360862133624,84,417,0.3595511904761905,0.11909861165461637,0.0,-75931.37804348825,728804.2990445558,-5430.054634538167,9618.769650805929,0.0,0.0,-48029.68771423823,-100089.14683612289
2024-11-18,-1185.9410029009955,5912.499999999994,111476.23583334028,164.76786229804392,92,453,0.3338116847826087,0.08292835866234576,1.1368683772161603e-13,-105992.86637762857,676765.2752573934,-699.5032355420497,-486.43776735894585,0.0,0.0,-29219.76782353411,-57088.82678186918
2024-11-19,-13996.086706701253,-710.869565217395,108964.19693971927,161.0562664540806,92,458,0.32127228260869567,0.07864553572752185,1.1368683772161603e-13,-77181.84808144672,650327.8515744492,3549.217967188459,-17545.304673889714,0.0,0.0,-41398.19220808515,-68639.24144301497
2024-11-20,4766.529942328238,3618.4782608695746,141370.5042100451,163.86814928861378,92,454,0.33472771739130436,0.10192875304546452,-2.842170943040401e-14,-115936.985974417,677873.1280726119,-207.95111237083603,4974.481054699074,0.0,0.0,-30739.96425947165,-66082.59031198292
2024-11-21,-299.20006130400446,3786.6666666666674,193078.0466363333,161.3518114438968,90,449,0.3331866666666667,0.13523708817084748,-1.7053025658242404e-13,-62400.36517410045,674369.7276783324,-6500.589762577566,6201.389701273562,0.0,0.011111111111111112,-48730.063531831234,-96999.57519091455
2024-11-22,-4643.03840537701,-8984.302325581391,218700.91238532428,177.55943872440093,86,430,0.3277313953488372,0.15594853031176045,1.4210854715202004e-13,212908.76075015403,664594.0533225788,-3047.7596825829887,-1595.2787227940212,0.0,0.0,-59495.82594043248,-114171.05403676355
2024-11-25,377.57861007340375,1021.1538461538387,278059.681342771,193.4289825879628,78,387,0.3430599358974359,0.21501642904431464,0.0,-26825.38544471048,698344.0325112863,-5070.645235854,5448.223845927404,0.0,0.0,-69330.77070820732,-138845.69104390006
2024-11-26,1592.3400262936993,8254.249999999998,235435.90540188667,198.68957910340202,80,395,0.30101,0.18226438832679176,2.2737367544323206e-13,812.8972946042613,615905.2563298834,-2480.4886128013177,4072.828639095017,0.0,0.0125,-57465.32590328137,-116324.30225375303
2024-11-27,744.1022345990503,-5649.999999999997,271929.3923136592,186.28145530131357,76,372,0.31381118421052634,0.21048890861244798,0.0,151944.1339618272,639644.6223458814,-3697.897065669761,4441.999300268812,0.0,0.0,-67424.52729911706,-135406.87537753183
2024-11-29,5747.439855929447,-8947.22222222222,260388.4769733777,198.23027470649942,72,354,0.32588055555555556,0.2079507203794868,0.0,260435.2425777916,661907.2365788366,-6833.93700871889,12581.376864648337,0.0,0.013888888888888888,-59547.90966212147,-124645.0289054659
2024-12-02,-12411.160497374938,-14836.111111111119,232173.5178224634,165.39889783967342,36,177,0.34120833333333334,0.15800980646660767,0.0,69750.34525433481,689097.3805440151,-7792.2405721897385,-4618.919925185199,0.0,0.0,-70619.93885083045,-128663.3183064463
2024-12-03,22215.061265000262,28823.68421052632,250664.60023558975,138.69249238512714,38,190,0.32748421052631577,0.17239333269785695,0.0,88614.16060979236,660822.2474100577,7669.4632831647,14545.597981835563,0.0,0.0,-40589.7812862823,-103255.93134517975
2024-12-04,13950.85092061627,9394.047619047618,236439.54202379103,164.14775892037707,84,420,0.29034880952380954,0.21495669568797487,-2.842170943040401e-14,-34330.122935689185,590186.588951012,3355.77475272659,10595.07616788968,0.0,0.011904761904761904,-45323.182344251865,-104433.06785019962
2024-12-05,6578.014950361779,24016.976744186046,282096.7342539921,137.82833421153202,86,424,0.2877139534883721,0.20227707073741322,3.694822225952521e-13,35263.9151932848,581716.8623363989,7737.067246273299,-1159.0522959115212,0.0,0.023255813953488372,-64083.996947347776,-134608.18051084582
2024-12-06,6295.0062865752525,381.5789473684183,255165.15732922681,150.41480410215954,76,375,0.28286644736842104,0.20898248640388173,0.0,-27875.126699711378,574461.8172873303,9393.877354533142,-3098.8710679578894,0.0,0.039473684210526314,-57646.69784983361,-121437.9871821403
2024-12-09,-1253.7173932848027,-308.97435897435,262427.6368883428,153.01836545275492,78,387,0.28532051282051285,0.2018579546326837,0.0,37473.74943637465,580815.5187708804,-1101.3924202786266,-152.32497300617592,0.0,0.0,-67013.64498082326,-132620.55420290897
2024-12-10,-798.8197462176653,586.2499999999969,251234.99093029456,185.2389653672735,80,393,0.287981875,0.24515273252466557,-1.1368683772161603e-13,41042.5365864824,587742.0185864274,2244.0536804943667,-3042.873426712032,0.0,0.0,-63792.80644415858,-126601.55417673221
2024-12-11,-10477.579693253758,-2697.6744186046485,247856.93124894385,184.0518744778826,86,425,0.2875837209302326,0.21643878489914414,-1.1368683772161603e-13,42243.979621178994,588319.529474409,-2868.2977075099243,-7609.281985743832,0.0,0.0,-72625.8643799676,-134590.09719220357
2024-12-12,-101.69046268127968,2628.5714285714444,209147.09375019054,158.13923513949996,84,416,0.29379226190476193,0.1677732118037641,2.842170943040401e-14,-108186.95416433351,595753.2386734886,-3323.6174853734838,3221.9270226922035,0.0,0.0,-52546.603135368416,-104833.37657291605
2024-12-13,-8444.438532453332,-6419.534883720933,218799.24766394068,202.70285696309074,86,430,0.27807197674418604,0.17857026519629793,1.7053025658242404e-13,195913.56917969362,572026.7011119145,4586.955168265822,-13031.393700719156,0.0,0.011627906976744186,-63346.95330540159,-118046.76522138677
2024-12-16,-4793.423329684809,-5005.888888888895,188808.1882511228,208.3805037486059,90,449,0.2879714444444445,0.15301693974581362,8.526512829121202e-14,10517.230828682372,594731.559573778,4314.614333054266,-9108.037662739074,0.0,0.022222222222222223,-52203.85089621412,-99405.89795899481
2024-12-17,14756.818713089242,8039.999999999991,296927.1761208254,199.57352459491568,90,447,0.31437777777777776,0.1553714199588981,-5.684341886080802e-14,163815.2370712286,644083.5689575794,36185.976812029294,-21429.158098940046,0.0,0.011111111111111112,-59674.54884171203,-133906.34287191837
2024-12-18,-23419.34403854183,14997.22222222222,255138.8126899789,173.58870047102587,72,351,0.34483055555555553,0.22829867728854505,0.0,-13402.12405294252,703728.650644488,9415.263310624077,-32834.60734916591,0.0,0.0,-87377.63591150758,-151162.3390840023
2024-12-19,23973.926587929414,18780.681818181816,256768.43841483904,209.3280624338325,88,436,0.32367386363636363,0.15909005554041114,-1.1368683772161603e-13,127877.8021953939,665133.4523415195,-14701.03527863557,38674.96186656498,0.0,0.011363636363636364,-40427.51107821418,-104619.62068192395
2024-12-20,-222.12304003051963,803.9473684210504,222956.57765785148,196.36758575795068,76,379,0.2974276315789474,0.20558242105452376,0.0,-53826.11298225807,612441.6738333025,-19839.5330465033,19617.410006472783,0.0,0.013157894736842105,-56157.63504025134,-111896.77945471421
2024-12-23,-9091.985149157515,-11227.631578947367,269686.6526360975,232.0706444727255,76,380,0.27037697368421054,0.23381877607679774,-5.684341886080802e-14,308246.43179817946,556693.165002068,-19144.55542197107,10052.570272813551,0.0,0.0,-76745.71895265461,-144167.382111679
2024-12-24,-750.4451625326002,-3070.0000000000014,280274.89735063433,222.52531604976275,80,398,0.26411812500000004,0.2117487145396396,1.1368683772161603e-13,27395.01687644307,544320.0618066206,-970.2924450425215,219.84728250992148,0.0,0.0,-71041.69481624095,-141110.4191538995
2024-12-26,7717.253457462887,8482.894736842114,268983.1249293396,258.4608038526613,76,374,0.2838545394736842,0.20392256757333532,5.684341886080802e-14,-574435.7151112886,589572.686607996,9870.718126274374,-2153.464668811488,0.0,0.0,-59786.98857872468,-127032.7698110596
2024-12-27,6172.963300723498,-804.230769230765,246587.4473423515,291.8321997625584,78,389,0.27464685897435903,0.2053855698454597,0.0,147622.58928201324,574962.7100696567,1227.8403208943305,4945.122979829167,0.0,0.01282051282051282,-55765.73073462694,-117412.59257021481
2024-12-30,-3909.5642081947844,-5236.999999999986,233173.35540152914,156.2019775628366,40,199,0.313406375,0.1767751201513916,-3.410605131648481e-13,147596.73134734516,634689.1036970858,-5464.072236988732,1554.508028793947,0.0,0.0,-62359.1050361399,-120652.4438865222
2024-12-31,7914.674046931749,7385.0,267528.792642746,159.73612339091338,40,194,0.31515375,0.2036386938345549,2.8421709430404007e-13,-88687.56821087387,635945.2493826831,-2381.040416014076,10295.714462945825,0.0,0.0,-59127.26023714566,-126009.45839783218
2025-01-02,-13710.792889870641,-15965.789473684208,220726.16165495786,135.61582441872744,38,188,0.33024078947368424,0.19285527963157345,0.0,-104061.7894325711,665525.1919852764,-21516.81045056048,7806.017560689837,0.0,0.0,-69027.94912802883,-124209.4895417683
2025-01-03,-3966.699224232115,-12265.749999999998,233754.80804063007,144.86498800671706,40,195,0.3131525,0.17476949786121318,-2.2737367544323206e-13,77305.69085043766,631710.747287827,1925.0287587865987,-5891.7279830187135,0.0,0.0,-62550.26622239635,-120988.96823255387
2025-01-06,6779.220995793056,4869.523809523813,255485.099586998,129.06477101246386,42,202,0.3458271428571429,0.17594776283565133,-1.7053025658242404e-13,-22782.620767349417,696652.9150025973,11779.452222504047,-5000.231226710991,0.0,0.0,-57221.11867196891,-121092.3935687184
2025-01-07,8559.33448103563,4463.157894736846,208113.11592148105,146.41219154880014,38,190,0.34343815789473686,0.1715559294943056,0.0,-195567.02795868187,693027.3703492271,2313.389196125626,6245.945284910005,0.0,0.0,-43615.35669088343,-95643.6356712537
2025-01-08,-10582.929732219567,-5424.418604651179,265180.24175137683,140.8247513934715,86,425,0.30991162790697674,0.17024541788113234,5.684341886080802e-14,-6384.91450720536,626989.700653988,8833.346454252725,-19416.276186472292,0.0,0.03488372093023256,-77018.81492145725,-143313.87535930146
2025-01-10,-15379.016456638921,-21889.024390243907,276837.4016299536,167.67982764043344,82,408,0.3107451219512195,0.21986063689515312,-5.684341886080802e-14,45405.446910941006,630502.6721920378,-7711.384820846598,-7667.631635792323,0.0,0.012195121951219513,-84756.04669176774,-153965.39709925617
2025-01-13,-5260.817202572397,-4628.571428571439,263946.588900628,150.46526592248148,84,414,0.3226130952380953,0.17928957181639904,-2.842170943040401e-14,-42235.52383948711,654747.4526755274,-8472.095381479303,3211.278178906906,0.0,0.011904761904761904,-71397.92969365187,-137384.57691880886
2025-01-14,-1421.623382326354,-3220.930232558152,255258.62321784944,156.59485595220968,86,422,0.3253023255813954,0.18927897429029314,-1.9895196601282805e-13,6365.260648418111,659345.6042394806,-17436.22611742817,16014.602735101815,0.0,0.011627906976744186,-65392.87404274092,-129207.52984720329
2025-01-15,4101.015522895029,3707.954545454534,216251.64820577562,147.81236985407583,88,434,0.31406420454545453,0.16629091902306156,0.0,-38678.76896051216,634790.5390471412,-96.51864958802928,4197.534172483058,0.0,0.0,-50109.70889840295,-104172.62094984685
2025-01-16,4483.264067529408,941.6666666666812,239675.87443856936,165.478055786192,84,418,0.3160589285714286,0.1773687872844253,-1.1368683772161603e-13,101929.51582679417,640981.7804349964,-7978.35472431339,12461.618791842799,0.0,0.0,-55601.18259789912,-115520.15120754146
2025-01-17,5781.251831703647,-5034.302325581401,219447.90227714364,156.21361521916808,86,426,0.3074247093023256,0.17496006060225744,-1.1368683772161603e-13,-9395.015473450592,623606.4293817118,-6017.252948073373,11798.504779777022,0.0,0.0,-49236.93735280143,-104098.91292208734
2025-01-21,-2139.067735731139,-1484.6590909091005,171924.38540708908,141.66278712254322,88,437,0.3083076704545455,0.1465119286816259,-1.1368683772161603e-13,-60489.87610611827,622764.2378637235,38.573983968301604,-2177.6417196994407,0.0,0.011363636363636364,-45261.82687462595,-88242.92322639823
2025-01-22,8513.668317882342,6081.3953488372035,161464.41954988378,170.83843129215833,86,430,0.29777674418604655,0.12472167476393091,-1.1368683772161603e-13,113748.04373716176,605557.7330507953,9033.645338874307,-519.9770209919628,0.0,0.0,-32023.27500088076,-72389.3798883517
2025-01-23,-1659.4493115513626,-3642.2222222222217,163496.30258223024,164.9865477018055,90,447,0.3001188888888889,0.1448634090476696,0.0,-43819.72581138745,608925.276897456,-4172.70730471907,2513.257993167708,0.0,0.0,-42698.511504810725,-83572.58715036829
2025-01-24,12610.75215589885,-6272.000000000004,182907.53390587308,153.23835921722002,90,446,0.30677777777777776,0.14334395388554944,-8.526512829121202e-14,-6430.516854142215,620867.5713979165,39735.825249939626,-27125.073094040774,0.0,0.011111111111111112,-33269.369679786636,-78996.25315625491
2025-01-27,-13463.608434579779,-10451.162790697674,260261.65792582225,168.4795253149334,86,423,0.3328511627906977,0.1787062962233089,5.684341886080802e-14,10409.723126111923,676473.4012135384,-2897.105401456714,-10566.503033123065,0.0,0.0,-78697.50244135028,-143762.91692280583
2025-01-28,-2199.631149288088,4941.666666666667,307686.48193576926,208.68756340119913,84,413,0.33085178571428575,0.22372544616437173,-1.4210854715202004e-13,63139.94354389464,674349.0614928873,1235.7370184421122,-3435.3681677302,0.0,0.023809523809523808,-79329.9391966316,-156251.55968057393
2025-01-29,-16576.586036023837,-8877.43902439025,309943.76087730576,207.46918435452898,82,408,0.32449786585365853,0.1944272498929988,8.526512829121202e-14,22615.963246178184,663913.9660733552,-6575.850369880101,-10000.735666143733,0.0,0.0,-94269.9954397048,-171755.93565903124
2025-01-30,5884.088721279913,-6771.052631578953,288502.9572975478,206.33167130049338,76,380,0.3405598684210527,0.21022544128271603,0.0,63187.9390930746,694545.3377792706,1537.096232526383,4346.992488753531,0.0,0.0,-66447.98227440752,-138573.72159879448
2025-01-31,9835.817705582349,-3015.348837209306,273551.38755178836,220.34857665215992,86,422,0.33293593023255813,0.1937374678608206,2.842170943040401e-14,37659.90181766921,679134.0594043807,14162.432409124827,-4326.614703542478,0.0,0.011627906976744186,-58772.377759016905,-127160.224646964
2025-02-03,15251.086415801181,10016.666666666675,297946.2085912074,140.2221495590801,42,203,0.37504404761904764,0.18233690887255843,1.7053025658242404e-13,-60714.828111366194,755539.6586438792,3662.6773220397645,11588.409093761416,0.0,0.0,-59375.687881559745,-133862.24002936162
2025-02-04,1812.8663813023904,11335.714285714288,248649.57456563818,133.54967019553035,42,202,0.3633345238095238,0.18413769076483436,5.684341886080802e-14,35770.93834165728,731891.3554525817,-5895.529042973258,7708.395424275648,0.0,0.0,-60483.07693030268,-122645.47057171223
2025-02-05,5776.4255284397495,7542.857142857149,229147.59639691448,184.10965228522377,84,418,0.3336166666666667,0.16517274712540272,5.684341886080802e-14,132747.01449658308,679580.5813419821,-1640.9423049318732,7417.3678333716225,0.0,0.0,-51694.58322307409,-108981.4823223027
2025-02-06,16695.501527927037,19726.16279069767,228777.50593227916,145.56178726293953,86,427,0.3339206395348837,0.1675991343162205,-2.842170943040401e-14,-39982.97286146495,675564.3022231903,5467.143426338846,11228.35810158819,0.0,0.023255813953488372,-40644.43674240569,-97838.81322547549
2025-02-07,-1631.6050881181868,-5976.136363636366,209281.02144230824,165.74136666545823,88,432,0.32303295454545455,0.171974985977474,1.4210854715202004e-13,70875.68096596783,656038.7598083718,-5126.846947716129,3495.241859597942,0.0,0.0,-54117.60181536071,-106437.85717593777
2025-02-10,7448.417970060899,2956.818181818178,229306.10960121604,153.4552624098698,88,438,0.33781534090909093,0.16349931842816953,-1.7053025658242404e-13,-58852.84087717245,683806.7983216639,4612.4728076906795,2835.9451623702184,0.0,0.0,-50031.56469265298,-107358.092092957
2025-02-11,-2174.4192640754686,-1714.7727272727311,217916.33627563884,180.04170696439218,88,435,0.31807159090909093,0.16102803205526342,-2.842170943040401e-14,-80158.59624350953,646579.6259385947,5490.427912928599,-7664.847177004067,0.0,0.0,-56833.545039949575,-111312.62910885927
2025-02-12,1179.6672075233087,3457.4418604651223,227511.9429011463,161.73581658745366,86,428,0.3282624418604651,0.17061234096151318,-2.842170943040401e-14,-52520.19720969791,665955.5830176714,-3308.271821673102,4487.93902919641,0.0,0.023255813953488372,-55860.05433435072,-112738.0400596373
2025-02-13,2044.6069327198024,-1411.2499999999975,218713.70118508727,157.55420954623747,88,433,0.3281969318181818,0.1696595218186232,-5.684341886080802e-14,48606.61060199721,665526.3139313677,-4884.823135901821,6929.430068621624,0.0,0.011363636363636364,-52791.37257309825,-107469.79786937007
2025-02-14,420.9628789404493,-8602.272727272746,196507.9019138752,180.07804153995508,88,436,0.32230511363636366,0.1685636580824532,5.684341886080802e-14,100911.72977580136,656132.1093203656,-8939.393929038879,9360.356807979328,0.0,0.0,-48886.0906410683,-98013.06611953709
2025-02-18,-19371.87464079799,7475.555555555553,163569.721497696,194.6579535637328,90,443,0.3238533333333334,0.12542253506648807,-2.842170943040401e-14,13162.553696104278,660075.4879413751,-6197.013810164334,-13174.860830633654,0.0,0.0,-60458.96296878573,-101351.39334320973
2025-02-19,-928.5182556424579,10884.782608695648,174866.22745334858,190.167869366624,92,455,0.31637989130434785,0.12852645990717002,8.526512829121202e-14,72464.07376382433,645770.3460199917,1862.1404666738133,-2790.6587223162705,0.0,0.0,-44835.242988346225,-88551.79985168336
2025-02-20,3069.670099781779,726.6666666666723,182775.92762719508,181.29722170686412,90,443,0.3357266666666667,0.1202869481599086,-8.526512829121202e-14,-11674.93511230329,684636.7997735953,19821.277392679578,-16751.6072928978,0.0,0.0,-42805.609028723855,-88499.59093552262
2025-02-21,-3332.5787381201217,-12147.093023255822,204974.55652632698,244.49265666088246,86,428,0.3499312209302326,0.15676853878365882,1.7053025658242404e-13,96071.24845670568,721822.9503373738,-7607.976997767051,4275.39825964693,0.0,0.011627906976744186,-54820.71052636275,-106064.34965794449
2025-02-24,2152.4817392609034,70.90909090910014,280807.64088875713,208.55576645683044,88,436,0.33654238636363637,0.17650581362754864,-5.684341886080802e-14,65310.645910970285,688327.7152927025,15295.049515764711,-13142.567776503807,0.0,0.022727272727272728,-68257.98424938522,-138459.8944715745
2025-02-25,3271.324061828746,19378.048780487796,303532.58956221474,204.3247424291059,82,407,0.35881817073170735,0.22077721856612126,0.0,-297273.41745772073,733393.0730344907,-4446.537935996325,7717.861997825072,0.0,0.0,-72816.14807115404,-148699.29546170772
2025-02-26,-13333.539656767432,4205.11627906977,314276.5224669059,195.23835201335984,86,424,0.33568069767441866,0.19073117400673054,-8.526512829121202e-14,-63050.98401706065,683819.4501673478,12495.066420734614,-25828.606077502045,0.0,0.023255813953488372,-92097.90862550726,-170667.03924223376
2025-02-27,542.2286140725327,6117.380952380963,331463.6153822129,262.51696631953223,84,420,0.3473333928571429,0.21495317918338933,-2.842170943040401e-14,-102998.77149703032,717123.6246586172,-11109.90675533091,11652.135369403444,0.0,0.0,-82586.19219780022,-165452.09604335346
2025-02-28,-2712.1298995838815,-3091.5476190476256,358936.8502360486,227.0117955435088,84,411,0.3378608928571428,0.2234626774415443,2.8421709430404007e-13,-39653.98728079989,692786.0999926425,19337.765256661998,-22049.89515624588,0.0,0.023809523809523808,-92673.35425413954,-182407.56681315167
2025-03-03,7849.783131770834,9821.951219512193,295323.8890981965,156.06356557028298,82,409,0.35112743902439025,0.20689133144932007,-5.684341886080802e-14,-74392.40326372201,712341.7638768911,18066.20121556389,-10216.418083793056,0.0,0.0,-66137.25270834858,-139968.2249828977
2025-03-04,4239.716831882149,2446.4285714285747,258189.15556724026,132.58315339170926,84,413,0.3685422619047619,0.17693227858172442,-2.842170943040401e-14,-57412.60455711742,745188.5758838344,-264.4204923243125,4504.137324206461,0.0,0.0,-60440.155213319624,-124987.44410512969
2025-03-05,-2771.943809965058,780.0000000000067,229322.5500433927,137.36741118643457,90,442,0.33717055555555553,0.16435229238870935,-5.684341886080802e-14,-21734.029331713977,681225.6581924191,20910.837594369048,-23682.781404334106,0.0,0.0,-60239.94873199966,-117570.58624284784
2025-03-06,9007.795150905185,4080.7777777777837,257821.1107453784,146.09563770370136,90,443,0.3757016111111111,0.16536436166216173,-5.684341886080802e-14,-42437.31740144264,759112.8385198972,5461.626549096358,3546.1686018088276,0.0,0.0,-55593.57817314311,-120048.85585948771
2025-03-07,-2405.967207712927,454.4444444444388,277078.9115242254,140.21401151587722,90,445,0.3439827777777778,0.17488746583196396,-5.684341886080802e-14,68681.62388886079,695641.090643401,39338.033139173705,-41744.000346886634,0.0,0.011111111111111112,-71815.90910028515,-141085.6369813415
2025-03-10,6936.198171522321,-2197.6190476190404,342344.0836403627,143.49971730343256,84,416,0.38574464285714294,0.20838333250325397,-5.684341886080802e-14,-3921.903040333058,780642.5446820782,-414.29271550672695,7350.490887029048,0.0,0.011904761904761904,-78793.32245587179,-164379.34336596247
2025-03-11,8492.001333939352,7088.372093023256,283951.78832788306,163.04127232850135,86,424,0.3838604651162791,0.19029526397329394,-5.684341886080802e-14,-46231.61626010969,778035.3381709027,-20154.68640219268,28646.687736132033,0.0,0.0,-62658.98702035992,-133646.93410233068
2025-03-12,9308.809578823715,10024.555555555557,247367.91219217697,153.83291605844943,90,443,0.3526705555555556,0.17013630638847083,-8.526512829121202e-14,20360.267770639584,714373.665698217,5047.521061485577,4261.288517338138,0.0,0.0,-52687.00138527898,-114528.97943332323
2025-03-13,-13473.580513764211,-8832.222222222214,258507.69038365324,162.80542618788434,90,449,0.3756594444444445,0.17056353401175772,1.7053025658242404e-13,517.9796844364628,760469.0873851303,-29430.466344757977,15956.885830993766,0.0,0.0,-78263.3085358654,-142890.2311317787
2025-03-14,458.4536457363405,-3707.6666666666683,254053.4432622554,148.84457884189328,90,447,0.3326238888888889,0.1741734780493722,8.526512829121202e-14,-82429.94982654983,675238.6327731663,-8261.737051949318,8720.190697685657,0.0,0.011111111111111112,-63203.7517486694,-126717.11256423325
2025-03-17,5063.274702037103,3037.222222222218,185798.51976789627,188.96533357669048,90,446,0.3409363888888889,0.13821519189922046,-2.842170943040401e-14,31285.546836708145,698737.8968992638,4628.542352123069,434.73234991403535,0.0,0.0,-41575.32057351366,-88024.95051548773
2025-03-18,-1327.7145917198068,-1915.9574468085084,163095.05740345494,192.60830127359793,94,461,0.3430994680851064,0.12148013758131217,2.842170943040401e-14,39070.08023441151,700844.1620988861,-13620.874654384157,12293.16006266435,0.0,0.0,-42294.08724385714,-83067.85159472087
2025-03-19,-4659.274453771183,-4242.222222222227,157665.2832295068,224.55111676118062,90,446,0.3473555555555556,0.12887552680444905,5.684341886080802e-14,118704.22252253578,712819.3924571874,-13202.974239601914,8543.69978583073,0.0,0.0,-44300.14637790907,-83716.46718528577
2025-03-20,14095.702640641703,14825.000000000002,201021.56888247453,220.9438568223775,92,460,0.3356146739130435,0.12778820225239687,-1.9895196601282805e-13,-107358.29487117384,688095.2496816614,-10062.156159773293,24157.858800414993,0.0,0.0,-36380.633436799304,-86636.02565741794
2025-03-21,-4267.92361865161,-5538.86363636364,196068.11051565327,240.5041148393501,88,440,0.30644000000000005,0.16481189111605526,8.526512829121202e-14,-158029.73742797878,629345.9189796745,-13737.041822641597,9469.118203989987,0.0,0.011363636363636364,-53525.455362404275,-102542.48299131759
2025-03-24,8141.602089716091,3625.487804878049,240676.42077702272,196.70386068578767,82,405,0.3066301829268293,0.2080152019538228,-8.526512829121202e-14,-187892.08610426387,623879.4166953719,3182.1274274535317,4959.474662262559,0.0,0.0,-52224.20696522538,-112393.31215948105
2025-03-25,2798.8402530919943,4203.65853658537,265012.486774126,204.1059024908874,82,407,0.31987195121951223,0.18596274528602066,-1.1368683772161603e-13,29346.275139914884,653655.2166270344,5040.19271032801,-2241.352457236016,0.0,0.012195121951219513,-63658.3873429304,-129911.5090364619
2025-03-26,3717.8750223502384,630.9523809523796,217391.21924325477,247.72267100308193,84,413,0.31451250000000003,0.1946667434329716,1.9895196601282805e-13,-39535.32781430662,645287.5593312961,4251.84222297805,-533.9672006278113,0.0,0.0,-50877.65245946654,-105225.45727028023
2025-03-27,1075.0826658089677,2930.697674418609,210656.0656087025,188.2537528725945,86,426,0.3310075581395349,0.15975824762137653,8.526512829121202e-14,-266487.5487566482,674183.7242033352,23288.78229780693,-22213.699631997963,0.0,0.011627906976744186,-51777.18748923926,-104441.20389141489
2025-03-28,-877.172047601807,-7056.818181818181,211942.38834186224,209.54291677191543,88,432,0.34547556818181824,0.1470367387327961,0.0,-58025.59563925172,702246.8436997313,-4154.729696235952,3277.557648634145,0.0,0.0,-54072.31204983928,-107057.90913530484
2025-03-31,-5639.29477217887,-4788.095238095261,286058.05771885824,140.22872598686243,42,202,0.4074964285714286,0.15347021997779314,5.684341886080802e-14,92876.83998941442,819950.1543564895,-5992.666676847696,353.3719046688256,0.0,0.0,-77294.03792788029,-148808.55235759486
2025-04-01,-10488.265404477528,-13311.904761904749,254523.18092265696,128.99349417136267,42,204,0.35577619047619047,0.16237672638407594,5.115907697472721e-13,-6873.400684271037,716476.1557158795,-4029.155822431396,-6459.109582046132,0.0,0.0,-74248.05412931312,-137878.84935997738
2025-04-02,52163.59816287697,22945.11111111112,273566.46174999786,146.50396226581393,90,445,0.3344528888888889,0.16816229303791594,0.0,48281.5702926417,676968.0382738205,133526.7200479841,-81363.12188510712,0.0,0.03333333333333333,-16374.521236888306,-84766.13667438777
2025-04-03,12078.04748943834,3975.113636363638,506591.49953560124,149.0697865216362,88,431,0.4060767045454546,0.17198145270536813,5.684341886080802e-14,178202.51920356415,821675.8118751255,132693.5293041618,-120615.48181472348,0.0,0.022727272727272728,-114718.89718098361,-241366.7720648839
2025-04-04,4368.360085945559,-4257.894736842093,469494.91208867764,140.43852079164418,76,371,0.5242506578947369,0.24615687872959183,0.0,-60327.66604065859,1058862.1106907302,11375.648527220004,-7007.288441274445,0.0,0.0,-113145.8064570155,-230519.53447918492
2025-04-07,-7806.113914822255,-11639.047619047615,499404.1467875938,137.4933697958482,84,416,0.5346326785714286,0.21681899243216332,1.4210854715202004e-13,-10950.346062569495,1078412.8677071503,32374.746503534345,-40180.8604183566,0.0,0.011904761904761904,-132794.64398151654,-257645.680678415
2025-04-08,-25287.70249828988,-12964.883720930233,620876.888647786,146.91410556889932,86,423,0.5627167441860466,0.21829515321267756,-8.526512829121202e-14,45612.00890481983,1134179.5511717934,-48808.16043772039,23520.457939430504,0.0,0.05813953488372093,-180653.83876580527,-335873.06092775177
2025-04-09,-11715.24436735329,-10329.729729729734,469473.4974932078,130.22442995505978,74,361,0.4254506756756757,0.2592616497297195,0.0,-12338.408137776969,858317.4676976517,76020.52456974042,-87735.76893709372,0.0,0.0,-129213.84317061031,-246582.21754391227
2025-04-10,-1046.869874035191,-1336.2500000000105,438982.2530003078,143.08344175115116,80,399,0.5092212500000001,0.24915615203632782,-5.684341886080802e-14,-22845.95326542972,1026490.9710843118,-26929.584721727944,25882.714847692754,0.0,0.0,-110935.5165658633,-220681.07981594026
2025-04-11,15301.793652788094,13398.86363636364,355245.17443311174,153.35606570136818,88,437,0.4941397727272728,0.18251902828035807,8.526512829121202e-14,35557.28265772205,997784.7215725874,-49137.48486830512,64439.27852109321,0.0,0.011363636363636364,-73662.85602119121,-162474.14962946915
2025-04-14,2050.008025476252,465.88888888889124,325143.77609628876,186.0691677574862,90,447,0.4148190555555556,0.19116041593428135,1.4210854715202004e-13,-242351.29256371426,845671.8105463091,-18759.144140262448,20809.1521657387,0.0,0.011111111111111112,-79422.00516635341,-160707.94919042563
2025-04-15,-10150.849818660474,-14070.568181818178,323722.6745560554,188.06828604139534,88,438,0.4036584090909091,0.1914103501720817,-1.4210854715202004e-13,-4868.8630046299795,822480.9331585693,17673.95991954754,-27824.809738208016,0.0,0.0,-91269.58674371571,-172200.25538272958
2025-04-16,18594.358351085284,4264.444444444452,340226.1835598209,165.35895581488217,90,448,0.42652661111111106,0.20471015749610552,-1.7053025658242404e-13,-217769.51172623681,866413.5099558557,-2887.4994323784176,21481.857783463704,0.0,0.0,-66627.54649468482,-151684.09238464007
2025-04-17,9748.928901921288,18.181818181826884,259671.34698561253,182.5272177423937,88,435,0.4216017045454546,0.16067216335366277,5.684341886080802e-14,9668.247786921238,857189.3487945773,15696.588874773613,-5947.659972852324,0.0,0.0,-55351.435062224235,-120269.27180862737
2025-04-21,-1816.9978594061615,2911.3953488372163,401842.30537665973,184.8651652678447,86,426,0.4499957558139535,0.21648171181025114,-2.842170943040401e-14,99847.48031015217,914059.3549060499,-8105.191176374921,6288.19331696876,0.0,0.0,-102462.43936883894,-202923.01571300387
2025-04-22,-15261.622959759077,-17660.833333333336,405525.44441953534,188.90682890839128,84,417,0.4055232738095238,0.2197471224879966,-1.7053025658242404e-13,-23922.448867182393,822730.9011289168,-12406.803489486176,-2854.819470272902,0.0,0.0,-116831.8908935513,-218213.25199843515
2025-04-23,-7202.929470044052,7413.7500000000055,366575.17475659,184.40351872803544,80,399,0.40924750000000004,0.23258502684572496,1.7053025658242404e-13,-201979.80699355717,830348.6329934658,-9050.019366044608,1847.0898960005547,0.0,0.025,-99031.12667791959,-190674.9203670671
2025-04-24,-13028.605623429887,-16165.116279069765,348745.0297695911,162.54279607334297,86,421,0.37373372093023255,0.21920084973167941,1.4210854715202004e-13,65388.07896785848,755516.6198016763,-11240.952226390456,-1787.6533970394303,0.0,0.011627906976744186,-100377.405861901,-187563.66330429877
2025-04-25,-3789.7792162841442,-14255.119047619039,334344.94281061675,205.20596887041623,84,412,0.38024761904761906,0.19400951553747575,2.8421709430404007e-13,183921.6424172386,775518.7886933855,-12566.892852675108,8777.113636390965,0.0,0.011904761904761904,-87581.22088780875,-171167.4565904629
2025-04-28,-2036.61351191203,-2450.0000000000186,288107.1404063645,149.56002760970097,44,211,0.42504090909090914,0.17487417331276742,5.684341886080802e-14,65768.36708722454,855156.8558351028,-17123.600432841627,15086.986920929598,0.0,0.022727272727272728,-74212.95864111285,-146239.74374270398
2025-04-29,23502.50051264683,18774.999999999993,348480.4705033798,129.25257393338694,44,215,0.4046034090909091,0.17458204609753866,-1.1368683772161603e-13,676.6327765315073,813480.9727607915,17522.37931495038,5980.1211976964505,0.0,0.0,-63746.86968713151,-150866.98731297647
2025-04-30,15121.426488961934,11559.523809523824,382467.8800844221,136.83400109227057,42,206,0.4285285714285714,0.21823446655942227,2.2737367544323206e-13,-57521.02000279408,862745.6057466894,-1870.6163061834204,16992.042795145357,0.0,0.0,-80632.37753323586,-176249.3475543414
2025-05-01,4915.789399421865,9768.333333333314,227664.50873693055,139.9091819428966,42,204,0.4187186904761905,0.16835474354093338,-3.979039320256561e-13,-95636.84165754059,842831.0712986256,-11229.978695891214,16145.76809531308,0.0,0.0,-52140.24696675367,-109056.37415098632
2025-05-02,2811.5736396665675,-3942.6086956521813,192107.7844655496,136.5834577051788,46,223,0.4141320652173913,0.13895384858637574,0.0,-73482.01923851014,833821.2306613355,-2628.7909852593916,5440.364624925959,0.0,0.0,-45351.95593442601,-93378.9020508134
2025-05-05,7551.993648744237,13761.363636363636,309358.4849391942,129.22144104789703,44,220,0.43825454545454545,0.1491941267784747,5.684341886080802e-14,-47927.7482635847,881355.489562017,8210.528030838017,-658.5343820937793,0.0,0.0,-69916.84902710222,-147256.47026190077
2025-05-06,-6228.295098678272,4333.333333333338,326398.145235258,140.458141081831,42,205,0.427927380952381,0.1881826535070893,5.684341886080802e-14,20135.568633509556,861681.751542295,-17671.804502929175,11443.509404250906,0.0,0.023809523809523808,-87968.2895485746,-169567.82585738908
2025-05-07,-2357.7458926900217,2926.190476190477,260164.4377891905,174.3187610763247,84,420,0.3597434523809524,0.2096817745993501,1.1368683772161603e-13,34660.45993281324,735970.5979427805,-584.3448322185844,-1773.4010604714372,0.0,0.0,-67573.17410106397,-132614.2835483616
2025-05-08,6674.607285990034,12897.444444444434,226266.67473366458,149.0244079930357,90,443,0.3749937222222222,0.16115319797996502,-2.842170943040401e-14,-41567.15810064752,758153.0403632778,-7516.372109764672,14190.979395754706,0.0,0.0,-50041.08580541914,-106607.7544888353
2025-05-09,-310.2635138967827,2709.782608695643,202230.02864156148,167.2460702767625,92,453,0.35287826086956525,0.14643485189782843,1.1368683772161603e-13,-162902.80356199256,715420.8451416767,-2368.338880046422,2058.075366149639,0.0,0.021739130434782608,-51035.016744563916,-101592.52390495429
2025-05-12,33435.73723705376,18184.883720930244,246819.84010708446,145.06296273257564,86,425,0.3350220930232558,0.19958876133479567,2.2737367544323206e-13,26561.800422679607,676802.9288171009,30986.559849109948,2449.177387943815,0.0,0.011627906976744186,-28414.285752449927,-90119.24577922103
2025-05-13,6170.331897213147,5401.000000000004,233071.47681436365,164.87874484965215,90,443,0.33388555555555555,0.1842474437765574,0.0,79207.77115597315,678187.8372606598,14113.472058708998,-7943.14016149585,0.0,0.0,-52262.41605122742,-110530.28525481833
2025-05-14,-18564.09484811178,-15087.00000000001,207161.00592548103,174.71782074508138,90,447,0.3473368333333334,0.14986532570995476,1.4210854715202004e-13,-66153.86029843873,704955.884549876,-3899.387025428753,-14664.707822683025,0.0,0.0,-70529.06415022712,-122319.31563159738
2025-05-15,-789.3668869744574,-48.86363636363393,208673.17436526,159.8045372415921,88,438,0.3393920454545455,0.16846587530475768,-5.684341886080802e-14,-24672.572617535425,686826.695430741,-6678.96731708792,5889.600430113463,0.0,0.0,-53117.46501553105,-105285.75860684605
2025-05-16,2.702589431650722,-4080.000000000001,183840.49052980437,158.92615608870548,90,447,0.3280372222222222,0.16079648037762775,-1.4210854715202004e-13,121776.4766541213,664397.3218190657,-3215.5649387605904,3218.267528192241,0.011111111111111112,0.011111111111111112,-46116.34619910814,-92076.46883155925
2025-05-19,-81.40429486104587,-3494.1304347826112,157195.86300275833,157.6740849926562,92,453,0.3488885869565218,0.1234272974697932,8.526512829121202e-14,-34400.26592567741,705572.1119057424,669.9213843471705,-751.3256792082163,0.0,0.0,-39538.04413054328,-78837.00988123287
2025-05-20,26641.635470865225,19359.239130434802,176645.0942041862,162.61421327517027,92,452,0.3341109239130435,0.12611862511993185,1.1368683772161603e-13,-60395.53114840607,677931.4469022561,32390.96998730995,-5749.334516444724,0.0,0.0,-17682.252293456495,-61843.52584450305
2025-05-21,-2267.974962720546,-3567.777777777782,183638.887202514,162.59532184930325,90,446,0.34834944444444443,0.1335587122120086,-5.684341886080802e-14,-198256.69244378989,704163.6118535335,-8159.817461342575,5891.84249862203,0.0,0.0,-48340.29208519834,-94250.01388582685
2025-05-22,-20108.719830648326,5090.0000000000055,189523.01095774953,186.70941187379063,92,451,0.356196195652174,0.12717621286678343,-1.1368683772161603e-13,43228.085260249434,724924.5318317341,-2908.2819938948423,-17200.437836753485,0.0,0.010869565217391304,-67676.1819819595,-115056.93472139687
2025-05-23,-19459.932130018136,-13104.318181818191,185194.66694813845,186.01258020407636,88,440,0.35599318181818185,0.13736909634952643,1.4210854715202004e-13,-55897.89290186243,723750.7365768217,-16535.096851741986,-2924.835278276151,0.0,0.0,-65944.61144725682,-112243.27818429143
2025-05-27,-12172.577737733165,-11288.452380952382,280783.4213875238,192.73078172300472,84,412,0.3505460119047619,0.17750517756486595,-1.7053025658242404e-13,-30963.299339695535,714319.3963336702,1044.0997800734053,-13216.67751780657,0.0,0.011904761904761904,-82561.16386633713,-152757.0192132181
2025-05-28,17344.191496977204,17403.571428571413,214689.1066998364,180.93229552022362,84,420,0.34903333333333336,0.17648943780425583,-5.684341886080802e-14,-62725.11041807639,709644.7122840036,-1589.3751382356375,18933.566635212843,0.0,0.0,-36509.01747350212,-90181.29414846122
2025-05-29,-6593.572156016467,10883.777777777783,249196.45152466276,206.7752156645024,90,445,0.320685,0.15626481986465537,5.684341886080802e-14,21818.171315562176,655702.9254726587,-2350.1658042416243,-4243.406351774844,0.0,0.011111111111111112,-69099.46025284665,-131398.57313401235
2025-05-30,1788.8762905065478,-4079.6249999999973,210017.79951258897,217.9695663624388,80,394,0.3422028125,0.1975687093257567,1.4210854715202004e-13,-121465.40698702686,699542.6828563246,-11022.42628665919,12811.30257716574,0.0,0.0,-50933.543154003135,-103437.99303215038
2025-06-02,-9062.120644648661,1130.4347826087078,335453.0069769178,126.27583604206995,46,221,0.358175,0.17179856246614836,-1.7053025658242404e-13,-31447.210522408677,720620.4459405509,-7137.203539424813,-1924.9171052238448,0.0,0.043478260869565216,-93051.64822492018,-176914.8999691496
2025-06-03,15312.001482015341,13815.0,207685.64519263626,141.42230858031238,40,193,0.35139875000000004,0.16970854252480586,-5.115907697472721e-13,41677.57228047348,708410.8256419412,-968.5943253704556,16280.595807385796,0.0,0.0,-36750.83212472404,-88672.2434228831
2025-06-04,1927.7951474604984,-359.0909090909081,201718.5700365554,147.7316009177459,88,438,0.33090454545454545,0.1481458362536913,0.0,-92125.65684800604,669333.7919576509,4423.256238968823,-2495.461091508324,0.0,0.0,-48649.5789625961,-99079.22147173496
2025-06-05,-17645.756456239687,-10054.130434782604,210661.3019716545,153.77270436384293,92,460,0.32871934782608697,0.15061927343139322,-1.1368683772161603e-13,9956.514389381719,666955.450177862,-19264.885716675137,1619.1292604354476,0.0,0.021739130434782608,-70464.85465351715,-123130.18014643078
2025-06-06,-3622.065282236093,-4682.222222222233,149066.4367190648,170.2074473191137,90,449,0.32396111111111114,0.1287157935755377,1.9895196601282805e-13,112798.74336857432,659467.305050435,-8774.777110426348,5152.711828190255,0.0,0.0,-41058.88190932141,-78325.4910890876
2025-06-09,-13619.628517373498,-10915.555555555555,260806.01156527194,149.84301924236354,90,449,0.32839111111111113,0.16811089648374322,8.526512829121202e-14,47909.95787005897,663854.0928102096,-9894.951451567644,-3724.6770658058535,0.0,0.022222222222222223,-78970.97442793385,-144172.47731925183
2025-06-10,5506.74830895158,3247.0930232558194,188957.7818066732,161.97725651098716,86,422,0.31322156976744187,0.16496382530657508,1.4210854715202004e-13,18716.506369969065,636995.5245793712,1710.7831045571916,3795.9652043943875,0.0,0.0,-41894.67439922771,-89134.11985089602
2025-06-11,-4859.643232973628,-5540.851063829791,189931.1444891725,158.13467502614344,94,462,0.3191997872340426,0.1464532961832816,-1.1368683772161603e-13,4829.736629494685,646671.444533343,-6763.607874705862,1903.9646417322338,0.0,0.0,-52500.564030292895,-99983.35015258602
2025-06-12,1488.0458135422093,2258.5555555555566,268904.9921893666,167.96254273714297,90,441,0.31607,0.1446423603629404,1.7053025658242404e-13,77404.23507558812,641850.8354121192,12988.56975937909,-11500.523945836881,0.0,0.022222222222222223,-65906.16477653659,-133132.41282387823
2025-06-13,-7204.9224252799195,-16677.3076923077,268353.44521349465,162.99008650515697,78,389,0.331456217948718,0.19794344741276323,0.0,-31568.401388224636,671808.9347465589,-14152.120420321406,6947.197995041486,0.0,0.01282051282051282,-74456.27381515874,-141544.6351185324
2025-06-16,-14874.707254511019,5330.487804878057,200364.16787627302,216.19118365059794,82,408,0.3287676829268293,0.1591013111792035,-8.526512829121202e-14,-67695.72870012396,675571.4004154495,11398.162420676596,-26272.869675187612,0.0,0.012195121951219513,-65181.94040722987,-115272.98237629813
2025-06-17,-14368.634232214643,-15375.581395348836,233481.65376371014,173.94972956604474,86,421,0.32793720930232556,0.15913804771297246,5.684341886080802e-14,-47923.29552602823,668473.345854126,-14888.485888304796,519.8516560901543,0.0,0.011627906976744186,-72912.99740270822,-131283.41084363576
2025-06-18,6145.625101440002,11801.309523809514,193969.59317826666,209.0027265065847,84,417,0.32010535714285715,0.14734648367755024,8.526512829121202e-14,-179046.30463358626,657129.7746954559,-8417.847290073276,14563.47239151328,0.0,0.0,-42555.77591963325,-91048.17421419991
2025-06-20,298.8369931362969,1431.2790697674627,215843.87770795418,218.88600093777566,86,429,0.31783947674418606,0.17431075267619853,1.4210854715202004e-13,12301.318778667184,655453.9951544533,-6743.053269545628,7041.890262681925,0.0,0.023255813953488372,-53881.01843479002,-107841.98786177857
2025-06-23,804.0484698447664,-249.99999999999216,279758.4121697964,247.7782320938258,68,332,0.32107352941176476,0.21514715581235794,-5.684341886080802e-14,-126881.02770598774,665769.2269371643,-7112.187394585177,7916.235864429942,0.0,0.0,-69383.33280469816,-139322.93584714725
2025-06-24,-1132.9275240305583,6762.857142857149,260081.18042676442,224.24209838908484,70,349,0.30647,0.18558369862139848,0.0,-62696.81403053554,628432.333287828,3616.9619445363464,-4749.889468566905,0.0,0.0,-66377.46472911075,-131397.75983580184
2025-06-25,-3261.464648402666,-527.6315789473547,243142.79492790005,191.9530609657163,76,373,0.30931842105263163,0.1904763204143843,0.0,-171437.17457734933,629226.8513235231,-352.11733474230573,-2909.3473136603607,0.0,0.0,-64239.116441343394,-125024.8151733184
2025-06-26,-26527.50393019285,-20355.625000000004,339593.017075865,191.79144369819412,80,392,0.30748875,0.18508562149527014,-2.8421709430404007e-13,-247687.22699503187,625948.172409554,-6970.282409553921,-19557.221520638926,0.0,0.0375,-111617.5496428573,-196515.80391182355
2025-06-27,10007.353274790366,8416.666666666672,220761.10975786948,187.3710079818721,66,323,0.3235704545454546,0.19857484111664991,0.0,-320716.13574070623,656457.3212170233,-3634.3259742235336,13641.6792490139,0.0,0.015151515151515152,-45370.29517265887,-100560.57261212624
2025-06-30,-6160.379348488276,-11355.263157894713,272152.3855426053,155.04304377979597,38,183,0.35748684210526316,0.17543478176800195,0.0,-92187.4342169952,722224.1320006595,13328.818592935624,-19489.1979414239,0.0,0.0,-74353.5187779194,-142391.6151635707
2025-07-01,4885.729287246362,4505.263157894733,242677.8896376122,122.27848934863755,38,186,0.3386171052631579,0.16939993294831215,0.0,-50598.88344666947,680875.9419720384,8130.509972762343,-3244.7806855159806,0.0,0.0,-55906.02161150533,-116575.49402090839
2025-07-02,3261.276468867275,801.2499999999919,206535.39739516753,164.64848120097952,80,391,0.33146,0.18557712268066237,1.1368683772161603e-13,-110914.8599847276,673710.4296186182,-1708.69358557429,4969.970054441565,0.0,0.0,-48537.22136112559,-100171.07070991746
2025-07-03,22.06252145973309,-6412.499999999995,201787.53079907817,157.9623703235206,88,438,0.3156159090909091,0.14842101104711802,1.7053025658242404e-13,-62605.076149537126,640454.2424210568,1905.2044564582068,-1883.141934998474,0.0,0.011363636363636364,-50582.78254863333,-101029.66524840287
2025-07-07,-4098.499136051112,-6494.186046511629,271010.18211226875,147.81673143728872,86,423,0.33983372093023256,0.18829093119954282,1.1368683772161603e-13,-155370.69005049663,687873.4298780188,-4296.864407449216,198.36527139810408,0.0,0.0,-71998.86139555558,-139751.40692362277
2025-07-08,-18052.699911320626,-13053.57142857143,342118.62889066816,143.6230703558099,84,418,0.3414803571428572,0.17923061239256763,5.684341886080802e-14,-129146.08050289584,690084.0101869326,-7458.547417291654,-10594.152494028971,0.0,0.011904761904761904,-103725.98020434348,-189255.63742701052
2025-07-09,6254.132271049795,-1084.615384615387,223465.18705624674,135.46409377277362,78,385,0.3384448717948718,0.18236611567944397,0.0,71193.34089157017,685437.8100849582,5205.223060652773,1048.909210397022,0.0,0.0,-49747.62858678467,-105613.92535084634
2025-07-10,-339.6022633040899,-1451.1627906976769,242822.52566048197,136.45815351559685,86,424,0.3280697674418605,0.1744827577744325,8.526512829121202e-14,-44728.331022489554,662679.6110382727,2234.6578339582625,-2574.260097262352,0.0,0.023255813953488372,-61181.69183194018,-121887.32324706067
2025-07-11,-3650.1700104238757,-10353.571428571431,171870.21271674894,142.56073347401,84,417,0.3483446428571429,0.13057521772827638,-5.684341886080802e-14,-9307.03628780939,703698.3324992184,-2187.7158684093984,-1462.4541420144774,0.0,0.0,-46760.283923085124,-89727.83710227234
2025-07-14,7448.966880290959,125.55555555555452,128132.35572100486,161.7210964473363,90,447,0.34870666666666666,0.08433143429903268,5.684341886080802e-14,-24498.637969731313,708369.7384911863,6742.337681762525,706.6291985284339,0.0,0.011111111111111112,-24745.843146407595,-56778.932076658806
2025-07-15,177.00291222163642,-1512.444444444437,131874.17969505058,184.6276387776171,90,443,0.34335238888888886,0.09620020970533212,1.1368683772161603e-13,-15748.297989118328,699317.4869523591,-3090.934045373074,3267.93695759471,0.0,0.0,-32976.169650318625,-65944.71457408127
2025-07-16,-9174.645922980575,1289.6739130434821,138579.08690757942,170.24675407397626,92,451,0.329573097826087,0.10155445800001318,2.2737367544323206e-13,-68296.06327297328,671298.4722446657,-3729.3721109575044,-5445.273812023071,0.0,0.0,-43989.664403949406,-78634.43613084426
2025-07-17,-11088.021537113076,-7216.666666666663,118831.28943946598,175.93862264655968,90,442,0.3295544444444444,0.09467879381647794,2.842170943040401e-14,-138370.3626081745,671536.1458615402,-5574.915431488388,-5513.106105624687,0.011111111111111112,0.011111111111111112,-40971.782519626126,-70679.60487949263
2025-07-18,2307.438786539197,-4869.999999999993,150954.53885703563,181.00953062524167,90,447,0.3322166666666667,0.10254997467207631,5.684341886080802e-14,-33744.18414410505,675775.7513128819,-6798.6495894198,9106.088375958996,0.0,0.011111111111111112,-35612.20545834495,-73350.84017260387
2025-07-21,-15397.891241277423,7843.690476190467,258778.55203030072,177.91855468490994,84,411,0.3261517857142857,0.18279886412952262,1.9895196601282805e-13,-16406.37006598532,661873.6985435821,3550.862658694787,-18948.75389997221,0.0,0.023809523809523808,-80270.4478035375,-144965.0858111127
2025-07-22,-1705.2340034538915,10029.99999999999,262249.63090387697,166.8645632981431,80,399,0.313638125,0.2230233318522517,-2.842170943040401e-14,-97906.40781706043,635828.8995024525,1318.4128857846692,-3023.646889238562,0.0,0.0,-67434.50629272129,-132996.91401869053
2025-07-23,-21869.939100122927,12168.720930232561,245170.35942958234,158.33857893705803,86,421,0.3210651162790698,0.17518567723790157,-5.684341886080802e-14,62031.78895756909,650749.9139873158,-1791.828154195368,-20078.11094592756,0.0,0.011627906976744186,-83320.86753645557,-144613.45739385116
2025-07-24,5024.070465808326,14388.414634146346,182408.6912932192,159.34740750241045,82,406,0.3050545731707317,0.16595431592942653,2.842170943040401e-14,159041.35536983685,618495.86550426,-8460.461106263583,13484.531572071908,0.0,0.0,-40737.449764998884,-86339.62258830368
2025-07-25,5132.077714019008,-5710.227272727274,193118.0829007771,190.58140469887488,88,438,0.3105721590909091,0.16161155914240544,2.842170943040401e-14,84343.05402484335,632920.6741992183,-1410.82410042428,6542.9018144432885,0.0,0.0,-43338.02441587414,-91617.54514106843
2025-07-28,5473.182184824917,12156.81818181819,244894.18104101164,136.49911675104173,44,216,0.31802159090909093,0.14501689714668517,1.7053025658242404e-13,-25190.741983573986,641859.9978271755,4552.103888773567,921.0782960513509,0.0,0.022727272727272728,-55886.86219217904,-117110.40745243194
2025-07-29,-3848.95331619351,-1339.999999999996,214646.304433855,143.02800208789265,40,200,0.32181125,0.1930070667694887,0.0,3470.725508882489,648924.0896636606,1696.8668818419446,-5545.820198035454,0.0,0.0,-57653.55742674515,-111315.1335352089
2025-07-30,-10689.885934441289,-6793.478260869553,240278.11318925218,122.78091403239318,46,221,0.31773804347826085,0.16129387815738055,1.1368683772161603e-13,-43238.38821498589,640316.3999863443,9039.314638806954,-19729.200573248243,0.0,0.0,-70882.19514578673,-130951.72344309978
2025-07-31,1810.2771075478727,2261.3636363636315,233504.66997408835,152.6317201784016,44,218,0.31860227272727276,0.15445389482627536,-1.1368683772161603e-13,110904.24879819568,643072.9911994735,11298.374469934066,-9488.097362386192,0.0,0.0,-56718.52210615262,-115094.6895996747
2025-08-01,-10372.795267534293,-14463.636363636359,171450.61330941337,138.67415575957082,44,218,0.3454920454545455,0.14298112282196734,-5.684341886080802e-14,83047.98252875196,696013.0192821138,-21639.82192261488,11267.026655080585,0.0,0.0,-53374.12275064721,-96236.77607800055
2025-08-04,-29005.881723311566,4309.523809523828,313750.4054649925,163.49517236457976,42,210,0.3508095238095238,0.1915012830808187,-1.1368683772161603e-13,-61550.231666615524,710648.0951421884,3185.1622533903756,-32191.04397670194,0.0,0.023809523809523808,-107606.97826192428,-186044.5796281724
2025-08-05,5272.838737865433,16106.666666666672,238115.3645114275,126.05981791544438,42,206,0.3391261904761905,0.181498884675435,-1.7053025658242404e-13,110536.44331535843,683101.221336261,-7879.393498843812,13152.232236709246,0.0,0.0,-54382.062207906885,-113910.90333576377
2025-08-06,-11684.068234143653,11165.555555555558,200551.1053219139,141.1924994056305,90,448,0.33155444444444443,0.16116798832254298,-8.526512829121202e-14,-43532.493941111614,668850.0775352488,1364.6664234122056,-13048.734657555859,0.0,0.0,-61963.03706402776,-112100.81339450623
2025-08-07,9311.02024253768,17828.26086956522,172602.1112338494,156.6050874562313,92,452,0.3261733695652174,0.13842728656945005,-1.1368683772161603e-13,7077.246138781756,660613.7101968765,-5142.476781099358,14453.497023637037,0.0,0.021739130434782608,-33996.1126533809,-77146.64046184326
2025-08-08,-2907.518637252188,-8216.304347826088,142109.20681662386,156.26722754234422,92,456,0.31701358695652176,0.11950511886173625,5.684341886080802e-14,-59738.82521465714,641585.6495750066,-3907.366650764491,999.8480135123033,0.0,0.0,-38591.0875689505,-74118.38927310646
2025-08-11,2296.8563423718374,2942.222222222231,205115.0679939866,149.1215387158121,90,443,0.31759838888888886,0.16977220212502353,5.684341886080802e-14,74453.49741550228,645133.2857336454,-845.1850479759805,3142.041390347818,0.0,0.03333333333333333,-49131.03219484063,-100409.79919333727
2025-08-12,-6289.801452407245,-7185.222222222221,200616.11452014602,145.74954646137707,90,442,0.31098394444444444,0.15372507182794953,0.0,-127392.87252436246,631476.9460513571,5471.660216175385,-11761.46166858263,0.0,0.022222222222222223,-56589.57962890512,-106743.60825894163
2025-08-13,-1913.8250978220942,5698.837209302324,179025.21149930276,187.33648044028368,86,424,0.32158488372093025,0.15516845368267726,8.526512829121202e-14,23267.403081052562,654850.9619872457,3849.7682836303693,-5763.593381452465,0.0,0.011627906976744186,-46857.46445308807,-91613.76732791375
2025-08-14,2266.9193852263247,2198.369565217388,168936.03199816163,177.15798416866988,92,456,0.3168066847826087,0.13357009839599238,2.842170943040401e-14,122735.29997875134,644589.8057673477,3447.024278150602,-1180.1048929242784,0.0,0.010869565217391304,-40144.24659848275,-82378.25459802317
2025-08-15,-4881.273685614701,-14159.090909090897,122309.41060311999,173.72687157542782,88,436,0.3243375,0.12174896439393744,-5.684341886080802e-14,28562.1190375387,659189.6923490689,-11947.768043456548,7066.494357841846,0.0,0.0,-35632.353207970125,-66209.70585875012
2025-08-18,7462.199045943057,5696.1458333333285,144398.39838556678,162.5569011324572,96,473,0.31337255208333337,0.09176984486046343,-5.684341886080802e-14,-50089.64748834967,636178.5574550505,11296.741992715306,-3834.542946772248,0.0,0.0,-28799.957451581096,-64899.55704797278
2025-08-19,8766.88595831851,13640.217391304343,122804.58441771583,161.53832608561626,92,456,0.332604347826087,0.1043655573257872,2.842170943040401e-14,-43698.6028843049,672476.5640824618,-3037.797563756142,11804.683522074653,0.0,0.0,-22095.798472196067,-52796.94457662502
2025-08-20,2899.8235018569558,-1176.0869565217401,123658.3323496233,169.56995670966487,92,458,0.3101945652173913,0.11445419226205975,1.4210854715202004e-13,-204951.35256752587,630750.3350884485,9013.682994266852,-6113.859492409895,0.0,0.0,-28184.329542258532,-59098.912629664366
2025-08-21,6547.275578068738,9868.085106382976,159428.7950857784,206.09013207796085,94,466,0.32149734042553196,0.10014491820721984,-5.684341886080802e-14,-151995.2585566231,656696.28056666,-1068.04380388437,7615.319381953107,0.0,0.0,-33516.01332545382,-73373.21209689842
2025-08-22,5897.058422144038,-4099.0909090909045,133122.3295824758,175.2697928181855,88,436,0.3096616477272727,0.14002368247696925,-5.684341886080802e-14,27830.509002336483,629456.2492690041,371.843951011994,5525.214471132043,0.0,0.0,-27558.793766293096,-60839.37616191205
2025-08-25,7363.665222553536,1907.6086956521751,179217.34098358732,219.18576336983912,92,454,0.30921576086956526,0.13510331249585608,-1.1368683772161603e-13,2000.795241758341,632559.7864228957,-119.71072630417817,7483.375948857714,0.0,0.021739130434782608,-37659.85578671313,-82464.19103260996
2025-08-26,4604.989749617584,1069.3181818181815,197860.87144827322,221.14720198543492,88,435,0.32057386363636364,0.14010722108659318,-8.526512829121202e-14,183409.07508425988,656740.2184081177,14.84834655515192,4590.141403062431,0.0,0.0,-45081.375314436154,-94546.59317650447
2025-08-27,-1127.0437970530093,16660.930232558134,181063.40970775415,215.73747204025693,86,429,0.32144523255813956,0.15335044878795764,-2.842170943040401e-14,155002.20839893032,656433.2819506368,-11631.202151319832,10504.158354266823,0.0,0.023255813953488372,-46608.63369603181,-91874.48612297034
2025-08-28,-2035.275964577004,12419.111111111106,163052.5300229444,231.94208900620578,90,449,0.29812944444444445,0.13983207234531048,-2.842170943040401e-14,251964.0449505624,610678.890624649,-1298.1279260139124,-737.1480385630919,0.0,0.0,-43030.35055931931,-83793.4830650554
2025-08-29,-1139.0549817734861,-12157.499999999996,144175.01703555658,223.03066843596525,92,454,0.3031950543478261,0.13214183538764415,-1.1368683772161603e-13,-306359.5659988641,622752.8784385006,3671.413973556893,-4810.468955330379,0.0,0.0,-37405.8399090986,-73449.59416798774
2025-09-02,-1660.73104879899,1822.8260869565127,191394.37256965807,177.08234100814977,92,455,0.31247010869565217,0.130415588495183,5.684341886080802e-14,-99299.35390016953,639919.0314128087,-673.4031976125102,-987.3278511864797,0.0,0.021739130434782608,-49686.406532221656,-97534.99967463617
2025-09-03,4024.4998869851706,6127.8409090909145,160450.05791842216,167.00354533484264,88,437,0.3205855113636364,0.13346696781482909,2.2737367544323206e-13,143265.62032807624,654893.4339708098,-5782.015002082574,9806.514889067745,0.0,0.0,-36255.01813795521,-76367.53261756075
2025-09-04,-13751.14184070815,-1185.5555555555356,191155.33270343783,157.56255158383925,90,450,0.32750666666666667,0.135459621343857,8.526512829121202e-14,54308.81560118646,664366.9459544291,-1200.8215489172735,-12550.320291790877,0.0,0.011111111111111112,-61697.53756815145,-109486.3707440109
2025-09-05,2363.662242134787,-1822.2093023255713,149523.74475460825,163.09530332047632,86,424,0.32422563953488376,0.13711627086991449,-1.4210854715202004e-13,-21769.655602324172,660197.0964719381,-8938.34877143142,11302.011013566205,0.0,0.0,-35180.36924983776,-72561.30543848981
2025-09-08,4699.009726532325,615.6521739130508,180870.7091113667,159.741133550306,92,457,0.3142192934782609,0.1251033575190573,-2.842170943040401e-14,-6885.1409054865835,639434.9896744912,4158.736661189695,540.2730653426296,0.0,0.0,-40678.408684859656,-85896.08596270134
2025-09-09,-11895.213983610947,4970.340909090905,181406.90724268855,155.66157845778574,88,439,0.32145795454545456,0.13718469671364428,0.0,46339.723456997024,654054.206127737,11221.852643352962,-23117.066626963908,0.011363636363636364,0.011363636363636364,-57402.602372740876,-102754.329183413
2025-09-10,-1126.7698674509359,-3653.3333333333353,183951.3587005913,175.32960022933946,90,447,0.3286705555555556,0.1351304602387365,0.0,109821.50687222111,669715.8465212035,3690.8225044982664,-4817.592371949203,0.0,0.0,-47289.93914282811,-93277.77881797592
2025-09-11,5558.361150210513,5178.88888888889,186150.8883272166,169.18705630405586,90,442,0.31012,0.16099307995600298,-2.8421709430404007e-13,20577.295559451657,629903.9779150072,-3725.1426312830317,9283.503781493544,0.0,0.0,-41148.5479878977,-87686.27006970184
2025-09-12,-2542.724203297241,-4713.333333333337,157507.1536309698,160.474548557104,90,443,0.3219883333333333,0.13155778734467077,0.0,92717.8842479245,655066.1751284533,3869.092431078534,-6411.816634375775,0.0,0.0,-42079.9871595968,-81456.77556733925
2025-09-15,2134.8079789860853,-1078.0434782608627,166722.10046836972,183.3599435028035,92,460,0.32949728260869565,0.10513204960564224,-1.9895196601282805e-13,-16995.735358755963,674608.6491255463,3136.5079813952725,-1001.700002409187,0.0,0.0,-39729.077081609146,-81409.60219870158
2025-09-16,1754.5125511133508,664.9999999999982,142492.31276722637,215.94425424919618,88,436,0.33137397727272727,0.11231397911246223,8.526512829121202e-14,-188299.62414417087,684571.7661613422,-4617.075015299944,6371.5875664132955,0.0,0.0,-34084.509894942435,-69707.58808674903
2025-09-17,-10614.833690080026,-4574.456521739128,151210.4517968445,202.79028567815544,92,452,0.32362521739130434,0.1317187599469987,-2.8421709430404007e-13,-218271.28614426582,664860.4573163055,-708.7186052930562,-9906.115084786969,0.0,0.0,-48620.236924969315,-86422.84987418044
2025-09-18,1467.8800353628417,-272.50000000001006,147714.52021556668,195.38594950010108,92,455,0.3242592391304348,0.10222204562877703,2.842170943040401e-14,125218.64732692119,664221.3514640083,-5678.864635646942,7146.744671009784,0.0,0.0,-35656.13596802893,-72584.76602192059
2025-09-19,-3145.128274246173,-6233.66666666665,165824.97534086814,189.68951398690496,90,444,0.3228827777777778,0.12776729593100405,-2.842170943040401e-14,-332638.84619345906,658746.7701813986,-4557.323670684741,1412.1953964385684,0.0,0.011111111111111112,-44791.061623450114,-86247.30545866715
2025-09-22,-781.3767202140239,-8253.658536585353,211124.7248088124,179.82105448547844,82,403,0.33087621951219515,0.15492911180445548,1.4210854715202004e-13,-56206.77648538991,673771.6925205187,-3834.87509907982,3053.4983788657964,0.0,0.036585365853658534,-53742.378976902604,-106523.56017910571
2025-09-23,7555.626905354822,3770.9756097560867,183844.63277988273,182.51863291549176,82,409,0.33970640243902445,0.1634057826744075,-2.2737367544323206e-13,-46113.36778572063,690808.7820542958,-1522.1900716187201,9077.816976973543,0.0,0.0,-38588.04992253135,-84549.20811750204
2025-09-24,-5811.987438287361,3601.7777777777796,192630.92718712834,178.67181751498023,90,444,0.31583816666666664,0.12924742018816,5.684341886080802e-14,-45092.8107283359,643161.8286562298,6408.7662810001175,-12220.753719287479,0.0,0.011111111111111112,-54148.391052584426,-102306.12284936653
2025-09-25,10261.899760003385,5381.951219512198,140029.74333279667,213.06211762120154,82,409,0.3317859756097561,0.11379291009777805,-2.842170943040401e-14,18546.34615420435,678632.1564024314,-2857.8477325648655,13119.74749256825,0.0,0.0,-24958.598190816985,-59966.03402401615
2025-09-26,-2743.9267683150388,-5480.6818181818135,183963.17838935723,190.18880860287976,88,439,0.3076653409090909,0.1118685555595495,2.842170943040401e-14,-50992.35708310941,628187.5858968998,-2408.4143607360566,-335.5124075789821,0.0,0.011363636363636364,-48924.910174257224,-94915.70477159653
2025-09-29,15003.201785592726,15500.000000000013,171986.91695442368,126.44419077782088,42,207,0.3583309523809524,0.12123025906716975,5.684341886080802e-14,-14876.204332208094,721750.408636693,11901.512267789318,3101.6895178034083,0.0,0.0,-28119.971643791014,-71116.70088239694
2025-09-30,-20595.713787210567,-19450.00000000001,259334.1655270827,119.78080597893754,44,217,0.37644431818181817,0.1419451906260179,-1.7053025658242404e-13,-56690.54907654759,756692.8155163745,-4806.6462033008365,-15789.067583909728,0.0,0.045454545454545456,-85549.03597496018,-150382.57735673082
2025-10-01,5370.027360593954,3909.523809523791,179403.08742009845,146.61639743309442,42,209,0.37576547619047623,0.1357850497969009,-5.684341886080802e-14,17452.700908648403,756556.1925821531,-3688.936701383009,9058.964061976963,0.0,0.0,-39627.360891863755,-84478.13274688837
2025-10-02,12707.369230999877,6726.086956521732,127838.88384524867,137.72307306359542,46,221,0.3810673913043478,0.08711189928143241,1.1368683772161603e-13,80.42238585632003,766952.8671097559,2499.2418061805492,10208.127424819328,0.0,0.0,-19390.074803375886,-51349.79576468805
2025-10-03,-10174.631298083623,-18767.391304347835,124973.47859068797,128.189825483353,46,228,0.3728260869565218,0.08679629638354767,2.2737367544323206e-13,23979.481533508562,749205.6131502219,2927.301991423352,-13101.933289506975,0.0,0.0,-41546.190771238966,-72789.56041891096
2025-10-06,-5707.050228455067,-4578.260869565225,200046.03881856645,138.59117140598187,46,223,0.3841760869565217,0.12699443976082883,-1.1368683772161603e-13,-1461.2848968432008,773172.322015363,-492.1831754237271,-5214.867053031339,0.0,0.0,-55857.151104502664,-105868.66080914426
2025-10-07,2852.5977791846317,3195.6521739130344,210014.03941926212,130.25078018220282,46,221,0.37669021739130437,0.1417947805119544,-1.1368683772161603e-13,-10589.84987807633,758132.5767400576,14458.542025886856,-11605.944246702224,0.0,0.0,-49781.1628558131,-102284.67271062863
2025-10-08,-3182.105522467096,-5011.627906976761,187941.23064168775,145.20532448960512,86,429,0.3604011627906977,0.15361679196824177,2.842170943040401e-14,-42655.45573787338,729738.2538267864,-4674.609691979431,1492.5041695123348,0.0,0.0,-50312.61850737863,-97297.92616780059
2025-10-09,6989.635658187478,4714.77272727273,221011.2388848101,144.41731357127475,88,438,0.36873863636363635,0.11600262529536552,5.115907697472721e-13,29036.388508672582,745555.3242945615,27814.64702812037,-20825.01136993289,0.0,0.0,-48407.59137658632,-103660.40109778885
2025-10-10,5613.611499508918,-490.69767441860813,255098.38342726536,146.6272707633314,86,421,0.3816029069767442,0.1692899824762162,0.0,-56840.45764755537,772265.7894944467,-7780.158097410853,13393.76959691977,0.0,0.0,-58307.61162807076,-122082.2074848871
2025-10-13,-14706.742785688439,-19130.23255813954,402590.0698155882,181.47904711532092,86,426,0.362768023255814,0.2097960371078038,1.4210854715202004e-13,107100.57794708095,743066.295231697,-646.8531731933824,-14059.889612495057,0.0,0.011627906976744186,-115535.7392867008,-216183.25674059783
2025-10-14,3365.3479303453973,9186.999999999996,350610.5673753545,193.80237101640827,80,393,0.375494625,0.2467193869017233,-1.7053025658242404e-13,143081.4188806522,769783.4922520728,-2765.9293812521346,6131.2773115975315,0.0,0.0,-84481.09628450965,-172133.73812834828
2025-10-15,-20170.36482294809,-20297.727272727276,355832.0919946798,164.8260373741085,88,432,0.35750625,0.21472595993539778,1.4210854715202004e-13,136616.09762077592,729429.990115635,19355.948506997902,-39526.313329945995,0.0,0.0,-109293.21385899215,-198251.23685766212
2025-10-16,-3316.7464276434707,-3513.749999999997,249232.23756502697,147.45169807126683,80,396,0.39215062500000003,0.16667710665290608,-5.684341886080802e-14,-24746.911903896158,791622.75731279,-27252.337306385904,23935.59087874243,0.0,0.0,-65772.25751697148,-128080.31690822823
2025-10-17,11157.821699685725,9326.744186046511,272144.93110324466,149.5793823921175,86,422,0.3490418604651163,0.1681855975230035,-1.4210854715202004e-13,81.07688714949109,706789.1856598732,-18695.198568641947,29853.020268327673,0.0,0.0,-57027.99045851756,-125064.22323432872
2025-10-20,3030.7650662639926,2898.8372093023218,270498.420868226,176.60093390021993,86,428,0.349446511627907,0.19266140104589988,1.7053025658242404e-13,-40755.75394384301,709389.2203280107,4729.418316223675,-1698.6532499596824,0.0,0.0,-64770.44108469272,-132395.04630174921
2025-10-21,-6981.607978053893,3739.4318181818226,303948.3320252868,200.34540327715368,88,435,0.34811363636363635,0.19754597824432948,-1.1368683772161603e-13,63222.61941697161,716846.9231057443,4407.731308637568,-11389.339286691462,0.0,0.0,-83169.03638765276,-159156.11939397443
2025-10-22,3472.650663399488,5886.363636363639,237851.098893286,210.24255602126811,88,432,0.3464880681818182,0.17463820738561908,1.1368683772161603e-13,323338.8534899718,706794.1317665577,-1104.5796978697365,4577.230361269225,0.0,0.011363636363636364,-56200.366615943276,-115663.14133926478
2025-10-23,-3312.450931075675,-3001.1627906976764,258678.82495257581,177.49757889837784,86,422,0.34490872093023256,0.171326255110033,-2.842170943040401e-14,-48495.766744147935,701293.3868402813,-10453.605453083977,7141.154522008302,0.0,0.0,-68159.654748118,-132829.36098626198
2025-10-24,14702.662945021497,10138.214285714288,216972.67142783813,166.20875027084904,84,419,0.3351155357142857,0.1696477380144247,8.526512829121202e-14,43937.03538794078,679695.5371583132,-3530.3091292615172,18232.972074283014,0.0,0.0,-39706.71366220888,-93949.88151916841
2025-10-27,19096.724823085995,12752.88888888889,400163.7668553338,224.4330829644245,90,445,0.3518391111111111,0.20609310404543646,5.684341886080802e-14,111301.73712879272,720232.8383659385,17772.576466861807,1324.1483562241874,0.0,0.022222222222222223,-81168.64997371189,-181209.59168754533
2025-10-28,-5292.749489188608,15707.692307692303,391919.0221992412,193.3697481253138,78,390,0.3224076923076923,0.24296518810951936,0.0,170422.5193899027,656063.783331737,13754.025393039416,-19046.774882228026,0.0,0.01282051282051282,-103465.87478712422,-201445.63033693453
2025-10-29,12377.804820272111,11165.714285714294,334909.4061709518,157.5440760676627,70,345,0.3517557142857143,0.2749585317441094,0.0,-38114.631165338295,711742.6568790746,-1682.6109229169122,14060.415743189023,0.0,0.0,-71507.09079853349,-155234.44234127144
2025-10-30,27522.58728005636,32383.83720930233,282721.0326273711,162.25835215646543,86,425,0.3337795348837209,0.18824537269908764,0.0,33477.92786945918,676078.5826806454,8018.428245216806,19504.159034839555,0.0,0.0,-43319.92922894288,-114000.18738578566
2025-10-31,-13411.177952459524,-27527.093023255813,324609.7814619688,186.5358307414149,86,425,0.33862261627906975,0.20336196616749774,2.5579538487363607e-13,-28624.18787018164,690581.8159951557,-3730.846802609757,-9680.331149849768,0.0,0.023255813953488372,-94750.15914869313,-175902.60451418534
2025-11-03,-383.5823982265274,-1105.882352941169,349440.3400207147,129.51769105109736,34,165,0.3640044117647059,0.2706825736514692,0.0,-13441.70357304469,732310.9893936215,5985.5451463006275,-6369.127544527155,0.0,0.0,-87873.18509445629,-175233.27009963494
2025-11-04,-7030.18761202319,-1192.10526315789,360447.1073739967,134.99299598160547,38,190,0.3376763157894737,0.23219869706661503,0.0,132688.57915327032,680770.2967729996,-6589.139520968324,-441.0480910548663,0.0,0.0,-97276.95745150397,-187388.73429500312
2025-11-05,-5901.755615616185,-5199.999999999989,329001.51161204075,143.3704962270066,76,377,0.3445078947368421,0.26073377491197064,0.0,36978.36823163335,697646.2079946845,4643.5969791076295,-10545.352594723814,0.0,0.0,-88295.50401485339,-170545.88191786356
2025-11-06,4923.2177372348115,7828.333333333318,269672.71915473265,152.10076348298176,84,415,0.3266517261904762,0.20205350909888387,-5.684341886080802e-14,48340.31294727836,661549.9748827338,-4902.529757966346,9825.747495201158,0.0,0.011904761904761904,-62647.062814931334,-130065.2426036145
2025-11-07,1489.4449870813633,-8702.27272727272,223647.88121247044,145.47818777935834,88,440,0.34299261363636363,0.15833161060317377,-1.1368683772161603e-13,5959.820884669931,692263.0384631016,-9035.239029587226,10524.684016668589,0.0,0.0,-54568.003503815606,-110479.97380693321
2025-11-10,13415.3585158939,7252.500000000006,341910.14390962524,139.41681331240702,80,397,0.359093125,0.22967203278577042,-8.526512829121202e-14,32504.172029705594,725438.8041516463,7443.536206548148,5971.822309345753,0.0,0.0,-72201.59427482482,-157679.13025223115
2025-11-11,3659.783234063711,556.24999999999,311499.7113848795,140.78315754041554,80,391,0.34384125,0.22530145114470548,5.684341886080802e-14,-81403.37923641215,694595.0328741019,-3536.4248761800554,7196.208110243766,0.0,0.0,-74355.92776969657,-152230.85561591646
2025-11-12,-5991.731882745664,-3032.0512820512704,233981.70813777682,156.0489777667535,78,390,0.3338147435897436,0.18712297070316491,0.0,-19831.245029096288,677517.4974687453,6581.684364915172,-12573.416247660836,0.0,0.0,-64643.20789495662,-123138.63492940083
2025-11-13,-937.3521825438343,-3699.9999999999945,213880.5561672855,151.13863433916174,88,437,0.34770568181818184,0.14608511540401367,1.1368683772161603e-13,-111597.2742821709,703322.3042737062,-12110.982440129288,11173.630257585453,0.0,0.011363636363636364,-54558.62985870438,-108028.76890052576
2025-11-14,-8898.77036677232,-16338.095238095251,273472.34305237245,147.30095759134537,84,413,0.35774285714285714,0.16901503314799549,1.1368683772161603e-13,-117967.0996047354,723327.0834358293,2515.8703267427054,-11414.640693515026,0.0,0.0,-77414.15708745678,-145782.24285054987
2025-11-17,-7353.606780736365,-8760.714285714283,204271.1306060458,172.3824896948676,84,418,0.36633392857142855,0.1637366574007508,8.526512829121202e-14,102.63459683281508,745089.3311241044,-3934.265826987296,-3419.3409537490693,0.0,0.0,-58593.77192194268,-109661.55457345414
2025-11-18,8280.096134645499,4259.9999999999945,263985.4349146641,187.7609462960304,90,447,0.38231,0.15822275555642568,-2.842170943040401e-14,-52821.5078266158,778190.4090702417,4098.65822927027,4181.437905375229,0.0,0.0,-57904.02354031655,-123900.38226898256
2025-11-19,-4114.082768918017,-4684.883720930246,230648.86512082812,182.44113468890524,86,425,0.3932848837209303,0.1489442055883901,-1.1368683772161603e-13,45540.397304679645,799896.3642300459,6532.685891853656,-10646.768660771673,0.0,0.0,-61958.74018381395,-119620.95646402099
2025-11-20,10174.327367764501,6053.488372093033,252579.14276007004,174.74515128744798,86,429,0.40294418604651167,0.17467459054785417,5.684341886080802e-14,-78630.56932945855,819136.3542421217,-2519.5030406065807,12693.830408371083,0.0,0.0,-53145.20347354045,-116289.98916355797
2025-11-21,-10655.45910495049,-11711.363636363643,256008.65795262958,199.54464196670259,88,439,0.3672323863636364,0.1592755743742459,1.9895196601282805e-13,-189940.36889060275,749304.1114341323,-28324.359613741784,17668.900508791296,0.0,0.011363636363636364,-74857.16823507458,-138859.332723232
2025-11-24,6672.252544161637,11805.263157894731,329530.57663721935,228.60750321504054,76,373,0.3571526315789474,0.25884293959684684,0.0,22266.863107507004,733056.9343989651,2569.7226253380895,4102.529918823548,0.0,0.013157894736842105,-75938.99911835825,-158321.6432776631
2025-11-25,7532.002018224694,9786.666666666666,334028.3902623772,221.4579957607168,90,447,0.3405605555555556,0.20507261793119286,8.526512829121202e-14,-230287.41917741977,700416.5036989214,-11488.251986730334,19020.25400495503,0.0,0.0,-76196.55354313033,-159703.65110872465
2025-11-26,8544.727988347555,1152.4999999999923,247880.96173284607,166.2428780364933,80,391,0.34258937500000003,0.22271820116388122,1.1368683772161603e-13,-123620.69753818723,695290.3453946898,-12342.006432228316,20886.73442057587,0.0,0.0,-53591.755322900455,-115561.99575611197
2025-11-28,7003.771886856766,-11588.372093023252,242968.25651237642,236.9768892657417,86,425,0.3358156976744186,0.1723794939449057,-1.7053025658242404e-13,41775.748412588204,688460.9793567575,3048.688047507564,3955.083839349202,0.0,0.0,-53975.26913050308,-114717.3332585972
2025-12-01,-14863.697939074116,-19480.555555555555,267605.1753851142,119.89427222637609,36,179,0.3798152777777778,0.20584329085704478,0.0,-89470.28242593481,764239.2189797768,-10947.95109128159,-3915.7468477925268,0.0,0.0,-81884.88605757905,-148786.17990385758
2025-12-02,19600.54769593207,2630.4347826087114,410727.0230464963,145.8202107844262,46,222,0.36060652173913044,0.18367966805590225,5.684341886080802e-14,56889.12738814899,727126.6454430376,16621.65802883441,2978.88966709766,0.0,0.021739130434782608,-83227.02827647644,-185908.7840381005
2025-12-03,-4362.435892627298,6202.105263157892,267267.6048498624,159.3961987110151,76,372,0.33173315789473684,0.22632116008977018,0.0,-218504.5887348459,673103.6192021345,124.8522270637001,-4487.288119690998,0.0,0.0,-71338.7333038039,-138155.6345162695
2025-12-04,1050.60277457036,7591.874999999997,197444.5494403293,171.740008694315,80,399,0.3214159375,0.18502317937059126,1.1368683772161603e-13,65581.74576033471,652965.1180093491,-202.19099787486758,1252.7937724452277,0.0,0.0,-48482.27459420628,-97843.4119542886
2025-12-05,6281.04804697826,5356.555555555559,273954.22348129546,165.4024304523316,90,449,0.3029422777777778,0.1545495970232104,-1.4210854715202004e-13,-114080.37202850732,616194.3434691479,1748.0263781791828,4533.021668799077,0.0,0.011111111111111112,-62372.910253797934,-130861.4661241218
2025-12-08,8712.960003226684,5991.666666666654,297644.7613740402,171.43918729151767,72,351,0.33794513888888894,0.23507231155741307,0.0,-74863.4375471397,687126.2268257382,6021.059662714402,2691.9003405122826,0.0,0.0,-65869.66952757488,-140280.85987108495
2025-12-09,-10682.391302320893,-13203.947368421057,286637.637081852,165.1833167614403,76,372,0.31359473684210526,0.20730201511846066,-5.684341886080802e-14,-153489.09040122924,635731.9964460743,2567.745964618467,-13250.13726693936,0.0,0.0,-82506.98388954533,-154166.39316000836
2025-12-10,7148.351539493444,10242.000000000005,231721.0282461036,168.5197263453714,80,395,0.3165159375,0.21844097145114239,-1.1368683772161603e-13,-69967.36351242005,644427.5725271805,-4598.102970806815,11746.454510300258,0.0,0.0,-50950.42524837783,-108880.68230990373
2025-12-11,-5791.586589090599,1976.3333333333308,227122.10146948468,133.86925146416112,90,441,0.30484072222222225,0.16078648126350983,1.7053025658242404e-13,-91796.18655211157,616747.1239537054,-4174.760579598059,-1616.826009492541,0.0,0.0,-62705.98120792593,-119486.5065752971
2025-12-12,8313.838501127564,7288.4615384615445,213542.64965299153,158.28751047520365,78,381,0.3023826923076923,0.1747579238984397,0.0,-27866.32361016075,614385.5789348626,-1464.0003458765138,9777.838847004079,0.01282051282051282,0.01282051282051282,-45230.111422595524,-98615.7738358434
2025-12-15,4715.166997774987,2362.7906976744102,225897.457007097,194.07332098680249,86,430,0.30386802325581397,0.18949289655148438,0.0,-55834.342342177064,623511.1584786301,-2950.669051091335,7665.836048866322,0.0,0.011627906976744186,-51953.27057498607,-108427.63482676032
2025-12-16,8807.864661061254,3292.2222222222226,194760.4152124709,211.21275364189432,90,448,0.28279166666666666,0.14925222536688615,1.7053025658242404e-13,-176568.40436544173,582440.2794432042,13998.954478685624,-5191.089817624371,0.0,0.0,-40093.45189569836,-88783.5556988161
2025-12-17,790.2161964922736,4988.372093023254,205694.47034634836,219.49405153266338,86,428,0.31072558139534884,0.17579584950148217,-1.1368683772161603e-13,91742.26363748821,640294.8544449693,-12624.415054608038,13414.631251100313,0.0,0.0,-50852.89544162748,-102276.51302821457
2025-12-18,-15506.333232969411,17174.999999999996,192885.70107016407,243.3651760725012,84,420,0.28274107142857147,0.17038268094557912,1.9895196601282805e-13,227609.97246938152,586123.6492998439,-8582.26913295994,-6924.064100009472,0.0,0.0,-63971.12367658293,-112192.54894412395
2025-12-19,-4405.046020491302,-4001.111111111104,239993.70534481443,249.00638936323952,90,445,0.25055444444444447,0.19489476187652618,-5.684341886080802e-14,-2333.5009853084193,521834.95950882044,-14295.742703284717,9890.696682793414,0.0,0.0,-64652.47874605815,-124650.90508226174
2025-12-22,644.4581059103211,-640.1470588235163,286017.4887469007,219.01187467645616,68,334,0.2624725735294118,0.28207262442983755,5.684341886080802e-14,-129147.27465003179,542994.5596911218,-3742.6533622566626,4387.111468166983,0.0,0.0,-71078.9259554913,-142583.2981422165
2025-12-23,2043.3493176038653,801.190476190472,247535.70115888567,222.66489417115093,84,415,0.27515476190476196,0.24062167815898156,0.0,-250617.62617189437,564742.845818425,-1187.8467697019632,3231.1960873058288,0.0,0.0,-60063.2408662887,-121947.16615601012
2025-12-24,-6820.262463069742,-7333.777777777778,253575.3175944852,224.73228462144684,90,445,0.27159755555555554,0.1995516880386506,0.0,32753.143829305216,559322.2789395853,-15118.6155368872,8298.35307381746,0.0,0.022222222222222223,-70438.8241463125,-133832.6535449338
2025-12-26,-3068.875864849353,-2601.8055555555657,235325.78068204445,267.83909362172795,72,352,0.2902638888888889,0.17966478433810906,0.0,-592903.5785329428,603386.4081632178,-11294.322703513551,8225.4468386642,0.0,0.013888888888888888,-62168.16012898219,-120999.60529949331
2025-12-29,-7197.369244391417,-6736.111111111097,331629.51420036814,119.6547224025633,36,176,0.3438291666666667,0.2271197340801736,-1.1368683772161603e-13,47396.476873737854,691962.9609295124,-11499.548715088891,4302.179470697474,0.0,0.0,-90224.40251688601,-173131.78106697806
2025-12-30,-4023.41747765748,-6581.25,359852.3339367648,126.84116684354686,32,153,0.3726671875,0.25282322117898165,-1.1368683772161603e-13,20349.393984501403,749922.9760802136,-3103.064568117401,-920.3529095400784,0.0,0.0,-94113.34212869222,-184076.4256128834
2025-12-31,0.0,0.0,169453.2924460013,0.0,38,183,0.3519157894736842,0.2556493742847515,-1.1368683772161603e-13,-47704.70631175341,709053.8219591783,0.0,0.0,1.0,1.0,-42363.32311150032,-84726.64622300064
