date,gross_pnl,vega_pnl,spread_cost_full,hedge_cost,positions,names_today,mean_iv,mean_relative_spread,net_vega,net_hedge_notional,gross_premium,long_pnl,short_pnl,net_pnl_25,net_pnl_50
2017-03-29,2454.2229908637014,1652.941176470591,162363.39915368712,116.3355735339937,34,168,0.24523529411764708,0.1555024297527803,0.0,-145243.57661971255,494701.2859611167,-3461.668153442879,5915.891144306581,-38252.96237109207,-78843.81215951385
2017-03-30,4049.0530669491445,4221.05263157895,202920.72118366868,101.13051934124492,38,190,0.26060263157894736,0.16475850098772596,0.0,-158131.11252173226,524458.7483486559,2480.9622229857955,1568.0908439633495,-46782.257748309275,-97512.43804422644
2017-03-31,6393.5486133471395,-1452.6315789473565,163557.76889055027,97.27317826808225,38,186,0.25220394736842106,0.17751363917244686,0.0,-16776.6867745655,508358.90972241334,-4206.751979951943,10600.300593299082,-34593.16678755851,-75482.60901019607
2017-04-03,9667.502278957389,2037.500000000006,174406.90119467513,92.50100624509986,40,193,0.2746425,0.15808332109855439,1.7053025658242404e-13,-1881.598787314746,552327.6561374858,5578.588827610489,4088.9134513469007,-34026.72402595649,-77628.44932462528
2017-04-04,1607.2962099783645,1057.4999999999902,218183.11183849207,101.52481911723984,40,196,0.267135,0.1618885807795703,-5.684341886080802e-14,71897.26002603523,537315.57843693,712.4894353307145,894.8067746476495,-53040.0065687619,-107585.78452838492
2017-04-05,8644.485857235588,5881.578947368429,183188.7507270595,109.17986039433461,38,189,0.25923289473684213,0.18123471339319605,0.0,-95750.62003911045,523044.7137911241,2794.1860942550825,5850.299762980505,-37261.88168492362,-83059.06936668849
2017-04-06,3446.1566374965423,2509.999999999998,165094.46734392378,107.37798197793808,40,195,0.26399875,0.14997034358624806,1.1368683772161603e-13,114418.08849351539,531707.0702792583,1265.4665267969044,2180.6901106996384,-37934.83818046234,-79208.45501644329
2017-04-07,1148.1445702063738,-4062.499999999979,169346.86952548783,119.37489427135657,40,196,0.28160625,0.15228869887888222,-5.684341886080802e-14,-144089.25052136954,569458.7047755158,-6893.50659363398,8041.651163840354,-41307.94770543694,-83644.66508680889
2017-04-10,-3885.380989509834,-5059.999999999982,181097.26372634838,111.46723745686009,40,200,0.26399625000000004,0.16255129913457597,0.0,-57362.3507459251,533633.5728751352,6301.572268192128,-10186.953257701962,-49271.16415855379,-94545.48009014089
2017-04-11,3331.796085028292,4887.179487179484,172891.00514761417,132.6781661205943,78,383,0.25273525641025646,0.161262258186398,0.0,-114015.84060097861,512389.7561420169,1575.9722808347665,1755.8238041935253,-40023.63336799585,-83246.38465489938
2017-04-12,4836.815884438779,7173.809523809523,163830.87749481137,122.85554209701577,84,418,0.24480357142857145,0.16431084410820004,-1.4210854715202004e-13,-237163.26555110997,496309.7406561814,-1126.5759749245256,5963.391859363304,-36243.75903136108,-77201.47840506393
2017-04-13,9681.658861475767,5046.428571428572,158709.50720996238,123.44411817023621,84,417,0.2406827380952381,0.16947410450733486,-2.842170943040401e-14,-186881.96690715663,487578.92406579375,-7594.625381313549,17276.284242789316,-30119.162059185062,-69796.53886167567
2017-04-17,278.2108970170167,1877.9069767441895,116365.90220703013,223.25486962341148,86,427,0.2410436046511628,0.11971855776212754,-2.842170943040401e-14,-148887.8673519696,498781.1618370759,-2027.886462658943,2306.0973596759595,-29036.51952436393,-58127.99507612146
2017-04-18,1598.9476896585932,3387.4999999999964,117705.6350457315,200.78158206529287,88,435,0.23274886363636363,0.11956289867416213,2.842170943040401e-14,-280425.18688650144,478255.9773338069,-2431.396549887689,4030.3442395462826,-28028.242653839574,-57454.65141527245
2017-04-19,7258.93951406134,10846.590909090904,128908.45645480935,203.8162577679744,88,436,0.23706534090909093,0.13767863185616536,-1.4210854715202004e-13,-61860.685106837045,488847.6430889233,-971.8339412620944,8230.773455323435,-25171.99085740897,-57399.10497111131
2017-04-20,-205.74603434490842,3299.999999999999,138465.26660958264,231.47022043320942,88,438,0.24019545454545455,0.12564448568586437,1.1368683772161603e-13,-125304.141864281,495516.69022162363,1173.6059549871363,-1379.3519893320447,-35053.53290717377,-69669.84955956944
2017-04-21,7046.81984818895,6390.909090909092,159151.80965495328,242.45724029432947,88,432,0.2353846590909091,0.18141801678730185,5.684341886080802e-14,-279426.9416867362,487476.84622403386,-13404.48979750799,20451.30964569694,-32983.5898058437,-72771.54221958201
2017-04-24,6139.611766398837,3357.9545454545537,188976.3594315953,240.08915853791527,88,433,0.2298875,0.19127820707948356,-5.684341886080802e-14,-264186.488423965,477051.86015278136,2585.768575158913,3553.8431912399246,-41344.5672500379,-88588.65710793673
2017-04-25,7668.16275734984,12619.318181818178,167476.52217648624,274.6207883448543,88,431,0.22531988636363637,0.1649217078114188,1.4210854715202004e-13,-474095.5034261171,475585.19513683335,3727.9788267477015,3940.183930602139,-34475.58857511657,-76344.71911923813
2017-04-26,18036.696206826306,27523.25581395348,181227.8403338231,257.85476545207916,86,422,0.24356104651162794,0.1849625481494097,-3.410605131648481e-13,-374608.4712783506,508396.90228262305,884.3958746552668,17152.30033217104,-27528.118642081547,-72835.07872553731
2017-04-27,18149.064412027707,26756.81818181818,174071.62943957702,247.91326847050692,88,432,0.23505056818181821,0.1717326850091747,-5.684341886080802e-14,-283853.7151961061,491221.9644784394,-83.21976936078629,18232.284181388495,-25616.756216337057,-69134.66357623132
2017-04-28,-2076.154562935642,-5674.418604651166,162366.04737947352,214.57605943448053,86,425,0.23484593023255815,0.16762951210389232,5.684341886080802e-14,-180956.78882278633,482190.0469054966,-5948.497218260945,3872.3426553253025,-42882.2424672385,-83473.75431210687
2017-05-01,296.9587439161826,-3252.500000000004,140689.5469441419,90.31730110172808,40,199,0.252195,0.1609250094622679,3.410605131648481e-13,-29034.626661196802,507179.96776783234,-1810.8600665546073,2107.8188104707897,-34965.74529322102,-70138.1320292565
2017-05-02,-3926.6670088442966,-1611.3636363636388,120729.58330952232,126.06878625144279,88,432,0.23767556818181818,0.12796212025707757,-2.842170943040401e-14,42400.155672559384,481017.6689049391,3631.720579283536,-7558.387588127833,-34235.13162247632,-64417.527449856905
2017-05-03,-4007.642892262404,1320.9302325581377,128650.22582692532,147.2461018581351,86,427,0.24184127906976743,0.12715008808224146,1.1368683772161603e-13,-272023.2684704867,493111.6563965198,-645.7289494121267,-3361.9139428502776,-36317.445450851876,-68480.00190758321
2017-05-04,4984.974721459283,6932.954545454548,127322.66604919259,139.03165578497274,88,439,0.2406431818181818,0.13976721650097806,0.0,-148153.08224812138,490128.94218339224,-1013.2270036976525,5998.201725156935,-26984.723446623837,-58815.38995892198
2017-05-05,4900.281532307794,-734.0909090908993,119701.70513406137,139.42258089999802,88,434,0.23381818181818181,0.14039590051769818,-1.1368683772161603e-13,-92749.54998579966,476706.2617377744,-3600.9948339190087,8501.276366226803,-25164.567332107545,-55089.99361562289
2017-05-08,2427.3549291837508,1326.6666666666665,129290.25569167746,138.80990878063386,90,444,0.22643000000000002,0.13486895438288513,-1.1368683772161603e-13,-75121.09143776787,462149.85454889666,1143.3471871452039,1284.007742038547,-30034.018902516247,-62356.58282543562
2017-05-09,-3795.884814249584,7702.222222222225,129715.68915588586,152.4790705804768,90,445,0.2253511111111111,0.14387523813089673,8.526512829121202e-14,-71365.26457768082,460696.80819536245,1018.6838339500974,-4814.568648199682,-36377.28617380153,-68806.208462773
2017-05-10,-8210.334254326066,6537.777777777776,117687.9420540515,158.9552093180075,90,444,0.22717277777777778,0.12409776333494957,8.526512829121202e-14,-146674.9820082673,465019.1490175384,1401.2426212553985,-9611.576875581462,-37791.27497715695,-67213.26049066983
2017-05-11,-2194.4604662936918,697.7777777777815,113130.74534949704,172.59140737829173,90,442,0.22779777777777777,0.12747667506911167,-5.684341886080802e-14,-112584.28170875815,467211.52551221644,-1020.6990974430955,-1173.761368850596,-30649.738211046242,-58932.4245484205
2017-05-12,-1941.0112574571792,-7135.555555555556,102761.81105071743,151.51229989430192,90,444,0.22364166666666666,0.11877709275986982,1.1368683772161603e-13,-6735.590879721185,457333.72826722515,-6193.536220444142,4252.524962986962,-27782.976320030837,-53473.429082710194
2017-05-15,737.6740379927007,2447.777777777781,97942.47614347533,276.11889404965723,90,441,0.22530944444444445,0.10169580885043462,-1.4210854715202004e-13,58087.531862987,476278.4110716345,-105.76989497294593,843.4439329656468,-24024.06389192579,-48509.68292779462
2017-05-16,21922.00910109367,11819.318181818178,120322.2658882444,242.90308526320086,88,439,0.23588295454545455,0.1024557649792682,-5.684341886080802e-14,-95625.63915024133,495678.79571445234,37604.75719876394,-15682.748097670268,-8401.460456230629,-38482.02692829173
2017-05-17,5754.204448860106,8909.090909090912,144596.16098173577,275.83214392527987,88,440,0.2529789772727273,0.15824555110675784,-8.526512829121202e-14,-503638.98949390935,534826.3194883144,389.26390008954826,5364.940548770557,-30670.667940499116,-66819.70818593305
2017-05-18,9983.129198269367,16652.222222222223,136762.76421939206,261.9936937447869,90,443,0.2412177777777778,0.13781101972787,-2.842170943040401e-14,-323891.52495872945,504086.4248296545,-1359.3411416525266,11342.470339921894,-24469.555550323435,-58660.24660517145
2017-05-19,3799.4951507695187,-2182.222222222223,119054.19970655772,245.71520715603964,90,442,0.23709500000000003,0.1347108714683058,5.684341886080802e-14,-148917.0677184693,493217.6683675476,-7966.045373200317,11765.540523969836,-26209.76998302595,-55973.319909665384
2017-05-22,-415.9902345199154,6409.090909090915,133405.69719432679,272.478315234762,88,438,0.2274352272727273,0.1456458566225437,-5.684341886080802e-14,-645610.5511697805,476300.5530334683,2424.166677336036,-2840.156911855952,-34039.89284833637,-67391.31714691808
2017-05-23,-6641.013406066354,526.1363636363574,158961.81619997602,275.07749765597964,88,439,0.22985454545454545,0.1621749304591501,-1.7053025658242404e-13,-362755.5017905299,482615.3816847697,-1139.7555247021644,-5501.257881364189,-46656.54495371634,-86396.99900371034
2017-05-24,62.50725714682248,12818.181818181816,176887.5914294397,282.6221346338996,88,434,0.2309659090909091,0.16124773901356806,-1.4210854715202004e-13,-316109.1144307115,487303.79586866417,-229.21069134630503,291.7179484931264,-44442.012734847005,-88663.91059220693
2017-05-25,3459.965493741119,3587.499999999996,166251.39660073793,379.58656037530494,88,438,0.2090960227272727,0.1682210924199391,1.7053025658242404e-13,-653700.5729444297,454861.9609389778,-614.3458031755976,4074.311296916717,-38482.47021681867,-80045.31936700315
2017-05-26,1221.852177664835,-5969.047619047623,136994.06895396824,98.40811105711376,42,203,0.22773214285714286,0.155061137380475,-1.1368683772161603e-13,-26805.778791841265,459419.23546808236,-3083.463818000068,4305.315995664902,-33125.07317188434,-67373.59041037639
2017-05-30,12116.762837294653,7514.285714285725,149427.52428180908,85.54410615104351,42,203,0.23208333333333334,0.14429676883546766,-1.7053025658242404e-13,22159.10976487337,466974.8033656454,9961.38332045526,2155.3795168393945,-25325.66233930866,-62682.54340976093
2017-05-31,4912.6426381726305,6657.142857142851,135063.198058008,93.27213496487394,42,202,0.23971071428571428,0.1584292035004148,2.8421709430404007e-13,122456.34781345975,482533.0087946701,-286.77517276452437,5199.417810937155,-28946.429011294247,-62712.22852579624
2017-06-01,-1007.285457037278,6745.23809523809,122915.55354195362,104.27752491154251,42,203,0.23044642857142858,0.14794175983340116,1.7053025658242404e-13,-61124.82354287117,464552.2454430558,-2040.0120911497697,1032.7266341124916,-31840.451367437225,-62569.33975292563
2017-06-02,6992.134355747143,-185.71428571427595,104861.59029421792,118.199332436719,42,203,0.2288619047619048,0.12932526710163,-2.2737367544323206e-13,-89098.77616864807,461223.5110622609,-1644.2866114878416,8636.420967234984,-19341.462550244058,-45556.86012379854
2017-06-05,13814.367395623021,8045.2380952380945,127313.46271412107,82.89407912173051,42,203,0.23467261904761907,0.1327873994984047,1.7053025658242404e-13,-20233.34723347913,471988.50998637924,10894.97939150711,2919.3880041159114,-18096.89236202898,-49925.258040559245
2017-06-06,-2491.2444459849335,-2589.7727272727307,114316.0920571424,195.78786831534768,88,439,0.2069778409090909,0.12959347105373434,5.684341886080802e-14,-23779.049472108738,431664.09216616483,-1171.028508950978,-1320.2159370339557,-31266.05532858588,-59845.078342871486
2017-06-07,2926.160926349759,2381.8181818181856,119101.0035675059,230.28573473525879,88,437,0.2145852272727273,0.13579387381741798,-2.842170943040401e-14,-42176.89297105201,455496.92999432306,1852.2764123120023,1073.8845140377566,-27079.375700261975,-56854.626592138455
2017-06-08,-7447.159157089141,-3270.4545454545478,138556.66200363805,214.7675543193918,88,438,0.22614659090909092,0.14133641036041847,-2.842170943040401e-14,-327664.493108003,474731.4542815051,4751.673650112303,-12198.832807201443,-42301.09221231804,-76940.25771322756
2017-06-09,6243.05652780093,1996.590909090913,130099.19596842988,197.26893992266014,88,431,0.21734431818181818,0.15687342189230477,2.842170943040401e-14,-145437.7474955897,451865.5973829418,3478.499215239946,2764.5573125609844,-26479.011404229197,-59003.81039633667
2017-06-12,6067.945552816947,4596.59090909091,124450.06474369543,174.88343285269272,88,439,0.22492727272727275,0.13798100559585333,2.5579538487363607e-13,-214278.48032740454,461926.84034395043,-2773.738722252815,8841.684275069763,-25219.454065959602,-56331.97025188346
2017-06-13,12360.027280253897,11818.888888888894,154322.5139620631,209.46138823469016,90,443,0.23324666666666666,0.1527823881317684,-8.526512829121202e-14,-653200.8459830653,487162.21572447085,8956.386510028964,3403.640770224933,-26430.062598496566,-65010.69108901234
2017-06-14,2957.099599607681,402.27272727273294,132638.7779458461,221.46502404318042,88,436,0.22728295454545455,0.1563016390357601,0.0,-273998.78659677145,472822.05661609006,880.6255358799746,2076.4740637277064,-30424.05991089702,-63583.75439735854
2017-06-15,-963.759025900771,1460.2272727272805,130641.68237980483,246.90420911413014,88,436,0.2260630681818182,0.13180171957054063,5.684341886080802e-14,-344475.883983093,474396.95076322946,2690.7984477902264,-3654.557473690997,-33871.08382996611,-66531.50442491732
2017-06-16,8554.23114204825,5315.90909090909,122725.15074301392,262.29594218426143,88,435,0.21436818181818182,0.15180025181717038,-8.526512829121202e-14,-316372.140907032,452596.51865295187,-4507.976136204728,13062.207278252978,-22389.35248588949,-53070.64017164297
2017-06-19,1113.1735641516593,480.6818181818253,105877.75584619654,214.33666901368096,88,436,0.21744602272727273,0.12197612784788614,-8.526512829121202e-14,-517199.04879509,450847.4061855587,7505.6312132779485,-6392.45764912629,-25570.602066411157,-52040.041027960295
2017-06-20,6861.684850203145,5821.111111111116,113764.43696625782,199.27988385837713,90,441,0.220245,0.12554304209058847,5.684341886080802e-14,-333750.52932702424,456519.63431027875,4745.489147510398,2116.1957026927485,-21778.704275219687,-50219.81351678415
2017-06-21,6590.004392627109,9079.545454545452,123447.31549626245,230.69203138834533,88,440,0.22476477272727277,0.13549224057160936,-2.842170943040401e-14,-561319.5715547596,472056.8955612229,4317.319951016832,2272.6844416102767,-24502.51651282685,-55364.34538689246
2017-06-22,-59.42753467620121,8493.181818181822,139326.08227019815,247.40426239596326,88,440,0.22627954545454546,0.14295609686013064,-5.684341886080802e-14,-804616.0365127093,478340.65305963537,-1455.6184801091954,1396.1909454329934,-35138.3523646217,-69969.87293217125
2017-06-23,9549.931168622199,806.8181818181818,125199.82793750013,237.80222719119894,88,437,0.23105454545454548,0.14247937797756852,8.526512829121202e-14,-525313.9396563704,479523.7105321728,3789.1634340176456,5760.767734604553,-21987.82804294403,-53287.78502731906
2017-06-26,5456.959228784308,3218.1818181818094,132276.5038539296,223.06279480630442,88,433,0.22923125000000003,0.14001282544878485,1.7053025658242404e-13,-526232.2202952083,473078.22469291644,7900.215405696047,-2443.256176911739,-27835.2295295044,-60904.3554929868
2017-06-27,13087.30494862375,7512.499999999997,151230.82768481766,296.78334958284063,88,433,0.24209318181818185,0.16248208238039974,-2.842170943040401e-14,-544745.1374677586,509704.43475080817,5239.570526046274,7847.734422577477,-25017.185322163506,-62824.89224336792
2017-06-28,5211.7862041245835,9746.590909090914,172622.36886752478,281.99260903722006,88,435,0.23970284090909091,0.14621055989163212,-2.842170943040401e-14,-575525.706355456,505208.171888705,11416.05689749181,-6204.270693367226,-38225.79862179383,-81381.39083867503
2017-06-29,345.4429535184071,3329.545454545447,182798.3894352887,335.4489466902705,88,434,0.23692443181818182,0.17474148254713304,2.842170943040401e-14,-1196114.3181791287,510900.3671811005,-2591.8648294763993,2937.307782994807,-45689.60335199403,-91389.20071081622
2017-06-30,4530.932635439943,3512.790697674416,198402.70940898985,321.97680722638347,86,427,0.2373761627906977,0.20054059606085475,-2.842170943040401e-14,-431076.12707432685,506320.0289777042,2598.7424816123585,1932.1901538275847,-45391.7215240339,-94992.39887628137
2017-07-03,3531.067260921247,4052.3809523809578,158042.57650329286,114.94574489870784,42,203,0.266075,0.15754947953722218,5.684341886080802e-14,-129755.93625944642,536978.8936032092,2305.5013017022,1225.5659592190466,-36094.522609800675,-75605.16673562389
2017-07-05,8665.612785681562,2201.136363636356,169764.27252524573,143.7527115678118,88,438,0.2808625,0.13598936086895197,-5.684341886080802e-14,-176826.74510124922,575122.7746656382,11801.53349658226,-3135.9207109006993,-33919.208057197684,-76360.27618850912
2017-07-06,3957.234907419472,1914.7727272727343,177096.43484115286,157.95346653705192,88,439,0.2835846590909091,0.159487705530982,5.684341886080802e-14,-367434.7912626646,581461.8933196751,-2754.4818580027218,6711.716765422194,-40474.827269405796,-84748.935979694
2017-07-07,14067.760792715717,3904.545454545451,164032.24011470616,146.74705699827734,88,439,0.2689465909090909,0.1431471648518192,-2.842170943040401e-14,-210025.97440706988,548805.6746959394,6294.211822346414,7773.548970369303,-27087.0462929591,-68095.10632163564
2017-07-10,3956.5732832523267,1819.3181818181888,141750.93847111703,194.56528749636792,88,440,0.2723852272727273,0.13509483985430712,-2.842170943040401e-14,-330224.967006923,562902.2797508851,-325.0079654275498,4281.581248679877,-31675.726622023296,-67113.46123980256
2017-07-11,3323.4785585646932,853.3333333333333,139377.41914084496,151.89745672953788,90,446,0.2782455555555556,0.120643380600132,0.0,-216159.51130279634,567673.2343157606,-743.8423223543973,4067.32088091909,-31672.773683376083,-66517.12846858733
2017-07-12,8596.181030566526,6192.22222222222,161738.61505873394,166.62696697003653,90,443,0.27910833333333335,0.12952601744489783,2.5579538487363607e-13,-101924.99808800853,569203.560398892,4228.24971828565,4367.931312280876,-32005.099701086994,-72439.75346577048
2017-07-13,7403.903995412109,3696.6666666666747,143288.6031353534,171.6616508840645,90,441,0.2628888888888889,0.14775140832779288,1.9895196601282805e-13,-67195.60660952597,538738.6432017954,-1403.293709541677,8807.197704953785,-28589.9084393103,-64412.05922314865
2017-07-14,1822.7904285644815,-6292.222222222229,135367.38646618396,174.41604581098002,90,446,0.26915611111111115,0.1371572201701958,1.1368683772161603e-13,-207871.66960294003,550586.2662930487,-4310.218441816535,6133.008870381017,-32193.47223379249,-66035.31885033849
2017-07-17,844.0101614982702,114.44444444444099,98758.90017116831,244.06711853130682,90,445,0.2658961111111111,0.09604122910229328,2.2737367544323206e-13,-180729.17753658904,552181.0675055762,-3218.8205455954235,4062.830707093694,-24089.781999825114,-48779.50704261719
2017-07-18,-8241.078554909853,2243.3333333333308,105305.16194355348,246.73772221152856,90,446,0.257025,0.09730461848353023,0.0,14028.697857111156,533037.4644564249,-1834.5395962143857,-6406.538958695466,-34814.10676300975,-61140.39724889812
2017-07-19,2328.41772390475,7084.4444444444425,109806.51600131196,268.24968901240936,90,445,0.24001166666666668,0.11512933346136306,1.4210854715202004e-13,-191027.45821443986,503360.90693304146,2726.4085434373437,-397.9908195325942,-25391.46096543565,-52843.08996576364
2017-07-20,6787.02000503541,7811.111111111114,114688.99836657217,291.0047515937796,90,446,0.2558811111111111,0.11131550328794754,5.684341886080802e-14,-400803.24946848315,538805.6050070233,-4159.419745574218,10946.439750609628,-22176.23433820141,-50848.48392984445
2017-07-21,3171.3158758154227,-6261.111111111114,109726.73433612853,323.897075270867,90,444,0.24369722222222226,0.10995599349615684,2.5579538487363607e-13,-152795.8498219836,517020.63137308735,-1504.8153454395754,4676.131221254997,-24584.264783487575,-52015.94836751971
2017-07-24,7298.475966271207,10925.555555555544,142259.7220832107,265.7478148176873,90,444,0.24193777777777778,0.13810775223478572,-2.8421709430404007e-13,-146452.70299991273,510447.28507585614,6956.111822464703,342.36414380650376,-28532.20236934916,-64097.132890151835
2017-07-25,10912.465953296052,12176.136363636366,168652.99379996964,302.52871404846894,88,439,0.2456846590909091,0.14221343082113116,-1.9895196601282805e-13,-626307.0303446216,523627.58456427476,4950.240820777,5962.225132519052,-31553.31121074483,-73716.55966073724
2017-07-26,8834.326946002422,25394.186046511626,160085.92412408467,259.73435833815887,86,426,0.24331511627906977,0.15345924924288992,-2.8421709430404007e-13,-351320.3713837602,508883.77793918137,2061.9844637773726,6772.34248222505,-31446.888443356904,-71468.36947437808
2017-07-27,3530.5465016168614,11979.069767441864,175985.74111496066,277.72236887739757,86,424,0.25110872093023257,0.17490277790461203,1.9895196601282805e-13,-154109.09491997783,525765.4079078729,-3066.89572424633,6597.442225863191,-40743.6111460007,-84740.04642474087
2017-07-28,-11421.195188585581,-13596.51162790697,173614.47949411487,351.00772929099423,86,428,0.24382151162790697,0.1658053320854914,-2.842170943040401e-14,-673707.9938909803,522338.4450341087,-4991.386080606982,-6429.8091079786,-55175.82279140529,-98579.44266493402
2017-07-31,6097.1137908019045,22135.000000000004,164098.15095517354,96.34991776307395,40,200,0.26949875,0.1482862610902622,-1.1368683772161603e-13,-6685.3513175778535,541940.8793476302,-1783.0128163202678,7880.126607122173,-35023.773865754556,-76048.31160454794
2017-08-01,-2977.9940170623563,7960.227272727266,127613.44237249404,157.9927940173598,88,437,0.2374625,0.1377796861592102,2.842170943040401e-14,-161006.49475858812,485583.8805448465,1160.178311877397,-4138.172328939753,-35039.347404203225,-66942.70799732674
2017-08-02,-3380.607336016571,1312.5000000000023,150128.5016009191,164.76403291340912,88,439,0.24028579545454545,0.14783987450164024,2.842170943040401e-14,-275561.8421785245,494376.2523255588,-2367.898342888254,-1012.7089931283172,-41077.49676915975,-78609.62216938953
2017-08-03,6355.713513410166,7350.000000000002,136191.7055029952,168.91945483141708,88,432,0.24487215909090912,0.14258763836200658,-1.7053025658242404e-13,-37514.762070228586,502288.427264797,-64.47000223554178,6420.183515645708,-27861.13231717005,-61909.05869291885
2017-08-04,-909.6322949259721,-3920.45454545455,136519.75782142283,178.33279738904227,88,432,0.24755113636363638,0.13876487014941938,5.684341886080802e-14,-116188.1598439464,509005.87787344394,-3376.753512070925,2467.1212171449524,-35217.90454767072,-69347.84400302643
2017-08-07,1727.7078378474205,9621.590909090906,144657.7479408564,218.20459784922056,88,437,0.2477073863636364,0.13001923336107354,0.0,-153891.86075929375,517414.9948185797,3747.2298732240097,-2019.522035376589,-34654.9337452159,-70819.37073043
2017-08-08,2932.518107697141,8417.777777777783,146482.0532770161,166.08976701155098,90,441,0.2510833333333333,0.1341064094101628,1.4210854715202004e-13,-169314.34581927527,514873.5870319228,2552.2697521579703,380.2483555391709,-33854.08497856843,-70474.59829782246
2017-08-09,1171.6197385962319,3030.681818181817,149034.29504928633,192.88864693583199,88,439,0.2547346590909091,0.13507125846296872,-1.9895196601282805e-13,-72636.96808220084,523834.66888908367,19904.889948112686,-18733.270209516457,-36279.842670661186,-73538.41643298276
2017-08-10,8617.462932193735,8051.136363636364,149986.42598137303,198.36008694107764,88,439,0.25672954545454546,0.15128695658590002,-1.7053025658242404e-13,-361221.83147294924,528906.0354692426,-0.893078400471893,8618.356010594207,-29077.5036500906,-66574.11014543385
2017-08-11,3779.0101344934055,-4200.000000000004,140047.3006664577,173.09741896374203,88,436,0.2590454545454546,0.1396690136896002,0.0,-236369.9846731002,532031.3848829085,-13119.898198569845,16898.90833306325,-31405.912451084765,-66417.7376176992
2017-08-14,-16237.14551701956,-1953.409090909085,106916.10445165647,270.92353188220625,88,437,0.24288977272727275,0.1089992700639797,-2.842170943040401e-14,-142932.1504754984,516235.8915038181,112.24432563023714,-16349.389842649798,-43237.09516181588,-69966.12127473
2017-08-15,2966.2293007146545,4451.136363636364,114561.71908885188,275.8651734017107,88,440,0.24849943181818182,0.11773287181288165,5.684341886080802e-14,-203662.72008985974,526038.9233350834,-351.0365534860305,3317.265854200685,-25950.065644900027,-54590.495417113
2017-08-16,3705.8998806756763,2470.4545454545464,120662.87304178622,275.6935957313837,88,437,0.24051079545454546,0.11585128698345151,5.684341886080802e-14,-18561.100589885304,508810.5091623444,23407.31218847919,-19701.412307803515,-26735.511975502264,-56901.23023594882
2017-08-17,11892.716431128423,15143.181818181814,131012.25388643742,273.0348178587389,88,434,0.2561647727272727,0.14209486593951542,8.526512829121202e-14,-284467.5390814937,534731.9590993623,-2935.815545296673,14828.531976425096,-21133.38185833967,-53886.44532994903
2017-08-18,752.9948990082003,-2395.4545454545487,134830.9144236195,329.8103404794149,88,438,0.24200909090909092,0.14418546327127837,1.7053025658242404e-13,-712907.6429275472,518463.8341336582,-6280.807812927451,7033.802711935651,-33284.5440473761,-66992.27265328096
2017-08-21,2683.5819147697507,1110.4651162790742,142347.89745496406,296.28416480155147,86,430,0.24512034883720935,0.14204821620489716,2.2737367544323206e-13,-628391.7274474024,522035.8268545413,-111.91150901272387,2795.4934237824746,-33199.67661377282,-68786.65097751383
2017-08-22,3415.3470078707815,4059.090909090902,153585.29927946115,288.05710903598595,88,432,0.23498352272727274,0.14879591133496664,-8.526512829121202e-14,-592999.6173393341,496575.9677076135,1464.4824887642053,1950.8645191065762,-35269.03492103049,-73665.35974089579
2017-08-23,-9289.619783944188,7302.325581395349,165053.39115165517,305.1717144973151,86,430,0.23271569767441863,0.15313710519403037,8.526512829121202e-14,-625936.9326295416,492906.46590736747,-1624.6768571556452,-7664.942926788544,-50858.1392863553,-92121.48707426908
2017-08-24,2663.967922796843,9139.534883720928,163439.73110064204,336.20330984963107,86,430,0.2262744186046512,0.17717841262486106,-8.526512829121202e-14,-1082891.208551203,487402.219315148,-2678.9127206530075,5342.880643449851,-38532.1681622133,-79392.1009373738
2017-08-25,4337.648726583708,-1497.6190476190425,139979.22711813543,104.31231090360549,42,205,0.24109404761904765,0.1450928649599154,3.410605131648481e-13,-88044.64810311905,486033.8163768166,-469.6087226967695,4807.257449280478,-30761.470363853758,-65756.27714338762
2017-08-28,-4864.39295627759,5392.857142857136,136901.94033518323,83.23611126381108,42,206,0.23532857142857144,0.13556986613718183,-2.2737367544323206e-13,-30972.525266388613,473656.970701144,-1746.4564011324235,-3117.936555145167,-39173.114151337206,-73398.59923513302
2017-08-29,-3431.8385862514588,-4483.333333333339,126523.69139102672,109.78217255571936,42,204,0.2333047619047619,0.12925002550609566,0.0,-115748.89461449395,471182.4023843579,-3356.6843136638677,-75.15427258759124,-35172.54360656386,-66803.46645432053
2017-08-30,3882.4003999613133,6785.714285714288,154166.6931304884,98.36866906876736,42,207,0.23978928571428573,0.15987767128777908,-1.7053025658242404e-13,-37872.29731048321,482746.1060958093,1576.029942483378,2306.3704574779354,-34757.64155172955,-73299.31483435164
2017-08-31,1913.877755441646,1730.9523809523726,137189.41245914175,94.53439224120086,42,202,0.247125,0.14142039205617538,0.0,46347.16544867338,497565.4796192877,-3312.6789793006924,5226.556734742338,-32478.009751584992,-66775.36286637043
2017-09-01,1291.109528568441,-5869.0476190476165,130823.75592864062,106.47492928976898,42,201,0.23680357142857145,0.14537782042331993,-1.1368683772161603e-13,-74756.79576244976,477252.3305654718,8033.0179298934345,-6741.908401324993,-31521.30438288148,-64227.243365041635
2017-09-05,4741.487626524797,2117.0454545454595,127541.7788875882,149.98667725770454,88,437,0.2253482954545455,0.14534345028975632,1.1368683772161603e-13,-121149.35294130002,460460.66335559107,1434.3186338659275,3307.1689926588697,-27293.943772629955,-59179.38849452701
2017-09-06,-9364.185564941983,-6677.272727272731,122428.7274897376,131.14308851239701,88,437,0.22879602272727276,0.1322931226001384,8.526512829121202e-14,31639.50050199854,466507.90725652996,-2124.253148786168,-7239.932416155816,-40102.510525888785,-70709.69239832318
2017-09-07,-755.2840143654779,3337.4999999999973,130112.40159644182,150.65924268283626,88,433,0.22978011363636366,0.13449613426719237,1.1368683772161603e-13,-13735.113390940225,472476.37588022184,3306.182011403917,-4061.466025769395,-33434.04365615877,-65962.14405526924
2017-09-08,2283.507349877831,2926.1363636363653,123592.87001488947,149.12026015945096,88,434,0.22308693181818182,0.15180195128916535,2.842170943040401e-14,-136411.27419476374,455709.1178292043,-3139.9146691468295,5423.4220190246615,-28763.830414003987,-59662.047917726355
2017-09-11,6164.672393914523,4040.9090909090914,116271.80855111172,142.65383202630576,88,436,0.22772727272727275,0.13061494511234584,-5.684341886080802e-14,-226977.49716338856,464214.1585842592,2004.5077326002192,4160.164661314304,-23045.933575889714,-52113.885713667645
2017-09-12,2784.602579238749,1777.2727272727209,115279.48151338722,170.95026456953238,88,436,0.2295136363636364,0.13561619103353242,2.842170943040401e-14,-161969.52416769508,474352.5101027119,5442.132555820829,-2657.52997658208,-26206.21806367759,-55026.08844202439
2017-09-13,2617.3950560246276,2584.0909090909063,109757.22465010955,152.14401549202788,88,436,0.22473977272727275,0.1094627839695176,1.4210854715202004e-13,-280510.4469169364,462272.12727124733,-2659.019354163958,5276.414410188585,-24974.05512199479,-52413.36128452217
2017-09-14,-3271.195198818004,-1092.0454545454465,125780.78894104742,183.74212502743825,88,436,0.2193255681818182,0.1402054286235164,-8.526512829121202e-14,-214385.9070008212,453184.78376289835,-1123.5128837270354,-2147.6823150909686,-34900.13455910729,-66345.33179436915
2017-09-15,7203.25408649802,5038.636363636366,121559.13653843231,155.49094182294587,88,436,0.2252227272727273,0.13752920527028514,5.684341886080802e-14,-122320.59480718663,461549.1316542892,-948.3753237110877,8151.629410209108,-23342.020989933004,-53731.80512454108
2017-09-18,-2529.806702130226,980.6818181818281,102797.75133791237,170.71813110074632,88,434,0.23130170454545454,0.1081831376670759,0.0,-128962.8117394711,475599.7993249765,-2235.6778032475463,-294.12889888267927,-28399.962667709067,-54099.400502187156
2017-09-19,7172.225589592487,4749.999999999997,111394.0977461058,222.0953398433578,88,435,0.23283579545454547,0.1038307169592032,-8.526512829121202e-14,-263792.81655146583,486730.41224178765,5376.133132710917,1796.0924568815694,-20898.394186777325,-48746.91862330377
2017-09-20,-3746.4441545054465,-3837.500000000002,103915.28654867093,191.84343345064562,88,431,0.22763863636363635,0.11447972382284105,-1.7053025658242404e-13,-259410.34101087914,469720.93642826163,-5125.010555151527,1378.5664006460815,-29917.109225123826,-55895.930862291556
2017-09-21,-141.79102298428887,60.22727272727445,113069.41364796883,197.1358773214889,88,435,0.23663295454545458,0.11163923970498839,8.526512829121202e-14,-438380.47633789846,488545.1942521312,1054.3637371257691,-1196.154760110058,-28606.280312297986,-56873.633724290194
2017-09-22,5496.63041937349,2206.8181818181743,135788.78532717517,197.10987995204843,88,438,0.23947443181818182,0.12810808903999302,0.0,-136377.2744245551,493601.04370902304,10115.202030544879,-4618.571611171388,-28647.67579237235,-62594.87212416614
2017-09-25,7008.853923316873,8459.09090909091,169429.82042780772,242.52912499922692,88,433,0.25190284090909093,0.1629548466602945,-1.7053025658242404e-13,-148539.21162074563,525197.2587059223,-699.5255607672483,7708.379484084121,-35591.13030863429,-77948.58541558622
2017-09-26,4532.873447981819,8177.272727272729,167656.37296927217,269.2072609210397,88,437,0.25153068181818183,0.16401787752525107,1.7053025658242404e-13,-581147.7630473089,527548.8326749983,5236.010329862624,-703.1368818808049,-37650.42705525726,-79564.5202975753
2017-09-27,2193.1121687118207,4114.772727272729,154460.37579314486,257.72051773400744,88,437,0.24351590909090912,0.15710056479343343,2.2737367544323206e-13,-352069.47722791985,507905.849440755,737.238303560715,1455.8738651511055,-36679.7022973084,-75294.79624559463
2017-09-28,913.9965884559964,1611.3636363636356,152025.60855657674,203.5052808179019,88,435,0.23982329545454545,0.15079682438298672,-1.4210854715202004e-13,-429641.8774063411,495558.5102225728,-3784.345641936694,4698.34223039269,-37295.910831506095,-75302.31297065028
2017-09-29,1638.628769568089,-3857.954545454545,167622.24782581162,273.20996316239086,88,434,0.24214147727272728,0.1701836983878449,2.842170943040401e-14,-370748.2069460177,507438.431989716,3199.2271908229945,-1560.598421254906,-40540.14315004721,-82445.7051065001
2017-10-02,-4315.475393075078,-2197.6190476190372,139028.14184158333,100.54178106780809,42,209,0.24506904761904766,0.14270913706507762,1.7053025658242404e-13,-71030.58901837964,493032.4555696492,-238.5635933548511,-4076.911799720226,-39173.05263453872,-73930.08809493454
2017-10-03,2723.5775249450276,1403.3333333333208,121571.19215198481,151.96261972458558,90,444,0.23791277777777778,0.12737054748087673,-2.5579538487363607e-13,-164929.60753039198,487161.728027495,-447.4275486192515,3171.005073564279,-27821.18313277576,-58213.981170771964
2017-10-04,515.9038407708044,-857.7777777777736,127986.3376963004,148.62666476894628,90,444,0.24418222222222224,0.12892672886331005,-5.684341886080802e-14,-59907.48370338739,497759.14438979904,-1461.6642280650565,1977.568068835861,-31629.307248073244,-63625.89167214834
2017-10-05,-31.327958206757515,-1704.4444444444514,131652.43829387662,135.07850733110985,90,442,0.2492638888888889,0.11613070679538924,1.1368683772161603e-13,-55299.61040756041,506692.2140138633,520.8326085993613,-552.1605668061188,-33079.51603900702,-65992.62561247619
2017-10-06,6602.533069828992,1502.2727272727323,113991.57016139674,148.17460311291993,88,434,0.24717613636363636,0.11812085053258338,-3.410605131648481e-13,39975.930187506936,505183.02866371366,2480.2239747224094,4122.309095106582,-22043.534073633113,-50541.4266139823
2017-10-09,1417.337406678623,-173.33333333333658,118675.05394074196,149.8634911048124,90,442,0.2444066666666667,0.11313785969337843,8.526512829121202e-14,41066.94531966149,500871.7033517692,-11.280369693462475,1428.6177763720852,-28401.28956961168,-58070.05305479717
2017-10-10,3586.737831411723,1697.7272727272675,102478.62073229303,157.67472707184695,88,437,0.23936363636363636,0.11453738351331905,-1.7053025658242404e-13,-26242.130977137742,491184.44945821393,414.57336099708846,3172.1644704146347,-22190.59207873338,-47810.24726180664
2017-10-11,10340.368583068557,4476.136363636359,106124.71282466939,156.35620167904767,88,440,0.2413420454545455,0.09744553748351396,1.4210854715202004e-13,-164354.30999561146,493225.23547273583,7679.645360455923,2660.723222612635,-16347.165824777838,-42878.34403094518
2017-10-12,-4650.905176460759,-2744.318181818169,130984.16477564277,153.40324921228307,88,440,0.2431215909090909,0.12986049323752583,1.4210854715202004e-13,-131332.17683352408,495895.0566281075,-1891.9973196263527,-2758.907856834406,-37550.349619583736,-70296.39081349442
2017-10-13,4795.779761453313,23.333333333326237,126506.17879843761,127.71011549443436,90,441,0.23883000000000001,0.13402117103553912,2.842170943040401e-14,-358823.0225309237,485713.4954709437,-2470.5337630594713,7266.313524512784,-26958.475053650527,-58585.01975325993
2017-10-16,2896.602225838962,4417.777777777783,107064.9189563914,217.38151141642138,90,443,0.24374722222222225,0.10361490931271827,8.526512829121202e-14,-274157.45561772806,507062.81959482457,-1530.6530230811115,4427.255248920074,-24087.009024675306,-50853.23876377316
2017-10-17,-512.4222653373816,-1853.3333333333314,103839.7879051452,233.58800651793905,90,443,0.24162222222222224,0.10231118141161044,8.526512829121202e-14,-252412.40342036824,503493.30859105155,-3109.283416937459,2596.8611516000774,-26705.95724814162,-52665.90422442792
2017-10-18,14798.132102220487,10168.18181818182,108552.98987966868,273.0253626838804,88,440,0.2341823863636364,0.10784770045309805,5.684341886080802e-14,-257583.1141681134,490571.98946116416,8522.53889419724,6275.593208023247,-12613.140730380563,-39751.38820029773
2017-10-19,10305.527194776603,9508.888888888894,110103.25594915017,270.69236774102455,90,442,0.241465,0.11509204679378582,0.0,-40461.324455229435,508098.10888816527,334.3579790513532,9971.16921572525,-17490.97916025196,-45016.79314753951
2017-10-20,-2059.2043969507163,-7306.818181818187,118143.67834831301,270.36048784433984,88,440,0.24530056818181817,0.10704271619911072,-1.4210854715202004e-13,-180123.5854937218,514927.758014303,-1144.2097755800162,-914.9946213707002,-31865.48447187331,-61401.40405895156
2017-10-23,11705.020312885308,15110.227272727272,149564.5416984953,265.17950468622115,88,437,0.23626818181818185,0.15053154257763113,1.7053025658242404e-13,-360781.45690829656,498585.743145083,3024.627297074305,8680.393015811003,-25951.294616424737,-63342.43004104857
2017-10-24,14334.311316773124,23497.727272727276,144333.70391635757,236.2504336221013,88,435,0.23320170454545455,0.13469826611748273,1.4210854715202004e-13,-413050.9415718737,485363.8360677058,6437.141378695791,7897.169938077333,-21985.36509593837,-58068.791075027766
2017-10-25,3693.2283710027486,16186.046511627905,155005.80695999725,283.3738232154133,86,427,0.24091744186046513,0.14618521841723772,2.842170943040401e-14,-656427.9405243399,511341.3189530558,1500.3574535369407,2192.870917465808,-35341.59719221198,-74093.04893221128
2017-10-26,7274.037018088359,8481.39534883721,188880.42897419713,284.3147011399356,86,421,0.24426627906976747,0.18059274828713442,2.842170943040401e-14,-729590.8525851041,512627.8045788469,4531.754725575362,2742.2822925129976,-40230.384926600855,-87450.49217015014
2017-10-27,-40444.33783190698,-50976.74418604652,266615.7567498912,260.57680811936626,86,428,0.25401453488372094,0.17330866493181565,-1.1368683772161603e-13,-564883.655944182,530668.872342115,2968.558053977192,-43412.89588588417,-107358.85382749914,-174012.79301497195
2017-10-30,14538.498724155395,16423.809523809527,158757.42778056534,105.41321192274089,42,202,0.2564702380952381,0.1595492273007712,1.1368683772161603e-13,-28922.94742622285,516091.9667547506,6283.693643080387,8254.805081075008,-25256.271432908678,-64945.628378050016
2017-10-31,-6736.765940324644,-8042.045454545462,183730.29184257117,142.0709104710918,88,437,0.2513005681818182,0.1447659308148787,1.1368683772161603e-13,-218514.6499623179,512351.89167152304,2512.4712992503846,-9249.23723957503,-52811.40981143853,-98743.98277208133
2017-11-01,4221.696362838712,11330.232558139534,167512.74942783613,141.13468630076787,86,423,0.25045697674418604,0.16765033273269714,-1.1368683772161603e-13,-268758.3938798626,511878.94375849137,160.8642069133605,4060.8321559253513,-37797.62568042109,-79675.81303738011
2017-11-02,8358.747935975307,6796.59090909091,185466.30375057337,146.33929400324965,88,437,0.25060852272727274,0.16387234242827184,-1.1368683772161603e-13,-158172.18835714413,511230.33661907027,1643.0493765966214,6715.698559378685,-38154.16729567129,-84520.74323331463
2017-11-03,-3179.634906283048,-8429.545454545452,183648.70479226837,141.33684091265428,88,433,0.26253693181818183,0.15623608044490703,-3.410605131648481e-13,-297629.0142250156,534756.2698312991,2547.4264784949173,-5727.061384777965,-49233.1479452628,-95145.32414332988
2017-11-06,5878.7943473718515,3112.4999999999995,168069.47078055787,153.2458796133731,88,432,0.25401250000000003,0.15265578995344098,-5.684341886080802e-14,-307327.1480457067,517897.41714610695,6356.720420890394,-477.92607351854156,-36291.819227380984,-78309.18692252046
2017-11-07,-18387.846232714903,-19031.818181818187,251932.6603029924,189.341132066569,88,437,0.26165625000000003,0.15393172893726573,-1.1368683772161603e-13,-351169.6254058084,542240.9772130528,2119.954484755993,-20507.8007174709,-81560.35244052956,-144543.51751627767
2017-11-08,13382.96196472694,15572.727272727274,171652.35284877714,158.66174215474084,88,432,0.2606579545454546,0.14965056683817124,1.4210854715202004e-13,-136242.51254452846,532256.0184409883,8377.375429077543,5005.586535649395,-29688.787989622087,-72601.87620181637
2017-11-09,5383.420403633618,5097.727272727274,166538.25582410514,167.72795471901495,88,433,0.25123636363636365,0.16301866306187235,1.1368683772161603e-13,-302153.13261564873,514407.99823986436,1542.4056110312513,3841.014792602367,-36418.87150711168,-78053.43546313797
2017-11-10,2295.96578324236,2328.4090909090914,188410.8652910491,178.71136650529843,88,436,0.2532653409090909,0.17379100741500278,-2.842170943040401e-14,-364697.23839661095,521337.9660291789,-3218.1504994689953,5514.116282711355,-44985.46190602521,-92088.1782287875
2017-11-13,7231.701197620971,13428.888888888885,132172.65911769847,247.5269191989885,90,445,0.25436555555555557,0.1251366014462473,2.842170943040401e-14,-402723.82211060834,531096.5941738359,7881.120348794982,-649.4191511740113,-26058.990501002638,-59102.15528042725
2017-11-14,3379.6354009231163,639.999999999995,129012.13019794035,247.73885041805357,90,441,0.25371,0.1228179013823186,2.842170943040401e-14,-86321.9925228266,529801.258627096,4654.243931298257,-1274.6085303751406,-29121.135998980022,-61374.16854846512
2017-11-15,-9939.481871744689,12183.333333333334,136912.85430558922,282.6492682097103,90,445,0.26262555555555556,0.12434532563751355,5.684341886080802e-14,-766894.0268566315,553665.6381166086,-5412.617369622497,-4526.864502122191,-44450.344716351705,-78678.55829274902
2017-11-16,-96.3866717237288,7938.888888888882,154731.02213563316,272.6401868742894,90,443,0.24901333333333334,0.14552775133767237,-1.1368683772161603e-13,-205218.8270756558,521073.6611919179,1651.4549444202519,-1747.841616143981,-39051.782392506306,-77734.53792641459
2017-11-17,1886.0404765037338,-2764.4444444444516,143498.00264277658,270.5267444092411,90,441,0.24266777777777776,0.12927321818381302,2.2737367544323206e-13,-219102.1020719296,508857.6764918236,-5403.094473927411,7289.134950431144,-34258.986928599654,-70133.4875892938
2017-11-20,10806.336070643334,15459.090909090914,168068.59267005124,239.46689476048215,88,434,0.24003579545454548,0.15411071317248343,-1.4210854715202004e-13,-84945.34049667297,501084.71901900147,-376.9716793471586,11183.307749990492,-31450.278991629955,-73467.42715914277
2017-11-21,3673.9276481896827,2995.4545454545496,184587.99632601993,307.95492943246677,88,435,0.23249545454545456,0.1679514260073772,1.7053025658242404e-13,107672.2503822303,502684.035624189,386.45656940714844,3287.4710787825343,-42781.02636274777,-88928.02544425275
2017-11-22,-1315.2607452981829,-4697.727272727278,193487.5633439804,313.2723184667486,88,432,0.23410795454545455,0.15963025138617393,0.0,-338520.42330827913,502510.16027934285,-2618.086439523046,1302.8256942248631,-50000.42389976003,-98372.31473575514
2017-11-24,13030.756907339231,4672.500000000022,187244.93714135126,92.57432643475136,40,195,0.26336625,0.21514020681452445,0.0,-13634.354401503777,529987.4704196757,4136.36686925811,8894.390038081123,-33873.05170443334,-80684.28598977115
2017-11-27,11487.66010297362,7378.571428571437,174738.7133096859,95.8839857146893,42,210,0.2549,0.14156240234453976,2.2737367544323206e-13,-8665.214571826134,512255.0170347528,11613.131016331385,-125.47091335776412,-32292.902210162545,-75977.58053758403
2017-11-28,-3608.8191734041625,2580.9523809523726,182236.23241375794,112.86316124950423,42,203,0.24477142857142858,0.19187944211760583,0.0,-11206.96684534484,493925.2848746845,17732.906165293254,-21341.725338697415,-49280.74043809315,-94839.79854153264
2017-11-29,1762.4128711192727,2547.6190476190554,210211.35080716314,76.62576127682644,42,204,0.2545678571428572,0.19260451520440225,-2.8421709430404007e-13,-117005.53999490048,511706.9406455733,4603.691475971864,-2841.2786048525913,-50867.05059194833,-103419.88829373912
2017-11-30,5769.835482685437,2072.4999999999995,189182.24896629163,86.60442976333103,40,198,0.2466375,0.22234021918945612,3.410605131648481e-13,-68828.358338516,495911.13539820537,6902.96053160904,-1133.125048923604,-41612.33118865081,-88907.89343022372
2017-12-01,-19655.023714905696,-10219.047619047626,185214.557586832,102.25301196929358,42,202,0.25541904761904766,0.17485147886712463,5.684341886080802e-14,-15634.294975244711,513903.31827537634,12450.560838577048,-32105.584553482742,-66060.916123583,-112364.55552029099
2017-12-04,17747.30762026025,19435.71428571428,172593.06099376513,109.87182724331055,42,207,0.26369880952380953,0.16640586904835197,2.8421709430404007e-13,-61078.19280396217,531746.9479483267,-5184.368241438395,22931.675861698644,-25510.829455424344,-68659.09470386562
2017-12-05,7807.802915400105,6950.000000000009,156422.81137551996,189.56281576149325,88,438,0.2261528409090909,0.16869340545992884,5.684341886080802e-14,17432.783326187502,472193.19318051287,1337.0106447558442,6470.7922706442605,-31487.462744241377,-70593.16558812138
2017-12-06,4614.271064932749,2389.772727272725,130575.237938548,165.94907456100617,88,435,0.22365795454545453,0.14477021274676888,-5.684341886080802e-14,-124501.17996215251,459183.5375029878,-48.380131281459924,4662.6511962142085,-28195.487494265257,-60839.29697890226
2017-12-07,6009.818934374932,4212.499999999995,148289.3924645151,155.9671244959565,88,439,0.22728693181818185,0.15351169589880867,2.5579538487363607e-13,-46384.034333804346,466407.08504349936,-284.7460210930411,6294.564955467973,-31218.496306249803,-68290.84442237859
2017-12-08,4531.896943347272,1442.0454545454566,133076.4985683868,177.25434853439606,88,435,0.22465454545454547,0.14843450598375613,-1.9895196601282805e-13,-31080.412664648626,462510.8249648392,-5710.54413123021,10242.441074577482,-28914.482047283822,-62183.606689380525
2017-12-11,5934.658415098267,2176.136363636365,138762.67945636352,175.9303356633382,88,440,0.22476704545454548,0.13866823966820577,1.9895196601282805e-13,25436.680205139648,466078.0294811579,10580.639701590186,-4645.981286491919,-28931.94178465595,-63622.61164874683
2017-12-12,3221.4783213144824,5023.86363636364,146802.1607071527,204.3422797809413,88,440,0.2178284090909091,0.14646019123706427,-1.7053025658242404e-13,-380163.57740982313,452086.1000508376,-2743.036678210642,5964.514999525125,-33683.404135254634,-70383.94431204282
2017-12-13,3294.047616484186,3563.953488372092,127678.72049564819,185.22346069563613,86,424,0.215175,0.14169423465119504,-1.4210854715202004e-13,-177724.45119779807,445538.4833585073,-1700.785384108982,4994.833000593168,-28810.8559681235,-60730.53609203554
2017-12-14,10764.388014911903,11913.636363636368,137529.38358710264,217.08528636565765,88,436,0.215025,0.15378759711572138,1.4210854715202004e-13,-371161.26465989207,447974.6861890859,4156.588335352287,6607.799679559616,-23835.043168229415,-58217.38906500507
2017-12-15,4449.684251344123,2014.7727272727277,137491.5642836922,205.49964936713243,88,437,0.21587159090909092,0.16149016901903893,5.684341886080802e-14,-339040.9873999455,451275.726362975,-322.5376309856914,4772.221882329815,-30128.706468946057,-64501.59753986911
2017-12-18,13300.19758405051,7492.222222222219,112760.87510064589,222.16464978346994,90,444,0.21818722222222225,0.11872197762722081,-8.526512829121202e-14,-579249.2930705824,457622.54755186907,9322.900652029377,3977.296932021132,-15112.185840894434,-43302.40461605591
2017-12-19,17033.455711625502,14304.444444444438,113720.10995995029,198.37259224643344,90,444,0.22391444444444444,0.1298601618211149,8.526512829121202e-14,-366786.24627028505,462164.7237606268,9059.838132518937,7973.617579106566,-11594.944370608504,-40024.97186059608
2017-12-20,-259.4296549795615,2854.4444444444484,118290.35945276,220.59362017073906,90,449,0.22062222222222225,0.12668821509080191,-5.684341886080802e-14,-298260.66421764664,463881.0138902624,4568.953087627206,-4828.382742606767,-30052.6131383403,-59625.2030015303
2017-12-21,9380.659206533548,10206.666666666672,117411.90697678989,239.59288369498228,90,445,0.21601944444444449,0.1316102305588029,-8.526512829121202e-14,-317396.6489246216,455702.2308204908,-1708.3312167481588,11088.990423281706,-20211.91042135891,-49564.88716555638
2017-12-22,3745.8195124722347,-466.66666666666606,109336.58769397734,206.82231882633963,90,445,0.22054444444444446,0.12528026588259938,1.1368683772161603e-13,-315198.4627325201,457583.9116425551,-1862.3175281307524,5608.137040602987,-23795.149729848443,-51129.296653342775
2017-12-26,5278.624060786026,4008.8888888888887,150970.62150008342,237.79940006966362,90,441,0.2359338888888889,0.1532747128687913,2.842170943040401e-14,-185155.53693619766,490527.2171316281,-3729.8375249421206,9008.461585728146,-32701.83071430449,-70444.48608932535
2017-12-27,971.1388617015514,394.44444444443536,132686.3215639332,267.6705917682426,90,441,0.2272472222222222,0.14215541651822752,3.410605131648481e-13,-340220.88140393805,475359.616968963,-4850.575503334747,5821.714365036299,-32468.112121049988,-65639.69251203329
2017-12-28,4770.281672465193,2450.0,156096.38794506833,333.04101693301243,90,444,0.23297111111111113,0.14586421926453003,2.842170943040401e-14,-819026.2865135659,502120.94205747446,-415.7830628138628,5186.064735279056,-34586.8563307349,-73610.95331700199
2017-12-29,8237.511956817963,-3294.318181818187,166334.75320525357,293.3296319067613,88,433,0.23307954545454546,0.18354255253832338,5.684341886080802e-14,-803303.879022297,487853.2390134873,7414.097268602562,823.4146882154018,-33639.505976402186,-75223.19427771558
2018-01-02,8534.806610447296,5094.444444444449,108841.75619062889,122.89878870975225,90,444,0.2323777777777778,0.1138672003469996,-2.842170943040401e-14,-115938.04188813556,472609.96264215413,11377.879197214386,-2843.0725867670903,-18798.53122591968,-46008.9702735769
2018-01-03,7869.869811255604,4547.727272727272,123292.5581166561,140.7182741464435,88,437,0.24063125000000002,0.11613637307335947,-2.842170943040401e-14,-10036.23451480365,490867.7235443487,5188.315936485681,2681.553874769923,-23093.987992054863,-53917.12752121889
2018-01-04,3693.56193843249,1217.7777777777787,112642.87809866453,148.4647630034661,90,441,0.23090888888888889,0.10956599565790826,-5.684341886080802e-14,-162706.3199046805,471764.8728935498,2254.329478184386,1439.2324602481037,-24615.62234923711,-52776.34187390324
2018-01-05,7402.484815434914,3896.590909090913,110362.85119627026,126.70997790128399,88,439,0.24478011363636362,0.11612428988879418,-8.526512829121202e-14,-207870.8805177998,497035.24725245807,-526.0629707267964,7928.54778616171,-20314.937961533935,-47905.6507606015
2018-01-08,-768.6569798331591,1211.1111111111056,107167.5577486304,154.6827567997781,90,441,0.24561222222222223,0.09447963762675542,-1.7053025658242404e-13,-115844.24617623855,500752.2521320574,-113.83867158009949,-654.8183082530599,-27715.229173790536,-54507.118610948135
2018-01-09,2334.3612157229836,1555.5555555555572,114768.20954730226,153.19589115179548,90,447,0.24040833333333336,0.11761038374261111,8.526512829121202e-14,-164260.31360459715,490460.2994531301,-492.47878032934034,2826.839996052324,-26510.887062254376,-55202.93944907994
2018-01-10,8892.60915684629,2713.636363636364,122512.28399547654,148.98414095173172,88,439,0.24117670454545453,0.11592038170347814,8.526512829121202e-14,-73549.09418895993,491873.9367297898,7026.475759704098,1866.1333971421918,-21884.445982974576,-52512.516981843706
2018-01-11,10953.736492170934,7705.681818181818,120902.69152629875,155.90363537385838,88,437,0.24451704545454547,0.11576178177998436,2.842170943040401e-14,-110328.6964675538,499081.42715439503,11455.467625945703,-501.7311337747688,-19427.84002477761,-49653.5129063523
2018-01-12,2844.669441924064,-3605.6818181818194,130736.00319296731,157.83818548010504,88,436,0.2459602272727273,0.11710393589503786,-1.4210854715202004e-13,-221159.29689830454,501769.49733270676,6866.00397049788,-4021.3345285738155,-29997.16954179787,-62681.170340039695
2018-01-16,2548.4252971983597,2811.1111111111068,107933.3361292881,266.3833414652413,90,447,0.24893666666666667,0.09503171590964232,-5.684341886080802e-14,-55775.78485452527,522948.56453546096,2892.2218760878295,-343.7965788894701,-24701.292076588907,-51684.62610891093
2018-01-17,-307.56694457542,4.444444444436726,97648.31249894315,277.30636671999576,90,447,0.24418499999999999,0.08835014764586602,2.842170943040401e-14,-347385.99881570716,514412.55635497946,-1816.441715495304,1508.8747709198838,-24996.951436031206,-49409.02956076699
2018-01-18,9851.014010309456,7257.777777777767,112291.01069113558,262.81565987205533,90,443,0.25502166666666665,0.10459445944520157,-1.4210854715202004e-13,-356062.3827895791,532934.244667118,2504.3043934850834,7346.7096168243725,-18484.554322346496,-46557.30699513039
2018-01-19,10376.499169891487,5244.444444444454,102192.36218430466,283.9234017321885,90,444,0.2527477777777778,0.10294907664306323,0.0,-172869.38777952077,531404.3612576098,-788.224563268815,11164.723733160301,-15455.514777916866,-41003.605323993026
2018-01-22,3363.8255962966514,2566.666666666667,105403.19371134436,196.57564077298304,90,446,0.2556488888888889,0.09933173948585551,1.4210854715202004e-13,-149163.40302213794,524984.5769101891,2817.6655708189132,546.160025477738,-23183.54847231242,-49534.346900148514
2018-01-23,1922.5430507148799,3873.333333333331,124162.05263776204,255.82161929221348,90,442,0.2563916666666667,0.10403233357931774,-2.842170943040401e-14,-259329.5089674355,538194.5056724162,5636.060672135804,-3713.517621420925,-29373.79172801784,-60414.304887458355
2018-01-24,11416.21896383493,12368.888888888883,131514.5303232101,239.08255861803812,90,441,0.26025166666666666,0.11214657654463266,2.2737367544323206e-13,-255571.60415795402,541842.2032154113,6423.983720229709,4992.2352436052215,-21701.49617558564,-54580.12875638816
2018-01-25,9026.779097630342,8067.045454545443,125250.0745697507,207.46855601079335,88,438,0.26528352272727274,0.10007219595774783,-2.842170943040401e-14,20500.56822543051,547130.9724386418,7035.3156729141965,1991.463424716145,-22493.208100818123,-53805.72674325579
2018-01-26,-10131.35199813886,-11713.63636363636,135995.1429356468,182.9240076784113,88,434,0.27682670454545455,0.10996873807054378,-5.684341886080802e-14,26769.424765890446,563975.1470843577,16459.1586115548,-26590.510609693665,-44313.061739728975,-78311.84747364066
2018-01-29,21971.318148380975,21197.727272727265,137605.88539192284,90.53191475882238,44,216,0.2733727272727273,0.1329653360633979,-1.7053025658242404e-13,-51033.714658981204,549271.7077981259,8981.121340933316,12990.196807447659,-12520.685114358557,-46922.15646233927
2018-01-30,2079.5498695089277,2847.777777777773,155947.49482776682,130.8046275083123,90,444,0.2705338888888889,0.12344619457054369,2.2737367544323206e-13,-153662.5276592905,551578.6293493528,-1388.3461732306305,3467.8960427395577,-37038.12846494109,-76025.00217188279
2018-01-31,800.8425259010446,5844.318181818189,153115.54862959954,154.3694757198663,88,432,0.2724568181818182,0.14434669699407554,0.0,-149986.97597227324,557711.1731792468,-4236.735786688025,5037.57831258907,-37632.414107218705,-75911.3012646186
2018-02-01,15338.619300940663,10793.181818181818,154655.6514990249,126.35707133427319,88,438,0.2634727272727273,0.13044636633135404,-1.7053025658242404e-13,16211.267217760162,534989.9140307374,28966.617932044086,-13627.998631103424,-23451.65064514984,-62115.56351990606
2018-02-02,25682.734624282115,16898.83720930233,319000.5699456745,125.58093253095178,86,430,0.27998720930232557,0.12530612094038854,0.0,-148292.46588732535,568922.4452330425,68099.35718666943,-42416.6225623873,-54192.988794667464,-133943.1312810861
2018-02-05,19002.046246849364,15505.714285714292,296232.866066929,134.01909882957,70,343,0.3179814285714286,0.29415360422978115,0.0,-271872.1377185044,644934.8531782948,12849.627159563228,6152.419087286138,-55190.18936871246,-129248.4058854447
2018-02-06,8861.667482207979,7790.697674418603,193136.2465417459,152.54049370358948,86,424,0.3064372093023256,0.1711417229700736,2.842170943040401e-14,36320.5165426655,626158.7257860821,-17815.53284788354,26677.20033009152,-39574.93464693209,-87858.99628236856
2018-02-07,19300.60959387095,10715.116279069774,252018.0873145711,158.2320575842271,86,421,0.30689418604651164,0.16743189796978086,1.1368683772161603e-13,-154633.3219526725,627499.5073845122,61647.52679639884,-42346.91720252789,-43862.144292356046,-106866.66612099884
2018-02-08,18019.12827625287,19949.999999999985,356088.9368521592,148.5293466689375,82,408,0.3319780487804878,0.21067887359017465,1.9895196601282805e-13,-158436.3482192714,674836.945334223,34051.32266447015,-16032.194388217278,-71151.63528345586,-160173.86949649567
2018-02-09,23943.870389182975,24007.692307692298,300004.7085860437,152.82918426644287,78,385,0.36935320512820513,0.26208136533000825,0.0,-338904.7586911383,752492.5153402576,-40667.2201356544,64611.090524837375,-51210.13594159438,-126211.31308810531
2018-02-12,1734.1618281687697,1438.6363636363517,191904.43476819678,204.62742918263496,88,440,0.3390340909090909,0.15095563870289452,-5.684341886080802e-14,-246109.64155594778,699329.4518553169,-12049.095111695508,13783.256939864279,-46446.57429306306,-94422.68298511226
2018-02-13,11218.390993787496,1724.4444444444407,210543.22712989006,215.5938864011263,90,444,0.3316088888888889,0.14482614944039643,1.1368683772161603e-13,-209091.5918426451,686006.7662167931,1514.5943672653866,9703.796626522111,-41633.00967508614,-94268.81645755866
2018-02-14,11852.519677108834,13303.333333333336,176705.71605269908,219.16105832812536,90,442,0.3053005555555556,0.15115238301306855,-1.4210854715202004e-13,-343491.84720701753,632024.6472370432,7301.343690805156,4551.175986303679,-32543.07039439406,-76719.49940756883
2018-02-15,15412.340671526623,17981.11111111112,137834.71698364615,208.71308406140284,90,445,0.31316,0.10233187115605696,-5.684341886080802e-14,15619.853302509877,644950.584882482,3056.784900181976,12355.555771344647,-19255.05165844632,-53713.73090435786
2018-02-16,1266.716174950768,-347.7777777777772,139902.70582742497,220.77254164686826,90,442,0.30798111111111115,0.117352562040926,1.4210854715202004e-13,-351374.0025596549,635565.3699076268,-743.0675630757901,2009.7837380265573,-33929.732823552346,-68905.4092804086
2018-02-20,7519.548250690473,13321.111111111113,166639.9694837711,181.86753419228316,90,441,0.33253888888888894,0.11855116539154667,-2.842170943040401e-14,-217021.25401533028,680063.4038472755,-1960.3491282292077,9479.89737891968,-34322.31165444459,-75982.30402538736
2018-02-21,15079.556731001732,17757.954545454537,188075.92302283342,216.04856363328875,88,436,0.32863636363636367,0.14382670188434044,2.842170943040401e-14,-239007.4763325628,675050.5956357862,-5380.521502589621,20460.078233591354,-32155.47258833991,-79174.45334404826
2018-02-22,2525.330137861607,3307.954545454558,167519.33979384627,215.05840094388228,88,439,0.31721136363636365,0.12948628482095087,8.526512829121202e-14,-370823.1376167563,650947.8449557751,-5882.188112165248,8407.518250026855,-39569.56321154384,-81449.39816000541
2018-02-23,2062.2466551174257,-5227.083333333339,145748.16002641933,117.35636951096906,48,232,0.30300625,0.10670156606945336,0.0,37008.96064127922,609362.0769759238,-104.36952426944197,2166.6161793868678,-34492.14972099837,-70929.1897276032
2018-02-26,4418.065014798128,8265.217391304346,134259.5001051634,83.93481438583507,46,228,0.30548695652173913,0.10230256605327996,5.684341886080802e-14,-11955.940937023057,613206.7878969348,14502.532062545257,-10084.467047747128,-29230.744825878555,-62795.61985216941
2018-02-27,9799.703707081357,2747.8260869565265,184043.65951177911,111.82264948751809,46,230,0.32235,0.11908412804384774,-5.684341886080802e-14,-36842.169888717355,647888.8168245396,13623.129763880013,-3823.4260567986553,-36323.03382035094,-82333.94869829572
2018-02-28,20019.166553843355,16393.478260869557,215008.97871824895,93.10255287654702,46,227,0.3329673913043479,0.15705386608602231,-1.7053025658242404e-13,-163686.88333397842,668724.8428658491,19231.703146785963,787.4634070573895,-33826.180678595425,-87578.42535815766
2018-03-01,18094.25945677659,14580.43478260869,227564.92812238308,102.90362493388355,46,230,0.33844021739130437,0.1772921354116699,0.0,-125048.86268961319,679752.4432942652,11313.470110205248,6780.789346571339,-38899.87619875306,-95791.10822934883
2018-03-02,11498.957339491768,4378.26086956521,183032.70114747476,100.39395901302697,46,229,0.33440434782608697,0.159228507318089,-1.1368683772161603e-13,42428.952854693285,671149.3869512122,-5606.021909897928,17104.979249389697,-34359.611906389946,-80117.78719325864
2018-03-05,5047.939715400182,6283.333333333319,160722.42509932313,93.89090875329151,48,231,0.32175625,0.11635115001972031,2.8421709430404007e-13,-43544.67847125432,645828.6618660452,-3662.9543560908332,8710.894071491015,-35226.557468183884,-75407.16374301468
2018-03-06,100.5571149416815,2320.4545454545473,147085.08031719062,147.27493821500357,88,434,0.28815852272727277,0.12397877322895963,-2.2737367544323206e-13,-107511.95194223279,585229.938577619,2774.003178460948,-2673.4460635192668,-36817.98790257098,-73589.25798186864
2018-03-07,5661.608636175047,6374.999999999996,158695.2904582022,139.62018138651231,88,431,0.2954028409090909,0.12320977011457335,5.684341886080802e-14,-115312.72294748179,600330.3591745287,-951.7910284747495,6613.399664649796,-34151.83415976201,-73825.65677431256
2018-03-08,-935.8649160298247,-3294.318181818191,161220.2609590963,150.8370654481837,88,434,0.2872198863636364,0.14390235599474435,-2.2737367544323206e-13,-283503.5568478877,587251.5410434882,-4070.3567727447303,3134.491856714906,-41391.767221252085,-81696.83246102616
2018-03-09,-858.7001350989563,-1435.2272727272573,145179.8377391289,138.43162921237743,88,432,0.2766471590909091,0.12941985282602905,-2.8421709430404007e-13,-47671.08407665695,563865.049862922,-923.5629625698964,64.86282747094066,-37292.091199093564,-73587.0506338758
2018-03-12,16504.386639931738,13343.023255813945,165559.38860609735,137.54175246865816,86,430,0.2799186046511628,0.1367710962629135,0.0,-293473.370298088,569549.0211529677,8166.920912871481,8337.465727060257,-25023.00226406126,-66412.8494155856
2018-03-13,9010.312024271643,5775.5813953488405,156794.6905426106,133.16754325431486,86,427,0.27998313953488374,0.13690278735352918,-2.842170943040401e-14,-96379.40841374706,567663.681495054,1962.3549206290522,7047.957103642591,-30321.52815463532,-69520.20079028797
2018-03-14,3983.394834353723,3898.8636363636424,168740.34299068904,142.49162772332625,88,437,0.28426988636363637,0.13932903336032246,-1.1368683772161603e-13,-256787.6249101687,579832.9794481118,-4286.163271829526,8269.558106183249,-38344.18254104187,-80529.26828871413
2018-03-15,4620.797991953562,7557.9545454545505,176581.43170436317,150.79825903714936,88,435,0.26851477272727275,0.14127660514878337,-8.526512829121202e-14,-245526.23733122475,547161.5285945503,-7414.717780267967,12035.51577222153,-39675.358193174376,-83820.71611926518
2018-03-16,17687.733454872036,13955.81395348837,168637.89230541993,188.41347935984922,86,425,0.24852732558139537,0.1780183426204589,1.7053025658242404e-13,-276889.1588231938,512683.5824525742,22465.68459865106,-4777.951143779024,-24660.153100842796,-66819.62617719777
2018-03-19,5117.709365837603,5862.499999999999,101234.58037704624,128.50251453491998,88,440,0.28368125,0.09038754632391972,5.684341886080802e-14,4418.594605645772,573983.9192025422,-2164.6324466987603,7282.341812536364,-20319.438242958877,-45628.083337220436
2018-03-20,307.2529943547682,895.555555555565,105537.39697415492,140.32779965580121,90,441,0.2673405555555556,0.090670617029476,2.2737367544323206e-13,-262460.77236926486,542078.8775517397,3457.939455427123,-3150.6864610723555,-26217.424048839766,-52601.77329237849
2018-03-21,-5924.690318418524,6282.558139534878,110034.76980404617,119.54040876203105,86,430,0.26968837209302327,0.08790414533117898,-8.526512829121202e-14,-212646.93908784539,546524.824273868,27980.995054851683,-33905.68537327021,-33552.9231781921,-61061.61562920364
2018-03-22,-3545.0535287313237,4954.545454545443,143470.73039445613,164.2974089615742,88,436,0.29972102272727275,0.11759157562143746,3.126388037344441e-13,-292858.89443156455,614144.7868731658,17297.44421493855,-20842.497743669872,-39577.03353630693,-75444.71613492096
2018-03-23,2749.3986890076285,10418.181818181818,146183.17600019232,173.0870430884961,88,433,0.3158636363636364,0.11730292276307322,0.0,-215595.3028999144,646241.1089141214,-2866.062810968409,5615.461499976038,-33969.48235412895,-70515.27635417703
2018-03-26,-9534.03139842732,-6136.046511627906,138646.9904596997,152.30798869576097,86,427,0.289778488372093,0.10844169051889326,-2.2737367544323206e-13,-147841.0276804036,592985.8831272387,4818.449213681593,-14352.480612108913,-44348.087002048014,-79009.83461697293
2018-03-27,3099.6401563325135,1323.2558139534895,158180.40045215722,184.30043938529988,86,425,0.31041802325581397,0.13613289174775545,-1.9895196601282805e-13,-485306.71844659396,637019.3141541837,9215.535768083417,-6115.895611750902,-36629.76039609209,-76174.8605091314
2018-03-28,7464.753890657963,10220.454545454544,183357.47204696242,206.1244600088762,88,431,0.3168448863636364,0.13785180611145684,2.2737367544323206e-13,-327642.7521778776,651332.2925938315,-13431.92979738037,20896.683688038334,-38580.738581091515,-84420.10659283213
2018-03-29,15633.552356613744,5465.116279069774,183305.6606138277,234.45645714356402,86,422,0.2988244186046512,0.13838753092165668,2.842170943040401e-14,-389819.13903331413,623791.8702066138,29953.560221457963,-14320.00786484422,-30427.31925398675,-76253.73440744367
2018-04-02,5073.201856315885,2473.913043478254,150499.7676746423,89.28631101942833,46,228,0.3344641304347826,0.12907884542130926,-1.1368683772161603e-13,-26427.539039395408,671159.5148683868,-9630.22713822184,14703.428994537726,-32641.026373364115,-70265.9682920247
2018-04-03,14501.189912277676,8977.272727272739,158593.18927650154,126.85303348451463,88,440,0.31983977272727276,0.11445050396525952,0.0,-72676.2826170275,647657.7933313951,9596.191071392308,4904.998840885367,-25273.960440332226,-64922.25775945761
2018-04-04,5412.016645379505,4255.555555555555,144349.39012585857,126.99726451085266,90,441,0.3007461111111111,0.1205660850261944,1.1368683772161603e-13,-180971.92570201552,609775.5623992705,-3521.473961005826,8933.49060638533,-30802.328150595993,-66889.67568206062
2018-04-05,2506.287667330049,3083.333333333338,145319.86950590136,123.46379545101844,90,441,0.2987916666666667,0.10182180592165917,-1.7053025658242404e-13,-151306.64006145063,604582.840429133,17980.58678681633,-15474.29911948628,-33947.14350459631,-70277.11088107165
2018-04-06,5429.099311444754,413.63636363636306,149966.25072837598,131.1617862679195,88,437,0.3175005681818182,0.11858712255903554,0.0,-115783.06807503552,643779.2566875173,-7793.1351247125385,13222.234436157292,-32193.625156917158,-69685.18783901115
2018-04-09,2349.9587814741076,2884.0909090909204,138410.88873442667,133.7259372949902,88,440,0.31789375000000003,0.11389117440819069,-1.7053025658242404e-13,-178455.92166115507,644541.7453810234,-469.8745578781079,2819.8333393522157,-32386.48933942755,-66989.21152303422
2018-04-10,-6473.774357895884,-5862.2222222222335,134040.3124823947,141.58518885220067,90,441,0.3074455555555556,0.1001643223026818,8.526512829121202e-14,-214701.96288804227,625213.3963316492,-9853.280441005754,3379.5060831098704,-40125.437667346756,-73635.51578794543
2018-04-11,84.63067942177793,274.99999999999756,131846.3370540285,134.48724911760132,88,437,0.3095659090909091,0.10320949369239368,-5.684341886080802e-14,-91082.92225989797,626546.3547060195,-4710.909536581636,4795.540216003413,-33011.44083320295,-65973.02509671007
2018-04-12,2984.8184556350943,495.45454545454743,123845.65104748736,116.52661246138824,88,439,0.30299375,0.09667392492891214,-8.526512829121202e-14,-213192.6973949746,611139.3792304539,-953.2751949280623,3938.0936505631566,-28093.120918698136,-59054.53368056998
2018-04-13,4925.099298667936,-441.11111111110324,149564.16406507086,128.8233679930748,90,441,0.30462,0.10781878097474834,8.526512829121202e-14,-179771.51883968562,615483.7408804038,-11560.49102357249,16485.590322240427,-32594.765085592855,-69985.80610186057
2018-04-16,4270.224865054156,2994.444444444447,111507.64631791809,199.25622555135155,90,441,0.28851,0.10246400418076228,1.1368683772161603e-13,-497436.48930794094,594933.2897157792,-5536.346298472866,9806.571163527022,-23805.942939976718,-51682.85451945624
2018-04-17,6582.414211146781,1295.5555555555497,98009.39581383474,184.7125649230315,90,442,0.27756277777777777,0.08894273699813607,2.842170943040401e-14,-343341.8121848704,568388.4112681081,6743.074630525598,-160.66041937881678,-18104.647307234936,-42606.99626069362
2018-04-18,12795.618365786582,9117.777777777786,130877.58258744914,226.4693998566523,90,446,0.28029111111111116,0.10279005289161337,2.842170943040401e-14,-276931.0859246895,578432.4381089038,9654.676394612277,3140.9419711743058,-20150.246680932352,-52869.64232779464
2018-04-19,11606.302203920523,10007.954545454544,101306.37331412501,191.914261551691,88,437,0.28556420454545456,0.10065218112120929,-1.1368683772161603e-13,-147532.37429361348,584970.2474104437,12128.013171578137,-521.710967657615,-13912.20538616242,-39238.79871469367
2018-04-20,2687.558800292542,-2466.666666666675,110856.66902895021,229.06508563189223,90,445,0.292185,0.09190168247277289,-2.842170943040401e-14,-298024.72018498776,603072.6110468546,-11423.891825822326,14111.450626114867,-25255.673542576904,-52969.840799814454
2018-04-23,-5959.656256481619,5763.636363636372,136065.0527659045,201.16862885073147,88,440,0.2760159090909091,0.1058022212566991,8.526512829121202e-14,-271077.2199160803,568110.3253580428,13686.03634402465,-19645.69260050627,-40177.088076808475,-74193.35126828459
2018-04-24,23472.581287000303,23232.222222222226,172211.3235035531,210.24101036988498,90,441,0.28461277777777777,0.12089207044572492,-1.1368683772161603e-13,-179413.95118549536,586197.1153302105,14685.384403608308,8787.196883391995,-19790.49059925786,-62843.32147514614
2018-04-25,-1281.3231585624574,18934.090909090897,122641.21885759938,228.18821921345375,88,439,0.28880511363636363,0.11148490269962491,8.526512829121202e-14,-322435.9758998232,596536.589376577,-5028.8305227478095,3747.5073641853514,-32169.816092175755,-62830.1208065756
2018-04-26,24718.028901996586,25264.44444444445,131322.75804215166,276.49876055637094,90,442,0.27911,0.11107768790195291,1.1368683772161603e-13,-505907.19333498727,583172.6197033796,-3166.388048754345,27884.41695075093,-8389.1593690977,-41219.84887963562
2018-04-27,-14114.115215079106,-7779.545454545454,137510.77605612774,279.9890650373485,88,431,0.2646971590909091,0.1274145885652652,-1.1368683772161603e-13,-568348.3932944139,554013.6697106363,3209.1349977403106,-17323.250212819414,-48771.798294148386,-83149.49230818031
2018-04-30,14502.742266676425,17060.416666666664,165494.46326912756,109.56001500441634,48,231,0.27257708333333336,0.1277923192180909,1.7053025658242404e-13,-52277.840025708094,547912.6413675548,10179.302613607839,4323.439653068586,-26980.43356560988,-68354.04938289177
2018-05-01,-7000.144644641512,5394.318181818175,132340.34843988088,155.65771678174403,88,440,0.2596892045454546,0.1079408470626524,2.842170943040401e-14,52481.9175669375,533678.8398711503,5773.0385087831355,-12773.183153424647,-40240.88947139348,-73325.97658136369
2018-05-02,13020.60282825694,9763.63636363636,121293.26823348172,129.36020977920285,88,438,0.2753096590909091,0.10588529191008383,0.0,-149397.67166793763,557134.5076779018,8680.942583010488,4339.660245246452,-17432.07443989269,-47755.391498263125
2018-05-03,7658.257849010102,8723.86363636364,116193.86197061358,117.86378003499668,88,439,0.2736886363636364,0.10263879432185212,1.4210854715202004e-13,-79018.11401147411,553740.9636723219,-2302.4574480117217,9960.715297021823,-21508.071423678288,-50556.53691633169
2018-05-04,4594.808417445576,502.27272727272805,101408.45690921076,125.33596209309857,88,440,0.2725636363636364,0.09289567347271571,2.842170943040401e-14,-146630.06390351302,551749.7013019668,-1990.0466967737102,6584.855114219286,-20882.64177195021,-46234.7559992529
2018-05-07,5418.7368959761425,6251.111111111102,115379.09621584081,148.31778774982385,90,442,0.26297722222222225,0.10596026393651287,1.4210854715202004e-13,-90640.55816682827,535567.512316801,9024.116217377394,-3605.379321401251,-23574.35494573388,-52419.12899969408
2018-05-08,5103.596742002704,5992.222222222218,102660.23072494024,154.5889797289719,90,441,0.26672333333333337,0.09636264330820388,-1.7053025658242404e-13,-171384.18528218573,547266.9396604069,1694.801281781076,3408.7954602216278,-20716.049918961326,-46381.10760019639
2018-05-09,997.9203764109847,-2708.888888888885,101658.33190839383,136.32564174870794,90,444,0.26208111111111115,0.0952110958930589,2.5579538487363607e-13,-180792.74036964113,532435.0974745722,-1227.648205984731,2225.5685823957156,-24552.98824243618,-49967.571219534635
2018-05-10,883.6659780877474,-522.2222222222233,108131.26498751043,157.33329450506284,90,442,0.25585222222222226,0.09087176094221934,-5.684341886080802e-14,2599.728428296301,523474.9333301287,-2658.305446425291,3541.971424513038,-26306.48356329492,-53339.29981017253
2018-05-11,2822.958372533707,-2779.545454545455,116945.82592996818,127.12459825550472,88,439,0.26627954545454546,0.11913202772812294,-5.684341886080802e-14,-148784.88815009268,539686.5150032813,-4695.248673497069,7518.207046030777,-26540.622708213843,-55777.07919070589
2018-05-14,3011.35681829002,2146.6666666666642,92531.6422067016,242.46766092006933,90,441,0.25728944444444446,0.08128056130336629,1.4210854715202004e-13,-438417.40919600416,536136.9873145975,9787.814719250764,-6776.457900960745,-20364.021394305448,-43496.93194598085
2018-05-15,-2347.3591182307946,-1791.1111111111222,92019.48346279141,206.57591542682397,90,441,0.2698388888888889,0.08605184573586329,-8.526512829121202e-14,-468390.6882732895,554794.7500929703,-2965.693026751397,618.3339085206028,-25558.80589935547,-48563.67676505332
2018-05-16,7343.306765377451,5191.111111111114,106113.18585614687,229.06730155799212,90,445,0.26766,0.09418906898471889,1.4210854715202004e-13,-460010.5922061272,552152.2396819142,-1312.6599144955183,8655.966679872969,-19414.057000217257,-45942.353464253974
2018-05-17,-3316.990701649175,7624.444444444444,98325.89905589378,207.07009127030605,90,444,0.25839,0.08988612902007644,-1.1368683772161603e-13,-363577.5210688646,533009.6042229808,-310.44443501094366,-3006.5462666382314,-28105.535556892926,-52687.01032086637
2018-05-18,5731.847575302612,-3883.3333333333294,95315.97047644774,224.6339861448389,90,443,0.2629661111111111,0.09109032419912856,0.0,-393563.86528594396,544948.6949818844,-3688.7932865782645,9420.640861880876,-18321.779029954163,-42150.77164906609
2018-05-21,5323.875704673361,11336.363636363632,107126.57381234888,163.36261367564754,88,437,0.2611318181818182,0.09340899282545592,-2.842170943040401e-14,-229981.13361283345,531412.4170370157,-694.0554833347759,6017.931188008137,-21621.13036208951,-48402.77381517673
2018-05-22,-27246.077940547293,-8235.555555555551,136190.11979768256,252.8353831356269,90,446,0.24828277777777777,0.10597327029255861,-8.526512829121202e-14,-282644.27180297644,517341.06328264833,8971.650350811095,-36217.728291358384,-61546.44327310356,-95593.97322252419
2018-05-23,9255.569200380534,7898.8888888888905,107838.38712562191,231.802996040524,90,441,0.2536966666666667,0.09892255199193736,-5.684341886080802e-14,-413369.46032748744,528596.7686085274,1528.261147639183,7727.308052741351,-17935.83057706547,-44895.427358470944
2018-05-24,-5857.36572508646,11686.363636363636,119219.33596620735,319.756265021315,88,435,0.24615852272727273,0.1061839057023848,-1.9895196601282805e-13,-515495.6501549259,525433.9177969631,-2900.7934420787824,-2956.5722830076775,-35981.95598165961,-65786.78997321146
2018-05-25,5620.112699298086,-6256.250000000001,117937.8372454731,88.27734329668115,48,235,0.25581562500000005,0.10183804750653967,-2.8421709430404007e-13,-121809.74404050961,513948.82684893045,12111.70800852195,-6491.595309223863,-23952.62395536687,-53437.08326673514
2018-05-29,-1356.532607812085,714.5833333333298,107546.87460912575,101.40869616128977,48,237,0.2828260416666667,0.09549724487967137,0.0,-28555.796606349933,569186.7760393511,-5443.654226249009,4087.1216184369246,-28344.65995625481,-55231.37860853625
2018-05-30,-12917.259318418448,-9052.083333333328,120587.2135986512,115.87473234123249,48,237,0.25796145833333334,0.08448131086520927,1.7053025658242404e-13,-24050.625499746064,520394.2604166455,5321.012923717406,-18238.272242135852,-43179.937450422476,-73326.74085008529
2018-05-31,10799.723177114847,7422.916666666657,112995.460501011,95.93106866936925,48,237,0.2712364583333334,0.10440291692749078,-3.410605131648481e-13,21616.392117117583,545739.2256139915,-2571.3622909529213,13371.085468067768,-17545.07301680727,-45793.93814206002
2018-06-01,18586.08071419109,7272.9166666666815,94114.96041525225,106.48448135899973,48,237,0.26031458333333335,0.09061918117795682,0.0,-19499.265501286394,524110.63826683187,8942.806773225613,9643.273940965473,-5049.1438709809745,-28577.883974794036
2018-06-04,15253.263762368842,2166.6666666666715,70137.58325825467,96.21630986332556,48,238,0.24956145833333335,0.06711257028577465,-1.1368683772161603e-13,-67648.71810269557,502243.17721807613,16804.810666022622,-1551.546903653779,-2377.348362058151,-19911.744176621818
2018-06-05,2038.015385654634,1669.3181818181727,79896.03123802258,180.76928119319862,88,438,0.23501988636363638,0.08358423998670633,1.4210854715202004e-13,65022.04499251428,488325.6213479796,2745.886280339953,-707.870894685319,-18116.76170504421,-38090.76951454986
2018-06-06,4714.264116776795,3239.7727272727284,80960.59651791072,161.65589741026147,88,440,0.23189375000000004,0.08986786720212513,-8.526512829121202e-14,-131103.04900745003,476523.0847983062,4100.660515299147,613.603601477648,-15687.540910111145,-35927.69003958882
2018-06-07,9699.97582810504,8905.681818181825,91921.34008228805,171.49368624862174,88,438,0.23792272727272729,0.09768699978017509,-8.526512829121202e-14,-136761.48810521918,491214.79157108435,708.1527659684483,8991.823062136593,-13451.852878715594,-36432.18789928761
2018-06-08,-6556.633131246292,-8143.3333333333385,98245.54784618865,176.8707925356495,90,441,0.23081333333333337,0.09583862283000592,-1.1368683772161603e-13,-229900.36041208234,476196.3678564324,-3271.2678269221733,-3285.365304324118,-31294.890885329107,-55856.27784687627
2018-06-11,-783.9441618947715,-915.9090909090986,80106.37889954734,176.50060041305102,88,438,0.23078863636363636,0.08713351769649497,0.0,-447755.49821690016,474067.165407278,-323.113831384511,-460.8303305102605,-20987.03948719466,-41013.634212081495
2018-06-12,-3069.729537297774,129.99999999999773,87294.71385457802,158.4101714057383,90,444,0.2225038888888889,0.08691751532407915,-5.684341886080802e-14,-335261.3371924147,456820.00981346227,9449.627371720497,-12519.35690901827,-25051.81817234802,-46875.496635992524
2018-06-13,3143.538534728393,2023.8636363636417,106361.02708335464,137.18000620250638,88,437,0.23772045454545454,0.1106472774812742,5.684341886080802e-14,-348584.05819368525,484346.9993732014,1311.6806532497644,1831.857881478629,-23583.898242312775,-50174.15501315143
2018-06-14,7986.696221441427,4763.333333333332,104156.94413703486,201.36117033409886,90,443,0.23636611111111114,0.09555653791309589,-8.526512829121202e-14,-467470.5308945884,488984.2237694868,4128.128862961047,3858.5673584803794,-18253.900983151387,-44293.1370174101
2018-06-15,5753.10975347761,1384.0909090909083,111656.76643366113,190.49419100428256,88,440,0.2334414772727273,0.1198097479120754,-2.842170943040401e-14,-469121.4156821855,482897.64190616505,3578.5384723862508,2174.5712810913587,-22351.576045941958,-50265.76765435724
2018-06-18,-600.1455000332697,-1971.1111111111031,81597.84336678796,224.85015086040138,90,444,0.2422855555555556,0.07898551870771245,-1.1368683772161603e-13,-401287.7675075178,506905.884734706,6775.634663993029,-7375.780164026298,-21224.45649259066,-41623.91733428765
2018-06-19,8056.3423716376665,6576.666666666677,100582.16422956003,227.31188383618388,90,443,0.2459505555555556,0.09338502093434467,2.842170943040401e-14,-346507.54646833095,511056.6962757015,5568.824244078517,2487.5181275591494,-17316.510569588525,-42462.05162697854
2018-06-20,-10345.851290017416,3333.3333333333358,101115.27460976735,226.27551923942553,90,442,0.24304944444444443,0.09431997005192676,-1.9895196601282805e-13,-665173.3469845104,505620.71806219727,7973.476497388186,-18319.3277874056,-35850.94546169868,-61129.76411414052
2018-06-21,-7701.916164326535,7006.81818181818,135983.46962548723,227.08407416376915,88,438,0.2542909090909091,0.10661646810590718,2.2737367544323206e-13,-463848.8984178582,529165.6576521609,1998.6157380214784,-9700.531902348015,-41924.867644862104,-75920.73505123392
2018-06-22,1276.8984550293553,688.6363636363646,112194.82837990466,250.9589002497259,88,438,0.23778465909090912,0.12328355253775546,1.1368683772161603e-13,-663130.6742658037,496024.6473816392,19869.14016446143,-18592.241709432074,-27022.767540196535,-55071.4746351727
2018-06-25,12472.405282240257,10204.54545454546,147583.3125128885,220.41047330669116,88,440,0.2719625,0.1312093532990772,-2.5579538487363607e-13,-518216.18704800727,561126.7516004725,5004.745479586836,7467.659802653422,-24643.833319288555,-61539.661447510676
2018-06-26,2371.4780474014733,5068.181818181814,142534.9214129668,210.90096522721865,88,437,0.2690539772727273,0.1273568311543639,-5.684341886080802e-14,-588080.3918575053,553108.7355861141,6708.415355561789,-4336.937308160315,-33473.15327106745,-69106.88362430915
2018-06-27,9879.979253291634,9726.136363636366,147073.0776366056,219.1834689162955,88,435,0.26648068181818185,0.1317439363107755,-1.4210854715202004e-13,-542329.5526901948,551887.9279695406,7329.518556107023,2550.46069718461,-27107.473624776063,-63875.74303392746
2018-06-28,-2848.2057177536426,142.0454545454445,168144.34674258353,253.85988009296148,88,433,0.2675818181818182,0.13631668203902098,1.7053025658242404e-13,-610738.0712833432,558354.5947627574,-6466.173191019069,3617.9674732654275,-45138.15228349248,-87174.23896913837
2018-06-29,14829.171925141354,7481.395348837194,152522.97201336946,276.7246563173248,86,426,0.26255523255813956,0.14659583553703145,-2.842170943040401e-14,-550812.7653621567,545942.0385106266,2706.466125705725,12122.70579943563,-23578.29573451834,-61709.038737860705
2018-07-02,6520.94575046941,3404.1666666666642,130692.36366685835,100.22174242864489,48,238,0.2853145833333333,0.09107712258562191,1.1368683772161603e-13,-11668.480925951677,573146.5806594542,2499.6522348461017,4021.293515623308,-26252.366908673823,-58925.45782538841
2018-07-03,10199.762728646954,6656.666666666665,162004.36738393322,126.28637257472568,90,445,0.29368611111111115,0.1465921792669344,1.4210854715202004e-13,88905.24479407538,594414.3004371428,-4111.126463301815,14310.889191948769,-30427.615489911077,-70928.70733589439
2018-07-05,2867.7199462291514,1373.333333333327,152315.8798613516,150.64103890466092,90,445,0.2802922222222222,0.10375783621929542,0.0,-224694.46490883402,571947.972065252,-2601.4365572226743,5469.156503451825,-35361.8910580134,-73440.86102335132
2018-07-06,9698.979936823363,6078.409090909099,148734.27994088968,119.69377080427307,88,434,0.2743693181818182,0.14099219745179226,-1.1368683772161603e-13,-171933.89722935698,554724.281875886,-4185.71654285197,13884.696479675335,-27604.283819203327,-64787.85380442575
2018-07-09,3166.375354663085,1444.4444444444487,92055.15501685912,135.85480030906822,90,447,0.2640738888888889,0.09086388296695673,-2.842170943040401e-14,-130632.0181731569,535699.2831751523,-2623.1558084309795,5789.531163094065,-19983.268199860766,-42997.056954075546
2018-07-10,7354.784660135746,4124.444444444444,120348.59910613408,114.2884078859694,90,449,0.28413944444444444,0.08836770431961805,2.842170943040401e-14,-155918.04131444692,574103.4433269263,9699.303069201591,-2344.5184090658454,-22846.65352428374,-52933.803300817264
2018-07-11,17762.09870991919,6365.555555555555,105661.88762220395,110.58686851063874,90,445,0.27497333333333335,0.09563924665608832,-1.4210854715202004e-13,-180131.2947200207,554669.2943883191,9390.136205521203,8371.96250439799,-8763.960064142435,-35179.431969693425
2018-07-12,6796.43255562074,3570.0000000000027,128139.71044160861,151.84607793690202,90,449,0.27079833333333336,0.10893876610300679,0.0,-272841.4610367331,552408.3853845304,702.7546866860691,6093.67786893467,-25390.341132718313,-57425.26874312047
2018-07-13,4717.815840929074,-3231.1111111111077,102109.19024163458,151.79527898517202,90,448,0.2695544444444445,0.09694268084372205,-2.842170943040401e-14,-276141.5730358024,548555.072530332,-2031.4815477674308,6749.297388696505,-20961.276998464746,-46488.574558873384
2018-07-16,-5.2362012506523286,-808.6956521739123,76447.81939446201,224.89206018390175,92,451,0.2701576086956522,0.06714379463078064,5.684341886080802e-14,-385975.40230758203,559065.8125355097,-2422.374824822896,2417.1386235722434,-19342.083110050058,-38454.037958665554
2018-07-17,794.8658135121627,-2616.6666666666647,74089.21944513629,236.99553804839232,90,449,0.25933,0.06868219385194799,2.842170943040401e-14,-504051.5636253564,540105.6905755585,-851.894592046619,1646.7604055587817,-17964.4345858203,-36486.73944710437
2018-07-18,7461.916370809257,12221.739130434786,80663.52880806956,245.90338067972715,92,451,0.25670978260869565,0.07170471848088905,-2.842170943040401e-14,-575040.89694256,538282.9084640552,4044.4902630288534,3417.426107780405,-12949.86921188786,-33115.75141390525
2018-07-19,8269.384737818045,7403.3333333333285,92883.46986762059,294.1384645960137,90,445,0.2591088888888889,0.08001072285226965,-5.684341886080802e-14,-535960.6172077996,548431.7364244908,-2871.1439742151083,11140.528712033152,-15245.621193683115,-38466.488660588264
2018-07-20,4286.46405235175,-2324.444444444445,89135.53908425545,288.1368598059563,90,445,0.26031333333333334,0.08493673151074653,5.684341886080802e-14,-94145.77053855285,547443.4332782947,-910.5547315628387,5197.018783914589,-18285.55757851807,-40569.44234958193
2018-07-23,4896.097932901593,7590.0,110181.48613398013,216.21102728618007,90,447,0.2563066666666667,0.09617213720884797,1.1368683772161603e-13,-244288.23071234763,530430.6540861283,5138.413014843997,-242.3150819424054,-22865.484627879618,-50410.85616137466
2018-07-24,-4818.965576497099,7397.77777777778,122099.50104361039,210.6510745707483,90,446,0.24918777777777779,0.09756329168046783,1.4210854715202004e-13,-346302.6049167308,516856.60393896635,1066.4523370758202,-5885.41791357292,-35554.49191197044,-66079.36717287304
2018-07-25,-73.06675475066399,20979.545454545463,136184.8578500144,228.12362902646018,88,438,0.2604352272727273,0.13325252479406832,0.0,-478797.1759255078,539575.2398739925,5675.0647699937335,-5748.131524744397,-34347.404846280726,-68393.61930878433
2018-07-26,10410.876905887148,10036.363636363632,139216.90217685528,237.71063359902263,88,439,0.26909204545454546,0.10230285059020336,5.684341886080802e-14,-435497.27672638744,557145.0384853216,7744.49819781305,2666.3787080740963,-24631.059271925693,-59435.284816139516
2018-07-27,260.6761874330596,4995.833333333325,95304.4542047286,97.47024182117777,48,235,0.26076770833333335,0.09550794512770415,5.684341886080802e-14,47072.87480044623,523833.9272404554,8276.867883393003,-8016.191695959942,-23662.907605570268,-47489.02115675241
2018-07-30,3051.5235333006217,1183.3333333333312,111296.0860710399,100.07991699973911,48,237,0.2804010416666667,0.08704747177504142,0.0,15831.446994693168,563250.9949410236,7921.744287489012,-4870.22075418839,-24872.577901459095,-52696.59941921907
2018-07-31,24638.865522385324,26375.000000000004,119693.23073625885,97.17701957299451,48,238,0.26543125,0.09357265557243549,-1.7053025658242404e-13,-44320.546992869684,533029.2872267367,5816.444324363701,18822.421198021624,-5381.619181252382,-35304.92686531709
2018-08-01,4493.066733889655,14750.0,114278.65902707433,92.55081908878167,48,236,0.2823322916666667,0.09173862682904184,2.2737367544323206e-13,-75322.92792575003,566938.5047131627,-1242.8907549444586,5735.957488834113,-24169.148841967708,-52738.8135987363
2018-08-02,5215.992908640499,6814.583333333346,105216.89509878182,92.66505204001376,48,240,0.28093645833333336,0.08791888423289441,1.7053025658242404e-13,-92232.57380544358,564035.9894025942,-6545.43520623426,11761.428114874758,-21180.89591809497,-47485.119692790424
2018-08-03,3891.627737625765,-981.2499999999973,91130.70141992043,105.82395677115062,48,235,0.2655979166666667,0.08723182086258996,5.684341886080802e-14,11587.002691798572,533840.519241434,-8869.730884972021,12761.358622597787,-18996.871574125493,-41779.5469291056
2018-08-06,-1884.509061360389,-6110.416666666656,103001.64874282462,103.222324102209,48,237,0.2618739583333333,0.0880662996133656,2.2737367544323206e-13,65880.11641817377,526558.5432828096,-2692.004657443066,807.4955960826775,-27738.14357116875,-53488.55575687491
2018-08-07,-1385.6886738055314,-3819.3181818181847,101963.10493285905,109.75838288371644,88,439,0.24554090909090912,0.09078992558758568,0.0,-107092.5395216619,495518.9585002628,-1300.9632490136225,-84.72542479190905,-26986.22328990401,-52476.99952311877
2018-08-08,3314.0869921584717,5481.818181818186,128630.1267551836,119.55687326427463,88,438,0.24743011363636364,0.10808018870089722,5.684341886080802e-14,14248.39366271428,500823.9843098848,684.7829041745638,2629.304087983908,-28963.001569901706,-61120.5332586976
2018-08-09,-423.8143198456832,-2002.2727272727307,102525.78247172966,121.66393401356748,88,440,0.2454039772727273,0.09730461981972635,1.1368683772161603e-13,-100047.12884841768,496321.1424372189,5502.222860056659,-5926.037179902341,-26176.923871791663,-51808.36948972408
2018-08-10,-8415.977471185653,-9774.999999999995,117397.07448421791,119.97619745686804,88,440,0.2623039772727273,0.10229253888107898,0.0,27713.145309193857,531945.5403990652,-2502.6445755555433,-5913.33289563011,-37885.222289697,-67234.49091075148
2018-08-13,-3461.964199482969,5077.272727272738,124633.60583172644,158.7448735517206,88,439,0.2676454545454546,0.10065370750292697,-2.842170943040401e-14,-281965.4246806747,545842.7959785358,-3298.689352907979,-163.27484657499022,-34779.110530966296,-65937.51198889791
2018-08-14,14185.398741904984,3148.863636363638,128197.06875910219,147.26966906954516,88,439,0.26213125,0.10862476784314606,0.0,-85385.9035814219,533146.6979964513,29794.76833940157,-15609.369597496583,-18011.138116940107,-50060.40530671565
2018-08-15,3523.3973248960897,4366.666666666668,131412.08186422943,138.1087708753733,90,441,0.26893222222222224,0.10574749973025416,2.2737367544323206e-13,-226931.91887224186,546162.161953035,-5183.558292206839,8706.955617102929,-29467.73191203664,-62320.752378094
2018-08-16,-4782.554583350164,5103.40909090909,127052.56402472478,174.17437855187174,88,440,0.2510255681818182,0.11322479708339223,-8.526512829121202e-14,18559.699355987035,514312.06588511216,-3097.614102060859,-1684.9404812893051,-36719.86996808323,-68483.01097426443
2018-08-17,9224.090290671054,3842.045454545456,119835.60505139905,147.74816845829824,88,437,0.2512465909090909,0.10734281175672399,-5.684341886080802e-14,-334721.68709088664,510416.001390053,-3690.5606933173626,12914.650983988417,-20882.559140637008,-50841.460403486766
2018-08-20,9260.530776210366,16013.33333333333,85292.32946291992,162.05163164715196,90,444,0.2452477777777778,0.08460642087040425,-2.2737367544323206e-13,-212393.82202306972,499630.1381541416,1617.8198605228563,7642.7109156875085,-12224.603221166766,-33547.68558689675
2018-08-21,2048.440212404144,2562.2222222222204,82599.09667767376,187.37946886025054,90,443,0.24469055555555555,0.08168562325287959,-1.9895196601282805e-13,20996.590185650894,505837.6097478217,2834.8874729973336,-786.4472605931892,-18788.713425874546,-39438.48759529299
2018-08-22,1148.5723353920125,3640.9090909090833,87410.83489353175,198.0825740636601,88,440,0.2457943181818182,0.08117547942791403,-1.4210854715202004e-13,-309720.6444708121,506334.04738540656,-2588.1871839358064,3736.7595193278194,-20902.218962054587,-42754.92768543752
2018-08-23,106.78709864555864,14521.11111111111,81059.86178524734,222.83916263712172,90,444,0.243925,0.08000988905609321,-1.1368683772161603e-13,-260056.08482918603,505716.2923397786,-3232.030127066769,3338.8172257123283,-20381.017510303398,-40645.98295661523
2018-08-24,-3471.8522460275935,-8297.777777777786,82513.40564037293,222.5379136028173,90,442,0.2316938888888889,0.08479375152921087,-2.842170943040401e-14,-201163.76431420748,478327.13616685796,-2921.144127488461,-550.7081185391329,-24322.741569723643,-44951.09297981688
2018-08-27,7533.819356017111,6978.888888888893,88351.19210470124,251.7850255070461,90,444,0.23601444444444447,0.08636732673540327,8.526512829121202e-14,93885.12467655956,493600.6704917395,1337.233362647467,6196.585993369645,-14805.763695665246,-36893.56172184055
2018-08-28,10399.706716544202,9227.777777777781,91900.0015108857,278.5645955887964,90,443,0.226125,0.09821968270261737,2.842170943040401e-14,-725318.3554294134,474909.7142293443,-1418.8157251495015,11818.522441693704,-12853.85825676602,-35828.85863448744
2018-08-29,3381.931229106311,12248.40909090909,99240.71685715661,297.04740247762453,88,440,0.22347931818181818,0.09047507283965121,1.1368683772161603e-13,-383591.0163092815,471712.09295086446,4640.978175062394,-1259.0469459560836,-21725.295387660466,-46535.47460194962
2018-08-30,-617.4845663239792,2624.999999999994,102276.78043789565,300.3495112628658,88,439,0.2260409090909091,0.10503654112219638,-1.1368683772161603e-13,-472220.6838212751,474430.8615684629,-3000.7875749406753,2383.3030086166964,-26487.029187060758,-52056.22429653467
2018-08-31,3570.8588329917966,818.1818181818155,115096.29972453762,361.9769941731763,88,435,0.2175403409090909,0.12500375224266805,2.842170943040401e-14,-703491.2921183425,467744.245661962,5468.414021149495,-1897.555188157698,-25565.19309231578,-54339.26802345019
2018-09-04,1630.1557811324137,-307.77777777778914,86270.67613291876,154.3556184513849,90,444,0.2298188888888889,0.09490830009527777,0.0,-19549.668701238894,471389.94585022965,5359.130678785693,-3728.974897653279,-20091.86887054866,-41659.53790377835
2018-09-05,2606.558623925843,2996.666666666672,86061.20061785344,177.98294049538575,90,447,0.23499166666666668,0.08886716722460224,-5.684341886080802e-14,-269955.788946999,487040.49249590095,4783.697432507412,-2177.138808581569,-19086.7244710329,-40602.02462549626
2018-09-06,4133.9938429876265,3926.66666666667,92369.68912041221,158.90384419015083,90,446,0.2334027777777778,0.08754436114066327,-1.7053025658242404e-13,-415423.51714146644,481198.9215034944,4898.409989220436,-764.4161462328098,-19117.332281305575,-42209.75456140863
2018-09-07,-3608.7597004862487,-4088.888888888884,87946.39442497477,177.3016537837513,90,442,0.23733777777777781,0.09404243323669778,-1.4210854715202004e-13,-293902.59899491153,490722.16654592316,-3139.567538562004,-469.1921619242449,-25772.65996051369,-47759.25856675739
2018-09-10,2730.357038204148,1294.4444444444398,81407.96525570402,192.01640914464235,90,446,0.23004333333333335,0.08713204557802522,3.126388037344441e-13,-383387.350687924,478363.9760315923,2182.769306443027,547.587731761121,-17813.6506848665,-38165.641998792504
2018-09-11,1118.3998505339869,-449.9999999999933,92863.17688561481,183.38647244102756,90,447,0.23836444444444443,0.09280607553943222,-8.526512829121202e-14,-199190.3039671081,492666.12874801445,3019.8905687026386,-1901.4907181686522,-22280.780843310742,-45496.57506471445
2018-09-12,3138.310961156898,5761.1111111111095,103121.92283738799,173.09204726235706,90,447,0.2406461111111111,0.09624265123508174,2.842170943040401e-14,-317615.1489720602,494714.0003476057,-3354.8132567833914,6493.124217940289,-22815.261795452458,-48595.74250479945
2018-09-13,891.984030549634,1364.4444444444468,97279.46743357072,165.38647499491222,90,441,0.22854944444444444,0.10411789833821204,2.2737367544323206e-13,-382313.3866796243,469332.0917519082,-3076.6764254703517,3968.6604560199858,-23593.26930283796,-47913.13616123064
2018-09-14,5967.136355603542,-301.1111111111094,93352.02933488903,194.06540339335194,90,444,0.2231466666666667,0.09662919538144739,1.9895196601282805e-13,-456349.75701489265,462392.54335566156,6700.999764187303,-733.8634085837616,-17564.936381512067,-40902.94371523432
2018-09-17,10498.21013623689,8777.77777777777,88769.34299070048,238.60722263396568,90,446,0.24356944444444445,0.0938812675173351,5.684341886080802e-14,-479445.0829464775,508646.83882653445,12.194029345077354,10486.016106891813,-11932.732834072194,-34125.06858174731
2018-09-18,8426.58034719578,2920.000000000003,89735.58235522192,297.74033226335223,90,448,0.23307277777777782,0.09081300356709512,-1.4210854715202004e-13,-620216.2478355285,495581.4875762613,6752.929646706221,1673.6507004895598,-14305.055573873053,-36738.95116267853
2018-09-19,9485.752016842269,9677.77777777777,80859.26832059138,278.90545266932486,90,447,0.23980500000000002,0.08225768686739988,-1.4210854715202004e-13,-499921.53658517107,503877.0377943911,-719.3145989124391,10205.06661575471,-11007.970515974901,-31222.787596122744
2018-09-20,3206.968738729561,2317.7777777777846,84206.24916427874,284.5244817681773,90,447,0.2255977777777778,0.08679276802524423,-1.4210854715202004e-13,-907877.0456573388,478080.6694122307,-4742.1397498683755,7949.108488597937,-18129.1180341083,-39180.68032517798
2018-09-21,3858.9692452430554,-634.4444444444528,90351.32397007602,235.6010895403852,90,443,0.22453277777777778,0.10180899941675992,-2.842170943040401e-14,-781133.1582789246,469172.2314316177,7324.3023812245765,-3465.333135981521,-18964.462836816336,-41552.29382933534
2018-09-24,5389.609990650139,4492.222222222219,105082.48890299059,155.60224975705205,90,444,0.2581161111111111,0.10522908405439363,2.842170943040401e-14,-318653.7634283499,525718.3235152685,851.6594780339557,4537.950512616183,-21036.61448485456,-47307.23671060221
2018-09-25,10296.526203154406,11632.22222222223,117083.82904809804,203.25635966986286,90,446,0.2556761111111111,0.1046327706351912,-1.4210854715202004e-13,-333419.64027456054,526739.9470240342,2204.275640708215,8092.250562446191,-19177.68741853997,-48448.644680564474
2018-09-26,9388.351693485361,5446.590909090906,102786.45498123713,216.13053535254048,88,432,0.2481630681818182,0.10467167706873128,1.7053025658242404e-13,-288605.78708412807,513516.9653761412,876.0488254043491,8512.302868081013,-16524.392587176462,-42221.00633248574
2018-09-27,1798.2535668802648,-648.8888888888918,148154.44621319725,255.29252129542954,90,441,0.25600055555555556,0.11611782878194565,-5.684341886080802e-14,-646098.8444526659,532926.0293829526,3410.264599726106,-1612.0110328458409,-35495.650507714476,-72534.2620610138
2018-09-28,12271.410592894039,7181.818181818173,124967.58518037297,306.5362351146723,88,434,0.2549994318181818,0.13268313525420894,-8.526512829121202e-14,-763277.4679531712,539886.2661785514,-526.3715214135868,12797.782114307627,-19277.02193731388,-50518.918232407115
2018-10-01,5492.595965863129,745.8333333333378,80520.59207869135,98.86007635588965,48,239,0.26163333333333333,0.08456389732706528,5.684341886080802e-14,53898.289847303924,526825.7480706817,10685.033714382655,-5192.437748519525,-14736.412130165598,-34866.56014983843
2018-10-02,1302.289675990214,-108.8888888888846,77022.55243767035,123.58960415922317,90,450,0.26358833333333337,0.0727898221583097,2.842170943040401e-14,-7449.843799479901,533976.9781405294,-28.508700694332312,1330.798376684546,-18076.9380375866,-37332.57614700418
2018-10-03,5391.6127351640025,1446.7391304347816,81035.27285907135,111.07634835983463,92,454,0.26558858695652177,0.06930147138345354,0.0,-24099.856023598735,536157.6504099173,15366.030188389246,-9974.417453225244,-14978.28182796367,-35237.10004273151
2018-10-04,2033.3921267287185,-114.13043478260832,96570.60821118733,136.00604904861314,92,452,0.2623586956521739,0.08402121281355983,5.684341886080802e-14,901.8953542464296,531713.9917025651,4677.178477807127,-2643.7863510784086,-22245.265975116727,-46387.91802791356
2018-10-05,10560.416083504459,4164.444444444446,115890.24524237974,133.0652630018383,90,449,0.2822016666666667,0.09249852460249836,1.7053025658242404e-13,-81856.43222868141,573397.291193775,4681.26616825003,5879.149915254428,-18545.210490092315,-47517.771800687246
2018-10-08,-4694.768777060957,-2792.391304347819,133781.60213822938,153.8860421805095,92,454,0.2920527173913044,0.10546374169656594,-1.7053025658242404e-13,-332982.47806875926,597353.1033935603,1745.5047737609257,-6440.273550821883,-38294.05535379881,-71739.45588835617
2018-10-09,1173.6639759895738,241.30434782607608,192828.3187553953,129.05141506944312,92,453,0.29089619565217395,0.11401427714746616,-2.8421709430404007e-13,-192912.60879334927,589934.184059101,44551.14716765208,-43377.483191662504,-47162.46712792869,-95369.54681677751
2018-10-10,6059.235184673745,7584.444444444451,219236.9390918549,122.96362682553004,90,444,0.31256222222222224,0.14308294059971347,-2.2737367544323206e-13,-139909.60988825676,632997.6195884792,28560.34113634231,-22501.105951668567,-48872.96321511551,-103682.19798807924
2018-10-11,17524.03409876869,11851.136363636373,173299.80482697827,145.28253090161581,88,434,0.3104130681818182,0.13638314661665166,-1.1368683772161603e-13,-93218.23805802608,630110.0129863791,-5573.10145685064,23097.13555561933,-25946.199638877493,-69271.15084562206
2018-10-12,11243.211737663729,10277.77777777778,154417.33802017296,149.63711549859119,90,443,0.29158333333333336,0.14553398806466963,0.0,-102227.03737477429,594502.5689289959,-8767.916396758095,20011.128134421822,-27510.7598828781,-66115.09438792134
2018-10-15,7967.912811560999,6482.608695652163,140751.86770969455,238.49442353568327,92,452,0.30458695652173917,0.1111760047071976,1.4210854715202004e-13,-425114.6271531335,631777.0731313793,-2433.5427656596617,10401.45557722066,-27458.548539398318,-62646.515466821955
2018-10-16,4585.429572238155,1965.8695652174058,126946.73253786551,227.47695371500728,92,453,0.291954347826087,0.10568359700623083,-5.684341886080802e-14,-383193.0773578251,601649.310377957,1482.53446963745,3102.8951026007053,-27378.73051594323,-59115.4136504096
2018-10-17,6997.96449472798,6103.260869565228,150203.64810422118,238.01439966913745,92,455,0.30851413043478265,0.09884789375198776,2.842170943040401e-14,-517139.7595757532,641966.9976917832,16182.75795671758,-9184.793461989599,-30790.96193099645,-68341.87395705175
2018-10-18,231.77079594082062,4961.9565217391255,136475.1989810712,225.01840384543783,92,451,0.3105945652173913,0.10457192859105963,-1.1368683772161603e-13,-284423.98034149746,640923.1048807814,-362.670026965693,594.4408229065141,-34112.04735317242,-68230.84709844022
2018-10-19,6248.279418797693,1585.8695652173822,152726.61964855174,232.4014829325225,92,451,0.33091467391304347,0.12446832773425005,1.7053025658242404e-13,-591920.6744242192,685024.2001754614,1208.7351305298305,5039.5442882678635,-32165.776976272766,-70347.43188841069
2018-10-22,7084.862628211913,11451.086956521744,140810.92961872925,213.68309230675294,92,453,0.31121413043478263,0.10430127835413075,2.842170943040401e-14,-486979.23148785485,641814.894972103,10374.07541499307,-3289.2127867811582,-28331.55286877715,-63534.28527345946
2018-10-23,8611.002044284196,16125.000000000004,203092.6422100709,211.08920336695027,92,452,0.33171304347826086,0.11399791604285983,8.526512829121202e-14,-392154.344775021,680035.9120731638,46612.47106821528,-38001.46902393108,-42373.247711600474,-93146.4082641182
2018-10-24,18232.016779838556,22437.50000000001,261141.8454054329,205.0701560432991,88,438,0.36726193181818184,0.20062746116406033,-5.684341886080802e-14,-199612.77592655804,752295.611787205,-1759.2477928701533,19991.264572708707,-47258.514727562964,-112543.97607892119
2018-10-25,-702.7895375807332,9710.0,233683.9238831606,205.1758779719076,90,447,0.35743,0.14566855916127772,-1.7053025658242404e-13,-103085.36241652837,731005.2861784926,27286.539224952565,-27989.328762533296,-59328.946386342795,-117749.92735713294
2018-10-26,-4015.0118974042184,-6277.08333333334,253770.8613981714,108.02563517936211,48,238,0.392165625,0.17741603939992823,1.7053025658242404e-13,1879.5333313606848,788102.3059615641,6293.670636587124,-10308.682533991343,-67565.75288212643,-131008.46823166928
2018-10-29,34638.982358437315,26029.16666666664,221802.04892181497,110.7646165496336,48,237,0.40003125000000006,0.1769307088299812,-2.2737367544323206e-13,-50507.28430936663,803206.0187712174,10181.18142350699,24457.800934930325,-20922.29448856606,-76372.80671901982
2018-10-30,20345.030964060774,26660.41666666669,195652.92977168038,117.21873660421636,48,238,0.414365625,0.13258981722172805,1.1368683772161603e-13,-117777.74104697385,833189.351183489,-4520.480023635841,24865.510987696616,-28685.42021546354,-77598.65265838364
2018-10-31,1215.046074941217,8314.583333333354,198712.62759436088,106.68874024607275,48,239,0.37471458333333335,0.12993866565519957,0.0,-107093.90016951441,752873.5756600084,8623.080264155531,-7408.034189214313,-48569.799563895074,-98247.9564624853
2018-11-01,9626.416594195456,11955.999999999989,227526.72996747107,98.11501573424627,50,242,0.374212,0.12248269087796927,-3.410605131648481e-13,-201010.01322120562,752740.1772314017,8621.492662155846,1004.9239320396091,-47353.38091340656,-104235.06340527433
2018-11-02,7042.836556310465,-433.33333333330984,211971.131184008,92.02900242714342,48,239,0.3708197916666667,0.1575287930236857,5.684341886080802e-14,-119560.64253306354,744665.6029740247,-7616.307020858898,14659.143577169363,-46041.97524211868,-99034.75803812068
2018-11-05,10122.213672889508,14380.000000000005,185130.1606404569,107.92537298738105,50,242,0.379095,0.13407301365540655,-1.7053025658242404e-13,-105004.06030882835,762049.1444211643,-6663.001408228832,16785.21508111834,-36268.2518602121,-82550.7920203263
2018-11-06,-8053.117663491679,4493.333333333341,155504.43508967262,155.25877801727356,90,450,0.32092444444444446,0.12097686544192167,-8.526512829121202e-14,-296214.3328541089,653919.0962497991,-11287.829822526002,3234.7121590343227,-47084.48521392711,-85960.59398634527
2018-11-07,7214.166033337767,19513.04347826087,154675.87671349826,121.08987809790075,92,452,0.31640108695652175,0.1130491240476442,-1.4210854715202004e-13,-109398.68478389541,639799.3433434563,3133.9963663230433,4080.169667014723,-31575.8930231347,-70244.86220150927
2018-11-08,6549.892159363179,5287.499999999998,168216.58966600162,126.38592028750307,88,439,0.3021102272727273,0.12144472230218589,1.1368683772161603e-13,-106886.73136253867,611012.6719629411,19728.347206531602,-13178.455047168425,-35630.641177424724,-77684.78859392513
2018-11-09,-16474.19674937044,-10961.111111111108,169219.91507596432,116.79421138313,90,446,0.31639,0.12438911037501556,-8.526512829121202e-14,-131896.74078291852,638243.9059715553,22926.845973014064,-39401.0427223845,-58895.96972974465,-101200.94849873573
2018-11-12,2251.43855396754,655.5555555555594,159313.17591864654,116.26577241204727,90,441,0.3299788888888889,0.13356137148278624,5.684341886080802e-14,-55019.975166085875,665188.9920552932,1360.9858776792278,890.4526762883122,-37693.12119810614,-77521.41517776778
2018-11-13,-4123.812419978762,1268.8888888888996,187834.59609367212,123.24979372714037,90,450,0.35597666666666666,0.12281045369175171,1.1368683772161603e-13,-125567.5772376899,718071.1912335973,12680.611448668573,-16804.423868647336,-51205.711237123935,-98164.36026054196
2018-11-14,-4805.905837040461,674.4444444444345,180322.76715133863,126.83820521334408,90,447,0.3547938888888889,0.12760308364773004,5.684341886080802e-14,-90336.61868820844,716681.9675742785,-5921.669424011882,1115.7635869714218,-50013.43583008846,-95094.12761792312
2018-11-15,7276.614604883951,18549.99999999999,200893.5877618347,147.17901881897026,90,449,0.36553833333333335,0.13105984097245302,-8.526512829121202e-14,-194405.8849204013,741424.3394277914,-9925.047971445209,17201.66257632916,-43093.961354393694,-93317.35829485237
2018-11-16,-6534.383792221827,-4666.6666666666615,172550.81578300125,152.62300170956343,90,449,0.3347505555555556,0.12971701792768503,5.684341886080802e-14,-88065.78004164422,678728.6172418018,9583.436105325012,-16117.819897546839,-49824.71073968171,-92962.41468543201
2018-11-19,11661.368812113762,19465.21739130435,145075.8420791069,147.821471941594,92,452,0.34950706521739133,0.10088455604884614,2.842170943040401e-14,-91728.96199832842,710941.557127194,21871.721841763418,-10210.353029649656,-24755.41317960456,-61024.37369938128
2018-11-20,21959.909453238382,30427.777777777774,138659.53245190033,156.51972599239878,90,448,0.3693527777777778,0.10763459685938138,2.842170943040401e-14,-206136.57672237538,750759.7208420581,-15358.870366126157,37318.779819364536,-12861.4933857291,-47526.37649870418
2018-11-21,3123.16390757629,1050.0000000000016,126883.60188193324,156.4730192102927,90,449,0.3367322222222222,0.09244970510756154,8.526512829121202e-14,-184352.23309970446,683724.9685724011,5339.45752820171,-2216.2936206254208,-28754.209582117313,-60475.11005260063
2018-11-23,15085.14431235262,7786.666666666664,126355.15692961785,180.88041873100968,90,449,0.35469055555555556,0.09714941093786242,1.1368683772161603e-13,-206716.09893113587,722361.0893546146,-7985.23451133202,23070.37882368464,-16684.52533878285,-48273.314571187315
2018-11-26,7257.177131862281,6492.391304347837,153351.29806193142,186.80069277413656,92,453,0.3151005434782609,0.11267915703472287,-2.842170943040401e-14,-195030.15602669472,644586.6398869352,534.66297625721,6722.514155605072,-31267.44807639471,-69605.27259187757
2018-11-27,3575.9459922084907,10925.555555555566,169310.77509109012,161.48917878300108,90,449,0.31352,0.120046533664464,-5.684341886080802e-14,-216090.02574047205,637473.65926584,11745.490647301702,-8169.54465509321,-38913.236959347036,-81240.93073211957
2018-11-28,1685.3122566381412,6704.444444444444,183594.2374077171,239.81405423423425,90,447,0.301815,0.12902601137336586,2.842170943040401e-14,-290969.5214097458,627532.0151217082,6744.6539147608255,-5059.341658122685,-44453.06114952537,-90351.62050145464
2018-11-29,-8344.702199892352,-4177.77777777778,177044.94521160144,183.66198236028242,90,441,0.30822499999999997,0.13254208271095672,-2.8421709430404007e-13,46278.71313670531,634007.40472348,-123.4561706332738,-8221.246029259077,-52789.600485152994,-97050.83678805335
2018-11-30,-2934.9339999384865,-8070.000000000004,158282.82135687218,205.8591001342837,90,441,0.2955927777777778,0.13136164874585368,2.5579538487363607e-13,-113978.68497254935,608682.5278770549,-12412.544156819898,9477.610156881414,-42711.49843929082,-82282.20377850886
2018-12-03,-255.53432874471264,2370.000000000015,174090.9611680178,105.409391921978,50,243,0.296051,0.1119880871842928,5.684341886080802e-14,107106.51352620297,595793.782801252,55589.00211677405,-55844.53644551876,-43883.68401267114,-87406.42430467559
2018-12-04,4272.778538509754,3557.777777777778,157642.30469698453,151.89347338838314,90,448,0.2984838888888889,0.12736286935155341,2.842170943040401e-14,-139439.6394741508,610195.7892452374,12032.99404385194,-7760.215505342187,-35289.69110912476,-74700.2672833709
2018-12-06,10859.040949783039,12621.111111111106,174481.49118708738,131.71648592864028,90,447,0.32005777777777783,0.1293973724327166,8.526512829121202e-14,41257.206867468325,648353.1641070719,19693.127518988545,-8834.086569205507,-32893.048332917446,-76513.42112968929
2018-12-07,6359.512939531317,4873.333333333334,148524.27018817657,140.99950028537947,90,443,0.30795,0.13989265594668424,2.842170943040401e-14,-151250.2197896081,624969.229383271,337.6433396971835,6021.869599834134,-30912.554107798205,-68043.62165484235
2018-12-10,12565.27447736727,12573.33333333333,151475.69251739944,135.51446361385723,90,449,0.3301261111111111,0.11764786073712542,1.4210854715202004e-13,-126707.14842085812,669371.6643660002,-4144.596083293396,16709.870560660664,-25439.16311559645,-63308.08624494631
2018-12-11,11339.241713248031,8181.5217391304395,154314.3947905971,160.19229534399693,92,451,0.3155875,0.12093080525571809,1.7053025658242404e-13,-163554.7418253348,644641.7297053912,-4376.62731521972,15715.869028467752,-27399.549279745243,-65978.14797739452
2018-12-12,2744.37975156055,3112.2222222222213,156087.4178406412,155.74639324253735,90,448,0.30659111111111115,0.13044218786158532,-8.526512829121202e-14,-260410.93072341586,625595.7513466391,-2380.986031647002,5125.365783207552,-36433.22110184229,-75455.07556200257
2018-12-13,-707.0778677680643,2457.7777777777787,133788.7519433758,145.83543579716596,90,448,0.2977616666666667,0.10186505613600774,0.0,-294719.1245884992,606340.6990672651,7420.303349858218,-8127.381217626283,-34300.101289409184,-67747.28927525313
2018-12-14,10231.059856688142,2328.8888888889032,161183.95534692222,131.03818519556964,90,446,0.32181666666666664,0.11899443313050283,-5.684341886080802e-14,25769.659837586707,650982.7526309062,21517.855822991085,-11286.795966302945,-30195.96716523798,-70491.95600196855
2018-12-17,1498.7927930928176,687.7777777777721,140327.72622701392,161.3265490980032,90,450,0.3449255555555556,0.10306931373259103,-2.842170943040401e-14,-158797.93171264126,703549.4220016414,-599.0125639406067,2097.805357033424,-33744.465312758664,-68826.39686951214
2018-12-18,17482.711421475193,8838.043478260857,161127.03125825012,190.0105694168894,92,452,0.35479347826086954,0.09675048253140422,1.7053025658242404e-13,-239894.02152677684,727567.613872712,12731.480868700064,4751.230552775131,-22989.056962504226,-63270.81477706676
2018-12-19,5286.40898229094,6854.444444444449,180796.5098581062,187.80502917533818,90,444,0.36619555555555555,0.12097615281397833,-1.7053025658242404e-13,-104896.57097489818,749283.6944523386,33134.30119195313,-27847.892209662183,-40100.52351141095,-85299.65097593749
2018-12-20,-176.8097319622484,-1822.2222222222194,212318.5570145487,215.2593376285917,90,445,0.3815455555555556,0.13040817225146847,8.526512829121202e-14,-376953.2211450126,784220.444045745,15120.566840618469,-15297.376572580717,-53471.70832322802,-106551.3475768652
2018-12-21,-9114.598845702101,-4246.666666666671,253650.160568192,207.63898328254513,90,444,0.38983055555555557,0.14007125081567587,-2.842170943040401e-14,-402506.93703085225,802015.6379954529,29608.57197948597,-38723.17082518807,-72734.77797103266,-136147.31811308063
2018-12-24,47817.44199564997,40860.22727272728,413598.8214833919,176.861096876778,88,431,0.40305511363636365,0.21311625702692244,-5.684341886080802e-14,-157967.34112147303,822628.740070559,51435.517798274705,-3618.0758026247368,-55759.124472074785,-159158.82984292277
2018-12-26,21101.643939865895,21418.604651162783,368179.69488527597,162.54721656286011,86,430,0.4015872093023256,0.22860159954680484,-1.9895196601282805e-13,141035.24004015117,814043.8581515036,-17.45583025786857,21119.099770123765,-71105.82699801595,-163150.75071933496
2018-12-27,6622.141591437117,7279.545454545457,300004.98791797715,184.14346628600163,88,436,0.3870068181818182,0.20334821288594143,5.684341886080802e-14,42793.78287041508,787990.6233057899,-20231.67176029745,26853.81335173457,-68563.24885434317,-143564.49583383749
2018-12-28,17869.456714594035,14927.272727272735,262254.7805656761,206.46192677034716,88,433,0.38064318181818185,0.18578464075126347,-1.1368683772161603e-13,-273792.19400693,779687.7659449932,-28053.570395379575,45923.027109973606,-47900.70035359533,-113464.39549501437
2018-12-31,8478.087378998336,11200.000000000015,286138.3390633293,122.53711526886822,48,240,0.3991177083333333,0.19313529493932524,5.684341886080802e-14,6530.840831089525,801976.9555873267,-11663.407184527654,20141.49456352599,-63179.03450210285,-134713.61926793517
2019-01-02,23167.388223476402,13575.555555555553,255903.02700715148,151.3168168119131,90,442,0.37146666666666667,0.1692119414447005,8.526512829121202e-14,-64145.28474902513,755515.3000243986,24333.029720003913,-1165.6414965275071,-40959.685345123384,-104935.44209691125
2019-01-03,11804.414065188173,11457.777777777781,251821.1157490405,139.06545816864187,90,443,0.3968138888888889,0.15434833727468333,-2.842170943040401e-14,-211240.98544592693,803449.0357128296,2830.7611520708506,8973.652913117323,-51289.93033024059,-114245.20926750072
2019-01-04,10978.099617893007,5052.272727272718,217867.3940908874,127.13983046035901,88,439,0.3548323863636364,0.16395761443312185,5.684341886080802e-14,-30110.974781162862,716621.9859708718,1002.0855919627622,9976.014025930244,-43615.8887352892,-98082.73725801105
2019-01-07,7074.902225968899,6272.727272727271,220487.48003908875,129.41543210302476,88,439,0.37204090909090914,0.14967749637326433,0.0,48499.54785728211,751080.711060843,-5622.946296611495,12697.848522580396,-48176.38321590631,-103298.2532256785
2019-01-08,4870.874846921438,10690.909090909086,212644.2801171203,119.70488501464239,88,438,0.3671886363636364,0.13970486511821592,-2.842170943040401e-14,-39680.591020056665,741614.0084867635,-681.8043560217719,5552.679202943209,-48409.90006737328,-101570.97009665336
2019-01-09,1878.9973936919012,1247.7272727272723,215048.02998398928,128.95254911250672,88,440,0.36274375,0.14238384528386602,-8.526512829121202e-14,-121937.84433249991,733383.6989402021,-5301.290477807916,7180.287871499818,-52011.96265141793,-105773.97014741525
2019-01-10,7292.7139461596435,4267.045454545455,219927.13279486747,130.2106655197911,88,440,0.3675278409090909,0.14515688305014357,1.1368683772161603e-13,-216238.63955155975,742277.4056522651,-12416.51180291689,19709.225749076533,-47819.279918077016,-102801.06311679388
2019-01-11,8543.40341049282,-596.6666666666657,196977.13229660582,120.92913328051219,90,443,0.3514877777777778,0.1427177284476096,-2.2737367544323206e-13,-85465.23716836731,709518.7997044801,-6301.727450181876,14845.130860674693,-40821.80879693915,-90066.09187109061
2019-01-14,493.2986892957493,1136.6666666666608,149430.42450834395,186.0541070611505,90,448,0.3522483333333334,0.10332181045972401,5.684341886080802e-14,-327080.83490385313,721125.7618772575,-10623.546338920312,11116.845028216063,-37050.36154485139,-74407.96767193737
2019-01-15,1216.855287010931,-187.77777777778596,159127.1576037491,183.15059140659596,90,450,0.34809833333333334,0.11363319626715887,2.842170943040401e-14,-129456.24277763291,712470.5796004613,-6968.037685478567,8184.892972489499,-38748.084705332934,-78529.87410627022
2019-01-16,4271.228317094878,1295.5555555555718,171158.5102329126,228.6188750802875,90,450,0.335995,0.11637953283859369,1.7053025658242404e-13,-196375.72172610668,695012.7635301836,-1888.633527281454,6159.861844376333,-38747.01811621356,-81536.64567444171
2019-01-17,-4362.690273785811,-4893.333333333338,145936.40186519249,205.18608364446808,90,442,0.3266438888888889,0.11889867818846164,-1.1368683772161603e-13,-493221.228292577,670439.2252036503,-3678.4961520658853,-684.1941217199259,-41051.9768237284,-77536.07729002651
2019-01-18,4072.6493127281706,-6917.777777777776,152951.74519609474,208.85846117601434,90,444,0.30886555555555556,0.10830758751078957,1.4210854715202004e-13,75000.65120228252,636151.4127513347,15038.58574524796,-10965.936432519788,-34374.14544747153,-72612.08174649521
2019-01-22,9999.722494683709,7847.386363636359,225074.26247602463,212.33203755070357,88,439,0.34117613636363636,0.17664365054635625,0.0,-388925.92119827,703900.7702115765,1764.1462759656897,8235.576218718019,-46481.17516187315,-102749.7407808793
2019-01-23,4540.0803770836965,9149.555555555553,180154.57003916823,243.5926327686343,90,442,0.33336088888888893,0.13776176015227315,-1.1368683772161603e-13,-382493.9019365849,689682.3360154874,-1705.5236571896594,6245.604034273356,-40742.154765477,-85780.79727526905
2019-01-24,-10536.76083891591,703.3333333333363,173134.65996984788,234.5946261240349,90,441,0.3257244444444444,0.1370086635471617,1.4210854715202004e-13,-389380.94843494985,669981.9484135526,-7062.910721160257,-3473.850117755653,-54055.020457501916,-97338.68544996389
2019-01-25,4406.79806496996,-13585.555555555562,162918.33673561818,266.1696505391392,90,442,0.31697833333333336,0.13151063909411295,-5.684341886080802e-14,-543760.7961873801,661322.2802637852,1735.3498896047488,2671.4481753652117,-36588.95576947372,-77318.53995337828
2019-01-28,-977.5936956057928,4004.0000000000186,187582.30134175287,102.33433759623672,50,244,0.352641,0.13748561929556224,2.2737367544323206e-13,-31563.379428945016,708413.6516469615,-1948.1550500826813,970.5613544768885,-47975.503368640246,-94871.07870407848
2019-01-29,8100.761444841338,8404.444444444445,181464.2792253047,142.8854356134359,90,445,0.3296222222222222,0.13666429722293383,-1.4210854715202004e-13,-219298.58185010517,669231.9985583222,118.27181106873218,7982.489633772606,-37408.19379709827,-82774.26360342445
2019-01-30,8506.638554449311,11556.818181818182,227518.67780955817,145.6702444700516,88,439,0.33788920454545457,0.13948267975009965,-5.684341886080802e-14,-120648.93887947888,685062.8917229908,5659.199783229788,2847.4387712195226,-48518.70114241028,-105398.37059479982
2019-01-31,3957.1685479382318,831.8181818181691,226564.59519896848,162.0361668711124,88,439,0.3299056818181818,0.1739969220989036,1.9895196601282805e-13,-328910.6305642946,674754.3202537555,-5435.25884355525,9392.427391493482,-52846.016418675004,-109487.16521841713
2019-02-01,-2205.256333776158,-13696.590909090899,188319.16647051688,119.0237093826784,88,434,0.3344488636363636,0.16408643977316772,-8.526512829121202e-14,-162106.68624313024,675104.6385598201,-9990.971516455664,7785.715182679505,-49404.07166078806,-96483.86327841727
2019-02-04,607.1808841583426,-417.7777777777686,174207.8893108243,121.23700072285641,90,447,0.31944833333333333,0.1345522342093171,1.7053025658242404e-13,-17147.30387000517,644200.9680270903,-2528.016439963819,3135.1973241221617,-43066.02844427059,-86618.00077197667
2019-02-05,-612.1618724497782,-4544.444444444441,161444.683375633,133.191554128949,90,444,0.31749888888888894,0.12911237072719467,2.842170943040401e-14,-14119.169773748186,641619.0166069946,-2764.8319287880445,2152.670056338267,-41106.524270486974,-81467.69511439523
2019-02-06,10315.7468328502,13976.136363636355,182424.40296317573,123.03053975549926,88,440,0.32776988636363635,0.1374106713443267,1.4210854715202004e-13,16907.12866152512,661485.1560972212,12997.473035266441,-2681.726202416241,-35413.38444769923,-81019.48518849317
2019-02-07,6074.890436694646,14996.59090909092,181679.91838467558,139.45215347906037,88,440,0.33712670454545457,0.13741852284291867,1.7053025658242404e-13,-53589.41212823943,682357.3106103579,621.2977160006496,5453.592720693997,-39484.54131295331,-84904.52090912219
2019-02-08,-194.0442901078426,-12294.444444444442,166117.54033804298,133.8973505599126,90,446,0.329475,0.13516723622755886,1.1368683772161603e-13,-250643.82214292375,667921.8088548307,-6019.497585255528,5825.453295147686,-41857.3267251785,-83386.71180968925
2019-02-11,8606.712116270714,9529.347826086956,139935.69546524264,192.79577679124532,92,453,0.33479619565217394,0.10006227766832143,1.1368683772161603e-13,-220982.27946049126,686547.2528536835,-2306.9192604223954,10913.631376693109,-26570.007526831192,-61553.93139314185
2019-02-12,14503.358825668305,13690.0,145823.85104688597,197.6297067656169,90,444,0.3218511111111111,0.11257202914517524,-2.842170943040401e-14,-248138.12869634756,661147.7279429873,-4212.566331151464,18715.92515681977,-22150.233642818803,-58606.1964045403
2019-02-13,2885.448647586587,3450.0000000000064,135216.09263915353,210.3757074131488,90,450,0.30604888888888887,0.10822933379000702,0.0,-319259.00991565746,631326.346722392,2453.202869717321,432.2457778692667,-31128.950219614948,-64932.97337940333
2019-02-14,-3231.100177238138,-6954.444444444441,134544.5595584823,225.2212215897237,90,446,0.3138033333333333,0.11615259911119705,-2.2737367544323206e-13,-80888.55345641403,646441.2045283476,-5106.938331750402,1875.8381545122636,-37092.46128844843,-70728.60117806902
2019-02-15,5055.259507002942,-5847.777777777784,125881.76229377017,231.4403794633055,90,442,0.30859444444444445,0.10492012793529627,2.842170943040401e-14,1237.5082006725424,636790.2890719435,-10545.275993676698,15600.535500679642,-26646.621445902907,-58117.062019345445
2019-02-19,-914.4200300877405,-40.00000000000294,165377.511216019,193.87214781334924,90,446,0.3149461111111111,0.12107635072505633,-8.526512829121202e-14,-99176.35815500899,646944.8076356038,-1812.6023107274257,898.1822806396857,-42452.66998190584,-83797.04778591059
2019-02-20,15964.394240212998,21643.181818181827,180360.12892131336,240.24728467750015,88,439,0.31080227272727273,0.13392146588598328,8.526512829121202e-14,-135295.88256416787,642980.6512567276,4144.830940329883,11819.563299883113,-29365.885274792843,-74455.9175051212
2019-02-21,5106.165523020116,3774.444444444428,207492.23813284351,291.53575418889767,90,441,0.3191805555555556,0.15249047246872308,1.4210854715202004e-13,-567850.4102510834,668671.4651798322,-870.2848729845839,5976.4503960047,-47058.42976437966,-98931.48929759054
2019-02-22,961.4294016721345,-11478.0,229696.1905352888,103.34763498033348,50,243,0.335473,0.17317778062132358,-5.684341886080802e-14,-80414.67391135919,673906.1543934722,-3928.3083322683174,4889.737733940452,-56565.9658671304,-113990.0135009526
2019-02-25,6782.776332597165,7870.833333333335,164009.74196097188,91.42936607907053,48,239,0.32113125000000003,0.12976547605852362,1.1368683772161603e-13,-22136.786836517436,645208.830966304,-2865.186800454445,9647.96313305161,-34311.08852372487,-75313.52401396785
2019-02-26,-3944.077336375622,7613.999999999982,210802.95047174388,103.89202093053984,50,244,0.336438,0.13353267978035005,-1.1368683772161603e-13,-69160.74820731535,676102.1955105514,2580.6770034165734,-6524.754339792195,-56748.70697524214,-109449.4445931781
2019-02-27,5789.584709280635,6600.000000000008,222185.78672905086,96.29738163085564,48,238,0.33290000000000003,0.16141032614499376,1.7053025658242404e-13,-67701.36355098023,669102.2338706014,1460.261708030494,4329.323001250141,-49853.15935461294,-105399.60603687564
2019-02-28,5363.626614705917,20577.083333333347,201845.25312629004,100.15245068073305,48,239,0.3238708333333334,0.1474880764554732,1.1368683772161603e-13,-76518.43413003998,650365.0877716569,-3580.062278979422,8943.68889368534,-45197.83911754733,-95659.15239911983
2019-03-01,-6586.500754585027,-3827.083333333342,168885.61987806103,110.1604097758574,48,239,0.2868625,0.14908733042833378,1.1368683772161603e-13,-33417.42577386843,576347.2515475781,2722.0775996331927,-9308.57835421822,-48918.06613387614,-91139.47110339139
2019-03-04,10800.025108957007,9963.333333333345,149778.20230738918,157.41608275998647,90,445,0.27355500000000005,0.12800992318336768,0.0,-153552.0325411894,557816.5972793555,1080.7572238910454,9719.267885065961,-26801.941550650274,-64246.492127497564
2019-03-05,494.8498454072541,6271.1111111111,146725.21268030547,126.47597284504313,90,445,0.27799388888888893,0.13789281135400305,1.4210854715202004e-13,-40344.55520442251,564730.6341984309,981.9124684506908,-487.06262304343636,-36312.92929751416,-72994.23246759053
2019-03-06,842.1758728688621,4076.666666666673,150666.6240248987,149.63319532909924,90,444,0.28441722222222227,0.11870022352503437,2.842170943040401e-14,-108083.6372304009,582344.8698818475,7530.559420646841,-6688.383547777979,-36974.11332868491,-74640.76933490958
2019-03-07,4987.766850539205,3623.8636363636406,142597.2433066746,160.19458798378162,88,439,0.2859164772727273,0.1307943557818324,1.1368683772161603e-13,-93521.43044966711,585182.1981211599,2695.4863270259707,2292.280523513234,-30821.73856411322,-66471.04939078187
2019-03-08,7539.855589884857,3125.5555555555593,139750.42641308255,134.47307865615588,90,441,0.2875372222222222,0.12997896859691963,-8.526512829121202e-14,-262169.91448995937,585482.673781847,-10906.708201964706,18446.563791849563,-27532.224092041935,-62469.83069531257
2019-03-11,3347.919977806939,2736.6666666666715,156334.49393201433,123.26628937939526,90,444,0.27636499999999997,0.13801263659947344,1.1368683772161603e-13,-116312.96050996074,560347.3451382786,-2702.603622345074,6050.523600152013,-35858.96979457604,-74942.59327757961
2019-03-12,6205.789983188645,5290.000000000004,148948.5971050776,151.39849781132432,90,446,0.2653216666666667,0.1350222082225552,0.0,-7456.857305801726,541211.0700653705,3178.8978935212176,3026.892089667428,-31182.757790892083,-68419.90706716149
2019-03-13,4922.010307242856,5052.222222222215,140031.75519518103,160.04459460955283,90,442,0.2541527777777778,0.1424448456166565,-5.684341886080802e-14,-212052.2212215761,519973.65996142384,606.5881717799145,4315.422135462941,-30245.973086161957,-65253.91188495721
2019-03-14,4209.897356903075,10272.222222222223,167940.20776672394,179.38504415327736,90,446,0.2513316666666667,0.14283286816968888,-8.526512829121202e-14,-330667.36138665664,516729.315504208,-5456.20712045122,9666.104477354296,-37954.53962893118,-79939.59157061216
2019-03-15,6126.5181559346565,4285.227272727273,160719.67772249941,161.41403175015728,88,438,0.24863693181818183,0.17973322352812166,-8.526512829121202e-14,-226786.10693795426,508776.1591945037,-3443.3383031098665,9569.856459044522,-34214.81530644036,-74394.73473706521
2019-03-18,-4602.8637964915215,-3504.347826086944,113630.73876371952,159.95576212051188,92,451,0.24747934782608697,0.10382298704770306,2.2737367544323206e-13,-30440.08227819181,505685.3084329039,3404.258998889385,-8007.122795380906,-33170.50424954191,-61578.18894047179
2019-03-19,3856.409429763347,5926.666666666659,136419.20788504544,156.3324883182537,90,450,0.2583416666666667,0.13015892021702868,2.842170943040401e-14,-84537.47882757641,525877.7213753308,2881.512200413676,974.8972293496713,-30404.72502981627,-64509.52700107762
2019-03-20,5695.447845237723,7531.111111111115,136460.25684405022,186.99510480717782,90,446,0.2578577777777778,0.13334020670024083,-2.842170943040401e-14,-489321.8988431274,531298.0140332996,12848.237640660562,-7152.789795422838,-28606.61147058201,-62721.67568159456
2019-03-21,-1248.8894757991748,7736.956521739133,123852.74494489892,188.99971874329026,92,451,0.2521891304347826,0.10626386890041896,1.4210854715202004e-13,-444834.347462232,519600.47919983784,27580.06925001843,-28828.958725817603,-32401.075430767196,-63364.26166699192
2019-03-22,10161.096605290935,5138.888888888898,128803.4240275047,187.3669810204543,90,448,0.2709094444444444,0.12450907142966838,-1.1368683772161603e-13,-124103.73961124264,556561.3891301606,-1945.8958334660942,12106.99243875703,-22227.126382605697,-54427.98238948187
2019-03-25,7916.325122383803,7687.777777777787,156895.45154010062,178.49075489655834,90,447,0.29173888888888894,0.12749271307399004,2.5579538487363607e-13,-87970.36114225189,595422.8176047443,-2391.906034971389,10308.231157355192,-31486.02851753791,-70709.89140256307
2019-03-26,1869.1633024655605,9147.777777777776,166074.3665324302,178.06771947197146,90,443,0.2820816666666667,0.14265421534080497,-5.684341886080802e-14,-279148.41567507596,575157.4996184604,2154.36148562916,-285.19818316360005,-39827.49605011396,-81346.08768322151
2019-03-27,-3894.16875692413,3718.8888888888914,171825.90021647833,228.524361466268,90,444,0.28833444444444445,0.14388739619564864,1.4210854715202004e-13,-708652.8896316518,599374.2608809934,1269.8461090422659,-5164.0148659663955,-47079.168172509984,-90035.64322662956
2019-03-28,-1769.9956297118927,-3.4090909090965056,167451.77471356658,215.60673620093215,88,439,0.27771704545454545,0.1319044997370956,-2.842170943040401e-14,-618761.9439415049,570955.4607264601,-2735.046541576247,965.0509118643539,-43848.54604430447,-85711.48972269612
2019-03-29,8376.964631797608,-292.0454545454411,161295.21414220065,204.6645633804617,88,436,0.27183125,0.16328852922231935,2.5579538487363607e-13,-552199.6610709187,556714.9848911524,-1054.1118803926129,9431.07651219022,-32151.503467133018,-72475.30700268318
2019-04-01,-9311.076617823313,868.7499999999957,199355.0611946189,101.87571186236556,48,238,0.28229166666666666,0.1671182603625991,-1.7053025658242404e-13,-119218.28206174615,567142.0730835863,126.53879957497269,-9437.615417398287,-59251.717628340404,-109090.48292699513
2019-04-02,4675.3208799242975,1931.11111111111,156380.2642008558,107.4884385311416,90,443,0.27613,0.14088457867185855,1.7053025658242404e-13,-122096.65949782908,557247.4129996559,5355.967823710402,-680.6469437861042,-34527.233608820796,-73622.29965903475
2019-04-03,3455.5441164728795,-760.0000000000075,155136.95933087706,117.5426480233874,90,449,0.2741016666666667,0.13606390633495924,5.684341886080802e-14,-78056.43746591493,552896.080320095,5725.423712933723,-2269.879596460844,-35446.238364269775,-74230.47819698903
2019-04-04,6653.270803076531,3651.1111111111177,172525.03583315277,127.4058759965831,90,446,0.2763238888888889,0.15373086869808178,2.842170943040401e-14,-189700.59224091133,558131.7063404238,-47.5027958312423,6700.773598907773,-36605.39403120825,-79736.65298949643
2019-04-05,4471.828228875519,-1822.826086956518,141569.90206375852,143.02272589136211,92,451,0.2712005434782609,0.14308399351510673,1.9895196601282805e-13,-46215.3932521341,549877.8254896714,-3920.8026079586034,8392.630836834122,-31063.670012955474,-66456.14552889511
2019-04-08,7039.656651785774,2516.304347826094,136709.99893790015,130.94624873911488,92,451,0.2740135869565217,0.11866833731223923,-1.1368683772161603e-13,-305592.1171504504,556315.2532428224,5961.144351482453,1078.512300303321,-27268.78933142838,-61446.28906590342
2019-04-09,7499.62683518757,4178.260869565217,129078.81214015133,142.16651992331006,92,455,0.2769076086956522,0.11720693387652158,-2.842170943040401e-14,-49885.519830894715,560965.5530749793,-158.1038411012403,7657.730676288809,-24912.242719773574,-57181.94575481141
2019-04-10,-4059.121653963474,-4503.260869565206,139427.23379660505,133.73883319714008,92,454,0.27794239130434784,0.11232089401576782,-5.684341886080802e-14,-105934.60863704358,561908.6026442053,-2275.566380554295,-1783.5552734091787,-39049.66893631188,-73906.47738546315
2019-04-11,-10686.693697050257,-2783.6956521739103,133543.95641068002,141.98240405268916,92,451,0.26652608695652175,0.1195496048127116,1.7053025658242404e-13,-150958.31748677752,541090.8443722998,-4329.831319096776,-6356.862377953482,-44214.66520377295,-77600.65430644296
2019-04-12,2947.7342572893867,-1671.7391304347852,138388.93365453815,131.6323433181085,92,451,0.258491847826087,0.13092997188325736,-1.9895196601282805e-13,-134839.5856156131,523237.16343111463,-6161.721753194626,9109.456010484013,-31781.13149966326,-66378.3649132978
2019-04-15,-24799.034009017872,-5427.173913043482,85271.50787287655,200.51354655956902,92,457,0.26032880434782607,0.07574418097580184,-5.684341886080802e-14,-76533.57076918206,534313.718119474,-3376.591142065836,-21422.442866952035,-46317.42452379658,-67635.30149201571
2019-04-16,-11532.967661607052,178.26086956522172,105907.72623746071,212.88448007723446,92,455,0.25892934782608695,0.09675356802221671,-8.526512829121202e-14,-491636.6298307679,532660.8619274339,8502.379464186848,-20035.347125793898,-38222.78370104946,-64699.71526041464
2019-04-17,11649.242889425403,10221.739130434784,113455.79998404084,212.77838372018184,92,454,0.2654771739130435,0.09867365028461936,5.684341886080802e-14,-411734.31947670266,545761.5307270699,-401.4845709209879,12050.72746034639,-16927.48549030499,-45291.4354863152
2019-04-18,5416.336951024747,-2455.434782608704,103449.04703627947,208.86758740376806,92,456,0.26428913043478264,0.10621775096594675,1.1368683772161603e-13,-330553.3582567471,541449.2399673553,-4340.305315299992,9756.642266324738,-20654.79239544889,-46517.05415451875
2019-04-22,-5552.919918631167,3353.260869565214,133146.6688742923,198.2042929455724,92,454,0.2568516304347826,0.14260650678632902,5.684341886080802e-14,-244541.41722687357,526903.2905236043,599.2070187918307,-6152.126937422998,-39037.79143014982,-72324.4586487229
2019-04-23,15761.694227602968,7708.695652173922,123361.73289748284,197.40534545897344,92,457,0.2596478260869565,0.11008312406102815,2.842170943040401e-14,-127264.79704304387,529881.2419402541,7944.715432887082,7816.978794715887,-15276.144342226717,-46116.57756659743
2019-04-24,5655.132588846266,2676.086956521739,156804.3463662576,210.9276561490367,92,453,0.26730652173913044,0.12055628790162073,1.1368683772161603e-13,-588525.7073406619,549834.483749868,1082.8391195380168,4572.293469308249,-33756.88165886717,-72957.96825043159
2019-04-25,14314.179743398989,16851.11111111111,152131.86125810334,209.7471193025612,90,444,0.2656077777777778,0.15386008279133057,-2.842170943040401e-14,-382237.72637940256,546719.9886200165,-78.82984852967633,14393.009591928665,-23928.532690429405,-61961.49800495525
2019-04-26,8691.880172618958,-1875.9999999999936,136223.1894811062,119.32582359590285,50,246,0.26093500000000003,0.13213880575581854,-5.684341886080802e-14,-6201.030734175584,525819.5552236458,-881.6946300803857,9573.574802699344,-25483.2430212535,-59539.04039153005
2019-04-29,12022.14031374292,12457.999999999995,138578.47536120645,89.23887343242576,50,246,0.262835,0.12086482560216787,-2.2737367544323206e-13,-72194.41322761761,528314.8830883404,-2323.663173713898,14345.803487456818,-22711.717399991117,-57356.33624029273
2019-04-30,1548.234119711814,9998.000000000022,151392.56232166314,95.77871901955245,50,243,0.255253,0.13726204654091553,-1.1368683772161603e-13,19715.62039073341,513181.1479683731,4307.6891113478205,-2759.4549916360056,-36395.68517972352,-74243.82576013931
2019-05-01,7090.065074755105,7213.999999999995,144998.41145271342,92.26317379871738,50,245,0.264057,0.1517400808630014,5.684341886080802e-14,-245079.09126206793,531316.1929164468,1772.9889754081514,5317.076099346955,-29251.80096222197,-65501.403825400324
2019-05-02,6397.763437245824,2224.0000000000064,143870.42276509816,129.4216832990966,50,245,0.28750000000000003,0.1231892988089322,-5.684341886080802e-14,-32285.52094279382,579624.6282888802,-204.6863826631186,6602.449819908943,-29699.263937327814,-65666.86962860235
2019-05-03,5357.407142023494,-3529.9999999999955,120067.5379419501,109.84010054967375,50,247,0.283075,0.10646686167201277,2.8421709430404007e-13,-192547.94761707823,569546.4432847988,7988.708406193971,-2631.301264170478,-24769.317444013705,-54786.20192950123
2019-05-06,4096.0487669672775,7812.0000000000055,148780.40546419087,106.72362436206926,50,248,0.29319300000000004,0.10208449142751792,0.0,-84786.04501118252,589788.2862778745,25903.506270839996,-21807.45750387272,-33205.77622344251,-70400.87758949024
2019-05-07,-2023.9560390933539,-2139.1304347826053,139337.07230025833,131.77068116582183,92,454,0.28464347826086955,0.12169915287639228,-1.4210854715202004e-13,-87147.55381465318,577411.3097795505,-2657.783893734939,633.8278546415852,-36989.99479532376,-71824.26287038834
2019-05-08,1409.0716216273945,2330.4347826086887,133897.92560521967,135.86188984306742,92,453,0.2929521739130435,0.123031268692562,0.0,-165480.52229064924,595693.8263791165,2650.234706143365,-1241.1630845159707,-32201.271669520593,-65675.7530708255
2019-05-09,15128.685011153417,15609.782608695656,127791.56330403322,137.7176225259616,92,453,0.2924413043478261,0.10310012167973343,2.842170943040401e-14,-140654.70106339376,593019.5235074894,-12463.769826379028,27592.454837532445,-16956.92343738085,-48904.814263389155
2019-05-10,-8363.297820326587,-5774.999999999994,133020.55157145733,120.21802106153247,92,452,0.2942315217391305,0.11702941186329675,8.526512829121202e-14,-135801.94373170275,594992.8681555234,24577.13045477191,-32940.42827509849,-41738.65373425245,-74993.79162711678
2019-05-13,12660.51963750355,10052.17391304348,118747.77848818961,154.5198252877707,92,457,0.2952494565217392,0.1102469499060326,2.842170943040401e-14,-225483.29256455353,600899.1028068789,-9633.861726223126,22294.381363726676,-17180.944809831624,-46867.88943187902
2019-05-14,5383.363424601787,8936.170212765957,122061.32706057663,150.15312061123112,94,461,0.29407287234042556,0.1017134974803418,2.842170943040401e-14,-194036.1226120582,599306.2004527864,-7813.750440898693,13197.11386550048,-25282.1214611536,-55797.45322629776
2019-05-15,7439.343315504072,7111.9565217391355,110800.0427721073,139.50847038627936,92,457,0.2862641304347826,0.10178110173346998,-1.1368683772161603e-13,-314864.3103321708,582772.337591611,-4502.658449846266,11942.001765350338,-20400.17584790903,-48100.186540935865
2019-05-16,3107.949650961227,5170.652173913045,110059.69153096912,117.41541703122236,92,456,0.27978478260869566,0.1016813624991078,8.526512829121202e-14,-149437.16290702438,567080.3458811844,4590.115315049326,-1482.1656640880983,-24524.388648812277,-52039.31153155456
2019-05-17,2736.1556148676523,-7520.652173913031,112795.47516276507,133.47965903697903,92,455,0.2829597826086957,0.10306512927202195,-1.9895196601282805e-13,-184118.55592883058,573598.3438083298,8158.325528933903,-5422.16991406625,-25596.192834860594,-53795.06162555186
2019-05-20,7744.40493407053,8457.608695652172,95722.01728866607,171.30477776871965,92,460,0.2893076086956522,0.08216307622385245,-2.842170943040401e-14,-232941.2295488443,590985.3108333205,-5279.586481474606,13023.991415545137,-16357.404165864707,-40287.90848803122
2019-05-21,-4343.030677068756,5528.260869565217,97462.4093620106,143.60353745703344,92,457,0.28549293478260873,0.0814993030036291,2.842170943040401e-14,-291535.87270711263,579514.3836541707,4843.541200788975,-9186.57187785773,-28852.23655502844,-53217.83889553109
2019-05-22,8783.440781683807,15628.260869565223,106669.77650525254,159.82586143267136,92,457,0.2774695652173913,0.08410284593970915,-5.684341886080802e-14,-311616.14088143274,565887.6659270197,19257.573043209006,-10474.132261525197,-18043.829206061997,-44711.27333237513
2019-05-23,20600.17015440841,19438.04347826088,101648.45982941356,194.20923143468352,92,457,0.28515054347826085,0.09556280360491227,2.842170943040401e-14,-303763.4431186667,583170.4763341795,-5863.718560360398,26463.888714768807,-5006.154034379665,-30418.268991733057
2019-05-24,19127.52526619619,6752.173913043479,124874.87981063235,230.74610252159772,92,458,0.27397554347826086,0.10816927760905652,-8.526512829121202e-14,-421512.7779606325,569895.1056796063,11139.748465752851,7987.776800443336,-12321.940788983497,-43540.660741641586
2019-05-28,8930.110856226423,7544.565217391306,133808.86291419584,218.18000842113295,92,457,0.2994391304347826,0.10657460819523532,1.7053025658242404e-13,-181278.26684002744,619094.4689601476,16297.26827259039,-7367.157416363966,-24740.284880743668,-58192.50060929263
2019-05-29,-5575.337825689091,6425.531914893619,115901.93244959424,196.59785728219086,94,461,0.30207340425531914,0.10021956031495383,1.7053025658242404e-13,-302274.3218992456,617637.7971299536,-3268.6507953234513,-2306.687030365639,-34747.41879536984,-63722.901907768406
2019-05-30,1161.4333151047463,8366.304347826084,118510.41719018144,176.14835891182463,92,457,0.2962423913043478,0.09737751232954628,1.9895196601282805e-13,-42830.68503326267,603644.6033774902,11226.46262034817,-10065.029305243423,-28642.31934135244,-58269.923638897795
2019-05-31,-21583.73286921895,1783.6956521739085,120209.03993452659,183.14182361902655,92,455,0.30088750000000003,0.09359441454215459,-8.526512829121202e-14,-128050.5678470936,615084.8047269582,-910.5861377030326,-20673.14673151592,-51819.13467646963,-81871.39466010127
2019-06-03,6631.990702405214,8131.999999999996,114723.48572800182,106.65227666053879,50,246,0.309956,0.10731390587527746,0.0,-16927.8224923303,623307.3445495763,7647.5707527787945,-1015.5800503735801,-22155.53300625578,-50836.404438256235
2019-06-04,-210.1636342649307,3292.391304347831,132544.24602245213,131.25798560138358,92,457,0.2838663043478261,0.09894940176474255,0.0,-158202.5742450194,575245.6232795779,6258.898428978092,-6469.062063243023,-33477.483125479346,-66613.54463109239
2019-06-05,5276.712129128605,3546.739130434782,126346.8306634727,159.85772190524756,92,455,0.2851913043478261,0.12278467571239628,-8.526512829121202e-14,-266871.3047370455,583402.5081813026,-1663.6846143508033,6940.396743479408,-26469.853258644816,-58056.560924512996
2019-06-06,9959.94043039506,4352.173913043474,116404.71816266525,161.31370607704,92,454,0.2766467391304348,0.10528390973960154,5.684341886080802e-14,-284619.88400268706,566096.1127794822,3248.2899571782896,6711.65047321677,-19302.55281634829,-48403.7323570146
2019-06-07,3428.147936839447,1097.826086956515,107572.22865717986,152.3442348788578,92,453,0.2592880434782609,0.11582032803696966,0.0,-345467.0368718518,530319.7807349979,-1134.4706821897323,4562.618619029179,-23617.253462334378,-50510.31062662934
2019-06-10,6871.7430432555275,5911.95652173913,98904.18323141981,185.57392397627328,92,455,0.24931086956521742,0.09786384476106966,-2.842170943040401e-14,-467469.26066835,517328.69630134956,656.7631768003044,6214.979866455224,-18039.8766885757,-42765.92249643065
2019-06-11,-983.9192511159466,1073.9130434782605,112977.56173293422,170.22890575093516,92,456,0.2490059782608696,0.10882732669032136,-1.1368683772161603e-13,-314795.4718892466,513312.08502281585,1215.6583465403264,-2199.577597656273,-29398.538590100434,-57642.92902333399
2019-06-12,9347.437341795581,6106.5217391304395,109239.50199655893,147.69128981015118,92,453,0.2617614130434783,0.09468589412830689,2.842170943040401e-14,-314786.90346322034,534066.7359680918,1608.8297317446504,7738.607610050931,-18110.1294471543,-45420.00494629404
2019-06-13,-281.1222299789994,1981.1111111111154,112184.96565859954,161.36694625903283,90,450,0.2610261111111111,0.11052941443681635,1.4210854715202004e-13,-295343.7608632549,532472.8812147969,-2655.5219839165793,2374.39975393758,-28488.730590887917,-56534.972005537806
2019-06-14,7434.190009919818,4267.391304347831,107831.27506196588,178.12976146058918,92,453,0.24978858695652176,0.11480824431206763,1.4210854715202004e-13,-510586.78861499345,513942.8649988572,-2519.5153708560924,9953.705380775911,-19701.75851703224,-46659.57728252371
2019-06-17,-353.9423496023983,1057.6086956521808,107257.87535382886,176.61041751069618,92,455,0.2698836956521739,0.08733580317629057,8.526512829121202e-14,-384937.0648482891,551799.6051842723,2883.5098207762217,-3237.4521703786195,-27345.02160557031,-54159.49044402752
2019-06-18,-104.65340240549837,-495.65217391304765,105323.52053749752,205.61977384465106,92,458,0.27074619565217395,0.09840654274690493,-1.7053025658242404e-13,-507783.59288824577,557338.6145645641,-4785.537824304565,4680.884421899066,-26641.15331062453,-52972.03344499891
2019-06-19,11871.001754297593,15551.111111111115,107673.71727796824,224.2348518933565,90,449,0.25816555555555554,0.09773464374276669,5.684341886080802e-14,-591887.2582575204,535522.3701510486,9938.521284176035,1932.4804701215594,-15271.662417087824,-42190.09173657989
2019-06-20,6103.118960377664,5672.8260869565265,120863.91827178864,246.26854218237892,92,457,0.2597885869565218,0.10268190615358448,2.842170943040401e-14,-642783.0281688571,542770.3361673862,1300.7928279961334,4802.32613238153,-24359.129149751876,-54575.10871769903
2019-06-21,6824.397918537547,-540.2173913043512,111390.75519575184,274.1275413094192,92,456,0.25479945652173913,0.11729978638208279,-1.7053025658242404e-13,-549656.9307437227,537016.4937060882,2862.6566931860984,3961.7412253514494,-21297.418421709834,-49145.10722064779
2019-06-24,4636.848222590071,2842.222222222221,156937.2878032645,218.19206579489102,90,450,0.27205111111111113,0.11730018344981098,5.684341886080802e-14,-491494.78611780284,561187.9898672161,6445.514792722021,-1808.6665701319512,-34815.66579402095,-74049.98774483708
2019-06-25,10294.476915542122,9580.681818181822,151044.8246052179,207.74449260812824,88,438,0.26344204545454547,0.14891233106603327,-5.684341886080802e-14,-602989.1372306985,543465.8820852971,7448.612536943705,2845.864378598416,-27674.47372837048,-65435.67987967496
2019-06-26,5499.958390895441,3878.260869565221,153311.13001285,264.0532550649981,92,451,0.26791847826086956,0.12758239706471491,8.526512829121202e-14,-793110.8057428753,561284.0727956755,-1211.942947783499,6711.90133867894,-33091.877367382054,-71419.65987059455
2019-06-27,12944.968372422863,9337.77777777778,167328.93805141302,246.71621958568807,90,450,0.2685161111111111,0.12853057137294638,2.842170943040401e-14,-571220.9056213052,557660.2578194012,6079.292977554763,6865.675394868102,-29133.982360016078,-70966.21687286934
2019-06-28,619.3288224925711,769.3181818181824,138900.9991156551,261.220740531032,88,434,0.26385227272727274,0.15396864312508804,-5.684341886080802e-14,-487240.124233622,549126.4617760412,-24202.60232220894,24821.931144701506,-34367.14169695224,-69092.39147586601
2019-07-01,10587.082282311407,8579.999999999985,162435.9084835083,94.47831892405962,50,242,0.28030700000000003,0.14397547239664607,1.1368683772161603e-13,-123910.10979453991,563076.092480153,-1070.0342430078508,11657.116525319258,-30116.37315748973,-70725.3502783668
2019-07-02,663.5342292972497,1903.2608695652193,112162.12412174544,125.70295263001987,92,453,0.2463538043478261,0.11772327793955097,1.4210854715202004e-13,-186971.26736491336,499821.50858826464,595.127388205425,68.40684109182445,-27502.69975376913,-55543.23078420549
2019-07-03,1517.8801640449649,-601.0869565217369,117170.71805416267,137.5024891714415,92,452,0.25184728260869566,0.10274870981960305,8.526512829121202e-14,-68636.90932122743,510795.621876192,-2139.534761646292,3657.414925691257,-27912.301838667147,-57204.98135220781
2019-07-05,3605.0123252472235,-287.7777777777721,103269.67955214952,141.8449209236411,90,441,0.2493927777777778,0.11861463523625465,8.526512829121202e-14,-21546.889149025883,506145.76226178615,-3698.650940619435,7303.663265866659,-22354.2524837138,-48171.67237175118
2019-07-08,5285.303262805091,4756.52173913043,97762.99875135436,150.04397170668247,92,458,0.23904347826086958,0.08848727495447885,2.842170943040401e-14,-264645.9064952525,489437.0687662816,1966.1463768093568,3319.1568859957342,-19305.490396740184,-43746.24008457877
2019-07-09,7904.698755194959,5444.565217391311,107766.1641150894,156.01137436772885,92,457,0.23607826086956524,0.11181071138140765,1.4210854715202004e-13,-344577.6720115648,483012.2975812442,-1540.8952338706847,9445.593989065643,-19192.85364794512,-46134.39467671747
2019-07-10,98.88541605466898,-860.0000000000101,121271.96999238295,138.33215081337218,90,449,0.2523855555555556,0.11173359424177913,-8.526512829121202e-14,-207766.0476129965,513247.3721142128,-552.332611061697,651.2180271163658,-30357.439232854438,-60675.43173095018
2019-07-11,-7.255969064336796,7066.304347826085,120677.30192383884,155.9481030854147,92,454,0.2517836956521739,0.11887480957325479,-2.5579538487363607e-13,-314412.1292343754,514373.0133129404,1325.1294842187367,-1332.3854532830733,-30332.52955310946,-60501.85503406917
2019-07-12,6757.6491295560245,2228.2608695652143,91300.59086408112,158.52680411628864,92,455,0.25307010869565216,0.09869921569085989,2.842170943040401e-14,-188342.90993666905,515973.45162225916,-1719.6449815669803,8477.294111123005,-16226.025390580546,-39051.17310660082
2019-07-15,3186.587796582434,1884.7826086956516,86037.83331162664,242.81608186488052,92,458,0.24108478260869565,0.08024408063834738,-2.842170943040401e-14,-294246.0215065124,504666.48419470724,3805.1947765009663,-618.6069799185326,-18565.686613189107,-40075.14494109577
2019-07-16,4053.494944155983,6660.869565217393,101168.47114884527,239.76862505652238,92,459,0.2464934782608696,0.09499594292318127,-5.684341886080802e-14,-202426.98967741875,513921.22978279163,3589.2342825744918,464.26066158149115,-21478.39146811186,-46770.50925532318
2019-07-17,5184.733569235532,10575.000000000005,110735.1215648145,246.26299657548023,92,458,0.23871521739130436,0.11026978110854946,1.4210854715202004e-13,-550022.6259381655,497285.87137387804,-2544.322207650497,7729.05577688603,-22745.30981854357,-50429.0902097472
2019-07-18,4309.465874226937,411.9565217391249,104747.4650774467,271.0388397040318,92,457,0.24453260869565216,0.10989709352403518,0.0,-360627.59364500834,511660.2179155169,2987.0879258436125,1322.3779483833239,-22148.439234838774,-48335.30550420044
2019-07-19,2736.647844568441,-3019.5652173913045,103707.34272514354,286.55523835484416,92,460,0.23883586956521743,0.09902655035925673,2.842170943040401e-14,-508719.15940419416,501613.28314101574,-6656.043057995082,9392.690902563521,-23476.74307507229,-49403.57875635817
2019-07-22,896.9204236184809,5455.555555555558,121030.80507039434,246.9410879475073,90,446,0.23807333333333333,0.11974385605660649,1.4210854715202004e-13,-178090.91586715248,496154.3427582696,5970.791186154391,-5073.87076253591,-29607.721931927612,-59865.4231995262
2019-07-23,11042.043064376507,12365.217391304344,120391.048494137,240.54440064861592,92,454,0.25365597826086955,0.11064825438755785,1.1368683772161603e-13,-441131.143671234,525791.4418597103,4602.474274163666,6439.568790212841,-19296.26345980636,-49394.025583340604
2019-07-24,14888.101187115637,19565.217391304348,113589.35512963044,265.07935115002687,92,451,0.2385608695652174,0.1197895572367577,-1.4210854715202004e-13,-362496.3412816226,498713.0897483091,7183.2295826226045,7704.8716044930325,-13774.316946441999,-42171.655728849604
2019-07-25,7654.854214308845,7411.956521739137,108448.399600153,223.64166733457427,92,454,0.24440489130434784,0.10428018495561261,-5.684341886080802e-14,-370128.7354328426,504390.90384957456,-2304.427438202959,9959.281652511803,-19680.88735306398,-46792.987253102234
2019-07-26,7151.9451258646395,-2070.000000000001,91107.57383553436,102.66373716680035,50,245,0.265448,0.08442283635910149,0.0,40288.97119240867,534032.6949728862,413.9015015827839,6738.043624281855,-15727.61207018575,-38504.50552906935
2019-07-29,-9072.88223958453,15005.999999999996,107610.11000283384,101.3063662638378,50,247,0.26642200000000005,0.09194291359856752,0.0,-102349.9580742669,535636.2809765452,3839.0633114875163,-12911.945551072047,-36076.71610655683,-62979.243607265285
2019-07-30,17058.232285612743,16172.000000000005,129454.48528451487,103.32265943865112,50,247,0.264635,0.11532557716978321,5.684341886080802e-14,-117215.71269083295,532583.4723092694,12298.882751814168,4759.349533798574,-15408.711694954625,-47772.33301608334
2019-07-31,20720.30443186251,23448.000000000007,188816.5138444127,102.63142760676057,50,246,0.306503,0.1348747804029375,5.684341886080802e-14,-152587.14178495458,616083.4611638169,32176.35831802252,-11456.053886160009,-26586.455456847423,-73790.58391795059
2019-08-01,9339.470112395937,5635.999999999987,167878.1747087372,100.63479304659037,50,243,0.309995,0.1367201773281563,-1.7053025658242404e-13,-18706.507463649985,623829.2072032639,7467.563321746027,1871.9067906499104,-32730.708357834952,-74700.25203501925
2019-08-02,-772.0875731380543,-2131.9999999999945,185808.4486922591,106.85991745025956,50,245,0.33872399999999997,0.1283788353355048,-1.7053025658242404e-13,-56595.93996362843,680450.5249309037,48003.172159530055,-48775.259732668106,-47331.05966365308,-93783.17183671785
2019-08-05,9658.28274003977,18797.999999999993,198044.41139556176,89.13274261812316,50,249,0.35139700000000007,0.13287981360722004,1.7053025658242404e-13,59608.88440315926,706223.1873610481,-14149.543793883837,23807.82653392361,-39941.9528514688,-89453.05570035924
2019-08-06,6728.4472769403965,8661.956521739137,151357.0690645524,126.78768318095453,92,453,0.31961086956521745,0.112695924248913,-2.842170943040401e-14,-173713.9576206884,647205.0965439942,6454.317979899251,274.1292970411453,-31237.60767237866,-69076.87493851676
2019-08-07,20928.39410230693,15829.347826086958,159352.86504373836,137.95076435718332,92,452,0.2982641304347826,0.1368448434253239,1.1368683772161603e-13,-151043.43353807105,605813.3829374694,-3000.819050344643,23929.213152651573,-19047.772922984845,-58885.98918391943
2019-08-08,13307.498061871418,8144.444444444444,191071.73921362075,131.93728802972223,90,449,0.30859722222222224,0.12690368758591045,-2.842170943040401e-14,-155042.48122331174,626323.6069795805,10246.677417375422,3060.8206444959965,-34592.37402956349,-82360.30883296867
2019-08-09,-2116.317565788307,-3858.888888888893,158229.88110656932,142.91104568928606,90,444,0.3001361111111111,0.1451757359591369,-8.526512829121202e-14,-290700.53230017505,612541.9564927217,10403.49476264703,-12519.812328435335,-41816.69888811992,-81374.16916476225
2019-08-12,8423.432675754644,8297.777777777765,155492.71038567164,158.29880806548226,90,448,0.30746222222222225,0.12038136431398064,-1.1368683772161603e-13,-221506.7043704065,627541.883703483,-9151.302832151283,17574.735507905927,-30608.04372872875,-69481.22132514665
2019-08-13,-10365.306968154593,504.44444444445674,190762.4395501893,146.20900572798513,90,450,0.30631055555555553,0.12993111385244874,8.526512829121202e-14,-308291.3154054715,623361.7286884354,42376.56946520248,-52741.87643335708,-58202.1258614299,-105892.73574897723
2019-08-14,8250.84072609189,8997.777777777786,163661.60120501058,155.26304516373204,90,448,0.30980388888888893,0.14399253521870264,8.526512829121202e-14,-210343.44508481555,631977.5199268253,-3586.6672061891377,11837.507932281029,-32819.822620324485,-73735.22292157714
2019-08-15,4808.486513261276,11085.869565217388,158486.2854061953,155.13908425329495,92,452,0.3173673913043478,0.11506367304985896,-1.7053025658242404e-13,-274772.1001483235,647352.0531544299,-14477.550686775738,19286.03720003701,-34968.22392254084,-74589.79527408967
2019-08-16,5454.810428695428,6434.782608695649,169871.5779909334,157.6877992847843,92,451,0.32558858695652176,0.1214387412908258,8.526512829121202e-14,-99993.65878554597,661351.9866045335,-12175.683757566518,17630.494186261945,-37170.771868322714,-79638.66636605606
2019-08-19,2644.3992700944923,3595.65217391305,119898.17013793439,168.65004839677715,92,455,0.3024967391304348,0.09936552996051123,8.526512829121202e-14,-297998.3798629299,618384.0874649732,3963.9142875756993,-1319.515017481207,-27498.79331278588,-57473.335847269474
2019-08-20,-16559.55637087737,-3959.782608695655,110572.54691193413,152.6060818878312,92,453,0.3081157608695652,0.08913128981704278,-5.684341886080802e-14,-164738.61057856694,627842.7093588575,-7399.875279446673,-9159.681091430699,-44355.299180748734,-71998.43590873227
2019-08-21,-7237.59801049346,6771.739130434784,121565.88744340849,177.4553061513931,92,458,0.29775869565217394,0.09596238816362339,1.1368683772161603e-13,-97130.05098661853,610084.1612525989,5678.014291154245,-12915.612301647705,-37806.52517749697,-68197.99703834909
2019-08-22,21762.51059092556,19109.02173913044,152578.40282802263,173.09248816872292,92,455,0.30545108695652173,0.10233009134479672,-2.842170943040401e-14,-348224.57279962534,623560.3199281833,41012.22097274125,-19249.710381815687,-16555.18260424882,-54699.783311254476
2019-08-23,7205.139443883166,4992.045454545457,144717.76567590405,199.3661514341265,88,431,0.31218920454545457,0.13205315697884915,8.526512829121202e-14,-352350.746419409,644946.6731867867,-11678.585575973662,18883.72501985683,-29173.668126526973,-65353.10954550299
2019-08-26,-3178.1864586893357,5777.906976744193,157123.017532045,185.60623087169586,86,430,0.3038686046511628,0.11926718206142618,-8.526512829121202e-14,-163395.0531589329,623269.1109266359,4420.078874984476,-7598.265333673812,-42644.54707257228,-81925.30145558353
2019-08-27,8400.437300541831,10081.81818181819,168172.62623935242,209.5924761710821,88,431,0.30185625,0.1401601663190265,5.684341886080802e-14,-449599.2430529285,623599.3289352614,-5180.924621831856,13581.361922373688,-33852.31173546736,-75895.46829530546
2019-08-28,4934.641670383465,11602.32558139535,144736.34308318337,196.75035805511985,86,429,0.30166337209302324,0.11420970299017985,0.0,-284940.7991401796,618379.0302061802,-9473.257730100402,14407.899400483866,-31446.194458467497,-67630.28022926333
2019-08-29,5688.565830554136,7959.30232558139,145054.12124409777,216.27740915673533,86,429,0.2707372093023256,0.12727737039538728,1.4210854715202004e-13,-624041.1433502984,558426.1500167559,-3362.6464171571088,9051.212247711244,-30791.241889627043,-67054.7722006515
2019-08-30,7338.759049765109,1553.9534883720999,154925.1461153268,232.0477650446586,86,425,0.27326197674418606,0.13994070009927914,-5.684341886080802e-14,-763322.229054006,567485.6993030757,3411.9868518573985,3926.77219790771,-31624.575244111245,-70355.86177294294
2019-09-03,11064.608450110234,10555.813953488374,157412.90501716503,121.13049910447383,86,427,0.2898947674418605,0.13573263256861628,2.842170943040401e-14,-190955.65670324196,587574.1882311894,-836.4056540072038,11901.014104117437,-28409.748303285498,-67762.97455757676
2019-09-04,6475.710238684238,6221.590909090909,143849.78199650298,154.22951559481072,88,433,0.26323125,0.13329866306403593,8.526512829121202e-14,-91311.55157400039,537094.7734459947,2162.3871120835447,4313.323126600693,-29640.96477603632,-65603.41027516207
2019-09-05,678.5100201172249,78.4090909090848,125804.97943178055,160.7765525485379,88,431,0.26306079545454547,0.12139499401446154,-1.1368683772161603e-13,-200374.34369370653,540090.0175999976,-4236.262970126081,4914.772990243307,-30933.51139037645,-62384.75624832159
2019-09-06,2325.090532288513,4203.488372093032,105231.19203901527,145.79214582822203,86,427,0.2510581395348837,0.11064177164163008,-2.842170943040401e-14,-178435.92174236404,512750.31987205293,5596.5364839784725,-3271.445951689959,-24128.499623293526,-50436.29763304734
2019-09-09,9013.819580476838,7539.53488372093,138607.52616417344,170.85531747210246,86,430,0.26001162790697674,0.11799302819832701,-5.684341886080802e-14,-112731.0718162717,535846.8984126244,13181.694923287783,-4167.875342810945,-25808.91727803862,-60460.79881908198
2019-09-10,6007.339113219112,3527.9069767441806,139520.21853492045,164.50401145831648,86,430,0.2580511627906977,0.13168954343152606,-3.410605131648481e-13,-285529.50209823606,527344.8786622207,-1361.0059522160661,7368.345065435178,-29037.21953196932,-63917.27416569943
2019-09-11,8094.361254512076,15765.116279069762,135511.15625456796,191.54639036724336,86,430,0.25963837209302326,0.12276866376773543,0.0,-228378.07450606124,534255.9144564027,-735.9169292984357,8830.278183810511,-25974.974199497155,-59852.763263139146
2019-09-12,999.5918674735926,2310.4651162790806,137483.40561884313,160.6477477630377,86,426,0.2599889534883721,0.13272528267921818,8.526512829121202e-14,-134088.5030371716,532292.7123106577,-2497.424887336758,3497.01675481035,-33531.90728500023,-67902.75868971102
2019-09-13,3199.4892911313905,4675.000000000003,120065.58670088458,185.3242452011438,88,433,0.25067727272727275,0.11908210796076278,0.0,-282037.95322880405,516328.03136335,10905.733795448059,-7706.244504316669,-27002.231629290898,-57018.62830451205
2019-09-16,-32.83155080744109,5920.454545454545,109838.16486149447,199.88553242663795,88,433,0.2826005681818182,0.09703813774811444,-2.2737367544323206e-13,-417161.5167853487,582283.5202831059,3877.708336138382,-3910.539886945823,-27692.258298607696,-55151.79951398132
2019-09-17,9185.231192749563,7347.727272727265,113861.48573694642,238.52869935245099,88,432,0.29000170454545454,0.09826749067096502,-2.842170943040401e-14,-414861.68669014523,602781.8226279648,-1034.395347950301,10219.626540699865,-19518.66894083949,-47984.040375076096
2019-09-18,9405.996813983278,5173.255813953486,107008.17917435052,195.43692939097227,86,429,0.278221511627907,0.09704150349753413,0.0,-472712.3925804136,571630.3105277733,-1984.136324074341,11390.13313805762,-17541.484908995324,-44293.52970258295
2019-09-19,7323.987612600657,5827.272727272737,123257.09599731056,220.8528970148756,88,433,0.26380852272727273,0.10836209771389858,-1.4210854715202004e-13,-583221.5364899262,544230.8744611635,3599.3852632773896,3724.602349323267,-23711.13928374186,-54525.4132830695
2019-09-20,-1340.4914023041974,-8003.488372093024,125683.28406608803,259.10530760532885,86,427,0.2602825581395349,0.11987386018069035,-5.684341886080802e-14,-763634.8463273244,542799.7093681813,-7738.137611565134,6397.646209260936,-33020.41772643154,-64441.238742953545
2019-09-23,15046.724824377086,15784.3023255814,182861.07193700498,263.39785083880327,86,427,0.26806017441860464,0.15811703873729177,-1.1368683772161603e-13,-495663.4584092376,561260.6863238134,14924.716528048164,122.00829632892135,-30931.94101071296,-76647.20899496421
2019-09-24,-800.5830798938387,2267.2093023255825,158770.05887561777,173.0871165340851,86,430,0.2859395348837209,0.13232521951142642,2.2737367544323206e-13,-541285.7276829989,582594.9073488123,-4724.9920454974545,3924.4089656036153,-40666.18491533237,-80358.69963423681
2019-09-25,3652.926781065965,4631.860465116275,144797.27818177067,246.00468183448234,86,424,0.2651669767441861,0.12975272037552452,-1.1368683772161603e-13,-765294.9946769688,551120.053108095,2734.2578100552114,918.6689710107532,-32792.39744621119,-68991.71699165386
2019-09-26,7052.620687805537,5557.09302325582,158502.81102117006,283.31763106061686,86,427,0.274618488372093,0.12962605726517964,5.684341886080802e-14,-605889.3796332924,574242.4658184878,5243.50835666024,1809.112331145298,-32856.39969854759,-72482.10245384011
2019-09-27,12968.026286065044,8141.279069767434,169773.76416546415,276.0292123191082,86,426,0.279729476744186,0.14776565439955747,8.526512829121202e-14,-874592.3451821508,586792.59200115,-417.8404972990114,13385.866783364056,-29751.4439676201,-72194.88500898614
2019-09-30,1905.5056480593848,2160.8695652173765,148578.45774207998,84.39889639102971,46,224,0.2950804347826087,0.12104959265921379,-1.7053025658242404e-13,-66048.01814177037,592407.662587324,11494.029165894191,-9588.523517834807,-35323.50768385164,-72468.12211937162
2019-10-01,16120.491552603431,9234.65116279069,143035.83280821142,112.73314253556127,86,427,0.2998828488372093,0.11426075304124081,1.4210854715202004e-13,-52431.15320110337,605576.5609212352,25927.62591412999,-9807.13436152656,-19751.199791984985,-55510.157994037836
2019-10-02,3169.548386313118,3725.4545454545478,149309.23270803012,119.99199784680293,88,432,0.3124684090909091,0.11814356945443202,0.0,-53458.062063398254,630787.1073823833,-6663.091833355096,9832.640219668214,-34277.751788541216,-71605.05996554875
2019-10-03,5894.076188398648,4020.2272727272707,148932.67152671638,125.83107746759067,88,434,0.3124755681818182,0.11415644490623898,-1.9895196601282805e-13,-127495.9438186132,632625.4999105143,-9202.115904281467,15096.192092680116,-31464.92277074804,-68698.09065242714
2019-10-04,2781.8617322557157,694.5454545454594,139513.89195929107,130.70476612502168,88,431,0.30151886363636365,0.1101638732931964,-5.684341886080802e-14,-164779.45597784416,610230.9176071136,-5958.410775450935,8740.272507706652,-32227.316023692074,-67105.78901351485
2019-10-07,5596.3086636124535,5234.883720930235,145296.61384700425,136.72591329464402,86,427,0.3171936046511628,0.10766933215373752,8.526512829121202e-14,-347266.1134332632,643227.2359199966,16237.333353985841,-10641.024690373388,-30864.570711433254,-67188.72417318432
2019-10-08,5989.897782010338,5224.418604651158,145499.0839373431,130.5008554632591,86,429,0.3176575581395349,0.10710826482103346,5.684341886080802e-14,-233681.92586614942,644320.326752474,-4147.161116402639,10137.058898412977,-30515.374057788693,-66890.14504212448
2019-10-09,7398.8192859231185,4604.545454545452,142805.29467053642,177.28199032220755,88,433,0.31831875000000004,0.1132265375214382,1.4210854715202004e-13,-437229.485101984,651885.7857150334,-2896.669246211511,10295.48853213463,-28479.78637203319,-64181.11003966729
2019-10-10,5713.479323549047,4854.545454545456,168200.72279849433,143.8318127115211,88,432,0.3167147727272728,0.10640233864643861,-5.684341886080802e-14,-277137.8408163817,642234.7143659443,-2711.215593139126,8424.694916688173,-36480.53318878605,-78530.71388840963
2019-10-11,1856.2594772928117,-4929.761904761911,160149.36350849184,157.6162574632514,84,420,0.30172916666666666,0.15995722950070665,5.684341886080802e-14,-325178.89209444984,613464.8751203858,-14426.743563552658,16283.00304084547,-38338.6976572934,-78376.03853441635
2019-10-14,9459.505109858093,7077.272727272718,107760.91937387228,246.7953483566034,88,436,0.29616875000000004,0.09519679184136307,1.1368683772161603e-13,-575241.608998994,615361.1454589225,-6400.355248478452,15859.860358336546,-17727.520081966577,-44667.74992543465
2019-10-15,4267.356556663852,1442.0454545454552,98659.23426781296,225.76385807573197,88,433,0.29266931818181824,0.07961422674541035,1.4210854715202004e-13,-277607.85456497374,602519.9359862407,-825.6768763633911,5093.0334330272435,-20623.215868365118,-45288.024435318366
2019-10-16,7765.080904114753,5460.227272727281,95773.33924598404,230.60635834279506,88,434,0.29565795454545457,0.08292834136345181,5.684341886080802e-14,-235581.4798990835,610907.9223480233,-5979.433828510848,13744.514732625601,-16408.86026572405,-40352.195077220065
2019-10-17,2811.687129314491,-1811.363636363647,101034.97419960727,248.41919533131565,88,432,0.29065056818181817,0.085279976459878,5.684341886080802e-14,-325000.51763077977,604652.8980194896,5498.31044383218,-2686.6233145176884,-22695.475615918644,-47954.219165820454
2019-10-18,5782.087273437202,-5206.818181818181,92092.04877021107,229.2097234233408,88,435,0.2914784090909091,0.07952193324991537,1.4210854715202004e-13,-570271.0252865161,602213.8325075278,-2612.0587774951664,8394.14605093237,-17470.134642538906,-40493.14683509168
2019-10-21,1174.2770085308255,3431.3953488372103,120152.45335102579,161.894992210037,86,426,0.29469476744186046,0.09947802883689057,5.684341886080802e-14,-195154.70509342875,600121.7851601272,5947.976889374275,-4773.699880843449,-29025.731321435658,-59063.84465919211
2019-10-22,3823.3501683416043,1062.4999999999952,111450.07993938093,197.77066057311478,88,432,0.2911721590909091,0.09112817803902386,0.0,-278438.0820153328,597196.6373437826,-2300.361182497357,6123.711350838961,-24236.940477076743,-52099.460461921975
2019-10-23,-256.0955892679319,5337.20930232558,118125.91704216071,205.17742616651435,86,424,0.3008418604651163,0.0976490710857599,1.1368683772161603e-13,-281563.45053554804,618228.8222992962,-4178.285665457643,3922.1900761897114,-29992.752275974624,-59524.2315365148
2019-10-24,3113.619166928426,13718.604651162783,119424.38295840492,214.32981884084182,86,428,0.29712093023255814,0.0972777440143697,2.842170943040401e-14,-349083.39647556876,613113.6183380187,1641.4538222273864,1472.16534470104,-26956.806391513644,-56812.90213111488
2019-10-25,3135.9248886142364,-8089.347826086958,121215.67315100633,95.28182264826728,46,230,0.3057597826086957,0.09770262477389036,-1.1368683772161603e-13,-87185.07152369927,614434.8408917985,395.9898283428212,2739.935060271415,-27263.27522178561,-57567.193509537195
2019-10-28,18909.023679710815,22852.173913043473,108186.27698483724,97.15584275648348,46,228,0.2933978260869565,0.08294260402167511,-1.1368683772161603e-13,-140798.72449496906,589490.9480662135,77.42528600270984,18831.598393708107,-8234.701409254978,-35281.27065546429
2019-10-29,9814.367412906693,14750.000000000011,146386.99173823788,98.87579582373198,46,230,0.31423152173913044,0.10674306936302348,-1.7053025658242404e-13,-38621.578996444,631574.584985663,3782.003053370128,6032.364359536566,-26881.25631747651,-63478.00425203598
2019-10-30,12093.305492834179,18904.166666666653,145478.60497773474,97.83430450713675,48,231,0.30954895833333335,0.09740030146652916,-1.7053025658242404e-13,-100240.8501823968,621977.6361783929,3452.140947767626,8641.164545066553,-24374.18005610664,-60743.831300540325
2019-10-31,-4123.459517636934,-5091.086956521745,158816.99548480895,101.02507222811894,46,227,0.3311945652173913,0.11007669981621125,5.684341886080802e-14,-30737.491135387507,665840.7606317519,-2443.7202884660146,-1679.7392291709195,-43928.73346106729,-83632.98233226953
2019-11-01,-17775.23458180617,-13960.000000000004,135780.13201980002,95.1394852731676,46,230,0.3217365217391305,0.09938646284032936,-5.684341886080802e-14,-92646.82617782478,646652.7895876437,5239.283178487514,-23014.517760293686,-51815.407072029346,-85760.44007697934
2019-11-04,14864.296062574773,15160.416666666679,142209.56255567857,97.12546158602744,48,232,0.32106250000000003,0.10373388105835708,0.0,-83673.10301724396,644759.3076339312,2567.63053171088,12296.665530863891,-20785.220037930896,-56337.61067685054
2019-11-05,5651.273498842135,9473.863636363636,152058.89531874112,123.35380809339486,88,435,0.30050000000000004,0.11550406295896189,0.0,-70054.39581418637,608313.8645220828,-2671.578570923929,8322.852069766064,-32486.80413893654,-70501.52796862183
2019-11-06,6382.977971962331,18919.204545454548,148952.78003192795,141.4752499519634,88,431,0.2903846590909091,0.11951305673899935,1.7053025658242404e-13,-70250.84932040193,589109.4310815809,3245.51528007753,3137.462691884801,-30996.692285971618,-68234.88729395361
2019-11-07,18199.76649627943,17913.29545454545,126239.3450839307,149.74181207957378,88,434,0.2883144886363636,0.10906741147603113,-5.684341886080802e-14,-28168.902355610066,587165.1811970292,-1882.6456426374552,20082.412138916883,-13509.81158678282,-45069.6478577655
2019-11-08,-247.88427532415537,-7476.136363636368,108413.32496855118,142.1589845627007,88,435,0.2806221590909091,0.10341526766150509,-8.526512829121202e-14,-206244.28081071118,569745.4151673982,-7667.930246271375,7420.04597094722,-27493.374502024653,-54596.70574416245
2019-11-11,-1926.711318780851,9239.772727272728,123622.22526070743,162.18257695645926,88,433,0.28362045454545454,0.10821117820733094,-2.842170943040401e-14,56110.10257520601,580201.0537219506,-2868.5131737040247,941.8018549231742,-32994.45021091417,-63900.00652609103
2019-11-12,6735.124421858434,1443.1818181818198,130805.97561912172,153.43304364525633,88,432,0.2813965909090909,0.10700593287633636,1.1368683772161603e-13,-106429.46878352496,573355.1711957125,5913.6069181465955,821.5175037118388,-26119.80252656725,-58821.296431347684
2019-11-13,7898.471076286021,10110.227272727276,125209.27218208443,149.20002863926376,88,432,0.27801988636363634,0.11838673787001129,-2.842170943040401e-14,-139496.27609791842,564633.8683250068,-111.38959751656827,8009.86067380259,-23553.04699787435,-54855.36504339546
2019-11-14,1609.6497411264966,-706.8181818181879,139026.4578561324,139.34175858023195,88,432,0.2758710227272727,0.11023835004537208,2.842170943040401e-14,62569.27832120911,560222.3276188324,-2930.0516479987814,4539.701389125277,-33286.306481486834,-68042.92094551993
2019-11-15,3638.6014635051265,-5803.488372093018,130669.98496013119,183.50449839631688,86,427,0.2653011627906977,0.13743182800246145,0.0,-81796.49279681889,544010.749875972,647.8293326163081,2990.772130888818,-29212.399274923988,-61879.895514956785
2019-11-18,-1113.0722158851713,8256.02272727272,97462.83096742565,180.65081138050414,88,436,0.2777039772727273,0.09678146311269233,-8.526512829121202e-14,-101981.8782149541,568893.8937223895,6761.374485632426,-7874.446701517597,-25659.430769122086,-50025.1385109785
2019-11-19,-5047.856422301663,923.8636363636438,94667.28225759792,213.4473685676166,88,437,0.2719939772727273,0.08737308206878186,5.684341886080802e-14,-439420.4664551175,562951.2765150587,4376.625346745986,-9424.481769047648,-28928.12435526876,-52594.94491966824
2019-11-20,-591.1415466835697,-739.7727272727261,100510.74767005643,207.48541238804424,88,435,0.27350454545454544,0.09518360796014334,2.8421709430404007e-13,-627552.6120768441,563749.7794120811,2294.2825283374805,-2885.42407502105,-25926.313876585722,-51054.000794099826
2019-11-21,11898.154294173897,14827.272727272724,104465.90281578404,230.55525363358413,88,436,0.28207386363636366,0.09559165746081638,1.9895196601282805e-13,-222165.30319919437,581856.2512070859,-6267.788272108902,18165.9425662828,-14448.876663405696,-40565.352367351705
2019-11-22,1352.7378607927035,-6086.363636363643,98205.33677861626,165.7455761807967,88,435,0.2706846590909091,0.09796431352020384,2.842170943040401e-14,-278712.7892370359,553236.2911576021,-7589.931297509343,8942.669158302046,-23364.34191004216,-47915.67610469622
2019-11-25,11439.07925354018,14160.465116279076,134530.32623726246,204.22216543387867,86,428,0.2538377906976744,0.11576302229706259,-5.684341886080802e-14,-335029.4776739378,523967.8401493386,6294.113044568046,5144.966208972135,-22397.724471209316,-56030.30603052493
2019-11-26,5778.991914413295,5453.86363636364,125593.88459909198,302.9471061234374,88,431,0.23388693181818185,0.13541102131760252,-5.684341886080802e-14,-954041.8997171915,495438.4182695767,611.4809331833401,5167.510981229955,-25922.426341483137,-57320.89749125613
2019-11-27,7844.637650674442,4145.58139534884,136857.7462990018,294.79949411383757,86,429,0.24142976744186045,0.13683525604973845,-1.7053025658242404e-13,-644017.882841021,507413.2689765959,4109.04945427168,3735.588196402762,-26664.598418189846,-60879.034992940295
2019-11-29,15341.958487861215,5642.045454545458,133317.49164433946,303.5149407921147,88,432,0.24978920454545459,0.14550164514926492,2.842170943040401e-14,-467836.51564279664,524509.9981746702,14074.059030074579,1267.899457786637,-18290.929364015767,-51620.30227510063
2019-12-02,1916.2312185541352,1241.6666666666679,93142.7660578749,106.01563449070395,48,233,0.27700104166666667,0.08748012336721311,-1.7053025658242404e-13,-59881.89949026333,557009.7400557268,10512.922961541517,-8596.691742987383,-21475.475930405297,-44761.167444874016
2019-12-03,3145.704504819516,1955.6818181818182,107938.31140670004,152.9858864568678,88,437,0.2638375,0.10028492514401956,5.684341886080802e-14,-295034.1706211245,540528.6917387742,-5023.386938284923,8169.09144310444,-23991.85923331236,-50976.437084987374
2019-12-04,13207.192692672048,13180.681818181825,111156.74075720056,163.46438824856295,88,435,0.24759431818181818,0.11121002000211716,-8.526512829121202e-14,-239081.84533640483,508202.06470822496,-4017.793910002193,17224.98660267424,-14745.456884876656,-42534.642074176794
2019-12-05,-3017.354592296125,-2519.3181818181865,109149.53242746364,169.69664444330894,88,436,0.23823352272727275,0.10905895542941026,8.526512829121202e-14,-191650.79427653895,491424.36941073736,-5663.566544041356,2646.211951745231,-30474.434343605342,-57761.81745047125
2019-12-06,4447.1120426945845,3512.5,98692.02393742593,164.7727624250784,88,432,0.23636477272727274,0.10904124694681688,-1.4210854715202004e-13,-197267.30784644734,489081.13573659735,-1259.5027037477555,5706.61474644234,-20390.666704086976,-45063.672688443454
2019-12-09,-295.4265806714615,2078.4090909090883,108064.66162095022,168.03401906160687,88,436,0.2511482954545455,0.10943396149409464,-2.842170943040401e-14,-216984.28441477465,517003.04608263494,-1202.4694107953012,907.0428301238396,-27479.626004970625,-54495.79141020818
2019-12-10,5066.2101411005215,6229.545454545457,113179.42337539686,157.0667035093795,88,436,0.24492102272727276,0.1115868839117636,-1.1368683772161603e-13,-145270.84543671645,505063.6076340328,3315.403354331995,1750.8067867685265,-23385.712406258073,-51680.56825010729
2019-12-11,1779.6500666228258,1112.5000000000036,113586.73553432028,204.91824801007922,88,434,0.245875,0.11223705179282185,1.4210854715202004e-13,-375008.87778950087,512633.66557162517,3117.4570389272326,-1337.8069723044066,-26821.95206496732,-55218.635948547395
2019-12-12,329.72725502657823,2451.1363636363653,106651.51154329485,175.14368046276482,88,431,0.24230397727272732,0.1014320401516357,0.0,-258660.39612314367,498845.9615695516,-10141.568892683275,10471.296147709852,-26508.294311259902,-53171.172197083615
2019-12-13,6026.502189893963,1296.5909090909063,111433.33116783266,176.4269110742635,88,431,0.23750568181818182,0.12466107371349512,8.526512829121202e-14,-227534.07063781022,489277.5230131417,-6510.163122900288,12536.665312794252,-22008.257513138466,-49866.59030509663
2019-12-16,5203.948649010886,4744.318181818191,85890.727103208,263.8082520659071,88,437,0.22345454545454546,0.09600512270677902,5.684341886080802e-14,-343488.575310804,468018.1280850964,888.6382523178918,4315.310396692994,-16532.541378857022,-38005.22315465903
2019-12-17,795.512142537571,4498.863636363628,80797.53583067397,267.8926325475736,88,435,0.22047159090909094,0.08950935305399241,2.842170943040401e-14,-399776.2804639966,462618.54606784845,1188.2046754850633,-392.6925329474925,-19671.764447678495,-39871.14840534699
2019-12-18,3861.386669551838,6064.7727272727225,82227.0633575175,289.6697605589765,88,433,0.21849602272727273,0.09348204391055032,8.526512829121202e-14,-584204.4196515746,461460.75229199644,-1931.7178509333162,5793.104520485154,-16985.048930386514,-37541.81476976589
2019-12-19,2647.1420207361407,6986.590909090914,87751.69254096142,320.471237144936,88,432,0.21746215909090913,0.09493177641543897,-8.526512829121202e-14,-274823.1638239959,465697.43501972925,-2688.6237317813802,5335.765752517521,-19611.25235164915,-41549.1754868895
2019-12-20,7397.609677208131,1578.4090909090928,74741.54281525675,277.35268415970774,88,431,0.21859034090909094,0.09259184502339349,-1.1368683772161603e-13,-121817.95175162592,460718.1791978872,-1337.7232914132535,8735.332968621386,-11565.128710765764,-30250.514414579953
2019-12-23,2389.3041451167664,1369.767441860471,107150.71277307456,207.92972963300053,86,428,0.22471686046511627,0.1142596536432881,1.7053025658242404e-13,-402298.46729258104,464209.8511676084,4467.495204103316,-2078.191058986549,-24606.303777784873,-51393.98197105351
2019-12-24,-330.0370300125011,-1654.6511627907057,118392.45436636875,230.38710583079836,86,427,0.2205796511627907,0.12459735079329289,5.684341886080802e-14,-543541.2799592866,460503.4523512442,-4148.265425263953,3818.2283952514526,-30158.537727435487,-59756.651319027675
2019-12-26,3145.112253619486,2223.1395348837227,133466.43026655383,300.82623848706436,86,425,0.22467093023255813,0.1427569733173389,0.0,-831124.206199124,480599.8709447045,1458.7210335737045,1686.3912200457817,-30522.321551506036,-63888.929118144486
2019-12-27,784.8498287620396,-1608.4782608695723,93883.63336414786,86.81881163717749,46,224,0.2546109782608696,0.10260280381815873,1.7053025658242404e-13,33437.3005957618,511592.90448558354,-7465.320844807322,8250.17067356936,-22772.877323912104,-46243.785664949064
2019-12-30,7094.7120189779525,5217.391304347822,106642.9609258026,94.69988457916224,46,228,0.2672695652173913,0.0994859486099523,1.7053025658242404e-13,-3805.565412953525,536779.7426537895,-1896.501153802657,8991.21317278061,-19660.728097051862,-46321.46832850251
2019-12-31,-263.13074611345166,-5426.086956521734,100156.30753212849,98.2583283751121,46,226,0.2588,0.0997061330708648,0.0,6218.669525412492,519763.89927613473,1072.576565596251,-1335.707311709703,-25400.465957520686,-50439.54284055281
2020-01-02,6652.9989000782725,4078.2608695652166,110473.17300088462,95.5328455574621,46,230,0.26377065217391304,0.10305576665429299,0.0,-56174.13585994269,530304.8367628797,6149.139833969859,503.8590661084127,-21060.827195700345,-48679.1204459215
2020-01-03,13616.445865418884,5015.217391304341,94050.08276247686,104.35539920824273,46,227,0.26738152173913043,0.09977299365669208,-3.410605131648481e-13,-98667.19376976449,537811.274686908,-3597.964536672149,17214.41040209103,-10000.430224408574,-33512.95091502779
2020-01-06,-1109.0658384357332,-613.2608695652141,110481.45563553387,84.74964423517838,46,228,0.28167706521739133,0.10025601322582739,1.1368683772161603e-13,-102896.75438091705,566157.6171259026,-988.0191929231162,-121.04664551261709,-28814.17939155438,-56434.54330043784
2020-01-07,3301.761732234343,1189.7727272727213,134054.0981439728,132.2660607321156,88,432,0.2628903409090909,0.10416784665614204,0.0,-222833.71440610237,534356.9213704831,949.727966306302,2352.0337659280412,-30344.028864490974,-63857.553400484176
2020-01-08,3855.745206950897,1236.6279069767454,114480.56787991435,112.17209093271416,86,423,0.2658883720930233,0.12621156177175646,2.8421709430404007e-13,-184711.8636192557,537594.4428471723,-5459.13492568678,9314.880132637676,-24876.568853960405,-53496.71082393899
2020-01-09,4273.937402144354,1533.1818181818169,99318.83586408292,137.16093019897818,88,432,0.2647738636363636,0.09109005622295387,-1.1368683772161603e-13,-99966.45512668883,539884.9643883496,-1547.1452352279,5821.082637372254,-20692.932494075354,-45522.64146009609
2020-01-10,5385.52481578772,-3193.068181818186,88217.30059054376,134.64154569717243,88,432,0.2607247159090909,0.09419993371298344,-5.684341886080802e-14,-223749.98993364663,531627.2815628008,-1619.5735787924302,7005.098394580151,-16803.441877545392,-38857.76702518133
2020-01-13,-1742.7003436261414,-1371.5909090909058,113666.9835279305,153.57818399781405,88,433,0.2592755681818182,0.10182632177565581,-5.684341886080802e-14,-321710.52808707603,529513.2678741341,1311.9054688455872,-3054.6058124717283,-30313.02440960658,-58729.77029158921
2020-01-14,8892.33504500032,6214.772727272723,114589.42781812255,147.13819344588018,88,433,0.25640852272727277,0.10695237469695532,-5.684341886080802e-14,-241398.58671107746,521896.4034880247,3917.503383118148,4974.831661882173,-19902.1601029762,-48549.51705750683
2020-01-15,4970.688318576259,7210.465116279059,126823.49703190886,158.14987565884647,86,427,0.2611366279069767,0.11107565010444544,5.684341886080802e-14,-52733.114975318145,531806.3467832298,-4032.094786392308,9002.783104968566,-26893.335815059803,-58599.21007303702
2020-01-16,5539.447857576084,1377.906976744184,107123.36305762506,137.74489401150146,86,429,0.25369593023255815,0.10696026697481491,-1.1368683772161603e-13,-240649.58923519045,514977.8485119118,-1118.354710187493,6657.802567763578,-21379.137800841683,-48159.97856524795
2020-01-17,4420.76506665293,-11867.44186046512,101036.92606069884,137.74607370580773,86,428,0.24743372093023255,0.10633348869830611,5.684341886080802e-14,-62942.72788095463,501764.7213234834,12267.292791878597,-7846.5277252256665,-20976.212522227586,-46235.444037402296
2020-01-21,3303.8766062303926,4918.181818181812,64802.062879270554,159.76748564021614,88,437,0.25765170454545455,0.07036115784595935,5.684341886080802e-14,-36399.1153356602,524703.6356728417,-2764.9515889972276,6068.82819522762,-13056.40659922746,-29256.9223190451
2020-01-22,1260.6607686295624,3432.9545454545596,73735.57416853053,159.62830394631806,88,435,0.2514789772727273,0.07755079385053726,0.0,-65795.252510469,512906.23704260075,7893.087655212749,-6632.426886583186,-17332.86107744939,-35766.75461958202
2020-01-23,5355.5940893135985,1126.1363636363637,82381.56138577253,151.5102334314276,88,432,0.25896875,0.08343743208450748,8.526512829121202e-14,-68197.15099683146,526199.3580709809,12784.346134702913,-7428.752045389316,-15391.306490560959,-35986.69683700409
2020-01-24,1043.2258641790995,-1090.909090909103,78339.28515127068,194.56296592831288,88,436,0.26150170454545457,0.07841951480069026,-5.684341886080802e-14,101399.24213779757,538414.1329794462,15352.651272289684,-14309.425408110585,-18736.158389566885,-38320.97967738456
2020-01-27,3415.458760594093,7532.954545454562,120026.84339874833,208.39140459753932,88,435,0.26808352272727276,0.11086294111146432,2.842170943040401e-14,-41559.52678231192,552144.7931323246,-11263.29311491356,14678.751875507653,-26799.643493690528,-56806.354343377614
2020-01-28,8611.271816782091,14704.545454545447,104071.99044862045,211.53621175833928,88,431,0.2627193181818182,0.0979633256696222,-8.526512829121202e-14,-389799.17523122067,539931.8430677088,2373.576536437981,6237.695280344111,-17618.26200713136,-43636.25961928647
2020-01-29,7826.622011908295,8773.295454545456,121854.99252724765,233.07571033459445,88,431,0.25182698863636366,0.10504732340304607,-1.9895196601282805e-13,-38457.78721140044,523406.5256504347,5253.991986508809,2572.6300253994864,-22870.201830238213,-53333.94996205013
2020-01-30,14354.40406385123,5705.813953488378,162907.60798053283,226.43681143750462,86,426,0.26248662790697674,0.12750873951838274,2.842170943040401e-14,-537424.0147518826,544135.5882386358,30215.59154672875,-15861.187482877516,-26598.93474271948,-67325.83673785269
2020-01-31,16292.749975884823,-2651.1904761904834,147008.68492095635,195.0692522012116,84,416,0.27757202380952384,0.14433273380751083,-1.9895196601282805e-13,-293355.67514279584,569265.9871732487,5957.945850969123,10334.8041249157,-20654.490506555478,-57406.661736794566
2020-02-03,26340.376959973168,27052.173913043476,145342.21846132932,88.76928123227,46,228,0.30467500000000003,0.1099851136609706,-1.1368683772161603e-13,1057.283029031114,611332.7392981362,129.43499379018277,26210.941966182985,-10083.946936591432,-46419.501551923764
2020-02-04,-3007.573313295225,6344.999999999999,124179.05046874241,127.40697721244207,86,427,0.2717453488372093,0.10822207600845213,0.0,-73052.32287570748,551670.0762381032,5224.307712686547,-8231.881025981773,-34179.74290769327,-65224.50552487887
2020-02-05,12165.814450064461,10025.58139534884,134581.6159395517,140.88170372965087,86,430,0.26856046511627907,0.12122145422342095,0.0,-309385.4911338764,547993.886251128,1164.05738842272,11001.757061641742,-21620.471238553113,-55265.87522344104
2020-02-06,7361.608536554308,9205.681818181818,149888.6842763479,137.7210784084018,88,431,0.2736284090909091,0.12341377881789034,-2.842170943040401e-14,-176759.145455002,555635.0546286907,10913.540435518686,-3551.931898964379,-30248.283610941067,-67720.45468002804
2020-02-07,4927.106681092762,-4192.045454545441,128897.59234196894,139.02202360232732,88,431,0.282075,0.11036434827936457,-5.684341886080802e-14,-31267.80966703966,573474.6410628611,-857.3667264015174,5784.47340749428,-27436.3134280018,-59660.71151349404
2020-02-10,4623.063653450511,4260.227272727275,119108.53970422165,165.25153182175495,88,433,0.2756159090909091,0.10252323716466774,-1.1368683772161603e-13,-299011.127823071,564986.5511482356,1101.2145371540194,3521.8491162964915,-25319.322804426658,-55096.45773048207
2020-02-11,3063.3495747593533,4870.454545454546,139200.48530122076,147.90098465871193,88,435,0.2660454545454546,0.12118268442098282,-1.7053025658242404e-13,-159227.15739940878,543349.4751272443,-606.9949571451089,3670.3445319044627,-31884.672735204545,-66684.79406050974
2020-02-12,18977.025722540933,23333.720930232557,133989.02631103602,164.27396917718286,86,428,0.2746436046511628,0.12172163339614656,1.7053025658242404e-13,-273540.414993995,561504.7962042144,4266.051596176823,14710.974126364112,-14684.504824395255,-48181.76140215427
2020-02-13,8378.208385256106,9218.181818181822,129077.45497811308,166.38933773103594,88,431,0.2714693181818182,0.11730961908128278,-1.1368683772161603e-13,-532274.6153191972,555925.3827313761,-2861.3834195380173,11239.591804794123,-24057.544697003195,-56326.90844153147
2020-02-14,11572.875043630072,2980.6818181818203,136925.57580477578,181.79391570591352,88,434,0.2701153409090909,0.12284034144250051,0.0,-498102.4585911851,554322.2517513083,1446.5686891851567,10126.306354444916,-22840.312823269785,-57071.70677446373
2020-02-18,5136.81213410832,9678.40909090909,109948.98621506193,233.2424114916299,88,432,0.2802784090909091,0.1060339640828047,1.4210854715202004e-13,-488853.6164886563,584906.9569001201,299.609462890997,4837.202671217322,-22583.67683114879,-50070.92338491428
2020-02-19,2533.2917737218377,10235.227272727268,108855.88358228424,250.62568796641236,88,433,0.27298636363636364,0.0848258853980953,-1.1368683772161603e-13,-616567.7545823422,568678.2964361174,4234.39879459339,-1701.1070208715523,-24931.304809815632,-52145.275705386695
2020-02-20,5106.452652594307,4462.790697674413,109558.78512085768,252.60478784409153,86,429,0.27087383720930236,0.11542189053835872,-1.1368683772161603e-13,-848224.9253191488,565959.4942513116,17278.312298272846,-12171.85964567854,-22535.848415464203,-49925.544695678625
2020-02-21,-1029.5299280743377,2456.818181818182,135127.2944356447,258.40592744478676,88,434,0.27530852272727274,0.11081652718380465,-5.684341886080802e-14,-440192.9529455361,575665.2019049736,41165.296955951024,-42194.826884025366,-35069.759464430295,-68851.58307334148
2020-02-24,-4102.839216425384,6918.604651162779,202019.60975998925,232.30622956924307,86,428,0.31430348837209304,0.12601408340234288,0.0,-405214.28616654617,650193.4751796683,54391.64613524984,-58494.48535167523,-54840.04788599194,-105344.95032598925
2020-02-25,9088.895363964226,6947.67441860465,223170.39142939151,195.565342458948,86,426,0.35506686046511626,0.16280378670654866,1.7053025658242404e-13,-359980.7545319746,726565.7113325815,4306.462092043978,4782.433271920247,-46899.2678358426,-102691.86569319048
2020-02-26,-12224.345594740096,1301.190476190476,349748.2586508307,191.88422318946468,84,416,0.38571666666666665,0.12798167317256612,-5.684341886080802e-14,-371740.6589654753,788582.0469365083,85876.7852503896,-98101.1308451297,-99853.29448063724,-187290.35914334492
2020-02-27,-28886.120772873874,-26362.820512820508,495163.948987817,176.37424613170273,78,388,0.4350852564102564,0.24244451811502102,0.0,-145041.72000962996,883106.7131599631,77540.37056175995,-106426.49133463383,-152853.48226595984,-276644.4695129141
2020-02-28,-30682.300952614805,-21788.750000000004,465011.7386928522,185.9199352362287,80,392,0.509861875,0.25600774078002,1.1368683772161603e-13,-103480.14586440365,1032876.6909626569,-72322.15645765916,41639.85550504436,-147121.15556106408,-263374.09023427713
2020-03-02,8693.159759831702,8340.909090909074,399085.64320411434,107.9116874274684,44,214,0.44085340909090914,0.24230918834507503,-2.2737367544323206e-13,-68344.57212157066,885462.0601500391,26080.025292582253,-17386.865532750555,-91186.16272862435,-190957.57352965293
2020-03-03,20585.711340484144,26747.61904761906,351586.35245799494,125.78460729119449,84,411,0.432714880952381,0.19214040418955275,1.1368683772161603e-13,-45258.671341727604,873199.5385249293,-4329.267713220488,24914.979053704632,-67436.66138130578,-155333.2494958045
2020-03-04,-8231.939801406883,9749.166666666659,430809.56791893387,132.51558215139565,84,413,0.3858053571428572,0.21924076257431008,2.842170943040401e-14,-199483.46076535535,781290.8929766444,99569.62149507087,-107801.56129647774,-116066.84736329174,-223769.2393430252
2020-03-05,-5891.554596331189,-8367.1052631579,647829.790115311,117.29058344609574,76,373,0.4711078947368421,0.23217026773492727,0.0,-80136.73098282577,949029.2192659025,49239.78924027168,-55131.34383660287,-167966.29270860506,-329923.7402374328
2020-03-06,4009.0730739636883,43768.14814814817,626579.1148546229,119.89572059202867,54,270,0.5014413888888889,0.2908356512533079,-5.684341886080802e-14,-78007.20386624952,1011265.6309277391,106368.72757937758,-102359.65450541388,-152755.60136028405,-309400.38007393974
2020-03-09,26443.97794741779,23467.87878787878,693731.8748563491,175.007818485175,66,327,0.6845006060606061,0.26971439256493834,1.1368683772161603e-13,-242402.26583925055,1383725.353368245,-16597.45678304848,43041.434730466266,-147163.99858515465,-320596.967299242
2020-03-10,-1211.2919765283452,7232.285714285703,727527.8033705077,153.11107719096762,70,345,0.6745036428571428,0.23200694590576473,5.684341886080802e-14,-185608.0454069812,1362953.0891961085,80020.31414063562,-81231.60611716397,-183246.35389634623,-365128.30473897315
2020-03-11,-16331.17170799584,-43752.333333333336,1012676.3708950763,151.47250777281016,60,300,0.7753315000000001,0.25757495613688,1.7053025658242404e-13,-333461.9385476222,1569314.566053734,187018.20768365424,-203349.3793916501,-269651.7369395377,-522820.82966330677
2020-03-12,83816.72502241543,68857.83333333331,1345901.1969098733,190.40048322910766,60,291,0.8901870833333334,0.30404874867945075,-1.1368683772161603e-13,-182548.33412052685,1800706.7591294951,32973.374693794816,50843.35032862061,-252848.974688282,-589324.2739157503
2020-03-13,75968.97066169685,79478.26086956522,1225686.0011280407,173.47404337086473,46,228,0.8424369565217392,0.30317388075796875,1.7053025658242404e-13,-293532.29090156517,1705822.941932605,235813.61617442223,-159844.64551272537,-230626.00366368418,-537047.5039456943
2020-03-16,106510.38197475405,105446.37931034487,1174832.1427175938,218.26455732886845,58,287,1.0173938793103448,0.29009871174942675,1.1368683772161603e-13,-208074.36699943044,2063633.5339468608,49719.09938137982,56791.282593374235,-187415.91826197327,-481123.95394137176
2020-03-17,-50621.19126416228,-38381.515151515196,1329846.1548419811,188.87449811181034,66,327,0.957224696969697,0.2754074987440367,0.0,-393463.6683122038,1945528.9565992954,137419.6932477896,-188040.88451195188,-383271.60447276937,-715733.1431832646
2020-03-18,87994.98264564923,109237.24137931035,1571160.0796374963,265.13555968585473,58,289,1.2766644827586209,0.3032136364774357,0.0,-582461.1907974603,2616230.538238372,10237.783909086542,77757.1987365627,-305060.1728234107,-697850.1927327848
2020-03-19,118622.74239272535,124946.6666666667,1350018.805498375,227.62682076695594,60,293,1.1433375000000001,0.28588222143066305,0.0,-519609.48011010786,2333698.9066295265,-56082.83342231613,174705.5758150415,-219109.58580263535,-556614.2871772292
2020-03-20,186425.02973894402,155094.23076923075,1115467.2574572419,186.85528219050258,52,259,0.975248076923077,0.3037321018265451,1.1368683772161603e-13,-466570.1195988126,1990383.833718955,771.760146293084,185653.26959265093,-92628.63990755695,-371495.4542718674
2020-03-23,50376.57140620239,123674.19999999998,1103944.0727206755,197.5736354074939,50,247,0.8391281,0.3001524804619614,0.0,-222184.19730958703,1695248.3655594208,84072.89002300875,-33696.31861680636,-225807.02040937397,-501793.03858954285
2020-03-24,35485.93002522055,40950.800000000025,1368823.9541627413,184.38766075348846,50,247,0.7985814000000001,0.33894062395636193,0.0,-304592.60088962974,1617941.9964348567,78784.69717667911,-43298.76715145856,-306904.4461762183,-649110.4347169036
2020-03-25,102989.51986280826,93068.6842105263,1238886.361341487,189.86962074027315,38,190,0.8232034210526317,0.3701562398899572,0.0,-217269.3112267504,1664381.2588636007,42519.783598343216,60469.73626446504,-206921.94009330374,-516643.53042867547
2020-03-26,39760.45052744577,31085.749999999985,1051559.9128854603,192.31588162549397,40,197,0.774255,0.3314416864828281,0.0,-298651.10439836106,1569194.7075507748,39021.65610022009,738.7944272256809,-223321.8435755448,-486211.8217969099
2020-03-27,83986.85425967358,52819.318181818206,1279325.44418408,173.50365815379436,44,218,0.9033955681818182,0.3376230358648088,1.7053025658242404e-13,-276933.18297647504,1833467.0531747707,-36064.48880837621,120051.3430680498,-236018.01044450022,-555849.3714905202
2020-03-30,65238.94704884348,60220.909090909096,1141540.9528403962,182.79088884298366,22,106,0.9250234090909092,0.27672146861018565,0.0,-276179.8242970264,1882488.2912550424,-6714.080256659946,71953.02730550343,-220329.08205009854,-505714.3202601976
2020-03-31,48407.21976697641,52331.200000000004,995112.0073303567,151.49365430290985,50,246,0.7449236,0.2947248498877406,-5.684341886080802e-14,-163372.8092305701,1510196.456314225,59523.199514208914,-11115.979747232508,-200522.2757199157,-449300.27755250485
2020-04-01,53163.10298946755,49827.22222222224,935274.7093485146,165.19739431697124,54,269,0.8111266666666667,0.2882876166444223,0.0,-263612.55841670145,1647978.0071827848,-10902.874070295447,64065.977059763,-180820.77174197804,-414639.4490791067
2020-04-02,38768.80285688347,37982.22222222226,892177.206309544,154.80055827271536,54,266,0.7710781481481482,0.28196224874538106,1.7053025658242404e-13,-280352.0856413569,1563820.8710646422,142.63743334846367,38626.16542353501,-184430.29927877526,-407474.60085616127
2020-04-03,27182.001989354823,28400.00000000001,1000408.2809129648,171.3998897632776,56,273,0.7086348214285715,0.2938280611904806,-1.7053025658242404e-13,-274562.1081296934,1435055.5596053777,17290.288022776786,9891.713966578038,-223091.46812864966,-473193.53835689084
2020-04-06,-26225.16329539196,5232.000000000013,832219.9799559826,143.23379437001068,50,245,0.6681180000000001,0.2710312999077679,-1.7053025658242404e-13,-250491.41813292622,1352312.7535061412,18863.79991815835,-45088.96321355031,-234423.3920787576,-442478.3870677533
2020-04-07,-22747.48111212465,-6174.999999999968,746747.4539497684,169.27998731569957,52,253,0.6595394230769231,0.2986948552744827,-5.684341886080802e-14,-411207.8387444179,1337117.087944111,11093.018323476697,-33840.49943560135,-209603.62458688248,-396290.48807432456
2020-04-08,-16311.247329845093,-13774.99999999998,656173.1299404271,141.57900898672136,56,277,0.6391446428571429,0.22132788171349094,0.0,-257067.30233112653,1294344.103754566,975.9650488601983,-17287.21237870529,-180496.1088239386,-344539.3913090454
2020-04-09,52510.13130157422,36495.68965517243,725527.3987825002,125.88246395132062,58,281,0.6556150862068966,0.2581517574621502,-5.684341886080802e-14,-221225.6954667485,1327703.0651513976,-1230.3032204184801,53740.434521992705,-128997.60085800214,-310379.45055362716
2020-04-13,48971.667977480276,35095.25641025641,475023.1671504879,164.3817043363976,78,383,0.6180574358974359,0.18109357338827053,0.0,-262122.0889099409,1253255.5929597127,10453.85967426812,38517.80830321215,-69948.50551447809,-188704.29730210008
2020-04-14,14722.170484614346,33434.230769230766,434442.8958137686,147.56771806074826,78,385,0.6184891025641026,0.17579614635497726,0.0,-350148.94178933935,1256513.8217129535,27775.43230689013,-13053.261822275783,-94036.12118688856,-202646.8451403307
2020-04-15,35429.92782352286,30778.75000000001,527431.4818917044,155.30234510409107,80,396,0.607944375,0.1806169185469046,2.842170943040401e-14,-305688.5029793556,1229776.0501582776,13921.33058635077,21508.597237172093,-96583.24499450733,-228441.1154674334
2020-04-16,-525.6596471226246,27052.63157894736,482961.0265676663,155.08474418877975,76,375,0.5981654605263159,0.18269748118582677,0.0,-83387.5621084003,1212791.963508867,11351.166470422966,-11876.82611754559,-121421.00103322798,-242161.2576751446
2020-04-17,12522.56717508615,2099.44444444445,399235.56633125606,160.33413326634843,72,352,0.593225,0.18949307003626112,0.0,-259794.13533729652,1200730.5438410416,11764.37920788163,758.1879672045197,-87446.65854099422,-187255.55012380824
2020-04-20,57002.59481233868,46462.1212121212,487855.24624457984,146.9730555594394,66,329,0.6097280303030302,0.20165414534608628,1.1368683772161603e-13,-221042.74052218848,1236236.9282639928,30731.374396650583,26271.22041568809,-65108.18980436572,-187072.0013655107
2020-04-21,45148.622639678775,41131.4285714286,514426.2216020516,139.51747791222843,70,347,0.6099450000000001,0.22333667090791778,0.0,-231178.2869218463,1233903.7826647367,-8747.84993018848,53896.47256986726,-83597.45023874634,-212204.00563925924
2020-04-22,37909.80347897541,34630.55555555558,571217.1362876795,146.39250011186667,72,356,0.5983756944444445,0.23616651085511428,5.684341886080802e-14,-367452.24110356416,1209132.114665654,1370.246824082986,36539.55665489242,-105040.87309305635,-247845.15716497623
2020-04-23,18887.127303958652,10662.857142857149,502038.57529003,154.5726226227685,70,350,0.5753771428571429,0.20037428761864834,5.684341886080802e-14,-259100.88385806634,1164628.358995203,-31334.882288727742,50222.009592686394,-106777.08914117161,-232286.73296367913
2020-04-24,28598.362569764395,8431.388888888881,536629.7588937762,132.47998815181813,36,176,0.5943504166666667,0.23419349164093559,0.0,-192927.2342240999,1197712.8106328044,-28386.342581449448,56984.70515121384,-105691.55714183146,-239848.99686527552
2020-04-27,7131.376039775927,14825.999999999998,512674.84024479165,112.4686427967213,40,197,0.5633625,0.22329924201502407,1.7053025658242404e-13,-214162.01265682862,1134608.2788254847,218.34179245018322,6913.034247325744,-121149.8026642187,-249318.5127254166
2020-04-28,-46221.63953870415,-11240.526315789462,535996.2773294158,118.63446365730893,38,188,0.5451538157894738,0.20924803105271159,0.0,-190031.31660593284,1096803.2874927667,415.97636025020665,-46637.615898954355,-180339.3433347154,-314338.41266706935
2020-04-29,9625.637134028138,19880.833333333354,570040.628749805,107.73490634008628,36,176,0.5417111111111111,0.2568383651914552,0.0,-178735.9455103012,1090249.0065695306,14644.02114459756,-5018.384010569423,-132992.2549597632,-275502.41214721446
2020-04-30,14852.68784806389,33294.16666666667,556971.7902438092,101.47927334221437,36,176,0.5621095833333334,0.2791394566100758,0.0,-226620.1253733582,1131612.5781292808,33757.58253115955,-18904.894683095656,-124491.73898623063,-263734.68654718297
2020-05-01,50406.97888658393,30034.999999999967,538949.3309561315,114.45230399499711,40,198,0.58458125,0.21683645682104963,2.2737367544323206e-13,-204269.5712357954,1176731.078185836,-1748.7049712284515,52155.683857812386,-84444.80615644393,-219182.1388954768
2020-05-04,2524.6132759493694,7494.736842105288,526521.0021072377,119.37103566425522,38,185,0.6040697368421053,0.22636982135467792,0.0,-292650.4126366273,1217737.9378366296,-15743.654868119507,18268.268144068876,-129225.00828652432,-260855.25881333373
2020-05-05,10141.241986256304,13117.564102564103,444420.57006553875,117.56741316647526,78,381,0.5291756410256411,0.1987191689626738,0.0,-203459.88476912674,1068511.8599911195,6046.174185238177,4095.067801018128,-101081.46794329486,-212186.61045967956
2020-05-06,19250.30376131862,25545.256410256407,399004.0424598663,130.78667297601086,78,390,0.5226482692307692,0.18410493549326273,0.0,-234033.84547143543,1060276.2712658332,-7133.95887581747,26384.26263713609,-80631.49352662398,-180382.50414159056
2020-05-07,27885.6188320997,30530.487804878045,430023.17296927643,126.18011886396607,82,404,0.5194195121951221,0.20536851509391765,-5.684341886080802e-14,-192689.27136255283,1050245.7731008444,-11825.53483120973,39711.15366330943,-79746.35452908337,-187252.1477714025
2020-05-08,7006.752567000181,15174.999999999982,426453.5345085505,117.13436482293983,80,396,0.46182625,0.19037850562998168,-1.4210854715202004e-13,-192582.97741820308,937204.5218526865,3.6136454216873517,7003.138921578494,-99723.76542496038,-206337.149052098
2020-05-11,31063.707233158624,37078.20512820511,485064.5412276344,112.17692842376437,78,381,0.479950641025641,0.21362009585713623,0.0,-125950.06860046968,972272.6334917265,17263.840034894612,13799.867198264013,-90314.60500217375,-211580.74030908232
2020-05-12,-3444.9328505277736,6155.555555555553,409895.94404309656,134.01738268171803,72,357,0.46739166666666665,0.2042955778120096,-5.684341886080802e-14,-285364.7649112607,945971.7638839663,40091.23514055102,-43536.16799107879,-106052.93624398363,-208526.92225475778
2020-05-13,12602.021203610775,15951.249999999985,460765.02416522976,119.30994704784837,80,398,0.52238125,0.21411528967960014,-2.5579538487363607e-13,-144328.30649384376,1058995.1542484532,10171.057694275023,2430.963509335752,-102708.54478474452,-217899.80082605194
2020-05-14,38894.42406277751,34866.66666666668,410519.162491848,144.67330283005464,78,389,0.5249397435897436,0.1983776159553404,0.0,-244386.45565488297,1061461.6546579923,-4331.6432158306925,43226.0672786082,-63880.03986301454,-166509.83048597653
2020-05-15,-22683.761468290766,4025.263157894737,412999.08968417766,145.0494354251242,76,378,0.5130823684210527,0.17874039950878307,0.0,-215606.20393477252,1036795.0667537539,-2372.4791228501426,-20311.28234544062,-126078.5833247603,-229328.3557458047
2020-05-18,34361.08669134969,39426.25,284084.6110832891,132.27908879424095,80,400,0.48647,0.16760443817557152,2.842170943040401e-14,-211685.90231565663,985389.0321050235,14139.556542950902,20221.530148398786,-36792.345168266824,-107813.4979390891
2020-05-19,10880.087368914305,3736.9047619047506,255582.63719761823,157.41102425899481,84,414,0.4800261904761905,0.13991080279138593,2.2737367544323206e-13,-323631.2380596624,976384.4220357602,10270.703997276016,609.3833716382892,-53172.98295474925,-117068.6422541538
2020-05-20,1062.5979696538843,6411.904761904774,246957.69472668512,142.44718064237668,84,417,0.4674738095238095,0.1191538098054974,-2.842170943040401e-14,-178653.39063354596,949922.0164834369,158.01882211211273,904.579147541772,-60819.27289265977,-122558.69657433106
2020-05-21,11263.78251654524,8929.761904761912,266711.84985478036,164.8360344323833,84,411,0.47107440476190476,0.15294073681001094,2.842170943040401e-14,-358428.56719411304,957731.5808902192,-7728.796085326287,18992.578601871526,-55579.01598158223,-122256.97844527733
2020-05-22,-44152.17009386908,-15048.809523809547,301398.81782483956,167.21509264814546,84,419,0.4665988095238095,0.14180650774020878,-8.526512829121202e-14,-395175.5313015633,950621.838509271,-7010.996742736599,-37141.17335113248,-119669.0896427271,-195018.79409893698
2020-05-26,-51946.556409138095,-25014.10256410256,444044.6098126442,131.2612840900598,78,389,0.48130705128205126,0.1895610099843377,0.0,-140635.96632240916,973687.060498375,-3228.5389137798275,-48718.01749535827,-163088.9701463892,-274100.12259955023
2020-05-27,14164.269249513165,29263.414634146335,410955.0282381623,138.9391993559728,82,402,0.46775853658536587,0.19217844934143816,-1.1368683772161603e-13,-149469.11826954773,947872.5790881729,9051.308764430723,5112.96048508244,-88713.42700938338,-191452.18406892396
2020-05-28,4471.180630634319,4001.2820512820613,401433.33173546044,162.72553678401766,78,390,0.46128910256410255,0.20800582601710083,0.0,-403077.8957755402,939725.0414888647,9081.798170258531,-4610.617539624214,-96049.8778400148,-196408.21077387992
2020-05-29,8698.836893576574,13149.868421052646,339990.881971768,176.68649259331337,76,373,0.45692434210526317,0.20193396472818242,0.0,-277702.7156035493,933638.1833369816,949.0428771076685,7749.794016468904,-76475.57009195874,-161473.29058490074
2020-06-01,-13946.79998759437,-13875.681818181833,402998.2300136162,105.38148657047098,44,220,0.4695965909090909,0.19106548249801475,1.1368683772161603e-13,-91283.70419134008,946331.1678660827,-10138.859210001445,-3807.9407775929235,-114801.7389775689,-215551.29648097293
2020-06-02,-3223.126904678815,11959.880952380958,320486.9637042121,113.77814655243381,84,418,0.4423108928571429,0.174297200693727,0.0,-151096.30044655057,896564.920179997,25504.257046897535,-28727.38395157635,-83458.64597728428,-163580.38690333732
2020-06-03,937.0180839604556,4942.023809523811,336994.75799011893,105.63739736500874,84,417,0.44515619047619054,0.17854613546101655,-8.526512829121202e-14,-121823.53649496105,897547.2904415271,9688.54910882202,-8751.531024861566,-83417.30881093428,-167665.998308464
2020-06-04,-7355.44821053213,2907.7380952381,522373.93727935833,133.57439692216133,84,411,0.461531130952381,0.18024092099398764,-5.684341886080802e-14,-245780.61965643027,934458.133600346,27339.17417739856,-34694.622387930685,-138082.50692729387,-268675.9912471334
2020-06-05,-25219.862206734982,-5512.647058823519,413244.65542849555,129.19622898013398,68,331,0.46698022058823535,0.25286080191156013,0.0,-228041.16882914328,946359.6238799234,29254.144987719643,-54474.00719445462,-128660.222292839,-231971.3861499629
2020-06-08,1798.8804207260857,8837.073170731708,396467.3885402244,131.1441671646462,82,407,0.5130219512195122,0.19864482684546023,-8.526512829121202e-14,-203810.63153404146,1036604.9869677095,20756.192250924043,-18957.31183019796,-97449.11088149466,-196565.95801655075
2020-06-09,2529.89245795463,25348.92857142857,352502.4316099106,123.43112440327909,84,414,0.5234511309523809,0.18413144366221526,8.526512829121202e-14,-262804.5747409088,1056875.0921236316,7495.607068877004,-4965.714610922372,-85719.1465689263,-173844.75447140395
2020-06-10,-39058.490169353274,-23282.439024390238,436977.3967715459,114.872314048319,82,409,0.5190992682926829,0.18195734569626557,2.842170943040401e-14,-246360.21681012653,1048011.3120785038,94851.28816507044,-133909.7783344237,-148417.71167628808,-257662.06086917451
2020-06-11,32612.298357811153,39561.499999999985,508161.5290400141,116.38081418352186,80,399,0.5477815,0.22697380766986192,-5.684341886080802e-14,-242172.7958950916,1105382.906440258,1835.132307207074,30777.16605060408,-94544.46471637588,-221584.84697637943
2020-06-12,52626.496045680105,41769.47368421054,412937.1785807711,125.39225955957617,76,372,0.5330090789473685,0.2393216959101043,5.684341886080802e-14,-144950.05436115997,1074451.2049717782,-2494.088384479693,55120.5844301598,-50733.190859072245,-153967.485504265
2020-06-15,8172.7125196125,11756.818181818182,272962.6533459383,149.11742316783756,88,437,0.48051875000000005,0.13456902535240886,-8.526512829121202e-14,-326678.9471885541,973533.4955143702,-901.5102082404511,9074.222727852952,-60217.06824003992,-128457.73157652449
2020-06-16,18887.59056900392,22050.34883720929,272525.56935652986,136.53597628090608,86,423,0.46951418604651163,0.16603627931064954,-3.126388037344441e-13,-211200.81633055204,952353.9012030376,-3894.7035117207856,22782.294080724707,-49380.33774640945,-117511.73008554192
2020-06-17,21045.28723778374,18553.409090909063,233063.42295965247,137.05160801773823,88,438,0.462865,0.12089224685327836,2.8421709430404007e-13,-334881.3042837552,937818.0841831088,-10035.547944951117,31080.835182734856,-37357.620110147116,-95623.47585006023
2020-06-18,26129.434988965473,23518.6046511628,257319.3938051751,146.00593818591108,86,428,0.4400604651162791,0.14125276588566613,5.684341886080802e-14,-212186.42199873427,891166.7233139976,4441.784540479731,21687.650448485743,-38346.41940051421,-102676.26785180799
2020-06-19,36361.360733806585,27211.904761904774,247521.50709891535,173.23671853660628,84,414,0.4250964285714286,0.1603029318677314,2.842170943040401e-14,-378590.6819674122,867385.5960981527,-6166.175767033314,42527.536500839895,-25692.252759458857,-87572.62953418768
2020-06-22,24186.076469269694,23178.57142857144,365162.6934978986,114.05061647064599,84,414,0.4113613095238095,0.21728043689873372,-8.526512829121202e-14,-180098.0916642141,829291.4958536025,-289.9649207324559,24476.041390002152,-67218.6475216756,-158509.32089615025
2020-06-23,28903.019929320064,26579.642857142855,351701.5494120713,133.4763181682218,84,412,0.3988464285714286,0.2260956121125227,5.684341886080802e-14,-324343.4576167302,807675.2280000703,39090.20622528127,-10187.186295961206,-59155.84374186598,-147081.2310948838
2020-06-24,9980.253403842453,7102.380952380944,343862.32789395994,119.54445341574558,84,412,0.4129285714285714,0.19235860352763923,-5.684341886080802e-14,-162588.67446372192,834116.9968597014,1410.75793268819,8569.495471154263,-76104.87302306328,-162070.45499655328
2020-06-25,4582.340183734977,13382.560975609756,380218.90454920795,123.07288021866184,82,409,0.4094817073170732,0.20524578933520896,2.842170943040401e-14,-233838.3011213435,825989.6721810244,23982.146140194887,-19399.80595645991,-90595.45883378567,-185650.18497108764
2020-06-26,27126.15902103625,25195.25000000001,343380.27624624735,96.43363529924224,40,198,0.4542391250000001,0.2065273608183634,5.684341886080802e-14,1167.1615530070462,912660.8970874661,-17807.81895472464,44933.977975760885,-58815.34367582483,-144660.41273738668
2020-06-29,7455.983623672997,9925.90909090907,348576.6488222589,86.44399393988971,44,219,0.41892045454545457,0.19242794319051787,-1.1368683772161603e-13,-64304.89736215526,840668.2688501895,-9470.136802244142,16926.12042591714,-79774.62257583161,-166918.78478139636
2020-06-30,11481.828793294788,21881.81818181817,364823.050611077,88.70339167786167,44,214,0.4122636363636364,0.21453586280169812,-1.1368683772161603e-13,-57533.57326151186,827369.6660105165,-9399.174740444912,20881.0035337397,-79812.63725115232,-171018.39990392159
2020-07-01,2727.155541997469,1693.1818181818103,362471.94723350776,85.29541877779111,44,220,0.3880875000000001,0.2161241578736198,0.0,-42340.05589035545,778171.878228826,-13905.677024934983,16632.83256693245,-87976.12668515726,-178594.1134935342
2020-07-02,-6510.855167156291,-8099.999999999996,357094.10562976927,81.28849798863027,44,214,0.379475,0.23794563009915073,-5.684341886080802e-14,-42592.1530098029,760941.4700513387,-1967.3913206189272,-4543.463846537365,-95865.67007258724,-185139.19648002955
2020-07-06,22291.03849603246,19774.999999999978,323186.574838528,81.04241332338418,44,214,0.4116488636363637,0.18681741344348107,-2.8421709430404007e-13,-106065.64488518778,825706.1174459155,15842.556205933899,6448.482290098561,-58586.647626922924,-139383.29133655495
2020-07-07,14378.558900032487,12410.975609756098,395880.1323634362,98.74843922726198,82,408,0.4108878048780488,0.2143404317456158,0.0,-64505.386649082255,825942.3961857202,13040.222240234261,1338.3366597982256,-84690.22263005383,-183660.2557209129
2020-07-08,-1950.790735790711,1729.2682926829243,330388.79201662145,87.92844739565253,82,406,0.4262585365853659,0.194609214316509,-8.526512829121202e-14,-5484.412522063559,857705.7601727864,16410.45289277157,-18361.24362856228,-84635.91718734172,-167233.11519149708
2020-07-09,9462.272101320403,8224.418604651162,380047.4141968892,104.9048262427851,86,421,0.43011046511627904,0.20312520802372752,2.842170943040401e-14,-131735.63839280195,865564.5579374807,3315.776726405431,6146.495374914973,-85654.48627414469,-180666.339823367
2020-07-10,18654.85496466419,13656.25,397744.58816156036,99.0473757356955,80,400,0.439559375,0.2220062465472136,-5.684341886080802e-14,-128922.66890555012,883851.2594299603,20030.338535783132,-1375.483571118942,-80880.3394514616,-180316.48649185165
2020-07-13,12273.247397761224,11116.250000000007,304648.00671221607,97.96595316166253,80,392,0.44490562499999997,0.182949101606609,2.8421709430404007e-13,-138107.97071268776,896595.7505311788,3450.5102342908285,8822.737163470396,-63986.720233454456,-140148.72191150847
2020-07-14,31900.055697714288,24183.21428571427,337224.6158303081,102.66972206648181,84,418,0.44682797619047615,0.1934318993231581,-5.684341886080802e-14,-123000.34915873881,899647.0112547374,19003.07328694897,12896.982410765318,-52508.767981929224,-136814.92193950625
2020-07-15,24081.460575982528,23991.42857142857,306031.6177335806,115.62255208676568,84,412,0.46199142857142855,0.15860661178985894,8.526512829121202e-14,-176763.329009919,931198.1553659544,2476.170825305011,21605.28975067752,-52542.066409499384,-129049.97084289453
2020-07-16,10076.052506578208,8407.31707317072,357913.8031652272,116.99296152451349,82,409,0.4507786585365854,0.19605437617970214,1.4210854715202004e-13,-84205.61478450644,909210.4595022851,-12464.440268144848,22540.492774723058,-79519.3912462531,-168997.8420375599
2020-07-17,-3613.87731210366,-7209.756097560981,327401.8456326703,113.99282276377879,82,408,0.4060853658536585,0.19721211155414495,-5.684341886080802e-14,-143329.49569669002,817826.5213729477,-13781.668684797558,10167.791372693897,-85578.331543035,-167428.79295120257
2020-07-20,27439.72655944228,20882.954545454548,208619.25627806864,93.16845510704218,88,431,0.4135602272727273,0.13568504632032966,-1.4210854715202004e-13,-981.9165226147771,831212.7847544044,11722.678229610268,15717.048329832009,-24808.255965181925,-76963.07003469908
2020-07-21,8748.617642005207,11552.32558139533,198786.8603411941,93.98737570571558,86,423,0.423203488372093,0.1288266563054771,-5.684341886080802e-14,-134152.47987664503,851402.3161389317,2063.7699668925125,6684.847675112694,-41042.08481899903,-90738.79990429756
2020-07-22,11470.485945315511,15443.023255813963,190140.56972664795,82.78730909106477,86,424,0.4004976744186046,0.11253405947596304,-2.842170943040401e-14,-115157.75707941505,805336.1872441571,-3029.874926737863,14500.360872053374,-36147.44379543754,-83682.58622709953
2020-07-23,-6538.526883478205,-265.4761904761924,189795.3371558105,87.20429617225149,84,418,0.41375059523809526,0.12106093076471909,1.9895196601282805e-13,-49065.26231957242,832080.794815391,-4905.303585162896,-1633.2232983153096,-54074.56546860308,-101523.3997575557
2020-07-24,3866.0055728554353,2062.7906976744116,186171.4884374107,108.44140764974941,86,425,0.4150779069767442,0.12721930888869062,-2.842170943040401e-14,-36904.23516089683,834929.0970224881,-8819.676312837806,12685.681885693242,-42785.30794414699,-89328.18005349967
2020-07-27,25117.32834907091,22861.627906976766,294105.9082074788,104.27504812531409,86,423,0.421518023255814,0.16381245987064139,-2.842170943040401e-14,-188477.19161952983,848977.0382091744,663.9524116458558,24453.375937425055,-48513.42375092411,-122039.90080279381
2020-07-28,13643.812662063872,15397.499999999993,294012.4043057958,131.86751144458998,80,393,0.421965625,0.18009438132167455,-5.684341886080802e-14,-204404.10180299994,853657.5265619856,2504.7880985061897,11139.024563557681,-59991.15592582966,-133494.2570022786
2020-07-29,14406.862132715045,19867.85714285714,284021.02011246793,131.81004544634695,84,419,0.4062523809523809,0.1725710325828622,-1.7053025658242404e-13,-244712.26685114123,822054.8795397091,15190.09430585304,-783.2321731379946,-56730.202940848285,-127735.45796896526
2020-07-30,6236.543366152393,15446.511627906984,340881.9218415238,119.769545221084,86,426,0.4307941860465117,0.1794745898490155,-1.4210854715202004e-13,-75349.96359823082,869053.3389182449,-4375.917635714022,10612.461001866415,-79103.70663944964,-164324.1870998306
2020-07-31,27541.970894561397,25956.250000000007,326625.1152708963,117.41468988465458,80,392,0.40902374999999996,0.20594194571668342,0.0,-246002.6597995014,826024.4752172002,382.04172800908196,27159.929166552316,-54231.72261304733,-135888.0014307714
2020-08-03,13386.733412731961,23494.565217391297,325776.9769561282,99.51173274599967,46,222,0.4341834782608696,0.19816920424129342,-2.2737367544323206e-13,33089.126296601484,873262.1108763594,-5283.43532809926,18670.16874083122,-68157.02255904609,-149601.26679807814
2020-08-04,19074.318047381246,24412.674418604656,326221.2356136099,111.08100700888812,86,425,0.40481744186046514,0.18888330032352552,-3.126388037344441e-13,-50058.075016154056,816565.6141299616,6578.794173923451,12495.523873457794,-62592.07186303011,-144147.3807664326
2020-08-05,12628.308146208696,22617.09302325582,294059.3223743299,94.34057417327035,86,428,0.39858116279069766,0.18558970841741654,0.0,-114452.44194602879,802158.5849208599,5968.556793417496,6659.751352791201,-60980.86302154705,-134495.6936151295
2020-08-06,489.02136835962364,8075.3488372092925,322234.32697574917,102.21774601725632,86,426,0.3894048837209303,0.20450018397924738,0.0,-83281.04512178992,784282.8521249042,4692.772839814468,-4203.751471454845,-80171.77812159492,-160730.35986553223
2020-08-07,26638.541829985865,20981.860465116275,307701.5298692535,110.33026005421573,86,421,0.3901816860465116,0.19791147850994048,-1.4210854715202004e-13,-75315.75301440687,787732.1272566514,13230.017117986072,13408.524711999793,-50397.17089738173,-127322.55336469512
2020-08-10,2721.5082720679384,4981.511627906982,308712.35214673297,101.34284049071151,86,426,0.3759340697674419,0.1819072317025464,2.842170943040401e-14,-25830.22723203582,757304.1312933216,563.249781294331,2158.2584907736077,-74557.92260510603,-151736.01064178927
2020-08-11,13638.698189252838,18392.249999999996,279519.1056808659,113.14449974235497,80,400,0.39341793750000004,0.20206677799133885,5.684341886080802e-14,31242.05067963526,794681.3845590831,-934.3089703259216,14573.007159578761,-56354.22273070598,-126233.99915092245
2020-08-12,-1319.91020935454,1682.5581395348827,290552.32978515746,87.39051548969478,86,430,0.36037267441860465,0.19219975127321612,1.7053025658242404e-13,-48987.151394368484,725656.1478098634,3521.0772807982025,-4840.987490152742,-74045.3831711336,-146683.46561742297
2020-08-13,8677.949227151608,8141.976744186045,283579.9915228379,119.44183097878081,86,424,0.3672588953488372,0.18094890092981392,-1.7053025658242404e-13,-80139.3342128874,742716.6982051899,-2887.60924009223,11565.558467243838,-62336.49048453665,-133231.48836524613
2020-08-14,7066.421485025359,6398.780487804881,276712.2863426808,116.04349043142639,82,410,0.34813414634146345,0.1923331993518518,-1.1368683772161603e-13,-121508.64157202543,702891.1401015228,-7724.522969825499,14790.944454850856,-62227.69359107626,-131405.76517674647
2020-08-17,3973.8226088905662,6389.186046511623,215239.66905776842,163.57832462041304,86,421,0.35696988372093025,0.15278019330086998,-8.526512829121202e-14,-312405.69026764925,730408.6591257364,-5949.227085973832,9923.0496948644,-49999.672980171956,-103809.59024461405
2020-08-18,6633.451818180917,13174.16666666667,217061.292218707,166.14172811603288,84,419,0.34122113095238094,0.15941191838127122,1.7053025658242404e-13,-358987.1927742614,699216.6600601319,353.74644626160557,6279.705371919313,-47798.012964611866,-102063.33601928863
2020-08-19,9264.534240479179,16012.558139534882,219218.02790321328,183.41564421082325,86,422,0.34848720930232563,0.17997335504502718,-5.684341886080802e-14,-305306.72154550644,715559.251522925,7735.782346379273,1528.751894099906,-45723.38837953496,-100527.89535533829
2020-08-20,14514.116684334746,15233.86363636363,235576.0981033815,206.47552093192164,88,433,0.3423414772727273,0.15908983513139083,-1.4210854715202004e-13,-441111.5542580727,705298.2585100275,-4643.827862179977,19157.944546514722,-44586.383362442546,-103480.40788828793
2020-08-21,7137.570832130948,96.19047619047853,200085.62294388976,196.35992841997432,84,420,0.33754535714285716,0.16195433331729764,2.2737367544323206e-13,-175697.93103559993,692796.9968134713,4762.21460844691,2375.3562236840376,-43080.19483226146,-93101.6005682339
2020-08-24,13954.475580449516,17140.000000000007,296248.3106089869,160.07703705625107,84,417,0.3467176785714286,0.21765147735275375,-8.526512829121202e-14,-208035.07312628467,704468.5295776544,7191.446953595367,6763.0286268541495,-60267.67910885346,-134329.75676110017
2020-08-25,-16473.612551411577,1458.4523809523798,291638.8731153242,148.95991594624115,84,415,0.3473774404761905,0.20174704702034119,2.842170943040401e-14,-261636.5915505855,705128.9529997151,10813.071150801736,-27286.68370221331,-89532.29074618887,-162442.0090250199
2020-08-26,23367.2027092876,19171.951219512197,307460.7445186135,174.59781121300946,82,402,0.3456987804878049,0.24178734155614878,-2.842170943040401e-14,-122204.27963768272,704771.9109913138,25369.60174251763,-2002.3990332300277,-53672.581231578784,-130537.76736123215
2020-08-27,22658.896756304726,21301.190476190477,282248.1810590406,168.40279082560707,84,416,0.3567565476190476,0.216732030565674,1.1368683772161603e-13,-245378.94521250695,725050.5573723356,15741.791967917312,6917.104788387414,-48071.55129928103,-118633.59656404119
2020-08-28,17007.296802203593,12647.674418604636,357523.3449994764,203.01556916962227,86,421,0.3733924418604651,0.23390180034925112,8.526512829121202e-14,-268363.3135554249,763826.9713141752,4896.694413918566,12110.602388285026,-72576.55501683513,-161957.39126670422
2020-08-31,3918.910317006276,6955.000000000012,360538.4391752382,88.80886766759818,48,232,0.3979095833333333,0.2377820665309421,-5.684341886080802e-14,-122940.26103722397,800274.1926126435,18703.372510672038,-14784.462193665762,-86304.50834447087,-176439.1181382804
2020-09-01,25652.02431073096,25210.46511627906,359170.3788529617,107.81361232063556,86,426,0.40520116279069773,0.20772297722663524,0.0,40509.91897217608,818609.0768132164,38802.83088372244,-13150.80657299148,-64248.384014830095,-154040.97872807053
2020-09-02,-5101.913239316807,10328.214285714283,377830.84966291685,110.15556212761362,84,411,0.4067965476190476,0.22507174330351973,-2.2737367544323206e-13,-15537.814228738582,821456.5837537021,30024.334799726872,-35126.24803904368,-99669.78121717364,-194127.49363290286
2020-09-03,18732.720896914543,22483.749999999996,377835.0256127386,112.44669679905859,80,398,0.44117000000000006,0.2266122001226686,-1.1368683772161603e-13,-52826.989868484656,890756.017147832,4614.7160687296055,14118.004828184936,-75838.48220306917,-170297.2386062538
2020-09-04,20956.186188420324,24904.625000000004,349123.93310173566,113.50390609747231,80,398,0.44711724999999997,0.21784119133472327,1.1368683772161603e-13,-68455.32604325276,902646.8968495885,5752.432361191749,15203.753827228576,-66438.30099311106,-153719.28426854496
2020-09-08,12320.016052833354,20456.162790697686,374088.2553557565,135.88458232943069,86,421,0.45426000000000005,0.20456405362130428,-1.9895196601282805e-13,-90402.97167177846,919637.506554733,-19336.764614708507,31656.78066754186,-81337.9323684352,-174859.99620737432
2020-09-09,11706.18794310115,10735.73170731706,335994.0628498254,111.16986554627752,82,410,0.41335042682926837,0.20820057835036937,-8.526512829121202e-14,-151693.09575580517,834994.1714484788,890.9257735348913,10815.262169566258,-72403.49763490149,-156402.01334735783
2020-09-10,12905.42837029241,13838.214285714286,316257.02526253316,131.6384791961068,84,420,0.4387318452380953,0.19687830980141827,1.4210854715202004e-13,-136293.0319314816,887132.7898408911,-12787.809028608348,25693.237398900757,-66290.46642453698,-145354.72274017028
2020-09-11,12305.83868297137,8446.590909090908,322796.69320498,120.83446629250633,88,434,0.40633352272727274,0.20605291718771657,-1.1368683772161603e-13,-90385.61493876165,821905.3848915596,-6240.567702713913,18546.406385685284,-68514.16908456614,-149213.34238581112
2020-09-14,7414.814304852195,8037.499999999989,195419.290648889,158.915882867477,88,435,0.38861079545454547,0.1316158140547914,2.8421709430404007e-13,-25695.10190515244,791584.079603472,-7479.1926313107715,14894.006936162967,-41598.92424023753,-90453.74690245978
2020-09-15,14744.725071389115,15548.720930232565,180116.39266024376,156.16476249409735,86,430,0.36633255813953486,0.1392308286831749,0.0,-239561.39916483493,748843.8410081118,9894.607902084786,4850.117169304329,-30440.53785616592,-75469.63602122686
2020-09-16,6180.021996219622,7409.090909090912,214820.30726330163,157.67358390834653,88,438,0.37616653409090905,0.14648338361076546,1.7053025658242404e-13,-86873.35098722603,767016.4092773178,9665.683040407055,-3485.661044187434,-47682.728403514135,-101387.80521933953
2020-09-17,21674.509863076055,16093.555555555547,261627.0960510296,173.25327139806342,90,442,0.38601550000000007,0.16117218905596326,-1.9895196601282805e-13,-325663.6036898575,789498.9199519196,1287.8766205719685,20386.633242504086,-43905.51742107941,-109312.29143383681
2020-09-18,33450.98455609856,15853.720930232554,247413.8507146624,160.8566344169443,86,423,0.3859361046511628,0.18181759340568315,-2.842170943040401e-14,-245164.22818419526,789887.4278670574,33934.462006821705,-483.477450723143,-28563.334756983983,-90416.79743564958
2020-09-21,8791.688963856812,10104.878048780494,310031.21168762475,138.19750107874134,82,405,0.41135487804878057,0.18266994314264665,1.7053025658242404e-13,-183938.80480247881,830623.4522848785,-2486.7972775461285,11278.486241402941,-68854.31145912812,-146362.1143810343
2020-09-22,18673.115142977134,16075.000000000005,328276.68556135835,138.9483346001535,84,411,0.41278452380952385,0.18816721593857014,0.0,-166737.3640583999,837699.2742324976,22930.628085439148,-4257.512942462012,-63535.0045819626,-145604.1759723022
2020-09-23,5459.527758801354,7505.238095238092,370958.9142137954,161.4216543406315,84,418,0.4243005952380952,0.21327882865753145,1.1368683772161603e-13,-298736.8207494463,864313.0534593121,-1760.7311243655222,7220.258883166876,-87441.62244898813,-180181.35100243698
2020-09-24,19392.528372611057,14808.33333333333,378867.0914510062,179.02531111225858,84,414,0.41614464285714287,0.21815359351083052,-8.526512829121202e-14,-156768.79550724963,850918.6701996456,3400.7124000772355,15991.81597253382,-75503.26980125275,-170220.0426640043
2020-09-25,32981.17726135581,29368.181818181816,381770.0987890403,89.02826303394382,44,215,0.39283522727272735,0.2066069884351043,0.0,-49963.552358455636,789318.7751483232,17235.467162925364,15745.710098430447,-62550.3756989382,-157992.90039619827
2020-09-28,20578.960158400805,19889.130434782626,341884.8425101036,82.1647620118805,46,225,0.4051760869565218,0.21040968208107796,-1.7053025658242404e-13,-30735.1331035478,813230.5513669793,6789.011311389419,13789.948847011385,-64974.415231136976,-150445.62585866285
2020-09-29,32265.426161472536,35289.78260869565,458456.0466114787,89.18781463484463,46,221,0.4162646739130435,0.22872320867803542,-5.684341886080802e-14,-83419.34553273213,835800.9356530417,16754.35268277288,15511.073478699656,-82437.77330603199,-197051.78495890167
2020-09-30,18149.640441937103,18339.31818181818,294136.9575331285,72.55327121840462,44,211,0.38025579545454546,0.21298974527396297,1.7053025658242404e-13,-75184.65877172032,762964.1598836384,13822.604920015587,4327.035521921514,-55457.15221256343,-128991.39159584555
2020-10-01,15279.760681588792,9582.60869565219,281244.6530555313,97.12147681196763,46,226,0.4046184782608696,0.16694407855151486,-5.684341886080802e-14,-102316.22890336311,812953.1797842219,2734.819637250913,12544.941044337878,-55128.52405910601,-125439.68732298884
2020-10-02,3092.1538898951494,2188.2608695651984,339477.3166960162,87.89823359364114,46,222,0.4192702173913043,0.20444521628261608,-1.1368683772161603e-13,-103099.6470504652,842399.7105303856,-7792.293073495909,10884.44696339106,-81865.07351770253,-166734.40269170658
2020-10-05,32896.330454838026,34195.65217391304,390159.15475977084,101.71802293564122,46,229,0.47373043478260873,0.21790807183448851,-1.7053025658242404e-13,-23694.989760913144,952025.0621118784,9396.025687057845,23500.30476778018,-64745.17625804032,-162284.96494798304
2020-10-06,7444.667141308494,7741.666666666679,294648.57519270433,112.03015134705785,84,420,0.4370738095238095,0.17426045835647846,-2.842170943040401e-14,-166402.70561611452,883121.5700639181,-672.4069465262924,8117.074087834787,-66329.50680821465,-139991.65060639073
2020-10-07,26121.694031422896,25488.372093023252,325082.6775992034,113.43525069301755,86,428,0.4465784883720931,0.18999595131483737,-5.684341886080802e-14,-214493.68695962292,902137.3408955125,9180.388265340553,16941.305766082343,-55262.41061907097,-136533.08001887184
2020-10-08,10045.377734763177,8479.545454545461,342487.6244462852,97.91916438884904,88,434,0.43294943181818185,0.16655419861716225,8.526512829121202e-14,-117367.14244317052,872295.953376434,-13789.818951615789,23835.196686378968,-75674.44754119698,-161296.35365276827
2020-10-09,18306.525997314748,13556.249999999995,343006.47968195047,98.16271362269865,80,392,0.42194562500000005,0.20877156694221322,-2.8421709430404007e-13,-142507.35288486307,849600.1159705726,-9807.513717570762,28114.039714885508,-67543.25663679557,-153294.8765572832
2020-10-12,23925.380158647073,16863.095238095237,307896.4408554353,108.93489372966629,84,413,0.41827083333333337,0.20494172588756646,2.8421709430404007e-13,-106959.55240593139,844426.9404970551,13448.327934415387,10477.052224231686,-53157.66494894143,-130131.77516280024
2020-10-13,12781.613827453817,14005.232558139538,294947.58054193546,117.89064509666305,86,421,0.42176046511627907,0.16983576700906586,1.7053025658242404e-13,-222994.45719335953,852014.632450826,2380.4839154217016,10401.129912032115,-61073.17195312671,-134810.06708861058
2020-10-14,12013.822816512307,12016.62790697675,273561.1766811302,109.50564073576814,86,424,0.4152601744186047,0.16406525008644565,5.684341886080802e-14,-18154.291461298886,836338.4093480713,2489.44137866556,9524.381437846747,-56485.97699450601,-124876.27116478854
2020-10-15,12509.487701341162,17499.999999999993,314451.37569411926,108.51417290512808,84,412,0.44812559523809525,0.16572632008884905,-2.2737367544323206e-13,-77900.25790096621,902826.1440474631,-6897.6350575843735,19407.122758925536,-66211.87039509378,-144824.7143186236
2020-10-16,13064.446035870955,10211.500000000015,273400.59889660816,122.57700017520189,80,398,0.43583750000000004,0.17260267769848606,0.0,-119625.98810484486,881765.0450729786,4598.112151740558,8466.333884130396,-55408.28068845629,-123758.43041260832
2020-10-19,18183.747121762575,17751.111111111124,231919.7124794996,137.8165666740633,90,442,0.43958055555555553,0.1438046759416293,1.1368683772161603e-13,-21043.459429488958,890374.3846710955,-1211.2597616038036,19395.00688336638,-39933.99756478638,-97913.9256846613
2020-10-20,11004.092168409188,11245.454545454539,213225.57033958376,128.26820513540852,88,440,0.4276005681818182,0.13383349938373382,8.526512829121202e-14,-156078.52043480682,866373.2394390629,1494.704101481105,9509.388066928084,-42430.56862162216,-95736.9612065181
2020-10-21,7838.776041504072,8645.454545454548,206878.64316636242,121.06931851989872,88,438,0.4352517045454546,0.1240098439914092,8.526512829121202e-14,-229529.67222165456,879105.4580749356,6428.359295173082,1410.4167463309905,-44001.954068606436,-95721.61486019705
2020-10-22,8775.522429369146,7520.000000000002,209294.15492553642,144.79932322537596,90,445,0.42620222222222226,0.1313767769043743,-2.842170943040401e-14,-99525.84197331718,862562.1893259413,-3482.7367482170976,12258.259177586244,-43692.81562524034,-96016.35435662445
2020-10-23,12782.993511881525,4563.222222222217,206329.41623833292,147.56753765227836,90,445,0.42403011111111116,0.12853126904678044,-2.842170943040401e-14,-209268.76722916643,860913.3328340224,31052.387898820354,-18269.39438693883,-38946.92808535398,-90529.28214493723
2020-10-26,10629.631876676596,9982.954545454555,278738.0292173588,140.88154141797946,88,439,0.4458261363636364,0.15343102539912643,8.526512829121202e-14,-145935.849447355,900320.6333117536,-4706.358633089888,15335.990509766483,-59195.75696908108,-128880.26427342079
2020-10-27,12839.233671756687,10196.590909090895,305014.6180063467,146.45129756618186,88,439,0.4421142045454545,0.14071280442592027,-5.684341886080802e-14,-196130.1267960219,893402.8028675945,49417.835075617215,-36578.60140386053,-63560.872127396164,-139814.52662898283
2020-10-28,17773.30519548687,14881.395348837197,337492.14171834814,150.48994475228653,86,423,0.49064825581395355,0.1795587706974955,1.1368683772161603e-13,-178945.66269017372,993141.8385191192,-7177.874634855424,24951.179830342295,-66750.22017885245,-151123.25560843947
2020-10-29,1144.9068939871338,4635.568181818189,327113.7350114672,144.73844607815494,88,436,0.4708948863636364,0.1708491513903,5.684341886080802e-14,-178279.19677060173,950794.048217088,15167.029188041855,-14022.122294054721,-80778.26530495782,-162556.69905782462
2020-10-30,28169.01756272037,25390.340909090926,389784.1382572693,157.81106978086638,88,432,0.5036292613636364,0.18980898178644967,-1.9895196601282805e-13,-133490.84680806554,1020009.2990460768,4474.85208466324,23694.16547805713,-69434.82807137782,-166880.86263569514
2020-11-02,30666.76723702052,28718.958333333347,410136.76971834514,96.41058837405213,48,234,0.4794730208333334,0.19774418162617258,0.0,-55099.11802770239,963636.3577708259,5195.41522535561,25471.35201166491,-71963.83578093983,-174498.0282105261
2020-11-03,28349.42092032247,28123.95348837209,324934.5838811452,114.17499620714024,86,426,0.4745590697674419,0.17894527900082893,-8.526512829121202e-14,-179670.6625910477,957961.9988284248,-19329.351970930627,47678.7728912531,-52998.40004617097,-134232.0460164573
2020-11-04,24752.60317671385,19095.777777777777,296839.9044195664,110.94678708775523,90,442,0.4094772222222222,0.18709502453751234,-2.2737367544323206e-13,-142195.88070784535,825685.3259067298,10058.694424104526,14693.908752609319,-49568.319715265505,-123778.2958201571
2020-11-05,15538.521536055558,19865.33333333335,318883.7385587847,117.66048337466879,90,444,0.4077835,0.192562015943287,2.842170943040401e-14,-155953.10464919652,825576.1239037408,-6615.606963163242,22154.1284992188,-64300.073587015286,-144021.00822671148
2020-11-06,-49836.62676659786,11286.46341463416,384543.7359541083,109.2801491880364,82,407,0.40690731707317074,0.18481973683594854,1.9895196601282805e-13,-11799.81879433867,819974.0924527289,123266.97763500335,-173103.60440160122,-146081.84090431296,-242217.77489284004
2020-11-09,29075.599743673978,31302.209302325587,324182.4701596796,132.39059763831222,86,423,0.40864656976744185,0.21696910894609128,-5.684341886080802e-14,-60125.88626321547,827226.8345770126,24739.41359868921,4336.186144984765,-52102.40839388423,-133148.02593380414
2020-11-10,15587.028408490496,13776.000000000007,270897.8154873155,126.08347574361936,90,442,0.4025718888888889,0.179284179910108,-5.684341886080802e-14,8528.439548079728,814414.083911321,-7785.066148978656,23372.09455746915,-52263.508939082,-119987.96281091089
2020-11-11,4321.420375259356,2464.7727272727197,317475.80789571465,126.52970486311169,88,440,0.38008068181818183,0.16677195983991608,-2.842170943040401e-14,26864.2341025009,770132.2490936398,21357.871233868813,-17036.45085860946,-75174.06130353242,-154543.01327746108
2020-11-12,40600.728207191096,37628.720930232565,304180.8091242816,132.89592796576622,86,429,0.3951412790697675,0.18586701893784813,-8.526512829121202e-14,-11353.387225646184,797484.9595030909,21907.627056734196,18693.101150456903,-35577.37000184506,-111622.57228291545
2020-11-13,15886.637663495483,7744.318181818182,250049.96215798447,115.63650035515415,88,438,0.3659954545454545,0.16495380091035616,-2.2737367544323206e-13,-68399.31197219732,738822.1003198328,6853.8504392248515,9032.78722427063,-46741.489376355785,-109253.9799158519
2020-11-16,7857.901091924248,7182.222222222222,164419.1523860757,167.6758128209753,90,443,0.36349722222222225,0.11874601613884453,-1.7053025658242404e-13,-311702.3194809196,740820.0492486609,2322.895166742144,5535.005925182105,-33414.56281741565,-74519.35091393458
2020-11-17,10424.967917376076,13418.777777777774,172127.3803437857,172.52829047751408,90,447,0.36233444444444446,0.11729551534254787,-5.684341886080802e-14,-20084.71305089318,741112.5310013962,2073.9991300116317,8350.968787364443,-32779.40545904787,-75811.25054499428
2020-11-18,13089.775161517755,12646.739130434784,159976.91960311163,216.93160630156052,92,453,0.34964347826086956,0.12048747820448795,-5.684341886080802e-14,-214501.62097416873,719445.0590673836,2312.1912104058856,10777.583951111868,-27121.386345561714,-67115.61624633962
2020-11-19,10931.407788607505,6825.000000000002,155631.5347386945,220.87461453343448,92,455,0.3729646739130435,0.10456214595176296,5.684341886080802e-14,-135584.78135982668,767218.168501369,-4730.330566806667,15661.73835541417,-28197.350510599554,-67105.23419527317
2020-11-20,4315.710055870229,3330.9782608695605,174846.63208290547,189.6240683848768,92,455,0.36580625,0.12313799404547822,-1.4210854715202004e-13,-341265.11011501186,748225.9941604731,-3976.8572787736384,8292.567334643867,-39585.57203324101,-83297.23005396739
2020-11-23,32046.051461934323,25325.999999999996,285618.04930290097,136.8567147890995,90,445,0.37227111111111116,0.1819173138229255,-1.1368683772161603e-13,-1904.1863141847862,754727.0952460277,41397.69280690608,-9351.641344971758,-39495.31757858002,-110899.82990430527
2020-11-24,4079.795398755567,5618.000000000004,241708.85392647347,162.67769758930996,90,444,0.3579566666666667,0.17165309550523053,2.842170943040401e-14,-114616.00753163437,731211.1955764553,-61.30936795720948,4141.104766712777,-56510.09578045211,-116937.30926207048
2020-11-25,4867.204425933015,-146.55555555555588,292241.3987537404,137.49568352690187,90,447,0.3675978333333334,0.18033088368968186,-2.5579538487363607e-13,-148392.53956960022,746998.0652041961,2030.7679993775664,2836.436426555448,-68330.64094602899,-141390.9906344641
2020-11-27,20358.640010004507,11895.568181818191,271036.67025127186,172.6836882300565,88,434,0.36568920454545456,0.19052986185161053,2.5579538487363607e-13,-202959.7227939242,748282.2824485324,3999.759006649887,16358.88100335462,-47573.211241043515,-115332.37880386147
2020-11-30,11087.234484943929,7322.499999999996,264475.0833473012,100.18271662926888,48,234,0.38589395833333334,0.18357156823616463,-1.1368683772161603e-13,-93795.13988842472,776259.939372857,3642.1014916684003,7445.132993275529,-55131.71906851064,-121250.48990533593
2020-12-01,15655.446164175984,17440.217391304348,239958.7837855928,123.6036131633333,92,451,0.3645456521739131,0.16257097452616961,-1.1368683772161603e-13,-88186.24397445047,736593.5657934835,9020.959116750631,6634.487047425353,-44457.853395385544,-104447.54934178374
2020-12-02,15057.994399675701,17689.891304347806,272135.49253679975,128.45539977939313,92,454,0.3608079891304348,0.17780693539758516,2.842170943040401e-14,-181688.7513140578,731134.466271148,2071.9920362914268,12986.002363384276,-53104.33413430363,-121138.20726850357
2020-12-03,15385.64033480337,12596.73913043479,239482.84062134218,139.5345372683324,92,453,0.3545885869565218,0.17005827276166388,5.684341886080802e-14,-207893.8894411747,720385.5206365652,13061.065268063307,2324.5750667400625,-44624.604357800505,-104495.31451313607
2020-12-04,14201.49695877903,13745.555555555562,234334.6555793383,115.45391801417635,90,450,0.3480405555555556,0.1744572370129907,1.9895196601282805e-13,-72726.74370313395,704205.4195687132,486.86548550498634,13714.631473274043,-44497.62085406971,-103081.28474890429
2020-12-07,6324.917186324039,8253.444444444425,230812.75929141004,130.65259932353283,90,450,0.3588476666666667,0.16735727913613282,0.0,-252179.69473669393,728134.354529157,2054.0289113973104,4270.888274926729,-51508.925235852,-109212.11505870451
2020-12-08,10929.404143944797,10907.826086956537,246140.60896260824,126.4447351413051,92,453,0.37212858695652173,0.16564116031332232,5.684341886080802e-14,-131854.48154894795,752577.9118747792,4318.220022085315,6611.184121859483,-50732.192831848566,-112267.34507250063
2020-12-09,10716.561734579485,11761.777777777785,235308.24499287034,127.23472926009798,90,442,0.3682313333333334,0.17404901284795452,5.684341886080802e-14,-117029.46330253396,746266.5669853506,6088.115756749687,4628.445977829799,-48237.7342428982,-107064.79549111579
2020-12-10,700.9609556165567,4684.555555555559,259384.94479193096,132.34148808638543,90,444,0.37233444444444447,0.16835549634512337,1.7053025658242404e-13,-147585.5260817542,753499.6821748905,4473.287171947706,-3772.326216331149,-64277.616730452566,-129123.85292843531
2020-12-11,11653.24518260789,9753.222222222228,232044.25281504873,148.78240301544216,90,446,0.3796516111111112,0.16633031587649189,-2.842170943040401e-14,-46279.05186195829,772040.5299190709,-10798.255838956362,22451.50102156425,-46506.60042416974,-104517.66362793192
2020-12-14,11166.739838002799,8922.826086956527,150849.21496389774,158.3857134729918,92,457,0.3678027173913044,0.11257748484996026,1.7053025658242404e-13,-138205.62232919247,750754.0656054307,-1804.7408423001723,12971.480680302971,-26703.94961644463,-64416.25335741906
2020-12-15,6389.383196769252,6260.76086956523,169266.52747095653,177.56058264905994,92,459,0.357354347826087,0.12656454517091723,-1.1368683772161603e-13,-316364.65663650486,731301.9515085694,363.43318400891746,6025.950012760334,-36104.809253618936,-78421.44112135808
2020-12-16,3357.4765694617067,7255.326086956524,176176.46147577575,184.32287551688214,92,454,0.35518396739130437,0.12579972414555124,-8.526512829121202e-14,-393899.75108907506,727317.5192963161,-3439.8670244794066,6797.343593941113,-40870.96167499911,-84915.07704394305
2020-12-17,10605.537001343,10695.652173913042,214421.51551718364,181.3499737610017,92,456,0.3500423913043479,0.13205213234478658,5.684341886080802e-14,-143859.56353199537,717351.0605690393,5402.722444173259,5202.814557169742,-43181.19185171391,-96786.57073100981
2020-12-18,9333.727772806316,12157.77777777778,183777.31381385218,194.22344873507186,90,448,0.35443722222222224,0.1537903975231181,-2.5579538487363607e-13,-423940.2394816043,727722.3221018513,-2218.172718000774,11551.900490807091,-36804.8241293918,-82749.15258285483
2020-12-21,12192.78148386357,12567.777777777783,240392.28329462177,151.2650337687229,90,443,0.3528416666666667,0.168693177305158,1.1368683772161603e-13,-332738.2431929628,719333.267351623,-2069.240403117641,14262.02188698121,-48056.5543735606,-108154.62519721604
2020-12-22,11078.090471395468,9263.333333333332,239758.84978842974,171.16848013317826,90,448,0.34576444444444443,0.1786111684222106,5.684341886080802e-14,-202796.81529313052,707830.2989026055,-2469.696397129809,13547.786868525276,-49032.79045584515,-108972.50290295258
2020-12-23,4366.964514160163,5393.333333333341,221710.45483852463,185.53979590423262,90,442,0.3514538888888889,0.16678872554677932,0.0,-235536.4478354705,720274.8186271987,-10361.57144867539,14728.535962835553,-51246.188991375224,-106673.80270100638
2020-12-24,11878.32438841496,9649.999999999993,195408.36649700854,78.54818529753338,48,235,0.35630520833333335,0.14027646679295266,-5.684341886080802e-14,-61028.60037332043,715413.2488137819,-9643.064362552139,21521.388750967097,-37052.315421134714,-85904.40704538685
2020-12-28,2876.724055709453,4250.625000000008,245558.84995625066,68.99865442735836,48,236,0.3526888541666667,0.1533253667084274,-1.1368683772161603e-13,-140211.5097899569,708005.5277393663,5333.215502522761,-2456.491446813309,-58581.987087780566,-119971.69957684324
2020-12-29,4252.74762885364,2366.6666666666742,235248.69037606617,73.26688100684369,48,231,0.3508135416666667,0.16504064713597125,0.0,-6311.245208208575,703678.1382261439,-1995.8079752283063,6248.5556040819465,-54632.69184616974,-113444.86444018628
2020-12-30,1791.5298325872814,3335.4166666666524,262664.0765375278,84.50894031340611,48,233,0.35777708333333336,0.15329249496687397,-1.1368683772161603e-13,-51902.77860668584,717873.4250643367,-1516.6069668064297,3308.1367993937106,-63958.99824210807,-129625.01737649001
2020-12-31,28163.25781746793,21308.12500000001,267427.0087012981,87.10187441288937,48,231,0.35194062500000006,0.19002828272514194,2.2737367544323206e-13,57120.28140537794,707188.6575497809,17589.41797033248,10573.839847135447,-38780.59623226948,-105637.348407594
2021-01-04,28206.707549583647,21085.41666666667,294529.0437534806,76.90995835420651,48,232,0.3931385416666667,0.19994092546757106,2.2737367544323206e-13,-73213.5925372338,789654.0509405142,7710.21832859867,20496.489220984975,-45502.46334714071,-119134.72428551086
2021-01-05,29823.556655153418,14145.666666666664,257359.57085621462,94.11979401993847,90,447,0.38059888888888893,0.16639918903114043,-2.842170943040401e-14,-140458.3918379496,767742.8896013051,27346.682568285392,2476.874086868027,-34610.45585292018,-98950.34856697383
2021-01-06,6859.572973511367,11512.99999999999,269056.9451896391,108.02741786223687,90,448,0.4027586111111111,0.18312913788869278,-5.684341886080802e-14,-25136.122754960725,812310.9017838266,-2949.9745677483666,9809.547541259733,-60512.69074176064,-127776.92703917042
2021-01-07,4314.5383021323,5143.333333333342,228933.03713069,98.56913806778425,90,450,0.38712944444444447,0.14428938802424232,1.9895196601282805e-13,-44265.8859990535,779245.7088506599,-994.39321597296,5308.93151810526,-53017.29011860798,-110250.54940128048
2021-01-08,5744.226790408068,6991.111111111122,211921.467265038,100.26914815188256,90,446,0.38281833333333337,0.16468798696814424,2.842170943040401e-14,-54073.33226562173,771223.5937594153,11340.99754721605,-5596.770756807981,-47336.40917400332,-100316.77599026282
2021-01-11,2633.861456872223,3435.555555555558,248212.62570952516,102.49463965709327,90,447,0.3946027777777778,0.15472917729733993,0.0,-94305.42317820014,795122.2583085996,443.1480232250252,2190.7134336471977,-59521.78961016616,-121574.94603754744
2021-01-12,10613.2591950719,12288.444444444443,267242.6938978203,118.84862340817513,90,444,0.4048736666666667,0.1684728538953494,-2.2737367544323206e-13,-46468.05040752739,818072.0051484065,-5220.134962334637,15833.394157406537,-56316.26290279135,-123126.93637724643
2021-01-13,5611.876629092351,1994.4444444444491,262278.0915210511,117.91181428005156,90,443,0.3906894444444445,0.17407957766438703,-2.2737367544323206e-13,-34881.15826583984,789654.8002966985,6380.993201516238,-769.116572423887,-60075.55806545047,-125645.08094571324
2021-01-14,11253.931027094179,6020.000000000002,269692.95947033615,126.18310005252532,90,449,0.40200444444444444,0.16687291664968046,1.7053025658242404e-13,-176566.89061072125,813979.4089328316,546.1534392637677,10707.777587830411,-56295.491940542386,-123718.73180812642
2021-01-15,5472.065132135204,1261.3636363636488,216400.30963637657,123.58906240339527,88,440,0.4004761363636364,0.1500140736642198,2.2737367544323206e-13,-176680.0573621417,809192.5412974535,-12705.894874892409,18177.96000702761,-48751.60133936233,-102851.67874845647
2021-01-19,15356.373848453619,14655.55555555556,195792.32401639022,122.3488141774821,90,448,0.38930388888888895,0.1248329526997596,2.842170943040401e-14,-81499.91294264168,786684.5102073126,4370.8772712845,10985.496577169119,-33714.05596982141,-82662.13697391898
2021-01-20,6935.323351279626,5202.173913043487,181123.66367878724,121.10182892207953,92,451,0.39464076086956523,0.12012723654529649,5.684341886080802e-14,-27731.052602857802,797793.5367568857,2960.0157027063565,3975.30764857327,-38466.69439733926,-83747.61031703607
2021-01-21,1648.5754560469811,4692.391304347829,173530.3357235938,134.24046400405678,92,453,0.3916766304347826,0.10862192157180708,0.0,-95116.63944335493,792281.4166178652,-1011.1784807387468,2659.753936785728,-41868.248938855526,-85250.83286975398
2021-01-22,9174.26583341929,3551.1111111111063,168988.70859520318,128.05733390822604,90,450,0.3886955555555556,0.12187316817980678,8.526512829121202e-14,-229703.1498563983,787174.5159050975,11589.561406646684,-2415.2955732273954,-33200.96864928973,-75448.14579809054
2021-01-25,4736.448097130305,2630.681818181818,273358.4281490908,148.51785259068754,88,436,0.41392670454545455,0.14728972162410725,-8.526512829121202e-14,-119548.64885790867,839428.9090339447,6625.499428976743,-1889.0513318464386,-63751.67679273308,-132091.28383000576
2021-01-26,28692.068789750996,26487.840909090915,460310.89621987037,142.0027265738307,88,435,0.42450000000000004,0.18554625316308104,5.684341886080802e-14,-150856.22871685558,860175.7636998355,91500.48710494449,-62808.4183151935,-86527.65799179043,-201605.382046758
2021-01-27,30514.192629009434,39939.16666666668,439161.61268739024,135.4649558911895,72,354,0.44987250000000006,0.2625615183937403,0.0,87573.49382470213,906678.6448041913,-4297.97796594272,34812.17059495216,-79411.67549872931,-189202.07867057688
2021-01-28,44368.771038364626,39747.49999999999,463793.2118156537,165.2813485019854,80,391,0.443854375,0.24953123772987143,5.684341886080802e-14,-355548.90089950734,902121.6776403931,25635.356076960583,18733.414961404047,-71744.8132640508,-187693.1162179642
2021-01-29,30892.61374296627,24271.05263157894,438855.43671273504,164.7615387208304,76,374,0.44121184210526315,0.2513399490055936,0.0,-198746.0741567893,896381.4767069813,-25964.62837181535,56857.24211478162,-78986.00697393832,-188699.8661521221
2021-02-01,16520.181074384727,14788.63636363637,366393.1409965073,89.04356150561996,44,213,0.4123125,0.23115987972998753,-3.979039320256561e-13,-75753.49102960997,827919.1590054646,-22832.623185092638,39352.804259477365,-75167.14773624772,-166765.43298537456
2021-02-02,25378.919262001426,21102.272727272728,292586.8815621146,95.12062155737415,88,435,0.3903948863636364,0.20560735346233272,5.684341886080802e-14,-55603.0872716577,785885.1985629186,2749.876483512526,22629.0427784889,-47862.9217500846,-121009.64214061324
2021-02-03,35013.53032816538,37020.00000000001,313404.9512244876,96.36337248628368,90,445,0.39385944444444443,0.19569253286257468,1.9895196601282805e-13,-32109.2006651705,793295.74437012,7585.259690208985,27428.2706379564,-43434.070850442804,-121785.30865656471
2021-02-04,14127.923383203659,13742.045454545449,291591.54813906533,97.76629688014101,88,440,0.3790727272727273,0.19704534010944724,1.1368683772161603e-13,-100156.98715883475,763933.1605168936,-4958.585614306711,19086.50899751037,-58867.729948442815,-131765.61698320915
2021-02-05,19101.33029984736,10512.499999999993,295314.5071797023,101.47178809257247,88,438,0.3812443181818182,0.16384641613287462,1.9895196601282805e-13,-122764.76566390326,767689.3691049573,10349.536087113325,8751.794212734034,-54828.768283170786,-128657.39507809636
2021-02-08,7336.220730635422,8268.888888888878,275301.8042894405,97.8851000473282,90,443,0.3728166666666667,0.2025150926337485,8.526512829121202e-14,-105052.35887938364,752084.7462356198,-6535.322670193141,13871.543400828563,-61587.11544177203,-130412.56651413215
2021-02-09,13777.303154722815,15604.44444444443,277017.4598000548,104.30916246940795,90,447,0.3882322222222222,0.14967448476356143,-1.9895196601282805e-13,-127788.6905320316,782036.3224828579,7776.856950989268,6000.446203733545,-55581.370957760286,-124835.73590777398
2021-02-10,16085.459759066673,20655.81395348837,253790.6090436399,110.72045076494032,86,430,0.38609011627906975,0.17635205224271192,-1.9895196601282805e-13,-125741.06229476086,779684.2918575638,1328.033281582518,14757.426477484154,-47472.91295260824,-110920.56521351823
2021-02-11,11825.467228789443,15204.545454545454,288066.5149828678,105.06337057491828,88,437,0.3795653409090909,0.1830599913398637,5.684341886080802e-14,-154961.07214271172,766982.6201839694,-2610.2238393173834,14435.691068106828,-60296.22488750243,-132312.85363321938
2021-02-12,15287.736150880388,8305.681818181822,253787.41022093978,88.76567063418588,88,438,0.36499886363636364,0.18482980504739563,2.5579538487363607e-13,-58824.886349451954,735221.1037227333,-2353.211266804521,17640.94741768491,-48247.882074988745,-111694.73463022368
2021-02-16,11365.347910171844,13522.222222222226,211491.19812633476,163.15296280900927,90,450,0.3797366666666667,0.1332212643336765,-5.684341886080802e-14,-23691.142905455512,776410.8583210356,-565.6309435864474,11930.97885375829,-41670.604584220855,-94543.40411580454
2021-02-17,12571.648621934739,14038.111111111104,200873.53240952984,161.2172363422211,90,441,0.3721735,0.15308427186207235,-5.684341886080802e-14,-245491.0786516858,756133.1097644204,1626.454674764629,10945.19394717011,-37807.95171678994,-88026.33481917239
2021-02-18,22007.220892330468,20375.000000000007,188337.26599988886,172.5438153505539,92,451,0.37570271739130434,0.12423554329233057,-1.1368683772161603e-13,-361100.1338597104,767207.5235275545,5437.90690144539,16569.31399088508,-25249.6394229923,-72333.95592296451
2021-02-19,24545.585403172547,9747.826086956522,207733.5487426905,193.94168006093005,92,453,0.36084836956521743,0.13624306084830493,0.0,38142.922127089056,740732.3942453231,26444.01873737824,-1898.433334205693,-27581.743462561008,-79515.13064823364
2021-02-22,19371.229520993267,22036.666666666675,278339.4354884294,187.12463369843485,90,442,0.3741022222222223,0.1806914292551706,5.684341886080802e-14,-145222.31978021405,766114.30586074,12871.029568141843,6500.199952851424,-50400.753984812516,-119985.61285691986
2021-02-23,17317.15259050898,10622.727272727281,297926.5684140363,165.57519982320443,88,437,0.3774363636363636,0.17999184071753616,-1.7053025658242404e-13,-116550.14218859037,768385.9518701177,23310.737429376743,-5993.584838867761,-57330.064712823296,-131811.7068163324
2021-02-24,14874.046046613134,21504.651162790702,336347.73523930134,170.2992957078992,86,428,0.3691860465116279,0.20307728558084823,0.0,-207662.57691523287,749070.8725760141,40806.426481882394,-25932.380435269264,-69383.1870589201,-153470.12086874543
2021-02-25,30410.762511206834,27900.23809523809,402362.8577589818,150.68762173699503,84,419,0.39370357142857143,0.24130296080993124,8.526512829121202e-14,-246451.42560715563,797272.1365572668,1217.3789059509618,29193.383605255873,-70330.63955027562,-170921.35399002107
2021-02-26,37136.588175640936,35649.88095238094,350580.6272114952,171.15179509174658,84,412,0.3827291666666667,0.24451053800676206,-5.684341886080802e-14,-226157.26216578676,776976.2400779051,-19904.393231780443,57040.98140742138,-50679.72042232461,-138324.8772251984
2021-03-01,4091.307464926983,9259.523809523827,333406.0898473791,79.35442137791951,42,209,0.3685285714285714,0.21191752387845067,5.684341886080801e-13,-100995.03372119371,739412.4557739587,-746.7655116467402,4838.072976573723,-79339.56941829571,-162691.09188014048
2021-03-02,24015.263255087106,22108.41463414634,308254.5395268453,112.36878227761974,82,404,0.3678567073170732,0.2237404676522783,-1.4210854715202004e-13,-52950.3030416254,742928.7496846367,23152.860094637992,862.4031604491144,-53160.740408901846,-130224.37529061318
2021-03-03,8731.647215164938,9631.222222222215,446683.43552091584,107.50388903658406,90,441,0.36931338888888887,0.1924313170887437,2.842170943040401e-14,43388.28061616997,744266.4086501707,14538.215114673822,-5806.567899508883,-103046.7155541006,-214717.57443432958
2021-03-04,24267.840215526314,26681.25000000001,395019.52410665335,125.02048651501899,64,317,0.38495703125,0.2993388818353094,0.0,-89388.32680279978,780548.2406181345,18243.884387353777,6023.955828172538,-74612.06129765204,-173366.94232431537
2021-03-05,26118.18312379691,27333.720930232557,339753.4373691659,113.14175050025383,86,423,0.3704296511627907,0.22259512708172252,-1.7053025658242404e-13,-199905.5739851644,748018.8935282199,21980.14184163701,4138.041282159898,-58933.317968994816,-143871.67731128627
2021-03-08,2589.5340675162506,13997.674418604653,309963.98338461784,106.98111775975605,86,428,0.3671773255813954,0.22975699162880878,0.0,-154311.56146822424,740837.0995255557,-47.38570819749151,2636.9197757137417,-75008.44289639797,-152499.43874255242
2021-03-09,13416.153480026955,13097.727272727272,294862.3822743173,115.47947032011173,88,440,0.3537528409090909,0.20456079884630818,0.0,-108320.93559708982,716302.2988780241,1688.8999816756132,11727.253498351341,-60414.921558872484,-134130.5171274518
2021-03-10,3802.573678026637,9493.333333333325,275932.0951496348,122.62297400588174,90,447,0.34946,0.1932736764526758,-2.842170943040401e-14,-188928.14432429895,708557.5526770132,-2497.376963716077,6299.950641742714,-65303.07308338795,-134286.09687079664
2021-03-11,6954.9554844099985,7147.777777777783,254593.49348513328,106.33279871576136,90,443,0.3522633333333334,0.18310079669595017,2.842170943040401e-14,-42644.873724831945,710669.2192098064,1646.472945147407,5308.482539262592,-56799.75068558908,-120448.12405687242
2021-03-12,8067.62756216547,9616.279069767443,242208.6903737861,148.04835257560794,86,430,0.3479726744186047,0.16926548110275383,-1.4210854715202004e-13,-280003.48223546834,711030.0265733083,3284.6330780748444,4782.9944840906255,-52632.59338385666,-113184.7659773032
2021-03-15,14318.867547925092,11247.826086956517,181731.31276283122,159.8396191607819,92,451,0.34086358695652175,0.14930237171904118,8.526512829121202e-14,-206695.6788034277,693694.2133963145,-7442.706437909231,21761.573985834322,-31273.800261943496,-76706.62845265129
2021-03-16,649.3047750757472,9540.217391304348,180933.77758335604,182.77633464021713,92,459,0.3278195652173913,0.1358716237280602,8.526512829121202e-14,-361915.530667688,669132.3385292888,4351.863246412344,-3702.558471336597,-44766.915955403485,-90000.36035124249
2021-03-17,19543.203936401027,17735.869565217385,186531.98120783467,180.7241324919519,92,460,0.3317690217391305,0.15114234726604003,2.842170943040401e-14,-350375.33470746956,679469.7072313521,19763.003080705603,-219.79914430457518,-27270.515498049594,-73903.51080000825
2021-03-18,19183.272998217562,17591.489361702133,194918.22235718332,187.49017042875403,94,462,0.32789893617021276,0.1353697898868891,5.684341886080802e-14,-480019.53835815314,673375.0521352364,-8633.90568275742,27817.178680974983,-29733.77276150702,-78463.32835080284
2021-03-19,10854.034041486299,12948.88888888889,213708.00590438454,185.0533710557151,90,449,0.3269088888888889,0.18763057224932359,2.842170943040401e-14,-410949.6688982386,669570.2594984376,-22595.945399040298,33449.97944052659,-42758.02080566555,-96185.02228176169
2021-03-22,19530.62371851783,18149.024390243903,237830.02918320376,183.38697414604485,82,403,0.314965243902439,0.18064116157505228,8.526512829121202e-14,-93858.21575965996,642184.5736242966,14130.783194368008,5399.8405241498185,-40110.27055142915,-99567.7778472301
2021-03-23,-6224.006987331038,6469.512195121948,303467.7085110737,190.9659109088979,82,409,0.3135179268292683,0.21666704693723599,8.526512829121202e-14,-324323.7264265654,640668.6044821398,6780.128098136253,-13004.135085467291,-82281.90002600837,-158148.8271537768
2021-03-24,24763.68909449363,23895.238095238103,299920.61378860846,213.53798870961046,84,412,0.32839999999999997,0.2258246931273001,-5.684341886080802e-14,-206262.35896005112,678096.8890839717,22746.39301734447,2017.2960771491607,-50430.0023413681,-125410.1557885202
2021-03-25,6744.272001371325,11815.476190476198,283524.30759054376,194.7652905439163,84,420,0.3099571428571429,0.2104916917885396,0.0,-348430.3390077865,635273.1514340296,12588.975894725436,-5844.70389335411,-64331.57018680853,-135212.64708444447
2021-03-26,32552.560032025332,29640.4761904762,481853.1900403466,74.25694412342516,42,203,0.33883809523809527,0.25778962074623646,2.2737367544323206e-13,-27661.36971685868,679521.3892833969,32766.2536444475,-213.6936124221666,-87984.99442218474,-208448.2919322714
2021-03-29,26916.52396492794,27262.99999999999,415085.4130967698,66.30069488275589,30,149,0.3529616666666667,0.3243322752868386,1.1368683772161603e-13,-99409.54301769813,707864.1266818892,3305.518730444396,23611.005234483542,-76921.13000414726,-180692.4832783397
2021-03-30,16279.144885590533,17007.14285714285,353076.9693940436,86.44470124597485,42,205,0.34645952380952383,0.2483712390139415,-2.2737367544323206e-13,-6923.12531495947,694594.0805481592,3454.718783499847,12824.426102090687,-72076.54216416634,-160345.78451267726
2021-03-31,13046.121245922348,7190.476190476204,354363.15549991943,75.98861343502905,42,207,0.3508869047619048,0.2471650562976519,-5.684341886080802e-14,-81144.80656913434,703764.6645674099,-6990.683656178427,20036.804902100776,-75620.65624249254,-164211.4451174724
2021-04-01,25894.162227423494,12780.952380952374,360813.9701508163,76.65098275720023,42,208,0.3477309523809524,0.263405709562622,-2.2737367544323206e-13,32314.853797786727,697766.7477212446,10933.515073418921,14960.647154004575,-64385.98129303778,-154589.47383074186
2021-04-05,692.2023820152726,3606.818181818179,264811.68884149264,72.14647355212624,44,213,0.3547386363636364,0.18971791039230024,0.0,-60852.99312171255,711588.5364797864,-3920.2563605622804,4612.458742577553,-65582.86630191,-131785.78851228318
2021-04-06,10022.13153966814,8214.772727272717,228777.84032473437,105.67133146537714,88,432,0.3331403409090909,0.18424785054479395,-1.1368683772161603e-13,-215714.11975802106,673076.162136567,-6514.111417803404,16536.242957471546,-47277.99987298083,-104472.45995416441
2021-04-07,5824.591850914111,6101.136363636364,219726.7304442387,109.45252886747066,88,436,0.34053068181818186,0.15555299469232015,-2.842170943040401e-14,-217080.54633486367,688595.4145227575,-2460.299710518203,8284.891561432314,-49216.54328901303,-104148.22590007272
2021-04-08,17445.51178235796,14274.41860465117,274770.3251579528,127.40843000101974,86,422,0.34473023255813956,0.1851968208057274,1.1368683772161603e-13,-253084.31434973722,698731.0567549521,-1012.7410746129219,18458.252856970885,-51374.477937131254,-120067.05922661944
2021-04-09,16740.686738051103,8653.48837209302,238833.66703682457,106.54931286583167,86,422,0.33083662790697677,0.1841543546701728,-5.684341886080802e-14,-176644.7018231675,668495.2935131683,8440.161504657923,8300.525233393182,-43074.279334020874,-102782.69609322702
2021-04-12,13184.913594406818,10919.767441860464,220465.85707942685,124.8680775239799,86,427,0.33130988372093023,0.17573657308114776,8.526512829121202e-14,-177123.28626042407,671245.515113552,1704.3157515955713,11480.597842811248,-42056.41875297387,-97172.88302283059
2021-04-13,6692.565225777768,5386.666666666673,236073.88409593972,132.60602898878,90,442,0.3151161111111111,0.17975425901319844,-8.526512829121202e-14,-258596.65704943013,639819.2087324791,-301.2189032837821,6993.784129061551,-52458.51182719594,-111476.98285118087
2021-04-14,10985.108195434625,8190.909090909095,226963.28927078395,128.09717748145226,88,434,0.3065875,0.18649924737233137,5.684341886080802e-14,-247029.7507223899,623202.9230075999,-1835.439240341941,12820.547435776565,-45883.81129974282,-102624.6336174388
2021-04-15,9952.425573222366,6238.636363636369,284218.0988106539,107.3016176889209,88,435,0.3030482954545455,0.1801923037630262,2.842170943040401e-14,-13525.468653892432,612311.830685877,-3314.401562861295,13266.82713608366,-61209.40074713003,-132263.9254497935
2021-04-16,4130.861500516974,-2222.9729729729847,212634.84816017785,114.79398955297279,74,362,0.301329054054054,0.18892295776897716,0.0,-75536.17668752541,609042.4735825501,4694.544108969787,-563.6826084528128,-49142.644529080455,-102301.35656912492
2021-04-19,19796.523415091324,10311.956521739125,177329.8896512741,123.2917032169403,92,455,0.30678315217391305,0.14131071306109683,-5.684341886080802e-14,-77802.37253502487,622140.1905182994,19786.94283477019,9.580580321134335,-24659.24070094414,-68991.71311376267
2021-04-20,11015.50984099111,10041.304347826095,184892.69767103708,143.92498122361823,92,456,0.30576847826086956,0.14692632698709177,0.0,-1160.087483755273,624354.3290072916,7079.544215394757,3935.9656255963528,-35351.58955799178,-81574.76397575105
2021-04-21,13522.217607312394,10623.913043478258,154001.58281473062,120.60378083582353,92,454,0.30171521739130436,0.13398189838004237,-8.526512829121202e-14,71373.32360731211,610286.3823820627,6814.147235692952,6708.070371619441,-25098.781877206085,-63599.17758088874
2021-04-22,11080.092239338068,4427.173913043486,164270.40662273913,138.0065045202372,92,456,0.3143027173913044,0.1421997677344218,-1.4210854715202004e-13,-73164.86130310496,636504.0454112595,-755.8328072189483,11835.925046557017,-30125.51592086695,-71193.11757655173
2021-04-23,14864.683133824637,3281.52173913043,144534.52918819973,108.28939286713741,92,451,0.31385489130434785,0.11042353906121521,-1.9895196601282805e-13,-149892.9712891492,632570.8654811786,-186.81322962218803,15051.496363446824,-21377.23855609243,-57510.87085314236
2021-04-26,5156.28049789501,3306.6666666666633,222897.02726542758,126.47316998534136,90,446,0.31747166666666665,0.17651618881502035,1.1368683772161603e-13,-88988.84972800169,641787.9986853577,-1066.333771583813,6222.614269478822,-50694.44948844723,-106418.70630480412
2021-04-27,13247.99433527122,10865.555555555553,215470.53219225025,131.57294766472043,90,442,0.31359166666666666,0.17035417980658418,-1.4210854715202004e-13,-149684.96828276673,635329.2889856183,-4119.100791184517,17367.095126455737,-40751.21166045606,-94618.84470851863
2021-04-28,15897.036434962447,22240.909090909096,232178.95944008746,149.55250224851065,88,438,0.31967102272727277,0.1701345712645005,-2.2737367544323206e-13,-252560.99682568718,650783.9032287388,2488.5049376199277,13408.531497342521,-42297.255927307924,-100341.9957873298
2021-04-29,19726.704893463648,28219.53488372093,209748.61329611726,116.28998043576324,86,428,0.31266697674418603,0.157972059921813,2.842170943040401e-14,-145427.91106158265,630841.8946064512,2248.866189887885,17477.838703575762,-32826.73841100143,-85263.89173503073
2021-04-30,12150.16330586008,11451.190476190477,248840.85207872206,116.07470398700612,84,420,0.3042101190476191,0.20139709051499965,5.684341886080802e-14,12155.54864427812,613407.7017565111,6974.94142533724,5175.22188052284,-50176.12441780744,-112386.33743748795
2021-05-03,25052.006105647542,19202.272727272735,252649.29809445274,69.1851382797669,44,215,0.31725000000000003,0.20429138037503136,5.684341886080802e-14,-4161.6048087770305,636852.6528398594,19744.406292239684,5307.599813407856,-38179.50355624541,-101341.82807985859
2021-05-04,17733.915191161635,17493.636363636364,229272.81235955437,83.17597511184677,88,433,0.3011809090909091,0.20713422480444477,0.0,-108284.81410116155,606700.1449609172,3229.8212511791685,14504.093939982467,-39667.4638738388,-96985.6669637274
2021-05-05,9729.588219723795,11005.111111111117,248300.63951954685,86.92952103211606,90,447,0.2983733333333333,0.17980887217495478,-8.526512829121202e-14,3261.6070649322473,601220.8357517562,8915.50736757709,814.0808521467058,-52432.50118119503,-114507.66106108174
2021-05-06,17563.432399790134,19123.181818181816,239458.8151359871,96.317143731421,88,432,0.29468375,0.22454015280901204,5.684341886080802e-14,-135290.91606118003,595468.9987072764,1076.4458309659917,16486.98656882414,-42397.58852793807,-102262.29231193483
2021-05-07,7611.649479759766,-1782.954545454535,204075.34406991836,87.46296361372416,88,439,0.29377670454545457,0.1722535632938356,1.9895196601282805e-13,-141949.68065772572,591784.9565517004,19185.087314583838,-11573.43783482407,-43494.64950133355,-94513.48551881313
2021-05-10,8335.834750871207,8726.11111111112,236893.94734396425,94.21961118203008,90,449,0.29415555555555556,0.20798027382353798,-1.1368683772161603e-13,-86916.08684776614,593712.3046340087,20477.54559171026,-12141.71084083905,-50981.87169630189,-110205.35853229294
2021-05-11,15383.1663804479,13474.565217391308,235877.9761104538,113.57818744407847,92,453,0.31793228260869566,0.15333409721483224,1.9895196601282805e-13,-147917.57555085077,644167.8550874576,47720.01448890289,-32336.848108454993,-43699.905834609635,-102669.39986222307
2021-05-12,13306.506054621339,14057.444444444458,244461.7145619914,116.95857985601457,90,448,0.3450777777777778,0.18633203567175313,5.684341886080802e-14,-18620.24126115888,697458.5907704342,-2429.273382391161,15735.779437012501,-47925.88116573253,-109041.30980623038
2021-05-13,5487.8683560201125,3778.8888888888837,212399.44244714038,117.39676359471915,90,447,0.3354288888888889,0.15795783886939643,-1.9895196601282805e-13,-301307.6639901394,678379.4500473106,-10995.155250957125,16483.023606977236,-47729.3890193597,-100829.24963114479
2021-05-14,-957.486804034826,-5313.043478260872,204822.67830033804,115.34038645892562,92,454,0.31472065217391304,0.16267769858275208,2.842170943040401e-14,-128975.46980049819,636778.0275870756,5148.311650320198,-6105.798454355024,-52278.49676557826,-103484.16634066276
2021-05-17,11954.777727034723,10863.82978723404,123600.04514281133,151.10770317930132,94,464,0.3262867021276596,0.09439594147323682,8.526512829121202e-14,-176943.07053508947,665170.0109189834,-1291.2227165706465,13246.00044360537,-19096.34126184741,-49996.35254755025
2021-05-18,6301.5201428212,10129.787234042555,135357.75809303927,177.2340781767521,94,461,0.32526117021276596,0.10158338317249876,0.0,-305518.86441529356,664724.1904646563,12092.82336598492,-5791.303223163718,-27715.15345861537,-61554.59298187518
2021-05-19,15629.418765197966,13831.91489361702,138137.4656373352,157.59467814844507,94,465,0.3332739361702128,0.12121903040752317,-8.526512829121202e-14,-191913.1315603303,678651.800290923,-3705.027833390793,19334.44659858876,-19062.54232228428,-53596.90873161808
2021-05-20,9165.119628122035,8353.191489361709,145396.30069860004,176.22991701956244,94,465,0.30966382978723406,0.11000952303581613,5.684341886080802e-14,-297719.9511290076,631285.253145477,-6874.180641405439,16039.300269527474,-27360.18546354754,-63709.26063819755
2021-05-21,8354.312924049807,3514.8936170212814,143077.1612700132,207.62837434794926,94,462,0.30250000000000005,0.12857860687966238,-8.526512829121202e-14,-203110.98822491625,622736.7040345406,-15755.30267891583,24109.615602965638,-27622.60576780144,-63391.89608530474
2021-05-24,8303.794834304288,7414.891304347822,184889.21621030386,141.49111929193347,92,454,0.29281521739130434,0.16482235906200352,8.526512829121202e-14,-214609.98884733743,594111.0929661015,306.212840835273,7997.581993469014,-38060.00033756361,-84282.30439013957
2021-05-25,1226.5509011449394,913.6170212765952,197137.81241737804,189.78143135142057,94,461,0.2919506382978724,0.15157753298674218,-2.842170943040401e-14,28618.437518236307,599118.9951074822,-5207.654145288972,6434.205046433912,-48247.68363455099,-97532.13673889551
2021-05-26,13454.470310345545,14341.444444444449,230883.97506531802,167.58418246325832,90,444,0.29186277777777775,0.1703861095776999,1.1368683772161603e-13,-155697.5226962814,595948.8404060263,6879.238842273741,6575.2314680718055,-44434.10763844722,-102155.10140477672
2021-05-27,7240.700848697672,12753.06818181818,218345.0669727881,217.37210679789226,88,437,0.2728101704545455,0.21434979947936855,-8.526512829121202e-14,-366570.0935547666,565350.1238864313,-4911.305363670186,12152.006212367858,-47562.93800129725,-102149.20474449427
2021-05-28,9790.564913763068,108.88888888889437,207417.87613588705,267.9142169581076,90,447,0.2707466666666667,0.18377614967447448,1.4210854715202004e-13,-491845.8797642218,569480.9798969823,9615.95903647493,174.6058772881392,-42331.818337166806,-94186.28737113856
2021-06-01,15212.073971537582,13911.956521739123,204469.4618755238,125.56767098237523,92,456,0.27860543478260874,0.15693470733519807,1.9895196601282805e-13,-269718.1838080325,566856.2129909948,3508.173456898587,11703.900514638994,-36030.85916832574,-87148.22463720669
2021-06-02,14327.61379507889,11701.16279069768,228381.67091506365,123.06945334594933,86,430,0.27349476744186046,0.21524920578502457,-5.684341886080802e-14,-244648.92387221262,557407.7480969422,9043.616272006577,5283.997523072315,-42890.87338703297,-99986.29111579889
2021-06-03,19943.23635504634,17505.555555555555,187553.99431167965,136.73378319480852,90,443,0.28021666666666667,0.17864365676648594,2.842170943040401e-14,-298972.3453027669,572240.4443559916,5994.68943217112,13948.54692287522,-27081.99600606838,-73970.49458398829
2021-06-04,-3983.306248577412,15556.521739130443,167667.58034100482,113.97230922741748,92,456,0.2744505434782609,0.15271785647002592,5.684341886080802e-14,-167272.94077228266,556747.9060100428,-2737.5443897481227,-1245.761858829289,-46014.173643056034,-87931.06872830725
2021-06-07,15368.554375864624,15797.727272727274,180616.99790704137,112.62201449990111,88,431,0.27495625,0.1714234583348084,1.1368683772161603e-13,-228952.833333694,558028.0003982875,5079.408353622228,10289.146022242396,-29898.31711539562,-75052.56659215596
2021-06-08,7325.414347282427,10695.444444444456,174784.78600766353,118.72858968488653,90,449,0.2657088888888889,0.15711314562677117,-1.9895196601282805e-13,-271860.42433943704,539430.1644287182,1420.846109538054,5904.568237744373,-36489.51074431834,-80185.70724623423
2021-06-09,17855.92310345698,16632.558139534874,190314.4099841187,140.81311369175407,86,427,0.258771511627907,0.2008781190150075,2.842170943040401e-14,-209623.08534510562,528266.5016588196,3923.007707527359,13932.91539592962,-29863.492506264454,-77442.09500229413
2021-06-10,3428.6033914505942,3021.739130434784,155564.64644821067,135.93129235751084,92,451,0.2480038043478261,0.15786109153291922,8.526512829121202e-14,-252883.06970666206,506053.39168118726,-8999.866431301823,12428.469822752419,-35598.48951295958,-74489.65112501224
2021-06-11,10346.915971848535,9045.652173913051,185429.0342624501,136.11439646359648,92,453,0.24816195652173914,0.1824976576941809,5.684341886080802e-14,-219525.33952615137,504902.4539199614,1458.6560971508002,8888.259874697735,-36146.45699022758,-82503.71555584011
2021-06-14,8904.625455507141,6798.913043478262,110577.1793034345,162.1979639022564,92,457,0.25448152173913047,0.11013849255980522,1.1368683772161603e-13,-367629.11535298394,520196.4066871846,4671.272778286175,4233.352677220966,-18901.86733425374,-46546.16216011236
2021-06-15,6499.02052800369,7806.5217391304395,111899.67858826439,150.20001978312516,92,460,0.25053695652173913,0.11825327302953904,-8.526512829121202e-14,-258944.30202570872,510288.9112029789,6140.415007590594,358.605520413096,-21626.099138845533,-49601.01878591163
2021-06-16,3203.980141321312,3276.595744680844,129397.08358796593,218.45129522501682,94,467,0.2504175531914894,0.13508773202983357,-2.842170943040401e-14,-230698.50201739158,518462.63872015924,12519.072497649579,-9315.092356328267,-29363.742050895184,-61713.012947886666
2021-06-17,822.8647540890331,3428.829787234039,138489.880088889,218.0251394301898,94,461,0.2500377659574468,0.12602431700340508,0.0,-435980.5159664751,519085.4639413776,19518.64613596002,-18695.781381870987,-34017.63040756341,-68640.10042978566
2021-06-18,5380.995200627061,6029.239130434788,130425.80633767744,218.60103657426004,92,454,0.26780103260869564,0.13893704016828534,5.684341886080802e-14,-341401.4509957367,554573.9434974601,-12238.168999060252,17619.164199687315,-27444.057420366556,-60050.50900478592
2021-06-21,9689.142860820519,8701.000000000002,168340.89696034224,179.07425840482196,90,446,0.25162561111111115,0.1785923314207441,2.842170943040401e-14,-410081.1263372249,517014.73120354326,4037.159396670271,5651.9834641502475,-32575.155637669865,-74660.37987775543
2021-06-22,9120.811652771961,6442.608695652165,149017.30875387235,170.70456961205377,92,451,0.2479488043478261,0.14303675895701157,-1.1368683772161603e-13,-314876.0826269729,507013.1069849995,4168.052012213454,4952.759640558508,-28304.22010530818,-65558.54729377627
2021-06-23,6666.361247274887,5732.954545454549,172149.59121888617,225.7824617144253,88,439,0.24876704545454545,0.15762641013162954,-5.684341886080802e-14,-345209.18868220237,515550.33791666245,1714.2155893386162,4952.145657936271,-36596.819019161085,-79634.21682388261
2021-06-24,2650.4530175081954,8945.813953488383,173585.18092988487,217.73681377379216,86,421,0.2486168604651163,0.16361351724460585,-2.842170943040401e-14,-380180.2751801365,516526.16441399755,1731.4083379459128,919.0446795622826,-40963.579028736815,-84359.87426120804
2021-06-25,26906.823125743722,6952.380952380948,163222.24372561456,76.32218014096999,42,208,0.277727380952381,0.18794996114601448,-1.1368683772161603e-13,-19105.0457942558,557283.992519814,24787.360912178698,2119.4622135650243,-13975.05998580089,-54780.62091720453
2021-06-28,12151.65195159828,10121.739130434778,171931.74145151113,74.48480494319938,46,228,0.2916021739130435,0.14245325397580852,1.7053025658242404e-13,-128867.32541057793,585804.8790831192,7735.913833354837,4415.738118243443,-30905.768216222703,-73888.70357910049
2021-06-29,5800.646843407501,6289.130434782601,170166.5870781119,66.084844885383,46,228,0.28818695652173915,0.15500787674390012,5.684341886080802e-14,-83657.16090110391,578698.897413677,2364.5620862347273,3436.084757172774,-36807.08477100585,-79348.73154053382
2021-06-30,2983.5951650955567,7678.260869565234,165583.96801066207,66.01703915514845,46,227,0.2895,0.15644945520322096,-1.7053025658242404e-13,-88640.01738896931,581155.719272369,-2552.1944418480944,5535.789606943651,-38478.41387672511,-79874.40587939063
2021-07-01,165.5378858652869,217.39130434782203,184134.43461790733,69.53865101577502,46,224,0.29348152173913045,0.143411438253784,2.2737367544323206e-13,-25975.194980705513,588880.0663586922,-12710.436982837355,12875.974868702642,-45937.609419627326,-91971.21807410415
2021-07-02,17494.88439307603,8195.652173913031,195365.53999089674,64.98604565370123,46,225,0.2906597826086957,0.1706251587433024,-3.979039320256561e-13,30495.044197939522,583181.986900195,10396.957390711532,7097.9270023645,-31411.486650301857,-80252.87164802603
2021-07-06,12030.514309912132,9602.173913043483,203898.157365571,85.76854846480222,92,460,0.2826179347826087,0.17066617269726464,-1.7053025658242404e-13,-107393.32241144805,569135.2615748985,5799.002345198755,6231.511964713378,-39029.79357994542,-90004.33292133817
2021-07-07,13071.669689684433,10392.553191489356,174738.4711817516,108.15511857491919,94,461,0.28382606382978726,0.14923422242768333,-8.526512829121202e-14,-166780.67332578468,574552.6251188125,12673.242319974988,398.4273697094451,-30721.103224328388,-74405.72101976628
2021-07-08,1158.1558872684625,5655.43478260869,194937.46476573675,93.44727826350066,92,459,0.2900679347826087,0.15505209311849405,-1.7053025658242404e-13,-123509.44306961978,584686.7999263768,-7032.676030466933,8190.831917735396,-47669.65758242922,-96404.0237738634
2021-07-09,10835.085770755248,5777.777777777775,183110.34853372042,100.41082733394583,90,445,0.27680172222222227,0.1724203808442764,2.842170943040401e-14,-41694.92802681564,559606.9213176246,-7715.487999972156,18550.573770727402,-35042.9121900088,-80820.49932343891
2021-07-12,18510.162517850506,16942.282608695652,210148.50539627275,125.0288980686816,92,459,0.2689847282608696,0.19760030306071277,2.842170943040401e-14,-148349.7738089589,549570.3290810098,2807.481623318425,15702.68089453208,-34151.992729286365,-86689.11907835455
2021-07-13,8292.978721227772,7354.456521739137,191088.5729914028,130.39222305947274,92,459,0.27186521739130437,0.16881491203005616,1.1368683772161603e-13,-294472.8235564425,553759.9018232535,-2027.526862117463,10320.505583345233,-39609.5567496824,-87381.6999975331
2021-07-14,10042.372064644616,8083.586956521739,177643.99714708564,105.83176078836246,92,457,0.26900972826086955,0.17864705437605324,-1.7053025658242404e-13,-75468.1338614627,546363.7808219105,3355.5848409347914,6686.7872237098245,-34474.45898291516,-78885.45826968657
2021-07-15,11098.47286386038,7808.510638297878,190009.3262478798,125.61552985958186,94,466,0.2717877659574468,0.1593895457006752,5.684341886080802e-14,-152605.10043822727,553882.7637815513,7267.7475412378935,3830.7253226224866,-36529.474227969156,-84031.8057899391
2021-07-16,10367.234251284406,3543.7777777777637,202662.91380429815,126.61700077832228,90,445,0.2752974444444445,0.1729051080734166,-8.526512829121202e-14,-283310.65022558917,559183.6928077812,30485.29243826586,-20118.058186981456,-40425.111200568455,-91090.839651643
2021-07-19,10376.094395331194,21124.14893617021,151373.11311099274,154.83776165700544,94,467,0.33075941489361704,0.11311627881912091,1.1368683772161603e-13,-295164.4963267469,675186.2648147964,-4401.190529250534,14777.284924581729,-27622.021644073997,-65465.29992182218
2021-07-20,6896.119426917496,11978.404255319148,146259.1106197823,128.7457886765442,94,463,0.28703510638297874,0.12558868674044324,8.526512829121202e-14,-316657.2019417551,582078.4223139173,118.99904692638627,6777.120379991109,-29797.404016704622,-66362.1816716502
2021-07-21,9363.96022557535,9101.595744680842,123393.32694448055,118.3974246805019,94,468,0.2765768617021277,0.11387929748414863,-5.684341886080802e-14,-193095.61772735397,558879.9051081421,3164.0613837050378,6199.898841870314,-21602.768935225286,-52451.100671345426
2021-07-22,20461.715595322417,19173.93617021276,138023.86084883404,135.87430697626425,94,467,0.2826683510638298,0.12509441674110408,1.7053025658242404e-13,-182115.15395142412,572639.7718360699,407.62518118783765,20054.090414134578,-14180.123923862357,-48686.08913607087
2021-07-23,1127.9556285993604,4346.808510638299,145881.45173465624,168.80527490075028,94,463,0.2779303191489362,0.126446529843346,1.1368683772161603e-13,-238921.17809770128,567931.5779314955,2937.5241107745082,-1809.568482175148,-35511.212579965446,-71981.5755136295
2021-07-26,13830.780405220803,16464.893617021273,176650.49451944107,166.3515134723779,94,461,0.278331914893617,0.1535006668792564,8.526512829121202e-14,-420420.099384497,567065.0745019161,6491.896986555645,7338.883418665158,-30498.194738111844,-74660.8183679721
2021-07-27,15412.912758733997,14368.586956521744,178588.64996856745,215.19778451357715,92,455,0.2914609239130435,0.1496133326683506,8.526512829121202e-14,-572883.3450366459,600752.8888369894,-3242.6792143463117,18655.591973080307,-29449.447517921442,-74096.6100100633
2021-07-28,16767.764730304094,19523.333333333343,174368.63795749203,215.68876038096133,90,450,0.29030222222222224,0.15350747775269466,2.842170943040401e-14,-767934.3396903331,601086.7406488447,-10.722199518739941,16778.486929822833,-27040.083519449876,-70632.24300882287
2021-07-29,14362.64808877048,21021.739130434788,168927.73168172047,231.8041894344555,92,455,0.28425815217391304,0.13679016924845686,2.842170943040401e-14,-482748.709027719,583361.7618076166,5656.919178347587,8705.728910422893,-28101.089021094092,-70333.0219415242
2021-07-30,19030.186111471536,14697.727272727274,190625.85495622552,236.88062706540535,88,440,0.30280340909090914,0.1556936076649951,1.9895196601282805e-13,-405081.4445296639,625303.3493158408,-2689.4726996095424,21719.658811081077,-28863.15825465025,-76519.62199370662
2021-08-02,9157.675883190796,12145.652173913042,257786.41584308632,93.50888531761399,46,230,0.3381804347826087,0.15243929433695702,0.0,-35681.22500942623,681013.358336421,7308.631817768426,1849.0440654223694,-55382.4369628984,-119829.04092366998
2021-08-03,6987.253883283291,12655.888888888898,196083.21574844923,117.20204809989323,90,446,0.2993572222222222,0.15466333816625266,1.7053025658242404e-13,-91005.98753513722,605386.2290897858,6226.230764404344,761.0231188789458,-42150.75210192891,-91171.55603904121
2021-08-04,11257.313459774783,29440.21739130435,236879.90080594673,122.7352509797448,92,452,0.31187608695652175,0.18827140874704207,1.4210854715202004e-13,-206174.72347789185,630979.8244702005,84.40048034563495,11172.91297942915,-48085.39699269164,-107305.37219417833
2021-08-05,6213.7119675296,7974.772727272721,207533.0286388454,121.76604844036869,88,440,0.28758409090909093,0.15666590139731104,-1.4210854715202004e-13,-177461.8034912503,582313.0631295547,-6827.011084195291,13040.72305172489,-45791.31124062212,-97674.56840033348
2021-08-06,4699.6171849478005,4317.777777777778,189614.28014389865,114.80387825892639,90,444,0.27577333333333337,0.17285037274147066,-3.126388037344441e-13,-263945.25762630766,556775.3995808772,-3908.17965569878,8607.79684064658,-42818.75672928579,-90222.32676526046
2021-08-09,5350.588456185653,9460.869565217394,167240.89936564054,116.76243152369857,92,456,0.288329347826087,0.1377124309256585,-5.684341886080802e-14,-82940.05841022571,584309.2936192367,3762.825276816858,1587.7631793687947,-36576.39881674818,-78386.62365815832
2021-08-10,9790.527504482216,9038.29787234043,157976.81612285296,122.34196057155025,94,461,0.2752409574468085,0.13988658150199473,8.526512829121202e-14,-149751.66554713264,556160.7869710191,4436.62507235786,5353.902432124356,-29826.018486802575,-69320.22251751581
2021-08-11,12725.897808926662,12136.170212765961,188323.1684772213,145.07896877791794,94,462,0.27061170212765956,0.16167084544488455,-2.2737367544323206e-13,-64660.908529355314,551823.4836605813,4571.060219158878,8154.837589767784,-34499.973279156584,-81580.76539846191
2021-08-12,7515.779086299087,7110.108695652175,170086.38327458687,107.92967962442263,92,455,0.27143472826086956,0.16877760631248015,5.684341886080802e-14,-165863.07642997915,547721.574873489,-2937.3894088467,10453.168495145786,-35113.74641197205,-77635.34223061877
2021-08-13,12080.95384269581,4478.478260869572,167868.48511401576,137.68795198110706,92,457,0.265775,0.15473546333368443,-2.842170943040401e-14,-305161.03358527395,539658.3387096197,4389.342666092508,7691.611176603303,-30023.855387789237,-71990.97666629318
2021-08-16,2116.1301717007777,5425.638297872338,97200.4008935767,191.95638601232653,94,464,0.270974414893617,0.09879575883734627,0.0,-368899.3390111922,556366.7991329547,15393.520922743697,-13277.39075104292,-22375.926437705726,-46676.026661099895
2021-08-17,7755.608245390729,9426.59574468085,108784.96125635471,184.28813424948842,94,465,0.2790585106382979,0.1007164145789154,8.526512829121202e-14,-531136.0894435795,572588.7614402486,7403.769300392754,351.8389449979754,-19624.920202947436,-46821.160517036114
2021-08-18,7302.365113520134,9831.914893617015,137600.60445410255,173.87555623560337,94,467,0.29795797872340424,0.11186870577370403,5.684341886080802e-14,-105457.72850718962,608877.8316809803,16105.924178293782,-8803.55906477365,-27271.661556241103,-61671.81266976674
2021-08-19,20154.557931919928,18922.608695652176,120380.31886925791,169.60211647207007,92,459,0.2953679347826087,0.12434490199941775,-3.126388037344441e-13,-393253.57777144917,603288.0520258907,-5920.656358721295,26075.214290641223,-10110.12390186662,-40205.203619181106
2021-08-20,6833.579404066411,3044.6808510638266,123041.46262096375,233.4491960382875,94,461,0.28325106382978726,0.11160949542115979,1.9895196601282805e-13,-372668.1414640344,587059.4087271685,-9763.70600275198,16597.28540681839,-24160.235447212814,-54920.60110245375
2021-08-23,1274.0897419066127,6037.234042553198,174864.5094270767,222.04498672358363,94,463,0.2752414893617022,0.15263270581975916,-1.4210854715202004e-13,-405564.3473162831,571036.4100678703,-312.256870196377,1586.3466121029896,-42664.082601586146,-86380.20995835532
2021-08-24,5298.754528321208,4011.7021276595688,154893.333386224,210.66311536559937,94,462,0.26834734042553193,0.1439386479309096,8.526512829121202e-14,-411016.03442041203,555576.6452439829,1528.6745895915858,3770.0799387296224,-33635.24193360039,-72358.5752801564
2021-08-25,6518.455639464062,18649.148936170215,189476.0652832091,233.25697448515217,94,466,0.268418085106383,0.16285755259457063,-2.842170943040401e-14,-529191.8394527915,555896.9612062349,5166.521262918425,1351.934376545637,-41083.81765582336,-88452.83397662562
2021-08-26,18706.75921221471,14091.739130434784,169641.39287882106,290.07309595132875,92,460,0.2657944565217391,0.15840841984995754,1.7053025658242404e-13,-602574.0493924574,558233.3203214935,-3400.452626339405,22107.211838554114,-23993.662103441882,-66404.01032314716
2021-08-27,20668.854110349286,16299.565217391304,170288.04674226244,261.5146171263465,92,452,0.2464620652173913,0.16610652760110137,-1.1368683772161603e-13,-308957.129193785,511174.02465729363,-2428.6964856135646,23097.55059596285,-22164.67219234267,-64736.683877908275
2021-08-30,13825.286241288719,11556.041666666653,168533.30503465823,105.5410082127531,48,232,0.27729166666666666,0.14658088186811177,5.684341886080802e-14,-87546.58751681849,558915.86404751,4888.035610312132,8937.250630976587,-28413.58102558859,-70546.90728425315
2021-08-31,11270.430260601295,8754.148936170212,154559.9844597471,115.74881531361731,94,463,0.26072547872340424,0.14967835759865009,-5.684341886080802e-14,-195580.4879030373,528324.2086500943,2653.9864878578087,8616.443772743487,-27485.3146696491,-66125.31078458588
2021-09-01,17513.59998351152,16853.51063829787,171837.1578126012,126.25346804085335,94,462,0.2638654255319149,0.16124297465237328,1.7053025658242404e-13,-201771.25690041026,536012.3861523297,7680.134832754649,9833.465150756874,-25571.94293767963,-68531.23239082993
2021-09-02,12812.725241917507,13256.413043478267,151463.01666362205,127.86096414908909,92,453,0.24732798913043477,0.1708872449613277,-2.842170943040401e-14,-169995.95734766955,502255.5305236361,1193.7698851182859,11618.95535679922,-25180.889888137095,-63046.64405404261
2021-09-03,10729.439568147478,12151.630434782603,152800.231204199,113.03919822083535,92,454,0.2614951086956522,0.16086402862919466,1.7053025658242404e-13,23942.15903221068,528513.3248278516,3424.202836498283,7305.236731649195,-27583.657431123105,-65783.71523217285
2021-09-07,11625.044009683344,13356.489361702123,150141.39637478685,167.6675280884301,94,469,0.2690556914893617,0.13818813959875872,-8.526512829121202e-14,-46785.192082300244,552110.6899882532,9331.939717118754,2293.1042925645907,-26077.9726121018,-63613.32170579851
2021-09-08,17693.714854163652,14309.782608695645,153763.8116353897,161.46871051776043,92,459,0.2629201086956522,0.13706527436002516,0.0,-113825.66684497718,536590.4513319836,10281.23000267068,7412.484851492974,-20908.706765201532,-59349.65967404895
2021-09-09,10709.197838889466,13285.638297872334,208294.78379644678,153.84166715283297,94,461,0.2698273936170213,0.20135432719674418,-5.684341886080802e-14,-207894.38912782233,549986.3653573703,12285.66176785458,-1576.4639289651154,-41518.33977737506,-93592.03572648676
2021-09-10,19859.902412742525,15475.000000000004,175038.1390789065,169.4234855108702,92,456,0.2674635869565218,0.1769017864994851,1.7053025658242404e-13,-168244.448090948,548676.6988203475,7346.2006526685245,12513.701760074004,-24069.05584249497,-67828.5906122216
2021-09-13,7097.956958617977,7464.893617021287,113522.36344126015,189.62658119853063,94,467,0.2587340425531915,0.10936678902649853,2.842170943040401e-14,-636625.4318501975,535386.3774454509,3867.366833126516,3230.5901254914606,-21472.260482895592,-49852.85134321063
2021-09-14,13442.94500239146,10119.148936170215,129431.99850566656,182.85667878676244,94,467,0.2810813829787234,0.12353668860365687,5.684341886080802e-14,-359254.23455543316,578347.5186531466,3940.887120880412,9502.057881511048,-19097.911302811943,-51455.91092922858
2021-09-15,11756.868256229855,9750.000000000004,129682.25566829073,186.1010055256894,94,469,0.2698877659574468,0.12408358857276891,8.526512829121202e-14,-215058.47540552026,554064.9094915012,3166.5121155509373,8590.356140678918,-20849.79666636852,-53270.3605834412
2021-09-16,6891.071833361814,6611.808510638293,102713.8199986502,209.0120212633438,94,468,0.27953510638297874,0.09422003139797534,2.842170943040401e-14,-503549.68534806295,579574.3424160278,6549.589707503144,341.4821258586701,-18996.39518756408,-44674.85018722663
2021-09-17,16497.024213796703,10625.937500000011,131315.55302785317,207.39377449917077,96,471,0.2862015104166667,0.09567493172348719,-2.842170943040401e-14,-374586.03829774243,590973.6003170876,38029.52514998125,-21532.500936184548,-16539.25781766576,-49368.146074629054
2021-09-20,20853.682626997543,19421.956521739135,193593.1124788033,154.23250015523894,92,451,0.3118146739130435,0.16757525536525533,5.684341886080802e-14,-306114.2842560766,633786.3027022588,-8257.562686200174,29111.245313197716,-27698.827992858518,-76097.10611255934
2021-09-21,15616.072405573343,14894.565217391308,180885.20901735622,197.84063141791407,92,460,0.2959288043478261,0.16130529574868033,-5.684341886080802e-14,-359455.7280322525,606206.0312806424,-3589.989096259022,19206.061501832366,-29803.070480183625,-75024.37273452268
2021-09-22,16534.247874791195,12004.46808510638,176073.82306363128,140.18158199822082,94,463,0.29434372340425535,0.15276575157416092,2.842170943040401e-14,-294382.7951205226,596691.5644562646,6745.097706212345,9789.15016857885,-27624.389473114847,-71642.84523902266
2021-09-23,5025.394613302431,7038.043478260875,160631.94187752923,186.86727267866067,92,460,0.2725777173913043,0.1475629799140971,2.842170943040401e-14,-353495.4940912524,560205.7417976166,-581.6174894675114,5607.012102769942,-35319.45812875854,-75477.44359814085
2021-09-24,7608.495531841027,5645.833333333328,149349.45954698743,125.74139242236733,48,235,0.28943645833333337,0.13882946563237744,-5.684341886080802e-14,-57499.43285499262,584249.9082894041,-2960.259548308277,10568.755080149303,-29854.610747328195,-67191.97563407506
2021-09-27,14603.525384641825,16317.391304347808,163537.06886940615,95.20310075410406,46,227,0.2739586956521739,0.14133851316351062,-3.410605131648481e-13,18384.165448906602,551904.2697236154,36332.70292411672,-21729.177539474895,-26375.944933463816,-67260.21215081537
2021-09-28,12500.992478547003,12724.999999999996,211147.0810010458,97.10322700831955,48,232,0.3105291666666667,0.18336911043630233,0.0,-156867.14193302742,624965.8517367941,1231.9044168848604,11269.088061662142,-40382.880998722765,-93169.65124898421
2021-09-29,19903.861378442773,16436.95652173913,264277.16985938017,117.55149067963309,46,230,0.31474673913043477,0.17957962863102922,1.1368683772161603e-13,-42945.37806894687,636552.2704871615,32501.53514708789,-12597.673768645116,-46282.9825770819,-112352.27504192694
2021-09-30,25693.20479333269,26776.086956521744,278988.2209774852,98.21060635476606,46,224,0.317629347826087,0.20350304174368408,-1.7053025658242404e-13,-139880.4108737333,638979.274729516,20775.06180915748,4918.142984175208,-44152.06105739337,-113899.11630176466
2021-10-01,6975.254185220809,9791.304347826093,208398.33847121167,122.04482924063008,46,229,0.31200326086956526,0.17763564795540077,-2.2737367544323206e-13,-70523.27903229749,629741.4214490008,13981.657671694977,-7006.403486474168,-45246.37526182274,-97345.95987962566
2021-10-04,18166.380039641575,18445.8695652174,256680.55856641714,96.80602664366293,46,226,0.3259967391304348,0.21809021515407573,1.7053025658242404e-13,-11988.376936560117,656566.795030079,-13795.522748765055,31961.90278840663,-46100.565628606375,-110270.70527021066
2021-10-05,8626.051180199722,9506.276595744679,144209.45738793953,124.96393794140282,94,464,0.290768670212766,0.11851574087069122,0.0,-128804.54038606233,588601.72098405,5043.1855032502235,3582.865676949498,-27551.277104726567,-63603.641451711446
2021-10-06,17929.309024308837,16001.489361702132,190229.09751542567,126.4865834546141,94,464,0.30214468085106383,0.15910023974389648,1.9895196601282805e-13,-107940.69513515863,611433.67594235,-7008.389223311378,24937.698247620217,-29754.451938002196,-77311.7263168586
2021-10-07,236.83476684221733,1291.7021276595656,170061.21454713278,142.7770919999898,94,462,0.28782223404255325,0.14103671138024795,2.2737367544323206e-13,-208731.25649904995,585118.561009443,-3362.9992129398256,3599.8339797820427,-42421.24596194097,-84936.54959872416
2021-10-08,5509.098370798552,7485.555555555566,156197.232166809,120.21345037062531,90,446,0.2850671111111111,0.1478587259514061,1.1368683772161603e-13,-60884.90343589097,575972.4553360527,-7939.039615734501,13448.137986533053,-33660.423121274325,-72709.73116297656
2021-10-11,7656.230936024063,7164.7872340425565,156364.12145518255,141.92441031169983,94,465,0.28093803191489364,0.1317310373917561,5.684341886080802e-14,-274732.3462934392,572345.4370165681,676.6111695497416,6979.619766474321,-31576.72383808328,-70667.75420187891
2021-10-12,13703.605340253265,10576.739130434771,155311.48135218985,144.32790396368935,92,458,0.28420782608695655,0.13789936801470262,-1.1368683772161603e-13,-271024.3589697951,576529.9894042193,-1707.31117491433,15410.916515167597,-25268.59290175789,-64096.46323980535
2021-10-13,-160.7414973048257,1948.9361702127753,193442.1520234203,133.89716595156617,94,466,0.2975867021276596,0.1617586254187627,-8.526512829121202e-14,-186937.43837819202,603272.4591811005,-5990.062900125577,5829.321402820751,-48655.17666911147,-97015.71467496654
2021-10-14,3898.575121272417,2379.999999999987,172307.5543551331,143.6663055650081,94,462,0.2948972340425532,0.1470828141493383,5.684341886080802e-14,-176917.69317671453,599631.394066891,-8555.631110440541,12454.206231712958,-39321.979773075866,-82398.86836185915
2021-10-15,9827.13933436502,6197.77777777778,157886.77503266055,132.19857898159748,90,448,0.2933372222222222,0.15148252603425374,-1.1368683772161603e-13,-125026.4424165117,594151.9159503882,781.1313322790182,9046.008002086,-29776.753002781716,-69248.44676094686
2021-10-18,7021.363913062413,5364.787234042542,118157.20573261504,119.59978430211892,94,467,0.2995872340425532,0.09487417953318274,-2.842170943040401e-14,-262048.52741982407,607016.9800661555,1650.660184080608,5370.703728981805,-22637.537304393463,-52176.83873754722
2021-10-19,9930.198362622847,5252.234042553197,112417.30008463985,126.47739824035921,94,466,0.29468664893617025,0.0955169350207025,-2.842170943040401e-14,-174823.0688448673,596520.2450458829,6769.690936603524,3160.507426019323,-18300.604056777476,-46404.929077937435
2021-10-20,2023.9950054370008,5774.468085106386,130948.22403663614,160.30223192672207,94,469,0.2961382978723404,0.11120467553519017,-5.684341886080802e-14,-358306.1011096363,603879.6119243456,1312.6803313658065,711.3146740711945,-30873.363235648754,-63610.419244807796
2021-10-21,3072.1860889193263,4901.48936170212,124990.36268857334,112.1257307718683,94,467,0.3170441489361702,0.10095318271358009,-5.684341886080802e-14,-128777.80822177067,640247.9919387278,4288.385839355771,-1216.1997504364456,-28287.530313995878,-59535.12098613921
2021-10-22,-840.5727937259575,-4272.234042553186,136334.79644097434,143.54898819285734,94,466,0.305841755319149,0.11881193696973873,-2.842170943040401e-14,-269762.4221627156,621115.3520957768,-4599.05644539942,3758.483651673462,-35067.8208921624,-69151.52000240597
2021-10-25,4641.716804499896,9452.826086956515,168710.73922017202,200.97818627014527,92,460,0.3014317391304348,0.14224981253716215,-8.526512829121202e-14,-447811.0712541875,617980.7730560309,837.3283094630343,3804.3884950368624,-37736.94618681325,-79914.63099185626
2021-10-26,21364.141042376315,24073.863636363643,173559.96805257225,178.17054100542268,88,440,0.30760625,0.14995698469482524,-5.684341886080802e-14,-191313.77800609462,630492.3551058267,19864.278397720427,1499.8626446558894,-22204.02151177217,-65594.01352491524
2021-10-27,315.99555009155864,3534.456521739121,166154.6152174928,170.74477008582147,92,458,0.31081467391304346,0.1411400556310852,-8.526512829121202e-14,-168743.05414675066,631950.537625022,5519.675158921287,-5203.679608829729,-41393.403024367464,-82932.05682874066
2021-10-28,-6371.873746866107,13107.608695652178,186174.09483436725,172.85236462587562,92,451,0.3223789673913044,0.14045563182690793,-8.526512829121202e-14,-361160.27154481236,656398.4300515781,-4857.676589420253,-1514.197157445854,-53088.249820083794,-99631.7735286756
2021-10-29,-24280.557784997312,-1425.3333333333417,173359.57167810542,193.54984862788493,90,446,0.32489666666666667,0.14242047863706653,1.1368683772161603e-13,-319151.65602268634,663315.5056149667,5016.984914902349,-29297.542699899663,-67814.00055315155,-111153.89347267791
2021-11-01,-2401.793576326775,1487.500000000001,184668.82870647067,79.3146993239582,48,233,0.323425,0.1238786183677889,5.684341886080802e-14,-73938.38120267238,650645.1904959795,3582.774551528065,-5984.56812785484,-48648.3154522684,-94815.52262888607
2021-11-02,-4920.87877576129,7357.608695652169,217511.6426688833,94.87773432116468,92,457,0.3121652173913044,0.1641824068808136,2.842170943040401e-14,-112129.2391614877,631238.6707842101,9416.63805675412,-14337.516832515408,-59393.66717730327,-113771.5778445241
2021-11-03,6327.831510984871,20402.17391304348,211518.27885206326,116.38240479099422,92,454,0.3181510869565218,0.15795622973053194,-1.1368683772161603e-13,-130063.87133822209,642813.7672530799,8584.615069801466,-2256.7835588165963,-46668.12060682194,-99547.69031983774
2021-11-04,30078.824468089762,18984.468085106393,234672.93097853416,133.03287708529373,94,462,0.3184031914893617,0.18016929375806348,-5.684341886080802e-14,-111543.42795275545,645551.04127817,31159.357097935925,-1080.5326298461603,-28722.44115362907,-87390.67389826261
2021-11-05,5162.866018565426,3893.0000000000027,223809.8977645518,122.1786341040254,90,450,0.31435266666666667,0.17982752866564106,1.9895196601282805e-13,-180696.5387500441,636154.3162812673,1851.5685892582742,3311.297429307152,-50911.78705667655,-106864.2614978145
2021-11-08,9267.09677087527,14355.434782608701,213408.55331316448,133.36818287718,92,459,0.3044766304347826,0.1834111164192171,5.684341886080802e-14,-124128.70359739858,619200.8278693953,11237.271699718156,-1970.174928842886,-44218.40974029303,-97570.54806858415
2021-11-09,15190.983056460931,14047.872340425527,191624.6896410291,118.00281147190623,94,464,0.31190691489361705,0.15992889017488154,-8.526512829121202e-14,-56949.16123518396,631319.0021986222,5029.147482134157,10161.835574326775,-32833.19216526826,-80739.36457552553
2021-11-10,16322.017912766165,20604.78260869565,203023.46745526124,137.47322108771905,92,458,0.3035146739130435,0.1891073994086173,0.0,-3878.0121083135973,617020.82305986,4270.6545658954265,12051.36334687074,-34571.32217213687,-85327.18903595216
2021-11-11,7904.28987795421,6046.808510638297,186887.3390024566,117.69701294874017,94,469,0.3125962765957447,0.14409383997950181,-1.1368683772161603e-13,-98528.33515713512,632582.1395280141,2874.281042630442,5030.008835323768,-38935.24188560868,-85657.07663622283
2021-11-12,-122.0498855709017,2413.829787234048,177620.30506140823,134.22057735637546,94,463,0.30835159574468085,0.14695389103473303,-8.526512829121202e-14,-43265.55558613459,625609.4053009256,-3221.3912095177957,3099.341323946894,-44661.346728279335,-89066.4229936314
2021-11-15,6779.561411633487,11651.063829787243,123237.72354913982,166.51193781984105,94,469,0.30198776595744686,0.1141873622557887,-8.526512829121202e-14,-27110.45937533102,618733.14759891,1998.0502505329448,4781.511161100542,-24196.381413471307,-55005.81230075627
2021-11-16,6473.343557903312,7218.829787234044,103295.43070829514,188.69573857251865,94,468,0.29537446808510637,0.09524261486270785,2.842170943040401e-14,27.28272715148705,606114.1532040697,5425.260273318417,1048.0832845848954,-19539.209857742993,-45363.06753481678
2021-11-17,1800.7622341632327,5516.276595744676,117975.31641040447,163.99451952355832,94,469,0.294570585106383,0.10140379990435441,2.842170943040401e-14,-198057.492285709,602555.3778440421,2230.412574624208,-429.65034046097526,-27857.061387961443,-57350.89049056256
2021-11-18,15735.58247789207,15393.617021276592,123451.35667216597,213.6386799810537,94,465,0.3071882978723404,0.10144316860985747,0.0,-448175.5495702234,632781.6456204491,16106.042785078007,-370.46030718593624,-15340.895370130476,-46203.73453817197
2021-11-19,6478.888773510688,1400.0000000000025,162503.93649019743,206.54733539674373,94,461,0.30149468085106385,0.14574680813313645,8.526512829121202e-14,-274896.9532099726,620145.5905449399,3593.484311973122,2885.404461537566,-34353.642684435414,-74979.62680698477
2021-11-22,4186.297406676948,10951.08695652174,245250.28249802213,171.7827319637306,92,454,0.30821739130434783,0.1829747087256335,5.684341886080802e-14,-411798.82326270314,628137.9465671289,11937.355481355673,-7751.058074678726,-57298.05594979232,-118610.62657429784
2021-11-23,1277.340348218318,13004.222222222224,212948.74449275105,161.38061143242777,90,444,0.30989833333333333,0.19159833593521158,1.4210854715202004e-13,-367826.53902390925,630621.9942041927,-109.53375255376943,1386.8741007720878,-52121.22638640187,-105358.41250958963
2021-11-24,28741.196371665963,10557.44444444444,232364.68726133768,170.55047605112068,90,449,0.29435150000000004,0.166474903342204,1.1368683772161603e-13,-256031.2825928346,600265.5648980702,67639.81239523932,-38898.616023573355,-29520.525919719577,-87611.697735054
2021-11-26,35555.84441161572,30531.521739130432,263315.104924647,115.29487703119673,46,229,0.42405869565217397,0.17565237537949152,-1.7053025658242404e-13,-264521.24706424493,853470.7927316173,-31038.436194424798,66594.28060604051,-30388.226696577232,-96217.00292773898
2021-11-29,21587.190320049198,12296.304347826086,265915.34876358917,109.15747417908383,46,223,0.36320728260869567,0.1895796618714378,1.1368683772161603e-13,-114667.9626214698,732566.5121626315,43644.33839716014,-22057.148077110945,-45000.80434502718,-111479.64153592447
2021-11-30,-3935.0607485196165,11091.086956521754,298932.6395976473,89.17482144320905,46,222,0.38867184782608694,0.19948438468365015,-1.7053025658242404e-13,-21603.681879082254,782882.9436602897,22996.419184783645,-26931.479933303264,-78757.39546937466,-153490.55536878647
2021-12-01,-5253.876807798092,24107.727272727254,339176.84021902626,121.04365914793017,44,216,0.41024727272727274,0.2013031683933904,1.1368683772161603e-13,-83483.13522883979,834495.8490765108,8349.274616118091,-13603.151423916184,-90169.1305217026,-174963.34057645913
2021-12-02,-821.2479232140531,979.5454545454395,313412.0558155351,114.107133194703,44,218,0.40426818181818186,0.20291277410350633,-1.1368683772161603e-13,-48839.895365958015,816547.181425069,33232.60590066153,-34053.85382387558,-79288.36901029252,-157641.3829641763
2021-12-03,28755.877468900482,32652.272727272717,272592.24346760166,126.49533158770568,44,214,0.40924318181818187,0.20781636817561078,0.0,-214805.99880470557,824467.0827800143,-14592.464344016556,43348.34181291704,-39518.67872958764,-107666.73959648806
2021-12-06,22639.3783840022,26977.826086956524,257148.40620016318,110.88479917403022,46,221,0.4024521739130435,0.17544243433563428,-2.2737367544323206e-13,-54444.19365522477,810576.9013098975,-15448.741857403582,38088.120241405784,-41758.60796521263,-106045.70951525343
2021-12-07,8809.589701024744,8231.08695652175,232117.83674537222,127.36840734986926,92,455,0.3194409782608696,0.16820413468977818,2.2737367544323206e-13,-102908.11388703248,649013.3492775927,-8489.749495241567,17299.33919626631,-49347.23789266818,-107376.69707901124
2021-12-08,20710.35292244494,19731.888888888894,220694.2591421836,128.02826933558984,90,450,0.30682461111111115,0.18921442699504923,-2.842170943040401e-14,-228798.73925204496,623990.2128982311,9921.996060608577,10788.356861836362,-34591.24013243656,-89764.80491798244
2021-12-09,7725.272791134197,16201.739130434784,228370.15731022076,126.42489627045538,92,453,0.3066271739130435,0.18335655979051235,0.0,-246634.24088927754,622111.3265028229,-3986.544647523947,11711.817438658143,-49493.691432691456,-106586.23076024665
2021-12-10,23972.524614372745,18989.36170212765,189551.52244033423,128.2983729168941,94,461,0.28611840425531915,0.18094746890025964,-1.1368683772161603e-13,-205014.06750229595,582647.7930881161,13549.466382273824,10423.05823209892,-23543.654368627707,-70931.53497871126
2021-12-13,4584.553239643076,6430.31914893618,184879.41344521526,154.70495360918375,94,466,0.28715430851063833,0.1594372525365947,1.4210854715202004e-13,-400772.46922952886,586491.9055795264,6573.1424458988895,-1988.5892062558144,-41790.005075269924,-88009.85843657373
2021-12-14,10826.394655020405,12976.73913043478,219812.58723362727,163.11676072379237,92,460,0.3020109782608696,0.17744590371635152,0.0,-502845.3307307567,618097.5761857122,5599.419697930278,5226.974957090129,-44289.86891411021,-99243.01572251701
2021-12-15,-4468.93893110009,3555.434782608695,229951.0906620697,132.60046804132284,92,454,0.29393423913043476,0.19164543892101288,5.684341886080802e-14,-195596.572582849,597671.5406522945,8419.30801450382,-12888.246945603909,-62089.31206465884,-119577.08473017626
2021-12-16,19116.26872749502,17914.999999999993,306901.68960479076,140.34864521876182,92,457,0.3176447282608696,0.2161597636053841,-8.526512829121202e-14,-230124.70060751282,646161.5674263033,12787.13237612223,6329.1363513727865,-57749.50231892144,-134474.92472011913
2021-12-17,37009.608483700285,28936.627906976737,248590.00342560105,160.55418692418135,86,424,0.31367616279069765,0.24181242261585154,-2.842170943040401e-14,-391987.7849210683,640751.135231636,17218.635345342533,19790.97313835775,-25298.44655962416,-87445.94741602443
2021-12-20,8158.814906112793,17919.680851063833,177635.97896799055,155.20344754675082,94,467,0.30443643617021277,0.1504276537572362,1.7053025658242404e-13,-210439.38815822534,621138.2272370824,-4458.101518185619,12616.916424298413,-36405.3832834316,-80814.37802542924
2021-12-21,10182.91135004394,12862.765957446805,156477.65886101607,165.09519599262143,94,464,0.3030372340425532,0.12467026283852317,-5.684341886080802e-14,-320049.54584465374,619421.0605390827,-11118.978099468297,21301.889449512237,-29101.598561202696,-68221.01327645671
2021-12-22,9485.793942796012,6812.765957446811,163698.50080433,217.6269430957951,94,465,0.2845622340425532,0.12897744854848062,1.1368683772161603e-13,-530196.0907281865,588716.1646493839,-5602.643939518796,15088.437882314809,-31656.45820138228,-72581.08340246478
2021-12-23,14430.649581214615,5408.152173913047,170396.26976749272,219.49936891650694,92,453,0.2822826086956522,0.16355598463910767,0.0,-574219.76526288,582445.6837934089,-3469.7193584412375,17900.36893965585,-28387.91722957507,-70986.98467144826
2021-12-27,16362.294149745867,16655.81395348837,214932.83611134425,249.82375841267472,86,423,0.2876389534883721,0.19945383772560515,2.5579538487363607e-13,-456308.8585828786,597664.4533695119,5247.56025214008,11114.733897605787,-37620.73863650287,-91353.94766433894
2021-12-28,11306.079789785796,9557.22222222222,196161.40609441628,246.13385429514008,90,445,0.2681469444444445,0.1728865546869312,-8.526512829121202e-14,-778943.7620325058,558747.3569821456,-2751.480922323489,14057.560712109283,-37980.40558811341,-87020.75711171748
2021-12-29,18545.17444581466,17728.888888888883,216591.95165256388,276.33699981731036,90,443,0.2757566666666667,0.19745446660010263,8.526512829121202e-14,-340894.06118486746,579124.2158878351,709.133461736968,17836.040984077692,-35879.15046714362,-90027.1383802846
2021-12-30,9507.740150602123,7634.444444444437,232676.8690469399,251.7692253454218,90,441,0.26395111111111114,0.18795822769661297,0.0,-405781.2850641427,546348.9388421996,-2880.8560376911532,12388.596188293275,-48913.24633647827,-107082.46359821323
2021-12-31,22413.239002089584,10762.500000000011,204498.0363538048,245.80952632420266,80,400,0.273198125,0.20373735922195113,1.7053025658242404e-13,-427887.84394229064,563137.1556131897,18812.35311524561,3600.885886843975,-28957.079612685822,-80081.58870113702
2022-01-03,16634.03286343304,3036.956521739132,192412.069591305,86.02167653815529,46,225,0.3087782608695652,0.14350178056606347,-5.684341886080802e-14,2338.8281777864026,619991.3988055303,22056.417591559086,-5422.384728126045,-31555.006210931362,-79658.0236087576
2022-01-04,17460.287376144035,22506.521739130436,221229.93965623263,113.26544705245207,92,460,0.3067391304347826,0.1598473320963738,-1.7053025658242404e-13,-134583.37071961048,619509.2919159844,29545.311284750722,-12085.023908606687,-37960.46298496657,-93267.94789902473
2022-01-05,17602.75701193477,14915.555555555553,201293.25967716123,129.44729722161108,90,447,0.31880555555555556,0.1618447764414882,2.842170943040401e-14,-124584.47663101174,645517.8194959566,9575.301595663117,8027.455416271653,-32850.00520457715,-83173.32012386747
2022-01-06,15095.376716617708,13270.8695652174,211086.74898674845,126.61441305677774,92,459,0.3265864130434783,0.1676269160176635,-1.4210854715202004e-13,43099.9561194698,661697.4062257517,5210.9745925710695,9884.402124046637,-37802.924943126185,-90574.6121898133
2022-01-07,7997.663697351754,6639.0217391304395,195338.2808585419,143.01875774319552,92,459,0.32825114130434785,0.14092274159746654,2.842170943040401e-14,29557.551427992927,666367.1594088126,5916.116876111737,2081.5468212400174,-40979.925275026915,-89814.49548966238
2022-01-10,12575.78252394008,12213.723404255325,242329.98882993372,136.12328498103454,94,462,0.3392898404255319,0.1799759571062526,-1.4210854715202004e-13,-137703.38787516786,687784.6635182089,-3009.6711844613883,15585.45370840147,-48142.837968524385,-108725.33517600781
2022-01-11,4291.249806614202,3762.7659574468003,234363.96927319752,144.57682739285534,94,470,0.32717446808510636,0.16835032715552362,0.0,-53205.93790527395,664858.8407320761,-1105.5574222526789,5396.807228866881,-54444.319339078036,-113035.31165737742
2022-01-12,9113.47248908604,11115.957446808505,211850.9798731322,146.77377275148967,94,462,0.32568723404255323,0.16032133071380253,-5.684341886080802e-14,-112476.04241149256,660377.2510108863,13017.274479138403,-3903.8019900523623,-43996.0462519485,-96958.79122023155
2022-01-13,20779.650124033258,18048.93617021276,228950.37143557382,162.47160932957698,94,465,0.3400553191489362,0.17812475197634972,-8.526512829121202e-14,89564.50077299449,692607.3738354546,5929.520525268066,14850.12959876519,-36620.414344189776,-93858.00720308322
2022-01-14,-1548.561335739907,2399.4565217391346,221067.18270989228,157.83258949113602,92,458,0.3409407608695652,0.15777513739344592,-1.4210854715202004e-13,-137443.16056835614,693736.1109103783,16302.258764347123,-17850.820100087032,-56973.189602704115,-112239.98528017719
2022-01-18,16226.344153741387,13434.361702127662,197050.4083876578,182.24876588781962,94,463,0.3599123936170213,0.134849209279925,-8.526512829121202e-14,-150606.67419533373,734659.7348721287,-3742.1577188203637,19968.501872561752,-33218.50670906088,-82481.10880597534
2022-01-19,12652.466538137507,12182.97872340425,196794.60074491275,190.61758710727648,94,463,0.3429425531914894,0.13720275050956668,2.2737367544323206e-13,-297047.29367410415,701114.8317880568,6656.406322372568,5996.060215764938,-36736.801235197956,-85935.45142142614
2022-01-20,2679.2658840722706,4774.468085106385,233917.7593914166,207.5192412225238,94,462,0.3623840425531915,0.13940350768574458,-1.7053025658242404e-13,-419075.5009825457,743726.9444259669,28874.661380262347,-26195.395496190074,-56007.6932050044,-114487.13305285855
2022-01-21,30200.667320941684,25059.78260869565,301173.0563998864,210.8276820240204,92,457,0.37191630434782613,0.1840112255872208,-1.7053025658242404e-13,-333940.596084731,762768.5936637177,28433.978639471363,1766.6886814703214,-45303.42446105393,-120596.68856102551
2022-01-24,17942.96565236573,17769.76744186048,322251.5416409026,176.8579160073645,86,430,0.3918209302325582,0.2208580002494686,1.1368683772161603e-13,37242.9384333577,797155.1528102523,8796.531755081558,9146.43389728417,-62796.77767386728,-143359.66308409293
2022-01-25,18806.490056964827,15486.33333333334,320978.83083063684,172.98635224812264,90,445,0.40623777777777775,0.17760150798280405,1.1368683772161603e-13,-144073.63481927023,824417.0957814121,-4747.433554990585,23553.92361195541,-61611.204002942504,-141855.9117106017
2022-01-26,11316.779801164932,10426.74418604652,324086.38458797237,164.04337788460242,86,422,0.3984310465116279,0.22861359012448348,1.1368683772161603e-13,-300094.20147699636,810080.2516627137,1690.3516857287061,9626.428115436227,-69868.85972371277,-150890.45587070586
2022-01-27,15091.740340701657,18016.666666666682,329028.20516646875,203.57804373132686,90,448,0.3911955555555556,0.20588794438425803,-1.4210854715202004e-13,-307480.2431195228,798434.3155296625,-11805.85842346166,26897.598764163315,-67368.88899464686,-149625.94028626406
2022-01-28,16671.94046717351,17618.06818181818,275106.9469577165,221.85008049888705,88,439,0.36909147727272723,0.18440548595429593,1.1368683772161603e-13,-159707.45261408942,756069.1213059195,-13964.46348424153,30636.40395141504,-52326.6463527545,-121103.38309218362
2022-01-31,3689.109449760544,10833.91304347824,232830.9767740424,112.07639868164475,46,223,0.4024293478260869,0.15946153144896247,-1.1368683772161603e-13,-163905.39821658222,810316.8690995731,-5866.732617816788,9555.842067577332,-54630.711142431705,-112838.45533594232
2022-02-01,6949.557206898965,8971.222222222223,221252.25228627358,138.55474745329423,90,446,0.3559831666666667,0.16277695654250246,2.8421709430404007e-13,-201192.9606953075,721458.5380856566,-1972.2145959150744,8921.77180281404,-48502.060612122725,-103815.12368369111
2022-02-02,2610.5735595112783,7860.978260869566,228215.19397029746,129.12578112488077,92,454,0.36143478260869566,0.14926598597767302,5.684341886080802e-14,-62541.83574082897,731903.5860955004,22672.70852279404,-20062.134963282762,-54572.35071418797,-111626.14920676233
2022-02-03,9765.344037585144,16272.934782608696,249027.52341879165,147.24063837109193,92,451,0.38077168478260875,0.16569066770284924,-2.842170943040401e-14,-192493.20104761343,772043.4107496854,-10667.445458555365,20432.78949614051,-52638.77745548386,-114895.65831018177
2022-02-04,2711.4874231392473,-6506.521739130423,235675.87493685848,125.52314604659189,92,452,0.35539891304347826,0.16268973883360635,-1.9895196601282805e-13,-223578.64923968315,717881.6306365863,-5577.339814056441,8288.82723719569,-56333.00445712197,-115251.97319133658
2022-02-07,26869.411209019618,23656.931818181827,223016.72015407507,132.76815612486683,88,439,0.36294204545454545,0.17968344258150581,-5.684341886080802e-14,-77043.2263876802,733700.5352594438,-772.3064688692192,27641.71767788884,-29017.536985624018,-84771.71702414278
2022-02-08,-2112.553893167925,5083.043478260852,223610.19587037657,135.68085656519384,92,455,0.3522135869565217,0.14509914309890942,2.842170943040401e-14,-149048.28939503428,713558.8199841491,-7782.52777995145,5669.973886783525,-58150.783717327264,-114053.33268492139
2022-02-09,29527.915449845546,32930.56818181819,236412.7870917759,140.44121003146122,88,434,0.34833295454545454,0.16828081123106778,-2.2737367544323206e-13,-59889.570403828446,705343.4969617914,19037.475142775493,10490.440307070054,-29715.722533129894,-88818.91930607388
2022-02-10,18526.4388607348,24508.000000000007,283599.29474167706,132.1488544655735,90,450,0.35277061111111113,0.18300318360806228,-1.1368683772161603e-13,-146544.57498317896,716706.1041008901,31771.003576021816,-13244.564715287013,-52505.53367915004,-123405.3573645693
2022-02-11,7817.263196174151,5256.477272727261,243632.08510252647,147.34981040981847,88,437,0.34627460227272727,0.1862708757615752,-2.842170943040401e-14,-133196.50529237068,703081.4707256805,-128.4239998764915,7945.687196050642,-53238.107889867286,-114146.1291654989
2022-02-14,16380.201604427202,10567.391304347826,186884.55156262443,181.66334483931237,92,452,0.3758907608695652,0.1413449632625521,2.842170943040401e-14,-109652.51541800704,767691.6955428099,-9782.993809236023,26163.195413663227,-30522.599631068217,-77243.73752172432
2022-02-15,8454.909535879005,13851.956521739132,178040.12935173616,199.35728571798862,92,460,0.33409445652173914,0.14152917670545004,-2.842170943040401e-14,32594.170443434923,684541.6831744133,-3014.716013182825,11469.62554906183,-36254.48008777302,-80764.51242570706
2022-02-16,8417.979555881742,10542.826086956527,161645.39326765345,182.04219935922472,92,458,0.343319347826087,0.11865838391259746,2.8421709430404007e-13,-109089.10915991208,700809.518220742,24096.6835574729,-15678.704001591157,-32175.410960390844,-72586.75927730421
2022-02-17,3855.183250946063,3846.7391304347652,164776.4847230533,208.7058908460994,92,457,0.37570217391304345,0.11293379418758363,-2.842170943040401e-14,-375507.353907725,769594.3997863802,-636.6979657177976,4491.881216663861,-37547.643820663354,-78741.76500142668
2022-02-18,-406.35420454389714,-3583.9130434782523,179973.70778017284,221.40839720090727,92,451,0.37716304347826085,0.11930482676865792,2.842170943040401e-14,-319950.5031326819,773024.6974980419,-1420.032141870236,1013.6779373263395,-45621.18954678802,-90614.61649183123
2022-02-22,11742.691384347696,12239.222222222223,291109.8930745265,181.13316449947635,90,442,0.3892195,0.19581870374704363,2.842170943040401e-14,-182668.07912935864,792160.9146488837,9446.337591366311,2296.353792981385,-61215.91504878341,-133993.38831741503
2022-02-23,28442.615184496444,33609.09090909091,338419.55814207834,172.21538209523365,88,433,0.4009034090909091,0.17781296742927666,2.842170943040401e-14,-166197.33322847178,815439.5035838339,30990.109606579434,-2547.4944220829916,-56334.489733118375,-140939.37926863795
2022-02-24,13811.78593231638,14921.744186046513,288822.1317305805,152.79021789578468,86,428,0.39449703488372095,0.19365823148522104,2.842170943040401e-14,-271419.42537628906,802547.2332285263,4137.759003266821,9674.026929049558,-58546.537218224534,-130752.07015086967
2022-02-25,-8932.312972939451,-8253.181818181827,292900.78609953256,164.22103542931913,88,439,0.35770852272727277,0.19737706582947878,1.9895196601282805e-13,-294783.6096712442,727813.478368031,10662.500680108653,-19594.813653048106,-82321.73053325192,-155546.92705813504
2022-02-28,-873.911561929042,6879.090909090915,292721.0396056944,100.84892682086874,88,437,0.36855505681818185,0.17705124521482463,2.5579538487363607e-13,-124242.56867182077,742336.023255999,36928.705785451486,-37802.61734738053,-74155.02039017351,-147335.28029159713
2022-03-01,13611.832883051648,19315.454545454548,280065.2672931731,115.68842865354353,88,435,0.40862414772727274,0.18229035626964601,1.1368683772161603e-13,-91168.38041141875,824165.1590627922,-6494.080382847711,20105.91326589936,-56520.172368895175,-126536.48919218846
2022-03-02,1985.5569180962934,5845.454545454549,245228.09853541414,128.89198513903037,88,440,0.38105113636363636,0.15505930379200925,8.526512829121202e-14,-196766.79292797807,772627.2396805122,7195.063199184925,-5209.506281088632,-59450.359700896275,-120757.3843347498
2022-03-03,-9526.195876297279,-2295.555555555557,297053.2780745289,126.46789654628942,90,441,0.38291277777777777,0.16946314585014363,5.684341886080802e-14,-154175.2766721357,775494.772654756,28899.523204469726,-38425.719080767005,-83915.9832914758,-158179.30281010803
2022-03-04,-37137.82462720676,-10695.348837209303,296257.685200087,119.43836179140413,86,425,0.4331755813953489,0.17623636150835262,5.684341886080802e-14,-19295.910846893712,873780.2520808318,26954.665542189792,-64092.49016939656,-111321.68428901992,-185386.1055890417
2022-03-07,12217.809395332133,8461.363636363643,307555.50475803565,128.37043967442443,88,436,0.4870875,0.1776504175026491,-8.526512829121202e-14,-137271.49102681215,982456.1551789469,4048.094121693431,8169.715273638702,-64799.4372338512,-141688.31342336012
2022-03-08,6162.877529678721,15230.11363636364,294858.2626587464,124.75142923181154,88,436,0.4730110795454545,0.1665491307670398,0.0,-59718.899237368525,954046.0723270326,-7956.1713418801055,14119.048871558825,-67676.43956423968,-141391.00522892628
2022-03-09,11418.364995556743,12922.777777777794,259690.09992759905,119.888568700588,90,443,0.43284500000000004,0.1678581453403299,1.1368683772161603e-13,-97088.00766447488,873072.7983951325,-565.7154718316112,11984.080467388356,-53624.048555043606,-118546.57353694337
2022-03-10,6570.215678732389,1847.222222222219,239302.2755280857,129.27439383857876,90,442,0.4284758333333334,0.14795398638784094,5.684341886080802e-14,-96380.54265582081,863325.6632747125,3752.063111691913,2818.1525670404753,-53384.62759712761,-113210.19647914905
2022-03-11,17042.159739498038,15604.54545454545,283421.5673260361,111.80594259827797,88,440,0.4178482954545455,0.17748386479192246,1.1368683772161603e-13,-242301.13402914666,842820.8529460862,11832.783983340552,5209.375756157486,-53925.03803460927,-124780.4298661183
2022-03-14,10269.720606549636,13222.22222222222,188612.14765957417,140.73994727403868,90,448,0.4110005555555556,0.12250736396451493,8.526512829121202e-14,-362479.1199011957,835140.8998792265,1916.3191015009493,8353.401505048685,-37024.05625561794,-84177.09317051148
2022-03-15,1307.2727983489335,12531.000000000002,190600.39230450388,152.60054725793768,90,448,0.4157317222222222,0.12065688266855858,-1.7053025658242404e-13,-183365.82430215154,842209.9663513154,-14718.25190665117,16025.524705000103,-46495.425825034974,-94145.52390116095
2022-03-16,19501.52351895036,15567.44444444444,201714.9703986477,195.5159480106459,90,445,0.38615705555555563,0.14364980390996634,-5.684341886080802e-14,-391150.8849337295,791055.0326824214,-3788.737218404077,23290.260737354434,-31122.735028722214,-81551.47762838415
2022-03-17,22225.70385075064,20432.222222222223,221374.92089048648,203.08751713651347,90,444,0.36384222222222223,0.14287851858238476,2.842170943040401e-14,-393858.30996578926,745319.2401457337,-8459.38451557912,30685.08836632976,-33321.11388900749,-88664.84411162912
2022-03-18,-1065.8488711961309,4862.790697674409,211012.18119207857,165.31596453778278,86,423,0.3521122093023256,0.1679332962986584,-5.684341886080802e-14,-288870.12865249184,719379.3114405439,-7967.603027835696,6901.754156639565,-53984.21013375356,-106737.2554317732
2022-03-21,24483.632547791178,22301.19047619046,257050.50743206206,176.2849844068969,84,419,0.3444553571428572,0.2048469513512798,1.1368683772161603e-13,-420398.6323805795,701746.286342885,-1711.3399412505278,26194.972489041706,-39955.27929463124,-104217.90615264676
2022-03-22,8197.484670336957,9338.372093023265,240540.47011631256,195.95247780255585,86,429,0.3325331395348837,0.1726865402103698,1.4210854715202004e-13,-368110.5045039175,679356.8934001804,14101.190950376724,-5903.706280039765,-52133.58533654374,-112268.70286562188
2022-03-23,21872.744225500013,15580.232558139533,232558.81257348627,169.3787558864503,86,426,0.35086453488372094,0.18773775537333573,8.526512829121202e-14,-302091.9573209754,713330.1597570262,7058.06567537231,14814.678550127705,-36436.337673758004,-94576.04081712957
2022-03-24,5582.1015830789465,3799.999999999995,237309.57724187593,214.09288082704413,90,446,0.33091444444444446,0.16409192224375355,2.5579538487363607e-13,-516151.5328033464,678927.9821340322,1619.1545439519023,3962.9470391270447,-53959.38560821708,-113286.77991868606
2022-03-25,4344.703404203976,2331.818181818192,237769.6388498406,107.407753348671,44,215,0.3269590909090909,0.18254956426165106,-1.1368683772161603e-13,-52729.47841413271,659568.0437437377,-10544.291959356682,14888.995363560658,-55205.11406160484,-114647.52377406499
2022-03-28,7418.961595147961,7432.499999999998,232289.92141244648,95.83331384317084,40,199,0.35514500000000004,0.17439107071679888,5.684341886080802e-14,-85494.75279517964,714524.7330251263,1962.3832039375645,5456.578391210397,-50749.352071806825,-108821.83242491845
2022-03-29,3664.347376865945,2247.6190476190495,286637.0191260762,121.91984890421669,42,210,0.31969761904761906,0.19145831749720807,5.684341886080802e-14,-205012.8767644889,645269.0598880999,1441.1274646273355,2223.2199122386087,-68116.82725355732,-139776.08203507637
2022-03-30,-1134.3298671778284,647.7272727272726,274148.7968320692,97.68051700348009,44,212,0.3328352272727273,0.19995265729325593,-1.1368683772161603e-13,-61960.60377578103,669552.7231478294,3310.172340628265,-4444.502207806094,-69769.2095921986,-138306.4088002159
2022-03-31,8424.301502308923,8668.181818181818,242907.0576578233,94.34326341061924,44,211,0.35710681818181816,0.1971667082831292,0.0,-113812.78608048007,718757.4580315648,2840.5340600102877,5583.767442298636,-52396.80617555752,-113123.57059001333
2022-04-01,-20141.517119035354,-4814.772727272725,246887.1258037695,120.23364385171296,44,216,0.3513125,0.1719247207048663,-2.2737367544323206e-13,-121114.73024587228,707793.6035898823,-5248.032834667296,-14893.48428436806,-81983.53221382944,-143705.31366477182
2022-04-04,18518.874146670205,9240.652173913046,205116.8443036237,84.41092693591962,46,221,0.3542071739130435,0.15404914661957023,-1.7053025658242404e-13,-182951.05372475117,711188.6559015086,22433.808248586927,-3914.9341019167236,-32844.747856171634,-84123.95893207756
2022-04-05,4576.004768786147,1150.3333333333223,204041.52157276237,124.20916210358938,90,444,0.3479137222222222,0.14143200804489126,-5.684341886080802e-14,-194911.1038166304,704937.6604594499,15263.156393142177,-10687.15162435603,-46558.584786508036,-97568.96517969863
2022-04-06,8611.644072336225,6067.777777777777,221229.0327098947,113.74412569031252,90,448,0.34225833333333333,0.16261224830427745,5.684341886080802e-14,-203362.89424445614,691265.2289469943,11346.374866236718,-2734.7307939004927,-46809.35823082776,-102116.61640830143
2022-04-07,19448.43712619806,15541.111111111117,243298.62556059533,109.76422285785347,90,445,0.36697222222222226,0.1848070126448667,5.684341886080802e-14,-61139.51403581213,741332.7187730194,4843.5415317427105,14604.89559445535,-41485.983486808625,-102310.63987695746
2022-04-08,11115.583896369113,-370.1111111111186,232176.67034316712,118.19136583157157,90,445,0.3653961111111111,0.16074824814681146,1.7053025658242404e-13,-148979.8382479404,737036.1504264456,9743.930338025368,1371.653558343747,-47046.775055254235,-105090.94264104603
2022-04-11,14374.294158586137,12482.954545454544,216646.45816472248,115.82832485318228,88,436,0.3619875,0.16954105529895175,-5.684341886080802e-14,-137932.53568211166,730638.2410160858,-2078.8079312918776,16453.102089878015,-39903.14870744766,-94064.76324862828
2022-04-12,12125.341224264537,10835.869565217376,194253.60297692814,134.60078925809725,92,453,0.36725163043478265,0.13778709338997158,5.684341886080802e-14,-148624.02537992367,743115.0921500064,-4189.13190563409,16314.473129898626,-36572.6603092256,-85136.06105345763
2022-04-13,6338.805174472619,4975.555555555544,221341.80381672524,112.26500171209828,90,450,0.3487177777777778,0.15974847397778474,-5.684341886080802e-14,-280503.30113459553,704014.4055934502,406.0556134555641,5932.749561017055,-49108.91078142079,-104444.3617356021
2022-04-14,5201.177472485055,-5294.444444444435,218432.3097134879,142.54668057545177,90,450,0.3526027777777778,0.1668641314595665,8.526512829121202e-14,-198119.23544566167,713594.8250671723,-2795.956558214406,7997.134030699461,-49549.44663646237,-104157.52406483435
2022-04-18,14022.037135544815,16261.95652173912,184503.99962292027,129.29827373323832,92,453,0.36597228260869563,0.1372653291177961,0.0,-135999.50988133292,740414.3299415623,5779.581123745182,8242.456011799633,-32233.26104391849,-78359.26094964855
2022-04-19,1557.6318145972962,4337.777777777772,183552.71191071146,137.83754532028323,90,448,0.34572388888888894,0.1254711428389139,-5.684341886080802e-14,-149888.29233618043,699468.0126083461,11818.821998808611,-10261.190184211317,-44468.38370840085,-90356.56168607873
2022-04-20,344.962197844142,5822.2222222222135,190989.3421917299,139.99804330011835,90,443,0.3502416666666667,0.13883539040462473,-5.684341886080802e-14,-406145.76157456357,709289.445501474,19513.13026485935,-19168.168067015205,-47542.37139338845,-95289.70694132092
2022-04-21,-17784.602455244414,-1844.3181818181743,187476.43541457414,126.69704418843962,88,436,0.3777153409090909,0.13108900194367917,-2.842170943040401e-14,-294212.1304403946,762378.5113507678,26949.025227872044,-44733.62768311646,-64780.40835307639,-111649.51720671992
2022-04-22,4057.892960966761,-4236.666666666668,206511.07925783042,168.38987335435266,90,447,0.39624,0.13238403464437176,2.842170943040401e-14,-93134.23590639317,806097.0768057236,1639.0569538861423,2418.8360070806184,-47738.2667268452,-99366.0365413028
2022-04-25,4710.2003072219895,9646.590909090903,301936.29770069075,195.507358391346,88,433,0.38519943181818184,0.1756176160303115,-8.526512829121202e-14,-243204.95093722784,786743.8525808451,22492.476824897127,-17782.276517675138,-70969.38147634204,-146453.4559015147
2022-04-26,24996.04709303614,32284.883720930244,322286.39478241745,179.51241014976753,86,426,0.43274418604651166,0.20610451584808212,-1.1368683772161603e-13,-123883.97141783942,877599.8506134266,1773.7341680840525,23222.31292495209,-55755.06401271799,-136326.66270832234
2022-04-27,-373.88370324640516,16885.22727272728,304657.576845537,197.64172335690014,88,437,0.4203113636363636,0.1981304446927176,1.1368683772161603e-13,-284400.59441474284,857326.0324401926,-2929.9020441863668,2556.0183409399606,-76735.91963798755,-152900.3138493718
2022-04-28,25742.909647801825,24379.54545454547,342770.9669286939,167.3426510903485,88,439,0.40645340909090916,0.19757969358512792,1.7053025658242404e-13,-456635.9878938578,825125.5691671646,42613.41296776783,-16870.503319966,-60117.174735461995,-145809.91646763546
2022-04-29,1505.672179364185,12826.744186046528,288593.22444917244,194.7540348405608,86,430,0.4137761627906977,0.1916140250392561,5.684341886080802e-14,-399508.59037589544,843003.6802009539,-9564.629233166059,11070.301412530243,-70837.38796776948,-142985.6940800626
2022-05-02,15555.550078260887,20878.86363636364,241683.08874847853,101.83307072720127,44,218,0.4283117045454546,0.13565360321669942,-1.1368683772161603e-13,-97761.9640333896,860516.2753068723,-2715.9548931171084,18271.504971377995,-44967.05517958595,-105387.82736670558
2022-05-03,23309.457518707113,22876.666666666675,266702.4990991816,116.0181866688935,90,447,0.3953494444444445,0.16123574569527635,-2.2737367544323206e-13,-197310.086320159,798923.8034903838,700.5342117903683,22608.923306916746,-43482.18544275718,-110157.81021755259
2022-05-04,11569.685843247418,29283.333333333336,274221.5006065213,115.10279506255463,90,441,0.38888944444444445,0.1672788072165631,2.842170943040401e-14,-255180.85718234052,785764.6632702398,47845.08231696943,-36275.396473722,-57100.79210344547,-125656.1672550758
2022-05-05,10371.822466367903,24248.863636363625,268838.0400949524,120.38235907591262,88,440,0.40461193181818184,0.19020530759907492,-8.526512829121202e-14,-235668.12104943005,816857.6323162338,9571.587993766021,800.2344726018821,-56958.06991644611,-124167.57994018421
2022-05-06,22356.526864706902,16043.478260869568,286255.94523553294,129.9861429945643,92,453,0.3870021739130435,0.1818273082243471,0.0,-281456.55477840087,783956.6745682772,47874.050070810226,-25517.523206103328,-49337.4455871709,-120901.43189605413
2022-05-09,14142.521215287008,12797.222222222232,292417.2184586796,136.65719710560225,90,444,0.42232888888888886,0.1878566179455331,-2.842170943040401e-14,-222335.74154811687,854822.1428072978,2254.3752057179827,11888.146009569025,-59098.4405964885,-132202.7452111584
2022-05-10,8327.551205784874,12007.333333333323,289216.35443969135,132.98961738578703,90,445,0.4077562222222223,0.171841269368714,8.526512829121202e-14,-183148.98739340698,825058.3851118166,13431.267149984827,-5103.715944199953,-64109.52702152375,-136413.6156314466
2022-05-11,15097.382856653747,14923.333333333345,318092.8526568607,147.0838919674658,90,447,0.43319111111111114,0.1773905300991316,2.842170943040401e-14,-281734.8032025988,876465.0252733435,10446.494317997302,4650.8885386564425,-64572.914199528896,-144096.12736374408
2022-05-12,11706.626140912073,15642.045454545467,315490.05264440505,146.83421674387984,88,440,0.43477386363636367,0.18922084415082674,5.684341886080802e-14,-292774.92193371145,879351.5116289544,-7171.877874061208,18878.50401497328,-67312.72123693307,-146185.23439803434
2022-05-13,11517.035930660997,8172.555555555556,250983.91881451244,139.49574049122666,90,444,0.39917444444444444,0.17206628784193573,0.0,-257677.26656280737,808629.1299906449,-15977.834980560476,27494.87091122147,-51368.43951345834,-114114.41921708646
2022-05-16,20580.13749629938,27156.195652173912,221571.85178084942,141.80158628759534,92,453,0.3952507065217391,0.14778065138664628,-5.684341886080802e-14,-281848.91848127847,802422.2807329363,-3574.611549495038,24154.74904579442,-34954.627035200574,-90347.58998041291
2022-05-17,-10116.555816267328,-4205.5555555555575,212976.98354633318,151.3060053279518,90,445,0.3780988888888889,0.13728285124764777,3.126388037344441e-13,-255169.5625438754,770301.3045863789,63254.668552956995,-73371.22436922432,-63512.10770817858,-116756.35359476187
2022-05-18,21374.447427997624,28594.888888888883,233975.9271306474,182.4444214617471,90,447,0.4152483333333334,0.16636435302010663,0.0,-205301.749697008,848237.5495001352,3548.5821966227127,17825.86523137491,-37301.97877612597,-95795.96055878783
2022-05-19,-4168.995983542285,6920.000000000002,208262.62911020828,174.55293802881386,90,450,0.4120272222222222,0.12435840955146177,-5.684341886080802e-14,-141363.62701924643,839807.2434889718,-710.3309333319087,-3458.6650502103766,-56409.20619912317,-108474.86347667524
2022-05-20,-2380.800750481671,-7243.333333333329,199462.7210387462,167.02118774480692,90,445,0.42016388888888895,0.12392541341606757,-5.684341886080802e-14,-406971.5387668571,855483.2020075454,-13131.276097231586,10750.475346749916,-52413.50219791303,-102279.18245759959
2022-05-23,24721.867584738393,28738.636363636375,264338.7647885699,133.60828318548943,88,439,0.40857215909090916,0.16723210033610536,-1.1368683772161603e-13,-105826.2075223821,825050.343706548,15286.749308527435,9435.118276210958,-41496.431895589565,-107581.12309273204
2022-05-24,4291.327843190066,10194.444444444447,259624.39874646996,159.6078623197933,90,448,0.4316022222222222,0.16516793507944144,-2.842170943040401e-14,-208022.60687521897,874852.1542019537,-2778.2311571764776,7069.559000366544,-60774.37970574721,-125680.47939236471
2022-05-25,-10531.470393382268,18060.8695652174,289458.2382329304,156.65343869958616,92,453,0.41086032608695655,0.1610823247847221,2.842170943040401e-14,-330276.99979178415,834236.5415555154,-3199.4840768983863,-7331.986316483883,-83052.68339031447,-155417.24294854706
2022-05-26,236.09511400934576,11629.999999999996,261337.59563476982,192.57131065941024,90,446,0.3846333333333334,0.16777116699431532,8.526512829121202e-14,-444288.3380437255,784224.8807531056,-8122.00455216526,8358.099666174607,-65290.87510534252,-130625.27401403496
2022-05-27,14018.846544581189,2495.930232558138,276446.74113908946,202.65759947870436,86,428,0.3608786046511628,0.19267549896911815,8.526512829121202e-14,-374507.4333450539,738493.4542817081,6121.599152212886,7897.247392368304,-55295.49633966988,-124407.18162444224
2022-05-31,6168.819861788407,6433.666666666668,211933.55307142876,115.58516571840289,90,449,0.35099444444444444,0.16635523297881016,5.684341886080802e-14,-252408.66681980292,710163.2815107112,1506.8858397527713,4661.934022035636,-46930.15357178719,-99913.54183964437
2022-06-01,5466.159799841439,8074.99999999999,236129.01022820838,110.0030963093897,94,461,0.34859335106382977,0.16881382662121316,1.1368683772161603e-13,-164492.03585029507,703707.0089094382,-3846.40504400157,9312.564843843009,-53676.09585352005,-112708.34841057214
2022-06-02,17479.52193031774,15952.444444444454,241034.5301311554,141.4416539603414,90,443,0.33472944444444447,0.19217409464157903,2.2737367544323206e-13,-176939.02173263291,678680.5889875116,12781.077564677484,4698.444365640256,-42920.552256431445,-103179.1847892203
2022-06-03,9296.293552681649,3022.2222222222167,204311.55881398285,117.56398157787326,90,448,0.34626666666666667,0.14904995892542108,0.0,-278504.2053670265,701330.7346723416,-10559.859238222838,19856.152790904485,-41899.16013239193,-92977.04983588765
2022-06-06,14166.299704577748,12726.956521739121,203589.36295473756,127.43668491944821,92,453,0.3347754347826087,0.17681146247373986,8.526512829121202e-14,-265553.5255949626,677634.2329726691,3305.194478792978,10861.10522578477,-36858.477719026094,-87755.81845771048
2022-06-07,3695.204898240355,2021.1111111111136,177325.9121162548,129.01513550054702,90,441,0.33524833333333337,0.14677512050274646,-5.684341886080802e-14,-190105.78322976356,678878.5413818255,5002.793275250119,-1307.5883770097641,-40765.288266323885,-85096.7662953876
2022-06-08,7532.428147335038,6517.391304347832,204856.10569949268,123.34179877695811,92,452,0.35161847826086956,0.14527285000446352,-2.842170943040401e-14,-192171.83181932624,712449.9311666999,18936.676637333338,-11404.2484899983,-43804.940076315084,-95018.96650118826
2022-06-09,13974.986316050756,12345.888888888896,223233.6524694025,139.82589288675723,90,448,0.36688888888888893,0.1448046582613472,5.684341886080802e-14,-447115.30417845445,747034.0469676353,30418.419728267112,-16443.433412216356,-41973.25269418662,-97781.66581153726
2022-06-10,-9232.864561812305,-1597.7777777777876,251886.3443262624,159.24482517638614,90,445,0.4108814444444445,0.15028210712528228,1.1368683772161603e-13,-421630.752712022,835658.2356525288,53745.004019789514,-62977.86858160182,-72363.69546855429,-135335.2815501199
2022-06-13,13553.01157904322,13814.999999999993,174042.56363386867,158.69092245280828,90,445,0.45433883333333336,0.11442666348384696,-2.842170943040401e-14,-263697.8506562337,922827.8115299,-10874.49825745524,24427.50983649846,-30116.32025187676,-73626.96116034393
2022-06-14,14192.926953198155,13645.760869565218,197375.1592196389,172.94744835706385,92,451,0.4222173913043478,0.12520860148553184,-1.1368683772161603e-13,-338394.43278121576,859754.4265740582,-13532.607173898974,27725.53412709713,-35323.81030006864,-84667.60010497837
2022-06-15,19651.585032840754,8022.444444444439,238466.39226190042,163.83232390119932,90,446,0.3989182222222222,0.14783198840260667,2.842170943040401e-14,-206455.60430541934,812804.3544949823,49485.468128636996,-29833.883095796245,-40128.84535653555,-99745.44342201065
2022-06-16,16638.5827781555,19595.697674418592,229856.75153525732,197.3048255260479,86,427,0.4368041279069768,0.1542945906424262,-8.526512829121202e-14,-333120.5206104822,891945.224491235,-10348.98947560798,26987.57225376348,-41022.909931184884,-98487.09781499922
2022-06-17,749.3118757181958,8718.181818181814,177847.19306904796,179.63044399965077,88,440,0.4285921590909091,0.12429043134162966,2.842170943040401e-14,-512571.1380982533,872401.079779736,-21008.06560454642,21757.377480264615,-43892.11683554345,-88353.91510280543
2022-06-21,318.45594364584355,3999.204545454542,230394.34041036927,184.78381474729838,88,431,0.4061603977272727,0.15402918573808722,5.684341886080802e-14,-407622.581608313,827824.4137956602,1774.8938197873663,-1456.4378761415226,-57464.912973693776,-115063.4980762861
2022-06-22,7733.3562756449055,6937.738095238092,226314.83861840767,154.83400807191427,84,420,0.4394869047619047,0.1455910960302158,1.1368683772161603e-13,-218970.01130601263,892411.0057842141,12116.43945811498,-4383.083182470076,-49000.18738702893,-105578.89704163084
2022-06-23,19399.772347945072,24287.558139534878,243551.53998046633,169.34578810030393,86,426,0.4375147093023256,0.1432810553381925,-8.526512829121202e-14,-395389.1141298327,887895.7874165028,17013.441514686285,2386.3308332587876,-41657.458435271816,-102545.3434303884
2022-06-24,7203.676748312807,6932.142857142852,187234.57147618398,106.40765922474588,42,207,0.4265630952380952,0.12268102478654244,-3.410605131648481e-13,-98630.53839747036,856843.1282693765,-4236.262073227411,11439.938821540218,-39711.37377995793,-86520.01664900393
2022-06-27,14036.387713819473,13311.590909090904,192849.73799341652,92.04030508494135,44,213,0.43931011363636363,0.12781079783504035,2.2737367544323206e-13,-126258.43953945496,882684.8183536236,9451.087076297792,4585.30063752168,-34268.0870896196,-82480.52158797374
2022-06-28,3500.8315667859847,7311.904761904744,187677.5845845753,123.23954743667966,42,208,0.40128214285714287,0.13093383322464391,1.7053025658242404e-13,-90058.23910158454,808185.7787325539,-245.5615050119648,3746.3930717979492,-43541.804126794515,-90461.20027293834
2022-06-29,-2257.868801823289,-2731.8181818181665,202341.2171780472,100.54118169688638,44,214,0.4254329545454546,0.09951931881029848,0.0,2390.585368120739,855547.7818063011,-105.934457329747,-2151.934344493542,-52943.71427803197,-103529.01857254378
2022-06-30,11201.672091476164,5324.318181818198,224767.46683693596,104.58359122563633,44,211,0.4539895454545455,0.14007423455207793,-1.7053025658242404e-13,-174569.4622777655,913540.4719223215,78.55179404740613,11123.120297428759,-45094.77820898346,-101286.64491821744
2022-07-01,-2197.735070907979,-11039.28571428569,185213.82033274724,112.08027441067927,42,208,0.4446666666666667,0.12710516768040261,-1.7053025658242404e-13,-142963.8030233593,894466.7899102786,-823.4924380571459,-1374.2426328508332,-48613.270428505464,-94916.72551169228
2022-07-05,5744.06753835987,6546.000000000013,204375.94159857175,127.44583782318433,90,449,0.4354474444444445,0.12549203300210363,2.842170943040401e-14,-137331.399500772,878687.9052633067,-3454.5723241208307,9198.6398624807,-45477.36369910625,-96571.34909874918
2022-07-06,2739.087325160941,8167.555555555536,205927.84542936852,132.93002792326988,90,446,0.46481788888888886,0.11749463202875696,-5.684341886080802e-14,-195385.07640703395,938846.4643751495,-5992.101989999047,8731.189315159987,-48875.80406010446,-100357.76541744659
2022-07-07,16893.150463885035,14877.49999999999,200500.58445099703,115.69625546274622,88,432,0.42157045454545455,0.1272809754450823,1.4210854715202004e-13,-115965.98921892072,848482.32146393,-6140.438573012306,23033.58903689734,-33347.691904326966,-83472.83801707624
2022-07-08,12524.05831382743,7164.204545454536,214629.4917138539,120.25383057365244,88,432,0.4065705681818182,0.15001495018897482,-2.842170943040401e-14,-207700.938689445,820206.8004109066,2434.4771395785424,10089.581174248888,-41253.5684452097,-94910.94137367317
2022-07-11,6419.879814904579,4659.0217391304395,209010.32920208262,131.76458505918743,92,455,0.4356215760869565,0.11533397697399941,-2.842170943040401e-14,-168417.81644143257,879130.9198040705,6894.289772523382,-474.40995761880384,-45964.467070675266,-98217.04937119593
2022-07-12,10872.659466339162,10030.681818181814,239847.25661530136,135.4225136742783,88,436,0.4087704545454546,0.1480681771254847,0.0,-152096.6671686419,823870.2997854522,-4171.832621515886,15044.492087855047,-49224.57720116046,-109186.3913549858
2022-07-13,12226.975731299595,10541.11111111111,209258.09942294497,140.5024731916832,90,444,0.4193072222222222,0.12612572708981612,-1.4210854715202004e-13,-99113.90972961157,844865.0585465308,707.7387699164676,11519.236961383127,-40228.051597628335,-92542.57645336457
2022-07-14,11238.17345561124,9555.555555555562,247505.71336145545,124.77631441049128,90,443,0.4251488888888889,0.1490752846941024,2.842170943040401e-14,-266716.7986448509,857452.4361250285,-6783.356323477965,18021.529779089204,-50763.03119916311,-112639.45953952699
2022-07-15,18867.908329464208,11579.090909090912,231048.65678800017,122.21001248553499,88,439,0.39588375,0.16743600343819567,5.684341886080802e-14,-233308.84750711735,799441.6041381442,2065.799636809497,16802.10869265471,-39016.465880021366,-96778.63007702141
2022-07-18,12521.20488261256,9193.333333333327,166141.94624046123,154.09618507068933,90,448,0.37678500000000004,0.10727081510177268,-1.1368683772161603e-13,-177139.49920644288,763469.4038786892,16924.036227318265,-4402.831344705707,-29168.377862573434,-70703.86442268876
2022-07-19,13897.064995842422,13026.66666666667,179686.87728575003,136.07613265597445,90,449,0.38269222222222227,0.11523340844190225,-2.842170943040401e-14,-221032.07004154703,774225.0019063111,1552.438944093282,12344.62605174914,-31160.73045825106,-76082.44977968857
2022-07-20,8449.77725876082,5996.511627906986,162036.03726750409,130.61017521004388,86,429,0.36358604651162796,0.1269402389804746,2.842170943040401e-14,-270.917124468142,735815.8342489622,2013.7387647621977,6436.0384939986225,-32189.842233325246,-72698.85155020126
2022-07-21,-1686.5169667600583,2503.488372093026,198113.83161662752,124.77150661255469,86,430,0.3590273255813954,0.12327478979007807,-5.684341886080802e-14,-144524.18928344743,725629.9637038384,-3190.534490835908,1504.0175240758504,-51339.74637752949,-100868.20428168637
2022-07-22,1372.607502259255,-3547.7272727272752,154120.2755976876,137.8778653730159,88,438,0.3693818181818182,0.114215780853585,-5.684341886080802e-14,-155068.06263375946,746771.5845444243,-132.12397522354343,1504.7314774827987,-37295.339262535665,-75825.40816195756
2022-07-25,11074.775961818732,2398.8636363636274,201929.80002800867,155.85054813664945,88,433,0.3775551136363637,0.1294428194291319,2.842170943040401e-14,-268347.0665836891,765588.0967370584,6349.064995154505,4725.710966664227,-39563.524593320086,-90045.97460032225
2022-07-26,-1513.3117653913753,17953.40909090909,225716.29021782667,169.19201546314196,88,436,0.3991704545454546,0.13668286580235686,-1.9895196601282805e-13,-400323.614805056,809379.2043484104,-2683.247938544638,1169.9361731532624,-58111.57633531118,-114540.64888976785
2022-07-27,24627.0211675367,25319.31818181818,256759.02566131848,197.6302238949079,88,438,0.36675681818181816,0.1762054863896835,5.684341886080802e-14,-456754.0993144128,747800.7169200075,16083.202952859796,8543.818214676903,-39760.36547168783,-103950.12188701745
2022-07-28,14124.885999857985,18472.09302325581,243115.9638121442,192.522797355693,86,426,0.36425930232558146,0.1861820269539963,0.0,-315497.2963574531,743353.2285016377,-1381.6360778090122,15506.522077666998,-46846.62775053376,-107625.61870356981
2022-07-29,9988.916685722408,3811.627906976765,245464.47637236127,192.9097366722,86,425,0.34510988372093027,0.17369253814286223,-5.684341886080802e-14,-216640.53755081905,705084.9119484148,6139.988570345911,3848.928115376496,-51570.112144040104,-112936.23123713043
2022-08-01,11712.226056925974,8326.363636363652,188579.74355825735,120.9870885482759,44,211,0.3583561363636364,0.12087208174147714,-1.7053025658242404e-13,-182676.20276055596,720960.2192155675,5387.644785111812,6324.581271814162,-35553.69692118664,-82698.63281075098
2022-08-02,-3482.387365111118,3561.136363636365,293291.24691594974,108.09619651686452,88,440,0.3692984090909091,0.17780601372536273,-8.526512829121202e-14,-67750.37720027973,745111.4090400721,3106.5208838865897,-6588.908248997709,-76913.29529061542,-150236.10701960284
2022-08-03,11524.528924479127,12681.818181818178,203706.56783124176,124.76748227184999,88,437,0.3621267045454546,0.15107987323553934,-1.9895196601282805e-13,-51446.64543002409,731876.8584473508,4575.984666894911,6948.544257584217,-39526.88051560316,-90453.52247341361
2022-08-04,4162.43074707851,15615.116279069762,222670.05995115818,129.65746214201974,86,426,0.3701354651162791,0.1571506594288408,-2.842170943040401e-14,-104235.08704627205,747454.422049009,-6762.887145740615,10925.317892819125,-51634.741702853054,-107302.2566906426
2022-08-05,3483.96671293116,-2919.047619047605,192730.12039694746,116.88226356960506,84,418,0.3567702380952381,0.15190452104126248,8.526512829121202e-14,-215943.0369286278,719280.9935870788,1075.5137356082287,2408.452977322931,-44815.445649875306,-92997.97574911217
2022-08-08,17015.925196012548,17496.59090909091,199650.48780413947,132.884334248333,88,440,0.3521244318181818,0.14073328659629902,0.0,-200100.82099078057,713072.859976069,13931.54048954195,3084.384706470598,-33029.58108927065,-82942.20304030551
2022-08-09,9877.596015082147,11410.465116279074,183719.11739773574,125.20474100528642,86,430,0.3537982558139535,0.1570798515692294,0.0,-181060.95272477623,715482.5315689397,1622.7632482977808,8254.832766784366,-36177.38807535707,-82107.16742479101
2022-08-10,3610.3809188056907,6583.333333333333,184894.37091079488,131.54811038189357,90,450,0.3279222222222222,0.13671083987846616,-5.684341886080802e-14,-161050.61450390817,663968.0872268594,3711.0209256433923,-100.64000683770118,-42744.759919274926,-88968.35264697364
2022-08-11,11272.857541395264,8742.22222222222,198051.80714158734,140.25711489768184,90,444,0.32516555555555554,0.14837848684769714,8.526512829121202e-14,-217262.67955421313,658387.4988081045,-1305.2025558749579,12578.060097270221,-38380.35135889925,-87893.3031442961
2022-08-12,3037.932820683876,-3779.069767441859,205299.59046562552,133.88684733341773,86,421,0.3158348837209302,0.17620550943548793,5.684341886080802e-14,-298683.89992739656,641981.4086865408,785.292976775417,2252.6398439084587,-48420.85164305592,-99745.7492594623
2022-08-15,5172.250714114152,4876.395348837198,154620.60871228547,197.49640916345137,86,429,0.31282383720930235,0.13423424685362795,-8.526512829121202e-14,-382706.4866222374,644556.830009355,2352.2960790312277,2819.954635082924,-33680.397873120666,-72335.55005119203
2022-08-16,14898.546389220404,13327.272727272722,171692.90323737124,175.79781064606595,88,436,0.31861534090909094,0.14218088739348234,8.526512829121202e-14,-204948.88607196405,652210.0120258165,5639.153966027777,9259.392423192627,-28200.47723076847,-71123.70304011129
2022-08-17,7715.7306432822115,11168.181818181833,160330.7984662798,194.2625102622372,88,437,0.31500170454545456,0.13427544194830843,5.684341886080802e-14,-277265.1096423757,645807.7255129857,-3898.3864300591267,11614.117073341338,-32561.23148354998,-72643.93110011994
2022-08-18,12549.817584022083,8446.59090909092,159710.763681337,238.9275645453379,88,437,0.29897954545454547,0.12659161803881488,5.684341886080802e-14,-354302.8224985822,621601.4827029617,7399.214152508299,5150.603431513784,-27616.800900857506,-67544.49182119175
2022-08-19,15585.794829329883,9977.613636363636,158385.74984657278,253.1452592250588,88,437,0.3016625,0.1422843598312666,-8.526512829121202e-14,-467070.89389048325,628569.8200722631,19963.362084371198,-4377.567255041316,-24263.78789153837,-63860.225353181566
2022-08-22,1775.1535759827912,763.7777777777769,187604.59274782785,188.254986671484,90,444,0.3351757777777778,0.13210939133006744,0.0,-342724.36641048774,686376.4274660074,-3642.7230390276054,5417.876615010397,-45314.249597645656,-92215.39778460261
2022-08-23,11844.72782653827,14578.409090909103,188424.86435977055,173.2940748380799,88,433,0.33201193181818184,0.14635827878318255,-1.9895196601282805e-13,-256747.80996495715,676310.5316564398,-1986.4003667396144,13831.128193277886,-35434.78233824245,-82540.99842818509
2022-08-24,13625.79815117962,19353.60465116278,207976.5422979689,199.5812493944274,86,425,0.3239243604651163,0.1594544135340936,1.1368683772161603e-13,-257730.18080808126,661866.9073282452,1042.6429760482529,12583.155175131367,-38567.918672707034,-90562.05424719925
2022-08-25,6678.722874047176,5535.71428571428,238745.78512186575,195.1724924072158,84,420,0.31925892857142857,0.17706460497376697,5.684341886080802e-14,-486213.6174814653,651956.7577524778,46986.83994534473,-40308.11707129755,-53202.89589882648,-112889.34217929291
2022-08-26,6948.312474508426,5379.545454545469,193414.0808109698,118.88946133511975,44,216,0.36043068181818183,0.1456246253955965,5.684341886080802e-14,-185221.4968314575,726328.3171441694,-3983.020163758211,10931.332638266636,-41524.09718956915,-89877.6173923116
2022-08-29,11050.771340776306,9336.956521739137,194988.90597781187,114.17805605583814,46,221,0.3693163043478261,0.1320698301807796,-1.7053025658242404e-13,-192164.97799300632,743477.6972666335,1578.9665832819064,9471.8047574944,-37810.6332097325,-86557.85970418547
2022-08-30,5384.243375176238,8145.454545454563,193455.3235412634,106.38788999949647,44,220,0.37249318181818186,0.14056750584685637,-5.684341886080802e-14,-169896.81721855418,749499.722726122,-682.646432574664,6066.889807750902,-43085.97540013911,-91449.80628545496
2022-08-31,7068.385216979126,11771.739130434771,206714.2205280447,125.52729886879438,46,221,0.3734652173913044,0.13793861563505794,2.2737367544323206e-13,20579.675754439544,751252.2384398506,3042.2890754461687,4026.0961415329575,-44735.69721390084,-96414.25234591203
2022-09-01,6185.993832877907,7347.727272727266,210842.57818434085,109.50355832676935,44,218,0.3895704545454546,0.12986669437015655,5.684341886080802e-14,-57754.657885382156,782464.0699287385,1737.555480731585,4448.438352146322,-46634.15427153407,-99344.79881761929
2022-09-02,12141.919990157447,7379.0909090909,174151.78965521758,120.93383381754526,44,214,0.37617943181818186,0.1309496735968186,5.684341886080802e-14,-159902.31560554562,757653.4967312228,-3978.553388855485,16120.473379012932,-31516.961257464493,-75054.90867126889
2022-09-06,14832.446725982049,8750.0,183731.46675791754,120.95749594270721,90,448,0.3756561111111111,0.12261266021436223,5.684341886080802e-14,-186255.9823192234,759109.7782416064,10062.867760794448,4769.5789651876,-31221.377459440046,-77154.24414891943
2022-09-07,-2082.6508157740745,4700.444444444444,171977.9778755861,130.39553727787063,90,448,0.34871022222222225,0.1265684095891267,-8.526512829121202e-14,-126107.76051152601,706157.3858579162,-2520.612794841174,437.96197906709904,-45207.540821948474,-88202.035290845
2022-09-08,4045.4100820797976,7650.000000000012,202448.8083893412,141.7556982355314,90,447,0.36190611111111115,0.1276403031640189,-8.526512829121202e-14,-59495.848759655775,734248.8184484141,-7801.2618475713325,11846.671929651131,-46708.54771349103,-97320.74981082632
2022-09-09,2322.8087632208862,837.500000000001,191768.56210955,141.67410335343143,88,437,0.3457409090909091,0.1382990354756962,-2.8421709430404007e-13,-206401.00836307267,699299.5343334966,-2647.0932702926516,4969.902033513537,-45761.00586752005,-93703.14639490754
2022-09-12,8453.941178673183,9732.222222222232,206235.03087019088,141.0490152785219,90,448,0.33960333333333337,0.13539024276163208,3.126388037344441e-13,-263360.2474684884,688109.5980012367,36187.018183192195,-27733.07700451901,-43245.86555415306,-94804.62327170078
2022-09-13,13648.483249509576,12313.333333333334,208529.40981576886,158.21701831782144,90,446,0.3601738888888889,0.13573764599408059,-2.842170943040401e-14,-284821.68305368174,733379.5256418213,7617.6916544970845,6030.791595012492,-38642.08622275046,-90774.43867669268
2022-09-14,-4571.8131880481105,5415.555555555552,200681.54788977385,146.52542841447425,90,442,0.381605,0.1336900610465012,1.4210854715202004e-13,-151086.96781706842,772687.5358196762,500.71542822282953,-5072.528616270939,-54888.72558890605,-105059.11256134951
2022-09-15,1592.7687870488533,14392.391304347835,230619.26628253318,151.73018027466216,92,451,0.3783494565217392,0.12848519802829603,2.8421709430404007e-13,-194367.60880457153,767450.4180227186,11395.207265442428,-9802.438478393577,-56213.7779638591,-113868.5945344924
2022-09-16,14153.490452880547,16705.568181818184,199650.4100889143,141.38534299466465,88,440,0.3719124431818182,0.1630824551397773,1.4210854715202004e-13,-183816.9213963108,753387.8063306639,-9219.734622017333,23373.22507489788,-35900.49741234269,-85813.09993457126
2022-09-19,717.5942046879179,2818.369565217378,148665.35459501392,116.89473334624994,92,452,0.3692109239130435,0.09001766525832966,-1.1368683772161603e-13,-45306.01570276567,744371.1348055986,8167.097890458922,-7449.503685771004,-36565.63917741181,-73731.9778261653
2022-09-20,915.5255410737565,-2544.222222222231,138904.3590772147,143.69725219865683,90,448,0.3826993888888889,0.08245695293371885,-2.842170943040401e-14,-303985.03441824176,775799.8572629457,972.9876981960423,-57.46215712228627,-33954.26148042857,-68680.35124973225
2022-09-21,12540.892359141268,10876.111111111115,196942.41673603334,166.97126159798907,90,450,0.3848250555555556,0.11604794903524959,2.842170943040401e-14,-295624.8581538999,782321.0870893607,6174.094533640606,6366.797825500661,-36861.683086465055,-86097.2872704734
2022-09-22,40212.08212358338,27531.333333333325,215913.25509901432,135.93440191880768,90,447,0.38480311111111115,0.11598580529819505,1.7053025658242404e-13,-176024.08111303177,777111.1096960709,50632.74041562597,-10420.6582920426,-13902.16605308901,-67880.47982784259
2022-09-23,11780.895907822243,14445.444444444458,191880.22553378067,148.4378540479429,90,447,0.40133016666666665,0.11807528877928009,-2.842170943040401e-14,-118993.11478727376,812184.7843456723,8563.897641792097,3216.9982660301475,-36337.598329670865,-84307.65471311603
2022-09-26,7056.654892887864,8585.45454545456,209180.62794176006,160.31402074732918,88,434,0.4233127840909091,0.13141991920558022,8.526512829121202e-14,-282875.5066192909,857924.3957042191,-1284.3431814440655,8340.998074331928,-45398.81611329948,-97693.9730987395
2022-09-27,14542.641657993034,9825.000000000007,190990.92013637285,159.87788439432344,90,443,0.4076752777777778,0.12099522754109215,1.7053025658242404e-13,-189247.89303029559,826882.8972152678,5509.389411083348,9033.252246909686,-33364.9662604945,-81112.69629458772
2022-09-28,4323.912112350423,6903.7777777777865,246562.0722129747,171.62226905841,90,444,0.4067072777777778,0.1486226906084433,-2.842170943040401e-14,-321197.54561074777,826687.6401363632,18657.777858709178,-14333.865746358755,-57488.22820995166,-119128.74626319534
2022-09-29,18240.502158893716,19105.777777777785,250150.51866253297,184.03246941884538,90,444,0.4134402777777778,0.1471142724908248,8.526512829121202e-14,-267242.5369046999,844355.1093600704,857.4291084035335,17383.07305049018,-44481.15997615837,-107018.78964179162
2022-09-30,3679.646049642941,-3705.4545454545478,266213.20694081404,202.36507492744732,88,436,0.42529920454545456,0.13493584758046387,-1.7053025658242404e-13,-339542.4964569925,863979.3688653079,25271.956140957533,-21592.31009131459,-63076.02076048801,-129629.32249569154
2022-10-03,11920.042469191398,22391.95652173914,224884.10419324102,134.45575916935488,46,224,0.42863456521739135,0.12233823685329684,-5.684341886080802e-14,-75731.62847821595,864293.6852515009,17327.115934590496,-5407.0734653990985,-44435.439338288204,-100656.46538659847
2022-10-04,4719.504271238413,8017.222222222239,203828.76474399323,152.26848023985934,90,449,0.3902310555555556,0.13773993354398228,-2.2737367544323206e-13,-134120.31310623663,790741.017727131,2106.914016336333,2612.590254902079,-46389.95539499975,-97347.14658099806
2022-10-05,2919.2471440207632,11295.44444444444,194399.54539161868,122.64898757677608,90,449,0.39261822222222226,0.12638502506734983,0.0,-37084.10096283429,793268.5502681332,7553.256866309273,-4634.009722288511,-45803.28819146068,-94403.17453936535
2022-10-06,8915.115923559231,6678.804347826089,227105.6235571225,145.3291752808262,92,451,0.40191885869565225,0.13883740244922646,-2.842170943040401e-14,-96152.16872337836,813855.6241665902,6985.95452180789,1929.1614017513411,-48006.61914100223,-104783.02503028285
2022-10-07,9258.416385304346,5897.282608695644,218472.05280009852,142.13621645848514,92,453,0.4051839130434783,0.13620708127205103,5.684341886080802e-14,-203231.1714608375,819421.1114601388,1712.4838047300477,7545.932580574298,-45501.73303117877,-100119.7462312034
2022-10-10,8476.143995349095,7909.782608695676,230437.91871635063,142.1161648319194,92,451,0.43972847826086964,0.13035827306280928,-8.526512829121202e-14,-116050.29640349027,888726.3509487602,8354.02362662771,122.12036872138624,-49275.45184857048,-106884.93152765815
2022-10-11,12130.52867087599,14674.555555555567,227546.16848030192,147.33201433280846,90,450,0.4571473888888889,0.11850028870709238,-2.2737367544323206e-13,-109263.14117390977,923628.9533473881,4764.929036458678,7365.599634417312,-44903.3454635323,-101789.88758360776
2022-10-12,6979.93616039548,9763.999999999998,256214.17480714683,135.6194164351584,90,446,0.4595657222222223,0.1507647627098402,5.684341886080802e-14,-117976.33362614154,927268.147485886,-2211.55652719522,9191.4926875907,-57209.22695782639,-121262.7706596131
2022-10-13,19572.854229646866,12810.111111111108,267939.2663305266,139.06615249606614,90,448,0.45712938888888893,0.12572106661682458,5.684341886080802e-14,-260570.98673904943,923499.2382998755,14293.15957020686,5279.694659440005,-47551.028505480856,-114535.8450881125
2022-10-14,6876.459298331274,4295.333333333334,217797.62321457197,166.10188172068837,90,445,0.48030155555555554,0.12582646614685006,2.8421709430404007e-13,-238542.29723623503,972543.7967384512,-9547.106503039558,16423.565801370834,-47739.0483870324,-102188.4541906754
2022-10-17,3038.6561436831603,3117.2826086956475,168166.52523404523,176.36443118830175,92,453,0.4201247826086956,0.09255715616009347,-1.4210854715202004e-13,-211483.760664481,853098.4121424075,-1631.3681692665525,4670.024312949713,-39179.33959601645,-81220.97090452776
2022-10-18,4673.257145371954,1525.777777777765,126926.59654389558,168.3467137328807,90,446,0.43086838888888884,0.07796744627151997,-2.8421709430404007e-13,-286956.16877078067,875751.9321291749,1936.4527913542358,2736.8043540177177,-27226.73870433482,-58958.38784030871
2022-10-19,16144.820464054466,17087.7777777778,126240.04015394168,164.01859660118976,90,449,0.44933588888888887,0.07100122610044439,-2.842170943040401e-14,-264038.9963790474,910746.6421751834,-3729.8458195517223,19874.666283606188,-15579.208171032144,-47139.21820951757
2022-10-20,17924.276036074098,9650.777777777776,161636.86705792914,179.50601578769493,90,443,0.4340792222222222,0.09088756740247159,-1.4210854715202004e-13,-223060.71293333228,883799.854182584,13242.132973404605,4682.143062669492,-22664.44674419588,-63073.66350867817
2022-10-21,5647.211818837726,-4742.333333333344,170843.15827522165,184.48222933162228,90,448,0.43731572222222226,0.10519633567331557,1.1368683772161603e-13,-268694.19674273365,887692.1770641442,2204.032404251339,3443.179414586388,-37248.05997929931,-79958.84954810473
2022-10-24,-7762.00766386684,-1065.8888888889087,215183.4268712696,179.02909521969406,90,450,0.43951372222222224,0.11905689859934492,5.684341886080802e-14,-275418.7403054765,892176.8950465965,-8218.129432937736,456.12176907089525,-61736.89347690393,-115532.75019472133
2022-10-25,12683.693687147435,11841.847826086962,238650.7903572623,169.21285646819138,92,452,0.443244945652174,0.12354645875190651,-1.1368683772161603e-13,-314136.7677662554,896837.920405794,4357.324607791133,8326.369079356302,-47148.216758636336,-106810.91434795191
2022-10-26,1833.7757198187787,15074.888888888894,221412.35645459857,186.47744913321154,90,446,0.4360217777777778,0.1319410180872551,-1.4210854715202004e-13,-198493.10478158967,883613.1988588069,-7379.250360305232,9213.026080124011,-53705.79084296408,-109058.87995661372
2022-10-27,691.8883557613335,20268.000000000007,184340.18441164182,168.06344306239274,90,441,0.44220644444444446,0.10629922911727109,-2.842170943040401e-14,-202935.2692074201,895235.0318514684,-6067.371131957756,6759.2594877190895,-45561.22119021151,-91646.26729312197
2022-10-28,187.06278298779034,5541.590909090906,197209.33544634483,187.23185615143655,88,437,0.42864119318181815,0.12516399050852148,-3.694822225952521e-13,-182723.37339403902,869376.3413429802,-11451.7183754646,11638.78115845239,-49302.50293474985,-98604.83679633607
2022-10-31,4115.449629700084,3436.136363636375,157664.37025996798,141.01113559181823,44,219,0.4733472727272728,0.08655892534388164,-1.7053025658242404e-13,27849.940381713663,953857.194236929,-6405.286942845988,10520.736572546071,-35441.65407088373,-74857.74663587572
2022-11-01,12439.21403834666,11106.739130434775,174433.81026623753,123.02252985392492,92,454,0.41857951086956524,0.09983761327229425,-1.4210854715202004e-13,-93658.76297690345,842585.298674001,12912.640698420948,-473.42666007428807,-31292.261058066648,-74900.71362462603
2022-11-02,6470.759642302458,20617.61363636363,189089.4751943374,133.2065099580846,88,440,0.4184776704545455,0.1294499375784608,-2.842170943040401e-14,-53257.433045518264,843682.9943648586,4920.32834891411,1550.4312933883473,-40934.81566623998,-88207.18446482433
2022-11-03,2742.196472470729,18816.111111111135,179172.6242466677,131.81602695769655,90,446,0.4067111666666667,0.11815670494955481,1.1368683772161603e-13,-106800.40884921672,819518.1067088867,-154.21295815884218,2896.4094306295715,-42182.77561615389,-86975.9316778208
2022-11-04,493.4023075457737,-1951.111111111116,166185.39247891738,131.31415720531183,90,450,0.381805,0.1230795643139675,-1.9895196601282805e-13,-25947.94372463708,770441.315063076,-4143.039829140272,4636.442136686045,-41184.259969388884,-82730.60808911822
2022-11-07,-5522.243166042578,6704.4680851063895,175286.13296737618,136.28959136864444,94,461,0.3868812765957447,0.11644732315690315,1.1368683772161603e-13,-90992.47585568312,780066.986643901,3445.9396786837224,-8968.182844726301,-49480.06599925527,-93301.59924109932
2022-11-08,24073.96209279603,18464.891304347835,179774.51807477357,137.09620702345353,92,455,0.3970347826086957,0.11227259896208994,-8.526512829121202e-14,-75966.75198172589,801742.594534722,28408.41094411953,-4334.448851323499,-21006.763632920814,-65950.3931516142
2022-11-09,-30353.43995840432,498.00000000000034,201012.99204032554,150.88442904011782,90,448,0.39660822222222225,0.12686079697976116,-1.9895196601282805e-13,-58459.26942056845,801757.8862454694,22555.67894646778,-52909.118904872106,-80757.57239752582,-131010.8204076072
2022-11-10,10163.32048589263,849.5652173913036,168135.28070079297,135.56177940791238,92,451,0.36876521739130436,0.1208788612299573,0.0,42447.174319282174,742631.9624946024,7724.350640404356,2438.969845488273,-32006.061468713524,-74039.88164391177
2022-11-11,-5981.7722002179335,-3216.666666666673,166505.46788270553,145.76431513990534,90,448,0.37773038888888893,0.11743967749863739,2.842170943040401e-14,-49085.99155894351,764722.225745022,-9401.254546898905,3419.482346680971,-47753.90348603422,-89380.27045671061
2022-11-14,1063.7318374270849,5015.217391304341,127857.4261483586,170.9928364707597,92,454,0.3834408152173913,0.07367782767945992,-2.842170943040401e-14,-229068.15156041895,780514.8448046136,2706.070846404015,-1642.33900897693,-31071.617536133326,-63035.97407322298
2022-11-15,-12597.76068745592,5003.913043478272,114566.57517606577,145.77533410683742,92,453,0.37223625000000005,0.08386734004897996,-1.1368683772161603e-13,-203130.1357036191,755341.1656601287,898.2417037699515,-13496.002391225871,-41385.1798155792,-70026.82360959564
2022-11-16,-5433.248938743665,7131.521739130443,111819.84659816622,157.31424189653416,92,454,0.37100108695652173,0.07589733217798784,0.0,-283228.0432445822,752125.3304052792,-2286.5366379804236,-3146.712300763242,-33545.524830181756,-61500.48647972331
2022-11-17,4954.604286541866,7049.444444444431,130498.41801625262,181.70505242753876,90,447,0.3623794444444445,0.09353926187640402,-8.526512829121202e-14,-470046.16290270665,738487.9813126425,-8105.063424487089,13059.667711028955,-27851.705269948827,-60476.309774011985
2022-11-18,9128.560136263153,5131.8888888888905,116604.62108548658,206.38669243475888,90,443,0.34113350000000003,0.08368414702885842,-1.1368683772161603e-13,-279832.69677660294,700102.4393021534,-8189.879902505207,17318.44003876836,-20228.98182754325,-49380.13709891489
2022-11-21,1430.7163274455188,8973.777777777781,155729.42297498486,191.79986634689345,90,447,0.3355796666666667,0.12037759361418178,-1.4210854715202004e-13,-219242.41379982766,686357.6386736585,-9211.380949843657,10642.097277289176,-37693.439282647596,-76625.7950263938
2022-11-22,9282.380506149919,9522.88888888888,175929.54712305852,167.59734112714855,90,442,0.3284266666666667,0.13069158970093736,1.7053025658242404e-13,-156436.11390500134,665932.1478920009,-5510.604653107616,14792.985159257534,-34867.603615741864,-78849.9903965065
2022-11-23,10006.317565504482,5653.749999999997,179217.7314140737,191.244255936469,88,438,0.31350221590909094,0.1560615069998563,-1.4210854715202004e-13,-255400.25065668943,640342.4663749388,406.4866376035152,9599.830927900966,-34989.35954395041,-79793.79239746885
2022-11-25,8037.9326119890575,895.6521739130512,138271.01427316864,125.46789178905242,46,222,0.3489897826086957,0.10733985490707404,0.0,-69421.47979562929,703276.7516216103,5309.623948710614,2728.308663278444,-26655.288848092154,-61223.04241638431
2022-11-28,7306.563259787813,2289.0909090909013,172205.73182917212,148.6201075825813,44,217,0.3495653409090909,0.13092937500713683,0.0,3062.9522192191,706966.3515620737,-890.047692777382,8196.610952565195,-35893.4898050878,-78944.92276238083
2022-11-29,-2277.5361409217167,5573.863636363633,188937.58852313343,133.091116932147,44,217,0.3696503409090909,0.11974018785588317,2.2737367544323206e-13,-17774.77787636625,744458.6315735511,3517.245873773787,-5794.782014695504,-49645.02438863722,-96879.42151942058
2022-11-30,17346.38157687128,22659.090909090904,196881.1032747118,120.21985319056914,44,211,0.35379034090909095,0.16568133214316255,5.684341886080802e-14,-112345.7435197445,711275.9635656486,5769.3144498425645,11577.067127028717,-31994.114094997236,-81214.38991367519
2022-12-01,6409.870267348951,3037.0454545454522,185908.183599768,145.10744474898294,44,217,0.3691494318181819,0.12959240759383917,4.547473508864641e-13,-1191.6398412957933,744125.1042984107,-8973.158013964869,15383.028281313818,-40212.28307734203,-86689.32897728404
2022-12-02,11720.273532458783,12763.863636363629,174095.15157013567,130.7619920585758,44,219,0.34289454545454545,0.15671673411302492,0.0,11348.781657827094,691369.819712871,9690.830554227825,2029.442978230958,-31934.276352133707,-75458.06424466762
2022-12-05,4936.842938638567,7069.318181818192,160696.55900876978,139.5770950408427,44,220,0.3673688636363636,0.11365812544382102,-3.979039320256561e-13,-97729.02953517078,741931.2241972818,8472.655641577752,-3535.8127029391844,-35376.873908594716,-75551.01366078717
2022-12-06,-2421.902495976197,2039.0000000000018,166587.85003014913,136.2055027633505,90,441,0.3407771666666667,0.1281768118221281,-2.842170943040401e-14,-107547.5032061265,690272.978640852,4868.6193604878135,-7290.52185646401,-44205.070506276825,-85852.03301381411
2022-12-07,2685.7682067455107,5318.586956521729,186103.47977633405,143.35154322437262,92,454,0.34562103260869564,0.1336521084716317,1.4210854715202004e-13,-154605.5655119937,700305.9012801704,-3369.2860446451537,6055.054251390665,-43983.453280562375,-90509.32322464588
2022-12-08,6692.101253127991,1463.5555555555577,169888.3484087962,172.00918289202812,90,447,0.34320911111111113,0.13416848812670132,1.1368683772161603e-13,-49280.86723475215,696791.1987996171,-840.0295332874341,7532.130786415425,-35951.99503196309,-78424.08213416215
2022-12-09,8903.76054298113,7604.222222222226,162494.36555467252,158.24769214263299,90,450,0.3474686666666667,0.1258224365468204,-1.1368683772161603e-13,-229874.097024886,705522.1696566014,3321.930818896507,5581.829724084623,-31878.07853782963,-72501.66992649775
2022-12-12,7262.208110569488,13268.369565217392,159963.53800186596,159.82127899922872,92,455,0.33955527173913047,0.10724927025938126,1.9895196601282805e-13,-142991.27014909952,688966.3378907033,-7480.908462938213,14743.116573507701,-32888.497668896234,-72879.38216936273
2022-12-13,2393.556129404086,9114.777777777777,158862.4086366587,168.4673082107848,90,447,0.3276822777777778,0.126881912476908,8.526512829121202e-14,-274181.40199612064,667868.3493289613,-4851.632745904003,7245.188875308089,-37490.51333797137,-77206.11549713607
2022-12-14,13217.568008401311,6768.777777777766,152364.4094102852,166.26743934547522,90,447,0.3269948888888889,0.12165849403685039,-2.842170943040401e-14,-304604.09632631723,665823.4343892196,13455.264199545618,-237.69619114430756,-25039.801783515468,-63130.90413608676
2022-12-15,800.9339511084513,2457.282608695636,199992.54739519022,147.4506418197743,92,451,0.33315869565217393,0.1279369942013187,1.9895196601282805e-13,-256575.9250344102,676610.7723693503,2664.023051639349,-1863.089100530898,-49344.65353950887,-99342.79038830643
2022-12-16,8047.7103553619245,2203.5555555555575,162118.10750471617,157.17761229976927,90,442,0.3335329444444444,0.14361099994728044,-2.842170943040401e-14,-197003.12102775415,675789.8955889451,-8037.487744474494,16085.19809983642,-32638.99413311689,-73168.52100929593
2022-12-19,2576.867980015827,4219.021739130437,126272.47095941287,168.59522718876485,92,457,0.34180059782608696,0.0936901257313174,2.2737367544323206e-13,-187364.18455934466,694179.2194495336,-3616.8083638271946,6193.676343843022,-29159.844987026154,-60727.96272687937
2022-12-20,8726.307706234285,10250.222222222219,128285.7004112928,164.82154959122215,90,450,0.3454466666666667,0.08728382893564282,-5.684341886080802e-14,-231525.72606813692,701770.9062645993,-2605.8067353583842,11332.114441592668,-23509.938946180137,-55581.364049003336
2022-12-21,15030.308246211936,13237.666666666675,113148.23992198691,144.65988694887102,90,448,0.3297695555555556,0.0921090760873099,8.526512829121202e-14,-218836.94498171174,667551.358182514,17939.513923431445,-2909.205677219507,-13401.411621233663,-41688.471601730394
2022-12-22,8485.90149566272,5896.555555555558,101252.83920592943,146.23727111708487,90,450,0.3432506111111111,0.08211908504675573,-1.1368683772161603e-13,-120276.66216857881,694305.1089423293,-10586.0937060336,19071.995201696318,-16973.54557693672,-42286.755378419075
2022-12-23,7699.290698911331,1769.8888888888828,103897.6612540685,161.05719667135077,90,445,0.3164444444444445,0.08471235328861242,-2.842170943040401e-14,-226394.25462416423,642668.5431268788,1611.281197122863,6088.009501788469,-18436.181811277147,-44410.59712479427
2022-12-27,8279.679263183009,4112.777777777792,166860.66752908766,185.5917666509397,90,450,0.3345746666666667,0.1175595796435308,2.2737367544323206e-13,-413882.34813886567,682535.6819131364,6871.231882727998,1408.44738045501,-33621.079385739846,-75336.24626801176
2022-12-28,297.3596616904358,3416.2222222222204,169071.8411045434,168.47661889386845,90,445,0.33053105555555556,0.13168553129478322,-8.526512829121202e-14,-390845.9970880407,671427.2653688841,-1062.5745354644587,1359.9341971548943,-42139.07723333928,-84407.03750947512
2022-12-29,5338.098678179519,2326.6666666666692,186948.45827857094,219.22274898607265,90,448,0.3246833333333334,0.13494059721551196,-8.526512829121202e-14,-491434.11495678045,666857.9861758937,-280.27235192694735,5618.371030106467,-41618.238640449286,-88355.35321009201
2022-12-30,6386.528192441855,2590.5555555555475,160054.81521330436,190.7212006869432,90,443,0.3268461111111111,0.12804377250271431,-3.410605131648481e-13,-346571.33496766014,665768.290084782,-2133.763146529583,8520.291338971438,-33817.89681157118,-73831.60061489727
2023-01-03,2079.160317432952,2778.260869565225,173783.88573292302,147.40270941182723,92,452,0.3534206521739131,0.1247948211879049,1.1368683772161603e-13,-88563.42685272777,715394.9637013276,1388.2581508847804,690.9021665481715,-41514.213825209634,-84960.18525844038
2023-01-04,-5.428412466868338,6608.695652173911,183384.29927063722,145.59943057507647,92,454,0.3692871739130435,0.1278806171323434,8.526512829121202e-14,-101283.51668872811,747749.5635003797,3021.8503462139133,-3027.2787586807817,-45997.10266070125,-91843.17747836055
2023-01-05,3731.3628846350434,2175.8695652173906,200231.30151668654,144.3923428493269,92,454,0.37932043478260874,0.13174772491499176,1.9895196601282805e-13,-213514.12289039342,767543.0099806625,-815.6632456661353,4547.0261303011785,-46470.85483738592,-96528.68021655755
2023-01-06,4101.987550389732,-1742.5000000000036,185966.3849996316,134.32266988983307,92,452,0.36623793478260874,0.11666454763750374,-8.526512829121202e-14,-140878.0587671412,740298.8944713317,-1634.126028699573,5736.113579089305,-42523.931369408005,-89015.52761931591
2023-01-09,4473.768976844613,3741.5555555555334,176749.48234959494,158.8599894610296,90,443,0.3907911666666667,0.12935065907627827,-1.1368683772161603e-13,-121793.13112348334,790392.578569261,-1890.2235546010131,6363.992531445625,-39872.46160001515,-84059.83218741388
2023-01-10,-2749.7509375123655,-3201.195652173915,176041.97772052212,147.96333943958228,92,457,0.38066679347826093,0.11143026433301176,-2.842170943040401e-14,-65118.97857722797,769046.0437155461,1335.573763289655,-4085.3247008020203,-46908.20870708247,-90918.703137213
2023-01-11,-128.8028226486062,-3901.2500000000055,153998.29390971203,132.68658042540085,88,438,0.37355806818181825,0.1111192335357127,-5.684341886080802e-14,-195290.7122281502,754327.1615920698,-12407.363005482912,12278.560182834306,-38761.06288050201,-77260.63635793002
2023-01-12,8742.09663465038,7780.434782608714,179320.6587296538,145.00344554142748,92,452,0.37805657608695653,0.11298327201438785,-5.684341886080802e-14,-50737.18290613695,762909.8236736542,-16575.96484404472,25318.061478695097,-36233.0714933045,-81063.23617571795
2023-01-13,-7132.9025327359195,-7063.863636363643,161743.6119858744,143.0123288327451,88,438,0.35138698863636364,0.12128409344615512,-1.4210854715202004e-13,-91951.89904748368,708673.3665588973,-9869.752709992454,2736.850177256534,-47711.81785803726,-88147.72085450585
2023-01-17,3718.168560795373,1628.0434782608709,98095.43271579969,169.9681361397341,92,451,0.3495767391304348,0.07353644003206353,2.842170943040401e-14,-204777.0292946857,710028.0708814614,3837.0156504896045,-118.84708969423116,-20975.657754294283,-45499.515933244205
2023-01-18,4415.638548184309,2713.333333333343,85302.46572948873,181.7058567240653,90,450,0.3417977777777778,0.06071142530193892,1.1368683772161603e-13,-158562.45963224434,697506.6585668585,8310.246612827481,-3894.608064643172,-17091.683740911936,-38417.30017328412
2023-01-19,1163.0761719847512,-1773.043478260874,97309.62717888947,189.94222647836898,92,457,0.3542473369565218,0.0733024582871821,8.526512829121202e-14,-279121.60524010984,722344.9706892015,-1534.7987014780517,2697.8748734628034,-23354.272849215984,-47681.679643938354
2023-01-20,3932.7989610322697,-2330.3333333333453,105702.43716348357,221.7557902863041,90,445,0.3435323888888889,0.0763718689542023,1.7053025658242404e-13,-343992.75899213896,706230.7445761828,-3545.645273254102,7478.444234286371,-22714.566120124928,-49140.17541099582
2023-01-23,3067.6007620681867,3410.6666666666665,174936.75971985364,172.03538871211896,90,446,0.3358957777777778,0.12225192898138645,-1.4210854715202004e-13,-300135.2439961473,681762.1613112411,-1903.5992929791537,4971.20005504734,-40838.62455660734,-84572.81448657074
2023-01-24,6337.862815389919,9974.772727272724,177169.9127753782,190.58404570734106,88,440,0.35163727272727274,0.11723154371952496,5.684341886080802e-14,-264540.91213661694,717942.2585143811,-693.1462776172841,7031.009093007203,-38145.199424161976,-82437.67761800652
2023-01-25,3021.4942172938254,1921.3043478260986,183639.2652125723,177.16880302791563,92,452,0.34941402173913044,0.12704773549362,0.0,-206561.51459522825,711038.4133191992,2610.1597822017866,411.33443509203846,-43065.49088887717,-88975.30719202023
2023-01-26,3042.8597303655565,7859.44444444445,189830.31773001573,205.0296696554389,90,443,0.34061988888888894,0.14282835379145306,1.9895196601282805e-13,-159632.54991404258,693150.3016033848,990.9402729217395,2051.9194574438166,-44619.74937179381,-92077.32880429775
2023-01-27,11595.407567838962,-4189.111111111121,176210.61126025737,179.1178688487437,90,446,0.33475133333333335,0.1421922213304767,-2.8421709430404007e-13,-211822.32270991543,681275.2367260278,8477.674030570577,3117.7335372683838,-32636.363116074124,-76689.01593113846
2023-01-30,4226.745268710205,6418.181818181816,137045.1029699467,152.02835800430302,44,214,0.34248534090909094,0.09812922193504484,1.1368683772161603e-13,-200429.34099240112,691819.771637162,-491.47426137282434,4718.219530083029,-30186.55883178077,-64447.83457426744
2023-01-31,10834.26411961352,6326.55555555556,174523.13205654942,143.80266751273825,90,448,0.32836505555555556,0.11454985418393018,-2.2737367544323206e-13,-111803.54074227974,664243.5107638823,3175.5605162732913,7658.703603340228,-32940.32156203657,-76571.10457617392
2023-02-01,192.93219277467517,8188.999999999998,184679.13537508977,129.71629856996216,90,441,0.31550133333333336,0.15437924040584575,-2.842170943040401e-14,-215382.71160227683,637588.6506862211,19418.600964572728,-19225.668771798053,-46106.567949567725,-92276.35179334017
2023-02-02,5169.581225898424,8374.090909090903,163315.20689239295,146.9056591277276,88,437,0.33458596590909095,0.12285354277191299,5.684341886080802e-14,-136882.4593529466,676811.8947591217,4631.734056260003,537.8471696384211,-35806.12615632754,-76634.92787942578
2023-02-03,9788.270229006914,1773.6666666666642,145198.13850818394,136.1694378144978,90,447,0.32841227777777776,0.12292568515364873,0.0,-84353.08405459898,664456.3404214069,4465.651603174388,5322.618625832527,-26647.433835853568,-62946.96846289955
2023-02-06,5010.155455312214,3815.0000000000036,140615.09971302052,140.48237189006946,92,453,0.34242543478260873,0.1019059815371761,1.9895196601282805e-13,-138627.55114514148,692920.1121673449,2969.7706628220767,2040.3847924901377,-30284.101844832985,-65437.876773088115
2023-02-07,16302.830210461447,20640.760869565216,153536.57246870233,142.51009983187063,92,455,0.3406421739130435,0.11454238336982363,1.4210854715202004e-13,-80622.90797133563,688695.5604235056,5347.970345289365,10954.859865172082,-22223.823006546005,-60607.96612372159
2023-02-08,19127.336967957897,18538.043478260868,157483.09610970606,149.91824115214504,92,459,0.3384826086956522,0.12007740713808633,-5.684341886080802e-14,-184449.21874149673,685795.4573615394,9296.56269196128,9830.774275996619,-20393.355300620762,-59764.12932804728
2023-02-09,6813.55274714057,8181.521739130423,148260.63815374882,166.92321975028867,92,453,0.3520983695652174,0.11288330593190679,-1.1368683772161603e-13,-193130.63165227443,716305.2347599909,-583.8343376229295,7397.3870847635,-30418.530011046925,-67483.68954948413
2023-02-10,-410.97276488291254,-1718.4782608695668,146856.65448811112,169.72555965296232,92,457,0.34463315217391305,0.11391300469275556,-1.1368683772161603e-13,-119787.29548634417,699572.5120868126,-1155.667294215987,744.6945293330741,-37294.86194656366,-74009.02556859143
2023-02-13,11292.74087058832,9127.173913043474,117828.57251780442,177.88982300564115,92,456,0.34271576086956523,0.09162099998035547,2.842170943040401e-14,-401680.50608356006,699256.976083008,-9232.522091997924,20525.262962586243,-18342.292081868425,-47799.435211319535
2023-02-14,-4133.716168421987,-3116.195652173908,108489.0079623727,187.72163641947117,92,459,0.32330815217391307,0.08624376334064048,1.1368683772161603e-13,-328101.0799012807,659993.5759573139,-8771.189446891853,4637.473278469864,-31443.689795434635,-58565.94178602781
2023-02-15,12663.961738993452,8617.500000000002,114108.46956569605,194.27780293969911,92,458,0.32711418478260873,0.0895361253511273,0.0,-286195.48843271384,668969.4601315678,8346.100503324651,4317.861235668801,-16057.433455370261,-44584.55084679428
2023-02-16,6232.315691570942,1345.6521739130326,125352.46932824512,196.80601355940215,92,456,0.3406114130434783,0.09649821834346203,0.0,-168268.28531436136,694890.6548942523,2965.811435667712,3266.50425590323,-25302.60765404974,-56640.72498611102
2023-02-17,20021.363592037735,8816.304347826082,135354.07070808578,182.08736653509266,92,456,0.3320179347826087,0.10518176514467516,8.526512829121202e-14,-165807.1817838288,677621.8070492026,21236.8461674151,-1215.4825753773657,-13999.241451518803,-47837.75912854025
2023-02-21,-4446.802174909269,8751.956521739123,172318.70590953933,181.4511063902139,92,452,0.35734293478260876,0.11909662375118722,-8.526512829121202e-14,-439653.538330196,726471.344545158,-5125.05117197609,678.248997066821,-47707.92975868432,-90787.60623606916
2023-02-22,7505.611235672411,25414.891304347835,191565.83920017918,190.6059446557208,92,454,0.3570023369565217,0.13474667788468087,-5.684341886080802e-14,-296678.5078351487,726241.4816193803,-8473.31832313842,15978.92955881083,-40576.4545090281,-88467.9143090729
2023-02-23,8126.178215505833,15156.666666666672,173433.61817876316,195.61909781189038,90,446,0.331305,0.13417583074973488,-8.526512829121202e-14,-355511.92535784,675094.5872056219,8123.0175233164555,3.160692189377187,-35427.84542699685,-78786.24997168765
2023-02-24,170.25509396250754,-5611.363636363645,154171.7305147713,132.9288150253427,44,216,0.3603590909090909,0.11104130439967676,1.1368683772161603e-13,-114492.79464203546,725852.6112001584,-7055.0229582662805,7225.2780522287885,-38505.60634975566,-77048.53897844849
2023-02-27,12471.048968312194,12826.818181818187,139742.29653383343,137.0731871065638,44,217,0.3643022727272727,0.0951092872931376,1.1368683772161603e-13,-63530.84555693566,733459.2287917846,-5500.728231120038,17971.777199432232,-22601.59835225273,-57537.17248571109
2023-02-28,20818.87775843447,19074.545454545456,143737.34658705612,130.56299043774408,44,211,0.36112727272727274,0.11117600566762559,-2.8421709430404007e-13,-44301.55978414462,726932.4931602619,4441.338768918219,16377.538989516252,-15246.021878767302,-51180.35852553133
2023-03-01,1696.467082345735,10909.090909090932,141855.7059852726,130.338812124713,44,218,0.3681988636363636,0.10830091202013402,-2.2737367544323206e-13,-65144.26589684373,741401.7416740989,-3443.4539244810817,5139.921006826817,-33897.798226097126,-69361.72472241527
2023-03-02,7528.839416538205,4002.2727272727293,129454.38287016704,168.56194424847382,44,217,0.3449238636363636,0.09574915145785017,0.0,-183885.26384411234,697597.199403766,-1964.7131121850769,9493.552528723281,-25003.31824525203,-57366.91396279379
2023-03-03,3638.2410250252688,5081.818181818186,153764.33400841584,142.29840700435398,44,216,0.32398522727272727,0.14155601743866153,-5.684341886080802e-14,-50205.65964108547,653682.2214862368,-8181.556932192255,11819.797957217525,-34945.14088408305,-73386.22438618701
2023-03-06,5149.5800482642535,1386.363636363641,137222.54874480545,154.04194338298976,44,217,0.3254034090909091,0.11209202222386953,0.0,-170724.48246531104,658891.0138402338,9803.898452326224,-4654.318404061971,-29310.0990813201,-63615.73626752146
2023-03-07,310.08120565064854,-446.7391304347742,151678.9052581053,164.26764321263136,92,455,0.3028135869565217,0.1258843957244019,-5.684341886080802e-14,-127025.22625910268,618783.1411798691,-779.761028352722,1089.8422340033708,-37773.91275208831,-75693.63906661463
2023-03-08,-13688.90317294869,-9453.333333333341,174898.9225073823,146.08371271386127,90,444,0.31046388888888893,0.11999758425651424,1.4210854715202004e-13,65131.035747677495,630636.83721871,30009.954668372902,-43698.857841321595,-57559.71751250812,-101284.4481393537
2023-03-09,-47345.85547076761,-44751.555555555555,219516.02145374028,154.49363948692184,90,449,0.3388077777777778,0.13236265743394696,5.684341886080802e-14,-137992.72580162875,690177.7177296359,32457.855632851468,-79803.71110361908,-102379.35447368959,-157258.35983712468
2023-03-10,-91281.02557334164,-68048.83720930234,300256.2004800124,144.88411216703327,86,429,0.3687186046511628,0.1908606568552659,5.684341886080802e-14,-189375.92190126103,749076.5570538772,9950.491404688419,-101231.51697803006,-166489.95980551178,-241554.00992551487
2023-03-13,117670.46825737663,115400.00000000003,287666.4078103083,168.1864931359904,88,435,0.51356875,0.16765937075011503,0.0,-328651.35955850326,1052230.313568909,-7005.132368212603,124675.60062558923,45585.67981166358,-26330.92214091349
2023-03-14,-6072.7580683979395,1274.444444444442,259510.0903779028,151.53642109347442,90,444,0.44222500000000003,0.1452241030869597,-1.1368683772161603e-13,-265516.90689451376,899199.6652123323,26225.40617388904,-32298.16424228698,-71101.81708396712,-135979.3396784428
2023-03-15,26234.057217438283,24354.88636363637,199979.89974788175,158.73658782294294,88,436,0.455240340909091,0.11974635795487414,5.684341886080802e-14,-245455.86708410835,923859.2601571938,-12595.379924884512,38829.4371423228,-23919.654307355097,-73914.62924432554
2023-03-16,-43017.774850894195,-30471.931818181827,234662.20622409787,171.36302508511326,88,433,0.4123773863636364,0.12388347350627407,5.684341886080802e-14,-65119.672411976906,835150.8442778605,16292.801382031477,-59310.57623292567,-101854.68943200378,-160520.24098802826
2023-03-17,50302.0856959416,51698.86363636363,228627.00470341972,157.1645320336587,88,433,0.44168409090909094,0.14931209675805943,-5.684341886080802e-14,-175634.70649885185,892737.9197348336,-16939.918051457684,67242.00374739929,-7011.83001194699,-64168.58118780192
2023-03-20,25609.04960752177,36055.434782608696,170203.19571696274,174.39648967221024,92,456,0.4364864130434783,0.10340379854374979,-1.7053025658242404e-13,-219204.00194901612,892780.3389238316,-2592.492741349289,28201.54234887106,-17116.145811391125,-59666.944740631814
2023-03-21,-10892.748488198418,1183.369565217393,168007.81085025088,195.66079678276816,92,455,0.39410597826086957,0.10815082063936086,1.1368683772161603e-13,-240266.26544242553,807763.4095552001,6834.26208791829,-17727.010576116707,-53090.36199754391,-95092.31471010663
2023-03-22,-11495.983557519086,-10786.59090909089,181967.34480381836,189.0241105607667,88,440,0.4180984090909092,0.11570291281596687,1.9895196601282805e-13,-337365.57026763854,858553.1813019408,14438.411549806366,-25934.39510732545,-57176.84386903444,-102668.68006998903
2023-03-23,3594.5590301974744,1360.326086956516,167550.32112203838,192.1078329203729,92,451,0.4205953804347826,0.10108702035733916,8.526512829121202e-14,-375657.47684070014,864756.0052923255,-2873.813255667553,6468.372285865027,-38485.129083232496,-80372.70936374209
2023-03-24,97211.58897702985,79082.22222222222,141365.22588324366,192.8369642638639,90,442,0.42743555555555557,0.09404442102428871,1.7053025658242404e-13,-329820.3786156312,875114.7942678875,-19448.134160554175,116659.72313758402,61677.44554195507,26336.139071144156
2023-03-27,19237.846654431334,16843.333333333336,198718.1002722019,207.30804590789387,90,442,0.36602,0.14960575728454412,-1.1368683772161603e-13,-474404.750934726,748955.5608939537,-5515.83758447961,24753.684238910944,-30648.986459527037,-80328.51152757752
2023-03-28,8202.52439984466,9843.33333333335,234085.76999346502,244.65873637550294,90,449,0.3594494444444445,0.14857853961263648,5.684341886080802e-14,-600847.3198614373,737419.2950731504,-9277.638513431883,17480.16291327654,-50563.576834897096,-109085.01933326336
2023-03-29,9676.989752560425,5488.409090909077,190354.02425114,260.5462660205238,88,439,0.3442584090909091,0.13292147794954648,-1.7053025658242404e-13,-505496.6773384144,710614.7838677721,3504.858302979968,6172.131449580456,-38172.0625762451,-85760.56863903011
2023-03-30,18359.58402270957,8288.888888888889,190671.52207819367,260.474765611778,90,442,0.33420444444444447,0.13072735945125094,2.842170943040401e-14,-690301.1971032276,689355.1989743353,4166.583045428768,14193.0009772808,-29568.771262450628,-77236.65178199904
2023-03-31,18473.202745663348,12606.818181818175,182236.76646669468,244.94824860672483,88,431,0.33300227272727273,0.15180213245134852,1.1368683772161603e-13,-435157.25840300426,683311.9374879637,-738.0931040304878,19211.295849693837,-27330.937119617047,-72890.12873629072
2023-04-03,-6257.351409648971,-5286.363636363647,150172.09253038347,138.68719944542948,44,218,0.3586534090909091,0.10878358001506361,1.7053025658242404e-13,-42337.70757758972,724622.6209157455,2738.661526630482,-8996.012936279454,-43939.06174169027,-81482.08487428613
2023-04-04,3250.765185875766,3004.3478260869542,162772.0004423282,157.75242455836616,92,456,0.34947771739130434,0.1111769208492219,-2.842170943040401e-14,-210422.39881684186,709317.9705860371,3872.9319664063055,-622.1667805305392,-37599.987349264644,-78292.9874598467
2023-04-05,4225.118220136238,2994.34782608695,154912.56186960437,149.7831302298055,92,452,0.33270271739130436,0.11751326129646877,2.842170943040401e-14,-183795.67414690924,673016.4973310436,-5837.002750120219,10062.120970256457,-34652.80537749466,-73380.94584489574
2023-04-06,10780.542996013397,5088.260869565219,156121.15293053328,172.97305499992444,92,451,0.3212191304347826,0.1279533833113715,5.684341886080802e-14,-90052.00027219775,652695.6696881831,-4323.855771154437,15104.398767167835,-28422.718291619847,-67453.00652425317
2023-04-10,-6216.478471829605,-6356.5217391304395,175210.00207270187,158.0076522147309,92,456,0.33192934782608696,0.1227257245512142,1.4210854715202004e-13,-85741.80951884852,673298.2344565226,-5518.572705980075,-697.9057658495304,-50176.9866422198,-93979.48716039526
2023-04-11,7221.921065619394,5690.217391304339,176364.0238388828,147.85251808100537,92,455,0.33578206521739135,0.12405839465084897,-5.684341886080802e-14,-127221.96761877609,679152.44692527,1306.673389971459,5915.247675647935,-37016.93741218231,-81107.94337190302
2023-04-12,7751.780993672107,6080.434782608689,161371.2351233087,148.9913270889485,92,454,0.3349695652173913,0.12933098723101794,-8.526512829121202e-14,-152324.25481718365,677411.0813283878,-6151.451999083201,13903.232992755307,-32740.019114244016,-73082.8278950712
2023-04-13,7481.6205918545365,6153.26086956522,165589.7158899092,158.51955436653202,92,459,0.32938206521739133,0.11788256660047342,8.526512829121202e-14,-173259.34506545233,668435.0154440555,-6681.548709797533,14163.16930165207,-34074.32793498929,-75471.7569074666
2023-04-14,6789.794164622874,50.32608695652209,157438.11875724653,178.52471770249306,92,454,0.35527608695652174,0.11064781471889586,-5.684341886080802e-14,-220386.50770031323,721478.6601381756,-8774.299784488949,15564.093949111822,-32748.260242391254,-72107.78993170288
2023-04-17,6533.744342956762,5058.8043478260815,108849.85573280152,191.89962396425216,92,459,0.3213125,0.08954909899398542,1.1368683772161603e-13,-184137.57694102684,658580.7471030991,-3557.9969100665335,10091.741253023296,-20870.61921420787,-48083.083147408244
2023-04-18,10271.137339145682,7694.456521739124,126172.3079424749,199.74075346325853,92,457,0.33276951086956524,0.094569448669727,-8.526512829121202e-14,-313480.3850596433,681236.3285447058,590.1364734167665,9681.000865728915,-21471.680399936304,-53014.75738555503
2023-04-19,8244.550365787029,8561.630434782617,114939.5019609196,189.80000140241626,92,453,0.32529728260869567,0.08965540677590086,-5.684341886080802e-14,-417497.7538678454,666525.0755499665,2442.470764959806,5802.079600827222,-20680.125125845287,-49415.00061607519
2023-04-20,2615.3764756710643,-1425.8888888888819,112593.4950249149,218.8169913471239,90,448,0.3288395,0.08809889953542696,-1.4210854715202004e-13,-298757.20228409505,675531.6075634998,-5129.037811843561,7744.414287514625,-25751.814271904786,-53900.1880281335
2023-04-21,10051.228676396515,-661.1111111111202,124011.29253022652,238.6982089325951,90,446,0.34064833333333333,0.10301846460496687,-2.842170943040401e-14,-144186.6298654006,700707.3558698739,-9325.100478387063,19376.329154783576,-21190.292665092707,-52193.11579764934
2023-04-24,2688.5474952913833,4727.04545454546,183222.68552747005,203.6475894483535,88,440,0.3018545454545455,0.14072776087616787,-1.7053025658242404e-13,-357069.7704955549,617657.2754695703,19227.868371661163,-16539.32087636978,-43320.77147602448,-89126.442857892
2023-04-25,12206.432606267243,9745.555555555558,186963.63301090852,209.68389701875637,90,448,0.32716666666666666,0.141187363874714,-1.7053025658242404e-13,-216400.25732056575,668731.5072720764,8932.093610886826,3274.338995380416,-34744.15954347864,-81485.06779620577
2023-04-26,33143.59195658403,32840.22222222222,210532.3778559398,231.97948719035043,90,448,0.3717726666666667,0.133865522356516,-1.1368683772161603e-13,-389241.8078436617,771139.025910481,2746.5441887969446,30397.047767787084,-19721.481994591268,-72354.57645857621
2023-04-27,8859.458228611957,10374.44444444444,204952.93394551444,228.8361692124071,90,444,0.34081055555555556,0.13847544100792591,-1.1368683772161603e-13,-442424.8928852863,700016.3583527523,-4963.339686112361,13822.797914724317,-42607.61142697906,-93845.84491335767
2023-04-28,-13451.217524241223,-18238.636363636364,167787.04227721642,218.37525714240118,88,440,0.31651761363636366,0.12935957226870698,0.0,-284264.8710970731,648036.3873879586,-182.30026677594606,-13268.917257465277,-55616.353350687736,-97563.11391999183
2023-05-01,14421.793759574815,9030.43478260868,168972.56368453044,160.14078560723655,46,222,0.3106217391304348,0.13815993826576015,2.2737367544323206e-13,709.5098997812747,627177.1482985287,17688.634171081052,-3266.8404115062376,-27981.48794716503,-70224.62886829763
2023-05-02,1833.078186043484,10601.086956521754,189682.48063128066,156.21418872358512,92,451,0.35313260869565216,0.13487456293139283,-2.2737367544323206e-13,-155285.1511877366,718821.7806854462,5102.49849168808,-3269.420305644596,-45743.75616050026,-93164.37631832044
2023-05-03,-28089.32508336001,-19799.67391304346,224823.59074517808,147.80839756934267,92,451,0.35738913043478265,0.13650051653889908,-1.7053025658242404e-13,-137041.46897019033,723186.7287804539,15674.077562074523,-43763.40264543454,-84443.03116722387,-140648.9288535184
2023-05-04,26736.50196597367,40300.66666666668,255931.595548679,173.55327936157533,90,450,0.4228786666666667,0.1274306596021163,2.842170943040401e-14,-207807.65874073716,858398.0328699988,-18465.866169634774,45202.36813560845,-37419.95020055766,-101402.8490877274
2023-05-05,3491.6895929339644,1868.1111111111138,170837.8655090131,152.89374622461202,90,448,0.352945,0.129176047125967,5.684341886080802e-14,-136195.95742569896,715609.3715781235,-6076.259435076933,9567.949028010897,-39370.67053054392,-82080.13690779719
2023-05-08,13632.508784443518,19805.4347826087,156939.11575093062,145.44886320502454,92,458,0.35931902173913044,0.10776165612296829,-5.684341886080802e-14,-333412.3642542024,727599.6164634593,199.33132640360776,13433.17745803991,-25747.71901649416,-64982.49795422682
2023-05-09,23740.291359147413,22133.69565217392,164472.95393439636,147.78196842248602,92,459,0.3499114130434783,0.120759139270199,1.1368683772161603e-13,-265318.77780458087,709213.5747269338,-875.9364982618492,24616.227857409263,-17525.72909287416,-58643.96757647325
2023-05-10,-952.4795993457504,2873.0000000000127,153044.1295318487,138.6752268352529,90,448,0.3350588888888889,0.10921094751388628,-1.1368683772161603e-13,-141772.03249091134,677980.9816596693,2533.537767748584,-3486.017367094334,-39352.18720914318,-77613.21959210536
2023-05-11,37543.45842952421,21005.760869565216,200947.75435885024,147.02887456618183,92,451,0.3475639130434783,0.11905457758388051,8.526512829121202e-14,-318441.7522134204,705014.4722278148,12318.342616673683,25225.115812850527,-12840.509034754534,-63077.447624467095
2023-05-12,10106.045093204317,4003.7499999999995,165813.35564420078,150.4236069026708,88,431,0.3170736931818182,0.1334238487115594,-5.684341886080802e-14,-272290.4727393173,643499.8243405872,-5325.0606008081395,15431.105694012454,-31497.71742474855,-72951.05633579874
2023-05-15,11660.013625326384,9709.5652173913,119258.76836581684,179.08294191417758,92,458,0.3084755434782609,0.08714112817316347,2.842170943040401e-14,-215853.5195567043,630907.8738826538,8300.157173908441,3359.8564514179443,-18333.761408042003,-48148.453499496216
2023-05-16,5055.124679549542,9081.956521739126,119090.6941660719,198.8443011800051,92,451,0.3059671739130435,0.10214849361291113,-1.4210854715202004e-13,-558461.4730488075,628827.326941468,577.8570809971992,4477.267598552343,-24916.393163148437,-54689.06670466642
2023-05-17,5703.682326973075,12219.222222222224,125916.06996952592,209.33407554416104,90,449,0.31073794444444447,0.08571423877047081,5.684341886080802e-14,-488388.2655363775,642741.7287568406,3015.9379575396692,2687.7443694334056,-25984.669240952568,-57463.68673333405
2023-05-18,-2481.844802424469,-1050.0000000000018,108088.79598658023,225.87495702160214,90,444,0.30174222222222224,0.08377335574430905,0.0,-481514.0112255716,622313.3217904057,-959.0221753396366,-1522.8226270848318,-29729.918756091127,-56752.11775273619
2023-05-19,10031.131052241848,3764.0217391304354,127255.61497616378,222.3014847515398,92,452,0.3101260869565218,0.11342974646823246,2.842170943040401e-14,-131972.2032417454,641493.6858426573,951.9375612073568,9079.193491034492,-22005.074176550635,-53818.97792059158
2023-05-22,16663.97288388731,9832.282608695663,160000.2379276365,200.2707466976575,92,452,0.2947085326086957,0.11344520257158008,-2.842170943040401e-14,-478123.83087496896,604131.4777194004,19579.543900418546,-2915.571016531239,-23536.357344719476,-63536.4168266286
2023-05-23,9806.63485463035,11278.444444444433,156817.3119087142,207.44041441441,90,446,0.3036427777777778,0.12062463613626448,8.526512829121202e-14,-433943.8214736351,623067.1941047685,17414.406987441576,-7607.772132811227,-29605.133536962614,-68809.46151414116
2023-05-24,11834.688250643367,13536.000000000005,171453.1960171081,232.2917519208257,90,443,0.3109874444444445,0.1328450877527161,8.526512829121202e-14,-180158.0484083222,640629.9114710278,17580.27564476044,-5745.587394117074,-31260.90250555448,-74124.20150983152
2023-05-25,4867.5639975917165,12603.409090909094,183835.20366032826,271.8991183746071,88,440,0.30137386363636365,0.13916079263150782,-5.684341886080802e-14,-570497.1709947768,628052.2830854224,9122.137892976694,-4254.57389538498,-41363.136035864954,-87321.93695094703
2023-05-26,320.0051214746371,-3404.545454545454,156120.30767589502,134.53710302827946,44,216,0.32614204545454545,0.12384934264966964,0.0,4735.284037770889,656642.0151939922,-4105.37133026899,4425.376451743627,-38844.6089005274,-77874.68581950116
2023-05-30,-950.1979242220117,7179.545454545462,192299.56235871642,128.56184585488091,44,219,0.3304806818181818,0.1437263356519624,-5.684341886080802e-14,-54192.89560929156,665628.5173479252,284.2950197690036,-1234.4929439910152,-49153.65035975599,-97228.5409494351
2023-05-31,-5127.914560845775,14486.36363636363,162948.01503836171,125.89141272599403,44,219,0.322025,0.13684209052626858,2.8421709430404007e-13,-100148.44098570874,648955.4419415509,-2797.6525239088696,-2330.2620369369015,-45990.8097331622,-86727.81349275263
2023-06-01,25408.23376510178,18165.21739130435,148666.39483359398,151.6444878935489,46,221,0.3009869565217392,0.12803220852156555,-1.1368683772161603e-13,-311695.0324368133,607980.6773505273,15807.247696933011,9600.986068168768,-11910.009431190263,-49076.60813958876
2023-06-02,5236.484316768424,898.1818181818242,131394.21825153497,155.75429539823344,44,215,0.28885,0.11766246851494168,-2.8421709430404007e-13,-196521.26400070393,584393.3284235301,-4233.716134937288,9470.200451705712,-27767.824541513553,-60616.379104397296
2023-06-05,130.74535110162992,2744.999999999995,152728.94091353024,134.9564233915063,44,220,0.30585931818181816,0.13278998945705212,0.0,43172.27992343742,617087.5537570738,-3135.2336631160706,3265.9790142177008,-38186.44630067244,-76368.68152905499
2023-06-06,14446.666034757358,5370.45454545455,127973.692073556,165.9459423676288,88,440,0.2791755681818182,0.1076500056841334,1.4210854715202004e-13,-325758.5177798635,570877.3745196427,11431.061093394732,3015.604941362627,-17712.702925999267,-49706.12594438827
2023-06-07,10053.573957492288,10341.999999999989,155990.95955768094,146.9875999900374,90,449,0.2774922222222222,0.12492423831475971,-8.526512829121202e-14,-128786.18121228786,563086.8996559737,4582.067945753425,5471.506011738865,-29091.153531917982,-68088.89342133822
2023-06-08,-4095.1621957415255,-4087.5555555555566,146567.39693198237,168.13270547829504,90,445,0.27039322222222223,0.12407266893974576,2.842170943040401e-14,-155183.7448469267,551716.7841101831,-338.7243998511066,-3756.437795890418,-40905.144134215414,-77546.99336721099
2023-06-09,-5702.329170548839,-2917.045454545464,118882.44708733566,181.90057293032453,88,435,0.2648630681818182,0.11727304730935942,-8.526512829121202e-14,-203325.4408576405,541417.9738189558,6271.617090143014,-11973.946260691853,-35604.84151531308,-65325.45328714699
2023-06-12,14632.23440470855,12454.444444444443,121454.82115667271,162.8636472781793,90,445,0.25792444444444446,0.12220583294087493,-5.684341886080802e-14,-179029.07922589107,524912.4676453937,3207.5509770929093,11424.68342761564,-15894.334531737808,-46258.039820905986
2023-06-13,6006.645556157863,8298.888888888892,130874.01659875647,188.39052415579374,90,443,0.2696188888888889,0.10678712370287871,0.0,-114803.19544836196,552472.0973270914,4050.908552306967,1955.7370038508955,-26900.24911768705,-59618.75326737617
2023-06-14,7013.065251226312,7612.222222222222,132456.1762183968,206.02229399258422,90,445,0.2626494444444445,0.12394241866701873,2.842170943040401e-14,-224575.14068866454,540919.4898888696,5246.812357316854,1766.2528939094584,-26307.001097365475,-59421.045151964674
2023-06-15,10766.137185562451,9784.444444444454,153517.0714146603,193.81221045623334,90,447,0.26057555555555556,0.13652884519015204,5.684341886080802e-14,-397755.26975969976,535595.6353966162,-3421.202203458449,14187.339389020899,-27806.942878558857,-66186.21073222395
2023-06-16,9666.059859536308,-771.860465116282,149744.10325152022,203.26121706681266,86,429,0.2596226744186047,0.14458884767019942,1.4210854715202004e-13,-282440.15447194164,534576.2158455597,-764.1753161241425,10430.235175660451,-27973.227170410562,-65409.252983290615
2023-06-20,7328.118062702377,7826.521739130436,92194.55501745947,196.56676637158935,92,453,0.2495258695652174,0.08207352825937608,-8.526512829121202e-14,-190527.60996397675,510794.9106574212,-2967.5234803689805,10295.641543071357,-15917.087458034079,-38965.72621239894
2023-06-21,9528.714776910634,9874.347826086969,82339.27170749972,199.51328538335386,92,452,0.24705375000000004,0.08298772189523569,-1.7053025658242404e-13,-281641.9008652397,506422.8784141975,1495.1787252182273,8033.536051692406,-11255.61643534765,-31840.43436222258
2023-06-22,7860.3452902579065,7483.333333333336,88644.75726262674,194.4981076536445,90,447,0.25459,0.08186176959518995,-8.526512829121202e-14,-132321.30687501,520870.9610788554,4746.472107790909,3113.873182466997,-14495.342133052422,-36656.5314487091
2023-06-23,6712.896878131287,1665.7954545454525,138431.85976601948,231.44842749417106,88,438,0.26608011363636364,0.0882435325065103,-2.842170943040401e-14,177339.02431265853,550449.462839089,831.4866867472164,5881.410191384071,-28126.516490867754,-62734.481432372624
2023-06-26,-1437.210619605792,1570.1190476190488,170189.83277696816,230.02197184160156,84,411,0.26649285714285714,0.17283916464030832,0.0,-544469.0462507108,549662.4473087884,3964.775137796502,-5401.9857574022935,-44214.69078568944,-86762.14897993147
2023-06-27,4400.61518710907,3235.568181818185,158813.81630540732,205.3151288174138,88,436,0.26152539772727273,0.15834042447012928,-1.9895196601282805e-13,-192974.49555351058,534976.0670592906,6215.850215310678,-1815.2350282016089,-35508.15401806017,-75211.608094412
2023-06-28,6403.71221375539,4986.363636363637,138898.55993650376,183.3566974179934,88,439,0.2663761363636364,0.14296934277479958,1.1368683772161603e-13,-231137.2843037264,542829.4945922658,-1079.6581431343427,7483.370356889733,-28504.284467788544,-63228.924451914485
2023-06-29,8811.518208153819,8413.333333333332,144973.66485140455,244.35219070085498,90,444,0.25697111111111115,0.1429140857867572,5.684341886080802e-14,-558413.875709153,531604.139237508,-3613.6699320530497,12425.188140206868,-27676.250195398174,-63919.66640824931
2023-06-30,10093.060130341259,7741.1111111111195,151275.82416143696,290.8207562868805,90,444,0.2541288888888889,0.14300490166122806,-1.4210854715202004e-13,-324312.29995545465,529737.1208738656,2402.2415204601853,7690.818609881074,-28016.716666304863,-65835.6727066641
2023-07-03,-1592.848534913287,-8489.545454545454,128042.54224354835,159.20656303857265,44,220,0.29385227272727277,0.11741253161413386,-1.1368683772161603e-13,41487.781701687665,593325.4083072006,5512.013867653501,-7104.862402566788,-33762.69065883895,-65773.32621972603
2023-07-05,1345.446684654244,-2409.347826086958,149273.4620673958,146.18375527643317,92,458,0.29849478260869566,0.11181458804445092,-1.7053025658242404e-13,-75051.01265466976,605127.4464845707,9734.387506365354,-8388.94082171111,-36119.10258747114,-73437.46810432008
2023-07-06,8062.641495980246,3678.260869565223,125834.09593974242,154.1516250561706,92,459,0.29709782608695656,0.11238440132819547,1.1368683772161603e-13,-85319.50807127476,601618.843224596,2278.3187037440784,5784.322792236167,-23550.034114011527,-55008.558098947135
2023-07-07,996.9367256309749,-4284.7826086956475,121013.70551271587,165.39505344922577,92,459,0.2938581521739131,0.10046108122835662,8.526512829121202e-14,-147351.1235198244,598561.2302757372,841.5506894250317,155.38603620594336,-29421.884705997218,-59675.31108417618
2023-07-10,5848.128583415795,6544.574468085103,115020.29108420409,167.1497824380182,94,463,0.2864468085106383,0.10405811059661751,-1.1368683772161603e-13,-137887.9709987782,583168.00001571,4820.898307935827,1027.2302754799694,-23074.093970073245,-51829.16674112427
2023-07-11,5345.217201076649,5138.29787234042,110204.09130540333,162.53653282941812,94,464,0.2907632978723404,0.092438059460193,-1.1368683772161603e-13,-208233.79084842568,590700.3285973121,-1302.2223186525655,6647.439519729214,-22368.342158103602,-49919.364984454434
2023-07-12,5492.040213481451,2341.4893617021257,107844.6644032479,159.46213759636854,94,465,0.2825984042553192,0.09834850733165273,1.1368683772161603e-13,-147812.3509026637,573203.5012654557,4117.1942318406445,1374.8459816408065,-21628.588024926892,-48589.754125738866
2023-07-13,2012.7526903540388,4390.425531914899,134277.59611023092,147.41630342763273,94,465,0.2890622340425532,0.10770841292754336,-2.2737367544323206e-13,-101078.5575787108,586124.1003931202,1512.5777993000593,500.17489105397954,-31704.062640631324,-65273.461668189055
2023-07-14,-8625.36796253996,-9728.260869565218,123388.89743648403,163.69322819713875,92,459,0.29530163043478264,0.10623001316018879,-2.2737367544323206e-13,-86815.79169856079,598489.4926083005,1209.1069744297652,-9834.474936969726,-39636.285549858105,-70483.50990897912
2023-07-17,5335.590186359018,2876.5957446808416,70422.24332213054,183.6505688671897,94,468,0.30147606382978726,0.057482024030667725,8.526512829121202e-14,-100803.90910385658,617633.2449491773,6058.121685656853,-722.531499297834,-12453.621213040806,-30059.18204357344
2023-07-18,2595.6983990622934,6100.000000000002,77342.00400992876,223.8495055101017,94,469,0.2880526595744681,0.06616295478010523,5.684341886080802e-14,-332666.3434795653,596065.8419521025,11909.529820764052,-9313.831421701758,-16963.652108929997,-36299.15311141219
2023-07-19,2128.5591592379346,6599.999999999992,73669.12512409927,214.4271262029393,94,463,0.3020595744680851,0.06290297070922685,0.0,-210362.60249390794,619869.5047532918,3495.6820241940313,-1367.1228649560965,-16503.149247989822,-34920.43052901464
2023-07-20,8321.085706820386,5307.446808510643,73162.88848423195,218.82709671989934,94,464,0.30156861702127663,0.05901112667872679,-1.4210854715202004e-13,-214254.0089984473,620414.7505450278,-7302.467492508307,15623.553199328693,-10188.463510957501,-28479.18563201549
2023-07-21,8240.812462679478,-4048.913043478269,80591.1453271047,206.6673137109948,92,457,0.30714891304347824,0.0711513710481421,-8.526512829121202e-14,-114011.37348749703,628543.0388883313,-1501.4883489898289,9742.300811669305,-12113.641182807694,-32261.42751458387
2023-07-24,19810.126107461114,27377.65957446809,122098.16118590593,204.1057870202644,94,465,0.28947021276595747,0.0966335142955085,-2.842170943040401e-14,-141361.67864669644,591077.385501476,12936.942202508168,6873.183904952946,-10918.519976035634,-41443.06027251211
2023-07-25,-1735.681326616379,8756.91489361702,123883.8441238197,216.65824810298628,94,463,0.2924306914893617,0.10217585362433551,-8.526512829121202e-14,-94114.9089358064,597146.125789395,-2675.839472586478,940.1581459700994,-32923.30060567429,-63894.26163662921
2023-07-26,18872.528826608766,28581.521739130454,119885.00866745219,216.60788953437398,92,459,0.3015445652173913,0.10631460217773415,8.526512829121202e-14,-172882.72926206113,618776.1253737492,7456.475766804133,11416.053059804633,-11315.331229788655,-41286.5833966517
2023-07-27,1843.4306630721603,8765.957446808508,112049.57294039689,187.82319959136956,94,465,0.30406755319148937,0.09262645052804568,-1.9895196601282805e-13,-230991.90842784368,618218.3377789531,-11390.253070400717,13233.683733472877,-26356.785771618434,-54369.17900671765
2023-07-28,5031.613964986974,9479.14893617023,118726.09227309046,242.415900060329,94,461,0.2976622340425532,0.09681957693215092,5.684341886080802e-14,-279625.01038287545,609282.216722595,-3226.7156854443024,8258.329650431278,-24892.32500334597,-54573.84807161859
2023-07-31,-19419.462969011453,2968.913043478265,107324.00008003994,169.75166500098112,46,222,0.3065529347826087,0.08602827049523606,0.0,25464.54770260249,620015.1311892117,111.80763239083845,-19531.270601402288,-46420.21465402242,-73251.21467403241
2023-08-01,1792.9300388815248,16868.829787234037,106816.00014327049,142.2258249734505,94,461,0.3031560106382979,0.08515050285681577,8.526512829121202e-14,-92870.73769606724,612627.8954119016,16657.51519042099,-14864.585151539464,-25053.29582190955,-51757.29585772717
2023-08-02,-5374.411508759183,19618.191489361703,126951.00065580229,181.53034002151642,94,466,0.31016856382978725,0.10334153417488612,-2.842170943040401e-14,-114654.79719379217,630962.7419525253,4155.147895184058,-9529.55940394324,-37293.69201273128,-69031.44217668184
2023-08-03,-1894.0740880109893,8969.042553191486,119692.08884966632,166.0844064526857,94,466,0.29947659574468083,0.10192801824756072,-2.2737367544323206e-13,-129578.60277775284,607774.2694301928,-3458.9000868916223,1564.825998880633,-31983.180706880255,-61906.20291929683
2023-08-04,1445.3245834686866,-3860.319148936173,127752.11759813961,146.61166561162952,94,462,0.3042601595744681,0.09996749374914145,-2.842170943040401e-14,-238309.42978044032,617961.5793212936,-11552.45434704066,12997.778930509347,-30639.316481677844,-62577.34588121274
2023-08-07,-8382.80794308758,8722.82608695652,112329.3394551095,151.50000560605878,92,459,0.2987967391304348,0.09208177566752833,-2.842170943040401e-14,-101101.18206763797,605061.2958513784,8855.752846493477,-17238.560789581057,-36616.642812471015,-64698.97767624839
2023-08-08,7031.819172733371,6807.446808510639,125394.00929005082,154.7373152198901,94,466,0.3018824468085107,0.10647046005112411,2.842170943040401e-14,-113944.00329280835,613969.8260587692,7303.2160205257105,-271.39684779233954,-24471.42046499922,-55819.92278751193
2023-08-09,3637.8082709859696,8314.583333333341,136280.38012450666,184.40579463498509,96,471,0.306584375,0.10128491131579236,8.526512829121202e-14,-222424.95678319613,626437.5471915773,-3780.5704752947295,7418.3787462806995,-30616.69255477568,-64686.78758590235
2023-08-10,4232.345229464976,5085.851063829794,123753.91817119073,187.28255800570477,94,462,0.3031920212765958,0.10384440119618991,-1.1368683772161603e-13,-288442.9847176275,623015.714264064,-4942.355692210189,9174.700921675165,-26893.41687133841,-57831.89641413609
2023-08-11,-776.7720524002395,-3767.021276595748,117754.10843921492,174.79932619387202,94,468,0.28940478723404256,0.10744779949673076,5.684341886080802e-14,-87299.20443987123,592591.7534459806,-5682.287319514809,4905.515267114569,-30390.09848839784,-59828.62559820157
2023-08-14,7982.312145079868,1058.510638297873,92163.90673215342,227.96720390960525,94,470,0.2876984042553192,0.0750428933063078,-2.842170943040401e-14,-281849.43382365734,596370.7513181356,17156.08831909043,-9173.776174010565,-15286.631741868094,-38327.608424906444
2023-08-15,-947.6179863973463,3567.0212765957353,99058.99033234688,195.92567114589414,94,470,0.2953813829787234,0.08554361406954315,0.0,-71180.64414048324,607206.9828594766,2211.7335213283804,-3159.351507725726,-25908.29124062996,-50673.03882371668
2023-08-16,12276.320282305396,11427.70833333334,105836.6518193304,236.3667541631058,96,471,0.29911145833333336,0.09000373499072946,-1.4210854715202004e-13,-188038.42448279442,619454.5873458484,6776.549258740295,5499.771023565101,-14419.209426690308,-40878.37238152291
2023-08-17,3916.4736444444807,12527.659574468087,97074.62117015437,219.8645787339244,94,467,0.3131377659574468,0.08269436273414406,5.684341886080802e-14,-97438.8836249822,644714.1509520443,-3241.7568005523076,7158.230444996788,-20572.046226828035,-44840.70151936663
2023-08-18,-5607.668330001317,-5232.978723404254,92245.95531871867,235.74529751099195,94,463,0.30427180851063834,0.08209750084186127,0.0,-226092.58258733098,628930.5690245596,-16069.697613711434,10462.029283710115,-28904.902457191976,-51966.39128687164
2023-08-21,11173.840432199231,8644.893617021267,122967.01917281226,230.2435656553566,94,463,0.29897872340425535,0.10088310458447121,-2.842170943040401e-14,-47537.9422131645,616428.1051746405,10039.874429939324,1133.9660022599076,-19798.15792665919,-50539.91271986226
2023-08-22,11205.47329901632,12818.936170212764,129487.97921457555,201.97131988212578,94,467,0.2959238297872341,0.11364701149314545,-2.842170943040401e-14,-55532.51103352431,607486.2587534725,-7426.077410680299,18631.550709696618,-21368.492824509696,-53740.48762815358
2023-08-23,7563.25473121627,15300.212765957443,124438.89764196522,272.66108319176357,94,470,0.27815425531914895,0.10881734916873834,1.1368683772161603e-13,-339966.8874548837,581012.0791853595,7958.948047974508,-395.69331675823804,-23819.130762466797,-54928.8551729581
2023-08-24,3321.606306895014,4401.702127659585,137129.03181410665,277.31706152037754,94,464,0.2822425531914894,0.12330351185166835,2.842170943040401e-14,-262891.38486381184,592137.37982142,-10334.264486694414,13655.870793589429,-31237.968708152028,-65520.22666167869
2023-08-25,9606.302203755378,9916.086956521727,109412.66496692784,129.0093079809179,46,224,0.27207239130434785,0.11625671240447598,-3.979039320256561e-13,-116224.49893861734,548188.2296689098,-11827.767281177321,21434.0694849327,-17875.8733459575,-45229.03958768946
2023-08-28,7987.149617699522,8158.695652173913,102408.65045910864,165.7519319199484,46,225,0.29103695652173917,0.10168998629892428,0.0,-13297.74089191248,589241.1068635721,-6671.047079950656,14658.196697650177,-17780.76492899759,-43382.92754377475
2023-08-29,-4144.345796492043,421.7391304347782,146313.72120625715,149.41926082952773,46,223,0.2816576086956522,0.09242471220567654,-5.684341886080802e-14,-192224.56234248405,569440.5372113877,-5503.341681732223,1358.9958852401803,-40872.19535888586,-77450.62566045014
2023-08-30,6666.8502011055025,20927.045454545452,126581.92484400759,143.86530775314122,44,213,0.2676727272727273,0.14109997895183446,-2.8421709430404007e-13,-231897.5963893041,541882.8446534519,-198.56269813766744,6865.412899243169,-25122.496317649537,-56767.977528651434
2023-08-31,-310.72730578787116,-1508.6956521739032,96683.41641540655,160.8277325424989,46,224,0.2649282608695652,0.10929296334592128,-1.7053025658242404e-13,-241713.33641799854,536611.2014063959,-1438.9432416303564,1128.2159358424851,-24642.40914218201,-48813.263246033646
2023-09-01,-3033.602854472996,-5800.000000000019,74567.58586314687,170.61015531211126,46,225,0.26091521739130435,0.07897536668330225,-1.7053025658242404e-13,-70932.35757013744,529585.9774081572,1084.77324143943,-4118.3760959124265,-21846.109475571826,-40488.00594135854
2023-09-05,12015.095891203186,5611.702127659569,92796.03484002249,193.81442403763089,94,466,0.2523691489361702,0.10067129518796417,2.842170943040401e-14,-213133.97581375128,519606.993139935,11172.037965029614,843.057926173572,-11377.727242840068,-34576.73595284569
2023-09-06,1171.7701407427626,2365.000000000003,96304.13376804747,176.76134274383543,94,469,0.25780744680851064,0.0974392830610936,-1.7053025658242404e-13,4062.8104184966787,526664.5510574798,4124.545352744673,-2952.775212001911,-23081.024644012938,-47157.05808602481
2023-09-07,9578.905872270474,6122.127659574467,85742.59765715303,164.6239340063746,94,464,0.2604268085106383,0.08844729311942469,8.526512829121202e-14,-20939.942521492485,530259.421556668,-3068.799958719883,12647.705830990357,-12021.36747602416,-33457.01689031242
2023-09-08,6477.3388303286565,2802.553191489359,85751.49519624792,184.35550142162109,94,463,0.24750957446808514,0.0909475055817835,0.0,-38387.05328722147,509264.65571254276,-3860.0879628991256,10337.426793227782,-15144.890470154947,-36582.764269216925
2023-09-11,-6686.213678513636,-1362.9166666666656,86065.01089991098,183.73773688349772,96,472,0.24723312500000003,0.08490386658173432,1.1368683772161603e-13,90784.62695645238,509171.1310873395,4110.024885968852,-10796.238564482488,-28386.204140374877,-49902.45686535263
2023-09-12,10773.159170467914,6336.979166666669,91141.92500584974,193.90168636864135,96,473,0.2517713541666667,0.08900472125589333,2.842170943040401e-14,123015.05519882034,517492.49288465135,7680.359880308457,3092.799290159456,-12206.223767363163,-34991.705018825596
2023-09-13,7898.245833513005,3320.000000000002,100160.97444006878,186.7930224246272,96,472,0.246920625,0.0994368139818479,0.0,-33295.501244049454,505958.504957918,2021.0977804224294,5877.148053090576,-17328.790798928818,-42369.03440894601
2023-09-14,6667.491954085002,7392.708333333342,97874.61722237378,248.81790248384272,96,472,0.23166406250000002,0.08914883529543931,-2.842170943040401e-14,-218965.9341283442,483059.7187380991,5779.7357233997245,887.7562306852776,-18049.980253992286,-42518.63455958573
2023-09-15,13209.366416853787,7746.808510638298,107728.02569865856,216.9144331541774,94,462,0.24515053191489364,0.138251162266603,-2.842170943040401e-14,-133806.54659819524,510520.69923203735,2324.3086470801577,10885.05776977363,-13939.55444096503,-40871.56086562967
2023-09-18,5935.095677958937,4337.499999999999,71359.55177387268,215.54688074973748,96,472,0.24140468750000002,0.07401434673278574,-1.9895196601282805e-13,-143259.59448840938,500702.46775580203,4014.753128939527,1920.34254901941,-12120.339146258972,-29960.22708972714
2023-09-19,4131.13358804908,3023.7499999999977,66568.16865564762,242.2950802277314,96,471,0.24417291666666666,0.06905570979086918,-5.684341886080802e-14,-88397.06156675596,511739.4240255468,2263.3594709273916,1867.774117121688,-12753.203656090556,-29395.24582000246
2023-09-20,17578.255245507564,10045.937500000002,77407.97052372305,179.80643329122194,96,471,0.25191364583333337,0.07441659507683272,5.684341886080802e-14,-305052.16470049304,516503.1666692799,32526.386469354788,-14948.131223847224,-1953.5438187144211,-21305.536449645184
2023-09-21,7419.706244629654,5392.812499999995,80530.805241187,206.7563909764461,96,474,0.27102921875,0.0801235668759495,-8.526512829121202e-14,-395639.6980511768,556288.9656870868,3455.3011027738353,3964.405141855819,-12919.751456643542,-33052.45276694029
2023-09-22,3947.13616375565,-1569.7916666666713,72466.81999742589,182.0353577686001,96,472,0.27543802083333335,0.07042290304657865,-8.526512829121202e-14,-310392.0518470514,560660.346313348,-801.7423963312234,4748.878560086873,-14351.604193369421,-32468.309192725894
2023-09-25,5192.1198657020495,4637.083333333332,108622.81808569057,199.92341018586586,96,472,0.27099187500000005,0.09886207703407356,-1.9895196601282805e-13,-244009.58719876618,554912.8940016675,17986.92598482562,-12794.80611912357,-22163.50806590646,-49319.2125873291
2023-09-26,6762.72689717739,5708.645833333347,105644.01251614667,217.12272948975018,96,474,0.2878390625,0.09269847609793012,-5.684341886080802e-14,-239607.1172999052,591476.7535905308,847.475689690387,5915.251207487003,-19865.39896134903,-46276.402090385694
2023-09-27,4091.9509818454403,3260.625000000007,111620.93903918412,216.17663361672808,96,472,0.2901634375,0.10071697793127891,0.0,-179013.64145670595,593806.364947121,-2471.660157152859,6563.6111389983,-24029.460411567317,-51934.695171363346
2023-09-28,8759.367993662952,7737.234042553196,120738.40611946072,236.1867197705834,94,469,0.2755654255319149,0.11506565278824375,5.684341886080802e-14,-187522.6493669013,567638.7167051071,-325.13379568404,9084.501789346992,-21661.42025597281,-51846.02178583799
2023-09-29,-17254.01714660584,-4634.04255319149,118485.07574328194,217.09445290743793,94,469,0.286918085106383,0.10563372009012743,-5.684341886080802e-14,-188247.9137491238,590320.5793312176,11470.078195020964,-28724.095341626806,-47092.38053533376,-76713.64947115425
2023-10-02,5495.437907854222,602.1739130434798,113603.446402994,144.7409713224868,46,226,0.28020434782608694,0.09108481388703103,5.684341886080802e-14,-186713.6703004312,567440.2623738085,21009.483737849812,-15514.04582999559,-23050.164664216765,-51451.026264965265
2023-10-03,957.1547709452776,1569.1489361702102,114477.97082808902,178.34371864297108,94,470,0.3052984042553192,0.08922140777410396,-5.684341886080802e-14,-142273.34163778165,624548.8980057671,-7035.274102814293,7992.428873759571,-27840.68165471995,-56460.1743617422
2023-10-04,-1084.7538339323153,-1642.5531914893584,97445.2264372607,199.51441979658972,94,467,0.30029787234042554,0.08482718201016486,0.0,-96020.5030106619,617260.309872886,-1268.7168804751614,183.96304654284572,-25645.57486304408,-50006.88147235926
2023-10-05,3266.561520833961,295.83333333334787,120204.27464062683,184.36875835627836,96,471,0.305496875,0.08237725686264542,-1.1368683772161603e-13,-143503.8948335582,624229.8692470348,-2673.458779118695,5940.020299952656,-26968.875897679023,-57019.94455783573
2023-10-06,5390.854164376676,4679.7872340425465,101970.36508069682,173.23220224888385,94,470,0.2981936170212766,0.0892638269366756,0.0,-108652.89046309254,609479.3434981208,-1060.6763582017452,6451.5305225784205,-20274.969308046413,-45767.56057822062
2023-10-09,10466.606070068083,9822.916666666666,106547.98422085171,179.57989023261172,96,471,0.30669375000000004,0.083845399543148,8.526512829121202e-14,-205861.73224967968,625462.7927445096,-2219.4522184987804,12686.058288566863,-16349.969875377456,-42986.965930590384
2023-10-10,-9527.088045499928,-3430.8510638297876,96120.76070967314,181.83762526768862,94,470,0.2990265957446808,0.08221395346277532,-2.842170943040401e-14,-238282.46777597914,609289.9855373128,-2084.5086798405764,-7442.579365659352,-33739.1158481859,-57769.306025604186
2023-10-11,5541.3172997712345,7306.276595744678,107528.10575683815,158.54219438844495,94,468,0.31055425531914893,0.0854381104107307,2.842170943040401e-14,-188140.18515555363,630141.9259485416,9896.243602356519,-4354.926302585283,-21499.25133382675,-48381.27777303629
2023-10-12,10651.519329077937,5235.625000000004,100239.50118891067,176.52328772074776,96,473,0.318394375,0.07432062637471942,5.684341886080802e-14,-252773.88864934287,648986.0475912659,16589.401019886514,-5937.881690808577,-14584.879255870477,-39644.754553098144
2023-10-13,1057.6949036474643,1542.5531914893643,117331.15951712128,187.99678896377029,94,468,0.3271026595744681,0.09216321854064206,-8.526512829121202e-14,-215307.13147827514,667736.7951364568,-16123.612510675865,17181.307414323328,-28463.091764596626,-57795.88164387695
2023-10-16,5401.847721415829,3801.0416666666674,103562.3275724291,196.4426252936376,96,474,0.32336354166666664,0.08673995999427066,8.526512829121202e-14,-227851.12104294877,662779.4481530556,3087.4835785946143,2314.364142821214,-20685.176796985084,-46575.75869009236
2023-10-17,-721.6228803284785,1810.212765957432,105926.37133840757,207.7335628685991,94,470,0.31503845744680853,0.07125945186737653,5.684341886080802e-14,-320681.3412780272,648766.665592538,22300.190222590387,-23021.813102918866,-27410.94927779897,-53892.54211240086
2023-10-18,7342.7604105032515,5590.000000000004,110730.03836434781,232.4191102001499,94,464,0.31405691489361703,0.08225258570163384,8.526512829121202e-14,-403639.6732878472,647612.3727079644,2399.4579828094875,4943.302427693765,-20572.16829078385,-48254.677881870804
2023-10-19,11231.562370406882,4268.936170212752,114628.06936115285,221.57652494220784,94,467,0.3283177659574468,0.08272703476561982,0.0,-235127.77923782013,674132.6502165848,9737.190200960353,1494.3721694465291,-17647.03149482354,-46304.04883511175
2023-10-20,13011.981171200181,5898.085106382987,93620.69434566502,232.10937808370178,94,465,0.33844531914893616,0.07415834404337847,-8.526512829121202e-14,-217300.96709463536,695921.0891599493,-8809.008169870727,21820.98934107091,-10625.301793299775,-34030.47537971603
2023-10-23,12145.871142574691,13067.021276595748,121817.22739585678,198.07577809529246,94,470,0.3319382978723404,0.08633095122539332,2.2737367544323206e-13,-261607.06882157232,680544.2391794117,-6277.139447146696,18423.010589721387,-18506.511484484796,-48960.818333448995
2023-10-24,14254.248097896785,16724.468085106386,124695.02338212833,206.90381022568488,94,462,0.33017606382978726,0.08435012640117003,2.5579538487363607e-13,-374536.1225305838,674315.6913942172,12256.249662899048,1997.9984349977376,-17126.41155786098,-48300.16740339306
2023-10-25,5644.803974983055,14526.595744680844,125326.12675776849,235.05842537967618,94,469,0.3429505319148936,0.08755989944323836,-1.1368683772161603e-13,-415468.13993186876,706804.0765820226,4834.1431096703445,810.6608653127108,-25921.786139838747,-57253.317829280866
2023-10-26,12962.517989582735,12518.020833333334,139491.76917025622,209.71559799474244,96,471,0.35006875,0.08466960002558806,-5.684341886080802e-14,-387691.32988153794,715955.2074482094,7146.486440814146,5816.031548768589,-22120.13990097606,-56993.08219354012
2023-10-27,15425.382461777603,-3875.543478260884,132353.04306514398,184.47676872291308,92,456,0.3640715760869565,0.09343993228529898,-5.684341886080802e-14,-191708.55032597715,739205.0004533208,-11295.729970676346,26721.11243245395,-17847.355073231305,-50935.6158395173
2023-10-30,6919.940986587956,3065.217391304337,120769.91697845006,133.95526175391706,46,226,0.3536576086956522,0.08997936288869433,2.2737367544323206e-13,-197746.88265305775,712171.7080374042,-5666.367216207352,12586.308202795308,-23406.493519778473,-53598.97276439099
2023-10-31,4986.417162870983,12024.468085106382,112446.86150807237,170.88769438067888,94,465,0.3408462765957447,0.0788001605029682,-1.4210854715202004e-13,-71069.3121472155,692396.5352704203,-4305.410520198457,9291.82768306944,-23296.185908527787,-51407.90128554588
2023-11-01,22633.16690856503,26690.74468085106,122954.81952682296,147.3119323274423,94,468,0.3354244680851064,0.09940266111164661,-8.526512829121202e-14,-80295.92447087588,678972.3430624574,2323.8164016900278,20309.350506875,-8252.849905468154,-38991.554787173896
2023-11-02,-3938.0030959349674,12407.55319148936,106362.26363857593,152.0070344942644,94,468,0.3135140425531915,0.07492211093785488,8.526512829121202e-14,-74251.65708133951,635288.0285333758,3264.9120758094714,-7202.915171744438,-30680.576040073214,-57271.141949717196
2023-11-03,-3839.9259523464016,-9622.340425531915,108446.63319198987,150.75379503038133,94,464,0.294211170212766,0.10032305146914572,-1.7053025658242404e-13,-70102.23789542515,596261.2891326078,-7850.119177699606,4010.193225353204,-31102.33804537425,-58213.99634337171
2023-11-06,3535.158784369102,2656.170212765962,93486.96363226352,148.33305378472352,94,470,0.2907308510638298,0.08014906824925168,-1.1368683772161603e-13,-30865.356952533773,589346.7524835805,-3175.6808488286374,6710.839633197739,-19984.915177481504,-43356.65608554738
2023-11-07,3765.5132134256764,19461.382978723395,107755.69481217016,161.2215171230783,94,469,0.2940873936170213,0.08230617837105796,-1.1368683772161603e-13,-120555.2901378217,596294.898217376,-2615.428493763621,6380.941707189298,-23334.632006739943,-50273.55570978248
2023-11-08,5853.491652114701,8396.808510638297,116470.24230162668,169.50931822353886,94,468,0.28785851063829787,0.09742811185474459,1.4210854715202004e-13,-69849.15815432226,586989.6563639679,6611.759296429563,-758.2676443148628,-23433.578241515508,-52551.138816922175
2023-11-09,1800.2205341081049,588.2978723404262,106080.5968810499,159.54230983582005,94,468,0.2875148936170213,0.09519072230533636,8.526512829121202e-14,-104886.80245618177,584315.2837910196,2054.2614485975523,-254.04091448944715,-24879.47099599019,-51399.62021625267
2023-11-10,9396.070118434833,5215.624999999999,90273.62264913265,176.02535832717902,96,472,0.27963802083333333,0.08540850302706438,5.684341886080802e-14,-118022.98023227064,570581.7832757725,-4241.941135766965,13638.011254201798,-13348.36090217551,-35916.766564458674
2023-11-13,4656.983620117335,6227.446808510645,68692.98432326001,188.78437501024752,94,466,0.28500159574468087,0.05958295392079382,-2.842170943040401e-14,-124108.85263544289,584100.1265720254,14102.8585434103,-9445.874923292966,-12705.046835707915,-29878.292916522918
2023-11-14,-15422.03473912337,-409.3617021276686,75172.99934167007,220.21043111176164,94,465,0.27587329787234044,0.06920638581833508,-8.526512829121202e-14,-75868.01797134013,568517.1057338923,5382.244609266013,-20804.279348389384,-34435.49500565264,-53228.74484107016
2023-11-15,-6141.40678231499,7695.744680851056,81696.1634448795,214.21201881386762,94,470,0.2752675531914894,0.07139352245284937,-2.842170943040401e-14,15484.38595745825,570800.7388174129,1742.5163414304632,-7883.923123745451,-26779.65966234873,-47203.7005235686
2023-11-16,2530.043491365923,3065.957446808516,71122.53911684697,220.17937266194818,94,466,0.2797441489361702,0.06085572922539949,-1.7053025658242404e-13,-216366.58868882354,578140.2307828575,-5595.143843741285,8125.187335107208,-15470.770660507767,-33251.405439719514
2023-11-17,-582.1963293247561,-6567.021276595758,75543.06193821922,246.27396794436766,94,469,0.27174734042553195,0.07664928779609984,-1.1368683772161603e-13,-268479.16254074936,564187.7285844941,-12134.863131758719,11552.666802433963,-19714.235781823932,-38600.001266378735
2023-11-20,12987.938850480137,19397.872340425532,117958.84241314199,237.65348416161922,94,469,0.26746542553191494,0.10290507272163982,-1.4210854715202004e-13,-35141.04768230668,552434.5640286037,2326.7928142852465,10661.14603619489,-16739.42523696698,-46229.13584025247
2023-11-21,7849.163855693038,10620.957446808507,104408.0964251631,252.62303564774896,94,464,0.25795787234042555,0.10273393843839038,-1.7053025658242404e-13,48147.93733814863,532922.6968802491,-7084.141158037863,14933.3050137309,-18505.483286245486,-44607.50739253625
2023-11-22,465.2693607313944,-3408.5106382978634,110166.6679812953,280.6378684965773,94,466,0.2579627659574468,0.10313117338363587,-5.684341886080802e-14,83508.20419045833,536785.8934014306,-5852.320013040557,6317.589373771951,-27357.035503089006,-54898.70249841283
2023-11-24,3799.325751430929,463.0434782608703,112478.29257769801,173.5858733320868,46,228,0.26235108695652176,0.12495861208781442,5.684341886080802e-14,-121090.6871854242,532049.983494065,-980.527642897667,4779.853394328596,-24493.83326632566,-52613.40641075016
2023-11-27,-393.4619026356361,-4732.608695652172,132011.37633009886,155.4077265543695,46,228,0.28571956521739134,0.09819780369438326,-1.1368683772161603e-13,-136116.11189802358,577603.2981031488,1209.4131203914026,-1602.8750230270387,-33551.71371171472,-66554.55779423944
2023-11-28,22263.5339683701,16962.17391304348,129661.21877984301,144.13964242386592,46,228,0.284574347826087,0.11539493665012268,0.0,2185.724547677448,574548.2300835187,15267.949900338668,6995.584068031429,-10295.91036901452,-42711.215063975265
2023-11-29,10728.97699400713,16576.08695652174,145740.5796494023,125.86571592983668,46,226,0.27243478260869564,0.14318383481844513,1.1368683772161603e-13,-6636.5560362805645,549818.7379704647,4741.430787920431,5987.5462060866985,-25832.033634273284,-62267.17854662386
2023-11-30,-5877.859024041356,3288.91304347828,149166.350582876,159.77947156354574,46,229,0.2867813043478261,0.12853355708611042,1.7053025658242404e-13,-44519.28255701225,579959.9108219442,12400.91520725918,-18278.774231300536,-43329.2261413239,-80620.8137870429
2023-12-01,6024.313254353635,-3164.999999999996,139243.47130604522,155.68561156610542,46,227,0.2856042391304348,0.1257146608403179,0.0,-4667.880502432159,577709.794383278,7132.359404068484,-1108.0461497148492,-28942.240183723778,-63753.10801023508
2023-12-04,9080.834692803148,10705.217391304335,153099.17600605713,139.8779699149006,46,227,0.2830934782608696,0.13212279014741043,-5.684341886080802e-14,-51603.09804360153,570663.0568124788,3729.778587581003,5351.056105222145,-29333.837278626037,-67608.63128014031
2023-12-05,-2473.8559934547343,1186.8085106383023,141750.79816737626,185.09070068438973,94,461,0.2561035106382979,0.13386817975886162,-8.526512829121202e-14,-9797.345010520607,525746.529080704,6530.849513266699,-9004.705506721433,-38096.64623598319,-73534.34577782726
2023-12-06,3807.08488296241,-865.957446808504,142054.98435381407,177.84605007129147,94,462,0.2654063829787234,0.12471143692532696,1.4210854715202004e-13,-80991.72309055053,540556.048830015,9348.82731978099,-5541.74243681858,-31884.5072555624,-67398.25334401592
2023-12-07,9060.092414927416,6062.446808510631,99613.04244270567,180.2073219257463,94,467,0.26353563829787235,0.09194574954800146,-2.2737367544323206e-13,-181367.06164677622,538008.4872031666,-4526.248737470749,13586.341152398165,-16023.375517674747,-40926.636128351165
2023-12-08,11759.250664826248,2230.74468085107,104355.07700641509,209.21933418745718,94,465,0.2620489893617021,0.10862107618664753,-1.4210854715202004e-13,-156833.105665172,537177.4903913661,5774.68576779019,5984.564897036057,-14538.73792096498,-40627.50717256875
2023-12-11,-5495.463946866326,2123.0851063829814,126582.25460127792,194.19223482236976,94,470,0.2664604787234043,0.11539100613483926,-2.842170943040401e-14,-189904.5487415826,546340.7176674625,-1070.0327844359758,-4425.43116243035,-37335.21983200817,-68980.78348232766
2023-12-12,9522.056758420733,4707.446808510649,146379.1912721275,163.12466861301897,94,467,0.2584223404255319,0.12489195458780031,2.842170943040401e-14,43502.81551747619,525366.4195809461,23396.65841593065,-13874.601657509917,-27235.865728224162,-63830.66354625604
2023-12-13,14049.96303827867,9379.347826086958,150042.93727827093,199.96486033539543,92,459,0.25722445652173914,0.12595573446051161,-2.842170943040401e-14,84241.79850939549,527338.0253393791,39875.29279228838,-25825.329754009712,-23660.736141624457,-61171.470461192184
2023-12-14,9216.746388911815,10402.173913043476,136171.2049084892,167.52336721788808,92,455,0.2685641304347826,0.13266850221931345,1.7053025658242404e-13,-33745.370698760715,546884.3386839463,6496.064608525935,2720.681780385881,-24993.57820542837,-59036.37943255067
2023-12-15,10717.50615705602,3818.478260869579,124521.97104430881,192.42719669608584,92,459,0.26059184782608696,0.14697668933530864,-1.4210854715202004e-13,-250996.90817975305,533265.8364627903,-2714.1288871081583,13431.635044164177,-20605.41380071727,-51735.90656179447
2023-12-18,2000.3141403738543,5656.382978723399,86997.93271459713,209.40962163981806,94,470,0.2557420212765958,0.08902501059764913,1.1368683772161603e-13,-171298.65110155032,527726.2472527247,-993.1768334335626,2993.490973807417,-19958.578659915245,-41708.06183856453
2023-12-19,-60.90202177426431,3781.9148936170272,88642.72704587155,173.03207352835506,94,468,0.2562276595744681,0.07700535488239162,0.0,-369129.30960503867,523176.9016288598,18660.50315012329,-18721.405171897553,-22394.61585677051,-44555.29761823839
2023-12-20,5153.435773835701,11712.765957446803,92337.16400504785,226.73483565302692,94,465,0.2718436170212766,0.10027437201850857,8.526512829121202e-14,-43491.73747671892,561914.6773637139,4389.2807851707585,764.1549886649439,-18157.59006307929,-41241.88106434125
2023-12-21,4206.556178918293,6737.234042553185,90014.7486846652,204.54705203718473,94,470,0.2609170212765957,0.08987048757718082,-5.684341886080802e-14,-303261.9488686932,536543.39682188,-420.846879275939,4627.403058194232,-18501.678044285192,-41005.36521545149
2023-12-22,11567.537528715977,3422.3404255319156,86538.16084514301,224.37584458883822,94,469,0.25723617021276596,0.08831856313911343,2.842170943040401e-14,-281484.77223915927,530707.2501675326,-6169.395559169113,17736.93308788509,-10291.378527158613,-31925.918738444365
2023-12-26,9167.036755782749,7504.255319148933,125401.88190262395,229.34774391754533,94,463,0.2667994680851064,0.12471302178352783,-8.526512829121202e-14,-126471.55540308439,546807.9582185672,-1782.3412137242915,10949.37796950704,-22412.781463790783,-53763.251939446774
2023-12-27,7683.102429191083,5936.170212765956,113832.76709110678,236.4885196668694,94,461,0.2588813829787234,0.12255554529495344,-2.842170943040401e-14,-331630.22188924294,532510.6000673338,-4547.648733015289,12230.75116220637,-21011.57786325248,-49469.76963602918
2023-12-28,5017.186589028417,3792.5531914893645,116664.27529121576,250.08031569754598,94,463,0.2527154255319149,0.10908516904059759,2.842170943040401e-14,-216919.48769626257,521333.3310496865,-3014.2455485054015,8031.432137533819,-24398.962549473068,-53565.03137227701
2023-12-29,14944.404178155964,719.5652173913104,119007.34595566365,264.6148334932919,92,451,0.2431625,0.12015508911830228,1.9895196601282805e-13,-583452.9095841007,504782.3337879947,16688.62980721592,-1744.2256290599535,-15072.04714425324,-44823.88363316916
2024-01-02,6239.276471748821,520.2127659574422,154622.53968259302,151.66350801017853,94,465,0.2847994680851064,0.12369277350435787,-8.526512829121202e-14,-14919.281807379679,578885.620228468,11309.408994396648,-5070.1325226478275,-32568.02195690961,-71223.65687755788
2024-01-03,12874.979705021253,11710.869565217392,139894.8689737977,159.10726175785194,92,454,0.28956195652173916,0.13886409095320557,-2.842170943040401e-14,-69552.74215463232,588048.2931067699,2957.4596837485583,9917.520021272694,-22257.844800186027,-57231.56204363546
2024-01-04,11150.753885422886,9968.936170212774,119935.55589060081,152.39852638137404,94,467,0.28279095744680854,0.10936471478558077,2.842170943040401e-14,-142222.26872192664,573365.6598054431,-1830.5106539357043,12981.26453935859,-18985.53361360869,-48969.422586258894
2024-01-05,6105.9703448145465,-1785.1063829787317,101759.54472658673,172.34956803595455,94,466,0.2782897872340426,0.09139342424800197,-2.842170943040401e-14,-139300.27665679125,567159.4197538245,-1853.204879585867,7959.175224400414,-19506.265404868092,-44946.151586514774
2024-01-08,8313.325774896746,3436.6666666666733,137126.05049752133,150.01234076937354,96,471,0.29686708333333334,0.11455888331357168,-1.4210854715202004e-13,-153391.24155059055,603756.8238686717,208.84577411353445,8104.480000783211,-26118.19919025296,-60399.711814633294
2024-01-09,5210.775735989976,4078.723404255323,125928.66172247438,187.3826908738847,94,469,0.30109521276595747,0.10054258528619422,1.1368683772161603e-13,-61576.18882408532,613530.3086246168,820.1879086076004,4390.5878273823755,-26458.772385502503,-57940.9378161211
2024-01-10,2858.9808682646035,-1306.3829787234038,109938.59818847771,190.91788279583184,94,467,0.286031914893617,0.10601373763188643,-1.7053025658242404e-13,-174817.69164585532,583136.8776521095,-280.03143161426175,3139.0122998788656,-24816.586561650656,-52301.236108770085
2024-01-11,4200.929222240532,5417.708333333337,110728.92993127836,174.5761749026859,96,473,0.29262031250000003,0.09919099757456136,0.0,13817.263126663589,593586.5550399729,-481.11298103526667,4682.042203275798,-23655.879435481744,-51338.11191830133
2024-01-12,7340.079160083005,-4819.375,114095.94010492893,166.60721072960942,96,473,0.29234739583333336,0.10485582179153542,-8.526512829121202e-14,-34547.67825285186,593162.5615749459,4690.469297857312,2649.6098622256927,-21350.513076878837,-49874.498103111066
2024-01-16,5855.752267866565,3035.0000000000005,73272.78464513434,215.73649762140815,96,473,0.3022471875,0.05829980262360842,1.4210854715202004e-13,-159607.03383758056,621359.2674567709,5930.659515894263,-74.90724802769839,-12678.180391038428,-30996.376552322014
2024-01-17,-8302.037805820286,-3641.666666666666,68275.90936196501,228.93597776437585,96,475,0.30417187500000004,0.05697890987479668,0.0,-100333.13429969201,623740.1944746898,-4640.90362877104,-3661.1341770492454,-25599.951124075917,-42668.928464567165
2024-01-18,6348.076474326404,282.2916666666673,74691.90224034122,239.05550924311532,96,473,0.3044697916666667,0.06272897853656816,-1.1368683772161603e-13,-198399.1806193648,626817.5189019776,3609.290892550626,2738.785581775778,-12563.954595002017,-31236.930155087324
2024-01-19,279.06665398534625,-10887.765957446813,81314.98216977576,230.7424199914399,94,468,0.3142049468085107,0.06716898956317957,5.684341886080802e-14,-304514.280352867,648462.1650018798,-2274.8433763923263,2553.9100303776727,-20280.421308450033,-40609.16685089397
2024-01-22,1181.878558643,5738.829787234034,139748.26299548705,219.22723505885574,94,463,0.2973287234042553,0.13291883446974112,-1.7053025658242404e-13,67394.8861294619,611175.6358695873,-2871.224082948989,4053.1026415919882,-33974.414425287614,-68911.48017415938
2024-01-23,7058.783847191602,7267.083333333334,145938.4350099592,244.40494915568286,96,471,0.2950772916666667,0.11929121129368626,0.0,-181443.4268689817,610294.3732376256,4471.194836315088,2587.5890108765143,-29670.229854453883,-66154.83860694368
2024-01-24,5293.321284537119,20874.255319148935,149352.66119783107,256.8148261893575,94,462,0.3079941489361702,0.13148456767792416,0.0,-29713.696988164025,633364.8546790015,9357.568730391291,-4064.247445854172,-32301.658841110006,-69639.82414056777
2024-01-25,2825.1628042770712,9126.489361702132,135412.50855334857,230.87071070693452,94,466,0.30754930851063833,0.1036074137861191,1.4210854715202004e-13,63205.99103284886,629195.6511289336,-7185.767466728906,10010.930271005976,-31258.835044767005,-65111.96218310415
2024-01-26,8322.519132419873,-4035.851063829796,140203.97323879765,223.30225358024063,94,465,0.3121107978723404,0.1262203645577369,-1.4210854715202004e-13,-7575.748728905209,637968.7626087695,-995.5326812789027,9318.051813698776,-26951.77643085978,-62002.76974055919
2024-01-29,10204.843968635614,11771.73913043479,129823.63012988567,142.50203608790738,46,225,0.3102554347826087,0.10706274330283089,5.684341886080802e-14,-90687.9674682423,626451.6208378818,12506.78021988128,-2301.9362512456655,-22393.56559992371,-54849.47313239513
2024-01-30,28752.976307936842,29182.978723404263,138153.57521454734,177.3540850242973,94,467,0.2930606382978724,0.11225844737358455,-1.4210854715202004e-13,64064.95316337453,596486.1884048824,19881.46296711093,8871.513340825915,-5962.771580724289,-40501.16538436113
2024-01-31,3009.316021808347,4745.652173913039,131739.5254046534,167.95366840227598,92,456,0.28780489130434783,0.1282560763833665,1.1368683772161603e-13,-50195.632740062756,585328.0588454508,2067.4770186689475,941.8390031393994,-30093.518997757277,-63028.40034892062
2024-02-01,1169.6278600274386,5867.021276595743,118163.98404356877,175.2674683680528,94,465,0.293131914893617,0.11329015701701002,-1.9895196601282805e-13,167462.34670919902,595923.6684511617,4134.274363632194,-2964.6465036047566,-28546.635619232806,-58087.631630125
2024-02-02,4864.756181625036,-4378.723404255324,129130.9495214218,193.5878152372621,94,463,0.2901122340425532,0.11062924737066261,-2.842170943040401e-14,-166343.22815722082,593460.4756234651,2641.2490576478044,2223.5071239772324,-27611.569013967674,-59894.306394323125
2024-02-05,6561.301257365664,10191.489361702137,152873.71615898993,175.56435070426213,94,465,0.2858531914893617,0.1355672464650123,-1.1368683772161603e-13,45453.63388302615,581935.739697786,1122.3893520157649,5438.9119053499,-31832.692133086082,-70051.12117283356
2024-02-06,9456.134725433893,13045.744680851067,141269.2144621526,180.84592072216532,94,465,0.28321329787234045,0.13732127311217507,-2.5579538487363607e-13,-69203.70978357056,577969.343261619,3186.9472210577924,6269.187504376101,-26042.014810826422,-61359.318426364574
2024-02-07,8273.024602297864,14260.638297872347,131011.23974687715,191.41052946449412,94,468,0.2802377659574468,0.12044610453083152,-8.526512829121202e-14,-69771.84004179727,572411.1084309276,7966.523414454154,306.501187843711,-24671.195863885918,-57424.005800605206
2024-02-08,-4526.7954626663,-6299.680851063824,119791.0617720775,200.17396166795396,94,464,0.2864579787234043,0.10764254273601427,2.842170943040401e-14,-210633.7634587539,586447.623521373,-3193.8777575670624,-1332.917705099238,-34674.73486735363,-64622.500310373005
2024-02-09,1578.1219138796205,-8663.723404255326,122698.42680282483,223.33609959559857,94,462,0.2951048404255319,0.10961329465736216,-2.842170943040401e-14,-33176.51893262907,606432.8393880696,1916.6420216226945,-338.5201077430746,-29319.820886422185,-59994.42758712839
2024-02-12,14899.9482389545,19353.191489361707,110921.88336582742,220.36556245405635,94,466,0.30318882978723405,0.09636980973132198,5.684341886080802e-14,1846.1119113891473,623539.007610987,14570.795110423365,329.1531285311331,-13050.888164956414,-40781.359006413266
2024-02-13,6920.948002080041,5754.166666666666,105446.59095920726,237.72563259366063,96,471,0.3105541666666667,0.09096657033681593,-8.526512829121202e-14,-342061.8931632637,641539.0843468881,-3417.0506796627137,10337.998681742754,-19678.425370315435,-46040.07311011725
2024-02-14,4943.252024434288,7332.978723404259,96589.78279644685,217.82448031405204,94,467,0.2978558510638298,0.09444682616475722,1.4210854715202004e-13,-93195.62178614436,612930.2031718807,7274.662695353721,-2331.4106709194325,-19422.018154991474,-43569.46385410319
2024-02-15,-2490.475913575542,1145.7446808510629,91021.5035129486,267.093337033767,94,468,0.31458191489361703,0.07704308227425685,0.0,258964.4949920052,656746.7060657602,810.0842030608732,-3300.560116636415,-25512.94512884646,-48268.321007083614
2024-02-16,11147.516326950845,-6598.9361702127635,104338.95573994098,269.29663227538816,94,464,0.3085186170212766,0.08991349185225332,-1.7053025658242404e-13,-10591.919239018174,639849.9432339912,-905.9806846273244,12053.497011578169,-15206.519240309788,-41291.25817529503
2024-02-20,22304.574182067223,23227.17391304349,172062.23132746073,245.26408578669427,92,458,0.311929347826087,0.1469335552364229,2.842170943040401e-14,-418256.8061691549,643813.7418664898,3385.5045946481805,18919.069587419042,-20956.247735584653,-63971.80556744983
2024-02-21,2699.053113098426,17151.086956521733,162089.26550086265,260.5864253980528,92,460,0.30707826086956524,0.13452276667427543,-5.684341886080802e-14,-7796.756292101632,634407.4784277175,936.8155417547468,1762.2375713436793,-38083.84968751529,-78606.16606273095
2024-02-22,23878.450762981774,24691.489361702123,134582.3871279227,237.6503807386961,94,461,0.30279893617021275,0.13015782945042692,-5.684341886080802e-14,-126147.27840426423,620857.7420856921,-4103.907868424662,27982.35863140644,-10004.796399737597,-43650.393181718275
2024-02-23,-641.3645854133836,-6030.434782608692,153644.09757851958,150.3573617974424,46,229,0.31349782608695653,0.13285983117185748,5.684341886080802e-14,-26271.248735734596,632606.9340522883,2007.700728053435,-2649.065313466818,-39202.74634184072,-77613.77073647061
2024-02-26,11035.047716852578,13008.69565217392,183758.2479166167,158.91503362243296,46,222,0.32792065217391303,0.14517930810933977,0.0,22450.014034353677,661865.8567682822,8171.58060075373,2863.467116098848,-35063.429295924034,-81002.9912750782
2024-02-27,16586.32087166298,15097.82608695652,157031.90516103356,146.0447326830627,46,223,0.3203239130434783,0.15102305177811295,-5.684341886080802e-14,4773.958263880249,646673.4619286624,7599.333614492395,8986.987257170586,-22817.70015127847,-62075.67644153686
2024-02-28,39285.65001980954,37200.00000000001,219928.85078073476,175.93393334661,46,229,0.30565434782608697,0.14820273945987913,1.7053025658242404e-13,169626.84087923626,617986.6458448819,10039.654661113014,29245.995358696524,-15872.496608720763,-70854.70930390446
2024-02-29,10209.913829017958,9711.363636363663,176938.51659046198,151.40418246819743,44,216,0.2994568181818182,0.1760892078722819,-1.7053025658242404e-13,106898.86433422218,604562.203933614,19786.814899468893,-9576.901070450933,-34176.11950106573,-78410.74864868123
2024-03-01,8938.960969393636,-8584.78260869566,165683.66270568196,166.83418687413908,46,221,0.3160108695652174,0.12427963040679751,5.684341886080802e-14,-4758.877983458073,638313.0060917711,14554.642839830574,-5615.681870436937,-32648.788893900994,-74069.70457032148
2024-03-04,5211.70348842088,18942.85714285713,213685.57559587096,161.81118149272993,42,206,0.3234476190476191,0.18860820909190018,2.2737367544323206e-13,44933.21764175617,652453.2666498567,9744.041882464513,-4532.338394043634,-48371.501592039596,-101792.89549100732
2024-03-05,25627.93028276304,22360.63829787235,195928.85957922647,158.28967870205108,94,461,0.30613244680851065,0.16812836790663288,2.842170943040401e-14,12187.416266706445,623111.6181206944,12737.48099447826,12890.449288284784,-23512.574290745626,-72494.78918555225
2024-03-06,7043.259515614516,8367.77777777777,157193.02435444295,162.06549523391334,90,447,0.30335222222222225,0.13157432130030183,-2.842170943040401e-14,1596.6410925185537,616389.0099520681,7394.422300066928,-351.1627844524117,-32417.062068230134,-71715.31815684088
2024-03-07,10086.188110254927,15952.173913043489,160192.45857273694,151.63608315136952,92,458,0.3118038043478261,0.13149062414178345,-8.526512829121202e-14,-26448.105726979495,630820.110460912,2532.0261970321685,7554.161913222759,-30113.56261608068,-70161.67725926492
2024-03-08,13319.692612130872,10014.33333333334,151826.04826189618,150.30991646238613,90,449,0.3085938888888889,0.13124930034906063,-5.684341886080802e-14,-30248.35564897728,624942.9823070919,1399.0649200434364,11920.627692087435,-24787.12936980556,-62743.641435279606
2024-03-11,6913.5922299781,7398.804347826082,184116.8196117249,171.8360712784748,92,459,0.27737451086956527,0.15049426154996343,-5.684341886080802e-14,133094.61865117052,566094.7218192538,-175.14370123963727,7088.735931217737,-39287.4487442316,-85316.65364716284
2024-03-12,9838.138652754536,14411.777777777776,174805.19504185347,160.76346302796415,90,446,0.28825744444444446,0.15104059623186797,-2.842170943040401e-14,-42005.05904187556,584812.5219933069,10710.976931584299,-872.8382788297622,-34023.92357073679,-77725.22233120016
2024-03-13,21091.132352425135,23644.565217391304,173647.02129845414,162.71491091599967,92,460,0.28406521739130436,0.15687260740479414,-1.1368683772161603e-13,-146571.1117418846,577141.9162981794,8059.276408789524,13031.85594363561,-22483.3378831044,-65895.09320771793
2024-03-14,19.8389077110522,7326.08695652173,168107.61899990222,180.49663742652726,92,455,0.27878152173913046,0.1359898579805044,-1.4210854715202004e-13,-35556.28052403036,569792.9071797685,1555.7088345193908,-1535.8699268083387,-42187.56247969103,-84214.46722966658
2024-03-15,18438.19528438887,15138.181818181816,148754.9861251709,199.11344896036235,88,437,0.2724257954545455,0.17463318804511127,0.0,122165.85158715307,560296.7169190642,-681.3678686912169,19119.563153080086,-18949.664695864216,-56138.41122715694
2024-03-18,11740.814760995749,9775.53191489362,89934.30198230987,189.5650912888372,94,462,0.2746186170212766,0.10329852873360168,8.526512829121202e-14,55817.60672376171,559147.4324932125,-2054.605653679777,13795.420414675526,-10932.325825870557,-33415.90132144802
2024-03-19,5040.727871267005,4990.425531914891,101201.90296667718,195.2096460985911,94,464,0.2597468085106383,0.09141940716354584,-2.842170943040401e-14,-60024.64098600408,532045.2172941687,1692.299640529776,3348.4282307372287,-20454.957516500883,-45755.433258170175
2024-03-20,-10233.943847346149,1744.5652173912968,87808.58060415254,183.32150019189984,92,458,0.25872119565217394,0.08868148737054836,-2.842170943040401e-14,-227539.67979477666,527675.9078066536,-132.39689401261649,-10101.546953333533,-32369.410498576184,-54321.55564961432
2024-03-21,285.4173886782361,11863.804347826092,95730.41025331222,209.78975582836767,92,452,0.25738369565217395,0.09405520949338557,1.1368683772161603e-13,910.287645533861,529602.6568326446,228.3858573548281,57.03153132340836,-23856.974930478187,-47789.57749380624
2024-03-22,6744.170597850835,-587.7173913043421,91681.92415652736,245.60743389404777,92,459,0.25212733695652173,0.09078467572411376,-1.1368683772161603e-13,-292182.3399822191,523970.57440934645,5477.082440680971,1267.0881571698644,-16421.91787517505,-39342.39891430689
2024-03-25,9739.971131325408,7626.666666666671,154145.82129358326,195.2629409641655,90,445,0.26070666666666664,0.13733425937855753,2.842170943040401e-14,-94265.82956848138,531625.5832507174,3288.2337626318777,6451.73736869353,-28991.747133034572,-67528.20245643039
2024-03-26,21049.78096081795,14812.790697674414,183387.28269053815,220.6017745899212,86,428,0.26676337209302325,0.16154177194648442,-2.842170943040401e-14,-8344.793179695751,547384.6378489219,11238.77358762047,9811.00737319748,-25017.641486406512,-70864.46215904104
2024-03-27,8804.950807567488,5581.136363636364,158162.08160888503,268.7406770943482,88,433,0.2562196590909091,0.1488526581596469,0.0,262708.50765659846,532686.5234091241,4030.642126110495,4774.308681456992,-31004.310271748116,-70544.83067396938
2024-03-28,14484.763848007422,4419.651162790693,156053.77693362374,271.8386397345688,86,426,0.25956395348837213,0.1535104634167112,8.526512829121202e-14,270132.25807195896,537204.180691368,9183.643739454914,5301.120108552509,-24800.51902513308,-63813.96325853901
2024-04-01,16232.630386706622,17618.181818181813,218244.80122504508,145.94726729398081,44,212,0.2967318181818182,0.18271683935610258,-2.2737367544323206e-13,-65559.01118539604,602249.2869584844,24755.22411404847,-8522.593727341851,-38474.51718684863,-93035.7174931099
2024-04-02,26839.11339119903,17704.34782608696,176312.3485775385,146.40042682156022,92,454,0.2883733695652174,0.15230633723805126,2.5579538487363607e-13,-92219.5601900005,584021.9643932896,17609.25165888418,9229.861732314848,-17385.37418000716,-61463.46132439178
2024-04-03,8209.659486532564,6685.869565217386,178179.50357614705,163.8401250355279,92,458,0.2836163043478261,0.16633972012572845,8.526512829121202e-14,-5946.570569581543,574927.643695578,15352.715351892948,-7143.055865360384,-36499.056532539726,-81043.93242657649
2024-04-04,7306.766510988746,6047.934782608694,151503.66377874056,159.43938733575536,92,454,0.28854456521739136,0.13736585670746138,2.842170943040401e-14,47064.74775032371,584457.5775219592,-3032.8512658792047,10339.617776867952,-30728.58882103215,-68604.5047657173
2024-04-05,7662.919232944077,1443.4782608695755,158879.85692383168,172.79822178987197,92,453,0.28862989130434785,0.13805924215009044,-2.842170943040401e-14,-35343.214931624025,585299.4407235278,-3802.9248672914055,11465.844100235481,-32229.843219803715,-71949.80745076164
2024-04-08,16789.139708262042,14615.217391304359,179587.80123060595,167.32669195018948,92,459,0.2777701086956522,0.1431503739545378,1.4210854715202004e-13,11410.421598925837,564125.424465771,3610.46823307987,13178.671475182171,-28275.137291339637,-73172.08759899113
2024-04-09,30310.787214607146,24880.108695652172,198400.95958848012,160.64569346522816,92,452,0.27938353260869564,0.1626602422931071,-2.842170943040401e-14,6007.998708444058,566747.6312259423,25002.127193110868,5308.660021496276,-19450.098375978112,-69050.33827309814
2024-04-10,6063.993196501295,5176.086956521742,168116.47563722535,165.47986833850268,92,451,0.277525,0.1670917065462098,8.526512829121202e-14,-62583.41281622835,564758.1433142613,-2323.0543119073727,8387.047508408667,-36130.60558114354,-78159.72449044988
2024-04-11,40149.45109564334,34289.130434782615,191635.24269569182,175.02024817021706,92,456,0.29261902173913046,0.16203384131820647,2.842170943040401e-14,-75304.0439500593,597543.9208946002,28760.49190708659,11388.959188556746,-7934.3798264498355,-55843.19050037279
2024-04-12,19276.584213371967,12538.297872340432,152514.9407370977,190.86920354034663,94,461,0.30085425531914894,0.13049171195004494,-2.842170943040401e-14,56610.55784018735,612348.754288592,1923.3832127578626,17353.201000614106,-19043.020174442805,-57171.75535871722
2024-04-15,6299.627467836528,3872.340425531927,93059.68022028088,222.55524472678073,94,467,0.2966367021276596,0.07459089704086916,1.4210854715202004e-13,-113877.57479424546,610163.6722203087,-1642.1162365227078,7941.743704359236,-17187.847831960473,-40452.76788703069
2024-04-16,-1797.713228424248,2595.744680851065,78231.47160784045,199.4505733411708,94,461,0.292625,0.06213272635887973,0.0,61805.17681120955,600372.3285783194,907.3740909700041,-2705.087319394252,-21555.03170372553,-41112.89960568564
2024-04-17,8834.153530650254,11672.340425531911,97463.03603600018,215.56678915192663,94,468,0.29587606382978726,0.08564092906414697,-2.842170943040401e-14,154915.17587309825,606174.285042553,-1186.1847976681865,10020.338328318441,-15747.172267501717,-40112.93127650176
2024-04-18,8485.465239997986,1434.0425531914912,87475.06492380209,231.8629193090543,94,461,0.29740744680851067,0.06237442179234847,-1.1368683772161603e-13,-168841.28074558076,611677.9757239535,7797.639534112888,687.8257058850983,-13615.16391026159,-35483.930141212106
2024-04-19,5752.180878782897,-2980.4347826086796,92274.44897779492,218.56752871104317,92,457,0.31116739130434784,0.08604082301681927,-2.842170943040401e-14,-69949.13383385834,637592.9540856404,-13165.707941677822,18917.888820460717,-17534.998894376877,-40603.6111388256
2024-04-22,2071.2125625680187,13336.956521739145,188612.78740188858,204.33255466937783,92,452,0.3076951086956522,0.1455921402425057,-5.684341886080802e-14,-192488.80036121045,627202.2959788111,-1001.3186200745433,3072.5311826425614,-45286.316842573506,-92439.51369304565
2024-04-23,12862.698441885823,29747.777777777792,190946.3159493591,195.47529856369297,90,446,0.3001438888888889,0.16113363181241794,1.1368683772161603e-13,-57146.72805069756,611645.1729661353,3563.0236300376255,9299.674811848197,-35069.35584401765,-82805.93483135742
2024-04-24,7793.107338468918,11409.999999999996,153926.30513835885,217.45098146504472,90,441,0.30292722222222224,0.11505128228275667,2.842170943040401e-14,-21701.592957448207,619388.7436186856,1631.2359103869728,6161.871428081945,-30905.919927585837,-69387.49621217555
2024-04-25,14655.135072182644,25424.44444444444,152926.4016523972,180.85568892965406,90,446,0.3022955555555556,0.13405124954563855,2.2737367544323206e-13,232905.45163276294,613976.411878389,-2873.1826522681013,17528.317724450746,-23757.32102984631,-61988.92144294561
2024-04-26,20823.079041616613,12968.181818181822,221473.63634006985,168.6374870005984,44,218,0.33550340909090914,0.1499738376395171,-1.7053025658242404e-13,-144736.9465785311,677324.6717351293,-637.9351936846876,21461.0142353013,-34713.967530401445,-90082.3766154189
2024-04-29,10538.55291198664,6770.45454545453,222209.41844838063,146.89947059947912,44,212,0.3138545454545455,0.1647580802180155,5.684341886080802e-14,-274.2837421514814,633732.8616293159,5750.991180560235,4787.561731426405,-45160.701170707995,-100713.05578280316
2024-04-30,30094.64023904044,31611.90476190475,220951.97686678002,140.940259228342,42,201,0.3023369047619048,0.18326335309075914,5.684341886080802e-14,-101156.47237730997,610412.9506849946,7067.762711384966,23026.877527655473,-25284.294236882906,-80522.28845357792
2024-05-01,16236.359272492075,13816.66666666668,183278.71338747247,154.59937290048975,42,208,0.2981357142857143,0.195775649241688,1.7053025658242404e-13,-41551.9427206683,601576.646126997,5353.246986791474,10883.1122857006,-29737.918447276534,-75557.59679414464
2024-05-02,7347.210456108449,15320.454545454548,233682.20333952998,148.77766410008326,44,220,0.31335,0.13554411370724495,2.2737367544323206e-13,-1433.0418360900371,631912.4870061738,2256.6008729650234,5090.609583143425,-51222.11804287413,-109642.66887775663
2024-05-03,-114.97012463593569,-6952.272727272721,186434.86847893373,155.03410977089365,44,212,0.3182397727272728,0.12696840435862292,1.7053025658242404e-13,85692.2879849287,641685.9048554864,-4602.0473699461545,4487.077245310218,-46878.72135414026,-93487.43847387368
2024-05-06,-7918.828425409102,-1495.2380952381056,246287.19877142945,176.3699796271609,42,203,0.31671785714285716,0.17051730137810595,5.684341886080802e-14,34407.29208012314,640957.8381646547,456.82938964024515,-8375.657815049346,-69666.99809789362,-131238.79779075098
2024-05-07,13051.4388318072,15102.325581395347,166706.800288742,176.17683759633576,86,425,0.286325,0.14165725315911773,-8.526512829121202e-14,-14623.234586856634,583482.5174820215,652.9991301434786,12398.439701663721,-28801.438077974635,-70478.13815016013
2024-05-08,11264.909910346256,16845.454545454544,155547.87887711302,185.21594394382055,88,432,0.27975,0.13524146223363936,-1.1368683772161603e-13,173323.5045731202,571711.3314681869,1194.758669353516,10070.15124099274,-27807.27575287582,-66694.24547215409
2024-05-09,10491.813477212054,14528.888888888881,163912.27530493977,173.88351110530886,90,444,0.2751511111111111,0.13846531104501789,-8.526512829121202e-14,-42281.21221883432,560772.1482133506,3099.7596769640477,7392.053800248007,-30660.138860128198,-71638.20768636314
2024-05-10,8230.261259351439,652.2222222222263,146229.13795643084,186.93164374141548,90,443,0.2681138888888889,0.13919564542654975,1.1368683772161603e-13,149134.11599995795,549439.0542391168,7370.236618054348,860.02464129709,-28513.95487349769,-65071.2393626054
2024-05-13,-1044.8291868213066,-2084.444444444442,144172.1271267299,180.59816034023723,90,444,0.27514777777777777,0.12399106201944764,5.684341886080802e-14,183341.2724270993,560834.2810425557,159.91065336514737,-1204.7398401864539,-37268.45912884402,-73311.4909105265
2024-05-14,2137.9830043019406,1209.0909090909158,179434.33008903597,192.37193789641498,88,434,0.27561875,0.16333217871473482,-2.842170943040401e-14,93265.08259146537,563723.4110890733,-125.41812199005462,2263.4011262919953,-42912.97145585347,-87771.55397811245
2024-05-15,5781.9782634341245,5550.113636363633,160026.00097294673,186.26691986553058,88,438,0.26988465909090914,0.14149807360410027,-2.2737367544323206e-13,-51451.02781315507,550561.5175155851,4073.9180786822003,1708.0601847519245,-34410.788899668085,-74417.28914290477
2024-05-16,12279.515789947207,8680.888888888889,155883.86472359675,212.3529250861886,90,442,0.27135155555555557,0.15004450920260523,0.0,-83345.92356323823,556377.902052126,-1405.2827743621592,13684.798564309365,-26903.80331603817,-65874.76949693736
2024-05-17,13317.305419305872,3953.409090909096,154047.50511688687,201.6383628519238,88,437,0.27152159090909095,0.14582748501991005,-2.842170943040401e-14,-182144.96665268723,555202.622106311,4804.615159040436,8512.690260265435,-25396.20922276777,-63908.08550198949
2024-05-20,1863.2348838015694,9651.086956521749,94409.90100205196,194.46205754942073,92,456,0.2612771739130435,0.09312737879531838,8.526512829121202e-14,77786.53718100186,534464.1476428206,542.192094696058,1321.0427891055112,-21933.702424260842,-45536.17767477383
2024-05-21,11894.708185993482,12270.65217391304,121453.5033729756,209.7384219317081,92,454,0.2575701086956522,0.10615393166680019,1.4210854715202004e-13,-54217.636134363056,527382.4198056888,13691.6783979593,-1796.9702119658173,-18678.40607918212,-49041.781922426024
2024-05-22,30864.208861387735,21524.44444444444,132234.14331737542,234.4779658291386,90,450,0.2725366666666667,0.11975542886469491,0.0,230441.80989478558,564570.2075916512,23825.275084910365,7038.93377647737,-2428.8049337852585,-35487.34076312911
2024-05-23,-2487.958637510252,-2799.9999999999973,106417.31152813506,198.58236052544132,90,441,0.28178722222222224,0.09556983726153286,8.526512829121202e-14,-51186.332584806485,575531.0622272682,-5172.8700687895935,2684.9114312793417,-29290.868880069458,-55895.19676210322
2024-05-24,3652.8135492894253,-7487.826086956514,115007.14855689729,203.6716383873091,92,452,0.27792826086956524,0.09719573883972901,-8.526512829121202e-14,22050.818447411144,567134.4830612635,11541.396323690928,-7888.582774401502,-25302.645228322206,-54054.43236754652
2024-05-28,12930.403310520216,5692.093023255816,221263.96650554863,217.6643836431786,86,424,0.29225883720930235,0.18350296501411117,-5.684341886080802e-14,38404.67301396211,601263.0265104643,19921.539111775885,-6991.135801255667,-42603.252699510114,-97919.24432589728
2024-05-29,-7234.05662316356,13165.116279069767,224981.37527217553,242.82765454466835,86,423,0.3076982558139535,0.18297801177470002,1.9895196601282805e-13,72250.96487648804,636689.6008323911,15898.419425303968,-23132.476048467528,-63722.228095752114,-119967.571913796
2024-05-30,23556.030227458523,25775.581395348843,319447.65452751727,230.0137086292597,86,429,0.3075279069767442,0.1830628470655485,2.842170943040401e-14,287074.42697880423,629640.124962682,12394.281939525963,11161.748287932558,-56535.89711305005,-136397.8107449294
2024-05-31,15839.976938539625,8031.578947368415,217109.40027341558,374.23308207658107,76,380,0.2710993421052632,0.23476701223231122,0.0,-414097.580246975,576509.1801411367,18644.532240206554,-2804.5553016669296,-38811.606211890845,-93088.95628024475
2024-06-03,11494.172323067738,20874.76190476191,269466.9062430199,149.50916634462976,42,207,0.3279461904761905,0.20395392201533305,-2.2737367544323206e-13,-110528.06226352576,662240.3884176413,14679.772100011884,-3185.5997769441465,-56022.06340403187,-123388.78996478686
2024-06-04,11688.735327254639,9851.162790697676,191408.79528317152,165.37174731807545,86,427,0.2688343023255814,0.17718803519856816,-2.842170943040401e-14,-5942.434042225589,547566.3028004848,8582.99003735024,3105.7452899043997,-36328.835240856315,-84181.0340616492
2024-06-05,11735.153924057286,12958.18181818182,181813.302442737,181.26726909238798,88,435,0.2756704545454545,0.17234298747306484,2.842170943040401e-14,171486.84914933087,564821.8855182318,2854.0092475862166,8881.144676471069,-33899.43895571936,-79352.76456640361
2024-06-06,16019.691149523831,14132.954545454546,184015.37760711173,193.55006835385296,88,432,0.26588863636363635,0.1702698122101525,-2.842170943040401e-14,222866.6618434462,547096.4559202867,4741.460405643881,11278.23074387995,-30177.703320607954,-76181.54772238589
2024-06-07,4443.426725082558,4685.714285714279,172570.90971221763,180.32402322537646,84,419,0.2632559523809524,0.18342772960048948,0.0,140964.1118209711,538782.8363238487,6444.30243089099,-2000.8757058084323,-38879.624726197224,-82022.35215425162
2024-06-10,10711.997897373943,10651.162790697674,207186.34318985895,183.4670395187452,86,428,0.26604941860465114,0.1836492563802273,-5.684341886080802e-14,-80366.22940305357,544016.8696382893,9734.450960720851,977.546936653092,-41268.05493960954,-93064.64073707427
2024-06-11,15893.312605317682,11304.878048780489,203545.87328453528,189.83797831273242,82,408,0.2718231707317073,0.1952447768618083,-2.8421709430404007e-13,-2876.3348362875863,557614.892137083,14548.313595335923,1344.9990099817574,-35182.99369412887,-86069.46201526269
2024-06-12,15228.747548491838,12839.285714285721,188739.13665810382,180.6471705363993,84,417,0.27552440476190476,0.1721342941123362,1.9895196601282805e-13,-51338.82242009464,563882.4530563968,16718.290362137253,-1489.5428136454182,-32136.683786570513,-79321.46795109646
2024-06-13,6405.577684602599,12970.238095238097,188658.8462407905,167.59278554488077,84,413,0.2639797619047619,0.19824929100678482,5.684341886080802e-14,113401.95276154041,538733.0323508946,12660.981613309337,-6255.403928706738,-40926.72666113991,-88091.43822133754
2024-06-14,10290.236240019207,6180.232558139537,172778.12549895846,200.86881934633516,86,425,0.27252732558139536,0.14591134726970456,-1.7053025658242404e-13,-97848.81694991191,558194.7577066035,11296.798872482135,-1006.5626324629293,-33105.163954066746,-76299.69532880635
2024-06-17,6928.2877047019565,4434.782608695648,105306.67284634027,182.06393807807225,92,453,0.27618423913043477,0.09381018595335677,2.842170943040401e-14,-12492.960630325519,564966.8036884314,-1342.520517321669,8270.808222023625,-19580.444444961184,-45907.11265654625
2024-06-18,13223.947680987516,18468.888888888887,112200.28049753445,210.92001523895343,90,449,0.2752677777777778,0.09487720175680799,2.842170943040401e-14,106012.0104321776,566371.9133142867,7184.886639783675,6039.06104120384,-15037.04245863505,-43087.112583018665
2024-06-20,16390.27007800049,14621.739130434778,107950.13476535198,216.63239219426617,92,451,0.2664853260869565,0.09913019609935858,-8.526512829121202e-14,-72109.97301110037,547189.2332616884,-3841.128569356306,20231.398647356797,-10813.896005531771,-37801.42969686977
2024-06-21,12946.11560411173,4388.888888888888,115010.80447013688,278.65534950147867,90,443,0.25105,0.1302365738255267,1.1368683772161603e-13,-302636.33586607967,523021.31878236146,-397.4365335404797,13343.55213765221,-16085.240862923969,-44837.94198045819
2024-06-24,21440.47648834367,18601.249999999993,237018.16620083625,284.1394465300613,80,400,0.272434375,0.18560022284492428,-1.1368683772161603e-13,-96046.73712422435,569885.6847957445,15005.511562572392,6434.964925771277,-38098.20450839545,-97352.7460586045
2024-06-25,7571.636377777863,15793.90243902439,196751.0241860113,245.14449584332007,82,406,0.2597396341463415,0.17499296265834674,-8.526512829121202e-14,34232.29589737581,536300.034762859,9673.026610132183,-2101.3902323543193,-41861.26416456828,-91049.0202110711
2024-06-26,11273.083432947753,15666.666666666672,219699.31497280468,234.7092656198708,84,418,0.27436130952380955,0.18602751259909386,8.526512829121202e-14,-10253.98263185966,564477.8844410806,9570.52412930813,1702.5593036396235,-43886.45457587329,-98811.28331907446
2024-06-27,644.919880783934,13914.285714285708,271719.11934947286,261.23101742365395,84,420,0.2626029761904762,0.1773591839216476,-2.842170943040401e-14,-95547.47007535333,542725.8107893207,4859.365940192394,-4214.446059408461,-67546.09097400794,-135475.87081137614
2024-06-28,16359.417745897814,6723.076923076929,184729.83171842477,242.0813213361543,78,381,0.2722352564102564,0.18503989332700824,0.0,-140795.78922084082,557889.6980390301,906.8021731734153,15452.615572724399,-30065.12150504453,-76247.57943465073
2024-07-01,19270.38463452617,18547.368421052626,198381.32768707187,162.18074545056518,38,190,0.2725118421052632,0.1802392095565271,0.0,149251.5062876028,551562.676862254,4886.472177963752,14383.912456562415,-30487.128032692362,-80082.45995446033
2024-07-02,4409.541573852748,5835.365853658546,162504.0100809121,159.81469255311106,82,409,0.2835256097560976,0.1574587723057598,-2.842170943040401e-14,-30560.001414480437,575185.9791027729,1602.303220894436,2807.238352958311,-36376.27563892838,-77002.27815915641
2024-07-03,17160.189028011766,14479.545454545449,172867.80200064287,164.7049224677897,88,435,0.28373806818181824,0.14358651222096672,-1.4210854715202004e-13,97532.4954525349,576285.7193553039,9166.927071748169,7993.261956263596,-26221.466394616742,-69438.41689477746
2024-07-05,8960.022146792422,2668.6046511627987,182189.89894082898,157.52258522711583,86,426,0.3000441860465117,0.15052492866167794,-5.684341886080802e-14,-195041.9784038191,607892.1584820783,5652.53986194722,3307.482284845203,-36744.97517364194,-82292.44990884917
2024-07-08,8436.415355980085,6486.046511627914,196765.87622595768,171.12841971262972,86,429,0.30033488372093026,0.1503725689939241,1.7053025658242404e-13,-60231.44340884627,610105.1444701344,2759.4769256113627,5676.938430368723,-40926.182120221965,-90117.65117671138
2024-07-09,13704.401938342855,9524.418604651153,194317.97643433826,160.3366161744149,86,422,0.29268953488372096,0.16072996424679126,-5.684341886080802e-14,-33232.90229664808,593061.5221021073,11379.345086276402,2325.0568520664524,-35035.42878641612,-83614.9228950007
2024-07-10,22004.74973594534,18297.61904761904,199963.38463455162,142.01476679039354,84,411,0.31139285714285714,0.1618873052480472,-2.842170943040401e-14,41092.02421374855,629358.754393351,15206.538941507753,6798.210794437586,-28128.11118948296,-78118.95734812086
2024-07-11,12295.232179863666,11903.571428571431,215948.17363109672,168.2701482585074,84,415,0.3088077380952381,0.1727729863817205,-3.410605131648481e-13,72113.9620231587,626010.5723176319,-1989.7172658068139,14284.94944567048,-41860.08137616902,-95847.1247839432
2024-07-12,16555.681603766152,5918.604651162797,197565.14842506597,181.23702131534233,86,424,0.301475,0.17076499872306444,2.842170943040401e-14,17253.23166845896,612979.1434006668,13490.452028963333,3065.2295748028178,-33016.842523815685,-82408.12963008219
2024-07-15,7375.567286317895,4274.999999999997,112383.65236088521,247.55216054109448,92,456,0.28159782608695655,0.0951940627467494,8.526512829121202e-14,-114332.47483206313,584114.1595352363,10513.320366128952,-3137.7530798110565,-20967.897964444503,-49063.811054665806
2024-07-16,4778.03054382523,5926.086956521732,103173.79269582636,203.67714414357184,92,454,0.29157173913043477,0.08033809939684936,2.842170943040401e-14,-158812.73976198537,596792.0058502294,25767.39960293529,-20989.369059110057,-21219.09477427493,-47012.542948231516
2024-07-17,8835.181853012455,8406.521739130436,96762.25914652151,206.11002960246475,92,453,0.2933184782608696,0.07535289748388788,-8.526512829121202e-14,139701.0373098864,601699.3164838678,7231.80245333219,1603.3793996802644,-15561.492963220388,-39752.05774985076
2024-07-18,8598.625518015248,10445.333333333332,111698.29848749127,209.06830010709476,90,446,0.3004727777777778,0.09917590380380421,1.4210854715202004e-13,90738.03434343221,617553.6653154125,2597.5854900455424,6001.040027969705,-19535.017403964663,-47459.592025837475
2024-07-19,2010.4641616246463,-243.11111111110716,92378.3966590923,204.95122363699926,90,448,0.2887762222222222,0.07898529802355592,0.0,-66871.72143169297,591734.691229308,-7650.434937712389,9660.899099337035,-21289.086226785425,-44383.6853915585
2024-07-22,5889.702860632405,15148.720930232557,182512.09957911956,202.0336002945213,86,422,0.3068697093023256,0.15328049745805256,-1.1368683772161603e-13,-118998.34929881366,625507.6056437709,-520.3320454623748,6410.034906094779,-39940.35563444201,-85568.3805292219
2024-07-23,18168.409691297347,27959.09090909091,251506.89271886408,204.4307109470893,88,434,0.2960556818181818,0.16815313326257317,-2.842170943040401e-14,-137625.02627186052,603151.5142864783,21130.587749130205,-2962.1780578328567,-44912.74419936576,-107789.46737908178
2024-07-24,11814.870272989825,39085.365853658535,253077.65835589758,180.34600124136279,82,409,0.32025548780487806,0.19151123826551364,1.4210854715202004e-13,-163292.1039868103,649384.1945487434,19127.333381246055,-7312.463108256229,-51634.89031722594,-114904.30490620033
2024-07-25,-2479.681898171219,11665.465116279065,187463.19283945477,198.63313500928666,86,421,0.3123186046511628,0.15257872220249585,-8.526512829121202e-14,40313.10666563694,634988.6686818068,6.593272659746276,-2486.275170830966,-49544.1132430442,-96409.91145290788
2024-07-26,15800.421236535012,8204.285714285717,209408.998390192,158.41343591992992,42,201,0.30564785714285714,0.19943850064525248,-5.684341886080802e-14,25399.720182445635,616950.7446574233,3208.225851298452,12592.19538523656,-36710.24179693292,-89062.49139448091
2024-07-29,12997.925677202089,26909.090909090897,266949.81248899124,165.71153660961383,44,213,0.3106397727272727,0.19757978224443695,-2.2737367544323206e-13,83649.6675877737,628401.0434946226,13158.145472509572,-160.21979530748456,-53905.23898165533,-120642.69210390314
2024-07-30,27546.2987698742,42032.5,265788.73030418344,163.26471734511188,40,198,0.33348875,0.1993210462375022,-1.1368683772161603e-13,156921.2506928728,674035.1679115983,5977.800869832245,21568.49790004196,-39064.14852351677,-105511.33109956262
2024-07-31,-15321.372154569803,3021.0526315789525,276830.9940056171,190.17626619357057,38,190,0.3169026315789474,0.21201858493761383,0.0,41653.01492226416,642774.8563522988,28241.95107916523,-43563.32323373503,-84719.29692216765,-153927.04542357192
2024-08-01,8123.792682851678,8149.999999999994,290261.3256705915,139.15769222548897,40,198,0.34522875000000003,0.17283882512845355,1.7053025658242404e-13,-15695.649856304179,696039.0885583817,43423.662855714065,-35299.87017286239,-64580.696427021685,-137146.02784466956
2024-08-02,29472.380193164663,16015.500000000011,321572.6396964429,137.61192672119205,40,197,0.36504625,0.21075071970237585,3.979039320256561e-13,-74698.65574955988,734671.4653629356,58645.82528308517,-29173.445089920508,-51058.39165766725,-131451.55158177798
2024-08-05,22508.62452648031,20792.105263157897,348042.4098787655,136.75204780825095,38,181,0.3994776315789474,0.23298843867456168,0.0,-111353.16455167366,804140.1148730249,-35311.623835370076,57820.24836185038,-64638.72999101932,-151649.33246071072
2024-08-06,16818.964221966024,18876.829268292677,208389.8943582676,168.2148575426562,82,404,0.3264310975609756,0.1807932766125707,0.0,-16733.376696307198,663072.2944701983,4778.033812432991,12040.930409533032,-35446.72422514353,-87544.19781471044
2024-08-07,1292.2718380645454,9996.511627906975,244588.03370224376,161.39061614799357,86,429,0.35063895348837215,0.16464612614833424,2.842170943040401e-14,-59899.15397261987,710331.5726014553,-6435.668182961461,7727.940021026006,-60016.127203644384,-121163.13562920534
2024-08-08,9211.560857652334,11708.571428571435,236139.58601541482,153.0748264800549,84,415,0.33844726190476193,0.18755078018761356,1.4210854715202004e-13,-118926.82348932707,685076.8717733714,-13404.542021534795,22616.10287918713,-49976.41047268143,-109011.30697653512
2024-08-09,14636.699826725308,4898.809523809534,244187.38681356268,146.3541882589286,84,413,0.3375119047619048,0.18685318021235753,-1.1368683772161603e-13,-46689.74248987489,681632.3828568426,10102.902601518757,4533.797225206549,-46556.50106492429,-107603.34776831497
2024-08-12,33592.65593518646,16351.136363636362,208608.7750879329,187.0665210670685,88,435,0.3241022727272727,0.16264176009414016,2.842170943040401e-14,-83015.76228201983,660674.0893989246,20694.894827379936,12897.761107806526,-18746.60435786383,-70898.79812984705
2024-08-13,17049.440978829036,17793.02325581394,237145.24878409886,175.25854435651144,86,429,0.3251610465116279,0.18892572976332367,-8.526512829121202e-14,-100095.86867190525,661769.4862658432,3158.095955005516,13891.34502382352,-42412.12976155219,-101698.44195757691
2024-08-14,1381.6157469558643,14150.0,253156.9154321532,168.1388874167989,84,419,0.33097261904761904,0.19345969097939078,-3.126388037344441e-13,-61096.42802085969,670652.6589782622,1426.28647965759,-44.67073270172568,-62075.75199849923,-125364.98085653754
2024-08-15,16228.03681217715,14544.047619047631,208272.58087390193,176.19123685775392,84,415,0.30368392857142856,0.19979870284495352,-2.842170943040401e-14,-134491.37324396748,617064.7003336286,6402.342491548155,9825.694320628996,-36016.29964315608,-88084.44486163156
2024-08-16,9429.337404131295,2232.142857142868,190499.81440697506,212.5870480577134,84,418,0.2901077380952381,0.1606423407779497,8.526512829121202e-14,81734.03219324382,593350.3564549958,-1995.9585495622523,11425.295953693547,-38408.203245670185,-86033.15684741395
2024-08-19,12151.20928418276,11181.111111111108,87752.0895830331,189.44511397649964,90,441,0.2738,0.09947798057518983,-5.684341886080802e-14,3989.5994913079285,557355.8709918034,9876.399970624128,2274.8093135586314,-9976.258225552014,-31914.28062131029
2024-08-20,7102.436551143219,12638.043478260868,110497.96565948652,209.63159531729934,92,452,0.2803625,0.11406549072581257,0.0,-132942.4978266355,574400.8988183233,4223.618022826286,2878.818528316933,-20731.68645904571,-48356.17787391734
2024-08-21,11368.880245043702,12576.086956521742,111482.92353576691,188.55281063192885,92,452,0.2795423913043478,0.10667344171343075,-2.842170943040401e-14,-154612.34542808414,569949.3280770783,9085.25829801272,2283.621947030981,-16690.403449529953,-44561.13433347168
2024-08-22,12339.105448165423,10879.347826086965,113395.48281037787,202.2666378782605,92,451,0.29140326086956525,0.1049547622835025,-2.2737367544323206e-13,-227707.97685501285,595754.7450397246,-3771.395302004401,16110.500750169824,-16212.031892307305,-44560.902594901774
2024-08-23,1138.5674837945019,-6686.666666666663,104509.19118764233,251.7590017591289,90,448,0.26879222222222227,0.09787505916541372,1.7053025658242404e-13,-22628.724600454865,557886.6841544602,2175.8443086740763,-1037.276824879574,-25240.48931487521,-51367.78711178579
2024-08-26,19411.790287061653,15209.772727272733,192744.9687621669,276.78658373809594,88,432,0.28489090909090914,0.17710348591306665,-1.7053025658242404e-13,-410427.51642520336,591741.8750689437,5959.336531908266,13452.453755153387,-29051.238487218172,-77237.4806777599
2024-08-27,18621.718796460875,22152.159090909096,174103.37999172462,259.517187936882,88,432,0.2836445454545455,0.15741441494473818,8.526512829121202e-14,148624.11956106033,584651.764332259,14163.424587916956,4458.294208543918,-25163.643389407163,-68689.48838733832
2024-08-28,4590.385023165309,24273.44444444445,171497.5257267995,256.5284302057601,90,442,0.29044261111111114,0.14295915405348542,-5.684341886080802e-14,56940.57973645507,598522.6323778097,-1332.413425270119,5922.798448435427,-38540.52483874033,-81414.9062704402
2024-08-29,28024.252502598065,24772.272727272735,173530.45716769632,288.9496862629393,88,432,0.28035857954545457,0.16132495876182007,2.842170943040401e-14,-159530.11146827927,582213.7307888165,-1591.1100922908429,29615.36259488891,-15647.311475588955,-59029.925767513036
2024-08-30,2388.5927127997793,3611.162790697674,181330.86026707565,278.17755388965344,86,423,0.2638783720930233,0.1661376194710062,1.1368683772161603e-13,141522.43241495473,545592.3107297276,38696.33549688823,-36307.74278408844,-43222.29990785879,-88555.01497462769
2024-09-03,15630.761884938529,22472.727272727265,226025.5449038572,142.55145390631242,88,440,0.2912363636363637,0.18421034363369537,5.684341886080802e-14,-114361.98888851123,589419.3772271234,21951.283109204218,-6320.521224265689,-41018.17579493209,-97524.56202089638
2024-09-04,11435.217589931834,11737.045454545456,178186.57755167273,172.96546025845075,88,439,0.27944375000000005,0.16101458317602868,5.684341886080802e-14,90778.13306711786,571094.7100867935,8922.290250538692,2512.9273393931403,-33284.3922582448,-77831.03664616297
2024-09-05,24746.51431099272,21320.11627906978,171110.31669754905,182.1565414849156,86,430,0.2994189534883721,0.15720160132184693,-5.684341886080802e-14,-8178.363731966388,612195.9480074028,23978.353193577845,768.1611174148767,-18213.22140487946,-60990.800579266725
2024-09-06,14075.081677783926,7124.444444444442,160477.1308421093,163.90974808394463,90,448,0.30861444444444447,0.13453404296211197,2.842170943040401e-14,-24421.638875151228,627892.5715291239,2102.3898358908127,11972.691841893113,-26208.11078082734,-66327.39349135467
2024-09-09,16852.48181383844,19645.45454545455,202048.559255365,157.58225808275174,88,440,0.2926079545454546,0.1525627800504387,0.0,6205.297975007943,593485.6228353236,15370.880923005967,1481.6008908324743,-33817.240258085556,-84329.3800719268
2024-09-10,28834.56998892502,24333.666666666675,224188.82294119697,147.70540146953942,90,441,0.3135795,0.18425241346116722,-8.526512829121202e-14,-72664.57957905195,633892.7275104966,8055.929672098341,20778.640316826677,-27360.34114784376,-83407.546883143
2024-09-11,18288.801741764943,19134.999999999993,215407.81728375194,152.0073786634406,88,435,0.3028510795454546,0.1804753422565369,-1.7053025658242404e-13,-20875.617070803535,614529.8435954001,6995.725643080152,11293.07609868479,-35715.15995783648,-89567.11427877448
2024-09-12,14039.505175273289,13942.840909090914,162251.1326768078,137.72381684444215,88,440,0.3111299431818182,0.15402354875643695,-1.4210854715202004e-13,-52289.92616359869,628625.0032280923,6347.794479684979,7691.71069558831,-26661.001810773105,-67223.78497997507
2024-09-13,8942.190027965207,5465.888888888886,155372.69807450677,181.29866364824662,90,447,0.29806400000000005,0.12577237275393433,8.526512829121202e-14,67250.19577577554,605892.1591910749,3696.319269767368,5245.87075819784,-30082.28315430973,-68925.45767293643
2024-09-16,1116.261354741988,-8.888888888891344,78564.60287728765,202.46799511676133,90,448,0.29008388888888886,0.06905824719884407,5.684341886080802e-14,-125119.21695588024,593033.4791698742,1346.4999042869267,-230.23854954493848,-18727.35735969668,-38368.5080790186
2024-09-17,14219.862551344937,13346.73913043478,109430.86233390264,213.87120072920214,92,457,0.283575,0.08930802975980642,1.4210854715202004e-13,-166644.35425008213,582513.2143449376,5039.803924704765,9180.058626640171,-13351.724232859924,-40709.43981633559
2024-09-18,1806.2284367001357,2589.1304347826117,82775.49726728248,197.56503224491004,92,451,0.2761967391304348,0.0802977024857886,1.4210854715202004e-13,-95091.7661486746,565295.1687421966,-3522.8787016658443,5329.10713836598,-19085.210912365397,-39779.085229186014
2024-09-19,11242.633733035385,13214.130434782614,109387.36676305269,208.52595510051006,92,455,0.2829505434782609,0.08563595640499458,5.684341886080802e-14,-26531.970707489076,580349.7494876119,9247.42717227903,1995.206560756354,-16312.733912828297,-43659.57560359147
2024-09-20,6890.442258846169,1569.456521739132,77467.02087638807,223.27279076493673,92,454,0.2783321195652174,0.07805872677784038,-8.526512829121202e-14,-60684.666532256146,570876.423628124,-6710.097522544365,13600.539781390535,-12699.585751015784,-32066.3409701128
2024-09-23,12856.961097413592,8937.727272727272,170094.3679078092,198.84613209211017,88,440,0.29515698863636364,0.15056419605663862,5.684341886080802e-14,-117900.23481011305,600968.3366937548,5610.593632191202,7246.36746522239,-29865.477011630817,-72389.06898858312
2024-09-24,8455.609399687055,5904.883720930226,174362.3008858969,166.61488986183952,86,423,0.3025198255813954,0.15268869697983511,5.684341886080802e-14,-3544.354445239789,613134.9475057645,8441.123506791322,14.485892895733414,-35301.58071164901,-78892.15593312323
2024-09-25,10685.760506782575,10435.23255813954,143415.34848956755,204.479506498572,86,428,0.3058227325581396,0.136903635466664,-1.4210854715202004e-13,-200702.31376379213,626438.8807476017,9302.211730476407,1383.5487763061665,-25372.556122107886,-61226.39324449977
2024-09-26,10316.423215833656,8193.295454545456,150768.6021052484,210.52305072363322,88,434,0.3133133522727273,0.12758274998437996,-2.842170943040401e-14,-149597.26120369975,638379.6934708484,10819.773821749153,-503.350605915498,-27586.250361202077,-65278.40088751418
2024-09-27,8937.950224328968,2060.1136363636388,167563.01089154684,213.23215657774105,88,433,0.3100750568181818,0.12455972343048076,-2.842170943040401e-14,-376663.46861561784,631945.6269997018,-3109.8481640073032,12047.798388336272,-33166.03465513548,-75056.7873780222
2024-09-30,15357.34551032136,19755.999999999975,231883.92694282375,142.58688514886208,40,199,0.349404875,0.18477703211955565,3.410605131648481e-13,-77889.75376798252,704543.3050904924,24495.553613474287,-9138.208103152927,-42756.223110533436,-100727.20484623937
2024-10-01,7065.062452774172,7690.1136363636315,183476.11257601212,156.75722945650125,88,435,0.31658073863636366,0.14345190425568613,5.684341886080802e-14,-85456.83970928797,642303.7729139092,5730.305039385524,1334.7574133886478,-38960.72292068536,-84829.75106468839
2024-10-02,2835.05102632813,1671.136363636348,151063.94552721435,158.03386998660866,88,437,0.32722954545454547,0.12476082356198873,0.0,-35139.20064710407,663158.2464622125,2785.3209592994554,49.7300670286744,-35088.96922546207,-72854.95560726566
2024-10-03,6087.204423904791,4322.33333333333,155878.56109178238,137.24023470740278,90,446,0.3322507777777778,0.12238948740947936,8.526512829121202e-14,-4011.3902041147267,671601.2160749254,-5317.036151594377,11404.240575499169,-33019.67608374821,-71989.3163566938
2024-10-04,11771.238952165957,6912.499999999993,144645.6639400601,157.99698499426606,88,439,0.31754045454545454,0.12682709670227635,-2.842170943040401e-14,-46907.50525111958,644284.5944612685,5025.558369099763,6745.680583066194,-24548.174017843332,-60709.59000285836
2024-10-07,11264.17062150411,9748.749999999996,196696.2143351666,172.76515700771168,88,435,0.34684943181818184,0.1449918617734487,-1.1368683772161603e-13,-116187.69636957042,703639.431339813,-12.384611827342155,11276.555233331454,-38082.64811929525,-87256.7017030869
2024-10-08,14785.32091744648,12787.444444444454,194222.98443165666,144.31911360443044,90,445,0.35615405555555557,0.1430539205431499,1.7053025658242404e-13,-97220.19271171335,719106.3575429197,-1427.0132143829014,16212.33413182938,-33914.74430407212,-82470.49041198628
2024-10-09,12545.60376376255,11213.77777777777,176087.80896815294,152.7888659292988,90,442,0.353035,0.13123898973858386,8.526512829121202e-14,-163844.74480084213,714908.4975491266,1180.9825057314622,11364.62125803109,-31629.137344204984,-75651.08958624321
2024-10-10,4193.751249584449,2592.3913043478296,176359.77267419215,181.73476021987798,92,456,0.3543440217391305,0.1080029569861999,-8.526512829121202e-14,-249107.06921526996,718393.1662421451,-7008.6985233948935,11202.449772979342,-40077.92667918347,-84167.86984773149
2024-10-11,10696.829889707558,4886.888888888889,173908.4362375556,165.71057535489874,90,447,0.3509751111111111,0.12917872997839436,1.1368683772161603e-13,-11270.444950750914,710490.0521135544,-5362.084187434778,16058.914077142337,-32945.98974503624,-76423.09880442514
2024-10-14,6170.988049501672,6204.1304347826035,114964.17875272874,196.13819663869467,92,459,0.33324358695652173,0.08001918292103524,0.0,-101840.06353962646,680186.8293926656,11313.130157089821,-5142.14210758815,-22766.194835319206,-51507.2395235014
2024-10-15,10392.817058603943,7844.782608695644,99371.24424876379,200.53189093826347,92,460,0.3472573369565217,0.08414377846190144,-1.1368683772161603e-13,-99568.25029033968,707924.3639508961,418.2698894901625,9974.547169113781,-14650.525894525268,-39493.336956716215
2024-10-16,421.8588291306157,12375.543478260875,121850.06504740311,199.3498727172385,92,459,0.35264494565217397,0.09343172351706021,-2.842170943040401e-14,-92649.27825953529,719975.0117479558,-1896.5482722618897,2318.4071013925063,-30240.0073054374,-60702.52356728818
2024-10-17,4502.474614142226,1536.9148936170245,113568.3396760391,207.87460519271474,94,462,0.34218585106382976,0.08079864113810203,-8.526512829121202e-14,-84814.71903080484,696975.4393831498,-5516.702953524985,10019.177567667211,-24097.484910060266,-52489.56982907004
2024-10-18,5602.479379530353,-9767.608695652178,102933.33490977113,228.6123303772102,92,452,0.34331701086956523,0.07975093620069375,0.0,-9591.832937112988,702243.3269849814,332.60435509248373,5269.875024437869,-20359.466678289642,-46092.80040573242
2024-10-21,18925.871522492915,19792.666666666668,174593.7985751052,176.74359388622975,90,445,0.3460214444444445,0.131016740477418,5.684341886080802e-14,-410339.34331795765,702265.9564790981,5827.91750734418,13097.954015148734,-24899.321715169615,-68547.77135894592
2024-10-22,13183.716822760927,9337.608695652176,172522.7085069789,195.58548045067516,92,454,0.3420396739130435,0.129189813887679,-5.684341886080802e-14,-176279.73129120446,695581.8363504489,1909.2476286231902,11274.469194137737,-30142.54578443447,-73273.22291117921
2024-10-23,13013.782654886656,37829.0,193962.573922095,165.38870049227808,90,442,0.3491553333333333,0.12982407638283597,2.842170943040401e-14,-161723.16866797587,707752.6541827286,2146.2797983169826,10867.502856569674,-35642.24952612937,-84132.89300665312
2024-10-24,12041.931974897509,28789.666666666657,154848.34659538537,220.61388692959363,90,448,0.34577483333333336,0.10859522709134176,-3.410605131648481e-13,-428492.729448013,704603.3282655742,1965.4945150730298,10076.437459824478,-26890.768560878427,-65602.85520972477
2024-10-25,17445.180867291638,6645.454545454537,205422.79359856804,149.52469235781516,44,214,0.3768500000000001,0.14643558946914828,-5.684341886080802e-14,-72586.26381980078,759737.0381531843,-4565.925309638702,22011.106176930338,-34060.04222470819,-85415.74062435019
2024-10-28,21659.524381648323,23777.27272727274,221893.160953603,148.82397461056001,44,214,0.37272272727272726,0.13611926129270147,1.1368683772161603e-13,-16931.954693855856,750815.5428945669,2181.056391161188,19478.467990487134,-33962.58983136298,-89435.88006976372
2024-10-29,34468.5314899209,35520.00000000001,234504.9197059404,139.033057017115,40,200,0.36892,0.17381920515456448,-1.1368683772161603e-13,-98047.71727760007,742554.6559180749,15712.109413941867,18756.42207597903,-24296.73149358132,-82922.96142006644
2024-10-30,25629.132581229376,22833.33333333332,234709.43954806414,117.79023534143525,42,203,0.42193095238095235,0.16171036248455314,-2.2737367544323206e-13,-104565.94691208623,848885.3309654832,19918.47075200979,5710.661829219585,-33166.01754112809,-91843.37742814413
2024-10-31,36534.28824802703,35540.4761904762,221092.36380273066,140.52999111357155,42,204,0.41799047619047625,0.15989605501879695,-1.1368683772161603e-13,-91731.94261750976,841529.2698632412,5365.351414016053,31168.936834010976,-18879.332693769207,-74152.42364445188
2024-11-01,15352.140018537031,199.77272727273373,195985.86109522337,136.50142323437947,44,214,0.4314431818181818,0.11930532552454744,0.0,-150605.10270658883,868778.9613516129,217.98598454149362,15134.154033995539,-33780.826678503196,-82777.29195230904
2024-11-04,-2096.6022560831407,-4176.190476190481,246306.3099976843,150.31143904979027,42,205,0.3896690476190476,0.1493683055900462,-1.7053025658242404e-13,79387.47216436884,786296.3682939771,9919.52626124633,-12016.128517329471,-63823.491194554,-125400.06869397509
2024-11-05,-4204.986718718185,11032.093023255822,232195.08111624426,151.2191286136066,86,423,0.3656462790697675,0.1401146953124385,-2.842170943040401e-14,-113579.36780445851,738506.2451483139,-9280.713809854911,5075.727091136727,-62404.97612639286,-120453.74640545392
2024-11-06,11676.749627229103,8193.023255813952,221889.72385721977,175.0574853567596,86,426,0.33786162790697677,0.16261627009311685,2.842170943040401e-14,30779.1699805131,685480.3462546557,1755.4259140900763,9921.323713139025,-43970.7388224326,-99443.16978673755
2024-11-07,23875.271195555935,38023.80952380953,181326.4581860626,185.46895093357975,84,413,0.32585416666666667,0.1731946054877245,-1.9895196601282805e-13,-70762.88129140262,663129.6477624107,3010.6307162722137,20864.64047928372,-21641.812301893297,-66973.42684840894
2024-11-08,7323.222846588453,-5797.727272727254,164874.020634509,134.7894286606304,88,431,0.31423920454545456,0.1127693273755419,-3.126388037344441e-13,-104458.27997679071,634510.0452271234,14871.746091109446,-7548.523244520994,-34030.07174069943,-75248.57689932668
2024-11-11,15024.064096055907,14414.634146341445,183973.93223666074,141.14475188281068,82,403,0.3318207317073171,0.16113794604192846,-5.684341886080802e-14,28654.79738607873,670779.6443157045,9700.058955041011,5324.005141014895,-31110.563714992088,-77104.04677415726
2024-11-12,13727.749966932979,8443.00000000001,195533.74514623944,165.666042866494,90,446,0.3271362222222222,0.14991664532213916,-1.1368683772161603e-13,-71637.97654703679,663513.9351395963,7395.605677404255,6332.144289528722,-35321.35236249337,-84204.78864905323
2024-11-13,-8879.786183968277,-8023.863636363643,173788.87506385977,139.26664657244407,88,440,0.3337215909090909,0.1373117857652719,0.0,-39951.397463096175,673359.3172176554,402.1981212698945,-9281.984305238171,-52466.27159650567,-95913.4903624706
2024-11-14,5754.25524845242,-56.81818181817687,180655.95441234077,147.70054957576514,88,434,0.3436590909090909,0.1318524956545346,0.0,-71172.46815512379,695020.6696008551,17812.60379847651,-12058.348550024091,-39557.433904208534,-84721.42250729373
2024-11-15,14368.910084068068,7856.071428571413,208992.47837532317,152.86240339035984,84,417,0.34634583333333335,0.14114622955447448,0.0,-41829.971558847974,700561.9024438133,-156.41682891416593,14525.326912982235,-38032.071913153086,-90280.19150698389
2024-11-18,5889.5448590223305,12933.333333333323,98310.6202104809,154.58400240990986,90,450,0.32752833333333337,0.08396088520232371,8.526512829121202e-14,-91746.38267075703,662528.0163460992,1913.3222624960706,3976.22259652626,-18842.694196007804,-43420.34924862803
2024-11-19,-7119.572185589327,5338.695652173914,115363.32391559122,164.28138763341786,92,455,0.3286029347826087,0.08844243136835124,5.684341886080802e-14,-77240.3804651855,665378.7513450303,8138.925339005867,-15258.497524595194,-36124.68455212055,-64965.515531018355
2024-11-20,9711.897438875607,11187.777777777786,155103.25566414584,182.86182791078332,90,449,0.33781000000000005,0.09813174848062606,-1.4210854715202004e-13,-115563.93626535432,686848.7250375486,8511.643294323263,1200.2541445523452,-29246.778305071635,-68022.5922211081
2024-11-21,14633.799878688593,18801.111111111113,180722.80237344833,168.0338387075552,90,445,0.3280816666666667,0.13948334560736791,8.526512829121202e-14,73688.02233818363,664120.7125457653,3608.522942004107,11025.276936684486,-30714.93455338104,-75895.63514674314
2024-11-22,9739.89426375712,1268.0232558139617,213933.92351992856,164.1927400494874,86,427,0.33118313953488376,0.1553421719184438,2.842170943040401e-14,52496.89547562139,670294.7918364906,11737.906847690008,-1998.012583932887,-43907.77935627451,-97391.26023625665
2024-11-25,18162.135497917647,20358.974358974352,249894.94523900276,167.38011332931754,78,385,0.33182820512820516,0.2044353172172033,0.0,-190438.75457688997,672446.6113387973,1919.667557455612,16242.467940462035,-44478.98092516236,-106952.71723491304
2024-11-26,12498.99761186388,18377.500000000004,246852.19207614643,218.8941105698755,80,391,0.312515625,0.19694640982874018,1.4210854715202004e-13,246416.17431822664,641984.4933306491,3214.984198914105,9284.013412949776,-49432.9445177426,-111145.9925367792
2024-11-27,12793.102133729619,5106.756756756761,264251.4040736619,207.83202527077455,74,368,0.31049527027027024,0.20853361507447013,5.684341886080802e-14,266558.8115643719,635213.1686062507,6049.503059295765,6743.599074433855,-53477.58090995663,-119540.43192837211
2024-11-29,24816.625767148744,5165.714285714292,250898.0339211171,172.72308427517348,70,349,0.331185,0.1967838836117923,5.684341886080802e-14,121617.95019539497,669959.7352397133,7479.960102576147,17336.665664572596,-38080.605797405704,-100805.11427768499
2024-12-02,-2399.609077335415,-3088.888888888885,259376.22042258814,155.9259727478474,36,177,0.34599583333333334,0.1676863872725996,0.0,-18129.88851310393,698083.0116605557,-8230.760777883936,5831.151700548521,-67399.5901557303,-132243.64526137733
2024-12-03,24091.41671998938,24711.904761904767,229585.6499588864,153.36478771254315,84,417,0.2942916666666667,0.19594262132203707,8.526512829121202e-14,-107583.92699499516,597384.6304421629,11996.67152073215,12094.74519925723,-33458.360557444765,-90854.77304716637
2024-12-04,22905.707538061506,24739.285714285717,247668.3094290193,148.6409180693543,84,416,0.29285833333333333,0.23496316177101115,-2.842170943040401e-14,-17133.902777716103,592474.8379492509,9220.065728000292,13685.641810061215,-39160.01073726267,-101077.08809451752
2024-12-05,3216.8571278884588,15604.761904761912,245297.5269561697,169.59563699496172,84,412,0.2864744047619048,0.19279352001646058,1.1368683772161603e-13,-49139.5142444936,584076.2179635956,5498.451477760241,-2281.5943498717816,-58277.12024814893,-119601.50198719134
2024-12-06,29048.468434376442,21521.05263157894,234922.5714246541,152.1440601066331,76,371,0.27736052631578945,0.219444989775631,0.0,-60363.21282103502,563918.2127368998,24187.845862900263,4860.6225714761795,-29834.318481893715,-88564.96133805724
2024-12-09,19613.43305866989,25458.205128205132,279176.2865242519,149.93597244079942,78,383,0.2924829487179487,0.23040649640938474,0.0,62335.44999757164,593366.9390537888,12135.154464307308,7478.278594362582,-50330.574544833886,-120124.64617589687
2024-12-10,18338.21827517309,19274.999999999996,264262.2244597047,190.49655083127396,80,394,0.29404937500000006,0.25073448832043954,-8.526512829121202e-14,113611.573527537,599786.078395023,9608.447061971137,8729.771213201951,-47917.834390584365,-113983.39050551054
2024-12-11,13067.984276427629,20744.18604651162,234761.6863873389,159.92230680270472,86,424,0.29421104651162794,0.2279935053260385,5.684341886080802e-14,-58044.21033759749,598350.4426846795,8864.545009747217,4203.439266680414,-45782.35962720981,-104472.78122404453
2024-12-12,19654.944496581615,18886.190476190484,215581.02264544126,168.58708589280894,84,415,0.2831047619047619,0.21704611902289805,5.684341886080802e-14,87182.126149159,577278.788039687,6926.56290233362,12728.381594247996,-34408.89825067151,-88304.15391203183
2024-12-13,11230.923792486308,5313.023255813959,247478.90073910888,199.95948304067466,86,427,0.28821674418604654,0.20731846920948405,-8.526512829121202e-14,193454.26409284055,591989.5538262861,16635.49925981158,-5404.57546732527,-50838.76087533159,-112708.4860601088
2024-12-16,20295.63607800602,16762.222222222223,202603.98535046505,215.3738280908961,90,447,0.3049761111111111,0.18177094965221785,-2.842170943040401e-14,195486.9689997348,630869.122117887,20605.745535104972,-310.1094570989492,-30570.734087701137,-81221.73042531741
2024-12-17,43385.86937231211,35127.272727272735,267030.46050167194,207.32661005483791,88,436,0.31993238636363636,0.1650229435394382,1.9895196601282805e-13,-236511.7318259779,660854.4503285284,50147.73040900804,-6761.861036695934,-23579.072363160714,-90336.6874885787
2024-12-18,2211.2954612825833,28964.28571428571,231292.0697490907,191.67770437711675,70,350,0.34453357142857144,0.21557048998923395,0.0,-68040.21166696961,704837.6732513289,15158.191302481815,-12946.89584119923,-55803.399680367205,-113626.41711763988
2024-12-19,36343.8642216294,34404.54545454546,256087.3231176919,195.35735122604905,88,431,0.32961704545454545,0.1794641233851565,5.684341886080802e-14,37557.65285506559,674374.5972157222,-12158.87462550941,48502.73884713881,-27873.323909019622,-91895.1546884426
2024-12-20,30235.135738093104,25894.999999999993,229051.28940037775,213.21795618275289,76,374,0.2931361842105263,0.2511127856376927,0.0,41350.47867322943,605213.0252948559,-5321.538165742427,35556.67390383553,-27240.904568184087,-84503.72691827852
2024-12-23,11502.286237616394,10448.684210526315,267411.42922787246,221.7702496331456,76,377,0.2854526315789474,0.2636889909078342,-5.684341886080802e-14,28085.423451935458,588214.7111374461,-8687.853762693421,20190.140000309813,-55572.341318984865,-122425.19862595298
2024-12-24,23650.604025184635,23250.375,255098.77425713377,189.7144247289076,80,395,0.2881051875,0.23217894819933266,0.0,16842.133841452996,586653.6016904098,5923.332780152584,17727.271245032054,-40313.80396382772,-104088.49752811115
2024-12-26,34787.830116667516,31879.72972972973,274099.06168161693,262.1792383427852,74,370,0.28450195945945944,0.24144268405646538,-5.684341886080802e-14,-36171.3604963782,588631.6328909349,20958.38275203735,13829.44736463017,-33999.1145420795,-102523.87996248373
2024-12-27,20735.02993022401,11286.000000000004,219217.46111919536,170.70572890042976,40,192,0.320168875,0.18667302712532804,-3.979039320256561e-13,-69866.64331880346,647355.9971063277,9026.899369599978,11708.13056062403,-34240.04107847526,-89044.4063582741
2024-12-30,11355.576485793325,10567.50000000001,232679.50804564497,145.86490458349448,40,197,0.3219325,0.1899754270373094,-1.1368683772161603e-13,31091.60783726628,648915.3872737067,2263.3910814094193,9092.185404383905,-46960.165430201414,-105130.04244161265
2024-12-31,38698.03213227502,38405.0,275249.3655279463,139.2021809159323,40,194,0.32468875,0.18716069638256588,1.1368683772161603e-13,-42838.58513930003,654049.1806874231,18393.253052556072,20304.779079718945,-30253.511430627495,-99065.85281261407
2025-01-02,25873.647198337596,17789.473684210527,268473.65124874725,132.07322965469453,38,185,0.3291118421052632,0.22178344483717136,0.0,-67126.43179378992,662190.8240839184,12589.507718923325,13284.13947941427,-41376.83884350391,-108495.25165569072
2025-01-03,27141.490096439364,16591.750000000004,221139.8508838798,147.0307418089214,40,195,0.31799750000000004,0.1772507053448143,-1.1368683772161603e-13,-112971.41488528656,642457.3947018454,27315.89644297552,-174.4063465361587,-28290.503366339504,-83575.46608730945
2025-01-06,11694.5521980339,8340.476190476193,239005.31654337564,128.57895081622965,42,201,0.33434761904761906,0.19181742488090986,-5.684341886080802e-14,-61301.71454993771,673313.9804544005,9729.744076510791,1964.8081215231077,-48185.35588862623,-107936.68502447015
2025-01-07,18735.38988120088,14610.853658536587,249599.28102701582,138.14222789268206,82,406,0.31223298780487807,0.2155848071166754,-1.7053025658242404e-13,-148190.28991796888,631705.792416587,7311.923824357333,11423.466056843548,-43802.572603445755,-106202.3928601997
2025-01-08,15339.297435793058,13467.857142857132,268955.9329505626,150.0013221924512,84,414,0.3056619047619048,0.2011661201955934,1.1368683772161603e-13,-93211.76301115013,619314.0219285075,18293.87477892996,-2954.5773431369025,-52049.68712404005,-119288.67036168069
2025-01-10,22614.056386738426,21551.21951219512,291444.14677876595,151.96722429599197,82,407,0.31976829268292684,0.23482436102779958,0.0,15428.91389448637,647838.5226286912,10657.01747092031,11957.038915818117,-50398.947532249054,-123259.98422694053
2025-01-13,15503.862547228708,14887.804878048779,252099.630539695,136.57649993239983,82,410,0.33288170731707317,0.17323308804981088,-1.7053025658242404e-13,-95381.06996161019,673458.938334187,8491.344578057528,7012.517969171181,-47657.621587627444,-110682.5292225512
2025-01-14,11280.094837386385,10172.619047619048,249716.1410940457,151.95565375368813,84,420,0.3338994047619048,0.20632225233211945,-2.842170943040401e-14,-94541.28960743354,675529.4690042421,-11467.50986348256,22747.604700868946,-51300.896089878726,-113729.93136339016
2025-01-15,18546.69079242026,16024.999999999996,245617.1851185945,167.2214138029291,88,432,0.3230346590909091,0.190496152180579,-1.1368683772161603e-13,-110805.39239019249,655960.5656075698,2549.467069151782,15997.223723268477,-43024.826901031294,-104429.1231806799
2025-01-16,9933.453285149753,6153.571428571443,225087.32804616506,166.35981386520157,84,414,0.32253035714285716,0.16620478144123982,8.526512829121202e-14,21942.71256087381,653937.6664901976,-2068.438749754386,12001.89203490414,-46504.738540256716,-102776.57055179798
2025-01-17,24939.876983102517,11394.186046511622,235268.15941038,171.6032255073874,86,421,0.3216744186046512,0.18707048791922923,-2.842170943040401e-14,29186.29038141615,651748.0946495844,7098.335081564173,17841.541901538345,-34048.766094999875,-92865.80594759487
2025-01-21,21095.76967052083,18096.818181818173,190345.62744679552,149.66511654570826,88,433,0.30090329545454547,0.17064283181973436,-1.1368683772161603e-13,74193.32295339946,608270.627201002,10937.161283906498,10158.60838661433,-26640.30230772376,-74226.70916942265
2025-01-22,19821.89505290428,18584.883720930207,164453.69928670177,147.3012017605806,86,426,0.3092593023255814,0.13469647053796754,-2.842170943040401e-14,9170.098003009614,625344.5755521698,7092.091702307641,12729.803350596641,-21438.83097053174,-62552.25579220719
2025-01-23,12769.78694723697,10102.22222222222,169163.1384700892,174.44463171835562,90,444,0.31295,0.13653638481721767,5.684341886080802e-14,53322.856735935566,634670.8742097672,-227.42556895052263,12997.212516187492,-29695.44230200369,-71986.226919526
2025-01-24,30386.09254753124,7969.318181818183,168503.5524639152,166.999507154752,88,437,0.31699602272727273,0.12785261285087002,8.526512829121202e-14,-33052.90531477732,642538.3532406224,45937.38333152011,-15551.290783988876,-11906.795075602313,-54032.68319158111
2025-01-27,24134.670516477876,28834.285714285725,295234.62981629535,180.8356551505069,84,415,0.34151059523809524,0.195259133316123,2.5579538487363607e-13,-98285.414015401,694750.4811823899,7615.631337290692,16519.039179187184,-49854.82259274647,-123663.48004682032
2025-01-28,20088.27688009208,14917.073170731706,271942.9366006799,206.56192625494072,82,404,0.3326890243902439,0.20031750503972245,-2.842170943040401e-14,106312.53349411354,678922.1690422312,9980.153368707755,10108.123511384321,-48104.01919633283,-116089.75334650281
2025-01-29,1353.793908710139,12266.249999999985,327193.59661772364,216.44398874688113,80,399,0.349278125,0.19215279751201617,-1.9895196601282805e-13,148945.88170877253,712941.1963939479,5081.320924423575,-3727.527015713436,-80661.04923446765,-162459.44838889857
2025-01-30,28253.706629875473,22393.684210526313,266800.0559289826,188.1303956901652,76,372,0.343075,0.20944169887821787,0.0,-197019.0161487445,696630.701773444,6681.533103849801,21572.173526025672,-38634.43774806035,-105334.45173030601
2025-01-31,42103.5585093145,19790.476190476187,276561.83752654656,209.0036933710115,84,413,0.3521869047619048,0.20547515969413996,-1.1368683772161603e-13,3001.481107614949,715772.4293498432,17682.21924415705,24421.339265157447,-27245.904565693152,-96386.3639473298
2025-02-03,9637.952826455097,22726.19047619048,262998.37858789344,136.32880762669245,42,201,0.37234880952380955,0.18617305195792144,5.684341886080802e-14,-10962.242237290315,749898.1427766221,217.97601099878852,9419.976815456308,-56247.970628144954,-121997.56527511832
2025-02-04,31657.679984630406,32348.214285714286,243048.80687726382,159.89329582416644,84,411,0.3488752976190476,0.19238079716193374,2.842170943040401e-14,70790.33758510882,706974.0979920067,6993.379750885853,24664.30023374455,-29264.415030509717,-90026.61674982567
2025-02-05,21603.422579041595,26103.809523809527,252840.59524646038,175.57660104160303,84,415,0.3463,0.1902555354556283,2.842170943040401e-14,11109.518036123065,702496.3353493107,8173.750066102636,13429.67251293896,-41782.302833615104,-104992.45164523019
2025-02-06,19677.012919062756,16294.18604651162,246954.52614555642,149.91505672414849,86,424,0.3327104651162791,0.1747603988563313,8.526512829121202e-14,-134577.79999084733,673416.5743830748,3863.0780693757238,15813.934849687035,-42211.53367405049,-103950.1652104396
2025-02-07,14933.446357216413,6338.37209302326,207186.6039816669,143.72416961937392,86,427,0.3370459302325582,0.1686770459198049,-8.526512829121202e-14,28882.634217610183,680961.5890011853,5758.637640019986,9174.808717196425,-37006.92880781969,-88803.57980323641
2025-02-10,13738.471218615374,10213.9534883721,218996.20525986986,163.28552328416436,86,430,0.3221238372093023,0.16538279567777026,-5.684341886080802e-14,-140096.00668060535,654411.0009820733,2719.164729763474,11019.3064888519,-41173.86561963625,-95922.91693460372
2025-02-11,8533.71736650694,12393.863636363641,232180.01202063228,155.70224392766383,88,432,0.3248835227272728,0.17314788157641942,-2.842170943040401e-14,-195606.03163876262,658700.0001376382,12629.612848571287,-4095.8954820643467,-49666.98788257879,-107711.99088773686
2025-02-12,24451.934181852343,20081.97674418605,218579.81984141233,165.95612807034763,86,422,0.3266357558139535,0.18348414294900642,2.842170943040401e-14,11175.972644874926,662584.0597727555,9367.208545737478,15084.725636114865,-30358.97690657109,-85003.93186692418
2025-02-13,14838.995956993387,15360.232558139538,194504.14568661296,170.1049067601554,86,426,0.3199097674418605,0.1711673659454581,-2.2737367544323206e-13,92325.10621938316,650415.5812818218,5048.104384433773,9790.891572559614,-33957.14537142001,-82583.18179307325
2025-02-14,26256.462464684777,16918.181818181805,218599.8898210752,182.40052628941243,88,431,0.3256352272727273,0.18900443263291622,1.9895196601282805e-13,154476.45661636072,663468.8844499711,8432.212753833957,17824.249710850818,-28575.910516873435,-83225.88297214222
2025-02-18,-9651.927982726787,14595.340909090912,162478.37991913137,210.0510122000389,88,438,0.32482079545454545,0.1350949196591025,-2.842170943040401e-14,-201881.50510408456,665856.0811703481,2413.1484877150397,-12065.076470441827,-50481.573974709674,-91101.16895449252
2025-02-19,20091.757539202543,22016.666666666664,156574.17279096265,170.5197001439808,90,449,0.34291611111111114,0.1283885036155441,1.9895196601282805e-13,84908.0638184791,696591.4526040979,5862.805835241781,14228.951703960762,-19222.3053586821,-58365.84855642276
2025-02-20,13401.881163185475,11881.363636363643,181855.37461920208,179.03610905444305,88,433,0.3341805681818182,0.1216085884715158,-1.9895196601282805e-13,-161552.26045249143,681933.7179279719,29353.38989458785,-15951.508731402375,-32240.998600669485,-77704.84225547001
2025-02-21,30696.696638000496,21533.25581395349,203272.76573996517,216.67602827682933,86,423,0.3377779069767442,0.18605872314640218,2.842170943040401e-14,-88905.5113481205,691636.1873006715,10522.907424988927,20173.78921301157,-20338.170825267625,-71156.3622602589
2025-02-24,33686.63108647984,29656.97674418605,303238.5748476663,197.154201510873,86,427,0.3467260465116279,0.20454433151375556,-2.842170943040401e-14,-180069.14741629004,707713.5043452871,29453.33142145016,4233.29966502968,-42320.16682694761,-118129.81053886419
2025-02-25,27471.589994261394,53698.78048780488,317214.4569681686,227.25583437713894,82,404,0.35788524390243903,0.23315172125830963,-1.1368683772161603e-13,-407273.8686312911,734334.5777822495,3742.5567115685617,23729.03328269283,-52059.2800821579,-131362.89432420005
2025-02-26,35114.17692340706,36163.9534883721,273943.96870458656,197.00477179165725,86,423,0.3569998837209303,0.1887817508286123,-8.526512829121202e-14,-66687.72863080051,726729.6016704013,20143.620262951215,14970.556660455846,-33568.82002453124,-102054.81220067787
2025-02-27,29306.06210069719,32444.642857142873,313499.5582012256,232.80713777944806,84,417,0.3550417261904762,0.21690867268555203,8.526512829121202e-14,92590.27255348947,726724.1237484264,4890.094402971823,24415.96769772537,-49301.63458738865,-127676.52413769506
2025-02-28,22686.75485055044,15551.097560975608,333774.27505380404,256.91855941763015,82,405,0.34013310975609756,0.2536722136596774,2.2737367544323206e-13,-333706.672778249,699500.3312742846,26127.441762380484,-3440.6869118300474,-61013.7324723182,-144457.3012357692
2025-03-03,18263.23475676846,22268.292682926818,303745.45380709507,140.5728331359065,82,406,0.3499176829268293,0.22755120205551238,-8.526512829121202e-14,-56738.938177480115,707354.0818250438,23615.992659619566,-5352.757902851107,-57813.70152814121,-133750.06497991498
2025-03-04,19478.97945621673,19453.65853658537,258783.72352200284,113.60973590857355,82,409,0.3505451219512195,0.19861020414781969,5.684341886080802e-14,-74998.36834528355,706254.7098882579,-1126.2548303887588,20605.23428660549,-45330.561160192556,-110026.49204069327
2025-03-05,19967.154360039567,22049.77777777777,266318.58065788273,145.22339003754556,90,441,0.3630490555555556,0.19873327720742712,-5.684341886080802e-14,-103369.66393727255,734414.4949323087,26209.041487873757,-6241.887127834189,-46757.71419446866,-113337.35935893934
2025-03-06,36571.18091875406,27524.333333333336,269698.0949674328,159.9784688228581,90,441,0.35913883333333335,0.19448784614185477,0.0,-63108.534715485046,727087.5801601057,15791.975740350532,20779.205178403525,-31013.321291926997,-98437.8450337852
2025-03-07,26748.365820150033,30248.888888888887,277667.1409443108,151.4721889646908,90,442,0.35233277777777783,0.19648272295544672,0.0,-24376.15974927704,713252.0100884418,54364.22660349969,-27615.86078334966,-42819.89160489236,-112236.67684097006
2025-03-10,33329.47645355122,25597.619047619053,319389.8969140575,139.76455583466543,84,413,0.3881291666666667,0.2172259664265561,2.842170943040401e-14,-201862.6007011032,784846.7764333696,14686.362939397273,18643.11351415395,-46657.762330797814,-126505.2365593122
2025-03-11,31093.8071622354,27438.37209302326,280794.4418939439,159.90889051840418,86,424,0.37710930232558143,0.19984596365801185,-2.842170943040401e-14,-97110.73077820246,764309.0760744552,-2295.4678413832785,33389.27500361868,-39264.71220176897,-109463.32267525494
2025-03-12,31982.250075495638,24119.555555555544,266860.5888498138,156.5046407914049,90,443,0.3612624444444445,0.18974532107165265,-1.4210854715202004e-13,-180393.34894472614,732142.3085287608,23747.5422545849,8234.707820910739,-34889.40177774921,-101604.54899020266
2025-03-13,5735.125104489417,12221.111111111126,236425.6962218549,169.72931461243607,90,446,0.3658633333333334,0.1739262427349637,8.526512829121202e-14,-124452.77979594423,742202.3006225015,-18072.896553899813,23808.02165838923,-53541.02826558674,-112647.45232105047
2025-03-14,22263.94577539536,17526.66666666666,279195.07040520833,172.2959942990478,90,444,0.34957666666666665,0.19617167595774354,8.526512829121202e-14,-158372.6255965499,709815.3570730245,9739.498646681393,12524.447128713968,-47707.11782020577,-117505.88542150785
2025-03-17,23017.430071453415,19306.666666666668,192887.3489001334,201.86013219357636,90,444,0.34413666666666665,0.15207390882211508,-8.526512829121202e-14,-213192.2734296841,705539.6869881736,17170.192924622406,5847.237146831008,-25406.26728577351,-73628.10451080685
2025-03-18,15071.598146842645,14172.826086956531,195892.1142185851,193.26792916479013,92,459,0.35649945652173914,0.14650059046793465,-1.4210854715202004e-13,-92002.39618120088,728249.3942638842,-3308.7738507115287,18380.371997554175,-34094.69833696842,-83067.7268916147
2025-03-19,15698.691098458816,16648.33333333334,174991.93829363276,219.66469021495845,90,446,0.33831361111111113,0.16149733968095925,2.842170943040401e-14,-200341.67851957784,692872.6069195537,4157.018035133496,11541.67306332532,-28268.95816516433,-72016.94273857251
2025-03-20,29730.26645797663,30169.456521739135,200017.3488789494,210.63080494715336,92,458,0.32083152173913043,0.15389712026371657,-2.842170943040401e-14,-263998.707787492,656083.416939615,2303.868274533804,27426.398183442827,-20484.701566707867,-70489.03878644522
2025-03-21,12947.780316164566,12971.136363636362,211265.93478883593,229.60491284426388,88,436,0.31141227272727273,0.19820654587500985,0.0,-148577.39221951782,639407.7369414,-390.94413068999205,13338.72444685456,-40098.30829388868,-92914.79199109766
2025-03-24,18170.327903139252,15430.487804878052,255647.18652886225,196.2456919411498,82,404,0.3186579268292683,0.20652956737191683,1.4210854715202004e-13,-234768.85872868492,648377.9381963409,10582.72327923664,7587.604623902611,-45937.71442101746,-109849.51105323303
2025-03-25,22452.451346782032,21386.585365853658,234486.27154850482,198.8430498209189,82,404,0.3091975609756098,0.2116282790687687,-1.1368683772161603e-13,-219842.52065448475,631996.175056325,18929.351277089598,3523.100069692435,-36367.95959016509,-94989.5274772913
2025-03-26,25187.526012576287,18893.69047619048,247276.15836369316,233.46558221299418,84,411,0.31921946428571435,0.21943736675240327,8.526512829121202e-14,-362316.77391747973,653736.6796529186,15379.419729941728,9808.10628263456,-36864.97916056,-98684.0187514833
2025-03-27,25749.32895247095,22317.44186046511,219085.11949417827,208.53764716562927,86,425,0.32758953488372095,0.18979661621917746,-2.842170943040401e-14,-350493.2395018715,669940.7700060931,39030.17016907298,-13280.841216602035,-29230.48856823925,-84001.76844178382
2025-03-28,8225.343851750515,-1183.720930232553,202961.52606050126,202.93268185567592,86,430,0.34488720930232564,0.14448986100389566,-2.842170943040401e-14,-387394.255726396,702870.5824669333,946.5888092655753,7278.75504248494,-42717.970345230475,-93458.35186035579
2025-03-31,11706.414968706908,13282.499999999996,249689.16619262268,135.75246548898832,40,200,0.3675275,0.16153900891838552,0.0,-42795.77860817284,739153.517145129,-3608.0363244952723,15314.45129320218,-50851.62904493775,-113273.92059309343
2025-04-01,11902.660902009227,11030.568181818191,229769.25051172002,145.94897626605936,88,439,0.3391477840909091,0.18126465809101236,1.1368683772161603e-13,-99020.1237191493,686572.2682612628,821.0668880831713,11081.594013926057,-45685.600702186835,-103127.91333011683
2025-04-02,66844.12356328842,39229.545454545456,267112.8236819313,146.18386096994263,88,433,0.3556352272727273,0.16838895585987348,2.842170943040401e-14,-5584.321354483398,718642.1736847223,147641.93480726017,-80797.81124397177,-80.26621816434826,-66858.47213864718
2025-04-03,-9584.529052187989,903.4883720930295,477838.2243514821,152.01453107178148,86,423,0.3851343023255814,0.19093353701621715,-5.684341886080802e-14,13024.609212024221,779935.9898257251,122926.34343562616,-132510.87248781414,-129196.0996711303,-248655.65575900083
2025-04-04,16048.111997840058,5965.3947368420995,441934.87739954796,158.8536799817959,76,372,0.5252216447368422,0.23295663102590763,0.0,-171393.28323411115,1060464.9230078252,10016.406712658692,6031.705285181365,-94594.46103202873,-205078.18038191574
2025-04-07,16277.357326753809,12425.833333333321,509262.77000141336,142.3149018576513,84,416,0.5221988095238095,0.22354797335006166,-5.684341886080802e-14,-196947.18542014033,1054016.77060035,29545.03269230531,-13267.675365551502,-111180.65007545719,-238496.3425758105
2025-04-08,13670.527297845738,11891.463414634136,548302.5957842139,171.58905611477414,82,409,0.5715829268292684,0.21453116307303766,3.410605131648481e-13,-48285.964291320866,1153425.9531997032,-29064.168070172884,42734.69536801862,-123576.7107043225,-260652.35965037596
2025-04-09,58865.208688505365,60697.22222222223,502785.05035632016,136.8523431435274,72,360,0.4518680555555556,0.2706227947191144,5.684341886080802e-14,-109584.48510458163,911347.8043558572,100025.57662195545,-41160.36793345008,-66967.90624371821,-192664.16883279823
2025-04-10,39883.19340130462,37964.99999999999,427220.98166193336,146.07439542433255,80,400,0.543455,0.2225140809967317,-8.526512829121202e-14,-69697.05522265998,1094945.949509182,-15322.742746212754,55205.93614751737,-67068.12640960305,-173873.3718250864
2025-04-11,42346.808761449916,40888.06818181819,395999.5223463647,166.33564816309047,88,438,0.47591250000000007,0.2178514116834447,1.4210854715202004e-13,-26963.22820136689,962495.5382891187,-39318.72544876025,81665.53421021016,-56819.407473304345,-155819.2880598955
2025-04-14,47874.92288752286,45100.0,321174.4316948781,179.5076236464095,90,443,0.4286433333333333,0.19940976959142492,-1.4210854715202004e-13,-328226.9256572245,871665.3048398305,-9637.845567706756,57512.76845522962,-32598.192659843073,-112891.8005835626
2025-04-15,27516.109479732993,24818.068181818195,330003.5164422789,184.23795534896897,88,436,0.41598454545454544,0.20066728965908415,-1.9895196601282805e-13,-265023.8483335392,845114.1270112848,24443.27321349757,3072.8362662354234,-55169.007586185704,-137669.88669675545
2025-04-16,45627.86752545155,29661.111111111117,303776.3478536501,159.9301311596287,90,446,0.4478516666666667,0.17736033663659806,-1.1368683772161603e-13,-311596.1397806898,906637.3197002582,6993.632738498741,38634.23478695281,-30476.149569120607,-106420.23653253313
2025-04-17,28639.750474759636,16611.590909090923,313088.2132459053,190.9512752936881,88,436,0.42339767045454546,0.1895647477617518,-1.1368683772161603e-13,-238926.37579637286,860613.4581508333,17276.517385693587,11363.233089066049,-49823.25411201037,-128095.3074234867
2025-04-21,24774.975706887304,32436.860465116286,383952.7327421964,176.15174124004338,86,421,0.44043011627906975,0.23020257003399383,0.0,-186482.93552714077,891680.689879348,2000.1768365032708,22774.798870384035,-71389.35921990185,-167377.54240545095
2025-04-22,28936.723671479143,25291.666666666664,409022.28979025525,183.9724865854066,84,415,0.44025119047619043,0.218502833970809,-2.842170943040401e-14,-162183.94401050473,891777.0154408403,3812.163234528879,25124.560436950265,-73502.82126267007,-175758.39371023388
2025-04-23,27356.43759967254,41275.00000000002,377612.5575796385,207.96061649898627,80,393,0.414384375,0.2334503047600734,-2.842170943040401e-14,-378844.97811732383,841186.2537764831,2431.449183257091,24924.988416415446,-67254.66241173606,-161657.8018066457
2025-04-24,21663.756858280227,20103.80952380953,333440.26053098566,174.66895994287998,84,418,0.3957758333333333,0.21170475096979313,-1.9895196601282805e-13,-163942.97052684435,802456.7982324084,-76.67282919256195,21740.42968747279,-61870.97723440907,-145231.0423671555
2025-04-25,19079.638327299643,15826.190476190466,288275.2939152807,130.38363586369383,42,206,0.44351666666666667,0.15448088477382016,2.2737367544323206e-13,-17599.00303858603,891405.3377548563,-2617.566556193372,21697.204883493014,-53119.568787384225,-125188.3922662044
2025-04-28,19327.10594066347,21645.238095238095,268254.1361648162,157.7916534822707,42,210,0.42965833333333336,0.18083083203010555,5.684341886080802e-14,-27833.342119151806,864779.6131787035,-4749.630411655387,24076.736352318858,-47894.21975402285,-114957.7537952269
2025-04-29,47627.44098966176,43056.818181818184,374400.5232680888,132.53339916981116,44,215,0.43517272727272727,0.1890137415498984,5.684341886080802e-14,4902.470950765786,874456.6400075128,19694.607113496073,27932.83387616569,-46105.22322653026,-139705.35404355245
2025-04-30,47710.503804589345,45764.76190476191,380998.6783879584,125.07594921577356,42,205,0.4467869047619048,0.22745284319125406,1.7053025658242404e-13,-72542.12903072895,898436.0062151857,3731.656000690021,43978.84780389932,-47664.241741616024,-142913.9113386056
2025-05-01,34381.09211762374,31495.238095238084,221581.00338036916,149.3679983689593,42,203,0.4484714285714285,0.15379046232472304,5.684341886080802e-14,-67940.54756476924,902702.6328473235,7111.359023785254,27269.73309383848,-21163.52672583751,-76558.7775709298
2025-05-02,10378.425645165678,4371.739130434785,216668.73185333415,137.23001182666354,46,222,0.4246684782608696,0.14902801264579507,-5.684341886080802e-14,-33775.56824456284,854620.3096402301,1004.4125521148137,9374.013093050864,-43925.987329994525,-98093.17029332805
2025-05-05,15506.32154603266,32620.454545454548,333490.78236768406,150.5208801720658,44,220,0.4263181818181818,0.17463554262601977,1.1368683772161603e-13,-127579.98749648202,859757.7370071602,15005.792059549049,500.5294864836086,-68016.89492606043,-151389.59051798144
2025-05-06,19703.25062672997,29781.395348837206,309992.3230854341,126.40924078949803,86,425,0.3724017441860465,0.22170567165125013,-1.1368683772161603e-13,-7779.711246620058,751004.1301340243,-3740.5817360097913,23443.83236273976,-57921.239385418055,-135419.32015677658
2025-05-07,19387.683815166194,22692.61904761906,267050.1067697196,175.20766981033978,84,420,0.3811980357142857,0.20232920424855963,2.2737367544323206e-13,126226.45794859284,779303.1753991132,6436.505381380797,12951.178433785399,-47550.05054707405,-114312.57723950395
2025-05-08,15808.258331495776,23247.77777777777,234326.646485171,146.0590900433114,90,444,0.36194166666666666,0.18392426230881836,2.842170943040401e-14,-150555.97097328037,732446.1846602056,-1473.4806687479636,17281.73900024374,-42919.46237984028,-101501.12400113304
2025-05-09,5850.658159213492,8694.444444444436,207630.05861166518,160.7603037056765,90,448,0.35318,0.15077687454377103,-2.842170943040401e-14,-181635.77772120546,715573.8008334814,2406.8525321922707,3443.8056270212214,-46217.61679740848,-98125.13145032478
2025-05-12,26133.670555952627,18726.74418604652,243471.56130240668,142.25719818415064,86,424,0.3339488372093023,0.20464031624410806,5.684341886080802e-14,-47864.568450540275,674779.9753138014,33344.193621961625,-7210.523066008996,-34876.4769678332,-95744.36729343486
2025-05-13,14555.86720868993,18123.222222222234,219353.69672041648,166.89352124429325,90,442,0.3385505555555556,0.17277217865394168,0.0,-115267.2591348758,686825.868075036,19608.20413474408,-5052.336926054148,-40449.450492658485,-95287.8746727626
2025-05-14,-10593.938161294724,-2507.6666666666756,217064.5386603704,157.12595959291556,90,446,0.34195216666666667,0.15807345376346515,2.842170943040401e-14,-117613.92418484886,691770.2358251284,1573.2353085181494,-12167.173469812873,-65017.19878598024,-119283.33345107283
2025-05-15,8956.241625698885,8226.136363636368,211032.4394872038,144.24547470958674,88,437,0.34200284090909094,0.17336245131865516,2.842170943040401e-14,-94639.96538289431,690868.9554168767,-153.3256803938251,9109.567306092711,-43946.11372081165,-96704.22359261262
2025-05-16,8939.937400288845,4416.666666666662,175568.3666657034,139.46991702040793,90,447,0.3481966666666667,0.14129804702211846,-1.4210854715202004e-13,-73674.62963912192,703309.1409089324,1812.9355400038562,7127.00186028499,-35091.624183157415,-78983.71584958326
2025-05-19,9238.112614332651,5783.804347826086,158561.10755708718,168.59029017558,92,453,0.3314390217391304,0.12765993275068324,1.4210854715202004e-13,-177573.78339748614,672822.1790189223,6453.068241521879,2785.044372810772,-30570.754565114723,-70211.03145438651
2025-05-20,29293.758302223694,26406.84782608697,182404.70000566173,161.22272770678032,92,452,0.33709527173913045,0.13673165922336536,5.684341886080802e-14,-67025.12816662077,682513.1904072573,30343.53111709008,-1049.7728148663834,-16468.639426898517,-62069.81442831395
2025-05-21,11562.37295636684,8708.555555555547,167635.20862142518,175.6385439583307,90,446,0.3674616666666667,0.126093682100199,5.684341886080802e-14,-142522.8526743956,745328.0156253903,-305.6304536248282,11868.003409991668,-30522.067742947787,-72430.86989830407
2025-05-22,-5171.411382264063,16452.391304347824,189307.49080903485,175.10298640000235,92,451,0.3652126086956522,0.1427385046750371,-2.842170943040401e-14,-99167.42182257856,741309.3448951121,6084.279894165514,-11255.691276429578,-52673.38707092278,-100000.25977318149
2025-05-23,-1089.7484250781554,-4133.1818181818235,192850.27062642394,186.877965488009,88,439,0.35436931818181816,0.1544805588726913,5.684341886080802e-14,9869.053472216086,720163.3027840792,-10431.899421763803,9342.150996685648,-49489.19404717215,-97701.76170377813
2025-05-27,7164.648853749993,8856.951219512184,260786.44127715527,159.8377202492573,82,409,0.3479764024390244,0.19173514305697842,-1.4210854715202004e-13,-258928.8860152058,704754.4876164575,12527.65696232982,-5363.008108579828,-58191.799185788084,-123388.4095050769
2025-05-28,29423.483926194363,29161.904761904756,224632.99905185457,186.78581716376988,84,420,0.34199285714285715,0.19957179602744018,-2.8421709430404007e-13,-210523.8204586712,695695.4499224267,3410.9381511964443,26012.545774997918,-26921.55165393305,-83079.80141689669
2025-05-29,18169.168437708115,19471.333333333343,267903.72797395627,208.09532587867596,90,441,0.34934111111111116,0.17128229933170783,1.7053025658242404e-13,-95309.45488947866,712024.4947054555,4300.079740016837,13869.08869769128,-49014.85888165963,-115990.7908751487
2025-05-30,15801.562404304941,7004.875000000015,220512.11961356498,203.62645571751472,80,391,0.33297318750000005,0.2194845185034004,0.0,-211873.15043017268,677742.5582746211,-10084.956075083574,25886.518479388516,-39530.09395480382,-94658.12385819506
2025-06-02,9340.488864416671,20125.00000000001,248789.9304221332,129.72201504291579,44,217,0.36382386363636365,0.1618622754043032,5.684341886080802e-14,-39814.05652540507,731277.2907689108,2472.676085768217,6867.812778648452,-52986.715756159545,-115184.19836169285
2025-06-03,7841.329964281059,6936.5853658536635,199759.07218977192,135.94789407577883,82,409,0.3350060975609756,0.1813596486690325,5.684341886080802e-14,-32281.860085751614,676625.7563284717,-936.8638652802601,8778.193829561318,-42234.385977237696,-92174.15402468068
2025-06-04,26458.817257985782,19999.999999999996,199057.9982111546,142.65488938417712,88,438,0.3320352272727273,0.15625239080999223,1.1368683772161603e-13,-87013.04323147208,671537.2292523121,17159.759109343508,9299.058148642274,-23448.337184187043,-73212.8367369757
2025-06-05,9400.208783665712,16079.347826086963,195415.23659084082,164.56092978561466,92,457,0.3443483695652174,0.15315523625261201,-1.1368683772161603e-13,-73552.78830847827,696913.0053765948,-6377.2245114088055,15777.433295074517,-39618.16129383011,-88471.97044154031
2025-06-06,5127.160618987648,4180.444444444435,164459.7971110321,170.78164834514777,90,446,0.320722,0.14379935954160347,0.0,-115739.66979266182,651849.1449704585,-1883.3670756544352,7010.527694642084,-36158.57030711552,-77273.51958487355
2025-06-09,-2884.4291244246233,-1487.444444444449,233575.6291523813,142.46284206335298,90,442,0.3200846666666667,0.16939692179626145,0.0,-94026.68643132458,647615.1795960164,-4271.215507416989,1386.786382992365,-61420.7992545833,-119814.70654267863
2025-06-10,11220.94867552585,9226.162790697683,213861.04042733923,166.21751004820274,86,422,0.3184936627906977,0.19474644254897325,2.2737367544323206e-13,-129432.0152443899,646203.7114773848,5901.138687604171,5319.809987921678,-42410.528941357166,-95875.78904819196
2025-06-11,4013.5710085291876,9902.173913043476,206349.69574874503,156.62559364347436,92,459,0.3188239130434783,0.16428137068874912,-5.684341886080802e-14,-61719.35442293432,645740.7311708733,-1703.9429009025466,5717.513909431734,-47730.478522300546,-99317.9024594868
2025-06-12,23900.54359783794,20464.77272727272,244379.04314694248,186.63193629720084,88,435,0.31417784090909096,0.14811115389909368,5.684341886080802e-14,-169124.5559835469,640673.8908464801,24392.2573474316,-491.7137495936611,-37380.84912519488,-98475.6099119305
2025-06-13,12648.860044056391,6353.846153846146,287795.7378280009,169.45425044129277,78,383,0.33124743589743594,0.2300559804493224,0.0,-69829.98909761496,671963.2993484552,-3846.5079818370123,16495.368025893404,-59469.52866338513,-131418.46312038534
2025-06-16,7842.962416639718,26108.536585365862,210830.32458780636,196.89269866854335,82,407,0.326409756097561,0.18013916937695862,-5.684341886080802e-14,-129159.70918791975,667008.0438608279,17834.045638804688,-9991.083222164967,-45061.51142898041,-97769.09257593201
2025-06-17,14396.179476096093,12617.85714285714,202539.4128182773,195.21928093905794,84,420,0.34094345238095236,0.1497467556519904,0.0,-319590.29017578065,697150.2365092473,-4513.315756916458,18909.495233012552,-36433.89300941229,-87068.74621398162
2025-06-18,16717.94122056352,23764.404761904752,205897.21179760265,202.55957153572353,84,416,0.33009583333333337,0.15851959203855712,1.4210854715202004e-13,-398387.9183273094,678208.2960228715,-4425.303687335442,21143.24490789896,-34958.92130037287,-86433.22424977353
2025-06-20,18746.38983579555,15858.023255813961,226419.4433395864,215.46040467367115,86,425,0.3258702906976744,0.18605228076524372,2.5579538487363607e-13,-318383.69796261383,670331.1490638326,122.376721973842,18624.013113821708,-38073.93140377472,-94678.79223867132
2025-06-23,6898.411644664585,4560.6060606060655,251833.96320140452,169.58333728965079,66,327,0.3247113636363636,0.20582195283340673,0.0,-293789.42965800245,660775.4064940924,-4189.694957313035,11088.10660197762,-56229.6624929762,-119188.15329332733
2025-06-24,9802.028680700269,16628.57142857144,262373.89821679785,200.44864540516113,70,349,0.32117,0.18587871820845084,-5.684341886080802e-14,153847.2670989496,657255.7617930066,7914.965235224994,1887.0634454752749,-55991.89451890435,-121585.36907310382
2025-06-25,7548.523253801692,9223.684210526331,230961.26479370857,183.15569731293118,76,374,0.3138138157894737,0.18509509978146488,0.0,-147333.69367195832,640080.7705699228,5122.6005824861395,2425.922671315552,-50374.94864193838,-108115.26484036553
2025-06-26,-9526.89470262507,-4056.578947368425,287403.57936133025,201.19190972342645,76,379,0.3215407894736842,0.17257640506959532,0.0,-414008.7923583453,653911.5157384414,671.2837154799938,-10198.178418105063,-81578.98145268105,-153429.87629301363
2025-06-27,29711.519077467994,15342.187500000011,218101.847004298,157.32723426403393,64,317,0.33316640625000005,0.1952363447885596,0.0,-134258.86483536044,672735.1032943187,14225.920917049234,15485.598160418762,-24971.26990787054,-79496.73165894505
2025-06-30,13970.631881219102,9694.444444444463,278155.77871175634,152.41941892801393,36,178,0.34724166666666667,0.19469829224899562,1.1368683772161603e-13,-86383.86432649914,701231.9141364589,15758.265668820912,-1787.6337876018104,-55720.732215648,-125259.67689358708
2025-07-01,11467.443885755989,12362.195121951227,271442.5802746868,135.65131454815298,82,403,0.3219054878048781,0.20262732993554952,1.1368683772161603e-13,63964.40604225077,651067.506142273,10932.709590351975,534.7342954040143,-56528.852497463864,-124389.49756613557
2025-07-02,12192.495045161106,9017.49999999999,202972.26081134484,160.71861528272635,80,391,0.32617625,0.17873428124624297,1.1368683772161603e-13,-61676.12865944762,662538.5500096069,-389.3902197724441,12581.88526493355,-38711.28877295783,-89454.35397579403
2025-07-03,13926.562855655171,3793.3333333333353,198755.3687700766,151.01360999899356,90,441,0.3263838888888889,0.14105643136444163,-1.1368683772161603e-13,36508.80722222506,659888.4583537655,5514.7745904726935,8411.788265182477,-35913.29294686297,-85602.13513938212
2025-07-07,9609.72383446138,7220.238095238093,254608.03351778985,147.3136236105105,84,419,0.3415053571428571,0.17614741121296176,-8.526512829121202e-14,-168862.7569695927,690877.8059782782,275.547135052164,9334.176699409216,-54189.598168596596,-117841.60654804404
2025-07-08,-7180.484510458273,-367.85714285714664,298912.90658106323,142.7512017052951,84,413,0.34347500000000003,0.17337679344596849,2.842170943040401e-14,-131954.27732825096,694838.3582221908,-4879.415743814361,-2301.0687666439103,-82051.46235742938,-156779.6890026952
2025-07-09,14025.895890694854,13028.205128205123,235825.13858600825,137.37545249594817,78,382,0.3439397435897436,0.18563361790986338,0.0,-1595.1291790069736,694264.742149053,8891.466648597447,5134.429242097409,-45067.76420830316,-104024.04885480522
2025-07-10,8444.6472546349,6596.428571428571,225019.51761504216,138.6470298984323,84,419,0.3459083333333333,0.15710095247958675,-5.684341886080802e-14,-10061.455076735489,698926.8387620067,2055.176177194794,6389.4710774401065,-47948.87917902408,-104203.75858278462
2025-07-11,14294.181712123382,8622.619047619044,180088.48712893523,132.96396308986908,84,416,0.35586904761904764,0.14096910862099532,-2.842170943040401e-14,12546.920495221028,717084.9719959596,5443.961219855693,8850.220492267688,-30860.90403320029,-75883.02581543411
2025-07-14,7056.760198067594,4070.666666666663,124079.90804203963,169.21038526831828,90,448,0.34117000000000003,0.08752867899760618,-1.9895196601282805e-13,-230275.49468009913,693733.469607122,6209.143682251023,847.6165158165711,-24132.427197710633,-55152.40420822054
2025-07-15,8022.397320133175,6083.888888888891,122223.44842581409,182.4551292572195,90,442,0.3297988888888889,0.09708093760641133,1.1368683772161603e-13,48276.70032265216,671908.4483923913,2432.2005500790765,5590.196770054097,-22715.919915577564,-53271.78202203109
2025-07-16,-367.0487941838011,5341.666666666673,125196.84222300914,154.7608826107079,90,446,0.3441869444444445,0.09004269620357033,2.5579538487363607e-13,-74385.91292593483,699192.885034909,-2453.9586414337364,2086.9098472499354,-31821.02023254679,-63120.23078829908
2025-07-17,-196.6922252020654,646.5909090909113,127408.0756830369,182.92081710270654,88,438,0.3335721590909091,0.09292362687316773,2.5579538487363607e-13,-101530.74893194286,679182.1105989513,-2065.333926478125,1868.641701276059,-32231.631963064,-64083.650883823226
2025-07-18,17560.96326057522,9375.555555555567,151903.14098814942,201.38698339343054,90,443,0.3245261111111111,0.10644273804697198,2.842170943040401e-14,-58698.14801508519,662972.2316584714,-3933.8112703031907,21494.77453087841,-20616.208969855565,-58591.99421689292
2025-07-21,-2018.6281487986853,17519.512195121948,265247.01315195556,188.72669302671505,82,401,0.32333841463414636,0.1909202703363691,2.5579538487363607e-13,-220831.4023589918,659367.51115996,8014.747263362318,-10033.375412161004,-68519.1081298143,-134830.8614178032
2025-07-22,26919.596011808648,34208.74999999999,252226.4576734835,182.5823670307389,80,393,0.338814375,0.1965548116861016,-2.842170943040401e-14,-54374.2608953102,686108.4932690554,12205.865702603347,14713.730309205299,-36319.60077359297,-99376.21519196384
2025-07-23,10861.806972060247,25611.46341463414,251710.2879241747,154.53054659244293,82,410,0.3267865853658537,0.19160812213652736,1.1368683772161603e-13,-230366.8697726863,661331.3683961526,1562.796558417619,9299.010413642629,-52220.295555575874,-115147.86753661955
2025-07-24,12575.409772328903,15403.124999999993,203714.3539312293,158.67991697998855,80,400,0.33066968750000003,0.16850478513704464,0.0,-27248.8042398244,669418.9465739152,-4074.900353482975,16650.310125811877,-38511.85862745841,-89440.44711026574
2025-07-25,10129.73658811198,-104.34782608694938,178482.28124867645,141.23157810567866,46,226,0.3226826086956522,0.1540256897518004,-5.684341886080802e-14,-73879.73571213018,649927.3303150759,-702.1352500282214,10831.871838140201,-34632.06530216281,-79252.63561433193
2025-07-28,19594.379030097636,21429.54545454546,227745.88374005357,134.24211295964005,44,215,0.32752386363636365,0.1464041917078362,2.8421709430404007e-13,-62357.60101309449,659735.246690905,7110.2405652841435,12484.138464813494,-37476.33401787539,-94412.80495288878
2025-07-29,27219.411235779742,25657.50000000001,223160.13039312116,136.8195838983873,40,198,0.32557,0.20478711358277893,-5.684341886080802e-14,-12816.940884336422,656180.7563698367,13549.333320480633,13670.077915299109,-28707.440946398936,-84497.47354467922
2025-07-30,19932.194281631593,25320.454545454566,183466.87514500765,124.52768961096919,44,217,0.32333636363636364,0.14658895969180466,-1.1368683772161603e-13,29337.1303477518,651388.0979610994,21437.160743788358,-1504.966462156764,-26059.052194231288,-71925.7709804832
2025-07-31,25532.793554909833,24397.954545454548,197228.1995410405,140.04382105714,44,219,0.34889875000000004,0.1497538723633133,-1.1368683772161603e-13,-479.45641999671534,702972.3196447002,24959.401224543508,573.3923303663239,-23914.30015140743,-73221.35003666756
2025-08-01,-597.3141075059249,-4640.9090909090755,183783.53380681825,126.41818302178407,44,215,0.3911431818181818,0.13719052062058626,-1.1368683772161603e-13,-11619.386714910255,787218.5231552664,-16544.946719083728,15947.632611577803,-46669.61574223227,-92615.49919393683
2025-08-04,6108.643137328521,10600.000000000022,232464.4806876133,146.1034662773451,42,207,0.35032857142857143,0.17471240247501235,-1.7053025658242404e-13,-77879.03140522791,706858.4522156938,3350.4792598137437,2758.1638775147776,-52153.58050085215,-110269.70067275548
2025-08-05,6834.846128536135,29445.2380952381,218209.64658051293,133.1680509205767,84,414,0.3549363095238095,0.16285996597809463,-2.842170943040401e-14,-68534.48659141333,715170.1320260382,2834.1770317760597,4000.6690967600766,-47850.733567512674,-102403.1452126409
2025-08-06,-10672.981457203085,17412.222222222226,198229.99947358406,151.4651233815851,90,441,0.3339933333333333,0.16710350872534954,-1.7053025658242404e-13,-128037.34264413592,674425.2749228308,5143.193685524531,-15816.175142727618,-60381.946448980685,-109939.4463173767
2025-08-07,16292.307274271701,22361.11111111111,152639.83236324348,133.37891355825695,90,442,0.34786333333333336,0.11968053803158928,-1.1368683772161603e-13,-48950.88899629312,701552.9400932445,-4432.818484461572,20725.125758733273,-22001.029730097423,-60160.98782090829
2025-08-08,7635.445097002203,1553.3333333333326,153511.26993754442,174.156349444534,90,449,0.31831944444444443,0.13268990291612676,-3.126388037344441e-13,-138564.4354361079,645675.9900076579,-1465.4470741129628,9100.892171115165,-30916.528736828437,-69294.34622121454
2025-08-11,8697.69280132454,6398.837209302334,193674.27949661372,126.91360934797072,86,425,0.32674651162790697,0.1633089852839343,1.1368683772161603e-13,69229.54449968951,659978.0673266094,4305.566136548291,4392.1266647762495,-39847.790682176856,-88266.3605563303
2025-08-12,-2867.6230189587527,-1678.409090909088,186598.61302710872,154.00232498028384,88,431,0.3211670454545455,0.13842590200950078,-1.4210854715202004e-13,-63031.36506195603,652015.5717706417,10196.560554535441,-13064.183573494194,-49671.278600716214,-96320.9318574934
2025-08-13,15722.674939005596,14922.093023255808,183711.00116833462,166.39043177012582,86,423,0.3175418604651163,0.1755147228267963,5.684341886080802e-14,-107899.97068700344,644294.4074380909,10073.576804231352,5649.098134774244,-30371.465784848187,-76299.21607693184
2025-08-14,9814.704250610876,8923.22222222222,164288.99991870736,170.11700628627202,90,446,0.3224866111111111,0.1376788822883893,0.0,107013.15209124757,654757.3963459997,8561.925909255722,1252.7783413551526,-31427.662735352234,-72499.91271502907
2025-08-15,-13548.835092615818,-8428.409090909086,134235.7834160702,180.58048689916063,88,432,0.3233107954545455,0.13507665873493252,-8.526512829121202e-14,70103.4904001152,658333.012016944,-5457.517585783594,-8091.317506832226,-47288.361433532526,-80847.30728755007
2025-08-18,5008.327659115431,4622.340425531907,120939.17170769749,143.8499664265941,94,468,0.3162803191489362,0.0840577000469268,-5.684341886080802e-14,-70702.71637796615,638808.8916747612,8474.047781097428,-3465.7201219819976,-25370.315234235535,-55605.10816115991
2025-08-19,17588.66236825722,21686.956521739132,136318.111792738,161.90581640746996,92,452,0.3225483695652174,0.12460188947652763,0.0,-218586.7013485723,652849.8878145678,1731.0070345287247,15857.655333728497,-16652.77139633475,-50732.29934451924
2025-08-20,8564.831659055355,6421.1111111111095,134967.69737657023,160.79340229299234,90,450,0.3147488888888889,0.13642816614370304,-1.4210854715202004e-13,-199596.6953229393,639131.6935165139,11943.467639232766,-3378.63598017741,-25337.886087380193,-59079.81043152275
2025-08-21,2223.632665586313,7516.304347826083,149552.7296712648,202.8653794638762,92,454,0.3234304347826087,0.10441096612047249,-2.842170943040401e-14,-153494.26170583037,659456.3586025581,-7574.177261617806,9797.80992720412,-35367.41513169376,-72755.59754950997
2025-08-22,16078.9591594213,6332.95454545455,126842.13585412533,196.2286381496403,88,433,0.30332386363636366,0.14649116692261777,0.0,-118704.60219542538,617507.9475763974,3857.185486548219,12221.77367287308,-15827.803442259672,-47538.337405791004
2025-08-25,9221.469760204522,8301.111111111113,187117.33467842615,210.69455958647063,90,443,0.31850055555555556,0.1591246490242903,-2.842170943040401e-14,39480.44900023142,650622.917648329,3096.772190100929,6124.6975701035935,-37768.558468988485,-84547.89213859502
2025-08-26,12635.115937783345,12451.162790697672,196121.9299599943,168.69061022492158,86,428,0.3210610465116279,0.16009691793152955,2.842170943040401e-14,-12604.542492573873,651637.8237202284,7939.43562265386,4695.680315129485,-36564.05716244015,-85594.53965243873
2025-08-27,19944.66818306887,28876.744186046504,172106.3837833647,216.3522494441654,86,425,0.3121696511627907,0.16481536274962394,1.4210854715202004e-13,-230815.78282935146,638348.5313234009,275.5725605104051,19669.095622558467,-23298.28001221647,-66324.87595805764
2025-08-28,16392.310232023912,21691.111111111106,176236.8786949606,230.6301686354072,90,441,0.31771333333333335,0.15584882259160482,-1.1368683772161603e-13,3368.3956684738405,652045.8588353998,4417.666802661501,11974.643429362412,-27897.53961035164,-71956.7592840918
2025-08-29,10903.243317213031,-1160.5555555555518,161654.80958600258,247.2785775117253,90,447,0.29895322222222226,0.16972186606914363,2.842170943040401e-14,-64620.688594489664,614897.2137905774,9689.229277251918,1214.0140399611132,-29757.737656799338,-70171.44005329999
2025-09-02,13346.453576257212,9341.111111111102,179039.51114441716,145.35660736828387,90,450,0.32151111111111114,0.13368678730169875,0.0,7969.297461082377,651387.4908319005,7665.319504437859,5681.134071819353,-31558.780817215364,-76318.65860331965
2025-09-03,14163.683651502059,15959.090909090915,165495.2810440744,142.93824610885687,88,432,0.3332605113636364,0.1367689033797879,8.526512829121202e-14,66172.00556037153,674594.7283259943,-333.3507376354611,14497.034389137518,-27353.074855625397,-68726.895116644
2025-09-04,6823.050513107595,17267.777777777792,198750.05862900757,149.56472681531736,90,446,0.3167138888888889,0.15863072170213835,5.684341886080802e-14,-95963.94135859465,641614.8828993875,9256.047615439858,-2432.997102332263,-43014.02887095961,-92701.5435282115
2025-09-05,16627.669674269113,12416.666666666684,152324.5336201617,160.36110082258003,84,420,0.3221339285714286,0.14779064820090365,2.842170943040401e-14,-22274.551034403594,655145.2125415198,506.4645210412233,16121.20515322789,-21613.824831593894,-59694.95823663432
2025-09-08,9612.92476723204,4203.369565217393,201884.26949536646,152.2662020421317,92,453,0.31703097826086957,0.1387342905919309,-1.4210854715202004e-13,24398.894945939737,645468.4343480512,7818.063555601578,1794.861211630462,-41010.40880865171,-91481.47618249332
2025-09-09,695.3609676529769,17666.022727272724,200262.88633140273,162.6875273745634,88,433,0.32257335227272727,0.15966924254233344,1.9895196601282805e-13,12630.581509687443,657727.291135658,18121.823657798643,-17426.462690145665,-49533.04814257227,-99598.76972542296
2025-09-10,11115.074783036318,13171.111111111115,196674.47037140714,163.48105032087247,90,441,0.31872222222222224,0.17727470594801542,-2.842170943040401e-14,-7754.6252399333025,647372.8549952941,9213.716235268475,1901.3585477678425,-38217.02386013634,-87385.64145298811
2025-09-11,20793.604366054016,20768.18181818182,173198.01439748082,170.03053169755665,88,437,0.31702159090909093,0.15375530701623555,1.4210854715202004e-13,54980.789262017905,644815.1817402641,2875.8883221852484,17917.716043868768,-22675.929765013745,-65975.43336438395
2025-09-12,13721.179199672602,11780.681818181814,174077.06302492387,175.70425086497363,88,440,0.32182386363636367,0.15384303740307395,2.8421709430404007e-13,-11926.77558013134,655458.1161427376,9562.38712359063,4158.792076081973,-29973.79080742334,-73493.0565636543
2025-09-15,8375.704798719433,6562.173913043486,152204.7977398894,204.87508258431788,92,453,0.32235760869565216,0.11218952454572896,-2.842170943040401e-14,-232936.33220568305,665347.966119049,8849.631934646473,-473.9271359270404,-29880.36971883724,-67931.56915380959
2025-09-16,12359.973231794396,11567.272727272728,164164.6457416836,201.3004400719358,88,434,0.3274898863636364,0.1472493228066737,5.684341886080802e-14,-611452.1655405782,674314.561054723,4904.400103822522,7455.573127971874,-28882.48864369844,-69923.65007911934
2025-09-17,16705.835064507737,9608.8888888889,133175.2829336175,192.63876433755837,90,446,0.3273877777777778,0.11626805271048889,-8.526512829121202e-14,-353438.2586718567,670665.8743877697,22294.078592977694,-5588.243528469954,-16780.6244332342,-50074.44516663857
2025-09-18,22223.092250561665,18276.1956521739,173211.50714216375,175.39548621496505,92,452,0.32770864130434785,0.12495961206382403,0.0,-206334.0937899117,668454.6266208764,7415.128982402632,14807.963268159036,-21255.18002119424,-64558.05680673518
2025-09-19,8634.489364578489,4289.659090909099,152777.0928903892,210.07026106559096,88,439,0.3099233522727273,0.12903860950470783,-8.526512829121202e-14,-342297.2535394708,637230.6275816372,3789.838519707394,4844.650844871095,-29769.8541190844,-67964.1273416817
2025-09-22,27089.441543615852,21522.820512820523,219287.6250059367,171.87131694642102,78,389,0.3400645512820513,0.17760611294779827,0.0,-107183.40100473691,690159.4380257777,15011.166299652768,12078.275243963082,-27904.33602481474,-82726.24227629892
2025-09-23,20765.922244253197,16907.56097560975,170083.37357170854,183.71275351081565,82,404,0.32753079268292684,0.15796347022455934,-8.526512829121202e-14,-412408.1434119964,666271.2126711061,7742.813761334502,13023.108482918697,-21938.633902184753,-64459.47729511189
2025-09-24,-2934.790462405163,8848.863636363645,175019.5409519187,182.40625091502733,88,436,0.32781818181818184,0.125978008397553,1.4210854715202004e-13,-8816.295869223002,667646.5830319907,9627.802730852647,-12562.593193257808,-46872.081951299864,-90626.96718927953
2025-09-25,23416.03446961884,20287.804878048773,157906.79159165034,213.06724472787892,82,404,0.32688597560975613,0.14044201310576318,8.526512829121202e-14,-146917.0171356204,667371.6323066151,3203.8052534682042,20212.229216150638,-16273.730673021624,-55750.42857093421
2025-09-26,-4918.003463517272,-5903.260869565216,102709.5589517888,132.01368157285276,46,225,0.3380320652173913,0.07653927545697214,1.1368683772161603e-13,-240.49782155545836,680942.6979546881,-4628.526938993998,-289.47652452327475,-30727.406883037325,-56404.796620984525
2025-09-29,13266.791071203059,12066.666666666662,182023.95928894967,145.99293842526458,42,207,0.36288333333333334,0.14345509508097887,3.979039320256561e-13,-91004.33283613254,733735.0329205957,8367.727685133379,4899.06338606968,-32385.191689459625,-77891.18151169704
2025-09-30,-6471.458061050635,-2338.636363636364,190861.49695109247,130.10205048335578,44,212,0.36455909090909094,0.12613646670323125,1.7053025658242404e-13,-48141.16768109177,733670.83054142,3740.566465194492,-10212.024526245128,-54316.93434930711,-102032.30858708023
2025-10-01,8891.650307732702,8540.47619047619,180629.70145147276,139.24896628502162,42,210,0.38245833333333334,0.13771787514560282,-5.684341886080802e-14,-44044.95767542235,769348.9749906234,1652.7073267638038,7238.942980968896,-36405.02402142051,-81562.4493842887
2025-10-02,26693.36561518258,15267.39130434783,148804.89852699082,140.39118555384775,46,222,0.37667717391304345,0.10497626767395948,0.0,730.5450299802978,757960.0105406622,12727.83871241918,13965.526902763402,-10648.25020211897,-47849.47483386667
2025-10-03,386.30061392942935,-10763.04347826086,127073.25204633207,127.52920726129322,46,228,0.37607717391304346,0.08720472773732958,1.1368683772161603e-13,25789.39891155247,755707.0139908766,4995.653940762655,-4609.353326833225,-31509.54160491488,-63277.8546164979
2025-10-06,8977.937099205381,8500.652173913042,189669.41615832972,141.5449024150368,46,223,0.3786916304347826,0.13067002255649585,-1.7053025658242404e-13,3373.242660406646,762741.2962851672,4282.647441162414,4695.289658042968,-38580.96184279209,-85998.31588237453
2025-10-07,8311.462993403053,7937.499999999993,210649.8248545485,146.33413796974327,88,439,0.35535795454545455,0.15168744989238786,1.1368683772161603e-13,-33237.08399640918,718254.658858246,12562.83914176921,-4251.376148366157,-44497.32735820382,-97159.78357184093
2025-10-08,17025.823340658502,15398.837209302314,195091.68789244347,143.9608398231599,86,426,0.3758726744186047,0.1551540329342677,-1.4210854715202004e-13,-178044.70825106042,761299.5309401433,2265.575572759534,14760.247767898969,-31891.059472275527,-80663.9814453864
2025-10-09,21254.001714889902,17535.227272727287,235689.1019337539,149.05463523564882,88,436,0.36338352272727276,0.1360731180043133,3.694822225952521e-13,-57097.97066553189,735030.5753554452,31453.61800413788,-10199.616289247977,-37817.328403784224,-96739.60388722269
2025-10-10,27969.702189508487,25694.186046511615,262242.21047961054,148.07232440284199,86,421,0.37958953488372094,0.1812766565066414,2.842170943040401e-14,-68446.16877184912,768303.2558288113,-2600.3263141187535,30570.02850362724,-37738.922754796986,-103299.47537469963
2025-10-13,6910.657604292732,1543.023255813961,352164.9973905103,162.8826826560031,86,423,0.36823197674418606,0.19474756779698357,1.9895196601282805e-13,-17967.660625328157,746306.2321872317,8484.211779696401,-1573.5541754036694,-81293.47442599083,-169334.7237736184
2025-10-14,23293.63821304629,30235.000000000004,330486.3310734378,164.7702343427824,80,392,0.36125875,0.2547036363485081,-3.410605131648481e-13,-90666.95024575041,732692.9042268689,1574.4631403756523,21719.175072670638,-59492.71478965595,-142114.2975580154
2025-10-15,3558.5154696721606,5211.363636363638,344683.5569032981,140.99528415478693,88,432,0.36840000000000006,0.21867096895147586,1.1368683772161603e-13,-99986.52394576247,744154.6108356769,20315.621227469834,-16757.105757797675,-82753.36904030715,-168924.25826613166
2025-10-16,25787.10204735702,27013.75000000001,259972.4447132897,149.96828088686703,80,396,0.384570625,0.18266959920083517,1.7053025658242404e-13,-108521.34409432832,778155.6355291095,-20972.4986427877,46759.600690144725,-39355.97741185228,-104349.0885901747
2025-10-17,21148.717575852595,12670.0,287859.9552597657,140.9570311613928,84,420,0.37927630952380953,0.17027879706183255,-2.842170943040401e-14,-118180.65857296267,765793.3225193439,-14773.331863251049,35922.04943910364,-50957.22827025021,-122922.21708519163
2025-10-20,19948.384068844545,20426.744186046504,293403.07897314825,168.55846871842152,86,426,0.36205000000000004,0.1881476147616437,2.842170943040401e-14,-118829.89176640808,733888.537947709,7154.306615172395,12794.077453672153,-53570.94414316094,-126921.713886448
2025-10-21,4608.859026077326,13642.045454545467,257393.0728760684,138.27521063858967,88,431,0.3627772727272727,0.16830436794770545,-2.842170943040401e-14,23376.554818662073,731636.878761914,6295.790024183698,-1686.9309981063714,-59877.684403578365,-124225.95262259548
2025-10-22,20763.241688209622,25945.348837209287,278781.00563513295,206.68078614267952,86,429,0.3519244186046512,0.19645449333530768,-2.5579538487363607e-13,19117.391997268198,717516.7769601351,4465.135222206432,16298.10646600319,-49138.690506716295,-118833.94191549954
2025-10-23,7343.07538773267,5277.3809523809605,247206.27451794996,171.45713239841587,84,420,0.34909464285714287,0.17265812681530518,-5.684341886080802e-14,-72842.71167328634,708287.1290634284,-7865.839940545293,15208.915328277963,-54629.95037415323,-116431.51900364073
2025-10-24,31694.47527751624,23063.333333333343,252946.50092235155,189.34754474504228,84,418,0.3632327380952381,0.18682506870022117,8.526512829121202e-14,-88305.25244151568,741242.4620021101,-1056.184690015531,32750.659967531774,-31731.49749781669,-94968.12272840459
2025-10-27,8689.498966945857,21348.522727272742,293906.74159362115,190.40277457301872,88,440,0.3331571022727273,0.18790936938884875,-2.842170943040401e-14,106438.84453399276,678176.6400547578,867.9947169246719,7821.504250021186,-64977.58920603245,-138454.27460443773
2025-10-28,11829.269764108762,26094.871794871797,464897.68922122824,183.08631733223487,78,386,0.35095384615384617,0.2586700453010627,0.0,103536.83134965612,713172.1103256535,18669.17948582321,-6839.909721714449,-104578.23885853053,-220802.6611638376
2025-10-29,27127.730884015327,24832.857142857145,322980.23076525464,201.0312230668011,70,343,0.3487271428571429,0.2736540205875444,0.0,-193394.3379997945,711020.6092473386,8334.91085155442,18792.820032460906,-53818.35803036513,-134563.4157216788
2025-10-30,35857.64542586099,40141.86046511627,278197.96077147307,172.848235343741,86,423,0.3596168604651163,0.17139316321910714,0.0,-91547.58608863772,729819.1756832666,-4128.1485819595655,39985.79400782056,-33864.69300235102,-103414.18319521929
2025-10-31,17636.24145571102,10407.14285714285,290216.41356819024,221.09833846533044,84,413,0.3520244047619048,0.1879175471303411,-1.9895196601282805e-13,-250101.8684558202,720424.1216341234,3790.47296532592,13845.7684903851,-55138.96027480187,-127693.06366684944
2025-11-03,28266.778402270287,27761.470588235305,372157.8815349534,144.02913122025737,34,165,0.3351336764705883,0.30226195752442786,0.0,1257.1583193637143,675733.0886007956,8696.170293820764,19570.608108449524,-64916.721112688334,-157956.19149642668
2025-11-04,18900.368837149617,15656.410256410254,373759.8863200073,126.8414511267843,78,389,0.36255512820512825,0.23074950781571937,0.0,-62598.6991259424,731500.1396495437,1656.872826622593,17243.496010527026,-74666.444193979,-168106.41577398084
2025-11-05,11.216349642253022,18519.73684210526,332016.70163936145,136.47430575105494,76,374,0.3448776315789474,0.25414781479501053,0.0,-82770.76068300784,697145.25224842,12853.008730916852,-12841.7923812746,-83129.43336594915,-166133.60877578953
2025-11-06,34517.2825986075,35703.57142857142,254593.55188477214,135.1912526263473,84,411,0.3569375,0.19903246461230897,-2.842170943040401e-14,-48689.43869958032,719468.2087631648,4231.6570807067865,30285.62551790071,-29266.296625211886,-92914.68459640491
2025-11-07,11732.806556468191,3019.318181818191,233994.1485457646,141.85422915952918,88,439,0.34723920454545454,0.15942617083367588,-1.9895196601282805e-13,-36134.40104469644,700655.7280690627,-1053.9576565166187,12786.764212984808,-46907.58480913249,-105406.12194557363
2025-11-10,21831.430823040195,14880.000000000002,334704.79258016095,155.65114055159742,80,393,0.348963125,0.23499628763457642,-1.1368683772161603e-13,-62807.6451214196,707049.2653883679,16181.433640767465,5649.99718227273,-62000.41846255164,-145676.6166075919
2025-11-11,17075.419096705726,14574.999999999989,291446.91134403547,133.0256779216805,80,391,0.33689,0.225186224093275,8.526512829121202e-14,-158905.00474533087,680362.2728815782,5345.58320610297,11729.835890602757,-55919.334417224825,-128781.0622532337
2025-11-12,14886.133860091764,17192.307692307706,249658.89413862763,155.8275389636437,78,387,0.340925,0.22007639326009323,0.0,-76196.43116544455,689500.8637165602,20158.558214744837,-5272.4243546530715,-47684.41721352878,-110099.14074818569
2025-11-13,10501.177131092749,7620.454545454545,236394.667659598,140.45721514783554,88,435,0.36921306818181815,0.15328315509751705,0.0,-85032.6534873534,744383.7723144043,-6050.175099324228,16551.35223041698,-48737.94699895458,-107836.61391385409
2025-11-14,5810.75558623067,-2304.8780487804956,272846.477019387,147.480040303684,82,410,0.35101341463414637,0.1868623443798889,1.1368683772161603e-13,-97532.1633954134,710251.6063819963,13310.978889907608,-7500.2233036769385,-62548.34370891977,-130759.9629637665
2025-11-17,9327.467051250911,7582.142857142862,213020.71533767617,172.67450122474463,84,416,0.37828809523809526,0.15508614575101487,-2.842170943040401e-14,-153705.2730952218,769283.9554094459,10911.585644760353,-1584.1185935094418,-44100.38628439287,-97355.56511881191
2025-11-18,14308.300550474885,8459.999999999998,228764.77362321943,190.37753265789024,90,444,0.3903855555555556,0.14901425066294924,-2.842170943040401e-14,-132337.3847019238,794139.0056243357,9867.125567660578,4441.1749828143065,-43073.27038798786,-100264.46379379272
2025-11-19,6515.726739173131,8112.790697674411,231783.09927822405,138.7659306449501,86,423,0.3971994186046512,0.14587686992433602,0.0,-67128.29996290797,802835.1555946694,13762.53079050829,-7246.804051335159,-51568.81401102783,-109514.58883058385
2025-11-20,43311.63713227809,34378.02325581396,234479.75135881273,174.48251725217975,86,429,0.38122738372093024,0.17365184935736058,-5.684341886080802e-14,-168843.60876198625,776073.0021477942,17488.51689046951,25823.12024180858,-15482.783224677272,-74102.72106438046
2025-11-21,6383.52894167335,677.2727272727259,243435.7992474509,192.85373651202116,88,440,0.37891875,0.15906802737562556,8.526512829121202e-14,-153924.17301858222,772890.7789227315,-14455.114045687496,20838.642987360847,-54668.274606701394,-115527.22441856413
2025-11-24,23464.471352170654,26241.891891891886,313943.88630732836,199.1038242072432,74,370,0.3537641891891892,0.2721156345881268,5.684341886080802e-14,-172239.38987914124,721860.0699549401,12566.257177111138,10898.214175059515,-55220.60404886868,-133706.57562570076
2025-11-25,19816.277394207886,23642.222222222215,301546.9373506731,180.01776533888335,90,443,0.35299222222222226,0.18016873278031897,-2.842170943040401e-14,-59439.101102345,717929.3659721852,-3673.6951275080933,23489.97252171598,-55750.474708799265,-131137.20904646753
2025-11-26,15892.367362169212,8024.358974358961,240257.28313186206,170.7864531455169,78,390,0.34255384615384615,0.22101040503734565,0.0,-64759.998237791944,696550.110966879,-5215.045301491298,21107.41266366051,-44342.73987394182,-104407.06065690733
2025-11-28,13453.005260334092,-6707.14285714286,207923.87270696604,206.8290222736454,84,416,0.34049285714285715,0.15286031208012107,-1.4210854715202004e-13,-38891.948481354484,695961.9028957051,4866.484569514409,8586.520690819683,-38734.79193868106,-90715.76011542257
2025-12-01,-179.53636183502636,-4441.666666666671,255897.00979003898,144.22689291841235,36,179,0.3684513888888889,0.20311743307734487,0.0,-120634.19724599746,743304.2939187898,-819.5728206407814,640.0364588057552,-64298.01570226318,-128272.26814977292
2025-12-02,7755.030795379249,2155.3333333333553,316413.34969923785,155.73516692621862,90,446,0.329395,0.18385253862235862,2.842170943040401e-14,-69691.43961491132,667048.7316177273,4745.211131631346,3009.819663747903,-71504.04179635643,-150607.3792211659
2025-12-03,11316.843156350327,12448.81578947369,286129.1498287847,142.4232549374507,76,371,0.33494171052631583,0.25072882026102633,0.0,-105593.79797241253,676987.8304580164,1929.7046626783904,9387.138493671937,-60357.8675557833,-131890.15501297946
2025-12-04,17273.278924048227,21598.874999999996,196750.43925824625,146.84481206708728,80,398,0.32741437500000004,0.19122438533093014,2.8421709430404007e-13,-753.133929012196,663288.1663182052,5069.714753016147,12203.56417103208,-32061.17570258042,-81248.78551714198
2025-12-05,7703.094583244513,5885.444444444442,231100.7034675841,162.38051955596922,90,446,0.31668450000000004,0.137348799439963,-3.126388037344441e-13,-167782.33170176155,643452.9297285995,-825.4864880360225,8528.581071280536,-50234.46180320748,-108009.6376701035
2025-12-08,21607.978023773358,21491.666666666664,276612.6239180105,168.0586038662797,72,351,0.3146923611111111,0.24140861876981046,0.0,-86835.91057903146,642125.8069200563,9769.641153199911,11838.336870573447,-47713.23655959555,-116866.39253909817
2025-12-09,11709.460152263906,4855.9459459459395,286851.76570541563,170.44709697257497,74,370,0.31565472972972974,0.23185962171972166,0.0,-182551.30344414213,641263.8570533001,15790.841376550685,-4081.3812242867807,-60173.928371062575,-131886.8697974165
2025-12-10,21504.96050142312,23086.375000000004,234065.16210176068,131.26992668660006,80,397,0.32434375000000004,0.2322566671756913,1.4210854715202004e-13,-92574.41831467992,655245.0842520123,4840.00593450817,16664.95456691495,-37142.59995070365,-95658.89047614382
2025-12-11,6346.96807857086,11966.70454545454,211245.0714568947,165.6220299565327,88,439,0.30082914772727276,0.16097965397755568,-1.1368683772161603e-13,-168302.240357585,611549.2053110303,4344.873668340335,2002.0944102305255,-46629.92181560934,-99441.18967983301
2025-12-12,31537.083788684897,28040.78947368421,235073.66358064438,208.10588424707208,76,379,0.3013611842105264,0.2015225827689144,0.0,-19067.33826011073,621083.1038540112,8347.479776305334,23189.604012379565,-27439.437990723272,-86207.85388588435
2025-12-15,19398.081111566342,14304.54545454546,199950.1124561724,163.49004798021215,88,433,0.3011011363636364,0.16859942130523156,0.0,-158185.5555552199,613001.7777132407,6866.851540992611,12531.22957057373,-30752.937050456974,-80740.46516450008
2025-12-16,26761.57558184946,21158.888888888894,223259.6964774351,217.387829758771,90,446,0.29974666666666666,0.16593186948434993,-2.842170943040401e-14,-216893.61003318752,620971.383615888,19939.81095761369,6821.764624235773,-29270.736367268084,-85085.66048662685
2025-12-17,18481.723205343398,23265.116279069767,228270.91802508352,208.18506930196665,86,428,0.29917732558139537,0.2046323576932936,-2.842170943040401e-14,-181165.32705017907,614299.4431547705,-2880.028226604047,21361.751431947447,-38794.19137022945,-95861.92087650033
2025-12-18,15512.920443079856,23328.571428571428,196445.5767339673,228.96515981484472,84,419,0.2760476190476191,0.1924451141072508,2.842170943040401e-14,-230068.27887947176,571355.0166301731,-5321.397952897236,20834.31839597709,-33827.43890022681,-82938.83308371864
2025-12-19,6321.067120238202,7555.555555555567,220726.80640867626,203.69468460668296,90,442,0.26805333333333337,0.18877760598569118,5.684341886080802e-14,-99004.32494577616,550431.9694247273,-8606.498680941688,14927.56580117989,-49064.32916653755,-104246.03076870661
2025-12-22,22396.487497937793,20870.588235294123,305846.03594784084,211.9229639361321,68,333,0.2950933823529412,0.29416249711902126,0.0,-47625.37793957288,603281.3314174408,3933.180319099113,18463.30717883868,-54276.944452958545,-130738.45343991875
2025-12-23,8612.893346323275,7242.738095238089,244656.4961988279,201.72477723548414,84,417,0.2786297619047619,0.25018722594921844,8.526512829121202e-14,-372073.1148922641,569494.7319231862,3310.5530632291657,5302.34028309411,-52752.95548061918,-113917.07953032617
2025-12-24,-1950.5946007000528,-2952.7272727272602,228139.2399206732,212.95240990204078,88,436,0.2864770454545455,0.1784535467343976,2.2737367544323206e-13,-329413.9375129198,588042.8103560162,-12910.74762660817,10960.153025908117,-59198.35699077039,-116233.16697093868
2025-12-26,5526.023050678255,3509.9999999999814,182760.6517177011,159.38916294963204,40,196,0.3211375,0.1422396612550344,5.684341886080802e-14,46609.15953379896,648010.2829655375,-4650.448770398486,10176.47182107674,-40323.52904169666,-86013.69197112194
2025-12-29,12445.441534049289,10548.611111111108,348562.27593802894,131.21006530501228,36,176,0.36897847222222224,0.24396305104791574,0.0,400.75735022300796,742502.497258769,-2056.436229302286,14501.877763351577,-74826.33751576296,-161966.90650027018
2025-12-30,5214.948155631075,2671.874999999998,330693.8048107634,126.30494564624622,32,153,0.3793515625,0.22518229822569968,-2.2737367544323206e-13,12330.426369817147,762253.1538419701,5907.917388424164,-692.9692327930888,-77584.80799270602,-160258.25919539685
