date,gross_pnl,gross_vega,signal_version
2018-07-02,0.0,20000.0,raw
2018-07-03,2765.7432766219817,19692.435921881577,raw
2018-07-05,-55713.82160911102,19090.966037267888,raw
2018-07-06,54239.99607443846,18712.07677926679,raw
2018-07-09,796.7829807120947,20000.0,raw
2018-07-10,1706.0192725334632,19324.580208691004,raw
2018-07-11,2806.2378644113646,19461.86969736637,raw
2018-07-12,-244.71167364185663,18806.60679246198,raw
2018-07-13,-744.3550004579706,18278.05768458698,raw
2018-07-16,3832.213201713604,19999.999999999996,raw
2018-07-17,-4744.465007985897,19050.410216544387,raw
2018-07-18,-2849.9365123781904,18265.9913259106,raw
2018-07-19,-1167.0112934893511,18471.882531122814,raw
2018-07-20,-2199.6536384429896,17776.63257624219,raw
2018-07-23,698.0831939541249,20000.0,raw
2018-07-24,1189.4997286755317,19454.717942683317,raw
2018-07-25,-9580.84765215783,17757.887294974462,raw
2018-07-26,3679.207375310088,16747.43858938096,raw
2018-07-27,-4713.059046939273,16209.580609670613,raw
2018-07-30,-14149.126125702142,19999.999999999996,raw
2018-07-31,11365.488276622706,19483.562118778947,raw
2018-08-01,-766.7394672220134,19139.08755808785,raw
2018-08-02,4953.7049319652,18619.283023896467,raw
2018-08-03,-8136.058827606397,18206.500996637704,raw
2018-08-06,5420.15222599673,20000.0,raw
2018-08-07,-2728.4884650878116,19673.702493307726,raw
2018-08-08,11134.769304518995,19273.988475317525,raw
2018-08-09,918.0680430890352,18828.698255141735,raw
2018-08-10,-7929.929050064334,18903.54185284296,raw
2018-08-13,-3039.566055163289,20000.0,raw
2018-08-14,10049.947971500167,19401.518036700792,raw
2018-08-15,-17375.165918158054,19069.997433666067,raw
2018-08-16,731.8950774666152,18090.68895317378,raw
2018-08-17,-2141.839897616552,17303.770426242027,raw
2018-08-20,14507.09971781248,20000.0,raw
2018-08-21,-2514.800101229144,20125.073807309986,raw
2018-08-22,-1443.9860062331234,19758.319927499662,raw
2018-08-23,-1984.5652375163827,18974.588116313073,raw
2018-08-24,717.272613833362,17981.25076608468,raw
2018-08-27,-38.413133451872085,20000.0,raw
2018-08-28,9248.3730781315,18664.354860767653,raw
2018-08-29,-4428.3625303310155,17629.84031817938,raw
2018-08-30,14109.088074754225,18515.451650429106,raw
2018-08-31,-6281.698394540393,17580.442872038453,raw
2018-09-04,-9790.633334619766,20000.0,raw
2018-09-05,2474.9994524839635,19858.976209540535,raw
2018-09-06,950.8071856119601,19361.7922995176,raw
2018-09-07,-1416.3985583608921,18972.79141838348,raw
2018-09-10,4877.069502107721,20000.0,raw
2018-09-11,3645.304477368746,19644.471075217236,raw
2018-09-12,343.8041769412812,19176.748896144753,raw
2018-09-13,-5210.75996943532,18628.586033624066,raw
2018-09-14,-3595.9731220594267,18323.344939199047,raw
2018-09-17,1541.5061703292781,20000.0,raw
2018-09-18,-6305.738368642768,19423.992599047546,raw
2018-09-19,8014.4783902962035,19159.426636679054,raw
2018-09-20,-6893.955935487781,18520.012198038843,raw
2018-09-21,14406.269582457713,17752.82716814266,raw
2018-09-24,-6481.01305256282,20000.0,raw
2018-09-25,6743.666961272488,19455.405880077666,raw
2018-09-26,771.7901286609883,18620.37762664812,raw
2018-09-27,-2663.030008893204,18137.651298863835,raw
2018-09-28,-6802.6803872344035,17471.39737210549,raw
2018-10-01,7800.780191099712,20000.0,raw
2018-10-02,1301.4727305099038,19640.625570213542,raw
2018-10-03,555.8569164582483,19431.825229899427,raw
2018-10-04,-1708.6664059250847,19049.68183745642,raw
2018-10-05,830.1068631108282,18602.98778101177,raw
2018-10-08,2022.5528390657416,20000.0,raw
2018-10-09,673.3882217323052,19472.685263075953,raw
2018-10-10,445.80017656151995,18917.302869506813,raw
2018-10-11,3522.277045958711,17739.261212529345,raw
2018-10-12,-2195.5453154657644,18003.76174484488,raw
2018-10-15,2367.519662315786,20000.0,raw
2018-10-16,1716.5360051375158,22082.655286597797,raw
2018-10-17,-3949.700944492408,21461.42435016479,raw
2018-10-18,5567.698005342664,20194.62990066144,raw
2018-10-19,744.1183229723538,19873.143064713247,raw
2018-10-22,586.7714538235862,20000.0,raw
2018-10-23,-514.7089487756264,22934.712272867466,raw
2018-10-24,-12208.299987660448,24206.181290007913,raw
2018-10-25,16756.499712371216,25889.441647769985,raw
2018-10-26,4363.595746865794,26473.406350921734,raw
2018-10-29,-1732.9715320145851,20000.0,raw
2018-10-30,-301.88278702669214,19549.788468909454,raw
2018-10-31,33567.14713564067,19485.792863341278,raw
2018-11-01,-6073.532516400086,18774.53521353362,raw
2018-11-02,-343.022677055636,18501.089644464682,raw
2018-11-05,-1057.8414525325295,20000.0,raw
2018-11-06,7887.7052642213675,19229.004229107453,raw
2018-11-07,2018.6690400419945,17361.848677678416,raw
2018-11-08,-423.7079197022836,17097.699570166198,raw
2018-11-09,-11659.07003957726,17608.26911080398,raw
2018-11-12,1779.2810723606883,20000.0,raw
2018-11-13,-16253.875126862036,19736.443160705596,raw
2018-11-14,-3560.828700479281,19772.64134552772,raw
2018-11-15,-3951.5169222182226,18721.75368964848,raw
2018-11-16,-1654.1695800193988,17765.989408658443,raw
2018-11-19,4561.586869581559,20000.0,raw
2018-11-20,2906.033240544662,21775.128017944025,raw
2018-11-21,1348.9820686894202,21070.449135933206,raw
2018-11-23,1578.4133000914533,20460.63072631816,raw
2018-11-26,683.0360995881567,20000.0,raw
2018-11-27,286.0669686401969,18952.51772840824,raw
2018-11-28,4638.07768018832,19000.18277658466,raw
2018-11-29,2552.7751424583244,19640.596433245137,raw
2018-11-30,950.1916271003561,18871.64618838305,raw
2018-12-03,8176.954235831636,19999.999999999996,raw
2018-12-04,-9254.237367790714,18859.519798692625,raw
2018-12-06,2068.4159568514083,18222.424642665712,raw
2018-12-07,-7054.707388190328,16628.859400310663,raw
2018-12-10,6563.644817856286,20000.0,raw
2018-12-11,-1239.2505119101766,19502.27408757552,raw
2018-12-12,3791.9261341437755,19699.052221676113,raw
2018-12-13,-2178.597365430938,18922.73527781424,raw
2018-12-14,-1204.7294550234897,18061.24981973766,raw
2018-12-17,1587.2741437408752,20000.0,raw
2018-12-18,-3531.519179245414,19919.415884869646,raw
2018-12-19,-2503.6011162377727,19189.870316515648,raw
2018-12-20,1125.047239343992,21138.146148375832,raw
2018-12-21,-2935.3476727894504,22160.947431946577,raw
2018-12-24,-6873.208209898649,20000.0,raw
2018-12-26,-1800.4944688593828,23467.88638944859,raw
2018-12-27,-9334.548897435825,23626.210376653547,raw
2018-12-28,12658.868516424152,22674.230567064213,raw
2018-12-31,4868.3128868273225,20000.0,raw
2019-01-02,2410.3200162815842,19424.47605556118,raw
2019-01-03,1788.4507869748597,19023.628962821855,raw
2019-01-04,1001.1690234317264,18851.941190917987,raw
2019-01-07,394.9069577130311,20000.0,raw
2019-01-08,3126.685869886672,19242.86221159908,raw
2019-01-09,-2717.571023194258,18864.93874463778,raw
2019-01-10,1146.7198685242943,18121.06840869889,raw
2019-01-11,5046.98629365584,17757.815698954284,raw
2019-01-14,-1686.8170566894612,20000.0,raw
2019-01-15,5390.7408898708445,18756.149106907094,raw
2019-01-16,-2491.4549320729607,18629.769513665084,raw
2019-01-17,-7845.6371878979,18579.63837257635,raw
2019-01-18,7240.390326586465,17865.646039188996,raw
2019-01-22,-985.7782323315487,20000.0,raw
2019-01-23,1390.6549187311734,19986.59144280105,raw
2019-01-24,4631.126972554298,20076.32710232199,raw
2019-01-25,-21599.739282067734,19576.977723043176,raw
2019-01-28,13468.993314756315,20000.0,raw
2019-01-29,2057.7963538000427,19852.02301396488,raw
2019-01-30,-670.4902859538289,19387.81258158007,raw
2019-01-31,-3794.1400082160817,19156.808163415797,raw
2019-02-01,501.66818910597016,18835.07420707141,raw
2019-02-04,-1511.416208016421,20000.0,raw
2019-02-05,3782.1657162005304,19176.36513502948,raw
2019-02-06,-1125.8622863024145,19119.561134933356,raw
2019-02-07,-15585.70434680316,18944.903106474518,raw
2019-02-08,5109.77274678419,18607.40347837951,raw
2019-02-11,-1222.3969925948402,20000.0,raw
2019-02-12,-643.5937393124726,18924.02235317355,raw
2019-02-13,-682.4611129170673,17986.320094467836,raw
2019-02-14,5193.182462405653,17950.106941640155,raw
2019-02-15,-3264.3422791168346,16619.04942033407,raw
2019-02-19,3787.6770871732797,19999.999999999996,raw
2019-02-20,-8778.421020052401,19336.94359293613,raw
2019-02-21,-3678.0275396286534,18813.132114902597,raw
2019-02-22,9212.502070978917,16963.363667335547,raw
2019-02-25,-6843.210676957785,20000.0,raw
2019-02-26,1088.4924849501967,19664.964811967806,raw
2019-02-27,-2443.6866548207972,19179.16560827945,raw
2019-02-28,-214.4580896854276,18861.540042072233,raw
2019-03-01,335.5872944044331,18449.090050487575,raw
2019-03-04,1156.3958776226293,20000.0,raw
2019-03-05,1985.8936747081927,19607.223814068417,raw
2019-03-06,26.300928405531824,19081.57851079664,raw
2019-03-07,-2638.358554712348,18433.876222955616,raw
2019-03-08,249.97099430209514,18210.446845706116,raw
2019-03-11,4520.382755835632,19999.999999999996,raw
2019-03-12,-2462.1473125915986,19678.911082082745,raw
2019-03-13,206.02068172863588,19237.67702423122,raw
2019-03-14,1692.7958611790878,18700.711878427777,raw
2019-03-15,3158.378976912965,18035.54237514871,raw
2019-03-18,4.304738793238144,20000.0,raw
2019-03-19,-2764.929821422999,19995.14139960677,raw
2019-03-20,-158.79217640148372,19031.965885988233,raw
2019-03-21,3677.329491389001,17921.807505115867,raw
2019-03-22,-3588.8259771786848,17963.72881533757,raw
2019-03-25,-1711.6965450432153,20000.0,raw
2019-03-26,2584.727691491659,19772.494234410664,raw
2019-03-27,-376.236531405637,18906.420540159656,raw
2019-03-28,-5409.464922600983,18998.587098308417,raw
2019-03-29,1002.0669514542911,42918.8314615894,raw
2019-04-01,13018.58114704831,20000.0,raw
2019-04-02,894.3867692777735,19709.658672465484,raw
2019-04-03,692.7423849070879,19178.68428441071,raw
2019-04-04,702.0183028537555,18773.171297825374,raw
2019-04-05,-1923.3215443008935,18217.26707068304,raw
2019-04-08,-213.0618023896055,20000.0,raw
2019-04-09,706.9551912200548,20456.879955309356,raw
2019-04-10,2307.391073643055,19704.421890288104,raw
2019-04-11,3731.5183020196455,19126.656026809178,raw
2019-04-12,-1043.8909744548241,17940.383066785434,raw
2019-04-15,-2616.389194829882,20000.0,raw
2019-04-16,2429.609493196654,18765.92117745938,raw
2019-04-17,-3760.7990240475756,18045.2358859374,raw
2019-04-18,2317.002731239258,17432.548561791584,raw
2019-04-22,-544.0575445966116,20000.0,raw
2019-04-23,-6224.529620813417,20164.372478304205,raw
2019-04-24,6654.899354563931,20171.637906802436,raw
2019-04-25,10787.973432220359,20187.500224096973,raw
2019-04-26,-3265.1789896599958,18439.34743041789,raw
2019-04-29,2690.002708349765,20000.0,raw
2019-04-30,3655.983451726205,19396.599258764967,raw
2019-05-01,4965.545213262124,19112.75028413502,raw
2019-05-02,4321.088514857113,18639.170468742752,raw
2019-05-03,813.2283184680084,18134.238162387992,raw
2019-05-06,1404.7864816189863,20000.0,raw
2019-05-07,5820.673393918107,19854.70088055717,raw
2019-05-08,-2223.0221184113598,19244.69084327245,raw
2019-05-09,57.83655421648048,18786.693780090474,raw
2019-05-10,751.1309478099254,18236.972889780012,raw
2019-05-13,-2573.3946025366936,20000.0,raw
2019-05-14,3886.5570450297614,20706.61350775897,raw
2019-05-15,1371.0375665541985,20071.049109264368,raw
2019-05-16,1080.4214740954685,19592.086391396777,raw
2019-05-17,592.0745453510687,19215.15450806933,raw
2019-05-20,-1255.8382672262992,20000.0,raw
2019-05-21,5693.69554897053,20365.300543338395,raw
2019-05-22,-8722.01043979465,18880.794965560075,raw
2019-05-23,34282.17557892138,19158.235091132545,raw
2019-05-24,345.08342591867046,18446.219946600828,raw
2019-05-28,-2453.6282211668795,20000.0,raw
2019-05-29,5637.082005233559,21100.544628558964,raw
2019-05-30,4581.009740214365,21609.70328673996,raw
2019-05-31,1090.6500402157342,22511.75197036923,raw
2019-06-03,8017.825457982691,20000.0,raw
2019-06-04,-1726.829366217591,19578.21475955168,raw
2019-06-05,1176.6395545644828,18717.773398226735,raw
2019-06-06,557.4237265845126,18125.444727624516,raw
2019-06-07,988.5429141027143,17476.837447047106,raw
2019-06-10,713.5080808543835,20000.0,raw
2019-06-11,268.77223521970046,19788.92878155103,raw
2019-06-12,462.9339031997691,19359.050601936393,raw
2019-06-13,-2828.9530558287765,18550.800497226388,raw
2019-06-14,2842.478216270932,18510.81310102337,raw
2019-06-17,-1255.2224550146368,20000.0,raw
2019-06-18,-1538.7542983698256,18721.710834101257,raw
2019-06-19,57.28943952450001,17537.234349458555,raw
2019-06-20,2611.0152894610405,16601.98496359314,raw
2019-06-21,-94.45828990446407,16728.89459243374,raw
2019-06-24,-370.868038726373,20000.0,raw
2019-06-25,-3568.995313811282,20969.88674288734,raw
2019-06-26,1351.9602592748822,21002.18351257149,raw
2019-06-27,70.27001276984743,19651.912498771235,raw
2019-06-28,-8898.111855887904,18067.89612928778,raw
2019-07-01,6119.313448038316,20000.0,raw
2019-07-02,-77.69468788676694,19298.37889111012,raw
2019-07-03,594.0555339475203,18974.81819404301,raw
2019-07-05,2050.704086076396,18718.785270182198,raw
2019-07-08,-228.63049420237206,20000.0,raw
2019-07-09,879.7613577523426,19760.17965596343,raw
2019-07-10,43.15910156963169,18973.218447069612,raw
2019-07-11,1459.9176218695438,18643.215816495464,raw
2019-07-12,619.8772272232322,18143.94226734306,raw
2019-07-15,-613.2086451840732,20000.0,raw
2019-07-16,-3545.776481272752,19977.608451606236,raw
2019-07-17,5320.479247225514,19840.842580646662,raw
2019-07-18,257.0292507160592,18817.678169386727,raw
2019-07-19,407.00498985327414,19369.993362292076,raw
2019-07-22,-3589.459842506632,20000.0,raw
2019-07-23,5778.194909918869,20220.579637288636,raw
2019-07-24,-2662.3781425341313,20472.815602580915,raw
2019-07-25,6018.940106938735,19723.88526065931,raw
2019-07-26,-8706.00148220096,19873.4098580907,raw
2019-07-29,704.3556022135948,20000.0,raw
2019-07-30,3862.326959680986,19496.41662974732,raw
2019-07-31,2264.959178088296,18988.42887556884,raw
2019-08-01,2788.242055043043,18032.624411412657,raw
2019-08-02,658.6099475691752,17308.185030594224,raw
2019-08-05,2153.4605860141214,20000.0,raw
2019-08-06,-3341.779406633903,20264.919977101486,raw
2019-08-07,1180.6509408570223,20111.20470925933,raw
2019-08-08,-1421.0013813515516,20733.704921392608,raw
2019-08-09,2138.5972677964105,19660.92057772319,raw
2019-08-12,2585.6565553862097,20000.0,raw
2019-08-13,-7004.431121984877,21034.515369004934,raw
2019-08-14,-3907.484565909226,20447.552607956106,raw
2019-08-15,-18437.54500385373,20325.06055292635,raw
2019-08-16,6718.561367702556,20319.337259422096,raw
2019-08-19,-7637.69380587345,20000.0,raw
2019-08-20,13158.446598026716,19830.40479662666,raw
2019-08-21,-7460.605342917886,19389.008407494763,raw
2019-08-22,-248.93448828459125,19150.27328477535,raw
2019-08-23,7159.43560491446,19729.892657821263,raw
2019-08-26,-1474.009718094755,20000.0,raw
2019-08-27,-5520.598371613453,20079.643621704152,raw
2019-08-28,2266.7226982690954,19889.220388522943,raw
2019-08-29,-407.98087418878873,19491.343838718567,raw
2019-08-30,-3543.016888218768,19061.5146005265,raw
2019-09-03,3494.8029046095253,20000.0,raw
2019-09-04,-1914.476095937435,19606.96476722264,raw
2019-09-05,4916.074639590158,18743.46951993869,raw
2019-09-06,2309.5449112211095,18269.45060278538,raw
2019-09-09,829.2243467246453,20000.0,raw
2019-09-10,1185.2989279756846,18645.751419664317,raw
2019-09-11,-2570.2195607336,17856.857586328253,raw
2019-09-12,-691.2521929065647,17745.295746352716,raw
2019-09-13,159.98006591155996,17278.008682419284,raw
2019-09-16,-5205.432337138162,20000.0,raw
2019-09-17,-750.6433014489286,19858.533801530557,raw
2019-09-18,459.8160058726744,20452.43664348914,raw
2019-09-19,-4566.741629230559,19951.577254016254,raw
2019-09-20,1754.013227921766,19962.79590643848,raw
2019-09-23,-1232.3266419326933,20000.0,raw
2019-09-24,646.9185386061611,20746.100441153416,raw
2019-09-25,3541.5798420503397,19834.641955578176,raw
2019-09-26,-914.3410838440998,19504.362262117567,raw
2019-09-27,-1482.076038819703,18875.55209294598,raw
2019-09-30,2597.8838385589224,20000.0,raw
2019-10-01,4186.341702188122,19791.599967722792,raw
2019-10-02,-1986.0539146584276,19126.327225792804,raw
2019-10-03,521.906674410892,19013.67984130239,raw
2019-10-04,1798.8976710679437,18807.323476841946,raw
2019-10-07,629.0865433456089,20000.0,raw
2019-10-08,1029.0036180767763,19175.852560794006,raw
2019-10-09,2184.382906637692,19198.92132594536,raw
2019-10-10,-3789.4965437388087,19095.71800433309,raw
2019-10-11,-4824.923219384171,18952.282639036534,raw
2019-10-14,9695.300453956046,20000.0,raw
2019-10-15,326.9492224941216,19310.598652774785,raw
2019-10-16,1473.6810396552223,18745.362205002613,raw
2019-10-17,-1250.2649432743917,18103.51317381396,raw
2019-10-18,-951.0406034687074,17735.694678404903,raw
2019-10-21,2072.143542762801,20000.0,raw
2019-10-22,-11978.33436095324,19546.32570873073,raw
2019-10-23,-258.46898615147916,19573.472836855617,raw
2019-10-24,-2775.7345659770735,19129.016081832826,raw
2019-10-25,-3844.111101973554,18299.578576073767,raw
2019-10-28,4094.0986388406704,20000.0,raw
2019-10-29,5559.881367812361,19633.7460841977,raw
2019-10-30,-237.77283131479624,19147.100915218918,raw
2019-10-31,-2186.4548935611774,18557.686045577047,raw
2019-11-01,2930.576876962043,18433.853959138378,raw
2019-11-04,491.8699012575573,20000.0,raw
2019-11-05,1016.6842134385556,19309.56107972805,raw
2019-11-06,-4066.5986232778228,19150.745667610994,raw
2019-11-07,2059.9240227496807,18293.062485404513,raw
2019-11-08,-1249.9219173660845,17629.613925708116,raw
2019-11-11,-130.4471049609266,20000.0,raw
2019-11-12,357.0468305782214,19426.99635184563,raw
2019-11-13,-2038.1702842830264,19194.602255323683,raw
2019-11-14,6005.8365495809685,18979.368881526934,raw
2019-11-15,-3382.0759738581846,17870.8297832491,raw
2019-11-18,-53.76835237888838,20000.0,raw
2019-11-19,7168.497828577237,20558.948364997366,raw
2019-11-20,-8479.180429145705,20471.479263906196,raw
2019-11-21,9397.12236842761,20339.806621088723,raw
2019-11-22,428.0146823184042,19073.038367506444,raw
2019-11-25,-1792.3304368923848,20000.0,raw
2019-11-26,5809.281824280377,19949.574704616567,raw
2019-11-27,5706.909212013784,20451.25240403122,raw
2019-11-29,-2735.935754845026,19762.073989848668,raw
2019-12-02,247.23817827923608,20000.0,raw
2019-12-03,-1910.2613473388747,19725.848733490096,raw
2019-12-04,2174.641409960437,19395.82444117479,raw
2019-12-05,2701.350083375118,19028.177474096552,raw
2019-12-06,1577.5868540260547,18632.306763030592,raw
2019-12-09,611.180834191826,20000.0,raw
2019-12-10,-3189.4439137043023,19766.311570593858,raw
2019-12-11,-133.4269189355769,19381.445122476318,raw
2019-12-12,-1411.8301574516688,18665.05380215807,raw
2019-12-13,1999.858981912494,18234.61424165385,raw
2019-12-16,1333.735516268024,20000.0,raw
2019-12-17,2415.0378782717726,19371.928058884983,raw
2019-12-18,4391.383814467341,18998.149711286882,raw
2019-12-19,-4512.118685260148,18146.782009380724,raw
2019-12-20,-1239.6175612797715,17174.713145965437,raw
2019-12-23,438.26957861037215,20000.0,raw
2019-12-24,4616.658763468706,20275.33442037562,raw
2019-12-26,4199.894097509244,18807.202188251,raw
2019-12-27,-2547.438507232197,18174.74743739165,raw
2019-12-30,2533.5706935069593,20000.0,raw
2019-12-31,529.8740615229809,19767.24675632496,raw
2020-01-02,-1072.6544655155462,19133.69729266597,raw
2020-01-03,-1660.7024809551995,18953.816176630833,raw
2020-01-06,6.267313252769867,20000.0,raw
2020-01-07,8528.016750940073,19654.656702466826,raw
2020-01-08,-363.2255295001434,19317.322726205442,raw
2020-01-09,515.5404158893004,18758.351989509363,raw
2020-01-10,12.836033684513144,18497.012706715235,raw
2020-01-13,487.1058897355265,20000.0,raw
2020-01-14,-1503.9929813907283,19854.60711353221,raw
2020-01-15,176.90240756170897,19032.915713851515,raw
2020-01-16,2831.70878005756,17931.749028998165,raw
2020-01-17,3047.0055219891187,17245.34955143035,raw
2020-01-21,1490.473170736411,20000.0,raw
2020-01-22,-4025.5587429690713,19530.58768224098,raw
2020-01-23,-5016.874023133663,18752.80583936258,raw
2020-01-24,-5050.318290009121,18894.622118650237,raw
2020-01-27,9118.23865604617,20000.0,raw
2020-01-28,1132.3909941561692,18948.75400887112,raw
2020-01-29,3421.5117621120567,18636.636545116588,raw
2020-01-30,-2485.5851504388706,17293.554875321188,raw
2020-01-31,13927.769708651214,18010.987200318334,raw
2020-02-03,-6432.574481609741,20000.0,raw
2020-02-04,-1817.2721969647853,19347.581356887506,raw
2020-02-05,-2398.0046168126664,18687.79011932646,raw
2020-02-06,-1427.2463535740917,18221.157090430133,raw
2020-02-07,1972.6342613993615,18215.48297145238,raw
2020-02-10,-1311.6331624029795,20000.0,raw
2020-02-11,1487.0372470354043,19637.557629399387,raw
2020-02-12,-377.320901700431,18841.00699228688,raw
2020-02-13,3688.6012822401717,18553.041632396245,raw
2020-02-14,1928.027659688949,18074.514494111736,raw
2020-02-18,1929.1922763727732,20000.0,raw
2020-02-19,-2029.8926183741437,19498.54908523464,raw
2020-02-20,-2009.8254196806222,19181.813184418876,raw
2020-02-21,-1315.8907062807868,19571.473935172744,raw
2020-02-24,2182.854436645961,20000.0,raw
2020-02-25,-818.2074692287928,19944.02348066692,raw
2020-02-26,-550.6939927104288,19127.84132839687,raw
2020-02-27,6717.225719291033,19279.25948686688,raw
2020-02-28,8377.041328876363,20116.71149512448,raw
2020-03-02,-6373.098527188538,20000.0,raw
2020-03-03,3697.3106263986606,19329.101842808377,raw
2020-03-04,4264.119029777038,19196.68074107857,raw
2020-03-05,3063.530310741202,18980.554383720908,raw
2020-03-06,-7221.254607377387,18739.261138624657,raw
2020-03-09,4073.074569868604,20000.0,raw
2020-03-10,-10697.401478323167,20799.458639890425,raw
2020-03-11,-4931.603441135714,19584.36314001288,raw
2020-03-12,-7754.062749172559,18489.809359405284,raw
2020-03-13,-3599.585987369807,18782.742452402006,raw
2020-03-16,23217.741473380705,19939.96875085661,raw
2020-03-17,33376.589836548024,20213.794816044876,raw
2020-03-18,-26174.228233735947,18940.847631336797,raw
2020-03-19,-19322.416230083116,18484.227469937858,raw
2020-03-20,47225.64740348173,18764.82631880273,raw
2020-03-23,4923.819058286763,20000.0,raw
2020-03-24,25368.912695507148,21800.749827330113,raw
2020-03-25,21994.638881383555,22659.543071362943,raw
2020-03-26,6154.43310402688,24168.40435227627,raw
2020-03-27,14455.121148679296,23887.981878978746,raw
2020-03-30,24890.37694745822,20000.0,raw
2020-03-31,24376.17003470258,19502.195140333184,raw
2020-04-01,683.303803820948,18420.58666428515,raw
2020-04-02,1118.1146587710991,18335.20389354357,raw
2020-04-03,2697.0731203430732,17864.35307287343,raw
2020-04-06,24980.467622241187,20000.0,raw
2020-04-07,16706.1498807287,20109.902782601162,raw
2020-04-08,-14492.019165409365,21308.210440199422,raw
2020-04-09,1295.6110185988248,21989.668043582653,raw
2020-04-13,6667.579615090097,20000.0,raw
2020-04-14,15863.075247641278,19824.29838947989,raw
2020-04-15,7111.542881168825,19980.415602714493,raw
2020-04-16,-10143.331955017402,19402.486335812962,raw
2020-04-17,9243.419835696204,19234.62575448377,raw
2020-04-20,15830.855855991746,20000.0,raw
2020-04-21,-2293.0950195360856,19819.18900957381,raw
2020-04-22,13673.367202037212,19081.600718693357,raw
2020-04-23,1533.2902604139094,19141.470290709465,raw
2020-04-24,-3355.8015028233876,18453.885957370614,raw
2020-04-27,-3334.9354740494405,20000.0,raw
2020-04-28,-1694.396672023951,19707.89794270492,raw
2020-04-29,-1281.0020539066072,19480.860032471162,raw
2020-04-30,2185.1383400035706,19292.7953624317,raw
2020-05-01,1878.6312964782394,18576.09427411851,raw
2020-05-04,1459.1484262873453,20000.0,raw
2020-05-05,4390.254409588416,19855.168538311722,raw
2020-05-06,2884.9536632086983,19128.990533484728,raw
2020-05-07,-33.72721741725526,19023.57020790062,raw
2020-05-08,-518.9739720340065,19092.80254642284,raw
2020-05-11,-5719.492874924278,20000.0,raw
2020-05-12,2481.7773918196917,19192.804165603953,raw
2020-05-13,5902.547622521902,19100.5583603196,raw
2020-05-14,-2497.2168442966445,19200.53589861515,raw
2020-05-15,-5748.603287527747,18611.779451874387,raw
2020-05-18,-7076.908372232943,20000.0,raw
2020-05-19,5650.164647593425,19376.91407038626,raw
2020-05-20,4790.0027807675215,19054.991512504144,raw
2020-05-21,6643.979276361582,18913.466781809628,raw
2020-05-22,-1692.8762887644423,18411.06831912968,raw
2020-05-26,-5649.092451668783,20000.0,raw
2020-05-27,5678.828687073085,20807.23800035061,raw
2020-05-28,4605.366203658061,21105.667052991343,raw
2020-05-29,6014.110175028268,20554.9241394207,raw
2020-06-01,-6436.273591714729,20000.0,raw
2020-06-02,1194.6828033302747,19768.10823771851,raw
2020-06-03,7551.478861740815,19132.531574213688,raw
2020-06-04,-8967.693660978459,18861.697923077867,raw
2020-06-05,-4258.111556431757,18780.30332191275,raw
2020-06-08,-2964.504059427461,20000.0,raw
2020-06-09,-5775.8090488912485,20571.700794726094,raw
2020-06-10,-158.39512509821066,20557.928801358008,raw
2020-06-11,26701.27481264776,19744.45608689052,raw
2020-06-12,-13265.40875950353,19848.252240247224,raw
2020-06-15,631.8147517506537,20000.0,raw
2020-06-16,477.6695632630948,19895.6371817186,raw
2020-06-17,6789.352928378671,19334.95379361804,raw
2020-06-18,-1398.6734725461906,18806.555902641136,raw
2020-06-19,-1554.1776875522326,17931.0902748252,raw
2020-06-22,-3.1269569912559803,20000.0,raw
2020-06-23,-6125.390392453122,19291.016496838714,raw
2020-06-24,9574.379366793026,18284.868143427404,raw
2020-06-25,8792.42030990546,18161.449002233905,raw
2020-06-26,-13928.76517217104,17576.555559910197,raw
2020-06-29,4254.524713111627,20000.0,raw
2020-06-30,2607.382470948179,19819.683448578162,raw
2020-07-01,-398.6404452196369,19436.934549276833,raw
2020-07-02,-14106.27125130405,19184.497481200608,raw
2020-07-06,8932.193489330137,20000.0,raw
2020-07-07,7786.002722165368,19723.7483754627,raw
2020-07-08,851.299657454355,19357.25441374318,raw
2020-07-09,-7441.924225122115,18875.11869590826,raw
2020-07-10,6951.427652722691,18897.88411008058,raw
2020-07-13,-7250.403111395486,20000.0,raw
2020-07-14,7590.856854646263,19429.12922373383,raw
2020-07-15,-5342.198263116982,19128.770279936387,raw
2020-07-16,2349.5894899669347,18865.239145027015,raw
2020-07-17,-472.8868116342093,18219.80041377895,raw
2020-07-20,-2286.252444980842,20000.0,raw
2020-07-21,7736.965120224136,19654.751600755433,raw
2020-07-22,-617.7882164020903,18991.08200808199,raw
2020-07-23,-3019.5100021619655,18870.05459734992,raw
2020-07-24,-3450.3958539254654,18756.365830023697,raw
2020-07-27,-1123.1453211066248,20000.0,raw
2020-07-28,1283.4939028095605,20281.221489202177,raw
2020-07-29,-1430.329382749526,19634.116303961604,raw
2020-07-30,1863.9146712930908,19884.946255492152,raw
2020-07-31,2223.8913609672145,18903.223614234816,raw
2020-08-03,9.448116495016393,20000.0,raw
2020-08-04,2126.878590137079,19749.57938646992,raw
2020-08-05,-1385.6642348231137,19414.30577770847,raw
2020-08-06,545.1916956429293,19082.97285124977,raw
2020-08-07,124.61393377179236,19021.00091025745,raw
2020-08-10,-5870.7893180379815,20000.0,raw
2020-08-11,5052.224892869059,19676.060057271756,raw
2020-08-12,1686.7279595509656,19479.882333421527,raw
2020-08-13,1706.694883172485,19359.49741715955,raw
2020-08-14,439.0048162169997,19108.58685840224,raw
2020-08-17,-3366.55800269032,20000.0,raw
2020-08-18,5173.943122192062,19774.012738857095,raw
2020-08-19,2767.5960671175085,19269.767336422527,raw
2020-08-20,733.1880231751203,18961.39900313237,raw
2020-08-21,4592.931257878251,18403.99786130779,raw
2020-08-24,-6560.099456674749,20000.0,raw
2020-08-25,11737.030912724731,19560.94092097488,raw
2020-08-26,-1999.0184181529655,19012.03724850722,raw
2020-08-27,1995.0923202566926,18981.489941293097,raw
2020-08-28,1313.1581375820929,18726.260439747817,raw
2020-08-31,215.95612869697007,20000.0,raw
2020-09-01,-2161.1046397112686,19393.16181012276,raw
2020-09-02,-1845.4188206527422,19090.235490269224,raw
2020-09-03,-4012.2043597786233,19329.40303230365,raw
2020-09-04,3183.208790398422,18969.815866210218,raw
2020-09-08,-251.17311736217857,20000.0,raw
2020-09-09,5268.499004882028,19905.449379030797,raw
2020-09-10,1019.2063914952339,19065.049973078625,raw
2020-09-11,6296.5026657379285,18572.650801188593,raw
2020-09-14,-1733.8252797251014,20000.0,raw
2020-09-15,9059.619766752981,19633.57981182422,raw
2020-09-16,-6569.772291215893,19524.651123017804,raw
2020-09-17,6647.6933969350275,19442.06927445571,raw
2020-09-18,-8523.352894706113,18687.369592316096,raw
2020-09-21,-8409.033170357037,20000.0,raw
2020-09-22,4780.872219842527,19805.708355653653,raw
2020-09-23,1616.6521602608805,19006.688610658195,raw
2020-09-24,-1224.2818712673675,19079.00780655034,raw
2020-09-25,2777.72472313082,19525.781171035942,raw
2020-09-28,-1634.8866820295782,20000.0,raw
2020-09-29,248.08155919099926,19669.716812097286,raw
2020-09-30,5509.962191036738,19476.87842044029,raw
2020-10-01,643.8328307475715,19217.790008497013,raw
2020-10-02,1822.4534115173344,18995.320723115092,raw
2020-10-05,-4887.430085957601,20000.0,raw
2020-10-06,3167.7576969215447,19748.180778857168,raw
2020-10-07,-772.6119528234523,19256.84417080332,raw
2020-10-08,2043.500937336383,18624.233216527275,raw
2020-10-09,-2228.215554832162,18162.957283922136,raw
2020-10-12,2358.870908755691,20000.0,raw
2020-10-13,1783.7897455655607,20025.850772541406,raw
2020-10-14,4817.001266592441,19841.2759291213,raw
2020-10-15,-2623.688602495627,19481.57200081497,raw
2020-10-16,-339.9673165285369,18881.596556178254,raw
2020-10-19,4806.260667879283,20000.0,raw
2020-10-20,-5904.7595346552525,19836.429040604406,raw
2020-10-21,6399.6365271749155,19323.390205629228,raw
2020-10-22,-7452.566416347938,18828.60519815406,raw
2020-10-23,550.7722525516285,18345.671532789223,raw
2020-10-26,2421.8670678400044,20000.0,raw
2020-10-27,30743.12625597125,20028.13505403471,raw
2020-10-28,-225.6710934749962,20364.51757392229,raw
2020-10-29,7457.408786055995,19732.723095703655,raw
2020-10-30,-8366.027812913508,19525.426210841113,raw
2020-11-02,14588.55711503047,20000.0,raw
2020-11-03,7557.419712178672,19634.081581401624,raw
2020-11-04,-416.92361884365397,19069.950469565978,raw
2020-11-05,652.2109471811262,18571.437365394686,raw
2020-11-06,-1602.3867682592445,18466.704439515597,raw
2020-11-09,6923.678104333469,20000.0,raw
2020-11-10,-10906.308756976581,20884.607653471565,raw
2020-11-11,4182.748382905308,20598.87251882477,raw
2020-11-12,298.8638509362879,20826.20004866484,raw
2020-11-13,-2814.8342404110417,19992.66801729242,raw
2020-11-16,-98.36183026481646,20000.0,raw
2020-11-17,441.8173909766482,20305.745132511183,raw
2020-11-18,2737.9245284983044,20587.1408971361,raw
2020-11-19,-1236.8785910285894,20081.41778796618,raw
2020-11-20,-1107.9342584734945,20004.673873314405,raw
2020-11-23,-3589.5733761226697,20000.0,raw
2020-11-24,8264.399925106733,19962.83506596729,raw
2020-11-25,-3280.588086684888,19980.814765767867,raw
2020-11-27,-2833.42729303333,19486.773702896375,raw
2020-11-30,1527.7799841466967,20000.0,raw
2020-12-01,-1768.1386996769702,19830.80904454329,raw
2020-12-02,1578.2266422590942,19631.977813714224,raw
2020-12-03,927.4381360081338,19587.34907112346,raw
2020-12-04,3503.05279070032,19106.419107736598,raw
2020-12-07,4057.8460787830372,20000.0,raw
2020-12-08,-5024.9373774466085,20003.006470108314,raw
2020-12-09,3682.762375022668,19805.946380380203,raw
2020-12-10,-333.6852884105997,19819.526740452406,raw
2020-12-11,73.8489593488986,19630.0231712839,raw
2020-12-14,409.4257738579249,20000.0,raw
2020-12-15,3101.398765439494,19352.7345960145,raw
2020-12-16,-2693.791552633596,19068.069359593228,raw
2020-12-17,3490.325965526179,18907.015991452587,raw
2020-12-18,6030.687756014093,18993.708674132573,raw
2020-12-21,-3115.528985947397,20000.0,raw
2020-12-22,1246.531545175308,20121.836279184758,raw
2020-12-23,882.555678039235,19630.336659709294,raw
2020-12-24,5732.293588406117,18599.713895433542,raw
2020-12-28,-1571.4395860591992,20000.0,raw
2020-12-29,2971.8631824608497,19701.281432439086,raw
2020-12-30,-1917.003791865289,19543.405362710102,raw
2020-12-31,1641.6021204015187,19366.661868242874,raw
2021-01-04,-2036.8258341764588,20000.0,raw
2021-01-05,2094.9502642179864,19723.841735237438,raw
2021-01-06,2185.263244833124,19037.020242445677,raw
2021-01-07,-2264.8937435743196,18450.024561758855,raw
2021-01-08,-769.5586379352071,18185.929371496135,raw
2021-01-11,90.54486612642215,20000.0,raw
2021-01-12,71.99552087943324,19730.458585877215,raw
2021-01-13,1668.4675664674999,19644.362799340284,raw
2021-01-14,-2649.9622255825616,19380.136170200716,raw
2021-01-15,3797.9068160076063,19576.434332914032,raw
2021-01-19,1336.110849297308,20000.0,raw
2021-01-20,-3776.341991565516,19779.80643346941,raw
2021-01-21,2190.0558193252054,19774.148095500208,raw
2021-01-22,4112.418018312361,19191.99162942249,raw
2021-01-25,-5045.311026137206,20000.0,raw
2021-01-26,4715.00756738164,20052.657796518797,raw
2021-01-27,-7784.127446162766,20160.896182926488,raw
2021-01-28,-3034.395202223405,19735.17042296895,raw
2021-01-29,9848.816141796307,18620.66879756872,raw
2021-02-01,-1441.841013956533,20000.0,raw
2021-02-02,6186.014147359429,19782.380706798544,raw
2021-02-03,956.2423240099554,19496.710397993313,raw
2021-02-04,4014.9489312895075,18891.426636877728,raw
2021-02-05,1861.5016665741946,18504.601981688105,raw
2021-02-08,385.10245218966645,20000.0,raw
2021-02-09,2710.0035320010415,19698.106093562405,raw
2021-02-10,-639.0470957729488,19635.00612238518,raw
2021-02-11,2160.092015132456,19213.853788305754,raw
2021-02-12,634.5130071871246,18870.191704368932,raw
2021-02-16,1023.8073714576639,20000.0,raw
2021-02-17,4205.995526149117,20300.559338381758,raw
2021-02-18,172.08785215010778,19914.128140619094,raw
2021-02-19,1762.2717631610324,19592.68220239989,raw
2021-02-22,-1409.966764519443,20000.0,raw
2021-02-23,-6115.849261982498,19975.31653945959,raw
2021-02-24,4088.9693149139966,19771.140404925387,raw
2021-02-25,4840.3004846094445,20723.708870959937,raw
2021-02-26,-1270.741730732079,19971.83910920045,raw
2021-03-01,961.668776380674,20000.0,raw
2021-03-02,4906.450417421641,19639.41428931519,raw
2021-03-03,3838.1184833020197,19210.324454986483,raw
2021-03-04,3048.1451921618386,18603.75081610078,raw
2021-03-05,248.09962906535714,18631.127174851437,raw
2021-03-08,3404.6444917511703,20000.0,raw
2021-03-09,1531.6221784433058,20403.74437760542,raw
2021-03-10,-1264.2041655847536,19635.234519395803,raw
2021-03-11,3135.7156833383096,19628.34261395265,raw
2021-03-12,-698.3154849716964,19073.47830566845,raw
2021-03-15,-1158.2950329566106,20000.0,raw
2021-03-16,4698.873494997113,19924.02466852083,raw
2021-03-17,-508.8987782528973,19209.90852711026,raw
2021-03-18,4259.1063995859295,19087.32372227574,raw
2021-03-19,7405.38678240911,18714.18411361674,raw
2021-03-22,960.680760872267,20000.0,raw
2021-03-23,-11935.335534541071,20497.232241719626,raw
2021-03-24,2792.178639024981,20628.61460690894,raw
2021-03-25,-288.2138427743945,19040.2251547385,raw
2021-03-26,4692.936928413416,19660.83295344136,raw
2021-03-29,-16539.3707578015,20000.0,raw
2021-03-30,5054.680946223239,19639.851707992548,raw
2021-03-31,2959.3804491220203,19349.754162430756,raw
2021-04-01,-238.41261554496174,19080.08335484571,raw
2021-04-05,-1228.4801051401553,20000.0,raw
2021-04-06,-1027.010278089308,19742.682197993592,raw
2021-04-07,3614.807642439293,19486.382681157895,raw
2021-04-08,1357.2264515432287,18923.20990190579,raw
2021-04-09,1251.0175330319914,18226.54502393059,raw
2021-04-12,-1299.5283022307578,20000.0,raw
2021-04-13,1127.1171959935605,19536.930752447184,raw
2021-04-14,20.383903995999933,19461.130255770495,raw
2021-04-15,2412.2755622329732,18555.094564195297,raw
2021-04-16,4247.879633919316,17911.45044340188,raw
2021-04-19,1301.8582682795086,20000.0,raw
2021-04-20,1485.66882661241,19745.010531652122,raw
2021-04-21,1742.5958843764613,19028.181588287498,raw
2021-04-22,-2096.781517407598,18979.19370683307,raw
2021-04-23,3057.1433789015227,17882.565740061516,raw
2021-04-26,2155.5016241687467,20000.0,raw
2021-04-27,-4716.574311185775,19243.4223747413,raw
2021-04-28,8429.478146544152,18419.689770514593,raw
2021-04-29,-3205.6456019491757,17524.695313073524,raw
2021-04-30,9742.025430818592,17661.98139894848,raw
2021-05-03,-4902.112383861105,20000.0,raw
2021-05-04,126.10830872688169,19430.38719781827,raw
2021-05-05,5159.798189750809,19030.378799174498,raw
2021-05-06,-627.5354931827745,18639.8498705803,raw
2021-05-07,-611.1416645881309,18218.234817852142,raw
2021-05-10,4376.754461699747,20000.0,raw
2021-05-11,-524.5157065635375,20130.599740401874,raw
2021-05-12,968.0858000320407,19630.66382420489,raw
2021-05-13,-1912.0381331338767,19380.947008623774,raw
2021-05-14,-619.2137701937061,19213.482367069017,raw
2021-05-17,1366.9113338954746,20000.0,raw
2021-05-18,4858.655433033341,19785.291281868285,raw
2021-05-19,991.5278847546787,19656.286740247288,raw
2021-05-20,1384.1657823025737,19239.79123336106,raw
2021-05-21,1396.4935030050358,19080.76426719926,raw
2021-05-24,1446.1320249083349,20000.0,raw
2021-05-25,5541.82641134354,19926.17536491452,raw
2021-05-26,-3806.135928434306,19561.50959407014,raw
2021-05-27,-5707.014453763346,19137.13912847953,raw
2021-05-28,386.1937355665342,18717.8116827964,raw
2021-06-01,233.51937140166658,20000.0,raw
2021-06-02,2043.6243870161952,19762.995841257514,raw
2021-06-03,2724.499039526868,19337.39377465048,raw
2021-06-04,2026.8582291971363,18877.25264895771,raw
2021-06-07,3459.2264918434234,20000.0,raw
2021-06-08,-1139.715213779891,19728.583951991222,raw
2021-06-09,-1088.7890045351664,19310.088759530412,raw
2021-06-10,2808.8721500908428,18605.5349224787,raw
2021-06-11,-2016.2151381166289,18057.369249227642,raw
2021-06-14,2056.746734027371,20000.0,raw
2021-06-15,4155.488827460304,20341.722703746684,raw
2021-06-16,-4213.754255420541,20002.618306416065,raw
2021-06-17,-7472.9828499899395,19135.694153984376,raw
2021-06-18,3399.762220158581,18171.36731084237,raw
2021-06-21,414.9566524706936,20000.0,raw
2021-06-22,2380.5070164415256,19120.117024717336,raw
2021-06-23,-1365.510202133308,18286.632610518125,raw
2021-06-24,-2790.8402926726403,19113.75180060159,raw
2021-06-25,2294.7136688184905,18563.914422243193,raw
2021-06-28,-8786.858013647674,20000.0,raw
2021-06-29,-2678.1303061986914,19714.517556698916,raw
2021-06-30,1362.7522124007976,19570.40001537009,raw
2021-07-01,6756.253597906545,20094.536638756563,raw
2021-07-02,1988.7875391404887,19715.75176665032,raw
2021-07-06,-3484.5077699452495,20000.0,raw
2021-07-07,-1680.1225648042564,19415.121902186238,raw
2021-07-08,3634.1448931859804,19135.694018964776,raw
2021-07-09,2617.3547800851215,18891.81539476123,raw
2021-07-12,595.1369316094454,20000.0,raw
2021-07-13,-1927.6034856274382,19693.71156712252,raw
2021-07-14,26.540037631827516,19090.08170679414,raw
2021-07-15,2956.0227014466077,18630.73822187317,raw
2021-07-16,338.1583738349989,17846.14266050474,raw
2021-07-19,5788.573077083783,20000.0,raw
2021-07-20,-554.4697702135105,20072.57779251755,raw
2021-07-21,5521.22200680102,20043.693687628893,raw
2021-07-22,-4773.6705375513175,18985.38137174439,raw
2021-07-23,-7299.36454583094,17953.63714517867,raw
2021-07-26,213.612826368226,20000.0,raw
2021-07-27,-1380.961696494417,19176.19654550958,raw
2021-07-28,741.0893712644408,18628.29164786736,raw
2021-07-29,-3735.4413016682392,16857.451582480666,raw
2021-07-30,2848.577991946631,16276.991053484891,raw
2021-08-02,68.39899972691745,20000.0,raw
2021-08-03,2998.904114986022,19571.875276912855,raw
2021-08-04,-950.1359995744045,19174.772818629324,raw
2021-08-05,-5749.457281638783,18876.62491663136,raw
2021-08-06,4087.4710909754895,18567.285381672533,raw
2021-08-09,-465.3379572931534,20000.0,raw
2021-08-10,2071.1651046867373,19504.92606207317,raw
2021-08-11,-2886.9733980499127,19146.77217720017,raw
2021-08-12,179.74515384403657,18677.332129825892,raw
2021-08-13,1402.2268110081918,18471.284276316714,raw
2021-08-16,-1333.9529652875087,20000.0,raw
2021-08-17,-2243.2411448968237,20030.17550452921,raw
2021-08-18,2109.6593037279886,19651.908208170436,raw
2021-08-19,1048.821489422429,19499.6812438092,raw
2021-08-20,-330.67313815974137,18859.45788913892,raw
2021-08-23,-417.32642071482337,20000.0,raw
2021-08-24,-1688.8802966641797,19687.577241748215,raw
2021-08-25,-4177.1371834936745,19054.145610145133,raw
2021-08-26,4055.305596594595,18643.81794128128,raw
2021-08-27,588.824519451688,17813.40041051172,raw
2021-08-30,-2576.6060400734923,20000.0,raw
2021-08-31,-2290.7649436206866,19891.575053586002,raw
2021-09-01,449.36529988961775,19348.803212561113,raw
2021-09-02,152.2311110386039,18850.166493365705,raw
2021-09-03,-940.8255530213901,18420.192432924363,raw
2021-09-07,5117.922492470796,20000.0,raw
2021-09-08,548.7033938656513,20053.79642547816,raw
2021-09-09,-140.066068127127,19643.236239993752,raw
2021-09-10,4311.110271528069,19316.494796073395,raw
2021-09-13,-2310.5918390493453,20000.0,raw
2021-09-14,3429.0306879850064,19419.302997030547,raw
2021-09-15,591.6154186406296,18944.025196236686,raw
2021-09-16,-80.80656882443742,18651.585355990712,raw
2021-09-17,-1462.4708733433129,17922.64385424063,raw
2021-09-20,-4569.2356007153585,20000.0,raw
2021-09-21,4619.838839496407,18410.812504947626,raw
2021-09-22,2378.7116486256637,18624.22631926774,raw
2021-09-23,-5773.245052523369,18358.83528189635,raw
2021-09-24,1481.8481831414513,17535.37933835564,raw
2021-09-27,2696.4447591385497,20000.0,raw
2021-09-28,-2050.2304532470603,19335.32742608343,raw
2021-09-29,8199.592253815992,19199.142591906,raw
2021-09-30,-1467.0615145958795,18311.242754208135,raw
2021-10-01,-741.8117834304512,18432.12592715874,raw
2021-10-04,929.4735461907524,20000.0,raw
2021-10-05,990.6956070717024,20209.064105991874,raw
2021-10-06,1390.5603211415935,19972.260298994875,raw
2021-10-07,-1897.931844880125,19856.316965934137,raw
2021-10-08,-240.54308736314465,19155.200841766833,raw
2021-10-11,2897.0231827555717,20000.0,raw
2021-10-12,670.7605101652421,19555.61260887282,raw
2021-10-13,3011.188578243061,19256.27886903233,raw
2021-10-14,5673.022885316901,19294.398938295024,raw
2021-10-15,-1441.3810808773837,18753.023336534043,raw
2021-10-18,306.44775628784663,20000.0,raw
2021-10-19,3051.1294370640853,19716.237901137993,raw
2021-10-20,-1854.2797763986505,19062.841026883747,raw
2021-10-21,-672.1236408113848,18598.763340312064,raw
2021-10-22,2739.1771275988617,17790.061759915166,raw
2021-10-25,-3806.535208474165,20000.0,raw
2021-10-26,11317.64461879983,20223.69185629745,raw
2021-10-27,-2462.1372473885035,20025.496916372387,raw
2021-10-28,3163.437595554135,20582.02018299179,raw
2021-10-29,-2541.342522949547,19786.17821994676,raw
2021-11-01,-1486.6238904243778,20000.0,raw
2021-11-02,1308.002748111829,19473.494820492302,raw
2021-11-03,-3656.193621468,19022.524119172827,raw
2021-11-04,2337.2939767096027,18505.76632899272,raw
2021-11-05,-7987.096590260467,17960.15147978058,raw
2021-11-08,-4106.753676300442,20000.0,raw
2021-11-09,2118.9839983316165,19479.03074636581,raw
2021-11-10,3086.8852721508374,19414.429686471427,raw
2021-11-11,-2002.7285874285149,18841.170698135516,raw
2021-11-12,804.8934045416449,18166.408148231338,raw
2021-11-15,-5126.080727469009,20000.0,raw
2021-11-16,3273.223894564494,19649.26044591551,raw
2021-11-17,1160.2025491963873,19120.418127172365,raw
2021-11-18,29556.809451382574,18508.795999713377,raw
2021-11-19,-8912.3034996709,18130.50430738253,raw
2021-11-22,3088.571983289578,20000.0,raw
2021-11-23,-10652.482736189982,19675.55189282577,raw
2021-11-24,-4047.8331404345913,18998.779691299595,raw
2021-11-26,-1889.754576466252,19656.471207678394,raw
2021-11-29,-2558.6331254092956,20000.0,raw
2021-11-30,4106.276262688085,18954.264978467123,raw
2021-12-01,-6310.673401830422,18138.842093747728,raw
2021-12-02,1769.5716766259654,18903.418600891146,raw
2021-12-03,1105.3573346346975,18610.43073085212,raw
2021-12-06,2790.7076074579218,20000.0,raw
2021-12-07,-3096.1888814052177,19700.75629641734,raw
2021-12-08,3386.1658334445065,19292.598406119752,raw
2021-12-09,4947.157418258133,18866.827429407906,raw
2021-12-10,-1797.5645698890019,18260.16704112602,raw
2021-12-13,-2783.3147541653257,20000.0,raw
2021-12-14,539.1523504162972,19793.624443589884,raw
2021-12-15,-672.1132366830964,19008.80869753419,raw
2021-12-16,4029.196225873897,18453.250280387012,raw
2021-12-17,2628.03503570546,18217.449386249275,raw
2021-12-20,-1420.515420008851,20000.0,raw
2021-12-21,-2242.472124478002,20009.836882395502,raw
2021-12-22,83.93168894428783,19185.995654637823,raw
2021-12-23,1044.6080424866868,18934.801658669658,raw
2021-12-27,3549.55026734785,20000.0,raw
2021-12-28,-3792.1914022536903,19219.44744929313,raw
2021-12-29,-2589.0537814918894,18042.438933652338,raw
2021-12-30,-16809.75023857,17643.052877311307,raw
2021-12-31,18463.536198720332,16761.377918254922,raw
2022-01-03,-15641.479153643288,20000.0,raw
2022-01-04,-1499.764328842415,19547.560342899596,raw
2022-01-05,5400.841919008499,18895.738020807938,raw
2022-01-06,-3934.674554136653,18511.946021990036,raw
2022-01-07,8000.299010700592,17714.112299336757,raw
2022-01-10,-8373.503344150058,20000.0,raw
2022-01-11,3925.9925012630756,19765.648761403558,raw
2022-01-12,718.1417549789164,19335.29324751023,raw
2022-01-13,3785.752650012794,18555.781949273165,raw
2022-01-14,-655.7186763508273,17881.600200198194,raw
2022-01-18,-5432.765808295177,20000.0,raw
2022-01-19,5716.286963117913,19983.365384981098,raw
2022-01-20,-827.6556608035926,20394.876952436643,raw
2022-01-21,-21.089610197206895,20355.486548937413,raw
2022-01-24,3439.1547209884097,20000.0,raw
2022-01-25,5027.992233637332,20000.166866233365,raw
2022-01-26,106.97650451105235,20306.84489744493,raw
2022-01-27,-6421.9450557557875,19443.59194192239,raw
2022-01-28,335.48978947425746,19908.046209855976,raw
2022-01-31,7831.600015447707,20000.0,raw
2022-02-01,-2368.965685968329,19535.60568697207,raw
2022-02-02,-2359.047564959881,19148.310540697512,raw
2022-02-03,11525.043943371986,18918.0978430227,raw
2022-02-04,3977.2720818152484,18249.71280407074,raw
2022-02-07,-9413.649188111029,20000.0,raw
2022-02-08,-1090.0612419953998,19436.653855185832,raw
2022-02-09,-3228.1906701733346,19166.973225171998,raw
2022-02-10,8019.204087986607,18859.468714486848,raw
2022-02-11,6588.693875925433,18484.26154981549,raw
2022-02-14,-4208.321445933681,20000.0,raw
2022-02-15,-1837.4592156073509,19364.500203306052,raw
2022-02-16,-3253.4844981965607,18482.20375672762,raw
2022-02-17,5301.82317515997,18240.46239790274,raw
2022-02-18,-128.3403576145634,17971.514972098896,raw
2022-02-22,2079.9216475327075,20000.0,raw
2022-02-23,13631.920118393486,20300.370148677026,raw
2022-02-24,-2157.969982670549,21395.36099822393,raw
2022-02-25,-3160.142974098589,21612.599938719326,raw
2022-02-28,-3488.6964460523063,20000.0,raw
2022-03-01,-4045.341920389372,14804.460030837607,raw
2022-03-02,358.6079042339702,14867.587806788237,raw
2022-03-03,485.19743909552176,14630.464348394298,raw
2022-03-04,-5334.970726640986,14305.786239990146,raw
2022-03-07,-5862.627992850339,19885.032139577594,raw
2022-03-08,283.93571435617093,19819.43907234064,raw
2022-03-09,1622.3468927196964,20211.673281917017,raw
2022-03-10,-1560.7408258437551,19891.201115550655,raw
2022-03-11,2468.5042295088642,19527.710137514492,raw
2022-03-14,1887.4171908535702,20000.0,raw
2022-03-15,3271.0334150221424,20107.635138995825,raw
2022-03-16,3235.2213335589263,20175.765298276423,raw
2022-03-17,-4127.908897960224,19844.945539389188,raw
2022-03-18,106.04053534716621,19506.411399188244,raw
2022-03-21,-753.3884243996393,20000.0,raw
2022-03-22,7049.338000060274,19649.139916833366,raw
2022-03-23,-3810.7307893869033,19561.795021671343,raw
2022-03-24,5961.879515230975,19175.21041452334,raw
2022-03-25,63.95456664529125,18812.299187457113,raw
2022-03-28,575.7156516477098,20000.0,raw
2022-03-29,-774.1784550247097,19748.892476014717,raw
2022-03-30,2122.510554735148,19574.49471003598,raw
2022-03-31,169.37487983165008,19829.59205450384,raw
2022-04-01,3308.6950076820385,19168.157562048073,raw
2022-04-04,5384.6935896197565,20000.0,raw
2022-04-05,1691.7050529306698,19940.009373601963,raw
2022-04-06,-412.51971004314726,20260.333995105484,raw
2022-04-07,535.5665160616791,20203.455063376972,raw
2022-04-08,-2844.3292683140444,19862.443119446594,raw
2022-04-11,5545.109522446664,20000.0,raw
2022-04-12,1355.7416410195997,19495.474913050857,raw
2022-04-13,-1127.6427117916153,19528.843282263148,raw
2022-04-14,-439.5153253656058,19072.83224711873,raw
2022-04-18,2875.487293225809,20000.0,raw
2022-04-19,250.75821349900053,20117.378710091405,raw
2022-04-20,716.1960842149301,19931.869002333027,raw
2022-04-21,-7070.715923972371,19841.320620420352,raw
2022-04-22,-8429.804379361534,20174.693692819834,raw
2022-04-25,-1387.4714135349209,20000.0,raw
2022-04-26,-768.3583149987713,19687.883118464124,raw
2022-04-27,2134.5412610676835,19447.29718168062,raw
2022-04-28,3154.958438571608,19209.745926943673,raw
2022-04-29,8419.125302349208,19050.809454325718,raw
2022-05-02,4464.192722193614,20000.0,raw
2022-05-03,1674.2270596470387,19873.490085352845,raw
2022-05-04,8374.862130397763,19516.087528375476,raw
2022-05-05,2678.8799784009643,19365.764990642958,raw
2022-05-06,-7272.277713461299,18768.891472390776,raw
2022-05-09,-4335.071810095094,20000.0,raw
2022-05-10,3366.9300796054504,20109.12183284472,raw
2022-05-11,-2016.9558026213558,19584.31551157354,raw
2022-05-12,3350.3616331851767,19536.170079364598,raw
2022-05-13,-6791.376323897015,19654.121057360353,raw
2022-05-16,3365.7743067936576,20000.0,raw
2022-05-17,-5290.44812504794,19906.740979584112,raw
2022-05-18,-10834.734042932752,19141.06338711459,raw
2022-05-19,6559.195657276405,18639.89351444623,raw
2022-05-20,-3689.7698493564208,18547.390270376458,raw
2022-05-23,-2486.989180043146,20000.0,raw
2022-05-24,-4240.25909639126,19574.11852968658,raw
2022-05-25,-6677.8607366878705,19282.849613606595,raw
2022-05-26,-7465.755303579091,19260.795391841977,raw
2022-05-27,7472.281811570577,18652.94332099826,raw
2022-05-31,2868.5781881038015,20000.0,raw
2022-06-01,-880.0998175708422,19424.395719105985,raw
2022-06-02,1996.1079821340627,19184.147725909523,raw
2022-06-03,3087.7763341055165,18801.042011282523,raw
2022-06-06,-3648.341904477245,20000.0,raw
2022-06-07,1803.2102129718905,19914.457849764858,raw
2022-06-08,711.4074620234105,19526.059475701713,raw
2022-06-09,-432.74026708640474,18597.940757809458,raw
2022-06-10,-5561.752908344877,17342.68077845761,raw
2022-06-13,-10259.702641585116,20000.0,raw
2022-06-14,4150.848612636734,20292.227851855332,raw
2022-06-15,871.8088700239987,20363.357018683368,raw
2022-06-16,-3403.439317585331,21808.4293482825,raw
2022-06-17,-6422.116241082194,21939.103955029128,raw
2022-06-21,-3789.626342134711,20000.0,raw
2022-06-22,-6988.257556414425,20146.28526786529,raw
2022-06-23,-1142.2528532613846,21067.379075154764,raw
2022-06-24,11612.067288136612,21925.886756882384,raw
2022-06-27,2608.996462599148,20000.0,raw
2022-06-28,2289.9404711361885,19761.00703365507,raw
2022-06-29,2270.6522575057643,19462.11496491519,raw
2022-06-30,1748.9042445881078,19013.947212627852,raw
2022-07-01,684.3294729474554,18701.76120171259,raw
2022-07-05,-6172.052278812797,20000.0,raw
2022-07-06,7347.1524330393395,19614.07734865688,raw
2022-07-07,-3182.740651437237,19496.356576943814,raw
2022-07-08,-1521.0319892046814,19209.426487254925,raw
2022-07-11,1193.8892266222015,20000.0,raw
2022-07-12,1290.7411391061912,19767.741747792435,raw
2022-07-13,3051.7237426733595,19395.84503100242,raw
2022-07-14,-4442.440419523069,18876.832602621558,raw
2022-07-15,767.9964973866836,18828.36836077209,raw
2022-07-18,-1403.912919605189,20000.0,raw
2022-07-19,-14623.897929490724,19870.250524196137,raw
2022-07-20,1639.28185000325,19286.89864562287,raw
2022-07-21,5432.953991326391,18726.056672165134,raw
2022-07-22,-1745.554342591765,18566.643047523266,raw
2022-07-25,-1522.34900931282,20000.0,raw
2022-07-26,332.10272177554697,19768.447439935913,raw
2022-07-27,3099.2087047214263,18369.462504164585,raw
2022-07-28,-680.1417769719293,17430.534562981902,raw
2022-07-29,-8366.971389613445,17533.692170233368,raw
2022-08-01,5339.473638176409,20000.0,raw
2022-08-02,-146.11532175872736,19547.008843049967,raw
2022-08-03,1274.2339127649498,19128.837974543527,raw
2022-08-04,1382.7472987975354,18702.1517069802,raw
2022-08-05,4119.127214728031,18332.714952444796,raw
2022-08-08,-4310.900228560491,20000.0,raw
2022-08-09,6818.57196580648,19557.758627819625,raw
2022-08-10,72.05376859669364,18904.407552952984,raw
2022-08-11,603.2210120879939,18452.957491483914,raw
2022-08-12,4107.895891478497,17139.515859799547,raw
2022-08-15,-1867.3184425998822,20000.0,raw
2022-08-16,1381.4182377467744,19125.085313517124,raw
2022-08-17,1458.2637921804874,19438.32301910998,raw
2022-08-18,-4995.326741043839,18746.812571041362,raw
2022-08-19,3323.752368943823,19227.543934111793,raw
2022-08-22,4504.918826738282,20000.0,raw
2022-08-23,-3258.0254928369304,19485.971605459203,raw
2022-08-24,156.3069305159281,19063.105511597747,raw
2022-08-25,-3205.546789372154,18354.308858906297,raw
2022-08-26,9658.66851763732,18218.705512118944,raw
2022-08-29,3199.15099128764,20000.0,raw
2022-08-30,524.8449242304524,19625.201501421485,raw
2022-08-31,2.2116643643323677,19184.54548323432,raw
2022-09-01,373.84630417343413,18828.88121409147,raw
2022-09-02,-239.31927229595334,18423.60387540879,raw
2022-09-06,1850.3311135549013,20000.0,raw
2022-09-07,2264.7514261768683,20254.184750571145,raw
2022-09-08,1846.7261683813244,19892.178504749518,raw
2022-09-09,909.5604545971229,19603.70239147313,raw
2022-09-12,-465.22135349682134,20000.0,raw
2022-09-13,2271.1095211891625,19842.8188667477,raw
2022-09-14,-1480.7185194463475,19390.70207715104,raw
2022-09-15,-7102.552086461509,18621.875119821867,raw
2022-09-16,2184.2830250174825,18069.987990983238,raw
2022-09-19,-1025.0313086818512,20000.0,raw
2022-09-20,-2297.859068463717,19128.312884493185,raw
2022-09-21,1319.0044447407981,17796.525850292488,raw
2022-09-22,801.0250577125794,17495.37534183244,raw
2022-09-23,-2976.803718379624,18203.718233081472,raw
2022-09-26,1359.8386323265026,20000.0,raw
2022-09-27,9300.579594470026,21139.300176027922,raw
2022-09-28,-15842.219776347285,22234.359028164214,raw
2022-09-29,4556.610116710002,22021.508528616647,raw
2022-09-30,4994.738005093401,21490.57622804908,raw
2022-10-03,-150.60516544503835,20000.0,raw
2022-10-04,570.4626474567226,19595.750886170877,raw
2022-10-05,-231.42882613725268,19443.706439969632,raw
2022-10-06,-1314.062240222095,19199.287813082123,raw
2022-10-07,496.8123279260784,18766.833925763458,raw
2022-10-10,890.8232625797156,20000.0,raw
2022-10-11,-179.51206461613577,19700.840339977174,raw
2022-10-12,3802.7177976525713,19208.18461745163,raw
2022-10-13,293.54685402307086,19412.878363195246,raw
2022-10-14,-2445.057338453449,18718.416455080485,raw
2022-10-17,6279.839989189031,20000.0,raw
2022-10-18,6340.242187229409,19806.42737499626,raw
2022-10-19,-5795.6698356330635,19299.911569515352,raw
2022-10-20,983.5756678913037,18687.819079281224,raw
2022-10-21,-3084.9533595456687,18333.164654116314,raw
2022-10-24,8549.214608035356,20000.0,raw
2022-10-25,-10529.74015021346,19355.445653254425,raw
2022-10-26,10276.54334268153,18492.310840088783,raw
2022-10-27,-6814.501396767172,18051.73081597354,raw
2022-10-28,38.35143941200377,17695.539420386154,raw
2022-10-31,-9455.140592758627,20000.0,raw
2022-11-01,4441.815274474035,19586.392772001418,raw
2022-11-02,-6021.193066152472,19294.27315127292,raw
2022-11-03,1982.1660106604927,18682.462797723692,raw
2022-11-04,2970.6249955570233,18718.42225799675,raw
2022-11-07,1118.3080060165273,20000.0,raw
2022-11-08,-4123.971342269914,20157.832167500757,raw
2022-11-09,-900.2098522955695,20258.734857169962,raw
2022-11-10,7372.884226601566,20328.915218236358,raw
2022-11-11,-3361.255026239369,20834.506108756665,raw
2022-11-14,2005.6629993438778,20000.0,raw
2022-11-15,-1872.1934162946714,19598.193611083436,raw
2022-11-16,-4096.508365212425,19578.517998386284,raw
2022-11-17,-4448.065386614222,19145.797985156012,raw
2022-11-18,7639.128724128532,18711.34546640482,raw
2022-11-21,-4101.770420508418,20000.0,raw
2022-11-22,3069.4947282377343,18949.694301920936,raw
2022-11-23,-270.7916872523152,18366.462379767592,raw
2022-11-25,-3054.412032876411,17408.21012403741,raw
2022-11-28,12736.76557204337,20000.0,raw
2022-11-29,622.1723175477885,19762.29338366611,raw
2022-11-30,9109.93516407877,19076.94116675464,raw
2022-12-01,286.1559295117516,18689.099311578942,raw
2022-12-02,3136.1501015051717,18292.09349783151,raw
2022-12-05,-2562.4869376233023,20000.0,raw
2022-12-06,-2742.1886705317715,19758.084506629493,raw
2022-12-07,-1127.8120335306526,19471.420949466454,raw
2022-12-08,2929.0659278671933,19062.09771760396,raw
2022-12-09,-1704.3474103202739,18877.313487499363,raw
2022-12-12,4482.413193292293,20000.0,raw
2022-12-13,2288.127786210894,19283.54286461783,raw
2022-12-14,-717.7891290618928,18856.315111237567,raw
2022-12-15,1617.9068143044494,18686.417342515688,raw
2022-12-16,667.3739630057803,18098.385516662252,raw
2022-12-19,-505.8684704719306,20000.0,raw
2022-12-20,2703.980054593201,19595.620608417492,raw
2022-12-21,-1500.1127896946873,19537.572892147786,raw
2022-12-22,150.93592445034636,18948.324737170227,raw
2022-12-23,-2468.6298556425254,18482.590673212137,raw
2022-12-27,2227.538940825981,20000.0,raw
2022-12-28,-2885.8183221584777,19533.92955062448,raw
2022-12-29,2265.062151025883,19591.58134117142,raw
2022-12-30,2338.518468556783,19032.82397461465,raw
2023-01-03,-177.94848057474968,20000.0,raw
2023-01-04,-2064.3236233296757,19650.62324830208,raw
2023-01-05,919.9608017748099,19189.515621237337,raw
2023-01-06,4738.727772279899,18664.683437370026,raw
2023-01-09,1182.3128210338848,20000.0,raw
2023-01-10,2422.423315256888,19637.721245773875,raw
2023-01-11,111.705477244723,18992.56618872132,raw
2023-01-12,1087.6659583315645,18566.853086130748,raw
2023-01-13,-626.7113122568356,17962.306100659935,raw
2023-01-17,3876.821669486705,20000.0,raw
2023-01-18,-4214.949124495665,20420.499291517717,raw
2023-01-19,-54.8734103384062,20486.597960942698,raw
2023-01-20,994.6565007521698,19532.432287530835,raw
2023-01-23,774.5850071810339,20000.0,raw
2023-01-24,284.0836285527862,19901.18201677103,raw
2023-01-25,3569.4183844441077,19921.518585429338,raw
2023-01-26,-3947.7964848825072,18829.616068390165,raw
2023-01-27,-4215.117819348555,18850.317399074673,raw
2023-01-30,2228.934809598233,20000.0,raw
2023-01-31,-1598.2501926229304,19282.01014281271,raw
2023-02-01,2134.772564938241,18597.371817768173,raw
2023-02-02,4735.9614274081705,18030.999914179873,raw
2023-02-03,-4088.447008070614,18242.884625376188,raw
2023-02-06,-960.2054949722565,20000.0,raw
2023-02-07,-1047.8903121418261,19527.226126115605,raw
2023-02-08,97.50462244131214,19402.831751877802,raw
2023-02-09,5460.742670326325,19341.78135539298,raw
2023-02-10,-1378.1924274210064,19150.3243727041,raw
2023-02-13,-3080.130256811253,20000.0,raw
2023-02-14,5839.318721470809,19597.227053414455,raw
2023-02-15,-4903.688394490151,19069.3869479694,raw
2023-02-16,896.978595998952,18969.41768736626,raw
2023-02-17,-3783.708932420472,18429.858886893748,raw
2023-02-21,9616.769980628034,20000.0,raw
2023-02-22,2422.1080887513262,19507.11472355121,raw
2023-02-23,-1237.4780244361223,18491.998596700647,raw
2023-02-24,915.779585124416,18266.2881574623,raw
2023-02-27,3948.519175146103,20000.0,raw
2023-02-28,1482.030132815312,19684.302871825235,raw
2023-03-01,112.33836548600796,19311.148616679187,raw
2023-03-02,-1344.1719921530237,18964.58097830773,raw
2023-03-03,1158.1839998742353,18477.357024143195,raw
2023-03-06,-762.104250500822,20000.0,raw
2023-03-07,490.0147682463538,19716.206038637243,raw
2023-03-08,1943.2471994490088,19317.116613335245,raw
2023-03-09,-7403.331685702868,18692.80610290347,raw
2023-03-10,4879.190493115534,17946.12651610581,raw
2023-03-13,-9668.699004374308,20000.0,raw
2023-03-14,3047.7886627325706,19930.07119336161,raw
2023-03-15,-817.7087599600765,19440.07163189373,raw
2023-03-16,789.0259878381333,19380.457101329077,raw
2023-03-17,-828.3603627794593,18481.470462232024,raw
2023-03-20,3643.988134375183,20000.0,raw
2023-03-21,3187.6644124027016,20319.71297173966,raw
2023-03-22,-2471.153717948632,18693.59710101717,raw
2023-03-23,-6237.172834859107,18552.722986802117,raw
2023-03-24,20.768975819578205,18560.106178639413,raw
2023-03-27,5641.3778414160115,20000.0,raw
2023-03-28,-14475.557840204692,19515.82694739348,raw
2023-03-29,2286.1512291973654,19737.882586909884,raw
2023-03-30,2151.019198195225,19195.47917582309,raw
2023-03-31,-7158.653199606961,18623.723694992423,raw
2023-04-03,4476.355365596459,20000.0,raw
2023-04-04,5311.876603675743,19617.251158820276,raw
2023-04-05,-1077.8482433607019,19235.35333003055,raw
2023-04-06,35.07185846235994,18929.887712378404,raw
2023-04-10,1145.8192067857951,20000.0,raw
2023-04-11,-2344.2740326195003,19804.68360429431,raw
2023-04-12,-2144.8853497403393,19547.296174666797,raw
2023-04-13,-1678.5538895023828,19216.277339443495,raw
2023-04-14,1153.638918487341,19012.661482539635,raw
2023-04-17,1693.5154040647908,20000.0,raw
2023-04-18,-2643.038008011067,20405.685023679558,raw
2023-04-19,2503.7482615616627,20001.404233150075,raw
2023-04-20,4352.697048869751,19669.195270628064,raw
2023-04-21,2529.272789036046,19185.905607692126,raw
2023-04-24,-3523.5116324816145,20000.0,raw
2023-04-25,8040.035381111631,19823.939807489758,raw
2023-04-26,-10739.25480131477,19428.661588764586,raw
2023-04-27,-4269.2978217059635,18877.070583955414,raw
2023-04-28,-4014.609835237483,18586.950956717505,raw
2023-05-01,4812.7061129716185,20000.0,raw
2023-05-02,-3536.0802507792487,19332.64722041531,raw
2023-05-03,-4046.01828000158,19007.045520880372,raw
2023-05-04,-6107.644846242501,18493.859698544144,raw
2023-05-05,-701.883165021671,18280.49571079934,raw
2023-05-08,-717.6293058867486,20000.0,raw
2023-05-09,1604.938682401227,19461.625768392118,raw
2023-05-10,1438.6511323744978,18617.32872865393,raw
2023-05-11,-1221.8596975797518,18141.75850279943,raw
2023-05-12,-1410.0199938116602,17790.81855245183,raw
2023-05-15,316.7447791386876,20000.0,raw
2023-05-16,4898.2426812516815,19132.299315236414,raw
2023-05-17,-1254.9340595692454,19209.000751662952,raw
2023-05-18,-2483.6204651662247,18912.580705581542,raw
2023-05-19,1798.542482403017,18577.88522014539,raw
2023-05-22,-984.9824860189858,20000.0,raw
2023-05-23,761.1850736165334,20680.680320419087,raw
2023-05-24,5099.113883286185,20946.576261951926,raw
2023-05-25,1206.2994040931903,20920.369160341943,raw
2023-05-26,12351.233326182424,20989.418807367892,raw
2023-05-30,4338.227053822119,20000.0,raw
2023-05-31,-2288.0951420523843,19475.04207457883,raw
2023-06-01,-2044.3533436286837,19173.83132308115,raw
2023-06-02,906.531992244688,18435.73910383643,raw
2023-06-05,3320.7147522735013,20000.0,raw
2023-06-06,-2671.4502791298223,19424.838139116502,raw
2023-06-07,-674.721159274497,18581.41701179936,raw
2023-06-08,3291.867996914713,18400.910044384076,raw
2023-06-09,-290.07054673610094,18120.83301260397,raw
2023-06-12,-1060.0632686950466,20000.0,raw
2023-06-13,3875.674707610293,18580.971909646054,raw
2023-06-14,-7823.9980079234265,18785.684515299363,raw
2023-06-15,4734.070533066823,17857.132114572563,raw
2023-06-16,4299.463579062527,17290.57266578147,raw
2023-06-20,-3933.8245451034254,20000.0,raw
2023-06-21,9180.60418590314,19739.187140976333,raw
2023-06-22,-4616.507858577583,19558.074348969178,raw
2023-06-23,971.9359568030715,19699.4909522629,raw
2023-06-26,2672.2654034195048,20000.0,raw
2023-06-27,-2358.4951806800373,18912.739609624474,raw
2023-06-28,-976.2548438240997,18508.316135766727,raw
2023-06-29,8536.841802678051,17366.10015175112,raw
2023-06-30,-3029.5502300882035,15623.080077631379,raw
2023-07-03,3327.865572831315,20000.0,raw
2023-07-05,3080.1762091980386,19549.411389962945,raw
2023-07-06,2402.44044011443,19206.44696878005,raw
2023-07-07,1198.085916765363,19058.67528057867,raw
2023-07-10,270.77660118397904,20000.0,raw
2023-07-11,-320.9418256211519,19796.55644249027,raw
2023-07-12,389.9967684026537,19385.324882429617,raw
2023-07-13,-1816.543399833639,18931.367094920177,raw
2023-07-14,2444.257308119857,18759.992344885082,raw
2023-07-17,-2064.1468953371345,20000.0,raw
2023-07-18,360.01207217270616,19406.594355681053,raw
2023-07-19,-1833.489846426058,19164.159835257127,raw
2023-07-20,-911.3177295184753,18660.848592323007,raw
2023-07-21,2786.5214906466617,17951.09390926945,raw
2023-07-24,-5043.307851957099,20000.0,raw
2023-07-25,6559.954673650586,20865.822638636855,raw
2023-07-26,-2370.5032612975983,20152.54926599654,raw
2023-07-27,-1923.6040217879479,19844.400172506885,raw
2023-07-28,-881.8485887454251,19041.58615369784,raw
2023-07-31,4005.384757657309,20000.0,raw
2023-08-01,-602.7681267199926,19610.165993405084,raw
2023-08-02,-1643.324252029322,19347.520338207436,raw
2023-08-03,1685.9332794921133,18961.174433353954,raw
2023-08-04,-1979.5604467138273,18562.7896402378,raw
2023-08-07,-8378.084307986715,20000.0,raw
2023-08-08,1201.6610598608725,19509.073614164347,raw
2023-08-09,49.942201011915245,19502.288481040006,raw
2023-08-10,-155.44513247072965,18782.98680525605,raw
2023-08-11,593.9099518277237,18275.082341114685,raw
2023-08-14,-3918.6806400710025,20000.0,raw
2023-08-15,7853.807592524493,21413.580292612973,raw
2023-08-16,-5770.979545182922,21267.609270274905,raw
2023-08-17,-2997.0056797604043,20987.59200959954,raw
2023-08-18,10072.767416471812,20455.87005741446,raw
2023-08-21,-8471.21528529285,20000.0,raw
2023-08-22,-1959.18252942249,20198.17104385254,raw
2023-08-23,13925.777621922782,20351.22918068245,raw
2023-08-24,-4954.2696401828025,19632.70364666875,raw
2023-08-25,13194.060807956683,18767.427431921664,raw
2023-08-28,-2319.724875391567,20000.0,raw
2023-08-29,-458.5302633991594,19471.72351660088,raw
2023-08-30,2177.3327287569537,19058.337428433853,raw
2023-08-31,-653.914727850685,18724.451510404808,raw
2023-09-01,751.1449254153381,18106.06615302821,raw
2023-09-05,2751.622796057392,20000.0,raw
2023-09-06,921.7343338073388,19682.300585550558,raw
2023-09-07,-1564.9598514013483,19459.940725357068,raw
2023-09-08,1557.1612705045059,19122.201925087087,raw
2023-09-11,1572.480397381307,20000.0,raw
2023-09-12,484.0975620416716,19319.21251080028,raw
2023-09-13,-109.20385678229388,18811.131462710142,raw
2023-09-14,-3863.7996314304787,18297.75395472533,raw
2023-09-15,910.621448550465,18201.476556383033,raw
2023-09-18,237.5250095336129,20000.0,raw
2023-09-19,-855.2266077276443,19886.419166079137,raw
2023-09-20,-2908.281317028208,19225.692119838848,raw
2023-09-21,5678.015775000394,19624.636259840157,raw
2023-09-22,-2220.7307417406596,18888.549073369428,raw
2023-09-25,-2661.0551821573754,20000.0,raw
2023-09-26,4824.63745321914,19366.92251167535,raw
2023-09-27,-1636.0190513283787,19383.242313005427,raw
2023-09-28,-12651.131716934142,19454.38825138609,raw
2023-09-29,6231.414839786682,18684.003587882948,raw
2023-10-02,6841.796465649332,20000.0,raw
2023-10-03,575.1182071912099,19615.132670427385,raw
2023-10-04,260.65397072761937,19405.752748642386,raw
2023-10-05,-2407.8286626761465,19119.047405230387,raw
2023-10-06,1187.1797086790102,18792.655547499344,raw
2023-10-09,-580.1811011609228,20000.0,raw
2023-10-10,-968.2445968691706,19715.015106184954,raw
2023-10-11,-2108.0005872326287,19024.329999020316,raw
2023-10-12,1499.1058581693396,18620.34198945072,raw
2023-10-13,-1710.9228569646914,18380.9359115261,raw
2023-10-16,557.086049526173,20000.0,raw
2023-10-17,-968.4143612854659,19655.834894301617,raw
2023-10-18,291.58307093385656,19650.746085439907,raw
2023-10-19,1511.3581047452221,19336.065894953637,raw
2023-10-20,186.73130913766892,19226.289220295996,raw
2023-10-23,-8295.498385217445,20000.0,raw
2023-10-24,2138.1222285708864,19829.301650266632,raw
2023-10-25,5080.295846988639,19243.721119861813,raw
2023-10-26,-5243.2375042395015,18821.79678005432,raw
2023-10-27,1145.5267555694177,18317.844383825097,raw
2023-10-30,51.04173150320209,20000.0,raw
2023-10-31,4962.814155068492,19565.80406389433,raw
2023-11-01,-1548.5229260411604,18695.58926548741,raw
2023-11-02,-1009.4064922110445,18088.949272447815,raw
2023-11-03,-5433.617680562998,17235.832168252527,raw
2023-11-06,2159.728505204865,20000.0,raw
2023-11-07,1957.8473910009889,19994.631020448745,raw
2023-11-08,-926.1798441124885,19128.547634904204,raw
2023-11-09,6823.360298016708,19857.208118890925,raw
2023-11-10,-2761.396059098527,18247.820946168595,raw
2023-11-13,4201.277313795494,20000.0,raw
2023-11-14,-9152.53333401962,20236.08603511829,raw
2023-11-15,-3950.766626017366,21174.070670624475,raw
2023-11-16,-5596.031100440861,21088.929615347217,raw
2023-11-17,-6003.51413109654,20692.921013174506,raw
2023-11-20,10220.57721505485,20000.0,raw
2023-11-21,15264.570650084874,20747.558033421337,raw
2023-11-22,3024.241577628767,18961.80159828344,raw
2023-11-24,-2109.511275126645,18500.271254957377,raw
2023-11-27,-503.3236088370104,20000.0,raw
2023-11-28,-1568.545935860318,19722.897811128085,raw
2023-11-29,1563.5385790979378,19184.135199797478,raw
2023-11-30,29.732996059397056,18613.888660081222,raw
2023-12-01,-2436.6659452605422,17715.573567561274,raw
2023-12-04,581.8611728250942,20000.0,raw
2023-12-05,5072.341761646017,20313.46657376902,raw
2023-12-06,-10059.062995616028,19745.005894115635,raw
2023-12-07,5299.93681410748,19385.73035696721,raw
2023-12-08,-2766.674327933055,18878.95216066309,raw
2023-12-11,924.9766774787395,20000.0,raw
2023-12-12,-1152.9363349130538,19307.12886403354,raw
2023-12-13,1337.2629090365479,17644.407120215532,raw
2023-12-14,3866.376364812024,19135.49585950458,raw
2023-12-15,1891.5668078120375,19343.737785772966,raw
2023-12-18,-4053.8878872509854,20000.0,raw
2023-12-19,3504.051918991404,20967.40926737911,raw
2023-12-20,6321.993203140376,23432.775421380953,raw
2023-12-21,-8703.260524728928,22051.901495902745,raw
2023-12-22,-4926.2942275237765,21597.46192375495,raw
2023-12-26,3125.973031917928,20000.0,raw
2023-12-27,-3376.926159957551,19177.629581202735,raw
2023-12-28,5475.043305673116,18203.58598641001,raw
2023-12-29,-814.2255771919728,18249.81235819513,raw
2024-01-02,6619.359963841216,20000.0,raw
2024-01-03,1624.0882468148152,19528.5124164705,raw
2024-01-04,-31.08424895823928,19289.717250471294,raw
2024-01-05,-89.3657771670402,19268.60206800338,raw
2024-01-08,-3474.1836773157165,20000.0,raw
2024-01-09,-4320.399286093219,19662.742091904467,raw
2024-01-10,2986.2285381057504,19216.496024902728,raw
2024-01-11,1382.9733842429755,18749.921742884457,raw
2024-01-12,106.64218306707308,18398.92076395787,raw
2024-01-16,67.42373070483171,20000.0,raw
2024-01-17,2909.743721000756,19391.13703725544,raw
2024-01-18,-2439.999388831587,18885.381314570408,raw
2024-01-19,-50.659475157576786,18586.57220109777,raw
2024-01-22,-14.004640742539802,20000.0,raw
2024-01-23,-2469.9518952075337,19804.203217819748,raw
2024-01-24,2258.9311295730954,19200.65329429163,raw
2024-01-25,-2973.312622364167,19562.504207371036,raw
2024-01-26,7851.547331495168,18852.33868595471,raw
2024-01-29,-6505.414423186463,20000.0,raw
2024-01-30,-1203.7270023493252,19500.08865003262,raw
2024-01-31,-2096.5598881021738,19227.418788766212,raw
2024-02-01,-2151.752218017492,18407.65855259944,raw
2024-02-02,-2751.2764031391766,17970.589280968987,raw
2024-02-05,-553.7770908185183,20000.0,raw
2024-02-06,764.5882497352831,20155.809813500295,raw
2024-02-07,637.3550180026948,19284.810035702983,raw
2024-02-08,-7226.362240579018,18947.689730833077,raw
2024-02-09,4406.637039821159,18540.800483888557,raw
2024-02-12,-11322.929821098223,20000.0,raw
2024-02-13,4477.218416724117,19871.93719203086,raw
2024-02-14,-1431.399427030039,18747.993456488734,raw
2024-02-15,43.52433065894792,18685.227962781224,raw
2024-02-16,-5053.957854939067,18741.263051747723,raw
2024-02-20,13536.000883412567,20000.0,raw
2024-02-21,1276.3183659779752,19395.4784789715,raw
2024-02-22,3797.494026938284,19413.41707422728,raw
2024-02-23,3425.643847056613,18258.055458420575,raw
2024-02-26,-80645.44665655207,20000.0,raw
2024-02-27,-2206.0392098416924,19620.475615703017,raw
2024-02-28,3549.663404189357,19410.73650878582,raw
2024-02-29,528.0054949624362,18870.473247227063,raw
2024-03-01,48.20324188411058,18442.284114457532,raw
2024-03-04,-6666.880990509463,20000.0,raw
2024-03-05,-295.658739072054,20087.18263834652,raw
2024-03-06,-1633.8482317687049,19368.41191725423,raw
2024-03-07,485.0793103863591,18685.65225474011,raw
2024-03-08,3625.633187163286,18671.65852757593,raw
2024-03-11,-22.19859887534841,20000.0,raw
2024-03-12,2512.7947672306195,19467.786323307402,raw
2024-03-13,-4180.51661234926,18631.02263716029,raw
2024-03-14,6419.003799498278,19573.30931100388,raw
2024-03-15,-3756.805623683305,18777.93644022303,raw
2024-03-18,6295.5229994053725,20000.0,raw
2024-03-19,-6824.088793571177,19707.378672820694,raw
2024-03-20,-1042.4786704295616,18994.845725996965,raw
2024-03-21,15734.9891517122,18219.37993802642,raw
2024-03-22,-8289.782631407004,18246.006240072507,raw
2024-03-25,71.96058562741219,20000.0,raw
2024-03-26,25266.10226451728,21254.363488720253,raw
2024-03-27,-5439.339207565143,17635.576678688984,raw
2024-03-28,1451.197076860976,19270.17486394964,raw
2024-04-01,6265.306217284073,20000.0,raw
2024-04-02,1143.5628918944446,19499.084212659927,raw
2024-04-03,1506.927886966256,19080.354511785426,raw
2024-04-04,-2440.261041607199,18606.343461469914,raw
2024-04-05,2881.725964866628,18342.730847530198,raw
2024-04-08,-2286.6389218126487,20000.0,raw
2024-04-09,-5575.104779088009,19603.901434058174,raw
2024-04-10,10720.027300906042,18859.550110909204,raw
2024-04-11,-576.6735705312639,18234.252753407836,raw
2024-04-12,952.3883512767887,17596.036687404445,raw
2024-04-15,4088.6633446542705,20000.0,raw
2024-04-16,5093.405090914457,19118.99780783641,raw
2024-04-17,-5314.232383211228,18831.16225880176,raw
2024-04-18,-3668.4518026729265,18375.37009449092,raw
2024-04-19,730.9725048592545,18349.099263809923,raw
2024-04-22,9149.242393854807,20000.0,raw
2024-04-23,-6257.366058806447,20056.80205574869,raw
2024-04-24,1151.8094687584144,19463.17715167305,raw
2024-04-25,5161.343610456533,18647.024254589058,raw
2024-04-26,4506.46292806186,18038.862280866644,raw
2024-04-29,-7359.3156338566005,20000.0,raw
2024-04-30,1010.7276024208774,19466.825482811295,raw
2024-05-01,-6249.926951291781,18811.371091099714,raw
2024-05-02,-1150.1191877405358,18353.629988399163,raw
2024-05-03,1682.2362855954377,17722.58633040758,raw
2024-05-06,-774.4351849188779,20000.0,raw
2024-05-07,1228.6332706893775,19406.847013277496,raw
2024-05-08,2792.313170239607,19016.718687051503,raw
2024-05-09,2886.709871581174,18060.357838680942,raw
2024-05-10,-2026.5974493036672,17455.866485287588,raw
2024-05-13,1114.7897274240245,20000.0,raw
2024-05-14,-7179.35130798932,19443.36815937402,raw
2024-05-15,12085.003272873348,18799.810559032714,raw
2024-05-16,8039.734382348595,19003.589451482178,raw
2024-05-17,1671.2485558582666,18769.932928239472,raw
2024-05-20,-579.2444806524488,19999.999999999996,raw
2024-05-21,14695.956927030846,20929.525008420147,raw
2024-05-22,-14429.00559669328,20736.107490469083,raw
2024-05-23,3585.4090901471404,22213.941466248954,raw
2024-05-24,-10177.64988522062,21304.600551987474,raw
2024-05-28,9788.545756314117,20000.0,raw
2024-05-29,-10507.077650789659,20441.918727318563,raw
2024-05-30,-4711.6257008650155,20081.696876438575,raw
2024-05-31,6790.230091784727,19974.677877747003,raw
2024-06-03,-9912.161166899834,20000.0,raw
2024-06-04,2306.5105585010324,19493.05795843161,raw
2024-06-05,14.340597673993152,19188.774456267467,raw
2024-06-06,2232.4214618999927,18915.056870220396,raw
2024-06-07,-1265.4679850275868,18645.03909889343,raw
2024-06-10,4485.161286042419,19999.999999999996,raw
2024-06-11,589.49139701617,19822.176473557174,raw
2024-06-12,2115.8092636205683,19322.184359552804,raw
2024-06-13,-3963.4985074143233,18888.004066838155,raw
2024-06-14,6278.615413410739,18725.188488790882,raw
2024-06-17,-1998.5676869022866,20000.0,raw
2024-06-18,5007.019448852811,19327.38604312243,raw
2024-06-20,-2636.7985687865253,19041.601002588508,raw
2024-06-21,2919.32314149092,18238.614256654142,raw
2024-06-24,4288.268164600433,20000.0,raw
2024-06-25,1194.643701190595,19569.241614173512,raw
2024-06-26,-11103.205250793779,19457.713754893804,raw
2024-06-27,-2416.4811553800173,18984.066793568145,raw
2024-06-28,-7292.931094124548,18838.896046897924,raw
2024-07-01,7347.961533164969,20000.0,raw
2024-07-02,-15.387501208271,20078.13044573467,raw
2024-07-03,1895.7178742545811,19865.06084964541,raw
2024-07-05,354.7336291985613,19133.43467933698,raw
2024-07-08,320.1415464377859,20000.0,raw
2024-07-09,-3487.4735457634333,19757.929529526595,raw
2024-07-10,2052.1454040079147,20080.60202459166,raw
2024-07-11,4285.535421811959,19320.294927470033,raw
2024-07-12,-4070.8843374804437,18441.186660421812,raw
2024-07-15,9006.547310556798,20000.0,raw
2024-07-16,5446.620513415254,19098.343850985257,raw
2024-07-17,-13311.18142224989,18849.164053999666,raw
2024-07-18,-5247.120860747026,19544.31564510089,raw
2024-07-19,3470.0865258032964,19951.081188014206,raw
2024-07-22,7246.6495404031675,20000.0,raw
2024-07-23,-607.9435946194352,20144.605185212597,raw
2024-07-24,5353.850637003805,21113.46913065147,raw
2024-07-25,5548.839360061043,20422.735207014342,raw
2024-07-26,1278.210832641749,19568.975653379603,raw
2024-07-29,-9527.562285100465,20000.0,raw
2024-07-30,2329.845774260058,19235.346857524684,raw
2024-07-31,2915.9235098705544,18884.440104647598,raw
2024-08-01,4020.7164021191115,18384.471123527637,raw
2024-08-02,-1949.6629412048208,17719.875502203042,raw
2024-08-05,8134.011441879423,20000.0,raw
2024-08-06,816.8438736850683,19583.082473711318,raw
2024-08-07,-5917.245075131381,18964.977433240958,raw
2024-08-08,1714.4897470461929,19168.160878188097,raw
2024-08-09,10495.176518708318,18636.77195904565,raw
2024-08-12,-4124.523783064152,20000.0,raw
2024-08-13,1074.9330953309423,20102.646707730113,raw
2024-08-14,-2137.590762900706,19481.807668272704,raw
2024-08-15,7135.562723302859,19379.497238488377,raw
2024-08-16,-8294.521353106522,18596.74329806877,raw
2024-08-19,5023.62105373291,19999.999999999996,raw
2024-08-20,9793.838461607436,20651.918282171995,raw
2024-08-21,3593.449415243057,20229.164242826053,raw
2024-08-22,6889.0016855255435,20027.834259648498,raw
2024-08-23,-6707.369744589264,18800.253795068315,raw
2024-08-26,-548.2251551389334,20000.0,raw
2024-08-27,3387.3287131414795,19089.76780749932,raw
2024-08-28,-7326.269843506115,19335.13376326704,raw
2024-08-29,-3039.6945256643876,18166.71486148784,raw
2024-08-30,16971.75940669093,16326.729300545207,raw
2024-09-03,-10596.935117833093,20000.0,raw
2024-09-04,-6139.508437650762,20347.49381348323,raw
2024-09-05,871.0993460555237,19980.60084966079,raw
2024-09-06,-6022.410591119627,19716.545802544682,raw
2024-09-09,9971.201469839847,20000.0,raw
2024-09-10,3122.6104305458475,19592.036746267495,raw
2024-09-11,-3051.893936592372,19373.96528621502,raw
2024-09-12,-6298.276725053298,19318.567469051588,raw
2024-09-13,-4925.8223279329795,18969.319115994742,raw
2024-09-16,7594.988677267103,20000.0,raw
2024-09-17,-5153.046751685575,19950.09883181079,raw
2024-09-18,1245.4292519921642,19584.207898682682,raw
2024-09-19,3503.316076675242,18659.29705666171,raw
2024-09-20,-1345.3993564336897,18425.109994059418,raw
2024-09-23,3541.033117430765,20000.0,raw
2024-09-24,-4798.853887267358,19660.5795576062,raw
2024-09-25,3823.333720015284,19751.44610365648,raw
2024-09-26,-7716.858694592075,19056.021354654466,raw
2024-09-27,-4703.548176218939,18879.76784933156,raw
2024-09-30,1177.0117503924498,19999.999999999996,raw
2024-10-01,1819.862140022747,19674.9995117687,raw
2024-10-02,2994.1308809754623,19262.436570731144,raw
2024-10-03,-15.63952533211696,18867.80083601686,raw
2024-10-04,63.90975106281192,18474.61479983332,raw
2024-10-07,-2244.838607922229,20000.0,raw
2024-10-08,4781.268668146557,19853.210404388337,raw
2024-10-09,-3567.5016004550794,19457.553696241626,raw
2024-10-10,-1265.2435904712913,19194.455077270937,raw
2024-10-11,-4889.389832980246,18969.221395646822,raw
2024-10-14,2182.2687370070535,20000.0,raw
2024-10-15,3365.7432257939663,20095.862596573686,raw
2024-10-16,2160.5242440808415,19591.76243122603,raw
2024-10-17,-3801.6521830327474,18901.534750526145,raw
2024-10-18,250.19418950328446,18655.73665145406,raw
2024-10-21,-587.9415217668299,20000.0,raw
2024-10-22,3543.8033886981284,20024.131946362486,raw
2024-10-23,4574.252119662935,19713.150982877793,raw
2024-10-24,-1829.514560162245,19285.158839206513,raw
2024-10-25,5884.449081073083,19063.99171258042,raw
2024-10-28,-3825.329199776363,20000.0,raw
2024-10-29,1165.1933537676741,19517.64747223816,raw
2024-10-30,2091.0997798046233,19154.85966359961,raw
2024-10-31,-1348.0722538069624,18674.365312489135,raw
2024-11-01,-1258.5656843884353,18375.580731938568,raw
2024-11-04,231.0837739305026,20000.0,raw
2024-11-05,4471.519628714986,19659.35883709184,raw
2024-11-06,4747.669404962683,17876.968487855716,raw
2024-11-07,-4212.0091882885035,17601.504199491363,raw
2024-11-08,202.793134605682,17170.70263939656,raw
2024-11-11,874.8322431990407,19999.999999999996,raw
2024-11-12,-6057.58119835438,19574.719714527244,raw
2024-11-13,11938.698238882776,20301.559400418748,raw
2024-11-14,-5409.633552996725,20300.829686195408,raw
2024-11-15,2011.99430138739,20703.275477798634,raw
2024-11-18,-3558.895723411963,20000.0,raw
2024-11-19,6114.849253783881,20226.68548554744,raw
2024-11-20,-7247.976586449075,20282.46657824266,raw
2024-11-21,6108.50378158981,19908.376697961707,raw
2024-11-22,13637.53264427906,19438.364425807194,raw
2024-11-25,-13145.9245178256,20000.0,raw
2024-11-26,16558.80361770652,19469.00517359467,raw
2024-11-27,51.99582936483634,19158.39582065915,raw
2024-11-29,-5686.756279933917,18125.851169196467,raw
2024-12-02,-2240.906117464765,20000.0,raw
2024-12-03,1252.1275367339028,19776.85049258052,raw
2024-12-04,-1906.5381808364498,19259.46730521359,raw
2024-12-05,4063.0392918517678,18806.78096279462,raw
2024-12-06,-119.72129448224149,18341.277875086555,raw
2024-12-09,944.5566743122345,20000.0,raw
2024-12-10,6779.617968114316,19228.462039751157,raw
2024-12-11,-3391.7127409647737,18687.47394875552,raw
2024-12-12,-3470.800935231413,18271.163606659076,raw
2024-12-13,631.0150085577862,17887.83056038063,raw
2024-12-16,5415.755889686385,20000.0,raw
2024-12-17,-2217.5203114683763,19625.420882046295,raw
2024-12-18,-3241.3741555854563,18024.927592960317,raw
2024-12-19,-6670.123557149904,18823.81862146843,raw
2024-12-20,13956.00611960813,18787.420257163074,raw
2024-12-23,14372.38215395002,20000.0,raw
2024-12-24,-1369.325927291477,20108.118282487543,raw
2024-12-26,4302.631729604499,19250.193537249288,raw
2024-12-27,3661.679049751108,17984.260339628672,raw
2024-12-30,4543.463086479279,20000.0,raw
2024-12-31,1205.8572453623863,19848.387119310373,raw
2025-01-02,-5475.695870965011,19375.594023686073,raw
2025-01-03,2281.5774324432195,19072.42467161723,raw
2025-01-06,7110.99959309545,20000.0,raw
2025-01-07,893.8480682899784,19793.404068649717,raw
2025-01-08,281.02796777742793,19427.66222744525,raw
2025-01-10,-3009.879817187275,18485.937728627556,raw
2025-01-13,-4785.118164997782,20000.0,raw
2025-01-14,-226.30764665684072,19756.380891231303,raw
2025-01-15,4955.763385723504,18930.217996847692,raw
2025-01-16,5485.104793815901,18486.70048670339,raw
2025-01-17,2425.398701281063,17865.64223604683,raw
2025-01-21,2389.276682283808,20000.0,raw
2025-01-22,-2524.5143850950776,20776.640992179862,raw
2025-01-23,776.3594454686536,20182.798602346116,raw
2025-01-24,7524.740997354843,19854.651148966754,raw
2025-01-27,6063.117868135566,20000.0,raw
2025-01-28,-7465.231689462067,20977.28872839351,raw
2025-01-29,11951.914239613245,21023.65503774744,raw
2025-01-30,-13877.024987206962,19726.865832312786,raw
2025-01-31,5390.515484095566,19477.283696594193,raw
2025-02-03,-8033.06231448039,20000.0,raw
2025-02-04,404.29578288093165,19618.425284490557,raw
2025-02-05,1174.3642403545439,19184.493474245974,raw
2025-02-06,-1168.6375156710837,18604.689759804747,raw
2025-02-07,331.6048007298486,18386.54781260058,raw
2025-02-10,-1750.0665324621439,20000.0,raw
2025-02-11,5490.138911558217,19481.57990630281,raw
2025-02-12,-1751.6850167874068,19033.830203261135,raw
2025-02-13,5433.310390938495,18589.75792026589,raw
2025-02-14,1302.6943884074976,18078.474227081042,raw
2025-02-18,-5357.984083297117,20000.0,raw
2025-02-19,-7514.18528286168,19900.653096011025,raw
2025-02-20,63.00518782102686,19364.404207879306,raw
2025-02-21,2943.381581251223,20532.212907556837,raw
2025-02-24,-4544.092337397662,20000.0,raw
2025-02-25,2016.014281584315,19857.599644513943,raw
2025-02-26,5037.550737843567,20390.898068355138,raw
2025-02-27,-10304.474859490645,19523.841402971786,raw
2025-02-28,4019.8466049870594,18746.50917499249,raw
2025-03-03,1353.552002176665,20000.0,raw
2025-03-04,1440.1496558944925,19829.002042042037,raw
2025-03-05,2305.6172518351464,19339.02432931385,raw
2025-03-06,-4406.340297417788,19070.574663354204,raw
2025-03-07,1916.0426822402449,18520.472801245825,raw
2025-03-10,3958.723266399815,20000.0,raw
2025-03-11,-1508.2673011723793,20255.206577632085,raw
2025-03-12,7322.929603158925,20086.73117987321,raw
2025-03-13,1782.3415050255105,19548.766558071944,raw
2025-03-14,-2424.803171448383,19521.08365242402,raw
2025-03-17,2788.1800066299215,20000.0,raw
2025-03-18,-3454.36711231701,19816.889747794357,raw
2025-03-19,-2340.3777813885,19619.58531925409,raw
2025-03-20,3222.6630665889493,18835.80451148194,raw
2025-03-21,963.8672409386502,18440.704138006528,raw
2025-03-24,1278.2545339361425,20000.0,raw
2025-03-25,8097.881846380064,19720.35101605096,raw
2025-03-26,-6730.624796092441,19572.971834699198,raw
2025-03-27,6227.789892686475,19032.66943120157,raw
2025-03-28,981.0025813353744,35186.64507032079,raw
2025-03-31,-2390.8057484523188,20000.0,raw
2025-04-01,1652.196121718011,19713.05951782394,raw
2025-04-02,-3817.5638433422537,19403.059037601925,raw
2025-04-03,11970.475033268458,18165.732067034805,raw
2025-04-04,6763.996336886074,17873.911901874737,raw
2025-04-07,-540.0671090327221,20000.0,raw
2025-04-08,4943.688334810083,19727.37701789457,raw
2025-04-09,1350.920292173039,21278.08286952365,raw
2025-04-10,15221.48040212901,20932.53366771719,raw
2025-04-11,-7599.265524558922,20962.9216286291,raw
2025-04-14,-4118.595311500751,20000.0,raw
2025-04-15,6875.132765223497,19435.98117506472,raw
2025-04-16,-1949.7847718224762,19065.4609325518,raw
2025-04-17,14071.01378952509,18681.801090570043,raw
2025-04-21,-5890.530194668915,20000.0,raw
2025-04-22,4460.519289275117,20668.93319534863,raw
2025-04-23,-3638.3381684224023,20500.535901313353,raw
2025-04-24,-133.63278660639796,19959.28786287217,raw
2025-04-25,2035.6939050840908,19188.595903945716,raw
2025-04-28,345.93022973914833,20000.0,raw
2025-04-29,3471.9055761204777,19533.538005943406,raw
2025-04-30,4013.3665626985835,19232.734708648735,raw
2025-05-01,8041.970669316091,18950.28395007542,raw
2025-05-02,-4111.078299829613,18463.816519677683,raw
2025-05-05,-1915.9329516860062,20000.0,raw
2025-05-06,7071.821388974435,19968.650979379865,raw
2025-05-07,3665.932451725493,19397.052378649645,raw
2025-05-08,-1312.3762405083012,18998.660214672796,raw
2025-05-09,-1937.5440891680855,18729.594472997953,raw
2025-05-12,-471.97301838075776,20000.0,raw
2025-05-13,-4682.443537405398,20926.24751775259,raw
2025-05-14,-8163.606612364557,21473.282265270824,raw
2025-05-15,1607.3339504015091,21104.525557462835,raw
2025-05-16,1695.6847995551582,20812.201555389336,raw
2025-05-19,6919.4624296487555,20000.0,raw
2025-05-20,-1023.3045569957538,20350.950769866347,raw
2025-05-21,2779.873854881183,22340.540391731553,raw
2025-05-22,-1684.1164373874317,21583.497240914057,raw
2025-05-23,-2048.0562944474655,21285.588045750897,raw
2025-05-27,-1804.3981524729315,20000.0,raw
2025-05-28,325.83178100603357,20723.4378276262,raw
2025-05-29,15604.569504731267,19686.770199637827,raw
2025-05-30,-7281.065213599693,19307.142327747468,raw
2025-06-02,-11872.090858518353,20000.0,raw
2025-06-03,-1153.1721725037291,19663.68485681341,raw
2025-06-04,-1738.665983293637,19422.88481897168,raw
2025-06-05,182.28258431094727,19319.22463516074,raw
2025-06-06,-1521.5608364499917,18861.687374753947,raw
2025-06-09,909.4587318052572,20000.0,raw
2025-06-10,-4481.444504899263,20007.789264374635,raw
2025-06-11,1936.3652858950363,20034.20935565289,raw
2025-06-12,-1314.120616365662,19877.00654992799,raw
2025-06-13,258.104052028391,19693.732918463327,raw
2025-06-16,1643.111541925316,20000.0,raw
2025-06-17,-887.9826413512925,19623.246871127143,raw
2025-06-18,600.8790853585779,19247.68324341634,raw
2025-06-20,1959.9824546240086,18632.674538261534,raw
2025-06-23,-1461.0955785183473,20000.0,raw
2025-06-24,-3910.9019909829904,19384.111791680356,raw
2025-06-25,1242.9484037082068,19100.139459472084,raw
2025-06-26,-75.45178216859556,18158.97934103838,raw
2025-06-27,-166.0947289545258,17606.769879417378,raw
2025-06-30,43.623818693017526,20000.0,raw
2018-07-02,0.0,20000.0,iv_adjusted
2018-07-03,2184.420440633114,19696.107475137862,iv_adjusted
2018-07-05,-55165.34020072268,19078.82435454678,iv_adjusted
2018-07-06,54995.580771576235,18688.512717739242,iv_adjusted
2018-07-09,1357.7895987676875,20000.0,iv_adjusted
2018-07-10,2221.7560707487414,19319.44919896174,iv_adjusted
2018-07-11,1737.5291745892805,19438.282328864814,iv_adjusted
2018-07-12,-586.2780136149585,18767.39147039776,iv_adjusted
2018-07-13,282.4800300439457,18228.433934621306,iv_adjusted
2018-07-16,3141.176226284033,19999.999999999996,iv_adjusted
2018-07-17,-2808.0723773486056,19089.08744806272,iv_adjusted
2018-07-18,-4053.0982166493272,18264.54109125209,iv_adjusted
2018-07-19,776.0427295154714,18460.781303372587,iv_adjusted
2018-07-20,-3318.497817345275,17839.414018516924,iv_adjusted
2018-07-23,2409.2866864776706,20000.0,iv_adjusted
2018-07-24,-515.1747992268663,19171.71739266084,iv_adjusted
2018-07-25,-7716.197280719511,17591.438088563613,iv_adjusted
2018-07-26,3318.253847240876,16531.954495434482,iv_adjusted
2018-07-27,-5471.3452948252325,15868.481485140788,iv_adjusted
2018-07-30,-12782.675872883845,19999.999999999996,iv_adjusted
2018-07-31,12105.097468621225,19430.105221865608,iv_adjusted
2018-08-01,-3942.701629869191,19120.117122236963,iv_adjusted
2018-08-02,6057.787712468419,18564.53885990411,iv_adjusted
2018-08-03,-8693.617230610527,18132.6130075437,iv_adjusted
2018-08-06,5402.247162098179,20000.0,iv_adjusted
2018-08-07,-3630.1290325145255,19650.39020262512,iv_adjusted
2018-08-08,12002.205971572677,19252.604997947823,iv_adjusted
2018-08-09,1474.8158066409007,18760.596636986877,iv_adjusted
2018-08-10,-9499.401931941431,18874.23635656983,iv_adjusted
2018-08-13,-2820.8811300011316,20000.0,iv_adjusted
2018-08-14,10494.836386496883,19451.155306003093,iv_adjusted
2018-08-15,-17017.027588997178,19096.323714698185,iv_adjusted
2018-08-16,582.4560817221787,18167.739206229526,iv_adjusted
2018-08-17,-2930.1010791075896,17383.31498317467,iv_adjusted
2018-08-20,15750.267005913469,20000.0,iv_adjusted
2018-08-21,-3744.356409341326,20020.731531750465,iv_adjusted
2018-08-22,116.013076656387,19702.015924799714,iv_adjusted
2018-08-23,-3451.3991236694283,18844.865292357114,iv_adjusted
2018-08-24,4233.116011330072,17924.366069777865,iv_adjusted
2018-08-27,-1869.9907578925504,20000.0,iv_adjusted
2018-08-28,9228.915590651592,18575.023750619246,iv_adjusted
2018-08-29,-2992.5394373237195,17706.58649681862,iv_adjusted
2018-08-30,8986.585215886602,18385.84169756725,iv_adjusted
2018-08-31,1530.5081375479351,17685.08823644649,iv_adjusted
2018-09-04,-15311.63166152177,20000.0,iv_adjusted
2018-09-05,2589.8969653994336,19868.989820515406,iv_adjusted
2018-09-06,-77.11783819265887,19379.299068168282,iv_adjusted
2018-09-07,-1039.686495455933,19007.32275412243,iv_adjusted
2018-09-10,5855.910898943144,20000.0,iv_adjusted
2018-09-11,4176.880073947212,19619.057721505298,iv_adjusted
2018-09-12,539.8951269516782,19136.586193911022,iv_adjusted
2018-09-13,-4710.348556066457,18667.331894024494,iv_adjusted
2018-09-14,-3898.4810262081105,18294.590306164333,iv_adjusted
2018-09-17,2515.56922492323,20000.0,iv_adjusted
2018-09-18,-6359.675622143164,19437.459357047817,iv_adjusted
2018-09-19,6673.371660739568,19176.327301687757,iv_adjusted
2018-09-20,-5748.370666123575,18576.037279436525,iv_adjusted
2018-09-21,11951.488986334889,17854.704573021645,iv_adjusted
2018-09-24,-5921.710511199988,20000.0,iv_adjusted
2018-09-25,7068.273033184611,19502.891316441444,iv_adjusted
2018-09-26,-2745.246872025366,18669.84732646788,iv_adjusted
2018-09-27,-3749.8190160008767,18163.358865961047,iv_adjusted
2018-09-28,-4977.155743212866,17508.023765973998,iv_adjusted
2018-10-01,7777.517734159259,20000.0,iv_adjusted
2018-10-02,-666.8851550186337,19654.531266909376,iv_adjusted
2018-10-03,397.7090608032534,19432.884960455067,iv_adjusted
2018-10-04,-1063.5374707552562,19096.836653353523,iv_adjusted
2018-10-05,1239.5367171916944,18723.295346573283,iv_adjusted
2018-10-08,1225.2392068618192,20000.0,iv_adjusted
2018-10-09,1993.7531802860804,19438.806093288636,iv_adjusted
2018-10-10,459.61765780971473,18819.17040429196,iv_adjusted
2018-10-11,1757.8606670285992,17741.213420591903,iv_adjusted
2018-10-12,-1043.7735896816148,17968.274630989454,iv_adjusted
2018-10-15,2141.1008293710347,20000.0,iv_adjusted
2018-10-16,365.4123151275178,22043.4904720295,iv_adjusted
2018-10-17,-3931.9613949257764,21455.625653532512,iv_adjusted
2018-10-18,5788.816115776149,20079.931544506653,iv_adjusted
2018-10-19,1560.762251781499,19825.082523739344,iv_adjusted
2018-10-22,-3101.699146677604,20000.0,iv_adjusted
2018-10-23,-3929.338192232679,22871.031570201485,iv_adjusted
2018-10-24,-15957.172475127189,24685.72917179021,iv_adjusted
2018-10-25,21469.826541417973,26261.60366130556,iv_adjusted
2018-10-26,1113.5574664253666,26841.7040409742,iv_adjusted
2018-10-29,-1279.0970635655856,20000.0,iv_adjusted
2018-10-30,-128.48691345101443,19572.130310703877,iv_adjusted
2018-10-31,33709.735923372966,19526.353867210048,iv_adjusted
2018-11-01,-6774.879461944144,18848.468352364776,iv_adjusted
2018-11-02,-851.4605108712846,18578.081795171136,iv_adjusted
2018-11-05,-249.1452378805208,20000.0,iv_adjusted
2018-11-06,7051.2875234915655,19229.98808315945,iv_adjusted
2018-11-07,2827.2915813728405,17438.005865071937,iv_adjusted
2018-11-08,-876.0446694672895,17136.262669586096,iv_adjusted
2018-11-09,-12036.06408209822,17691.386565258388,iv_adjusted
2018-11-12,2137.2398575615084,20000.0,iv_adjusted
2018-11-13,-17019.666611944933,19749.496749967315,iv_adjusted
2018-11-14,-3383.5007683651816,19768.41754703019,iv_adjusted
2018-11-15,-4734.434986700102,18700.114193730984,iv_adjusted
2018-11-16,-1674.5641191774623,17752.445466489193,iv_adjusted
2018-11-19,7144.230467159433,20000.0,iv_adjusted
2018-11-20,1267.2233602455012,21761.752938026177,iv_adjusted
2018-11-21,1245.2123210573793,21087.5364758979,iv_adjusted
2018-11-23,1485.3524691362982,20471.91614064807,iv_adjusted
2018-11-26,1044.7329740236987,20000.0,iv_adjusted
2018-11-27,1189.5683311897317,18964.725793658665,iv_adjusted
2018-11-28,5016.268692730529,18834.769901547596,iv_adjusted
2018-11-29,2635.465297074738,19441.035076909644,iv_adjusted
2018-11-30,-1016.6561118204365,18591.64804746322,iv_adjusted
2018-12-03,9120.067588176997,19999.999999999996,iv_adjusted
2018-12-04,-9932.09300013396,18860.133658589348,iv_adjusted
2018-12-06,1717.9622890691614,18218.094979229176,iv_adjusted
2018-12-07,-5720.084937977445,16647.05186023785,iv_adjusted
2018-12-10,6041.848964322842,20000.0,iv_adjusted
2018-12-11,-424.85292309470714,19449.1461083751,iv_adjusted
2018-12-12,3925.5269582051715,19661.23233138065,iv_adjusted
2018-12-13,-1808.9057008162783,18886.581674175497,iv_adjusted
2018-12-14,-2159.6654827759953,18045.521750282067,iv_adjusted
2018-12-17,634.2792044031321,20000.0,iv_adjusted
2018-12-18,-3775.344582922179,19882.729653454484,iv_adjusted
2018-12-19,-2666.958995335695,19529.498725077818,iv_adjusted
2018-12-20,-774.7652259858053,21393.383709829,iv_adjusted
2018-12-21,-3550.051296027227,22797.435163943894,iv_adjusted
2018-12-24,-7950.529738047006,20000.0,iv_adjusted
2018-12-26,3222.9126914741987,23341.2454852343,iv_adjusted
2018-12-27,-7285.512417699552,23527.177899325165,iv_adjusted
2018-12-28,7368.501771749739,22673.863433343813,iv_adjusted
2018-12-31,4075.5998572781873,20000.0,iv_adjusted
2019-01-02,2408.244742486946,19395.77984043009,iv_adjusted
2019-01-03,1555.786793043611,18971.675253983074,iv_adjusted
2019-01-04,544.0052144932174,18774.11244576789,iv_adjusted
2019-01-07,-137.9707234284,20000.0,iv_adjusted
2019-01-08,2744.8077012766557,19273.105531597874,iv_adjusted
2019-01-09,-2696.3372223880674,18981.179747359896,iv_adjusted
2019-01-10,483.3023388212148,18249.48617724037,iv_adjusted
2019-01-11,6250.019695437489,17778.947842517293,iv_adjusted
2019-01-14,-1920.1529141660321,20000.0,iv_adjusted
2019-01-15,6220.259447407222,18786.917377137936,iv_adjusted
2019-01-16,-4666.803617089854,18750.516739442435,iv_adjusted
2019-01-17,-7290.967337357052,18653.36300619345,iv_adjusted
2019-01-18,6301.227118474472,18221.635628866683,iv_adjusted
2019-01-22,236.78388826602168,20000.0,iv_adjusted
2019-01-23,8681.06066243129,20061.15987818953,iv_adjusted
2019-01-24,488.9508714933477,19803.4636529631,iv_adjusted
2019-01-25,-12100.99905993652,19109.928027932932,iv_adjusted
2019-01-28,21384.62344047488,20000.0,iv_adjusted
2019-01-29,2976.2377816046687,19850.97231904563,iv_adjusted
2019-01-30,-1148.959829094977,19370.52011002278,iv_adjusted
2019-01-31,-2727.399145878448,19116.70200310956,iv_adjusted
2019-02-01,-171.21500019893946,18872.255068439114,iv_adjusted
2019-02-04,-499.7381685060702,20000.0,iv_adjusted
2019-02-05,3866.905069015987,19254.968123498184,iv_adjusted
2019-02-06,-689.8625854455112,19145.81974853308,iv_adjusted
2019-02-07,-16944.53236932012,18993.953163587015,iv_adjusted
2019-02-08,4296.751480715614,18705.981713715173,iv_adjusted
2019-02-11,90.20216085227645,20000.0,iv_adjusted
2019-02-12,54.21507895814898,19009.453471963352,iv_adjusted
2019-02-13,1219.5781246289098,17975.949275357987,iv_adjusted
2019-02-14,5069.4115407320705,17879.69298385536,iv_adjusted
2019-02-15,-5539.679639870211,16532.983836412117,iv_adjusted
2019-02-19,4165.164693331353,19999.999999999996,iv_adjusted
2019-02-20,-4396.96182804026,19217.595398420308,iv_adjusted
2019-02-21,-13031.958042531305,18552.44033134533,iv_adjusted
2019-02-22,11750.705742175798,16624.830173680388,iv_adjusted
2019-02-25,-7718.061883736344,20000.0,iv_adjusted
2019-02-26,1090.7686627785329,19672.406989300453,iv_adjusted
2019-02-27,-2346.759150795692,19194.527130724713,iv_adjusted
2019-02-28,489.964443841264,18868.298250506745,iv_adjusted
2019-03-01,212.038330793404,18458.624200729075,iv_adjusted
2019-03-04,1607.9973262726778,20000.0,iv_adjusted
2019-03-05,2037.8553567827041,19595.621471569473,iv_adjusted
2019-03-06,-917.4579753922379,19041.92789883508,iv_adjusted
2019-03-07,-2607.406241289247,18409.87889741478,iv_adjusted
2019-03-08,225.0159587865984,18157.92943827749,iv_adjusted
2019-03-11,4753.456469527443,19999.999999999996,iv_adjusted
2019-03-12,-1586.0038158812736,19672.164976345437,iv_adjusted
2019-03-13,700.381478271011,19203.175804378432,iv_adjusted
2019-03-14,1949.8325776920544,18640.803280711716,iv_adjusted
2019-03-15,3483.3003073885493,17972.778508733707,iv_adjusted
2019-03-18,244.36976993151077,20000.0,iv_adjusted
2019-03-19,-3976.1873220389193,20148.7892469149,iv_adjusted
2019-03-20,-2043.5565657219938,19144.65675449085,iv_adjusted
2019-03-21,4363.348765714757,17872.210472121933,iv_adjusted
2019-03-22,-7617.648813097421,17995.524168772346,iv_adjusted
2019-03-25,-2094.0046987250244,20000.0,iv_adjusted
2019-03-26,4762.756548095662,19597.382700556835,iv_adjusted
2019-03-27,-6791.974839069614,18876.772140738965,iv_adjusted
2019-03-28,1672.6936949613332,18873.159502516595,iv_adjusted
2019-03-29,2017.4836235573673,42079.68263761126,iv_adjusted
2019-04-01,13349.674397584819,20000.0,iv_adjusted
2019-04-02,-859.6392038057068,19684.08891309628,iv_adjusted
2019-04-03,-161.5762533510856,19114.034142661025,iv_adjusted
2019-04-04,1086.5440817846077,18733.254788696235,iv_adjusted
2019-04-05,-1812.2327288170134,18132.740126246896,iv_adjusted
2019-04-08,201.73477843688994,20000.0,iv_adjusted
2019-04-09,744.0274820122975,20474.57134262933,iv_adjusted
2019-04-10,1912.8760657761384,19669.077957478214,iv_adjusted
2019-04-11,4077.1850184135237,19149.013638527947,iv_adjusted
2019-04-12,-2180.9254740040124,17962.347195159917,iv_adjusted
2019-04-15,-2666.765072247223,20000.0,iv_adjusted
2019-04-16,-464.6423852488496,18941.803787610577,iv_adjusted
2019-04-17,-4750.998738479795,18090.962099848304,iv_adjusted
2019-04-18,2911.7695507246044,17469.87633292706,iv_adjusted
2019-04-22,8.94148061044358,20000.0,iv_adjusted
2019-04-23,-2954.9699776176813,20207.004003209913,iv_adjusted
2019-04-24,5702.117207701709,20086.48747182121,iv_adjusted
2019-04-25,10364.071439850017,20076.783451172225,iv_adjusted
2019-04-26,-4419.022287150331,18296.203637400904,iv_adjusted
2019-04-29,3216.13062396422,20000.0,iv_adjusted
2019-04-30,3847.265435215781,19352.265228289336,iv_adjusted
2019-05-01,3193.6288860782347,19134.526401838186,iv_adjusted
2019-05-02,3203.2261056206185,18647.186369954994,iv_adjusted
2019-05-03,1648.0833306931063,18176.892913160395,iv_adjusted
2019-05-06,539.6416941940703,20000.0,iv_adjusted
2019-05-07,5389.130543891662,19911.603285713998,iv_adjusted
2019-05-08,-2318.572624469613,19326.504094193137,iv_adjusted
2019-05-09,1.7038076636995356,18879.276705615084,iv_adjusted
2019-05-10,1572.6729231383595,18372.60244852407,iv_adjusted
2019-05-13,-3581.2379564970556,20000.0,iv_adjusted
2019-05-14,4223.711082558594,20697.94804019331,iv_adjusted
2019-05-15,2837.7059608788004,20086.87411529538,iv_adjusted
2019-05-16,619.685867000988,19564.709720778817,iv_adjusted
2019-05-17,550.944979231175,19168.600108757477,iv_adjusted
2019-05-20,-302.0308873807003,20000.0,iv_adjusted
2019-05-21,5305.842465935786,20307.316957243154,iv_adjusted
2019-05-22,-7144.165203613248,18848.939739754656,iv_adjusted
2019-05-23,23720.22060962486,19087.579648514024,iv_adjusted
2019-05-24,-748.0051621085935,18433.95157004581,iv_adjusted
2019-05-28,-3426.3185116678487,20000.0,iv_adjusted
2019-05-29,8321.872600383087,21270.826388898262,iv_adjusted
2019-05-30,2849.622575169345,21430.64098485456,iv_adjusted
2019-05-31,-2208.8039578858306,22071.291273584604,iv_adjusted
2019-06-03,10520.237638967257,20000.0,iv_adjusted
2019-06-04,-1414.8819040876258,19605.62978361018,iv_adjusted
2019-06-05,704.8643090417755,18763.586224376795,iv_adjusted
2019-06-06,637.2195548162786,18183.442826460465,iv_adjusted
2019-06-07,1513.7057479841553,17556.739910460736,iv_adjusted
2019-06-10,990.352624211201,20000.0,iv_adjusted
2019-06-11,614.6201025877581,19789.896743914574,iv_adjusted
2019-06-12,704.3822780007857,19378.59915657151,iv_adjusted
2019-06-13,-3158.190200897313,18622.451449395347,iv_adjusted
2019-06-14,3618.807847614797,18602.922887412147,iv_adjusted
2019-06-17,-1685.6789650177539,20000.0,iv_adjusted
2019-06-18,-2885.1297977011686,18776.39900525459,iv_adjusted
2019-06-19,699.7864477812427,17665.160351545048,iv_adjusted
2019-06-20,1015.9479441074603,16763.49488792075,iv_adjusted
2019-06-21,216.21703300267785,16737.202464147333,iv_adjusted
2019-06-24,1438.1952194887451,20000.0,iv_adjusted
2019-06-25,-4294.769386716835,20839.646545055995,iv_adjusted
2019-06-26,-3362.151272194975,20914.974921589666,iv_adjusted
2019-06-27,-761.6910629807553,19658.216934633176,iv_adjusted
2019-06-28,-7352.499129891938,18201.102536493858,iv_adjusted
2019-07-01,8606.546027583116,20000.0,iv_adjusted
2019-07-02,778.6569142027715,19256.16211453445,iv_adjusted
2019-07-03,1320.5557241158006,18936.26880182519,iv_adjusted
2019-07-05,1925.3884163751031,18684.9209605216,iv_adjusted
2019-07-08,542.6112195634538,20000.0,iv_adjusted
2019-07-09,370.5199686763564,19818.22148244147,iv_adjusted
2019-07-10,-1856.539168835292,19030.21906915222,iv_adjusted
2019-07-11,1250.0404240612525,18648.825179583408,iv_adjusted
2019-07-12,463.21904434650344,18116.903652904497,iv_adjusted
2019-07-15,-407.91281222530273,20000.0,iv_adjusted
2019-07-16,-3707.85912984776,19951.73086549448,iv_adjusted
2019-07-17,4657.508733328889,19946.60310010611,iv_adjusted
2019-07-18,-167.60390061567824,18930.69838656516,iv_adjusted
2019-07-19,1846.5150554387988,19370.319063227485,iv_adjusted
2019-07-22,-4088.024985694779,20000.0,iv_adjusted
2019-07-23,2686.179677437562,20156.033225417654,iv_adjusted
2019-07-24,-1545.8878165981205,20462.49499173188,iv_adjusted
2019-07-25,4680.46860177255,19781.611405783086,iv_adjusted
2019-07-26,-4698.750699253224,18948.87149537916,iv_adjusted
2019-07-29,1046.037789662637,20000.0,iv_adjusted
2019-07-30,7370.578234379958,19483.518537887052,iv_adjusted
2019-07-31,512.0922565186339,18991.5350557098,iv_adjusted
2019-08-01,1947.2973795308308,18083.29411017377,iv_adjusted
2019-08-02,394.86950706494537,17395.767024212717,iv_adjusted
2019-08-05,1886.3797716188847,20000.0,iv_adjusted
2019-08-06,-1441.7428675190904,20304.273698400517,iv_adjusted
2019-08-07,4754.942307595191,20027.982980520974,iv_adjusted
2019-08-08,-858.190820037503,20715.005317629282,iv_adjusted
2019-08-09,1523.554071686546,19615.601632948903,iv_adjusted
2019-08-12,1775.9844068588332,20000.0,iv_adjusted
2019-08-13,-3662.2537460714575,20930.495575903547,iv_adjusted
2019-08-14,-3181.8532123811524,20320.08022136627,iv_adjusted
2019-08-15,-9853.86233687745,20199.635450692134,iv_adjusted
2019-08-16,6218.352414898462,20201.204902654757,iv_adjusted
2019-08-19,-5636.437527847873,20000.0,iv_adjusted
2019-08-20,13844.1225686934,19836.131269806676,iv_adjusted
2019-08-21,-5541.5784037417325,19458.0731195378,iv_adjusted
2019-08-22,-24.69129732083063,19148.76996707176,iv_adjusted
2019-08-23,6835.152240254857,20005.85768374467,iv_adjusted
2019-08-26,-2324.40528302344,20000.0,iv_adjusted
2019-08-27,-4571.015449374827,19919.02075987917,iv_adjusted
2019-08-28,1239.2359707162018,19782.53858022426,iv_adjusted
2019-08-29,-1754.713897716952,19338.044872643364,iv_adjusted
2019-08-30,-2456.9520385979977,18944.639263183235,iv_adjusted
2019-09-03,4114.403769206688,20000.0,iv_adjusted
2019-09-04,-2318.167609454896,19611.885833975728,iv_adjusted
2019-09-05,4895.889246833502,18795.563647199313,iv_adjusted
2019-09-06,2433.199185729755,18353.638961587985,iv_adjusted
2019-09-09,-32.2118953488641,20000.0,iv_adjusted
2019-09-10,453.52417424725553,18625.38098826161,iv_adjusted
2019-09-11,-2583.9827410843272,17844.243061006044,iv_adjusted
2019-09-12,3429.1945916216987,17711.566632595903,iv_adjusted
2019-09-13,692.8694555287556,17290.036819290934,iv_adjusted
2019-09-16,-4164.606948487952,20000.0,iv_adjusted
2019-09-17,-1805.425000213563,19754.074579907672,iv_adjusted
2019-09-18,-287.91712376083666,20249.398304347873,iv_adjusted
2019-09-19,-2958.7025361052806,19838.866318347667,iv_adjusted
2019-09-20,305.84615334927133,19771.02287804393,iv_adjusted
2019-09-23,1300.3038018450181,20000.0,iv_adjusted
2019-09-24,4209.005623186889,20805.99923372003,iv_adjusted
2019-09-25,880.7316963233658,20010.365222778964,iv_adjusted
2019-09-26,-70.3209376551858,19870.529281226572,iv_adjusted
2019-09-27,-5231.3362750449,19279.98159110551,iv_adjusted
2019-09-30,5971.126625428121,20000.0,iv_adjusted
2019-10-01,2951.182635017547,19854.98477653969,iv_adjusted
2019-10-02,-1980.0591243499439,19200.878101429753,iv_adjusted
2019-10-03,257.0270254434108,19063.570630364986,iv_adjusted
2019-10-04,3053.605123792163,18818.62107785704,iv_adjusted
2019-10-07,-109.02009129806713,20000.0,iv_adjusted
2019-10-08,-1472.4234865974943,19259.01255037447,iv_adjusted
2019-10-09,3081.6621588004286,19276.74358349376,iv_adjusted
2019-10-10,-4621.28524671509,19154.081638644006,iv_adjusted
2019-10-11,-4535.179929133274,19094.44689105048,iv_adjusted
2019-10-14,9966.046049825401,20000.0,iv_adjusted
2019-10-15,1285.4698555846276,19255.718179664604,iv_adjusted
2019-10-16,1270.1944956774792,18762.303360936137,iv_adjusted
2019-10-17,-2181.930000708748,18171.953288071036,iv_adjusted
2019-10-18,175.74971272932365,17817.926971055975,iv_adjusted
2019-10-21,2342.355047262842,20000.0,iv_adjusted
2019-10-22,-10862.641228369575,19557.869668074138,iv_adjusted
2019-10-23,-774.0354509358956,19775.465529638448,iv_adjusted
2019-10-24,-4133.646077776151,19301.83513908488,iv_adjusted
2019-10-25,-4092.338667021129,18384.711711652868,iv_adjusted
2019-10-28,3873.012428908487,20000.0,iv_adjusted
2019-10-29,4113.03724381445,19643.494987501912,iv_adjusted
2019-10-30,-23.11370363700223,19152.64426206355,iv_adjusted
2019-10-31,-3615.865115554134,18566.226624089155,iv_adjusted
2019-11-01,1561.8196692766408,18449.832070963494,iv_adjusted
2019-11-04,681.8061144776882,20000.0,iv_adjusted
2019-11-05,1087.9932200604508,19305.585991423683,iv_adjusted
2019-11-06,-4233.932769118337,19202.91928022762,iv_adjusted
2019-11-07,549.5713560387168,18238.435071630665,iv_adjusted
2019-11-08,-514.8100188358281,17561.840897032187,iv_adjusted
2019-11-11,424.7941574619302,20000.0,iv_adjusted
2019-11-12,1155.4685543064043,19384.324991338897,iv_adjusted
2019-11-13,-2640.213810959421,19161.513480147194,iv_adjusted
2019-11-14,5534.175158020346,19021.271130414898,iv_adjusted
2019-11-15,-2411.8435754725197,17939.488971975225,iv_adjusted
2019-11-18,-142.7094700076208,20000.0,iv_adjusted
2019-11-19,6639.560978473685,20648.23522333141,iv_adjusted
2019-11-20,-7831.630426243471,20542.858529447698,iv_adjusted
2019-11-21,10862.820262238443,20399.18043106029,iv_adjusted
2019-11-22,-864.3840478599417,19125.555475203782,iv_adjusted
2019-11-25,-1568.9573659740508,20000.0,iv_adjusted
2019-11-26,5491.687667113394,19994.148592437217,iv_adjusted
2019-11-27,5815.633255216216,20579.392450652125,iv_adjusted
2019-11-29,-2811.696154198966,19892.51094565778,iv_adjusted
2019-12-02,-119.12742450609662,20000.0,iv_adjusted
2019-12-03,-1403.7731999708558,19735.8266268927,iv_adjusted
2019-12-04,2369.7532592793077,19398.687952026918,iv_adjusted
2019-12-05,2173.422030764016,19023.696748800787,iv_adjusted
2019-12-06,1482.7323925491835,18626.59804112955,iv_adjusted
2019-12-09,1120.419336519267,20000.0,iv_adjusted
2019-12-10,-3041.9327572062157,19775.408914023013,iv_adjusted
2019-12-11,585.6612860332618,19379.76048136943,iv_adjusted
2019-12-12,-3355.6210972675826,18569.224944944817,iv_adjusted
2019-12-13,1622.3768637348473,18105.48988312452,iv_adjusted
2019-12-16,2371.0897302976778,20000.0,iv_adjusted
2019-12-17,3512.9247759286654,19327.63257962385,iv_adjusted
2019-12-18,1986.6958220761724,19073.269581909124,iv_adjusted
2019-12-19,-2622.594657419554,18291.390795535564,iv_adjusted
2019-12-20,-1796.8001424429062,17138.700953750198,iv_adjusted
2019-12-23,1045.9659084411833,20000.0,iv_adjusted
2019-12-24,5637.979765863815,20224.57155014738,iv_adjusted
2019-12-26,2630.926295259649,18880.08384957953,iv_adjusted
2019-12-27,2791.617584596096,18285.71695248415,iv_adjusted
2019-12-30,166.85319222102044,20000.0,iv_adjusted
2019-12-31,743.445548515336,19773.08871489176,iv_adjusted
2020-01-02,694.0083422508836,19099.14762462434,iv_adjusted
2020-01-03,-2827.206082281624,18901.567719733048,iv_adjusted
2020-01-06,-750.0653026493028,20000.0,iv_adjusted
2020-01-07,6786.908625519713,19701.291865047464,iv_adjusted
2020-01-08,371.03613420445515,19351.1579957475,iv_adjusted
2020-01-09,655.3446114399793,18830.37117295239,iv_adjusted
2020-01-10,215.4518859577706,18535.619274460118,iv_adjusted
2020-01-13,684.896552590831,20000.0,iv_adjusted
2020-01-14,-132.8494796882847,19858.31963917607,iv_adjusted
2020-01-15,-1349.0556108486605,19110.67919181017,iv_adjusted
2020-01-16,2748.7522791898245,17995.911994484657,iv_adjusted
2020-01-17,5423.369917163947,17292.93943669033,iv_adjusted
2020-01-21,924.5358798019004,20000.0,iv_adjusted
2020-01-22,-3590.4026337866194,19503.156156585806,iv_adjusted
2020-01-23,-6178.493689792024,18724.648238697948,iv_adjusted
2020-01-24,-9648.314697208069,18652.823059394377,iv_adjusted
2020-01-27,8384.601025270376,20000.0,iv_adjusted
2020-01-28,-5238.973542665055,19120.491913559286,iv_adjusted
2020-01-29,1011.740711617428,18606.43193854397,iv_adjusted
2020-01-30,-4460.448363532505,17370.313769177916,iv_adjusted
2020-01-31,11956.6587838902,18350.99135099739,iv_adjusted
2020-02-03,195.73440377283316,20000.0,iv_adjusted
2020-02-04,-1666.895443285039,19385.6163720506,iv_adjusted
2020-02-05,-3966.8973735096515,18650.19115227966,iv_adjusted
2020-02-06,-338.9920464665748,18165.709596355904,iv_adjusted
2020-02-07,575.0842676121324,18151.13953279419,iv_adjusted
2020-02-10,-1012.5778430370153,20000.0,iv_adjusted
2020-02-11,1047.1252823370646,19649.34935317084,iv_adjusted
2020-02-12,-1525.735408212676,18902.113047883024,iv_adjusted
2020-02-13,3199.4412905695153,18603.24732312139,iv_adjusted
2020-02-14,3174.0616742235566,18127.247340879094,iv_adjusted
2020-02-18,1656.613441627626,20000.0,iv_adjusted
2020-02-19,-2444.5280492697507,19601.859144523027,iv_adjusted
2020-02-20,-1438.8052290092228,19248.747946562762,iv_adjusted
2020-02-21,-668.618976130976,19647.15250034373,iv_adjusted
2020-02-24,-874.4568180317676,20000.0,iv_adjusted
2020-02-25,-1743.4604792366958,20173.330188799275,iv_adjusted
2020-02-26,-3491.159143608222,19220.93111259769,iv_adjusted
2020-02-27,7910.310926428477,19354.677140961758,iv_adjusted
2020-02-28,11678.326044155176,20501.421859648337,iv_adjusted
2020-03-02,-6706.631891093563,20000.0,iv_adjusted
2020-03-03,3989.731659305451,19373.475971379532,iv_adjusted
2020-03-04,3719.808277979793,19201.495674787115,iv_adjusted
2020-03-05,3202.683731971967,18973.709500352685,iv_adjusted
2020-03-06,-8936.70181741946,18730.472308597084,iv_adjusted
2020-03-09,3580.335976685578,20000.0,iv_adjusted
2020-03-10,-13288.702746735666,20807.240664247598,iv_adjusted
2020-03-11,-5572.551457721607,19583.655853142525,iv_adjusted
2020-03-12,-4365.721466762668,18464.46483242535,iv_adjusted
2020-03-13,-4662.251080692764,18778.435058013478,iv_adjusted
2020-03-16,27128.359850538367,19958.060360187497,iv_adjusted
2020-03-17,30138.225640553115,20232.761575731296,iv_adjusted
2020-03-18,-19855.945446404163,18962.758434846077,iv_adjusted
2020-03-19,-21346.3450945259,18502.11813135249,iv_adjusted
2020-03-20,40681.97008517347,18738.667210463267,iv_adjusted
2020-03-23,4567.983007919594,20000.0,iv_adjusted
2020-03-24,33943.32566239046,21742.951046872793,iv_adjusted
2020-03-25,17998.74292064161,22678.859787337755,iv_adjusted
2020-03-26,7658.568260704518,24177.141215700038,iv_adjusted
2020-03-27,16773.672958200863,23881.637563713713,iv_adjusted
2020-03-30,25701.545112325548,20000.0,iv_adjusted
2020-03-31,23239.97054209859,19488.43186952836,iv_adjusted
2020-04-01,-955.285027022793,18418.592523350442,iv_adjusted
2020-04-02,2633.2257271423973,18332.10732705738,iv_adjusted
2020-04-03,1247.1212765318512,17840.499524312087,iv_adjusted
2020-04-06,25738.065557817365,20000.0,iv_adjusted
2020-04-07,3784.2872487017366,20117.384995968132,iv_adjusted
2020-04-08,-11292.498042011905,21401.44274019619,iv_adjusted
2020-04-09,1434.3576130027452,22071.143285592545,iv_adjusted
2020-04-13,4301.678842790462,20000.0,iv_adjusted
2020-04-14,19224.92815436208,19827.503902284745,iv_adjusted
2020-04-15,5036.490930441493,19920.998081971422,iv_adjusted
2020-04-16,-10990.720842375733,19299.55012326138,iv_adjusted
2020-04-17,9919.938371701559,19038.15803124326,iv_adjusted
2020-04-20,18305.39609540907,20000.0,iv_adjusted
2020-04-21,1423.1176254286856,19804.290943027027,iv_adjusted
2020-04-22,10253.763112482364,19042.524220182346,iv_adjusted
2020-04-23,5883.838190133835,19197.335300094965,iv_adjusted
2020-04-24,-1784.2122960377833,18639.096499336734,iv_adjusted
2020-04-27,-4803.09946016945,20000.0,iv_adjusted
2020-04-28,-1119.6214888452207,19706.737664741122,iv_adjusted
2020-04-29,-2672.572439657305,19504.352830442174,iv_adjusted
2020-04-30,1353.9033406732156,19353.02501688962,iv_adjusted
2020-05-01,-560.8511088078394,18630.771170275522,iv_adjusted
2020-05-04,1422.5705590888876,20000.0,iv_adjusted
2020-05-05,4629.913966237031,19855.10490305192,iv_adjusted
2020-05-06,3627.326295583757,19151.205411413754,iv_adjusted
2020-05-07,959.7575316658282,19037.58723312078,iv_adjusted
2020-05-08,-937.6122302254537,19082.392628770536,iv_adjusted
2020-05-11,-3022.7720562119034,20000.0,iv_adjusted
2020-05-12,2495.021887016926,19202.170911219626,iv_adjusted
2020-05-13,4322.383876237143,19089.626115357,iv_adjusted
2020-05-14,-3226.067114116599,19197.09565385947,iv_adjusted
2020-05-15,-3110.864888809393,18634.208730478447,iv_adjusted
2020-05-18,-5720.271247303228,20000.0,iv_adjusted
2020-05-19,5539.92785424993,19390.797347509684,iv_adjusted
2020-05-20,2476.4048934691664,19094.33163273201,iv_adjusted
2020-05-21,7229.803239804573,18897.40351861369,iv_adjusted
2020-05-22,-2876.5953828414436,18431.799166527344,iv_adjusted
2020-05-26,-6259.348049519634,20000.0,iv_adjusted
2020-05-27,6080.663964285384,20825.555739249998,iv_adjusted
2020-05-28,5405.959042839831,21120.034917127963,iv_adjusted
2020-05-29,4960.9929253915625,20597.443349278015,iv_adjusted
2020-06-01,-7615.858441316953,20000.0,iv_adjusted
2020-06-02,1014.8630591018502,19777.962674647115,iv_adjusted
2020-06-03,7915.3368258685905,19141.539250342466,iv_adjusted
2020-06-04,-8891.972233344191,18915.4533566353,iv_adjusted
2020-06-05,-8218.309477586105,18793.520863725305,iv_adjusted
2020-06-08,195.01474599426587,20000.0,iv_adjusted
2020-06-09,-6169.00474492538,20589.7450067219,iv_adjusted
2020-06-10,1059.5874346231928,20589.093697224835,iv_adjusted
2020-06-11,25159.10413465391,19749.16478083544,iv_adjusted
2020-06-12,-12506.176612415036,19861.95783166703,iv_adjusted
2020-06-15,1744.4459621699718,20000.0,iv_adjusted
2020-06-16,-746.021310922378,19905.490302482212,iv_adjusted
2020-06-17,7324.50642516523,19342.81875959645,iv_adjusted
2020-06-18,-803.7235146670627,18811.31605032144,iv_adjusted
2020-06-19,-1011.1117761365408,17916.496547345363,iv_adjusted
2020-06-22,1104.6062866741208,20000.0,iv_adjusted
2020-06-23,-5948.759672940969,19215.71080257553,iv_adjusted
2020-06-24,7573.943264980592,18338.807907039005,iv_adjusted
2020-06-25,8442.668350809356,18146.5619354629,iv_adjusted
2020-06-26,-10539.505646081308,17603.747518639135,iv_adjusted
2020-06-29,1291.1746087294257,20000.0,iv_adjusted
2020-06-30,3087.40614647748,19815.60962784991,iv_adjusted
2020-07-01,2041.0469537170572,19439.317067743847,iv_adjusted
2020-07-02,-15505.695246175892,19190.661633888478,iv_adjusted
2020-07-06,10264.865206537364,20000.0,iv_adjusted
2020-07-07,6855.669315249098,19697.9197908268,iv_adjusted
2020-07-08,2749.2044734886827,19351.199491394098,iv_adjusted
2020-07-09,-10150.565001568784,18886.054696162548,iv_adjusted
2020-07-10,7990.744571051637,18851.31912601533,iv_adjusted
2020-07-13,-7685.5086367823715,20000.0,iv_adjusted
2020-07-14,8358.983459554605,19396.90229253264,iv_adjusted
2020-07-15,-6746.023430762358,19150.02995776404,iv_adjusted
2020-07-16,2690.205293129866,18886.46804378971,iv_adjusted
2020-07-17,596.220561630423,18267.169346495022,iv_adjusted
2020-07-20,-358.9158681057799,20000.0,iv_adjusted
2020-07-21,5756.308070482574,19572.019477648217,iv_adjusted
2020-07-22,307.19341305067417,18821.237364112952,iv_adjusted
2020-07-23,-2845.7509009380365,18721.491736663367,iv_adjusted
2020-07-24,-3007.2085158432587,18580.8609137863,iv_adjusted
2020-07-27,604.7657533044164,20000.0,iv_adjusted
2020-07-28,1906.1524731407967,20172.88794563469,iv_adjusted
2020-07-29,-1879.4304734292793,19652.043610344725,iv_adjusted
2020-07-30,955.1396476446147,19673.845221094456,iv_adjusted
2020-07-31,5855.688502527565,18705.45977770152,iv_adjusted
2020-08-03,935.7278617898726,20000.0,iv_adjusted
2020-08-04,2591.4939909568457,19758.57130998864,iv_adjusted
2020-08-05,-105.10386939987504,19426.41292665248,iv_adjusted
2020-08-06,136.03535361283934,19096.798418275775,iv_adjusted
2020-08-07,1718.1577093971582,19030.527356659502,iv_adjusted
2020-08-10,-6377.891477492924,20000.0,iv_adjusted
2020-08-11,6343.877586385729,19706.483751224187,iv_adjusted
2020-08-12,532.7025688834851,19478.345036445888,iv_adjusted
2020-08-13,1779.0612375948422,19400.540655228353,iv_adjusted
2020-08-14,43.23810804402122,19147.319011133535,iv_adjusted
2020-08-17,-3499.672251962952,20000.0,iv_adjusted
2020-08-18,4747.764406078206,19773.02939799015,iv_adjusted
2020-08-19,4611.0811268393045,19243.757920173593,iv_adjusted
2020-08-20,198.24427195655434,18945.343138301723,iv_adjusted
2020-08-21,3111.5859401595594,18393.835949396682,iv_adjusted
2020-08-24,-6506.352734127281,20000.0,iv_adjusted
2020-08-25,11067.532123311086,19545.500968531156,iv_adjusted
2020-08-26,-1216.6385287938938,19039.91740964948,iv_adjusted
2020-08-27,2141.819682555499,19002.48657796296,iv_adjusted
2020-08-28,830.6164115292077,18658.98597401542,iv_adjusted
2020-08-31,748.8186963179464,20000.0,iv_adjusted
2020-09-01,-1666.1206516838279,19427.339618693946,iv_adjusted
2020-09-02,-1204.4283453058272,19142.605506460804,iv_adjusted
2020-09-03,-3219.03462129364,19382.940778883076,iv_adjusted
2020-09-04,2399.2223544282156,19019.02751189783,iv_adjusted
2020-09-08,-306.71025666714644,20000.0,iv_adjusted
2020-09-09,5758.4867024510395,19872.88479777428,iv_adjusted
2020-09-10,422.36692833158804,19068.324059916587,iv_adjusted
2020-09-11,6636.290310976556,18605.55283564164,iv_adjusted
2020-09-14,-377.39890170516827,20000.0,iv_adjusted
2020-09-15,7847.731265958808,19607.40404769465,iv_adjusted
2020-09-16,-4211.187819612337,19453.07825170643,iv_adjusted
2020-09-17,4917.022157725839,19600.342915704376,iv_adjusted
2020-09-18,-5666.575404476738,18660.281726088917,iv_adjusted
2020-09-21,-13002.605968084761,20000.0,iv_adjusted
2020-09-22,6114.279218072258,19817.24882940305,iv_adjusted
2020-09-23,2039.0133990053346,18870.45677167173,iv_adjusted
2020-09-24,-2552.919587547315,19117.033576181013,iv_adjusted
2020-09-25,2727.7807969657665,19491.093821655835,iv_adjusted
2020-09-28,1968.3840968381667,20000.0,iv_adjusted
2020-09-29,-84.48480741087465,19674.798808243857,iv_adjusted
2020-09-30,5813.661659997598,19487.767654045925,iv_adjusted
2020-10-01,-1312.0813464866415,19204.61061560259,iv_adjusted
2020-10-02,2581.3806055169257,18990.710168840877,iv_adjusted
2020-10-05,-3453.329447690732,20000.0,iv_adjusted
2020-10-06,4073.367455560548,19744.01470669765,iv_adjusted
2020-10-07,-1461.5052691722344,19250.339547929674,iv_adjusted
2020-10-08,4094.6424557805976,18598.10610864502,iv_adjusted
2020-10-09,-2581.0394533541116,18124.687212356086,iv_adjusted
2020-10-12,5207.164352488273,20000.0,iv_adjusted
2020-10-13,-2820.6984006811167,19939.006057738334,iv_adjusted
2020-10-14,2676.942013948503,19727.352743168518,iv_adjusted
2020-10-15,-4502.168843580235,19319.85662427872,iv_adjusted
2020-10-16,-45.70767969162267,18697.786390286587,iv_adjusted
2020-10-19,3770.5021797166014,20000.0,iv_adjusted
2020-10-20,-7598.521408556803,19870.87799168833,iv_adjusted
2020-10-21,8816.146876980785,19361.461227937758,iv_adjusted
2020-10-22,-9565.222738137443,18885.56043817327,iv_adjusted
2020-10-23,657.0469626504616,18475.904289025253,iv_adjusted
2020-10-26,3652.4730103261545,20000.0,iv_adjusted
2020-10-27,29255.694594754703,20088.281380649187,iv_adjusted
2020-10-28,-2536.351766934639,20421.518490627943,iv_adjusted
2020-10-29,7471.526230478075,19795.501531472193,iv_adjusted
2020-10-30,-8245.036385439174,19579.37107078277,iv_adjusted
2020-11-02,12970.98819364563,20000.0,iv_adjusted
2020-11-03,8172.21748160703,19656.60794255788,iv_adjusted
2020-11-04,-119.42887037342481,19100.47122592654,iv_adjusted
2020-11-05,248.65800150063743,18608.241339849297,iv_adjusted
2020-11-06,-388.39626980787864,18428.783215141753,iv_adjusted
2020-11-09,2227.166597039786,20000.0,iv_adjusted
2020-11-10,-12176.391703831947,20962.318984943784,iv_adjusted
2020-11-11,4756.297399834099,20640.379163901016,iv_adjusted
2020-11-12,1168.0535343726801,20825.260449700825,iv_adjusted
2020-11-13,-3991.204074759006,20013.209571017553,iv_adjusted
2020-11-16,63.06084885126293,20000.0,iv_adjusted
2020-11-17,-166.80747318613902,20329.87963685962,iv_adjusted
2020-11-18,3878.0043174932466,20621.811890056935,iv_adjusted
2020-11-19,-2810.3272819756157,20142.787429727967,iv_adjusted
2020-11-20,-703.6020131579236,20072.433909797983,iv_adjusted
2020-11-23,-3267.046312308682,20000.0,iv_adjusted
2020-11-24,8514.166479177235,20016.10911677277,iv_adjusted
2020-11-25,-2994.7087883271392,20063.723810919728,iv_adjusted
2020-11-27,-2870.8461025266374,19581.052031438336,iv_adjusted
2020-11-30,1368.7651985769323,20000.0,iv_adjusted
2020-12-01,-1841.9579471781967,19830.004487356353,iv_adjusted
2020-12-02,1674.2728110469347,19653.1163364658,iv_adjusted
2020-12-03,957.3714402442178,19532.608666999637,iv_adjusted
2020-12-04,1882.6197945837064,18969.219392401577,iv_adjusted
2020-12-07,4112.0449094011865,20000.0,iv_adjusted
2020-12-08,-5873.536085506742,19976.77789741063,iv_adjusted
2020-12-09,3772.6085939709974,19761.05862882376,iv_adjusted
2020-12-10,-207.6026993138365,19765.17293349195,iv_adjusted
2020-12-11,-1583.6886820803488,19583.41587051559,iv_adjusted
2020-12-14,900.2313082463921,20000.0,iv_adjusted
2020-12-15,4452.790288279446,19373.890801942904,iv_adjusted
2020-12-16,-4093.378982146867,19097.45226370034,iv_adjusted
2020-12-17,4001.8008014594348,18914.33847582965,iv_adjusted
2020-12-18,4924.70384073222,18967.225872628707,iv_adjusted
2020-12-21,-423.1198970966936,20000.0,iv_adjusted
2020-12-22,1660.5596260297539,20083.177421465865,iv_adjusted
2020-12-23,-432.95643833923964,19634.233768089875,iv_adjusted
2020-12-24,6466.038388963923,18682.247248631425,iv_adjusted
2020-12-28,-3592.5431591004885,20000.0,iv_adjusted
2020-12-29,2643.409723172608,19710.218516751804,iv_adjusted
2020-12-30,-2842.260514604991,19546.65645975838,iv_adjusted
2020-12-31,2433.887432384566,19358.362240012666,iv_adjusted
2021-01-04,-2446.6773848198563,20000.0,iv_adjusted
2021-01-05,606.6826369275691,19725.208065619383,iv_adjusted
2021-01-06,2765.013398638971,19054.488116803896,iv_adjusted
2021-01-07,-3338.487522739128,18491.785223432747,iv_adjusted
2021-01-08,-692.055031248682,18230.49084874863,iv_adjusted
2021-01-11,-131.6581163564714,20000.0,iv_adjusted
2021-01-12,-926.5408836825769,19790.613342965084,iv_adjusted
2021-01-13,2485.891205248941,19726.13438046217,iv_adjusted
2021-01-14,-2433.9585444585764,19428.505039859312,iv_adjusted
2021-01-15,3440.0622878639333,19555.66092358333,iv_adjusted
2021-01-19,1328.067920845814,20000.0,iv_adjusted
2021-01-20,-1820.0622533997437,19753.3870419596,iv_adjusted
2021-01-21,691.2086994744766,19755.12314182021,iv_adjusted
2021-01-22,3394.280133453616,19160.93585976269,iv_adjusted
2021-01-25,-6130.862075569741,20000.0,iv_adjusted
2021-01-26,4235.0028801665285,20027.13115094946,iv_adjusted
2021-01-27,-6001.8380171162735,20176.20672032316,iv_adjusted
2021-01-28,-2565.477167423439,19778.86696831093,iv_adjusted
2021-01-29,9978.227652491156,18661.12933599042,iv_adjusted
2021-02-01,-609.7376842984477,20000.0,iv_adjusted
2021-02-02,7171.756679933435,19774.2257586213,iv_adjusted
2021-02-03,541.3153708630497,19500.201005203202,iv_adjusted
2021-02-04,3944.5037852546566,18898.810930228392,iv_adjusted
2021-02-05,2309.5634628617604,18493.348271694475,iv_adjusted
2021-02-08,931.4470020064318,20000.0,iv_adjusted
2021-02-09,2633.396896621095,19687.624861599674,iv_adjusted
2021-02-10,458.6590256243388,19584.439863136147,iv_adjusted
2021-02-11,1035.5006564900136,19148.483327759746,iv_adjusted
2021-02-12,950.0424755853415,18827.63645064228,iv_adjusted
2021-02-16,7.926004247534024,20000.0,iv_adjusted
2021-02-17,3789.74350838174,20264.65273682994,iv_adjusted
2021-02-18,370.7087584882516,19848.66996573216,iv_adjusted
2021-02-19,1330.6045732394543,19515.180324978348,iv_adjusted
2021-02-22,-1314.5758044958666,20000.0,iv_adjusted
2021-02-23,-6658.254429816123,20074.54914504956,iv_adjusted
2021-02-24,3997.8903791897187,19802.398591356014,iv_adjusted
2021-02-25,6748.300584124,20733.58280991555,iv_adjusted
2021-02-26,-1915.8119574195662,19964.07303315567,iv_adjusted
2021-03-01,1173.541404511698,20000.0,iv_adjusted
2021-03-02,5070.80296298863,19646.262944426828,iv_adjusted
2021-03-03,3576.9595433351487,19222.791064606143,iv_adjusted
2021-03-04,2308.894326490974,18643.776466577096,iv_adjusted
2021-03-05,805.8131193655489,18659.777014439704,iv_adjusted
2021-03-08,3338.1667765906454,20000.0,iv_adjusted
2021-03-09,2190.658121392433,20414.340953884144,iv_adjusted
2021-03-10,-1157.422935410598,19624.524172725593,iv_adjusted
2021-03-11,2764.4004610330417,19632.15214616328,iv_adjusted
2021-03-12,-1284.177303750012,19099.109992109607,iv_adjusted
2021-03-15,-1032.3849519244393,20000.0,iv_adjusted
2021-03-16,5006.138528561966,19868.28045684346,iv_adjusted
2021-03-17,-2157.62954751259,19098.820862551464,iv_adjusted
2021-03-18,2445.420760972678,19002.58831768448,iv_adjusted
2021-03-19,7788.711009268638,18570.78512231866,iv_adjusted
2021-03-22,3788.0851794248356,20000.0,iv_adjusted
2021-03-23,-8728.856008528786,20444.50054904277,iv_adjusted
2021-03-24,-347.42737982519805,20442.99881166316,iv_adjusted
2021-03-25,-1448.2826892782791,18979.480471024515,iv_adjusted
2021-03-26,6677.529115228075,19148.947860847904,iv_adjusted
2021-03-29,-14564.626704675045,20000.0,iv_adjusted
2021-03-30,285.5547961873567,19662.354924746254,iv_adjusted
2021-03-31,2409.844989730261,19371.25984950574,iv_adjusted
2021-04-01,-220.12721003563428,19109.850512360095,iv_adjusted
2021-04-05,-4.922491195346211,20000.0,iv_adjusted
2021-04-06,-37.92439025803234,19720.949590466695,iv_adjusted
2021-04-07,3805.4235503345612,19486.805563279602,iv_adjusted
2021-04-08,1164.112286599554,18967.00335839512,iv_adjusted
2021-04-09,3701.85006634669,18302.654092619832,iv_adjusted
2021-04-12,-1040.640037432548,20000.0,iv_adjusted
2021-04-13,2546.390329296954,19567.876827199365,iv_adjusted
2021-04-14,-763.6020462492954,19448.46702739436,iv_adjusted
2021-04-15,2232.9256268702115,18550.76884151842,iv_adjusted
2021-04-16,3927.033082038994,17909.12697157501,iv_adjusted
2021-04-19,3240.8752981421026,20000.0,iv_adjusted
2021-04-20,-155.4742926182258,19818.185942024054,iv_adjusted
2021-04-21,3147.0344902090883,18922.03597130402,iv_adjusted
2021-04-22,-3762.682280798301,18933.018201537907,iv_adjusted
2021-04-23,2615.2801289565095,17828.062710285856,iv_adjusted
2021-04-26,2265.6431375201505,20000.0,iv_adjusted
2021-04-27,-4294.571150811865,19255.511425763118,iv_adjusted
2021-04-28,3714.409349706574,18447.681826386895,iv_adjusted
2021-04-29,-5617.689212475995,17593.158531504363,iv_adjusted
2021-04-30,9906.814426971354,17697.20418884212,iv_adjusted
2021-05-03,-5428.553031278069,20000.0,iv_adjusted
2021-05-04,885.6184637010997,19475.564872460793,iv_adjusted
2021-05-05,4931.691829717422,19054.051765153115,iv_adjusted
2021-05-06,-1346.3119052972013,18683.123567209397,iv_adjusted
2021-05-07,-252.6627659130076,18332.8567020995,iv_adjusted
2021-05-10,4485.540647147902,20000.0,iv_adjusted
2021-05-11,-924.6786872027619,20169.308898893116,iv_adjusted
2021-05-12,2136.565156973776,19716.8564122437,iv_adjusted
2021-05-13,-3119.3537057539424,19455.45146229131,iv_adjusted
2021-05-14,-1093.7622114688702,19257.131261252413,iv_adjusted
2021-05-17,1534.6289521500619,20000.0,iv_adjusted
2021-05-18,5532.123032987792,19782.46799522443,iv_adjusted
2021-05-19,959.9983903236277,19656.106328555434,iv_adjusted
2021-05-20,788.3796956722365,19267.186215688555,iv_adjusted
2021-05-21,1025.0280360438785,19078.26513596577,iv_adjusted
2021-05-24,1385.9232762055517,20000.0,iv_adjusted
2021-05-25,5699.0451734812,19907.810734762523,iv_adjusted
2021-05-26,-3448.39468411114,19520.924923771687,iv_adjusted
2021-05-27,-8456.419895375167,19123.677749247072,iv_adjusted
2021-05-28,-511.6773333504966,18752.781118913557,iv_adjusted
2021-06-01,552.0581791885811,20000.0,iv_adjusted
2021-06-02,2001.8221733647852,19736.127819186902,iv_adjusted
2021-06-03,2744.717947351337,19325.971345308488,iv_adjusted
2021-06-04,2372.3705223557313,18839.300577942675,iv_adjusted
2021-06-07,3298.988789347388,20000.0,iv_adjusted
2021-06-08,-409.9078594250275,19709.28006992087,iv_adjusted
2021-06-09,-1178.672100634761,19280.672889023517,iv_adjusted
2021-06-10,3064.0054611795485,18548.877120360077,iv_adjusted
2021-06-11,-1889.0849978486683,17980.347736207237,iv_adjusted
2021-06-14,3182.5114020584565,20000.0,iv_adjusted
2021-06-15,4626.925217368471,20332.26959522143,iv_adjusted
2021-06-16,-4646.595652859314,19970.788620177216,iv_adjusted
2021-06-17,-10634.914213528304,19018.902424838438,iv_adjusted
2021-06-18,1939.4505299314644,18251.712151105417,iv_adjusted
2021-06-21,-119.74666552993914,20000.0,iv_adjusted
2021-06-22,4006.592935220339,19269.021597920273,iv_adjusted
2021-06-23,138.4818200922523,18492.326128884044,iv_adjusted
2021-06-24,-539.1102617079816,19129.809621653643,iv_adjusted
2021-06-25,-228.07317444496897,18777.790334038942,iv_adjusted
2021-06-28,-12003.707649080421,20000.0,iv_adjusted
2021-06-29,-1159.385586105375,19714.87440722366,iv_adjusted
2021-06-30,253.03236648290846,19621.711072637652,iv_adjusted
2021-07-01,8735.43730748047,20336.418427301778,iv_adjusted
2021-07-02,3535.9345722072007,19966.854679320637,iv_adjusted
2021-07-06,-4821.237560831235,20000.0,iv_adjusted
2021-07-07,-1282.1928813571972,19412.363345719812,iv_adjusted
2021-07-08,1049.5787437584495,19135.048321236176,iv_adjusted
2021-07-09,5035.226769625927,18892.171453275678,iv_adjusted
2021-07-12,1766.998326034522,20000.0,iv_adjusted
2021-07-13,-2774.351114898493,19616.127638032962,iv_adjusted
2021-07-14,-534.0262449786355,19091.812135462318,iv_adjusted
2021-07-15,2127.5736178130833,18616.10966024649,iv_adjusted
2021-07-16,-1265.4965566169801,17881.220060547068,iv_adjusted
2021-07-19,1620.8421706398094,20000.0,iv_adjusted
2021-07-20,3948.7864039903884,20143.453958741,iv_adjusted
2021-07-21,4312.385959474362,20045.17053544546,iv_adjusted
2021-07-22,-4872.186837201945,19149.18216263765,iv_adjusted
2021-07-23,-3666.3963102283437,18232.05123576227,iv_adjusted
2021-07-26,2617.6564739613723,20000.0,iv_adjusted
2021-07-27,-2895.7784601269773,19217.215269378576,iv_adjusted
2021-07-28,561.0968554259639,18604.501698785592,iv_adjusted
2021-07-29,-5658.80498394548,16887.22350599666,iv_adjusted
2021-07-30,5026.264292549332,16343.906706335245,iv_adjusted
2021-08-02,1191.7575605749314,20000.0,iv_adjusted
2021-08-03,1913.3972630763922,19647.18895717177,iv_adjusted
2021-08-04,-2658.563924689763,19325.687165611274,iv_adjusted
2021-08-05,-5768.838496175903,19024.019371493803,iv_adjusted
2021-08-06,3285.301626712793,18714.92515855105,iv_adjusted
2021-08-09,-102.73529862332396,20000.0,iv_adjusted
2021-08-10,156.46591375835789,19507.35039345598,iv_adjusted
2021-08-11,-2274.768310357586,19171.810708514244,iv_adjusted
2021-08-12,271.9422724549175,18758.24010798198,iv_adjusted
2021-08-13,28.586346365777434,18525.762773894316,iv_adjusted
2021-08-16,475.36624343643086,20000.0,iv_adjusted
2021-08-17,-1811.0542952790431,20000.87040935477,iv_adjusted
2021-08-18,2071.444842507306,19664.512495079147,iv_adjusted
2021-08-19,1781.7994378263782,19447.502707327116,iv_adjusted
2021-08-20,227.01364281206477,18798.80078642526,iv_adjusted
2021-08-23,-1190.5253907689982,20000.0,iv_adjusted
2021-08-24,-1070.43971395078,19670.62052354532,iv_adjusted
2021-08-25,-4099.224770842442,19084.145447166586,iv_adjusted
2021-08-26,4010.459157326342,18686.358288448333,iv_adjusted
2021-08-27,-339.58485408147743,17877.8353109485,iv_adjusted
2021-08-30,-1525.8811863433505,20000.0,iv_adjusted
2021-08-31,-2119.741541329148,19891.76369599779,iv_adjusted
2021-09-01,-61.69543455660684,19343.89670912574,iv_adjusted
2021-09-02,524.4767752297352,18858.60151629325,iv_adjusted
2021-09-03,-1481.546221797289,18430.006175577193,iv_adjusted
2021-09-07,4548.23027998969,20000.0,iv_adjusted
2021-09-08,1534.505089576723,20030.940093932742,iv_adjusted
2021-09-09,-511.91954174601005,19640.886739780206,iv_adjusted
2021-09-10,3118.024816364885,19190.82247684533,iv_adjusted
2021-09-13,-2714.3184539324006,20000.0,iv_adjusted
2021-09-14,1843.8380581749816,19420.074076491255,iv_adjusted
2021-09-15,-944.2490311725343,18942.075418806508,iv_adjusted
2021-09-16,913.2048640990242,18751.180211106264,iv_adjusted
2021-09-17,-1393.4126304941844,18055.724568150352,iv_adjusted
2021-09-20,-7561.640363593675,20000.0,iv_adjusted
2021-09-21,4918.300190971437,18459.643824022238,iv_adjusted
2021-09-22,3828.5900849885356,18699.1199672355,iv_adjusted
2021-09-23,-5385.20564731745,18632.32210670846,iv_adjusted
2021-09-24,607.5533045678596,17837.009630273973,iv_adjusted
2021-09-27,-74.77689797040959,20000.0,iv_adjusted
2021-09-28,-2663.280095784512,19336.747721433643,iv_adjusted
2021-09-29,8381.805473287322,19186.08034388979,iv_adjusted
2021-09-30,-1427.1680995620482,18319.33599507272,iv_adjusted
2021-10-01,-1212.2273260236711,18440.554126676263,iv_adjusted
2021-10-04,752.2143358129773,20000.0,iv_adjusted
2021-10-05,-184.99440238029422,20203.283922867173,iv_adjusted
2021-10-06,-201.94648293545424,19973.518229988407,iv_adjusted
2021-10-07,-438.64695989947916,19883.29001352691,iv_adjusted
2021-10-08,-416.2536694986822,19195.40308969871,iv_adjusted
2021-10-11,2333.6718810380426,20000.0,iv_adjusted
2021-10-12,231.88457249648042,19542.80841997092,iv_adjusted
2021-10-13,3200.5712763865536,19171.776206291885,iv_adjusted
2021-10-14,7390.766132758649,19168.328956933776,iv_adjusted
2021-10-15,-1212.4356494161577,18672.88968131614,iv_adjusted
2021-10-18,200.1355783734358,20000.0,iv_adjusted
2021-10-19,4220.716345623917,19764.344610105687,iv_adjusted
2021-10-20,-4049.7524619831966,19068.35960988272,iv_adjusted
2021-10-21,1863.297703213928,18561.921528064882,iv_adjusted
2021-10-22,3987.899332767727,17761.18235814449,iv_adjusted
2021-10-25,-2329.146159014886,20000.0,iv_adjusted
2021-10-26,10981.093211523796,20359.641053198568,iv_adjusted
2021-10-27,-2749.6682417212633,20157.824444761878,iv_adjusted
2021-10-28,6495.924844547168,20661.533023112366,iv_adjusted
2021-10-29,-3014.4212944086544,19988.72400753784,iv_adjusted
2021-11-01,-207.29238000350384,20000.0,iv_adjusted
2021-11-02,7249.199166100052,19495.645141043093,iv_adjusted
2021-11-03,-2667.1981637908234,19061.45403068149,iv_adjusted
2021-11-04,1266.8653744464832,18581.71704642213,iv_adjusted
2021-11-05,-8864.202725444884,18028.44571324114,iv_adjusted
2021-11-08,-4405.130906521221,20000.0,iv_adjusted
2021-11-09,2630.9435696863866,19487.711865999656,iv_adjusted
2021-11-10,2921.814330086922,19441.563169502897,iv_adjusted
2021-11-11,-1897.879647125388,18864.42376243121,iv_adjusted
2021-11-12,688.8501247749314,18181.592578648782,iv_adjusted
2021-11-15,-4097.9888539817275,20000.0,iv_adjusted
2021-11-16,3352.3843799953584,19561.678798523502,iv_adjusted
2021-11-17,1269.6871901097772,19016.964990612996,iv_adjusted
2021-11-18,28575.270025858266,18364.137480781297,iv_adjusted
2021-11-19,-8464.348894233939,17978.30841293474,iv_adjusted
2021-11-22,4523.768149978662,20000.0,iv_adjusted
2021-11-23,-9422.475057062034,19729.150440585272,iv_adjusted
2021-11-24,-2546.4463035814997,19068.994124134995,iv_adjusted
2021-11-26,-2771.4957283612725,19738.886498188116,iv_adjusted
2021-11-29,-4384.631066629763,20000.0,iv_adjusted
2021-11-30,3557.4184570908624,18957.567552811423,iv_adjusted
2021-12-01,-6549.979264988652,18135.831062221183,iv_adjusted
2021-12-02,2407.0669460761824,18916.55045707256,iv_adjusted
2021-12-03,818.3104473587549,18617.086015830137,iv_adjusted
2021-12-06,2903.3199867384515,20000.0,iv_adjusted
2021-12-07,-15.039319451236508,19703.563892664857,iv_adjusted
2021-12-08,1629.0966630848056,19284.024485867823,iv_adjusted
2021-12-09,4657.999938638398,18864.96975862255,iv_adjusted
2021-12-10,-1071.0719542779123,18253.41373101936,iv_adjusted
2021-12-13,-3027.5706686107314,20000.0,iv_adjusted
2021-12-14,1331.5172463522256,19812.07569289035,iv_adjusted
2021-12-15,-491.0362296850017,19034.759144967444,iv_adjusted
2021-12-16,4895.691236349975,18457.693514135444,iv_adjusted
2021-12-17,-702.5851779245829,18242.082661674143,iv_adjusted
2021-12-20,-799.1935564522383,20000.0,iv_adjusted
2021-12-21,-479.5575133833637,20045.063600104033,iv_adjusted
2021-12-22,-259.51423711276897,19236.647747520787,iv_adjusted
2021-12-23,-242.14232940017254,18960.327499134386,iv_adjusted
2021-12-27,5028.044271447025,20000.0,iv_adjusted
2021-12-28,-1083.3456322221507,19328.451730589586,iv_adjusted
2021-12-29,-3355.1842088501817,18347.739484588084,iv_adjusted
2021-12-30,-18103.347074354973,17967.919496435454,iv_adjusted
2021-12-31,19389.517301706866,17063.812577291632,iv_adjusted
2022-01-03,-17476.316335687115,20000.0,iv_adjusted
2022-01-04,-527.57013765037,19558.017752088923,iv_adjusted
2022-01-05,6047.1644661541095,18929.202611350916,iv_adjusted
2022-01-06,-4926.026996089072,18562.84639541367,iv_adjusted
2022-01-07,7284.82349125064,17754.213889991173,iv_adjusted
2022-01-10,-6927.562386005518,20000.0,iv_adjusted
2022-01-11,1740.613598076458,19770.555649829672,iv_adjusted
2022-01-12,1041.9109598589025,19379.7441292905,iv_adjusted
2022-01-13,2580.266971050522,18585.230127866405,iv_adjusted
2022-01-14,-761.6269650727761,17851.377420874174,iv_adjusted
2022-01-18,-5548.5304823242,20000.0,iv_adjusted
2022-01-19,3037.8696994234974,20024.29366026587,iv_adjusted
2022-01-20,701.1193881631905,20399.992985429486,iv_adjusted
2022-01-21,835.927852703878,20414.28773360254,iv_adjusted
2022-01-24,3961.583646037903,20000.0,iv_adjusted
2022-01-25,5056.608437189425,19939.172796197377,iv_adjusted
2022-01-26,2944.7223317640583,20285.647519212594,iv_adjusted
2022-01-27,-7325.565588523849,19468.642964693296,iv_adjusted
2022-01-28,2441.369484603165,19942.39961025304,iv_adjusted
2022-01-31,8833.592896355174,20000.0,iv_adjusted
2022-02-01,-2109.00646277897,19553.05707149306,iv_adjusted
2022-02-02,-64.05352554300151,19217.709556924972,iv_adjusted
2022-02-03,9775.084685419866,18933.319686299714,iv_adjusted
2022-02-04,6084.627225741673,18270.019566760395,iv_adjusted
2022-02-07,-9398.0110616863,20000.0,iv_adjusted
2022-02-08,-2097.2917258102693,19473.65756069318,iv_adjusted
2022-02-09,-1491.4011764828713,19192.383541690306,iv_adjusted
2022-02-10,7033.83984010613,18877.458338911838,iv_adjusted
2022-02-11,5107.553334787801,18474.986823714822,iv_adjusted
2022-02-14,-3162.171264726954,20000.0,iv_adjusted
2022-02-15,-2239.777104623272,19374.06166251331,iv_adjusted
2022-02-16,-3011.0727938325663,18545.141652471,iv_adjusted
2022-02-17,6362.426805716741,18215.946347044184,iv_adjusted
2022-02-18,828.6766441865194,18007.085000173047,iv_adjusted
2022-02-22,4924.251080658815,20000.0,iv_adjusted
2022-02-23,13830.453077530956,20120.802648400935,iv_adjusted
2022-02-24,-3750.7671773434486,21262.258093529264,iv_adjusted
2022-02-25,-2206.2719441642776,21500.436981213297,iv_adjusted
2022-02-28,-2181.3417453592347,20000.0,iv_adjusted
2022-03-01,-4651.875418287035,14856.842292497358,iv_adjusted
2022-03-02,382.0028055595768,14925.002204125874,iv_adjusted
2022-03-03,292.4989223003388,14685.43397472,iv_adjusted
2022-03-04,-5775.519914602556,14349.91175652557,iv_adjusted
2022-03-07,-6520.324224376269,19885.032139577594,iv_adjusted
2022-03-08,255.82940347236345,19823.776512527726,iv_adjusted
2022-03-09,1546.0415831545706,20232.814538718,iv_adjusted
2022-03-10,-1069.4820508778098,19913.692685522954,iv_adjusted
2022-03-11,2023.2623657432384,19531.669609022545,iv_adjusted
2022-03-14,1751.2202033219342,20000.0,iv_adjusted
2022-03-15,3297.136366794606,20104.27500780691,iv_adjusted
2022-03-16,3544.503380082526,20174.664941457642,iv_adjusted
2022-03-17,-4220.057968519651,19851.6178395226,iv_adjusted
2022-03-18,-252.02654504841584,19521.370164522188,iv_adjusted
2022-03-21,-704.6410200251288,20000.0,iv_adjusted
2022-03-22,7082.7224660917245,19648.300890340837,iv_adjusted
2022-03-23,-3700.1094067322606,19550.909196102737,iv_adjusted
2022-03-24,5759.2115680347415,19149.81973721927,iv_adjusted
2022-03-25,-163.9494834383396,18776.314948415024,iv_adjusted
2022-03-28,1478.0266179611085,20000.0,iv_adjusted
2022-03-29,-218.776442376891,19719.354914759526,iv_adjusted
2022-03-30,1771.5232788186574,19526.04208982356,iv_adjusted
2022-03-31,-458.8317435052508,19776.88509286542,iv_adjusted
2022-04-01,5073.232366069075,19121.82719745114,iv_adjusted
2022-04-04,4742.631765797721,20000.0,iv_adjusted
2022-04-05,2936.7917776095037,20024.696634516615,iv_adjusted
2022-04-06,-1838.708756642485,20177.152231601387,iv_adjusted
2022-04-07,-1292.044000758881,20233.303873089637,iv_adjusted
2022-04-08,-874.0785569123028,19990.62590439172,iv_adjusted
2022-04-11,5858.710352334874,20000.0,iv_adjusted
2022-04-12,985.1462720952896,19483.524828144775,iv_adjusted
2022-04-13,-1336.015252983148,19496.64151774093,iv_adjusted
2022-04-14,1320.8719685356834,19000.7827766571,iv_adjusted
2022-04-18,2898.6807996669963,20000.0,iv_adjusted
2022-04-19,310.7620019432973,20108.644856492592,iv_adjusted
2022-04-20,1147.740097376736,19983.97369511555,iv_adjusted
2022-04-21,-8498.230020044422,19904.348106445832,iv_adjusted
2022-04-22,-9047.357528226807,20023.02802684744,iv_adjusted
2022-04-25,-187.30483420915056,20000.0,iv_adjusted
2022-04-26,-1171.8014147729816,19659.457293837,iv_adjusted
2022-04-27,1828.5816011911747,19146.76861787741,iv_adjusted
2022-04-28,6575.885016983752,18905.15444094354,iv_adjusted
2022-04-29,8378.565596933358,18803.923308873287,iv_adjusted
2022-05-02,8312.775777057863,20000.0,iv_adjusted
2022-05-03,527.4935557976639,19876.224475123196,iv_adjusted
2022-05-04,9615.999252396945,19554.7542099023,iv_adjusted
2022-05-05,2821.4878429325004,19420.111286256513,iv_adjusted
2022-05-06,-4881.595580776081,18778.350130283197,iv_adjusted
2022-05-09,-6509.896404088058,20000.0,iv_adjusted
2022-05-10,3614.259992249752,20076.97020454737,iv_adjusted
2022-05-11,-1955.6970566614525,19583.240206919487,iv_adjusted
2022-05-12,3838.3778056552183,19504.160818488654,iv_adjusted
2022-05-13,-6434.175264292194,19635.386482791764,iv_adjusted
2022-05-16,3562.268116325282,20000.0,iv_adjusted
2022-05-17,-4253.625683998956,19902.618697882608,iv_adjusted
2022-05-18,-10343.823019282536,19175.229892112326,iv_adjusted
2022-05-19,6705.823060847487,18678.198107762775,iv_adjusted
2022-05-20,-1827.0606514287026,18562.01380425751,iv_adjusted
2022-05-23,-2206.0372280799684,20000.0,iv_adjusted
2022-05-24,-5175.276374804316,19578.709403445337,iv_adjusted
2022-05-25,-5917.885290480679,19284.414989633213,iv_adjusted
2022-05-26,-5965.012647519576,19298.23534922409,iv_adjusted
2022-05-27,7637.291581500097,18723.801042378043,iv_adjusted
2022-05-31,3613.5824856967783,20000.0,iv_adjusted
2022-06-01,-863.9081954823256,19406.960931876365,iv_adjusted
2022-06-02,1520.8839034809598,19159.093282097998,iv_adjusted
2022-06-03,2870.0816008579113,18767.35014280949,iv_adjusted
2022-06-06,-3431.388517532739,20000.0,iv_adjusted
2022-06-07,1312.9851285802727,19892.57511656813,iv_adjusted
2022-06-08,926.8915795677065,19507.690701133684,iv_adjusted
2022-06-09,864.9619257317202,18601.50649644424,iv_adjusted
2022-06-10,-5684.307724352951,17337.682725220675,iv_adjusted
2022-06-13,-11595.61988751872,20000.0,iv_adjusted
2022-06-14,5565.098124465411,20460.6418063436,iv_adjusted
2022-06-15,1517.550363563749,20505.867136980385,iv_adjusted
2022-06-16,-7228.498453780818,21798.014576235822,iv_adjusted
2022-06-17,-3493.9854394406048,22043.62051084891,iv_adjusted
2022-06-21,-3742.1986858891714,20000.0,iv_adjusted
2022-06-22,-8424.897004561084,20126.45511926635,iv_adjusted
2022-06-23,-1129.0330000644385,20954.766590639636,iv_adjusted
2022-06-24,12726.09000509167,21911.43688934961,iv_adjusted
2022-06-27,2026.534658453221,20000.0,iv_adjusted
2022-06-28,1602.5704629423774,19735.00982096361,iv_adjusted
2022-06-29,1761.9283630876594,19433.114100006973,iv_adjusted
2022-06-30,588.993652882758,18993.163579811975,iv_adjusted
2022-07-01,1583.1711764169509,18692.635658681134,iv_adjusted
2022-07-05,-5925.16177078797,20000.0,iv_adjusted
2022-07-06,2977.565798466172,19620.08464021012,iv_adjusted
2022-07-07,-1519.615196400812,19512.298938831223,iv_adjusted
2022-07-08,2179.9539138746673,19213.65869831442,iv_adjusted
2022-07-11,-1563.9048406820239,20000.0,iv_adjusted
2022-07-12,1537.4894276412947,19776.238412807434,iv_adjusted
2022-07-13,3498.7030439361865,19409.776189834032,iv_adjusted
2022-07-14,-4098.00604903031,18838.919978620906,iv_adjusted
2022-07-15,438.6026130192991,18804.18791159601,iv_adjusted
2022-07-18,-693.437684702248,20000.0,iv_adjusted
2022-07-19,-13386.502784598,19848.04511865792,iv_adjusted
2022-07-20,2971.3416182617034,19207.0522455076,iv_adjusted
2022-07-21,5041.628789049206,18715.820301100575,iv_adjusted
2022-07-22,-1589.3306455104512,18529.418619490152,iv_adjusted
2022-07-25,-1265.828245684778,20000.0,iv_adjusted
2022-07-26,3035.803830771394,19715.085974800597,iv_adjusted
2022-07-27,4961.327199166394,18336.580559868667,iv_adjusted
2022-07-28,839.9980180898293,17614.1701762413,iv_adjusted
2022-07-29,-7365.944477807604,17766.591851377343,iv_adjusted
2022-08-01,4667.873075237402,20000.0,iv_adjusted
2022-08-02,-404.59506200401984,19552.919342410547,iv_adjusted
2022-08-03,3022.50773390587,19122.334529770447,iv_adjusted
2022-08-04,830.9019793391775,18685.07550131464,iv_adjusted
2022-08-05,4692.2975247379145,18319.56176730528,iv_adjusted
2022-08-08,-3918.4236056646796,20000.0,iv_adjusted
2022-08-09,6861.366423544775,19538.877610924268,iv_adjusted
2022-08-10,636.7614638822015,18839.53983893817,iv_adjusted
2022-08-11,133.52537207119673,18364.262840679312,iv_adjusted
2022-08-12,5176.378280502144,17039.69902938637,iv_adjusted
2022-08-15,-1478.9169774633906,20000.0,iv_adjusted
2022-08-16,1898.57792679438,19125.91303691363,iv_adjusted
2022-08-17,-749.706220530612,19517.39855011143,iv_adjusted
2022-08-18,-2029.7694112774782,18835.56957648158,iv_adjusted
2022-08-19,2566.8983008969035,19307.02546291311,iv_adjusted
2022-08-22,3579.47722369404,20000.0,iv_adjusted
2022-08-23,-3964.100981975939,19528.369388054958,iv_adjusted
2022-08-24,-681.5777258003362,19084.088137812014,iv_adjusted
2022-08-25,-1338.0407693958077,18342.08883515966,iv_adjusted
2022-08-26,7750.295638251775,18405.91012388569,iv_adjusted
2022-08-29,4308.788800448647,20000.0,iv_adjusted
2022-08-30,619.9210310176825,19625.982006282044,iv_adjusted
2022-08-31,27.255397185306528,19191.596407945024,iv_adjusted
2022-09-01,271.02552613882557,18828.152432790343,iv_adjusted
2022-09-02,-215.19649492538701,18432.745230729965,iv_adjusted
2022-09-06,2463.3084174295445,20000.0,iv_adjusted
2022-09-07,2745.944138680705,20202.163469478743,iv_adjusted
2022-09-08,1403.6594519337439,19835.868845273857,iv_adjusted
2022-09-09,287.27523696207373,19570.88969951339,iv_adjusted
2022-09-12,-558.5841456775219,20000.0,iv_adjusted
2022-09-13,1561.7541276018435,19924.927759631093,iv_adjusted
2022-09-14,-1469.1781430271078,19481.69512728823,iv_adjusted
2022-09-15,-8354.953470753615,18668.75049567153,iv_adjusted
2022-09-16,-244.1478713544209,18163.26576508758,iv_adjusted
2022-09-19,567.871860821479,20000.0,iv_adjusted
2022-09-20,-1501.6284778243908,19082.041219904182,iv_adjusted
2022-09-21,-197.0047156368536,17805.289108922312,iv_adjusted
2022-09-22,310.2758432914717,17583.754398608875,iv_adjusted
2022-09-23,-3620.316668078763,18321.124965005343,iv_adjusted
2022-09-26,-459.39349844403506,20000.0,iv_adjusted
2022-09-27,13442.069852910865,21241.80906641481,iv_adjusted
2022-09-28,-22606.64076544264,22316.13824365168,iv_adjusted
2022-09-29,2957.5448369028118,22047.56200581872,iv_adjusted
2022-09-30,8781.133957492926,21689.221143402126,iv_adjusted
2022-10-03,-1625.1711248159686,20000.0,iv_adjusted
2022-10-04,-2084.968599594468,19579.483421572364,iv_adjusted
2022-10-05,-440.76072267579826,19432.677933184776,iv_adjusted
2022-10-06,-1977.046764269793,19198.050375262468,iv_adjusted
2022-10-07,542.3108360031104,18770.80182687127,iv_adjusted
2022-10-10,989.7763055733906,20000.0,iv_adjusted
2022-10-11,330.74921281159754,19705.498509105568,iv_adjusted
2022-10-12,4128.16575921077,19212.09020522173,iv_adjusted
2022-10-13,-2161.580159734731,19372.078558233912,iv_adjusted
2022-10-14,-3027.9398106435115,18703.71687829605,iv_adjusted
2022-10-17,6631.353963854362,20000.0,iv_adjusted
2022-10-18,7587.897493938971,19848.252168702114,iv_adjusted
2022-10-19,-6005.1364685431145,19334.11471873639,iv_adjusted
2022-10-20,1405.309466533253,18678.694872955526,iv_adjusted
2022-10-21,-5320.722811334018,18288.06616282082,iv_adjusted
2022-10-24,10858.77771119833,20000.0,iv_adjusted
2022-10-25,-9436.335499893949,19355.052841424327,iv_adjusted
2022-10-26,10668.994020596214,18452.34106033127,iv_adjusted
2022-10-27,-5831.524537342599,18039.281406772352,iv_adjusted
2022-10-28,1210.4801143529542,17721.101477567845,iv_adjusted
2022-10-31,-10435.21586653822,20000.0,iv_adjusted
2022-11-01,5067.627814325766,19606.046982423333,iv_adjusted
2022-11-02,-5992.664827972616,19301.856556998824,iv_adjusted
2022-11-03,3310.060942301272,18759.210939177825,iv_adjusted
2022-11-04,3285.6603988741304,18637.779615402185,iv_adjusted
2022-11-07,1217.082547674883,20000.0,iv_adjusted
2022-11-08,-3513.80910179713,20148.222258685593,iv_adjusted
2022-11-09,-1089.1263774045274,20203.408578285875,iv_adjusted
2022-11-10,5227.946590725543,20265.801142163426,iv_adjusted
2022-11-11,-2394.355481095833,20746.90855940778,iv_adjusted
2022-11-14,1422.009546957672,20000.0,iv_adjusted
2022-11-15,-1826.7778455010566,19562.92898202118,iv_adjusted
2022-11-16,-3718.449284056372,19548.405499636043,iv_adjusted
2022-11-17,-4686.741621960895,19136.26374029402,iv_adjusted
2022-11-18,7910.021268235307,18706.366523839948,iv_adjusted
2022-11-21,-4242.1913719250015,20000.0,iv_adjusted
2022-11-22,4109.044910098692,18990.30459021004,iv_adjusted
2022-11-23,61.44317941135854,18388.66529405565,iv_adjusted
2022-11-25,-2485.015152782522,17421.735888629693,iv_adjusted
2022-11-28,11295.80780845318,20000.0,iv_adjusted
2022-11-29,906.1849805018846,19763.56838957832,iv_adjusted
2022-11-30,9147.258591698781,19070.5717585997,iv_adjusted
2022-12-01,447.17884354137084,18682.415388078225,iv_adjusted
2022-12-02,3149.399321713598,18292.696953027546,iv_adjusted
2022-12-05,-1883.064032612666,20000.0,iv_adjusted
2022-12-06,-2921.287036689566,19766.51963372877,iv_adjusted
2022-12-07,-797.0211378500604,19472.151830310057,iv_adjusted
2022-12-08,2766.7479710046273,19061.08486825286,iv_adjusted
2022-12-09,-1534.0868248881707,18891.298075334435,iv_adjusted
2022-12-12,4788.46107828186,20000.0,iv_adjusted
2022-12-13,1314.053346535362,19310.708601270035,iv_adjusted
2022-12-14,-1617.779342482754,18867.66996548545,iv_adjusted
2022-12-15,1991.3091104201246,18725.428038149013,iv_adjusted
2022-12-16,-24.594369783664128,18096.43959670772,iv_adjusted
2022-12-19,256.67828575347875,20000.0,iv_adjusted
2022-12-20,4067.517702707649,19627.048933106027,iv_adjusted
2022-12-21,-1840.296417984197,19528.34144507425,iv_adjusted
2022-12-22,347.2744247330451,18983.330944385212,iv_adjusted
2022-12-23,-2884.138300096325,18468.561542493328,iv_adjusted
2022-12-27,1522.1341327426346,20000.0,iv_adjusted
2022-12-28,-2113.3541694764795,19451.949777071368,iv_adjusted
2022-12-29,1392.1941832401756,19700.02495274557,iv_adjusted
2022-12-30,4378.930834407466,19088.901148950852,iv_adjusted
2023-01-03,1095.4000258764622,20000.0,iv_adjusted
2023-01-04,-3282.4984028548943,19651.63536421462,iv_adjusted
2023-01-05,1539.954156873065,19238.49087535752,iv_adjusted
2023-01-06,4842.248163619485,18699.925859721912,iv_adjusted
2023-01-09,-228.30833641319768,20000.0,iv_adjusted
2023-01-10,3539.0658999130455,19639.87513050043,iv_adjusted
2023-01-11,399.64896462408024,19009.81848498505,iv_adjusted
2023-01-12,2276.3161739817315,18511.710472238094,iv_adjusted
2023-01-13,-938.5035169121494,17919.91561419788,iv_adjusted
2023-01-17,4475.209512054502,20000.0,iv_adjusted
2023-01-18,-4576.7142764727,20426.406452731248,iv_adjusted
2023-01-19,563.7847873455787,20545.01512924208,iv_adjusted
2023-01-20,-135.07903460153463,19664.657093427395,iv_adjusted
2023-01-23,2254.9185000371276,20000.0,iv_adjusted
2023-01-24,1310.4542885108415,20034.087410752873,iv_adjusted
2023-01-25,1072.6053763376192,19975.55180525654,iv_adjusted
2023-01-26,-3828.5000409318004,18894.19807276632,iv_adjusted
2023-01-27,-5798.70500467506,19030.478926732267,iv_adjusted
2023-01-30,454.55367034484345,20000.0,iv_adjusted
2023-01-31,577.1449362544579,19288.166003197526,iv_adjusted
2023-02-01,901.8694545401822,18550.1178096125,iv_adjusted
2023-02-02,2245.1664121783347,17800.49547897276,iv_adjusted
2023-02-03,-4188.454982327459,18029.00361060448,iv_adjusted
2023-02-06,-1654.2224802964402,20000.0,iv_adjusted
2023-02-07,390.37305742729495,19625.83856553914,iv_adjusted
2023-02-08,-574.1121871930974,19418.451764218273,iv_adjusted
2023-02-09,5139.613742886773,19317.255352142594,iv_adjusted
2023-02-10,-1238.322097390019,19135.33961729123,iv_adjusted
2023-02-13,-3425.071023032469,20000.0,iv_adjusted
2023-02-14,7310.406058705249,19614.069695823888,iv_adjusted
2023-02-15,-5343.870659240329,19118.072800934424,iv_adjusted
2023-02-16,-1901.2521616359736,18951.57372818588,iv_adjusted
2023-02-17,-2650.3879807655476,18375.929880499913,iv_adjusted
2023-02-21,9644.336819515574,20000.0,iv_adjusted
2023-02-22,690.0138151185347,19592.952982692852,iv_adjusted
2023-02-23,-1420.1482590554913,18595.853506348336,iv_adjusted
2023-02-24,3505.751130198432,18371.473534065546,iv_adjusted
2023-02-27,1795.03553003757,20000.0,iv_adjusted
2023-02-28,859.561317320025,19677.075546641077,iv_adjusted
2023-03-01,-1153.5843905330555,19292.904129545714,iv_adjusted
2023-03-02,-1358.0879492600686,18961.300418394352,iv_adjusted
2023-03-03,1400.1954810385037,18475.65304225794,iv_adjusted
2023-03-06,-682.8088981057795,20000.0,iv_adjusted
2023-03-07,109.96115050993481,19734.0409957742,iv_adjusted
2023-03-08,1545.9080031315848,19333.702046547653,iv_adjusted
2023-03-09,-7966.051346408687,18673.58965342936,iv_adjusted
2023-03-10,3415.330303064929,17888.46479229123,iv_adjusted
2023-03-13,-8593.496252931564,20000.0,iv_adjusted
2023-03-14,3731.702619843721,19905.936661773816,iv_adjusted
2023-03-15,-713.7291318563787,19364.847936159564,iv_adjusted
2023-03-16,1007.7617568639314,19301.418684607117,iv_adjusted
2023-03-17,-1887.0337010615967,18350.561745576386,iv_adjusted
2023-03-20,4518.275612459907,20000.0,iv_adjusted
2023-03-21,3488.0541493451155,20434.665789177194,iv_adjusted
2023-03-22,-5861.15032470718,18860.056611682667,iv_adjusted
2023-03-23,-4896.258600130014,18617.063116772824,iv_adjusted
2023-03-24,-651.6943567390038,18677.304482683616,iv_adjusted
2023-03-27,7285.532919110543,20000.0,iv_adjusted
2023-03-28,1062.271519334867,19559.239428414134,iv_adjusted
2023-03-29,-301.04202572431933,19777.338487127712,iv_adjusted
2023-03-30,2971.200004071577,19213.318002838052,iv_adjusted
2023-03-31,-4858.7236084081405,18650.353708019415,iv_adjusted
2023-04-03,3757.752526614131,20000.0,iv_adjusted
2023-04-04,2562.1384586007516,19600.376227090605,iv_adjusted
2023-04-05,-1314.3804279266683,19196.392280320597,iv_adjusted
2023-04-06,-987.1717084856846,18897.934101597595,iv_adjusted
2023-04-10,699.8192190890861,20000.0,iv_adjusted
2023-04-11,-2313.1723132506027,19790.2298657567,iv_adjusted
2023-04-12,-1458.8988305973253,19549.364808745275,iv_adjusted
2023-04-13,3.4927215252401123,19243.68461345917,iv_adjusted
2023-04-14,900.896867554483,19035.78399149933,iv_adjusted
2023-04-17,1447.7374370418247,20000.0,iv_adjusted
2023-04-18,-2945.27318433882,20405.460262999717,iv_adjusted
2023-04-19,3422.952169947532,19946.806678777742,iv_adjusted
2023-04-20,3014.2219234773115,19686.377216124925,iv_adjusted
2023-04-21,1783.4052437458422,19203.76678594924,iv_adjusted
2023-04-24,-2954.350681273459,20000.0,iv_adjusted
2023-04-25,5287.036435381769,19637.364371817188,iv_adjusted
2023-04-26,-8528.217199725344,19239.699736260536,iv_adjusted
2023-04-27,-7941.069030769079,18468.041563630835,iv_adjusted
2023-04-28,-1705.9020385426304,18150.39953866639,iv_adjusted
2023-05-01,4362.000818239871,20000.0,iv_adjusted
2023-05-02,-4450.520426169051,19336.256993059145,iv_adjusted
2023-05-03,-3990.4652919015616,19068.965387662225,iv_adjusted
2023-05-04,-8120.562047919457,18550.049919590332,iv_adjusted
2023-05-05,958.4662497802649,18371.301294536817,iv_adjusted
2023-05-08,917.9149152391342,20000.0,iv_adjusted
2023-05-09,2479.682565765436,19548.11689391354,iv_adjusted
2023-05-10,2194.551871968504,18664.691450913015,iv_adjusted
2023-05-11,-434.6940492304732,18176.968349344595,iv_adjusted
2023-05-12,-2589.229892746513,17842.061137953315,iv_adjusted
2023-05-15,315.8515302091586,20000.0,iv_adjusted
2023-05-16,6304.747096634871,19176.277369986183,iv_adjusted
2023-05-17,-2570.044324780446,19327.6562619707,iv_adjusted
2023-05-18,-2440.9000677038607,19031.26872152613,iv_adjusted
2023-05-19,2505.683218292816,18693.963041751707,iv_adjusted
2023-05-22,-651.9930678435355,20000.0,iv_adjusted
2023-05-23,-2344.93642645187,20690.978188840993,iv_adjusted
2023-05-24,4362.638361740203,20905.52741232882,iv_adjusted
2023-05-25,3086.100736500697,20877.09949317058,iv_adjusted
2023-05-26,2642.078452994133,20804.48450502531,iv_adjusted
2023-05-30,4254.565749237885,20000.0,iv_adjusted
2023-05-31,-2593.627319846725,19492.729442963864,iv_adjusted
2023-06-01,-1094.4599491924898,19184.13869308777,iv_adjusted
2023-06-02,549.3173539134855,18425.91939197858,iv_adjusted
2023-06-05,3220.2916321977923,20000.0,iv_adjusted
2023-06-06,-2417.5281721426827,19415.146456299546,iv_adjusted
2023-06-07,93.1157275887063,18580.79228631749,iv_adjusted
2023-06-08,3897.1053193076104,18399.599003701656,iv_adjusted
2023-06-09,-309.3891208752566,18127.342212967756,iv_adjusted
2023-06-12,-82.593981303112,20000.0,iv_adjusted
2023-06-13,2526.1835966810263,18627.95455760433,iv_adjusted
2023-06-14,-6501.689134762013,18899.591643686636,iv_adjusted
2023-06-15,5588.441104128783,17850.9845585647,iv_adjusted
2023-06-16,2927.6424038732916,17242.57345540977,iv_adjusted
2023-06-20,-2009.4652224385152,20000.0,iv_adjusted
2023-06-21,7039.723270937371,19762.959506865594,iv_adjusted
2023-06-22,-5235.375379560526,19558.522971013892,iv_adjusted
2023-06-23,1614.1308777572779,19742.293775220674,iv_adjusted
2023-06-26,905.699542597277,20000.0,iv_adjusted
2023-06-27,3540.980653493243,18948.046346034596,iv_adjusted
2023-06-28,-6676.938619243164,18579.95516291772,iv_adjusted
2023-06-29,11739.279816707513,17414.58347213081,iv_adjusted
2023-06-30,-811.0804582163526,15727.343492179258,iv_adjusted
2023-07-03,1840.5402383472383,20000.0,iv_adjusted
2023-07-05,1930.676292595605,19525.546844408917,iv_adjusted
2023-07-06,1971.020414728873,19188.411733919227,iv_adjusted
2023-07-07,818.941597877256,18994.522296115243,iv_adjusted
2023-07-10,1543.3340073059408,20000.0,iv_adjusted
2023-07-11,68.75980435001078,19796.308727008,iv_adjusted
2023-07-12,1134.241000917978,19373.891804167717,iv_adjusted
2023-07-13,-2567.3566591390218,18954.944005830304,iv_adjusted
2023-07-14,2615.389164655537,18804.121296188205,iv_adjusted
2023-07-17,-1924.875082230931,20000.0,iv_adjusted
2023-07-18,11.543660551190479,19406.92731509433,iv_adjusted
2023-07-19,-4843.562089384434,19096.27564060627,iv_adjusted
2023-07-20,-2012.6925466285268,18535.740559906943,iv_adjusted
2023-07-21,4693.43548702443,17828.785849141954,iv_adjusted
2023-07-24,-5913.067720142421,20000.0,iv_adjusted
2023-07-25,1509.014566778182,20885.494189106877,iv_adjusted
2023-07-26,4250.71542628197,20144.721773126792,iv_adjusted
2023-07-27,-4231.1663741172015,19784.714782306597,iv_adjusted
2023-07-28,20.660634940979634,18996.976423252047,iv_adjusted
2023-07-31,4706.540778013147,20000.0,iv_adjusted
2023-08-01,1648.9969082266607,19572.131415864842,iv_adjusted
2023-08-02,-1020.7809958457751,19366.43458240455,iv_adjusted
2023-08-03,1797.7552208516072,18975.847965076282,iv_adjusted
2023-08-04,2211.4301258494793,18558.482639645266,iv_adjusted
2023-08-07,-5173.41057296734,20000.0,iv_adjusted
2023-08-08,798.42550564257,19564.727711979438,iv_adjusted
2023-08-09,-228.74327999699162,19586.69275819608,iv_adjusted
2023-08-10,-982.4598328473186,18842.693916368717,iv_adjusted
2023-08-11,1261.9853493856099,18465.458010117563,iv_adjusted
2023-08-14,-3868.9047879411346,20000.0,iv_adjusted
2023-08-15,5798.0183810570825,21375.337432043805,iv_adjusted
2023-08-16,-5229.3531743431995,21284.464082297494,iv_adjusted
2023-08-17,-4096.460498403523,20964.554312284152,iv_adjusted
2023-08-18,9613.565109262117,20393.03215981572,iv_adjusted
2023-08-21,-7101.80515297127,20000.0,iv_adjusted
2023-08-22,-3036.9299322098113,20223.2166338151,iv_adjusted
2023-08-23,15339.666275102893,20424.771666569046,iv_adjusted
2023-08-24,-4893.338836384646,19529.931157414438,iv_adjusted
2023-08-25,13440.504255017462,18670.25006806432,iv_adjusted
2023-08-28,-1231.4933704306131,20000.0,iv_adjusted
2023-08-29,-69.34303615201748,19472.548083505935,iv_adjusted
2023-08-30,1920.2965125801109,19085.52691304806,iv_adjusted
2023-08-31,-851.0480735675917,18720.398072163043,iv_adjusted
2023-09-01,591.7496181346893,18102.32116822408,iv_adjusted
2023-09-05,2665.745997083185,20000.0,iv_adjusted
2023-09-06,597.631697961702,19636.72678543695,iv_adjusted
2023-09-07,-1248.418360120186,19427.054330241608,iv_adjusted
2023-09-08,657.626164486469,19081.65253857939,iv_adjusted
2023-09-11,1968.7067463276348,20000.0,iv_adjusted
2023-09-12,1857.6112851917915,19275.239299447385,iv_adjusted
2023-09-13,497.6970157574186,18818.568984253732,iv_adjusted
2023-09-14,-3735.0381236597304,18270.655313750634,iv_adjusted
2023-09-15,-979.8025759567653,18118.63491790414,iv_adjusted
2023-09-18,1187.9808898482897,20000.0,iv_adjusted
2023-09-19,-1343.8530571178828,19826.907928832006,iv_adjusted
2023-09-20,2590.24965806383,19248.58755041872,iv_adjusted
2023-09-21,1777.0614809249075,19590.072508867186,iv_adjusted
2023-09-22,-1975.1247528611434,18824.137463047937,iv_adjusted
2023-09-25,-1091.6655349472253,20000.0,iv_adjusted
2023-09-26,1041.6324406099584,19496.439527693292,iv_adjusted
2023-09-27,-2108.6283939724008,19329.388254153313,iv_adjusted
2023-09-28,-8486.488946417338,19437.174973599842,iv_adjusted
2023-09-29,2191.322459462668,18692.139924585867,iv_adjusted
2023-10-02,394.2394472907839,20000.0,iv_adjusted
2023-10-03,-1748.4360413410918,19623.99413434161,iv_adjusted
2023-10-04,-133.37003779684454,19408.00197509111,iv_adjusted
2023-10-05,-1834.0669461466366,19133.68250290057,iv_adjusted
2023-10-06,1925.1335576251665,18808.01330549541,iv_adjusted
2023-10-09,-898.2646449505668,20000.0,iv_adjusted
2023-10-10,397.1679346876364,19711.597056889143,iv_adjusted
2023-10-11,-748.8591729639672,19047.480089412962,iv_adjusted
2023-10-12,1407.6709793711486,18615.18103841272,iv_adjusted
2023-10-13,-2856.721949485421,18333.458399366355,iv_adjusted
2023-10-16,1918.3307804126366,20000.0,iv_adjusted
2023-10-17,-1020.503563385933,19622.154290819693,iv_adjusted
2023-10-18,-1521.0359244476717,19661.835029629427,iv_adjusted
2023-10-19,1817.2530770731025,19314.16333532148,iv_adjusted
2023-10-20,-1090.8882230915956,19241.078137381974,iv_adjusted
2023-10-23,-6131.799522907716,20000.0,iv_adjusted
2023-10-24,2239.740005805418,19831.744601324353,iv_adjusted
2023-10-25,3747.690524429646,19235.39114985633,iv_adjusted
2023-10-26,-2765.3408659547085,18877.376271141704,iv_adjusted
2023-10-27,-5572.871288628669,18268.150969699152,iv_adjusted
2023-10-30,2720.577743723355,20000.0,iv_adjusted
2023-10-31,4812.395757340364,19544.250475898483,iv_adjusted
2023-11-01,1918.7648916125456,18697.79963180279,iv_adjusted
2023-11-02,-2647.906330723061,18059.76078640574,iv_adjusted
2023-11-03,-2864.8454678643816,17220.053614474833,iv_adjusted
2023-11-06,3339.007318116115,20000.0,iv_adjusted
2023-11-07,2590.9417862645546,20157.65618055742,iv_adjusted
2023-11-08,-1797.92675781939,19423.693079081004,iv_adjusted
2023-11-09,6407.579562392933,20093.55205258656,iv_adjusted
2023-11-10,-2817.0872582975035,18535.219852470334,iv_adjusted
2023-11-13,4022.1215354031897,20000.0,iv_adjusted
2023-11-14,-11172.219634440393,20504.476460696445,iv_adjusted
2023-11-15,-4229.545437086286,21381.943456524215,iv_adjusted
2023-11-16,-2954.97366923792,21370.88700602326,iv_adjusted
2023-11-17,-5303.306772248133,20871.26004891183,iv_adjusted
2023-11-20,10405.834166896431,20000.0,iv_adjusted
2023-11-21,12194.757866595706,20731.453025771236,iv_adjusted
2023-11-22,2816.1934228583805,18829.584441782834,iv_adjusted
2023-11-24,-1869.2049905222761,18236.698528464305,iv_adjusted
2023-11-27,-303.31746120901784,20000.0,iv_adjusted
2023-11-28,-1265.3840257697148,19715.039690421698,iv_adjusted
2023-11-29,2398.0189724026636,19228.380550930393,iv_adjusted
2023-11-30,284.69854885089285,18618.37918754329,iv_adjusted
2023-12-01,-2816.8872761657904,17681.657023219228,iv_adjusted
2023-12-04,631.594038973328,20000.0,iv_adjusted
2023-12-05,5502.967406299084,20351.868189066317,iv_adjusted
2023-12-06,-10985.772082432364,19693.399703509218,iv_adjusted
2023-12-07,4696.6115384857485,19345.3770026612,iv_adjusted
2023-12-08,-2029.758666600268,18818.87711964392,iv_adjusted
2023-12-11,1493.4502975746561,20000.0,iv_adjusted
2023-12-12,-831.5188113975478,19402.73765183523,iv_adjusted
2023-12-13,16.579879629728573,17603.86083003119,iv_adjusted
2023-12-14,959.445465669346,19160.5637919584,iv_adjusted
2023-12-15,-2845.8211579093136,19326.037382554514,iv_adjusted
2023-12-18,62.19701923159806,20000.0,iv_adjusted
2023-12-19,657.4281432628425,20267.304792089228,iv_adjusted
2023-12-20,4062.300242862236,22524.54734141031,iv_adjusted
2023-12-21,-12503.579911963348,21333.986607274328,iv_adjusted
2023-12-22,-5434.771168038626,20643.28354998045,iv_adjusted
2023-12-26,4753.960588388741,20000.0,iv_adjusted
2023-12-27,-1139.6344376565066,19195.898283662234,iv_adjusted
2023-12-28,5792.4678581534135,18140.16797432592,iv_adjusted
2023-12-29,2077.7368165626385,18067.727870955787,iv_adjusted
2024-01-02,823.5573000013464,20000.0,iv_adjusted
2024-01-03,-1514.7291724370152,19512.727063184262,iv_adjusted
2024-01-04,277.15280353988584,19272.532973726065,iv_adjusted
2024-01-05,281.30561402760264,19035.12726253497,iv_adjusted
2024-01-08,-2506.9966191393355,20000.0,iv_adjusted
2024-01-09,-3839.920936005787,19656.060939108374,iv_adjusted
2024-01-10,2488.2958539920337,19232.077594565515,iv_adjusted
2024-01-11,1278.2724626259928,18769.176982442474,iv_adjusted
2024-01-12,1293.0689724082747,18443.35432583015,iv_adjusted
2024-01-16,-1050.7075440904248,20000.0,iv_adjusted
2024-01-17,882.1082377736117,19357.425815321225,iv_adjusted
2024-01-18,-1618.1598660425682,18855.463952718088,iv_adjusted
2024-01-19,-571.4703951111286,18547.83120023615,iv_adjusted
2024-01-22,1357.2086395614751,20000.0,iv_adjusted
2024-01-23,-652.9029551696814,19765.170185231404,iv_adjusted
2024-01-24,605.9901015060539,19194.33387730545,iv_adjusted
2024-01-25,-2857.8912287424696,19615.444005515415,iv_adjusted
2024-01-26,10143.146570085166,18819.730821911835,iv_adjusted
2024-01-29,-4886.025381718996,20000.0,iv_adjusted
2024-01-30,-1278.4924349468365,19477.781867374648,iv_adjusted
2024-01-31,-1476.2709224559103,19265.217299423057,iv_adjusted
2024-02-01,-3577.3938638367563,18473.17516809989,iv_adjusted
2024-02-02,-905.3437225820552,18071.77405294576,iv_adjusted
2024-02-05,1323.208099989417,20000.0,iv_adjusted
2024-02-06,169.9349431973404,20261.581126850248,iv_adjusted
2024-02-07,-1556.6319753538874,19375.494685102673,iv_adjusted
2024-02-08,-3399.2131846646794,18931.000560665692,iv_adjusted
2024-02-09,2830.278888942984,18418.00638239229,iv_adjusted
2024-02-12,-8753.080672290696,20000.0,iv_adjusted
2024-02-13,1535.79862479891,19753.09150633905,iv_adjusted
2024-02-14,1233.6551412546676,18666.215389295085,iv_adjusted
2024-02-15,1649.8457187900783,18750.071364195435,iv_adjusted
2024-02-16,-3956.1345652671243,18686.917296950345,iv_adjusted
2024-02-20,16282.122604485883,20000.0,iv_adjusted
2024-02-21,188.1859184570203,19408.568595524615,iv_adjusted
2024-02-22,2877.084254182812,19301.379318990887,iv_adjusted
2024-02-23,3485.758362049998,18133.155091353136,iv_adjusted
2024-02-26,-63910.66266172314,20000.0,iv_adjusted
2024-02-27,-1814.970458144966,19631.67384536709,iv_adjusted
2024-02-28,3694.675079524105,19424.752389114416,iv_adjusted
2024-02-29,58.2450355205535,18881.777146991095,iv_adjusted
2024-03-01,-898.8441802857733,18452.654591139704,iv_adjusted
2024-03-04,-6291.679076953132,20000.0,iv_adjusted
2024-03-05,1090.8969272669904,20088.624576430513,iv_adjusted
2024-03-06,-3091.989848277873,19394.09893316226,iv_adjusted
2024-03-07,1147.6154660133839,18629.95042793416,iv_adjusted
2024-03-08,4593.107524614872,18628.4981542626,iv_adjusted
2024-03-11,-294.2764884871627,20000.0,iv_adjusted
2024-03-12,1954.7653613161663,19462.976543148747,iv_adjusted
2024-03-13,-3723.9841734069096,18678.21495997991,iv_adjusted
2024-03-14,5997.553314611683,19618.359674265877,iv_adjusted
2024-03-15,-5219.653299857234,18801.850026272,iv_adjusted
2024-03-18,8948.68617019008,20000.0,iv_adjusted
2024-03-19,-6085.300584828912,19707.36979301572,iv_adjusted
2024-03-20,-3586.084130131766,18827.966891781616,iv_adjusted
2024-03-21,17302.154064596747,18183.632162850357,iv_adjusted
2024-03-22,-9247.12509593655,18320.42884907684,iv_adjusted
2024-03-25,-2119.03147754114,20000.0,iv_adjusted
2024-03-26,30182.72754924258,21441.2761406056,iv_adjusted
2024-03-27,-5416.567164169844,17810.056113250477,iv_adjusted
2024-03-28,8634.114408102801,19516.18041321193,iv_adjusted
2024-04-01,1455.6756738289723,20000.0,iv_adjusted
2024-04-02,-1160.5979444645807,19500.022705662836,iv_adjusted
2024-04-03,623.4944228578629,19087.54003485659,iv_adjusted
2024-04-04,-2817.582539783549,18620.215951345897,iv_adjusted
2024-04-05,3176.4985476506336,18322.676225605934,iv_adjusted
2024-04-08,-2052.148701694687,20000.0,iv_adjusted
2024-04-09,-5177.441664042589,19654.154064132592,iv_adjusted
2024-04-10,5462.536414813616,18885.332391170665,iv_adjusted
2024-04-11,7160.027612627684,18315.318489445977,iv_adjusted
2024-04-12,-846.5493552588744,17647.383866999782,iv_adjusted
2024-04-15,4340.238757996787,20000.0,iv_adjusted
2024-04-16,5621.137290563111,19205.150414173895,iv_adjusted
2024-04-17,-9554.613385335317,18955.441705908688,iv_adjusted
2024-04-18,-2357.234990997902,18375.843648465034,iv_adjusted
2024-04-19,1411.6031221756748,18473.361764139067,iv_adjusted
2024-04-22,12303.785444463774,20000.0,iv_adjusted
2024-04-23,-3024.14420720822,20101.49579204409,iv_adjusted
2024-04-24,4075.5286567839657,19465.594562445833,iv_adjusted
2024-04-25,7158.114599712496,18720.622220326404,iv_adjusted
2024-04-26,2002.9583510930331,18072.020376936696,iv_adjusted
2024-04-29,-3815.2696228123264,20000.0,iv_adjusted
2024-04-30,-249.55079889418315,19525.058589920256,iv_adjusted
2024-05-01,-5013.828264825732,18889.579295151598,iv_adjusted
2024-05-02,-1092.4619153568667,18409.639715527468,iv_adjusted
2024-05-03,1462.5469318092375,17769.943319953283,iv_adjusted
2024-05-06,-623.2802177406732,20000.0,iv_adjusted
2024-05-07,1267.136381961483,19320.54787265432,iv_adjusted
2024-05-08,2648.331306937697,18937.35788244081,iv_adjusted
2024-05-09,765.4833546678796,17969.916949377046,iv_adjusted
2024-05-10,-348.8156518907996,17295.63214917239,iv_adjusted
2024-05-13,2351.5984787110006,20000.0,iv_adjusted
2024-05-14,-8156.607938748155,19458.63791259387,iv_adjusted
2024-05-15,12755.377548578539,18929.029708812082,iv_adjusted
2024-05-16,8734.237675678087,19145.994406178474,iv_adjusted
2024-05-17,168.7383521498577,18969.143511910217,iv_adjusted
2024-05-20,1535.3263544842905,20000.0,iv_adjusted
2024-05-21,14646.606989420385,20893.604481542858,iv_adjusted
2024-05-22,-15407.589428350926,20811.06550879803,iv_adjusted
2024-05-23,3521.147312331466,22213.625829244196,iv_adjusted
2024-05-24,-11389.760726278859,21452.024688804217,iv_adjusted
2024-05-28,12888.497679329657,20000.0,iv_adjusted
2024-05-29,-12774.27956667874,20595.901753930542,iv_adjusted
2024-05-30,375.0738654087654,20187.58828023417,iv_adjusted
2024-05-31,5364.017085916959,20121.868700819417,iv_adjusted
2024-06-03,-10616.923415282952,20000.0,iv_adjusted
2024-06-04,2822.8446184702857,19496.724909487308,iv_adjusted
2024-06-05,-113.49317690953737,19194.545244038203,iv_adjusted
2024-06-06,2698.552691113063,18932.57626523556,iv_adjusted
2024-06-07,-1132.18040832372,18653.773349969124,iv_adjusted
2024-06-10,1677.4297678379796,20000.0,iv_adjusted
2024-06-11,1197.631579071331,19751.31077066407,iv_adjusted
2024-06-12,-1133.482765700204,19222.27544324595,iv_adjusted
2024-06-13,-3136.100696410994,18777.889805479368,iv_adjusted
2024-06-14,7617.023043044468,18575.630321142744,iv_adjusted
2024-06-17,-3201.119371535124,20000.0,iv_adjusted
2024-06-18,4764.867402356317,19430.323475685087,iv_adjusted
2024-06-20,-1604.6957972519556,19064.322710102933,iv_adjusted
2024-06-21,-494.854853901994,18304.969434149447,iv_adjusted
2024-06-24,4699.726242092543,20000.0,iv_adjusted
2024-06-25,2867.611312329873,19516.7858063156,iv_adjusted
2024-06-26,-9309.837008366956,19500.980820271703,iv_adjusted
2024-06-27,-2064.391813180647,19084.892916646106,iv_adjusted
2024-06-28,-13183.683508341797,18983.544519928513,iv_adjusted
2024-07-01,12265.394649448152,20000.0,iv_adjusted
2024-07-02,-767.9864707613461,20053.762807363422,iv_adjusted
2024-07-03,462.9571018360785,19782.17253437774,iv_adjusted
2024-07-05,-617.5983012526775,19053.7217948947,iv_adjusted
2024-07-08,1724.909571250128,20000.0,iv_adjusted
2024-07-09,-3190.397440609716,19807.335262594774,iv_adjusted
2024-07-10,-179.2587161570137,20096.41858395872,iv_adjusted
2024-07-11,3136.086875207601,19302.996962504887,iv_adjusted
2024-07-12,-3230.6540670759523,18418.498027461257,iv_adjusted
2024-07-15,8784.508977840815,20000.0,iv_adjusted
2024-07-16,3442.523316857966,19135.91776697503,iv_adjusted
2024-07-17,-16200.322184252378,18765.115046658997,iv_adjusted
2024-07-18,-1082.4724883940694,19552.600236648348,iv_adjusted
2024-07-19,3062.809304666453,20053.650719574234,iv_adjusted
2024-07-22,10915.145517532466,20000.0,iv_adjusted
2024-07-23,693.7620192668871,20126.796992174674,iv_adjusted
2024-07-24,-2830.931177611996,20952.334070739165,iv_adjusted
2024-07-25,12058.800379067381,20403.14350813207,iv_adjusted
2024-07-26,2036.9555534321125,19635.75578796984,iv_adjusted
2024-07-29,-13597.476324587518,20000.0,iv_adjusted
2024-07-30,2603.8057705301376,19240.885557951126,iv_adjusted
2024-07-31,1648.0604939827767,18909.152341011682,iv_adjusted
2024-08-01,1566.8406559044454,18377.190322822447,iv_adjusted
2024-08-02,-4574.739155315581,17659.17164980983,iv_adjusted
2024-08-05,6324.087413290749,20000.0,iv_adjusted
2024-08-06,2238.9822221697177,19569.560097369216,iv_adjusted
2024-08-07,-6050.003991164012,18921.22746192185,iv_adjusted
2024-08-08,1483.8664861356006,19137.364871839603,iv_adjusted
2024-08-09,11352.832800322374,18572.841539808225,iv_adjusted
2024-08-12,-4888.921220639482,20000.0,iv_adjusted
2024-08-13,-89.61443453954115,20092.110571414487,iv_adjusted
2024-08-14,-3083.633679425657,19505.496167483256,iv_adjusted
2024-08-15,8570.672959636611,19495.621262511482,iv_adjusted
2024-08-16,-8497.03526143743,18664.93549363691,iv_adjusted
2024-08-19,6719.782620588642,20000.0,iv_adjusted
2024-08-20,8107.472044304862,20782.645783519427,iv_adjusted
2024-08-21,3228.887897410639,20326.680318939474,iv_adjusted
2024-08-22,7240.093242998475,20043.504298645723,iv_adjusted
2024-08-23,-7012.972249920384,18782.50217373333,iv_adjusted
2024-08-26,-50.64795514936237,20000.0,iv_adjusted
2024-08-27,1869.5554778668884,19088.173545955055,iv_adjusted
2024-08-28,-8008.1876175633715,19343.88613175923,iv_adjusted
2024-08-29,-3031.4984654461796,18206.817422944812,iv_adjusted
2024-08-30,16189.78343866721,16392.185924391088,iv_adjusted
2024-09-03,-14410.806859999377,20000.0,iv_adjusted
2024-09-04,-6719.7528748508585,20393.516886814632,iv_adjusted
2024-09-05,613.8902598671932,20016.504254317082,iv_adjusted
2024-09-06,-6841.674792517883,19778.57802425626,iv_adjusted
2024-09-09,10372.520407806425,20000.0,iv_adjusted
2024-09-10,2246.8143364718517,19601.91813526073,iv_adjusted
2024-09-11,-2056.818446223098,19418.07064117223,iv_adjusted
2024-09-12,-4069.8577299579156,19374.587183903976,iv_adjusted
2024-09-13,-5306.44310825684,18999.79721093275,iv_adjusted
2024-09-16,8032.209784140619,19999.999999999996,iv_adjusted
2024-09-17,-3264.5356394186,20005.230842658842,iv_adjusted
2024-09-18,-862.7652821314633,19610.08470643774,iv_adjusted
2024-09-19,2560.544050810635,18640.00115567892,iv_adjusted
2024-09-20,-3204.3225722676407,18347.15174090887,iv_adjusted
2024-09-23,5139.285591099433,20000.0,iv_adjusted
2024-09-24,164.86645311522145,19883.477383931546,iv_adjusted
2024-09-25,2293.814937367054,19870.692249680127,iv_adjusted
2024-09-26,-8907.701829518564,19185.10682689414,iv_adjusted
2024-09-27,-6080.013128704275,18995.958587634945,iv_adjusted
2024-09-30,3870.1315744388116,20000.0,iv_adjusted
2024-10-01,-930.5206394291232,19676.37071720331,iv_adjusted
2024-10-02,3357.438783251845,19275.863652364424,iv_adjusted
2024-10-03,-4284.380857594537,18898.093012648154,iv_adjusted
2024-10-04,118.36914491311211,18493.23930779807,iv_adjusted
2024-10-07,-3078.536772619132,20000.0,iv_adjusted
2024-10-08,4563.556260465491,19825.35517231116,iv_adjusted
2024-10-09,-3535.4643055023244,19399.816291877178,iv_adjusted
2024-10-10,282.2803011837325,19164.244689044423,iv_adjusted
2024-10-11,-2799.1424990467744,19019.375214190237,iv_adjusted
2024-10-14,3403.254393256739,20000.0,iv_adjusted
2024-10-15,1836.5332995096867,20113.945327672755,iv_adjusted
2024-10-16,3010.4598651219926,19621.626731008666,iv_adjusted
2024-10-17,-6170.803825088949,19071.962165651654,iv_adjusted
2024-10-18,2055.2355536577047,18871.53598484882,iv_adjusted
2024-10-21,-583.326094323132,20000.0,iv_adjusted
2024-10-22,345.7893115552744,20088.246681786422,iv_adjusted
2024-10-23,4942.801986714522,19779.598501021635,iv_adjusted
2024-10-24,-6053.5675729307295,19513.481592679746,iv_adjusted
2024-10-25,8002.030969663521,19291.443601746487,iv_adjusted
2024-10-28,-4202.697661772823,20000.0,iv_adjusted
2024-10-29,-254.87608450756878,19551.16625646693,iv_adjusted
2024-10-30,2504.8422811769606,19196.934061605647,iv_adjusted
2024-10-31,-3497.505642637778,18701.380923692977,iv_adjusted
2024-11-01,-1411.3570834793209,18341.93126054177,iv_adjusted
2024-11-04,-198.90658748784924,20000.0,iv_adjusted
2024-11-05,3906.4078251432084,19659.721078499344,iv_adjusted
2024-11-06,365.95766682772074,17901.70365827632,iv_adjusted
2024-11-07,-4739.745768261302,17639.771736673934,iv_adjusted
2024-11-08,-677.37521985774,17264.4187426811,iv_adjusted
2024-11-11,233.80280128548668,20000.0,iv_adjusted
2024-11-12,-6489.33322506435,19681.757232225802,iv_adjusted
2024-11-13,12645.639290568837,20380.222227404178,iv_adjusted
2024-11-14,-6076.366944402807,20408.84395149214,iv_adjusted
2024-11-15,-684.0266494919317,20789.46918413974,iv_adjusted
2024-11-18,-2606.4362580609236,20000.0,iv_adjusted
2024-11-19,5873.797729025218,20269.858145607115,iv_adjusted
2024-11-20,-7644.589943671224,20345.81870031459,iv_adjusted
2024-11-21,7904.811142223439,19987.599776486193,iv_adjusted
2024-11-22,13555.933770552172,19464.50134282285,iv_adjusted
2024-11-25,-15190.284330177812,20000.0,iv_adjusted
2024-11-26,19217.606092170416,19602.611874038408,iv_adjusted
2024-11-27,-1805.5306794193295,19187.325427347383,iv_adjusted
2024-11-29,-2800.000318468048,18158.31582890797,iv_adjusted
2024-12-02,-5304.789572987998,20000.0,iv_adjusted
2024-12-03,2708.8545714231254,19741.80559534779,iv_adjusted
2024-12-04,-310.43564054761333,19246.19787865846,iv_adjusted
2024-12-05,4257.613002476592,18758.572529915407,iv_adjusted
2024-12-06,1959.3702664826108,18306.511369876596,iv_adjusted
2024-12-09,-1785.6228052663391,20000.0,iv_adjusted
2024-12-10,4310.110117126599,19168.98124006884,iv_adjusted
2024-12-11,-1268.5397941748984,18658.824728806347,iv_adjusted
2024-12-12,-1860.0498981697458,18269.21054893668,iv_adjusted
2024-12-13,-101.91229298085491,17900.29913602408,iv_adjusted
2024-12-16,7404.524888269545,20000.0,iv_adjusted
2024-12-17,-2536.976357681855,19624.58324186703,iv_adjusted
2024-12-18,-3263.8028176767193,18181.362416672953,iv_adjusted
2024-12-19,-6700.60591296339,18784.517514310854,iv_adjusted
2024-12-20,13039.927232994773,18717.00816347743,iv_adjusted
2024-12-23,13083.14566157892,20000.0,iv_adjusted
2024-12-24,-5706.1485978785095,20071.79760230604,iv_adjusted
2024-12-26,11742.948147819969,19191.591891612396,iv_adjusted
2024-12-27,1558.9823870718121,17879.712700046795,iv_adjusted
2024-12-30,-727.8917645205876,20000.0,iv_adjusted
2024-12-31,-2846.799480874749,19786.766356709126,iv_adjusted
2025-01-02,-3739.6385478582138,19308.174492233702,iv_adjusted
2025-01-03,898.2848095534275,18999.720539067803,iv_adjusted
2025-01-06,7809.348451891179,20000.0,iv_adjusted
2025-01-07,601.8999295671179,19825.774867993012,iv_adjusted
2025-01-08,1433.6656738861552,19431.339229170622,iv_adjusted
2025-01-10,-6798.116236864584,18563.805768873663,iv_adjusted
2025-01-13,-4411.874588457231,20000.0,iv_adjusted
2025-01-14,4917.714464960047,19740.421608478006,iv_adjusted
2025-01-15,5762.7635603841645,18918.01766643431,iv_adjusted
2025-01-16,3880.822818882563,18435.3548387595,iv_adjusted
2025-01-17,3172.2956179955077,17818.974887380245,iv_adjusted
2025-01-21,3077.385837004762,20000.0,iv_adjusted
2025-01-22,-4349.374010782723,20989.51534095105,iv_adjusted
2025-01-23,-3890.2038292937937,20533.69054747525,iv_adjusted
2025-01-24,13885.670463169534,20200.996560271848,iv_adjusted
2025-01-27,4781.139941413778,20000.000000000004,iv_adjusted
2025-01-28,-4165.303116870645,21078.094225711782,iv_adjusted
2025-01-29,7726.042420393475,21211.03317015291,iv_adjusted
2025-01-30,-6915.636622646745,19513.638936816704,iv_adjusted
2025-01-31,-6120.179924444184,19297.56354690419,iv_adjusted
2025-02-03,-2924.116763012333,20000.0,iv_adjusted
2025-02-04,1589.986719747908,19613.966037536462,iv_adjusted
2025-02-05,2001.1987203584906,19130.179293464247,iv_adjusted
2025-02-06,-4543.962487915421,18538.02414598663,iv_adjusted
2025-02-07,-287.4733509711193,18303.296580061036,iv_adjusted
2025-02-10,-756.4304537134833,20000.0,iv_adjusted
2025-02-11,3975.087671571138,19449.706242938682,iv_adjusted
2025-02-12,-1621.1859684419403,19038.513679809756,iv_adjusted
2025-02-13,3632.825207213151,18532.321646147673,iv_adjusted
2025-02-14,2283.5771307302184,18060.47341835461,iv_adjusted
2025-02-18,-3462.6045988240594,20000.0,iv_adjusted
2025-02-19,-9210.285842213863,19842.042194727273,iv_adjusted
2025-02-20,-215.79396797475133,19310.666936207108,iv_adjusted
2025-02-21,5290.281944136976,20489.962855847567,iv_adjusted
2025-02-24,-6320.215663113803,20000.0,iv_adjusted
2025-02-25,-769.5332359905394,19850.60466177708,iv_adjusted
2025-02-26,4550.449537830798,20379.05476430465,iv_adjusted
2025-02-27,-10678.032564524932,19534.69245756458,iv_adjusted
2025-02-28,4179.300358231106,18759.579474108534,iv_adjusted
2025-03-03,897.9547302435469,20000.0,iv_adjusted
2025-03-04,262.3666446868619,19829.468641640873,iv_adjusted
2025-03-05,2707.972414808085,19343.88558299346,iv_adjusted
2025-03-06,-5270.0672421297795,19048.937437584827,iv_adjusted
2025-03-07,1541.8620548610138,18493.163733026075,iv_adjusted
2025-03-10,4441.83379859908,20000.0,iv_adjusted
2025-03-11,-1841.061757791427,20364.247566748545,iv_adjusted
2025-03-12,10120.352409814806,20222.784601883664,iv_adjusted
2025-03-13,211.54177250181573,19701.83884921199,iv_adjusted
2025-03-14,-2354.5764777581053,19606.01497221466,iv_adjusted
2025-03-17,4557.593656827046,20000.0,iv_adjusted
2025-03-18,-919.0750103545887,19802.83295207041,iv_adjusted
2025-03-19,-2716.688754026634,19565.18782565173,iv_adjusted
2025-03-20,2012.2669933399725,18869.975707480415,iv_adjusted
2025-03-21,-1008.5577926276,18436.322544694838,iv_adjusted
2025-03-24,3289.478941082396,20000.0,iv_adjusted
2025-03-25,6606.1228143938515,20115.478732136962,iv_adjusted
2025-03-26,-5593.347901792033,19965.75919447783,iv_adjusted
2025-03-27,3130.7781959653867,19433.718411983915,iv_adjusted
2025-03-28,1158.6474646219724,35426.78618281329,iv_adjusted
2025-03-31,636.189832995386,20000.0,iv_adjusted
2025-04-01,886.2438542860953,19704.85354238018,iv_adjusted
2025-04-02,-2602.158892486782,19387.79752864416,iv_adjusted
2025-04-03,5301.522254796837,18086.94271605438,iv_adjusted
2025-04-04,6132.071844994005,17828.914797593454,iv_adjusted
2025-04-07,-3081.2514647067783,20000.0,iv_adjusted
2025-04-08,2840.680200655221,19608.602997757327,iv_adjusted
2025-04-09,3845.4961877428846,21265.027728410754,iv_adjusted
2025-04-10,10120.496452650928,20822.16939211285,iv_adjusted
2025-04-11,-4667.860152369682,20844.48786753842,iv_adjusted
2025-04-14,-2860.0305391159377,20000.0,iv_adjusted
2025-04-15,7060.091345475691,19439.04915868039,iv_adjusted
2025-04-16,-1215.7057432642428,19087.48744912079,iv_adjusted
2025-04-17,14002.152207675372,18721.46551424832,iv_adjusted
2025-04-21,-3891.3084565824797,20000.0,iv_adjusted
2025-04-22,4996.428314778171,20682.0378848442,iv_adjusted
2025-04-23,-346.60441532802787,20585.420350368735,iv_adjusted
2025-04-24,78.71994514689823,20002.88311998559,iv_adjusted
2025-04-25,2868.2242852376994,19285.716809469188,iv_adjusted
2025-04-28,-459.8919741529943,20000.0,iv_adjusted
2025-04-29,1985.8043073593096,19602.56145254092,iv_adjusted
2025-04-30,1817.1094270931105,19287.806795634457,iv_adjusted
2025-05-01,8742.065260868845,18983.21701783502,iv_adjusted
2025-05-02,-4234.4657734997145,18506.348735648357,iv_adjusted
2025-05-05,-611.6799124358605,20000.0,iv_adjusted
2025-05-06,3643.436837445714,19922.097946559526,iv_adjusted
2025-05-07,3349.3316805335426,19355.173573318974,iv_adjusted
2025-05-08,-3586.5302227641077,18970.994512100315,iv_adjusted
2025-05-09,-1902.967409937331,18626.598297056153,iv_adjusted
2025-05-12,1498.7975178771878,20000.0,iv_adjusted
2025-05-13,-5950.826879499336,20967.730424123536,iv_adjusted
2025-05-14,-9678.957963501167,21609.193536895524,iv_adjusted
2025-05-15,1389.1052033369724,21272.52644838105,iv_adjusted
2025-05-16,146.93826338309654,21020.922567033296,iv_adjusted
2025-05-19,8419.240729129235,20000.0,iv_adjusted
2025-05-20,-2326.0408881732988,20438.36452578812,iv_adjusted
2025-05-21,-2689.492990521464,22403.94343652478,iv_adjusted
2025-05-22,281.9749960864936,21709.49302280664,iv_adjusted
2025-05-23,14.044006863654658,21344.18304053627,iv_adjusted
2025-05-27,-2131.1931387211075,20000.0,iv_adjusted
2025-05-28,-1598.6676985133,20660.353268917006,iv_adjusted
2025-05-29,13612.826305828514,19683.457311080914,iv_adjusted
2025-05-30,-8207.111650700177,19259.43988145281,iv_adjusted
2025-06-02,-11023.405028963796,20000.0,iv_adjusted
2025-06-03,-766.2692277145455,19657.282217207594,iv_adjusted
2025-06-04,-2344.2760191041725,19420.768722874218,iv_adjusted
2025-06-05,311.2344267925737,19297.43607220063,iv_adjusted
2025-06-06,-555.1650474976163,18842.985597752395,iv_adjusted
2025-06-09,2173.1109803626855,20000.0,iv_adjusted
2025-06-10,-6037.356535183604,20055.454687760826,iv_adjusted
2025-06-11,3015.77709186172,20042.21511024227,iv_adjusted
2025-06-12,-2130.5014795694833,19887.38463192717,iv_adjusted
2025-06-13,-57.15999377401093,19714.286362751467,iv_adjusted
2025-06-16,2494.9083230648566,20000.0,iv_adjusted
2025-06-17,-4045.525820109633,19628.52588038772,iv_adjusted
2025-06-18,1324.5159518455143,19283.745679104628,iv_adjusted
2025-06-20,1997.0758500311222,18650.778038365726,iv_adjusted
2025-06-23,-189.9016784081026,20000.0,iv_adjusted
2025-06-24,-3866.752195318414,19549.994092103585,iv_adjusted
2025-06-25,-1505.5420697113223,19478.48625470414,iv_adjusted
2025-06-26,-3015.326716574352,18502.02744487302,iv_adjusted
2025-06-27,2695.2189501547828,18086.816359221506,iv_adjusted
2025-06-30,-434.0979595930787,20000.0,iv_adjusted
2018-07-02,0.0,20000.0,fully_adjusted
2018-07-03,2318.1081148705157,19687.38553012378,fully_adjusted
2018-07-05,-54718.10225984374,19077.942292292297,fully_adjusted
2018-07-06,54238.05810125845,18683.905927348864,fully_adjusted
2018-07-09,1743.8840557412034,20000.0,fully_adjusted
2018-07-10,2402.4640190755963,19297.66204943177,fully_adjusted
2018-07-11,1938.1652267065724,19450.092519139973,fully_adjusted
2018-07-12,-1336.926102624022,18775.183226531717,fully_adjusted
2018-07-13,144.7454448001943,18264.369693168923,fully_adjusted
2018-07-16,3058.2131539248708,20000.0,fully_adjusted
2018-07-17,-3137.4397104860245,19098.57655402244,fully_adjusted
2018-07-18,-2464.557548745879,18243.791746284143,fully_adjusted
2018-07-19,3995.0848436341753,18259.614045115915,fully_adjusted
2018-07-20,-3775.8743794879006,17632.358896422855,fully_adjusted
2018-07-23,3647.5098199754566,20000.0,fully_adjusted
2018-07-24,219.67997859173687,19266.431588653173,fully_adjusted
2018-07-25,-6703.022704842305,17685.09040301224,fully_adjusted
2018-07-26,3288.612123139835,16515.955595893134,fully_adjusted
2018-07-27,-5283.587957232968,15830.200748769654,fully_adjusted
2018-07-30,-10710.318827700034,20000.0,fully_adjusted
2018-07-31,13129.307528892785,19410.141238522483,fully_adjusted
2018-08-01,-3386.770616958018,19124.20075533786,fully_adjusted
2018-08-02,5181.508493371494,18568.264778526627,fully_adjusted
2018-08-03,-9487.816615495249,18084.864040197535,fully_adjusted
2018-08-06,6267.975524104461,20000.0,fully_adjusted
2018-08-07,-4431.150313922334,19596.90773657666,fully_adjusted
2018-08-08,12176.176303554352,19248.62273645031,fully_adjusted
2018-08-09,2492.193332111743,18706.21365508742,fully_adjusted
2018-08-10,-10544.953521628775,18798.172252952012,fully_adjusted
2018-08-13,-3038.0008908772174,20000.0,fully_adjusted
2018-08-14,10140.602047179415,19421.393078696925,fully_adjusted
2018-08-15,-14328.570886802976,18963.33728492625,fully_adjusted
2018-08-16,1803.6541874277061,17985.774357724964,fully_adjusted
2018-08-17,-2346.739926317398,17149.12056740126,fully_adjusted
2018-08-20,14463.856783329136,19999.999999999996,fully_adjusted
2018-08-21,-10390.650310266577,20274.247808573804,fully_adjusted
2018-08-22,9245.57416468723,19689.77690176218,fully_adjusted
2018-08-23,-12622.26325829437,19124.914027172632,fully_adjusted
2018-08-24,18197.743032480645,17834.600919042372,fully_adjusted
2018-08-27,-10434.319737760565,20000.0,fully_adjusted
2018-08-28,1698.922401477054,18872.624407814194,fully_adjusted
2018-08-29,-2157.5261468493554,17618.484725983162,fully_adjusted
2018-08-30,-15417.78432310593,18198.391734791072,fully_adjusted
2018-08-31,18685.73743760913,17437.33531960717,fully_adjusted
2018-09-04,12056.375860781543,20000.0,fully_adjusted
2018-09-05,3196.407176781894,19746.93073739897,fully_adjusted
2018-09-06,-1631.3088628558965,19251.40570815859,fully_adjusted
2018-09-07,-661.3610119387279,18889.739520167117,fully_adjusted
2018-09-10,-1996.71754269774,20000.0,fully_adjusted
2018-09-11,-2503.243786381437,19584.454646787814,fully_adjusted
2018-09-12,2893.776768122446,19106.298290653016,fully_adjusted
2018-09-13,4526.71430282475,18608.464654187657,fully_adjusted
2018-09-14,-4358.245683464357,18274.139187019937,fully_adjusted
2018-09-17,3399.7562048793147,20000.0,fully_adjusted
2018-09-18,-6280.416692466884,19406.592296164265,fully_adjusted
2018-09-19,7387.615831685594,19180.42156465,fully_adjusted
2018-09-20,-5980.607351757563,18562.22898453706,fully_adjusted
2018-09-21,11598.364557064426,17838.955089545405,fully_adjusted
2018-09-24,-5557.276821708397,20000.0,fully_adjusted
2018-09-25,8096.40922510292,19487.35867468627,fully_adjusted
2018-09-26,-3811.8535971729475,18654.523625689042,fully_adjusted
2018-09-27,-4327.064987934991,18126.807637968606,fully_adjusted
2018-09-28,-4360.857415093063,17459.977441430714,fully_adjusted
2018-10-01,7261.516595367151,20000.0,fully_adjusted
2018-10-02,-748.4517461465058,19655.697566885287,fully_adjusted
2018-10-03,1093.530179385914,19437.638483974522,fully_adjusted
2018-10-04,-893.3833403493157,19081.453765073933,fully_adjusted
2018-10-05,1777.73668797529,18685.472992735467,fully_adjusted
2018-10-08,205.89919034227125,20000.0,fully_adjusted
2018-10-09,1565.9248639532805,19423.5468575583,fully_adjusted
2018-10-10,-608.2055038864492,18738.830419309677,fully_adjusted
2018-10-11,1307.3041385305664,17624.44481871976,fully_adjusted
2018-10-12,-876.5986778759157,17867.36046994582,fully_adjusted
2018-10-15,2666.8941097584134,20000.0,fully_adjusted
2018-10-16,463.9544566665801,22071.631581247548,fully_adjusted
2018-10-17,-4251.881419077446,21502.502168380684,fully_adjusted
2018-10-18,5437.019790526847,20150.31079837582,fully_adjusted
2018-10-19,2626.7766551388727,19958.794289568003,fully_adjusted
2018-10-22,-2595.94615868659,20000.0,fully_adjusted
2018-10-23,-6682.240841220644,23791.569108359257,fully_adjusted
2018-10-24,-17124.207875854157,25344.17477924664,fully_adjusted
2018-10-25,22174.85238293673,26851.099845776786,fully_adjusted
2018-10-26,-852.2655765991601,27297.782081284393,fully_adjusted
2018-10-29,435.5259754783774,20000.0,fully_adjusted
2018-10-30,-10739.40619169023,19610.219140707242,fully_adjusted
2018-10-31,11928.920261846126,19267.06985195611,fully_adjusted
2018-11-01,-8720.206492633935,18675.85343256809,fully_adjusted
2018-11-02,-630.9211535233453,18355.688298155124,fully_adjusted
2018-11-05,-703.9127379144671,19999.999999999996,fully_adjusted
2018-11-06,5546.189302804023,19228.750440231375,fully_adjusted
2018-11-07,1728.254041259048,17234.090718239822,fully_adjusted
2018-11-08,-97.58830939502673,16866.030364504008,fully_adjusted
2018-11-09,-4732.084731349857,17384.340862679983,fully_adjusted
2018-11-12,5284.415632786529,20000.0,fully_adjusted
2018-11-13,-14838.786768346705,19807.86035222688,fully_adjusted
2018-11-14,-2685.3491868833257,19912.64966876826,fully_adjusted
2018-11-15,-5375.168619166023,18828.86447581715,fully_adjusted
2018-11-16,-1827.5692857100253,17879.63596452577,fully_adjusted
2018-11-19,10900.707708828708,20000.0,fully_adjusted
2018-11-20,833.8059990220671,21787.888897631838,fully_adjusted
2018-11-21,1492.2964750538865,21216.339885188478,fully_adjusted
2018-11-23,1696.6108683337259,20553.759159660378,fully_adjusted
2018-11-26,-1201.0463475805975,20000.0,fully_adjusted
2018-11-27,4016.6160239092073,18990.162224801657,fully_adjusted
2018-11-28,5892.092752819616,19038.183102573785,fully_adjusted
2018-11-29,-1811.8773471506126,19664.190247236544,fully_adjusted
2018-11-30,944.7019031647321,18876.154787677322,fully_adjusted
2018-12-03,5510.581510843473,19999.999999999996,fully_adjusted
2018-12-04,-10551.325694833668,18920.86545253541,fully_adjusted
2018-12-06,1108.1486536928774,18273.2418944668,fully_adjusted
2018-12-07,-5372.089766827982,16741.672715134577,fully_adjusted
2018-12-10,7520.815908703583,20000.0,fully_adjusted
2018-12-11,-807.062560117888,19490.67152401402,fully_adjusted
2018-12-12,4389.087416133078,19710.410724171434,fully_adjusted
2018-12-13,-1681.5224307497838,18954.506529579518,fully_adjusted
2018-12-14,-900.8866441262235,18066.09587195989,fully_adjusted
2018-12-17,1463.1808642092378,20000.0,fully_adjusted
2018-12-18,-3122.6095331639212,19878.022456496896,fully_adjusted
2018-12-19,-3176.9510224240366,19639.28977269173,fully_adjusted
2018-12-20,-1193.8400341044135,21471.110481806216,fully_adjusted
2018-12-21,-2593.969156625585,22890.01028321407,fully_adjusted
2018-12-24,-9306.560134294603,20000.0,fully_adjusted
2018-12-26,3005.1493388914487,23303.894329966613,fully_adjusted
2018-12-27,-7723.650628557933,23500.277291930914,fully_adjusted
2018-12-28,7899.157673488262,22620.438755344556,fully_adjusted
2018-12-31,2918.229854063267,20000.0,fully_adjusted
2019-01-02,2411.885786695439,19390.36166490815,fully_adjusted
2019-01-03,2174.480301693647,18954.763512149606,fully_adjusted
2019-01-04,191.94226149949537,18786.205539108716,fully_adjusted
2019-01-07,-537.0404086187402,20000.0,fully_adjusted
2019-01-08,2514.609419284881,19277.668413523017,fully_adjusted
2019-01-09,-2571.9146664351647,19014.121381173267,fully_adjusted
2019-01-10,387.7240644117764,18273.75980741075,fully_adjusted
2019-01-11,6235.767342556193,17810.582929794236,fully_adjusted
2019-01-14,-1614.8110752482107,19999.999999999996,fully_adjusted
2019-01-15,7008.25270269019,18844.661986353716,fully_adjusted
2019-01-16,-4776.3853428942375,18814.790470706746,fully_adjusted
2019-01-17,-7268.080132997739,18760.51235280307,fully_adjusted
2019-01-18,6192.741114004876,18352.79532872406,fully_adjusted
2019-01-22,460.5242258653288,20000.0,fully_adjusted
2019-01-23,9448.659502151993,20013.792616467956,fully_adjusted
2019-01-24,558.4490373811263,19805.569732988097,fully_adjusted
2019-01-25,-11068.152081762788,18848.7950755314,fully_adjusted
2019-01-28,22150.03358348562,19999.999999999996,fully_adjusted
2019-01-29,3014.8270999067868,19752.647157950203,fully_adjusted
2019-01-30,-1100.3115922910426,19326.569485377287,fully_adjusted
2019-01-31,-2890.1496311122555,19068.78152598766,fully_adjusted
2019-02-01,-372.52599848001057,18834.5450632506,fully_adjusted
2019-02-04,-111.78931089015633,20000.0,fully_adjusted
2019-02-05,3870.9030959582105,19190.11447829994,fully_adjusted
2019-02-06,611.0018103608983,19163.424044255855,fully_adjusted
2019-02-07,-16735.265830503064,18999.38742899336,fully_adjusted
2019-02-08,4344.752230733825,18826.779671276756,fully_adjusted
2019-02-11,870.3930599658017,19999.999999999996,fully_adjusted
2019-02-12,3533.5079306007874,19072.436971257364,fully_adjusted
2019-02-13,-718.5580216812184,18037.757746172974,fully_adjusted
2019-02-14,8004.396976732838,18029.447255402283,fully_adjusted
2019-02-15,-6692.638984285058,17142.388118243623,fully_adjusted
2019-02-19,4129.767749745596,20000.0,fully_adjusted
2019-02-20,-2898.1516823565257,18910.689798715226,fully_adjusted
2019-02-21,-12601.185064314854,18570.119151919953,fully_adjusted
2019-02-22,9041.459214439761,16791.73066278856,fully_adjusted
2019-02-25,-3928.731083248839,20000.0,fully_adjusted
2019-02-26,905.8029436139034,19683.152676767437,fully_adjusted
2019-02-27,-2759.785425174734,19176.74091426163,fully_adjusted
2019-02-28,1405.6080327168715,18860.349415133744,fully_adjusted
2019-03-01,910.0233052895572,18434.823162338926,fully_adjusted
2019-03-04,1080.163657461928,20000.0,fully_adjusted
2019-03-05,1171.8124091896973,19621.22534604495,fully_adjusted
2019-03-06,235.90364231410567,19174.890884260058,fully_adjusted
2019-03-07,-1499.1465522497379,18580.528402231903,fully_adjusted
2019-03-08,813.8103799526488,18317.091935149572,fully_adjusted
2019-03-11,4888.911300240908,19999.999999999996,fully_adjusted
2019-03-12,-1172.2514574955744,19705.40099268589,fully_adjusted
2019-03-13,-380.5447444906628,19235.63516365591,fully_adjusted
2019-03-14,927.6422013905501,18698.686226908383,fully_adjusted
2019-03-15,3922.1500447006397,17991.88885196589,fully_adjusted
2019-03-18,-1637.3379538259771,20000.0,fully_adjusted
2019-03-19,-5576.893790672238,20179.259645211016,fully_adjusted
2019-03-20,-1833.5595742312537,19303.681965897373,fully_adjusted
2019-03-21,4814.368492402841,18128.14741577006,fully_adjusted
2019-03-22,-8059.250800395922,18142.265284669742,fully_adjusted
2019-03-25,1705.9094272896684,20000.0,fully_adjusted
2019-03-26,2005.5614264697801,19731.446336059926,fully_adjusted
2019-03-27,-4092.041803482321,19101.508099710256,fully_adjusted
2019-03-28,257.4980414840351,18914.982217681314,fully_adjusted
2019-03-29,1388.1838445047567,42353.094789086244,fully_adjusted
2019-04-01,13166.744763850718,20000.0,fully_adjusted
2019-04-02,609.4478899088398,19685.785629948194,fully_adjusted
2019-04-03,336.1054744053357,19128.05215728629,fully_adjusted
2019-04-04,1378.3432921414221,18726.326936445606,fully_adjusted
2019-04-05,-961.5028002628907,18123.31439434553,fully_adjusted
2019-04-08,61.53451389461888,20000.0,fully_adjusted
2019-04-09,857.9054344801971,20508.876504133652,fully_adjusted
2019-04-10,-160.1820196288669,19693.253825816835,fully_adjusted
2019-04-11,4097.2846672698715,19179.208619121477,fully_adjusted
2019-04-12,-938.049181185445,17967.44029550372,fully_adjusted
2019-04-15,-3241.365231026421,20000.0,fully_adjusted
2019-04-16,1021.22778509406,19086.545954351823,fully_adjusted
2019-04-17,-6064.811877592247,18238.573396138592,fully_adjusted
2019-04-18,3781.5272056927693,17591.128754656387,fully_adjusted
2019-04-22,-523.9019497760596,20000.0,fully_adjusted
2019-04-23,-2055.768424954212,20088.77864951427,fully_adjusted
2019-04-24,6946.411848373098,20067.09817428041,fully_adjusted
2019-04-25,10053.128282110663,20037.459605690718,fully_adjusted
2019-04-26,-5179.464313532844,18250.837758930993,fully_adjusted
2019-04-29,3473.3950585996586,20000.0,fully_adjusted
2019-04-30,2644.4110272411776,19322.75765454671,fully_adjusted
2019-05-01,1701.3151660270478,19135.753512514235,fully_adjusted
2019-05-02,2786.801393584568,18614.76454141148,fully_adjusted
2019-05-03,1362.6254185271916,18153.964904135493,fully_adjusted
2019-05-06,176.023592594584,20000.0,fully_adjusted
2019-05-07,5564.957876034252,19936.969478044604,fully_adjusted
2019-05-08,-1346.12083561227,19435.22282521567,fully_adjusted
2019-05-09,-865.3633921722964,19089.602969018124,fully_adjusted
2019-05-10,1757.6294187583526,18574.583160226466,fully_adjusted
2019-05-13,-3695.164915311864,20000.0,fully_adjusted
2019-05-14,2725.58717302911,20248.374087711432,fully_adjusted
2019-05-15,1417.1281493231645,19690.164882162597,fully_adjusted
2019-05-16,2291.6194738811964,19105.412631114275,fully_adjusted
2019-05-17,1619.499806398149,18729.168587383836,fully_adjusted
2019-05-20,-270.1321845447958,20000.0,fully_adjusted
2019-05-21,4709.1497450488505,20287.23759160236,fully_adjusted
2019-05-22,-2513.459720805205,18895.19763067025,fully_adjusted
2019-05-23,10349.07642662181,18998.885451837497,fully_adjusted
2019-05-24,-3764.8958616314744,18269.69423997208,fully_adjusted
2019-05-28,-1869.3896729582634,20000.0,fully_adjusted
2019-05-29,-1981.9960531960369,21667.206439854566,fully_adjusted
2019-05-30,5320.633996997057,21672.596441807684,fully_adjusted
2019-05-31,-3461.672864576208,22291.923421669613,fully_adjusted
2019-06-03,5265.144886241153,20000.0,fully_adjusted
2019-06-04,-318.1217992345045,19614.48843771236,fully_adjusted
2019-06-05,857.5990704025554,18742.164502232765,fully_adjusted
2019-06-06,1860.0138474675175,18155.340616121943,fully_adjusted
2019-06-07,586.3738080271968,17520.78288168159,fully_adjusted
2019-06-10,650.070710257497,20000.0,fully_adjusted
2019-06-11,957.4225451383236,19769.04643976864,fully_adjusted
2019-06-12,688.0172786951057,19394.514324547326,fully_adjusted
2019-06-13,-2940.2508454127164,18612.825674967604,fully_adjusted
2019-06-14,3764.3826556934937,18576.48080085619,fully_adjusted
2019-06-17,-1916.184397097395,20000.0,fully_adjusted
2019-06-18,-2652.493296510893,18745.389916177624,fully_adjusted
2019-06-19,895.1159712106441,17655.089099257988,fully_adjusted
2019-06-20,917.0938481226601,16749.635095289297,fully_adjusted
2019-06-21,250.09263356551352,16704.750049021128,fully_adjusted
2019-06-24,1022.2420505706988,20000.0,fully_adjusted
2019-06-25,-3934.2889002465868,20873.764707567378,fully_adjusted
2019-06-26,-3524.426436062941,20938.763270253174,fully_adjusted
2019-06-27,-449.81339046448727,19621.12589998062,fully_adjusted
2019-06-28,-6581.363931182154,18149.934386707308,fully_adjusted
2019-07-01,8035.020396920491,20000.0,fully_adjusted
2019-07-02,1269.40848320017,19241.78196171273,fully_adjusted
2019-07-03,975.9957217584484,18883.375368264944,fully_adjusted
2019-07-05,1307.1938094378859,18617.477758781046,fully_adjusted
2019-07-08,-49.796192582204185,20000.0,fully_adjusted
2019-07-09,1305.5901199460745,19835.306689994482,fully_adjusted
2019-07-10,-2246.7341752129655,19058.545490130782,fully_adjusted
2019-07-11,1017.3230167591141,18644.21520056712,fully_adjusted
2019-07-12,391.4319719063584,18085.27913645162,fully_adjusted
2019-07-15,-332.85219310534546,20000.0,fully_adjusted
2019-07-16,-3384.499295096742,19953.54243305945,fully_adjusted
2019-07-17,4792.42349371729,19956.29161375747,fully_adjusted
2019-07-18,-81.81893199157022,18952.030307567245,fully_adjusted
2019-07-19,1533.6693726023973,19383.677962500606,fully_adjusted
2019-07-22,-3824.6032139568497,20000.0,fully_adjusted
2019-07-23,2097.5205763307954,19733.71976151461,fully_adjusted
2019-07-24,-901.2706252333811,19959.20120277651,fully_adjusted
2019-07-25,4667.128356452159,19507.2470775544,fully_adjusted
2019-07-26,-3076.069234312929,18725.95668841341,fully_adjusted
2019-07-29,798.5338173230538,20000.0,fully_adjusted
2019-07-30,7203.622739816843,19468.3300796573,fully_adjusted
2019-07-31,-8503.67669290147,18954.970644766207,fully_adjusted
2019-08-01,420.1172344246503,18124.427967627515,fully_adjusted
2019-08-02,1697.7648434603502,17425.80742396829,fully_adjusted
2019-08-05,2895.313702398723,20000.0,fully_adjusted
2019-08-06,-2441.325465507067,20361.868981378277,fully_adjusted
2019-08-07,5663.424256762432,20216.842722799738,fully_adjusted
2019-08-08,-3810.339041790821,20966.9021484706,fully_adjusted
2019-08-09,1203.0953606757882,19886.55317737794,fully_adjusted
2019-08-12,-45.71651596351668,20000.0,fully_adjusted
2019-08-13,-94.34330254819118,20986.4456342299,fully_adjusted
2019-08-14,-135.98709209627407,20283.69561007621,fully_adjusted
2019-08-15,-3158.0761322564067,20214.048530299013,fully_adjusted
2019-08-16,3620.2125601790185,20286.313456090516,fully_adjusted
2019-08-19,-5542.363442535645,20000.0,fully_adjusted
2019-08-20,16393.007145286014,19791.340090652586,fully_adjusted
2019-08-21,-6115.16030542983,19401.00551330922,fully_adjusted
2019-08-22,1953.6811515631553,19132.761666746923,fully_adjusted
2019-08-23,4690.2543314155,19922.169504085607,fully_adjusted
2019-08-26,487.0116186533567,20000.0,fully_adjusted
2019-08-27,-4456.963941016718,19938.17118067241,fully_adjusted
2019-08-28,2064.5617844002763,19837.2849833251,fully_adjusted
2019-08-29,-2569.1958178337895,19272.81004630077,fully_adjusted
2019-08-30,-3249.1377493721147,18916.658791136786,fully_adjusted
2019-09-03,3480.2195134629105,20000.0,fully_adjusted
2019-09-04,-2399.297094937678,19602.702378105125,fully_adjusted
2019-09-05,4860.24878109396,18756.52575741409,fully_adjusted
2019-09-06,2383.570668631492,18284.880077746595,fully_adjusted
2019-09-09,1060.3426732982314,20000.0,fully_adjusted
2019-09-10,1030.5391592931674,18589.85565196786,fully_adjusted
2019-09-11,-3198.9580025995983,17781.00963455862,fully_adjusted
2019-09-12,2757.1152196836524,17669.325375135293,fully_adjusted
2019-09-13,1705.94687342346,17350.37475734994,fully_adjusted
2019-09-16,-2927.696045706011,20000.0,fully_adjusted
2019-09-17,-2959.0377819514842,19695.449707109517,fully_adjusted
2019-09-18,-881.261810700899,20267.864786675975,fully_adjusted
2019-09-19,-2689.498073229655,19876.031023357198,fully_adjusted
2019-09-20,668.1268086673484,19803.75324922538,fully_adjusted
2019-09-23,-1273.9113728171994,20000.0,fully_adjusted
2019-09-24,5267.700746115502,20848.36287751533,fully_adjusted
2019-09-25,3053.7673381374275,20030.04165559117,fully_adjusted
2019-09-26,-1043.1703961208138,19828.37488552387,fully_adjusted
2019-09-27,-5463.515987819895,19230.494035950764,fully_adjusted
2019-09-30,4624.296395936955,20000.0,fully_adjusted
2019-10-01,4761.02137873115,19649.653978647737,fully_adjusted
2019-10-02,-2118.717634631033,19018.87709362026,fully_adjusted
2019-10-03,523.8833618186255,18895.221995898453,fully_adjusted
2019-10-04,2474.1878576247063,18663.038967841123,fully_adjusted
2019-10-07,150.64614722500562,20000.0,fully_adjusted
2019-10-08,-1262.186967595264,19253.49463500515,fully_adjusted
2019-10-09,3842.261443274273,19268.668057030147,fully_adjusted
2019-10-10,-4312.777900085996,19148.288838899556,fully_adjusted
2019-10-11,-4297.369468374508,19073.441622026738,fully_adjusted
2019-10-14,9912.21726532813,20000.0,fully_adjusted
2019-10-15,1151.0502109635765,19240.581579541842,fully_adjusted
2019-10-16,1354.276548667311,18736.25983640528,fully_adjusted
2019-10-17,-2964.9475879158817,18148.245240530232,fully_adjusted
2019-10-18,757.4988678395611,17761.576479926574,fully_adjusted
2019-10-21,2137.3960880191325,20000.0,fully_adjusted
2019-10-22,-10451.088245365145,19443.996291762574,fully_adjusted
2019-10-23,-744.2178781446994,19707.077926044843,fully_adjusted
2019-10-24,-5668.249432203229,19272.192370598474,fully_adjusted
2019-10-25,-2535.326695644881,18391.40683504527,fully_adjusted
2019-10-28,2733.5742653732377,20000.0,fully_adjusted
2019-10-29,3802.770734334491,19638.40856608742,fully_adjusted
2019-10-30,598.7515648731369,19166.20846288292,fully_adjusted
2019-10-31,-3518.50967821219,18583.87986111736,fully_adjusted
2019-11-01,2794.3780347607494,18487.039578149943,fully_adjusted
2019-11-04,1266.0768478553032,20000.0,fully_adjusted
2019-11-05,1061.1415175391996,19330.710049658453,fully_adjusted
2019-11-06,-1950.8703401381777,19314.00378792615,fully_adjusted
2019-11-07,-4467.346300591665,18445.34895048178,fully_adjusted
2019-11-08,-171.23791015945642,17805.44449864031,fully_adjusted
2019-11-11,1614.9981495144555,20000.0,fully_adjusted
2019-11-12,3192.5062637999854,19507.307554256087,fully_adjusted
2019-11-13,-4897.078163615916,19273.826373382373,fully_adjusted
2019-11-14,2180.0564730931524,19084.885074685943,fully_adjusted
2019-11-15,-3579.9007960546146,17958.580612858183,fully_adjusted
2019-11-18,3116.2839969047236,20000.0,fully_adjusted
2019-11-19,-393.8977958959794,20316.666786628302,fully_adjusted
2019-11-20,-3725.552471843949,20265.59373056864,fully_adjusted
2019-11-21,4302.908986630221,20100.480591379106,fully_adjusted
2019-11-22,1576.0553780634546,18864.899067488106,fully_adjusted
2019-11-25,-597.9968588541516,20000.0,fully_adjusted
2019-11-26,-15631.09346089602,20290.48214007107,fully_adjusted
2019-11-27,10846.430053433523,20521.722414169548,fully_adjusted
2019-11-29,722.2626251067079,20208.264664329203,fully_adjusted
2019-12-02,-4517.679510331945,20000.0,fully_adjusted
2019-12-03,-539.3611902471457,19720.31486125842,fully_adjusted
2019-12-04,3340.1954300919947,19387.92790542647,fully_adjusted
2019-12-05,1382.120679807967,19030.87711001441,fully_adjusted
2019-12-06,1919.0602803329764,18639.937169042485,fully_adjusted
2019-12-09,620.8019200168236,20000.0,fully_adjusted
2019-12-10,-2329.285981468833,19782.955875887266,fully_adjusted
2019-12-11,815.6100592965688,19396.892835955503,fully_adjusted
2019-12-12,-3014.9718939044983,18643.03778666392,fully_adjusted
2019-12-13,1445.6682626548,18164.81529212459,fully_adjusted
2019-12-16,631.8447487649692,20000.0,fully_adjusted
2019-12-17,3395.071287377456,19321.172744173207,fully_adjusted
2019-12-18,1835.1617964639343,19025.63076450625,fully_adjusted
2019-12-19,-2526.174814536767,18288.869723910786,fully_adjusted
2019-12-20,-1314.2136179580123,17104.42388208714,fully_adjusted
2019-12-23,872.5033924530424,20000.0,fully_adjusted
2019-12-24,6258.533561496258,20151.752532834675,fully_adjusted
2019-12-26,2741.123051964075,18724.881380760293,fully_adjusted
2019-12-27,3206.2673045916745,18146.43241863872,fully_adjusted
2019-12-30,126.79896279603201,20000.0,fully_adjusted
2019-12-31,968.5071024098471,19771.38400874911,fully_adjusted
2020-01-02,-133.1567198948774,19093.03406255145,fully_adjusted
2020-01-03,-2478.6190689111254,18889.896332693977,fully_adjusted
2020-01-06,-1437.0744239240041,20000.0,fully_adjusted
2020-01-07,7350.5121969116835,19713.534166068537,fully_adjusted
2020-01-08,490.1627335823797,19392.47104622713,fully_adjusted
2020-01-09,115.97358705249746,18875.517032663505,fully_adjusted
2020-01-10,321.33095793711504,18595.553869613406,fully_adjusted
2020-01-13,545.5878506683682,20000.0,fully_adjusted
2020-01-14,-16.484449937220653,19868.739106849058,fully_adjusted
2020-01-15,-97.53543418962238,19092.113361976586,fully_adjusted
2020-01-16,1785.0851901458684,17984.33871913053,fully_adjusted
2020-01-17,5231.46345691799,17273.876040976687,fully_adjusted
2020-01-21,788.1561478194964,20000.0,fully_adjusted
2020-01-22,-3754.864561574256,19518.412816219603,fully_adjusted
2020-01-23,-7259.398996099799,18659.29368464312,fully_adjusted
2020-01-24,-9228.379651206555,18724.859331694384,fully_adjusted
2020-01-27,7901.194586983307,20000.0,fully_adjusted
2020-01-28,-3166.906446340645,19234.190900790447,fully_adjusted
2020-01-29,-391.5233015115263,18743.97052677987,fully_adjusted
2020-01-30,-3128.066115636324,17425.14431352708,fully_adjusted
2020-01-31,9394.4396883472,18486.169739670648,fully_adjusted
2020-02-03,1353.80118668098,19999.999999999996,fully_adjusted
2020-02-04,-2058.770077011255,19380.33141747949,fully_adjusted
2020-02-05,-4387.753069977003,18652.25233984299,fully_adjusted
2020-02-06,-348.20523543734953,18184.311181606354,fully_adjusted
2020-02-07,-78.34777609644519,18121.984997480748,fully_adjusted
2020-02-10,-250.95096537016542,20000.0,fully_adjusted
2020-02-11,1543.6029346608252,19515.948808227422,fully_adjusted
2020-02-12,-1890.9070160024544,18869.976583023566,fully_adjusted
2020-02-13,3069.8501294009325,18643.58141092848,fully_adjusted
2020-02-14,2942.437623418909,18068.373204720687,fully_adjusted
2020-02-18,-145.03888452388105,20000.0,fully_adjusted
2020-02-19,-208.9020980486958,19658.578098874477,fully_adjusted
2020-02-20,-1510.244931649198,19194.172786235955,fully_adjusted
2020-02-21,1433.9605514314937,19710.109549046487,fully_adjusted
2020-02-24,2053.885532513741,20000.0,fully_adjusted
2020-02-25,-3628.3903335326877,19680.207526430208,fully_adjusted
2020-02-26,-765.4775555027139,18852.182732934594,fully_adjusted
2020-02-27,-1487.1246162407697,18862.931764553992,fully_adjusted
2020-02-28,2316.0037474672104,20021.287526924923,fully_adjusted
2020-03-02,2222.6320920149883,20000.0,fully_adjusted
2020-03-03,3977.4009882552946,19387.322863541573,fully_adjusted
2020-03-04,4143.914194704825,19300.027119077808,fully_adjusted
2020-03-05,79.0388738320284,19071.659568118426,fully_adjusted
2020-03-06,-11813.597684481561,18822.164370217903,fully_adjusted
2020-03-09,38.53337293485015,20000.0,fully_adjusted
2020-03-10,-14907.341503966785,20861.155189830322,fully_adjusted
2020-03-11,-4182.953392780739,19618.25754180447,fully_adjusted
2020-03-12,-10133.275408984944,18564.536591536376,fully_adjusted
2020-03-13,-6248.023446518772,18860.326317375206,fully_adjusted
2020-03-16,23592.90217801375,19961.3497437022,fully_adjusted
2020-03-17,29186.412034849473,20223.982685725485,fully_adjusted
2020-03-18,-21081.133661093274,18955.664881121855,fully_adjusted
2020-03-19,-20661.741516150647,18504.213239512563,fully_adjusted
2020-03-20,41173.03340731913,18717.866873856485,fully_adjusted
2020-03-23,4546.472597950512,20000.0,fully_adjusted
2020-03-24,36385.33128702931,21742.61125972137,fully_adjusted
2020-03-25,18780.029077042935,22684.129760635744,fully_adjusted
2020-03-26,7420.217910232029,24204.7212638499,fully_adjusted
2020-03-27,16150.904046562324,23904.65643289091,fully_adjusted
2020-03-30,26296.07937088743,20000.0,fully_adjusted
2020-03-31,23581.141454045344,19481.776532957396,fully_adjusted
2020-04-01,-1156.110799840193,18415.590839836783,fully_adjusted
2020-04-02,3274.4539201222074,18336.059583158247,fully_adjusted
2020-04-03,1540.8347782685903,17863.915824448708,fully_adjusted
2020-04-06,24424.74033169632,20000.0,fully_adjusted
2020-04-07,3628.1329063881212,20114.313669572966,fully_adjusted
2020-04-08,-10407.930738004286,21381.108219445436,fully_adjusted
2020-04-09,1545.3417297716012,22042.570659518628,fully_adjusted
2020-04-13,4544.035141447142,20000.0,fully_adjusted
2020-04-14,18986.29266893326,19846.460289883467,fully_adjusted
2020-04-15,4961.784672910319,19936.462742764877,fully_adjusted
2020-04-16,-11142.654443901702,19325.9625870117,fully_adjusted
2020-04-17,9448.296315826374,19083.733472389453,fully_adjusted
2020-04-20,18454.38719970274,20000.0,fully_adjusted
2020-04-21,1700.0397469229304,19797.780968586547,fully_adjusted
2020-04-22,10283.383586228692,19052.590588237188,fully_adjusted
2020-04-23,5078.033974668048,19199.458969167008,fully_adjusted
2020-04-24,-1911.7321514819805,18646.55408900254,fully_adjusted
2020-04-27,-5347.5263106342145,20000.0,fully_adjusted
2020-04-28,-1253.4128966092612,19706.595002463284,fully_adjusted
2020-04-29,-2286.7740429505893,19515.22571175645,fully_adjusted
2020-04-30,819.6242427076227,19358.21905960496,fully_adjusted
2020-05-01,-728.0261436036249,18626.145599922096,fully_adjusted
2020-05-04,1645.7941981301515,20000.0,fully_adjusted
2020-05-05,4035.5069358814853,19869.039834923104,fully_adjusted
2020-05-06,2616.6099337560227,19184.99946412855,fully_adjusted
2020-05-07,706.7799323265892,19067.283423946184,fully_adjusted
2020-05-08,-1166.5661463242284,19149.16125544421,fully_adjusted
2020-05-11,-2932.2061398853148,20000.0,fully_adjusted
2020-05-12,297.2688818421611,19263.431293715323,fully_adjusted
2020-05-13,5382.755986790585,18949.84156553834,fully_adjusted
2020-05-14,-2445.637968846888,19085.081110668434,fully_adjusted
2020-05-15,-56.33747950419136,18438.323867480136,fully_adjusted
2020-05-18,-4727.085804129768,20000.0,fully_adjusted
2020-05-19,5378.181192285175,19358.083016706954,fully_adjusted
2020-05-20,2505.088531690305,19153.954981840823,fully_adjusted
2020-05-21,8083.112162442305,18853.067578812224,fully_adjusted
2020-05-22,-3383.755475388772,18449.296144073345,fully_adjusted
2020-05-26,-7056.2338426907645,20000.0,fully_adjusted
2020-05-27,8272.771702650787,20800.46308721685,fully_adjusted
2020-05-28,3785.5135905656034,21129.330671934556,fully_adjusted
2020-05-29,5119.142046396856,20786.8648218344,fully_adjusted
2020-06-01,-6190.2103172519455,20000.0,fully_adjusted
2020-06-02,340.25443071607174,19826.830951373897,fully_adjusted
2020-06-03,8415.004908878069,19149.840653448104,fully_adjusted
2020-06-04,-8952.969198695206,18966.229934110655,fully_adjusted
2020-06-05,-15526.217496251587,18878.304117828608,fully_adjusted
2020-06-08,8479.522536829862,20000.0,fully_adjusted
2020-06-09,-5509.793270858646,20565.83734501501,fully_adjusted
2020-06-10,968.4620755686794,20550.792725293613,fully_adjusted
2020-06-11,28641.391437342274,19699.426477948073,fully_adjusted
2020-06-12,-13099.533989606492,19816.66600715124,fully_adjusted
2020-06-15,1324.0672958930982,20000.0,fully_adjusted
2020-06-16,-570.5702154171217,19917.874061060767,fully_adjusted
2020-06-17,7329.694054321472,19337.5179226145,fully_adjusted
2020-06-18,-992.5937457389753,18804.917714720137,fully_adjusted
2020-06-19,-1457.043187776949,17901.23824969038,fully_adjusted
2020-06-22,1025.9647032234375,20000.0,fully_adjusted
2020-06-23,-6064.04752196219,19248.582329469158,fully_adjusted
2020-06-24,8705.043113913258,18330.87967381347,fully_adjusted
2020-06-25,9037.10557636137,18163.894476314057,fully_adjusted
2020-06-26,-10021.842381414954,17621.05980908129,fully_adjusted
2020-06-29,1596.9829440446224,20000.0,fully_adjusted
2020-06-30,3103.3783470787794,19813.99200085573,fully_adjusted
2020-07-01,2256.207238223332,19442.081108629063,fully_adjusted
2020-07-02,-15047.237009602772,19195.90529214468,fully_adjusted
2020-07-06,10399.049990512878,20000.0,fully_adjusted
2020-07-07,6574.734217157101,19701.96152573601,fully_adjusted
2020-07-08,2370.169760706282,19343.87903549576,fully_adjusted
2020-07-09,-9585.517561690946,18859.525400770704,fully_adjusted
2020-07-10,8499.53326194125,18839.49569248424,fully_adjusted
2020-07-13,-8407.64744770345,20000.0,fully_adjusted
2020-07-14,8573.962024231007,19395.624231322086,fully_adjusted
2020-07-15,-6018.369878907929,19119.336339115627,fully_adjusted
2020-07-16,2487.9284825837303,18854.670266859703,fully_adjusted
2020-07-17,730.8350559910004,18228.023263823,fully_adjusted
2020-07-20,-394.44642935922946,20000.0,fully_adjusted
2020-07-21,5610.823565646355,19519.985364482847,fully_adjusted
2020-07-22,-58.409250755508594,18758.212422157096,fully_adjusted
2020-07-23,-2867.016681807418,18680.220496406015,fully_adjusted
2020-07-24,-2740.940807658077,18532.262426449142,fully_adjusted
2020-07-27,693.7169694853382,20000.0,fully_adjusted
2020-07-28,164.98947252221092,20178.0293115235,fully_adjusted
2020-07-29,-1161.0582387840414,19553.047652940473,fully_adjusted
2020-07-30,2234.626817569243,19609.275949087234,fully_adjusted
2020-07-31,5415.775077787706,18619.401255244662,fully_adjusted
2020-08-03,2512.30860692085,20000.0,fully_adjusted
2020-08-04,1683.5210501901304,19772.897114973435,fully_adjusted
2020-08-05,-483.81728353642706,19460.572741121447,fully_adjusted
2020-08-06,-936.6839776233501,19105.46213225525,fully_adjusted
2020-08-07,2931.807516612556,18936.441241295353,fully_adjusted
2020-08-10,-6194.995607462251,20000.0,fully_adjusted
2020-08-11,8871.584118834617,19651.67013663449,fully_adjusted
2020-08-12,-1133.5257720667248,19476.983811888917,fully_adjusted
2020-08-13,136.74415808818074,19438.52979358788,fully_adjusted
2020-08-14,956.6219496629192,19143.72727875591,fully_adjusted
2020-08-17,-1579.6565350449414,20000.0,fully_adjusted
2020-08-18,1542.9184918838305,19761.32093494977,fully_adjusted
2020-08-19,7189.788684455476,19281.627979383302,fully_adjusted
2020-08-20,-124.6302896817038,19000.905758669527,fully_adjusted
2020-08-21,2780.805550269353,18356.226206670446,fully_adjusted
2020-08-24,-3831.45394787002,20000.0,fully_adjusted
2020-08-25,9260.087496376744,19532.441542587905,fully_adjusted
2020-08-26,2685.4476803707994,19079.44267216612,fully_adjusted
2020-08-27,1819.434291790731,18977.820122202815,fully_adjusted
2020-08-28,-1103.1142220184242,18482.378680243102,fully_adjusted
2020-08-31,4293.654605878781,20000.0,fully_adjusted
2020-09-01,-1652.0802889660304,19389.122931514474,fully_adjusted
2020-09-02,-1565.5310944741195,19117.628269053566,fully_adjusted
2020-09-03,-4885.783973731065,19366.78242407413,fully_adjusted
2020-09-04,2717.5287210258675,18969.01207123591,fully_adjusted
2020-09-08,-1120.4658835531172,20000.0,fully_adjusted
2020-09-09,5643.795208511778,19869.11250742715,fully_adjusted
2020-09-10,883.6108677875802,19001.561398840226,fully_adjusted
2020-09-11,5376.478203456127,18577.003411127873,fully_adjusted
2020-09-14,87.0978539689344,20000.0,fully_adjusted
2020-09-15,8285.0243755028,19604.60924573393,fully_adjusted
2020-09-16,-4857.607107029383,19511.103975407725,fully_adjusted
2020-09-17,5708.754281180159,19645.152333197027,fully_adjusted
2020-09-18,-6586.579833538233,18684.897417027943,fully_adjusted
2020-09-21,-12419.823733491188,20000.0,fully_adjusted
2020-09-22,5724.628251907604,19809.9942578795,fully_adjusted
2020-09-23,2274.579263294309,18873.48698837039,fully_adjusted
2020-09-24,-2393.203495192387,19109.876551401023,fully_adjusted
2020-09-25,2327.1015216180836,19478.762497623757,fully_adjusted
2020-09-28,1413.8620564868172,20000.0,fully_adjusted
2020-09-29,211.00170578088247,19670.82946362102,fully_adjusted
2020-09-30,5708.689358699191,19481.742698103448,fully_adjusted
2020-10-01,-1374.0527288592914,19201.73368980662,fully_adjusted
2020-10-02,2859.869593789863,18988.72612844584,fully_adjusted
2020-10-05,-3230.2486460209434,20000.0,fully_adjusted
2020-10-06,3914.6725861436944,19743.457395424542,fully_adjusted
2020-10-07,-1147.9441202286137,19245.67582141039,fully_adjusted
2020-10-08,3829.2416920846163,18593.36342635753,fully_adjusted
2020-10-09,-2127.4340596092547,18119.443234101476,fully_adjusted
2020-10-12,5207.581061645564,20000.0,fully_adjusted
2020-10-13,-2429.4453563721822,19947.620583349584,fully_adjusted
2020-10-14,2703.5753014919624,19731.13580297025,fully_adjusted
2020-10-15,-4544.939072380957,19319.26677674489,fully_adjusted
2020-10-16,-33.44038145358725,18698.959267577917,fully_adjusted
2020-10-19,3477.742846648259,20000.0,fully_adjusted
2020-10-20,-7244.0808794122795,19864.53914095221,fully_adjusted
2020-10-21,8432.647639446242,19339.097694442473,fully_adjusted
2020-10-22,-9060.9207253163,18901.7007306682,fully_adjusted
2020-10-23,998.8511678526577,18464.421286554545,fully_adjusted
2020-10-26,3772.7806697660435,20000.0,fully_adjusted
2020-10-27,33359.478961436405,20059.65541059179,fully_adjusted
2020-10-28,868.1778371632502,20543.03227360239,fully_adjusted
2020-10-29,3889.028109439011,19894.411640379625,fully_adjusted
2020-10-30,-8261.061761506007,19628.325161044384,fully_adjusted
2020-11-02,14534.551281247666,20000.0,fully_adjusted
2020-11-03,5163.228104575153,19701.955986085926,fully_adjusted
2020-11-04,-2614.443254406049,19209.198195970323,fully_adjusted
2020-11-05,-1929.3575126945989,18677.898040052845,fully_adjusted
2020-11-06,-1286.1481791671679,18470.220468599317,fully_adjusted
2020-11-09,10081.84942970626,20000.0,fully_adjusted
2020-11-10,-11041.253142338368,20764.898394302098,fully_adjusted
2020-11-11,5280.101474803384,20524.93886751728,fully_adjusted
2020-11-12,-1515.3977224484302,20744.745684837246,fully_adjusted
2020-11-13,-2613.6482618271907,19903.81870074251,fully_adjusted
2020-11-16,1755.1948659045024,20000.0,fully_adjusted
2020-11-17,32.39209201261612,20334.961407139563,fully_adjusted
2020-11-18,4470.190940841618,20600.876040319246,fully_adjusted
2020-11-19,-4520.902345893753,20138.31770743549,fully_adjusted
2020-11-20,-1275.6413128422093,20113.013354678857,fully_adjusted
2020-11-23,-3541.522133768416,20000.0,fully_adjusted
2020-11-24,9748.430528619243,20260.46276207852,fully_adjusted
2020-11-25,-3265.4458396116197,20302.25484970457,fully_adjusted
2020-11-27,-2042.9420984334802,19809.968840928606,fully_adjusted
2020-11-30,1737.3580208343149,20000.0,fully_adjusted
2020-12-01,-1736.1461276392777,19744.576398037672,fully_adjusted
2020-12-02,1349.5798967093604,19596.47660295054,fully_adjusted
2020-12-03,1150.7931352409007,19513.290457494793,fully_adjusted
2020-12-04,1295.2338703012322,18987.267697663265,fully_adjusted
2020-12-07,4159.063712071601,20000.0,fully_adjusted
2020-12-08,-5093.8787994720415,20006.383036479474,fully_adjusted
2020-12-09,3562.898362981375,19740.141167191156,fully_adjusted
2020-12-10,251.97189139014884,19759.138744463296,fully_adjusted
2020-12-11,-2683.210034634925,19617.34792416233,fully_adjusted
2020-12-14,1095.8478827668275,20000.0,fully_adjusted
2020-12-15,4212.944008255533,19327.78158752336,fully_adjusted
2020-12-16,-4635.304088384246,19054.599527365463,fully_adjusted
2020-12-17,4594.395041793865,18856.315291671104,fully_adjusted
2020-12-18,4680.608564516112,19027.96492377081,fully_adjusted
2020-12-21,-427.672922420692,20000.0,fully_adjusted
2020-12-22,1414.180445283071,20055.413730460787,fully_adjusted
2020-12-23,451.7020956383549,19600.099934736652,fully_adjusted
2020-12-24,6184.767532805428,18670.646652510914,fully_adjusted
2020-12-28,-3500.155229553239,20000.0,fully_adjusted
2020-12-29,2488.67906718489,19709.397134886083,fully_adjusted
2020-12-30,-2944.513601355298,19549.563084708087,fully_adjusted
2020-12-31,3152.8679410210034,19356.71289921562,fully_adjusted
2021-01-04,-2035.270658928263,20000.0,fully_adjusted
2021-01-05,1467.1306571105504,19726.67982754382,fully_adjusted
2021-01-06,2609.5237522686275,19062.024054166388,fully_adjusted
2021-01-07,-3011.108924231818,18489.141927919743,fully_adjusted
2021-01-08,-268.29460605101036,18231.601156634417,fully_adjusted
2021-01-11,17.703454422188685,20000.0,fully_adjusted
2021-01-12,-529.7455215059691,19756.740061482058,fully_adjusted
2021-01-13,2490.803218131663,19697.311285620133,fully_adjusted
2021-01-14,-2467.6042745738237,19421.958116291775,fully_adjusted
2021-01-15,3668.6761502596687,19552.649864072857,fully_adjusted
2021-01-19,364.228461024606,20000.0,fully_adjusted
2021-01-20,-1801.7364023594591,19730.48308815157,fully_adjusted
2021-01-21,1895.7869096206198,19737.98243459948,fully_adjusted
2021-01-22,3541.5662466832623,19140.578758002066,fully_adjusted
2021-01-25,-6410.163573633049,20000.0,fully_adjusted
2021-01-26,5228.252020641543,20015.872447713686,fully_adjusted
2021-01-27,-8616.173613616198,20175.61119183286,fully_adjusted
2021-01-28,-1701.7884171488486,19793.642461358544,fully_adjusted
2021-01-29,8767.591847701002,18669.219994296873,fully_adjusted
2021-02-01,580.9584708787155,20000.0,fully_adjusted
2021-02-02,7575.42489584647,19771.762727151217,fully_adjusted
2021-02-03,73.81381443245448,19518.461792868227,fully_adjusted
2021-02-04,3294.22546190318,18923.522516480814,fully_adjusted
2021-02-05,2430.766443401091,18512.285494266533,fully_adjusted
2021-02-08,1188.5833093906926,20000.0,fully_adjusted
2021-02-09,2994.3703012944907,19710.519580254168,fully_adjusted
2021-02-10,-35.77361682963584,19621.061517107722,fully_adjusted
2021-02-11,819.8463687463244,19176.297300898415,fully_adjusted
2021-02-12,2394.8334358790803,18814.943346921875,fully_adjusted
2021-02-16,-1421.6748022977135,20000.0,fully_adjusted
2021-02-17,1170.1652841549826,20334.8947022271,fully_adjusted
2021-02-18,-2038.3390005225267,20046.9358285925,fully_adjusted
2021-02-19,5763.686500583379,19706.58635630582,fully_adjusted
2021-02-22,-2172.365796148063,20000.0,fully_adjusted
2021-02-23,-4570.061785637445,19951.50000541102,fully_adjusted
2021-02-24,1227.561064991705,19851.58438324143,fully_adjusted
2021-02-25,10946.959981173079,20851.037009054504,fully_adjusted
2021-02-26,-3038.9285153803557,20134.612191632405,fully_adjusted
2021-03-01,1320.5200915499609,20000.0,fully_adjusted
2021-03-02,5340.90575550018,19698.693664280974,fully_adjusted
2021-03-03,3434.5125995548815,19218.278468207704,fully_adjusted
2021-03-04,3610.9277928907986,18674.288023812464,fully_adjusted
2021-03-05,750.0579850359102,18733.061518353177,fully_adjusted
2021-03-08,4280.754035533468,20000.0,fully_adjusted
2021-03-09,2920.8295015011704,20475.475848987957,fully_adjusted
2021-03-10,-80.8492819837583,19697.56660592064,fully_adjusted
2021-03-11,1076.3248300464893,19717.841595875103,fully_adjusted
2021-03-12,-2231.670693101566,19103.07258113629,fully_adjusted
2021-03-15,84.72897243233038,20000.0,fully_adjusted
2021-03-16,3903.0695259828635,19829.479774498683,fully_adjusted
2021-03-17,-2871.867574435373,19127.30060042333,fully_adjusted
2021-03-18,5123.581081911496,19036.930868512496,fully_adjusted
2021-03-19,8242.665661652012,18602.23960281525,fully_adjusted
2021-03-22,801.3256946644591,20000.0,fully_adjusted
2021-03-23,-7177.077736499608,20398.127902750522,fully_adjusted
2021-03-24,-730.0808892713084,20461.466598815477,fully_adjusted
2021-03-25,-1495.4803594346981,18914.99961767936,fully_adjusted
2021-03-26,8211.699450527894,19458.15134232579,fully_adjusted
2021-03-29,-16804.29446697198,20000.0,fully_adjusted
2021-03-30,753.757331586909,19656.44398606885,fully_adjusted
2021-03-31,2316.884716520947,19366.616220318858,fully_adjusted
2021-04-01,-343.92816781381543,19111.624224386207,fully_adjusted
2021-04-05,94.96603543923027,20000.0,fully_adjusted
2021-04-06,-76.74604011248437,19722.455421709095,fully_adjusted
2021-04-07,4002.6118346157864,19484.54469678672,fully_adjusted
2021-04-08,1234.9540250710563,18968.100673278008,fully_adjusted
2021-04-09,3404.1876335051,18309.886708524045,fully_adjusted
2021-04-12,-602.3108368899241,20000.0,fully_adjusted
2021-04-13,2352.117490307994,19566.576746253486,fully_adjusted
2021-04-14,-795.7775347408711,19442.742520776887,fully_adjusted
2021-04-15,2130.362530147438,18523.33801153504,fully_adjusted
2021-04-16,4029.158530464105,17866.76374353777,fully_adjusted
2021-04-19,2879.0129537903035,20000.0,fully_adjusted
2021-04-20,-695.1123952733799,19826.100132623364,fully_adjusted
2021-04-21,3579.808209191522,18912.02068049965,fully_adjusted
2021-04-22,-3780.345168579543,18933.57192214658,fully_adjusted
2021-04-23,2630.6636178736107,17828.85395905099,fully_adjusted
2021-04-26,2313.4060067220853,20000.0,fully_adjusted
2021-04-27,-3090.642430005754,19275.59529011556,fully_adjusted
2021-04-28,3704.4033789472087,18484.070664612595,fully_adjusted
2021-04-29,-5192.742757420092,17613.899595074876,fully_adjusted
2021-04-30,9263.981466597032,17803.61527030788,fully_adjusted
2021-05-03,-5688.86547642888,20000.0,fully_adjusted
2021-05-04,187.62494298291875,19448.04930464628,fully_adjusted
2021-05-05,5043.371350667666,19073.30022241084,fully_adjusted
2021-05-06,-911.3336914192889,18650.438644749087,fully_adjusted
2021-05-07,588.5689188047495,18337.838442861426,fully_adjusted
2021-05-10,4130.317868994009,20000.0,fully_adjusted
2021-05-11,-1758.1160305733397,20029.12799889534,fully_adjusted
2021-05-12,-1319.09860071716,19445.554989188026,fully_adjusted
2021-05-13,304.56552012659495,19283.163981901802,fully_adjusted
2021-05-14,1685.116607909561,19119.189785597446,fully_adjusted
2021-05-17,1087.4915837487886,20000.0,fully_adjusted
2021-05-18,6096.383287414691,19803.892687721844,fully_adjusted
2021-05-19,-1168.3680753493882,19620.472325180708,fully_adjusted
2021-05-20,-333.7764739192901,19191.277555728233,fully_adjusted
2021-05-21,-964.5636070611268,18996.64890288187,fully_adjusted
2021-05-24,3450.1623624077893,20000.0,fully_adjusted
2021-05-25,3805.8458651739293,19931.720178281597,fully_adjusted
2021-05-26,-567.0614533131225,19537.654484534636,fully_adjusted
2021-05-27,-8138.8822571933315,19252.334908855762,fully_adjusted
2021-05-28,-1229.278580752601,18798.09480399458,fully_adjusted
2021-06-01,-1232.3975629740535,20000.0,fully_adjusted
2021-06-02,1451.8217144212763,19666.940746703436,fully_adjusted
2021-06-03,4026.8756044435017,19281.418174557464,fully_adjusted
2021-06-04,-350.6240738099156,18772.658933934912,fully_adjusted
2021-06-07,3076.295150582974,20000.0,fully_adjusted
2021-06-08,-1688.6506576854115,19631.11847782908,fully_adjusted
2021-06-09,-361.3010174639776,19253.4597885295,fully_adjusted
2021-06-10,1761.4571184605957,18453.83593597054,fully_adjusted
2021-06-11,-857.581944512872,17926.053503320672,fully_adjusted
2021-06-14,3350.8851583389564,20000.0,fully_adjusted
2021-06-15,4290.965480065147,20340.522090536953,fully_adjusted
2021-06-16,-4782.856163980394,19958.762666882183,fully_adjusted
2021-06-17,-10172.965060242866,18963.701018837957,fully_adjusted
2021-06-18,1569.7911851641486,18259.65468485629,fully_adjusted
2021-06-21,247.44517847904487,20000.0,fully_adjusted
2021-06-22,4441.578067735378,19285.597719047,fully_adjusted
2021-06-23,-566.3585629891202,18450.71562135362,fully_adjusted
2021-06-24,-532.4771317479626,19162.782336143464,fully_adjusted
2021-06-25,32.53441004194258,18817.083226306473,fully_adjusted
2021-06-28,-12112.646775060144,20000.0,fully_adjusted
2021-06-29,-1512.4616888127252,19717.694962025806,fully_adjusted
2021-06-30,457.1392439808843,19617.327597267344,fully_adjusted
2021-07-01,8921.479077337846,20354.564543121873,fully_adjusted
2021-07-02,2925.813499269815,19991.52149258589,fully_adjusted
2021-07-06,-4767.653381538003,20000.0,fully_adjusted
2021-07-07,-1416.6018957419747,19421.168640165724,fully_adjusted
2021-07-08,603.0634636698716,19140.00847394681,fully_adjusted
2021-07-09,5510.532197495658,18906.131425036463,fully_adjusted
2021-07-12,2088.189019839349,20000.0,fully_adjusted
2021-07-13,-2592.8526373793693,19623.57818941843,fully_adjusted
2021-07-14,-889.2425004911549,19089.148652476466,fully_adjusted
2021-07-15,2093.854289510696,18634.766905745622,fully_adjusted
2021-07-16,-1236.2161839336216,17902.659843730227,fully_adjusted
2021-07-19,1758.3369227484409,20000.0,fully_adjusted
2021-07-20,4095.383529035651,20164.58280838383,fully_adjusted
2021-07-21,4069.114914174038,20071.43829513361,fully_adjusted
2021-07-22,-4537.920405745458,19206.469012961952,fully_adjusted
2021-07-23,-3616.168218434629,18304.241454996176,fully_adjusted
2021-07-26,2406.9849536055353,20000.0,fully_adjusted
2021-07-27,-1546.8276500660227,19266.486618965268,fully_adjusted
2021-07-28,508.18505624201765,18595.1766508258,fully_adjusted
2021-07-29,-5786.046707118254,16908.743778208056,fully_adjusted
2021-07-30,4104.717428686949,16320.539043424365,fully_adjusted
2021-08-02,-916.5779324872761,20000.0,fully_adjusted
2021-08-03,634.8040679243054,19652.68959018893,fully_adjusted
2021-08-04,-3168.4376912293596,19337.16780008486,fully_adjusted
2021-08-05,-4787.690667689326,19001.072331455416,fully_adjusted
2021-08-06,3665.1311023818907,18695.291989032303,fully_adjusted
2021-08-09,261.0316777001126,20000.0,fully_adjusted
2021-08-10,-48.00829109928331,19505.65783197351,fully_adjusted
2021-08-11,-1969.6327440454672,19154.74086121826,fully_adjusted
2021-08-12,623.8559648576011,18810.80083807816,fully_adjusted
2021-08-13,2440.288179657892,18569.952739933204,fully_adjusted
2021-08-16,1683.6926865813766,20000.0,fully_adjusted
2021-08-17,-3015.8972236097557,19911.243799318116,fully_adjusted
2021-08-18,2500.7526357331712,19798.94127337218,fully_adjusted
2021-08-19,-610.67137490973,19535.290371793166,fully_adjusted
2021-08-20,1061.411445676945,18913.303912010342,fully_adjusted
2021-08-23,-520.2628827390594,20000.0,fully_adjusted
2021-08-24,-1381.4708066596806,19615.77824499888,fully_adjusted
2021-08-25,-1433.827931078225,19053.42914891199,fully_adjusted
2021-08-26,2411.977138374743,18603.207268274276,fully_adjusted
2021-08-27,-1114.565671636492,17822.80488372122,fully_adjusted
2021-08-30,143.51452115863208,20000.0,fully_adjusted
2021-08-31,-2809.4826412083953,19862.534683544105,fully_adjusted
2021-09-01,479.0943745782785,19321.111803672757,fully_adjusted
2021-09-02,-133.41059384711616,18809.24525085965,fully_adjusted
2021-09-03,-1497.9116609660584,18326.71943367166,fully_adjusted
2021-09-07,4313.798929008867,20000.0,fully_adjusted
2021-09-08,1730.0900176774855,20084.35295102917,fully_adjusted
2021-09-09,1580.7240568435911,19669.157568659983,fully_adjusted
2021-09-10,2118.9418255212377,19253.489745767503,fully_adjusted
2021-09-13,-2383.7102658026515,20000.0,fully_adjusted
2021-09-14,2043.3036372877223,19468.88811451492,fully_adjusted
2021-09-15,-1504.8512871832204,18951.228939961882,fully_adjusted
2021-09-16,1185.2817584914349,18715.130969778413,fully_adjusted
2021-09-17,-1627.724480311815,18078.886309424335,fully_adjusted
2021-09-20,-8121.57937513079,20000.0,fully_adjusted
2021-09-21,6067.4464028873,18474.424429710074,fully_adjusted
2021-09-22,2833.075579223328,18764.800368802433,fully_adjusted
2021-09-23,-4053.76402602309,18703.651222267614,fully_adjusted
2021-09-24,143.15236595335938,17957.81446321525,fully_adjusted
2021-09-27,-1138.1849988185863,20000.0,fully_adjusted
2021-09-28,-2636.8951989093016,19341.33710142085,fully_adjusted
2021-09-29,6377.148891111248,19180.53598367233,fully_adjusted
2021-09-30,-1585.4571557873985,18310.38021464347,fully_adjusted
2021-10-01,-1147.417095600623,18424.05174745374,fully_adjusted
2021-10-04,579.1943910310889,20000.0,fully_adjusted
2021-10-05,-792.8208432403148,20216.19454426588,fully_adjusted
2021-10-06,-368.78369730250705,19995.433768112467,fully_adjusted
2021-10-07,-409.73655677633985,19915.846694284264,fully_adjusted
2021-10-08,91.00394598037447,19225.957343096055,fully_adjusted
2021-10-11,2378.221800101426,20000.0,fully_adjusted
2021-10-12,138.58364711998144,19543.47740779857,fully_adjusted
2021-10-13,3004.691851665677,19197.758413464908,fully_adjusted
2021-10-14,7422.102889894159,19232.055785426084,fully_adjusted
2021-10-15,-1302.9475861509727,18703.27978496856,fully_adjusted
2021-10-18,213.9854822419199,20000.0,fully_adjusted
2021-10-19,4048.4469059502194,19781.452973520776,fully_adjusted
2021-10-20,-3980.84277059208,19073.405824061163,fully_adjusted
2021-10-21,2021.3651027441456,18571.376744865764,fully_adjusted
2021-10-22,3324.7927237317067,17773.917505213565,fully_adjusted
2021-10-25,-2169.2674290649425,20000.0,fully_adjusted
2021-10-26,11808.882175290397,20466.66065891783,fully_adjusted
2021-10-27,-4622.918862210419,20304.379967375273,fully_adjusted
2021-10-28,8693.869008286998,20833.664540831767,fully_adjusted
2021-10-29,-2299.1339768068488,20190.95070980561,fully_adjusted
2021-11-01,956.6931418586319,20000.0,fully_adjusted
2021-11-02,6467.2927967892365,19489.144808388766,fully_adjusted
2021-11-03,-1502.0967518786874,19027.854256809886,fully_adjusted
2021-11-04,877.1656425352612,18521.05542615211,fully_adjusted
2021-11-05,-8931.23802831617,18054.199136716557,fully_adjusted
2021-11-08,-3424.2025934259545,20000.0,fully_adjusted
2021-11-09,2490.08528787699,19461.742395624664,fully_adjusted
2021-11-10,2460.7721510016486,19375.628776786725,fully_adjusted
2021-11-11,-1252.7613184170307,18789.52390760819,fully_adjusted
2021-11-12,-482.9756100876408,18153.671518641353,fully_adjusted
2021-11-15,-2181.778834889933,20000.0,fully_adjusted
2021-11-16,3474.494613338883,19618.205295899574,fully_adjusted
2021-11-17,-732.4393482021909,19058.991317091222,fully_adjusted
2021-11-18,10620.045487988273,18467.96651920415,fully_adjusted
2021-11-19,-8438.621317336097,17980.25517169766,fully_adjusted
2021-11-22,5433.73393250469,20000.0,fully_adjusted
2021-11-23,-8347.86903712594,19715.01271227983,fully_adjusted
2021-11-24,-2867.04667107083,19171.87493766218,fully_adjusted
2021-11-26,-4194.642679339897,20774.081990413055,fully_adjusted
2021-11-29,1816.2396469612036,20000.0,fully_adjusted
2021-11-30,3492.143969006394,18948.72471607879,fully_adjusted
2021-12-01,-4834.572417857402,18166.105685094397,fully_adjusted
2021-12-02,3398.485983690395,18948.66059021024,fully_adjusted
2021-12-03,-433.6707031146127,18670.35549705868,fully_adjusted
2021-12-06,1734.9986484981137,20000.0,fully_adjusted
2021-12-07,3.4050371362590113,19692.428857592622,fully_adjusted
2021-12-08,1137.4467849211214,19269.986734613456,fully_adjusted
2021-12-09,4943.374781489624,18853.65051738472,fully_adjusted
2021-12-10,-1070.9237199504685,18231.03692584858,fully_adjusted
2021-12-13,-2112.8329576766782,20000.0,fully_adjusted
2021-12-14,1374.4743143848539,19814.044360674478,fully_adjusted
2021-12-15,-1148.2476440025137,19039.849891317015,fully_adjusted
2021-12-16,4733.141684325919,18416.69587010029,fully_adjusted
2021-12-17,-909.3096791271075,18259.815934481958,fully_adjusted
2021-12-20,-2044.1347835582383,20000.0,fully_adjusted
2021-12-21,989.9679463101656,20064.340169209096,fully_adjusted
2021-12-22,-14.445404717593235,19208.003164759382,fully_adjusted
2021-12-23,-682.9434601655742,18835.528248061026,fully_adjusted
2021-12-27,4420.235114220062,20000.0,fully_adjusted
2021-12-28,110.96835375210101,19341.55596508655,fully_adjusted
2021-12-29,-4931.147288950286,18315.8665599457,fully_adjusted
2021-12-30,-17577.661432361925,17941.370940668883,fully_adjusted
2021-12-31,19076.821897235634,17052.281746947123,fully_adjusted
2022-01-03,-16044.037918207014,20000.0,fully_adjusted
2022-01-04,126.90552799251981,19557.42954691996,fully_adjusted
2022-01-05,5632.223264832674,18942.20980216007,fully_adjusted
2022-01-06,-5006.982030090025,18579.214965333398,fully_adjusted
2022-01-07,7289.498101427039,17772.327985777363,fully_adjusted
2022-01-10,-7080.625634460811,20000.0,fully_adjusted
2022-01-11,1884.8592583885193,19777.513487367934,fully_adjusted
2022-01-12,882.270460083042,19372.674366616666,fully_adjusted
2022-01-13,2926.362959938116,18583.80401303091,fully_adjusted
2022-01-14,-732.1128545932443,17857.93662943035,fully_adjusted
2022-01-18,-5120.981487672616,20000.0,fully_adjusted
2022-01-19,3434.406925755952,19990.268163273216,fully_adjusted
2022-01-20,-16.293847403428344,20339.72195970814,fully_adjusted
2022-01-21,1277.4289090903626,20401.038401278092,fully_adjusted
2022-01-24,3422.9625112326307,20000.0,fully_adjusted
2022-01-25,6495.850711150713,19979.304562352132,fully_adjusted
2022-01-26,2998.706078278054,20345.16289988984,fully_adjusted
2022-01-27,-8697.605081891976,19536.327733016264,fully_adjusted
2022-01-28,4016.670527430774,20022.920330225,fully_adjusted
2022-01-31,7177.941474594717,20000.0,fully_adjusted
2022-02-01,-2136.498163987955,19590.914710347377,fully_adjusted
2022-02-02,1649.716369842719,19283.330431877548,fully_adjusted
2022-02-03,9281.617213250573,18958.47727182646,fully_adjusted
2022-02-04,7755.6343522113775,18285.42193875176,fully_adjusted
2022-02-07,-9257.418084406348,20000.0,fully_adjusted
2022-02-08,-2431.1424274914484,19525.537255876283,fully_adjusted
2022-02-09,-1503.8213114057646,19312.38745372548,fully_adjusted
2022-02-10,7983.7794718396835,18900.46600307739,fully_adjusted
2022-02-11,3466.773425698395,18485.215019683805,fully_adjusted
2022-02-14,-1006.740013629333,20000.0,fully_adjusted
2022-02-15,-2748.7800782634567,19469.92009764348,fully_adjusted
2022-02-16,-1797.1961136157972,18680.706663603076,fully_adjusted
2022-02-17,6826.250858695593,18178.645159937056,fully_adjusted
2022-02-18,1451.2806472878112,17897.82180316365,fully_adjusted
2022-02-22,7311.058638864603,20000.0,fully_adjusted
2022-02-23,9823.074806856968,20541.650685242294,fully_adjusted
2022-02-24,-4913.195185418094,21302.54242817017,fully_adjusted
2022-02-25,974.9956321944967,21590.087142148786,fully_adjusted
2022-02-28,-2491.2484755632718,20000.0,fully_adjusted
2022-03-01,-4120.487458895227,14938.428776130644,fully_adjusted
2022-03-02,-92.36032031166124,15011.75819904894,fully_adjusted
2022-03-03,1099.083089915727,14775.951280095556,fully_adjusted
2022-03-04,-5342.878866788718,14438.18299446835,fully_adjusted
2022-03-07,-4612.447945813549,19888.70523415978,fully_adjusted
2022-03-08,-56.231027785837895,19784.30491466292,fully_adjusted
2022-03-09,78.51845113055147,20205.100288947397,fully_adjusted
2022-03-10,-690.9138262237456,19856.603588877148,fully_adjusted
2022-03-11,1513.0166685683462,19475.36959334743,fully_adjusted
2022-03-14,2937.273026430521,20000.0,fully_adjusted
2022-03-15,2726.7230106295337,20102.608643526215,fully_adjusted
2022-03-16,3382.6002132387234,20157.827402582305,fully_adjusted
2022-03-17,-3899.952476366894,19836.48765957964,fully_adjusted
2022-03-18,-1585.8664568806835,19515.80776410257,fully_adjusted
2022-03-21,-733.5577630876506,20000.0,fully_adjusted
2022-03-22,6477.207155428389,19691.509039603432,fully_adjusted
2022-03-23,-3092.518997687986,19583.98784982034,fully_adjusted
2022-03-24,5409.196159469769,19192.346230296298,fully_adjusted
2022-03-25,-133.81872021928743,18807.138355410152,fully_adjusted
2022-03-28,284.2870865451766,20000.0,fully_adjusted
2022-03-29,-58.724653391622056,19720.923986062062,fully_adjusted
2022-03-30,1605.0583607248434,19519.811053435948,fully_adjusted
2022-03-31,-860.4312131950121,19767.716645118882,fully_adjusted
2022-04-01,5920.5885206358325,19157.82554520794,fully_adjusted
2022-04-04,4165.942810344909,20000.0,fully_adjusted
2022-04-05,2864.935502087435,20018.275898139644,fully_adjusted
2022-04-06,-1621.2174759546222,20121.44907351288,fully_adjusted
2022-04-07,-1475.7646102075282,20175.49030600657,fully_adjusted
2022-04-08,-893.3694193019007,19918.099797462262,fully_adjusted
2022-04-11,5918.000539536533,20000.0,fully_adjusted
2022-04-12,1191.0121582171794,19503.54201188272,fully_adjusted
2022-04-13,-1496.6780386677503,19527.573576550607,fully_adjusted
2022-04-14,1139.6219340386428,19050.614681533832,fully_adjusted
2022-04-18,2905.9615707837834,20000.0,fully_adjusted
2022-04-19,155.89275319261947,20026.58950768589,fully_adjusted
2022-04-20,1938.3540353849828,19973.98044449423,fully_adjusted
2022-04-21,-9204.643506778852,19750.27014373824,fully_adjusted
2022-04-22,-9554.586238213205,19833.744362787544,fully_adjusted
2022-04-25,908.1443231448693,20000.0,fully_adjusted
2022-04-26,-853.0846909660165,19571.617901590915,fully_adjusted
2022-04-27,1778.868485363164,19527.47646927444,fully_adjusted
2022-04-28,7562.567585687986,19304.767868908362,fully_adjusted
2022-04-29,8413.256605567678,19168.817088016025,fully_adjusted
2022-05-02,8921.014433134398,20000.0,fully_adjusted
2022-05-03,-17.355266178180692,19887.959515605588,fully_adjusted
2022-05-04,10019.437912192067,19578.188560541264,fully_adjusted
2022-05-05,1089.9839222334435,19459.364017149837,fully_adjusted
2022-05-06,-3260.2943520599792,18825.51721306471,fully_adjusted
2022-05-09,-6307.7103434260325,20000.0,fully_adjusted
2022-05-10,2441.9102977061143,20092.204167700485,fully_adjusted
2022-05-11,-381.53207004835497,19579.215619429342,fully_adjusted
2022-05-12,3789.031819565643,19502.48275915459,fully_adjusted
2022-05-13,-4958.644858325353,19607.256917928986,fully_adjusted
2022-05-16,-126.1384182422245,20000.0,fully_adjusted
2022-05-17,-2694.671029433933,19916.8166412955,fully_adjusted
2022-05-18,-10238.870692265882,19178.606220091533,fully_adjusted
2022-05-19,5627.595555784245,18584.38340140389,fully_adjusted
2022-05-20,823.4146356988016,18452.3258457342,fully_adjusted
2022-05-23,-1885.7329245467274,20000.0,fully_adjusted
2022-05-24,-3639.9914246943845,19588.739760266028,fully_adjusted
2022-05-25,-6840.684908297646,19268.602434287215,fully_adjusted
2022-05-26,-5339.46510400248,19153.06140889751,fully_adjusted
2022-05-27,8810.441597533381,18653.74362128033,fully_adjusted
2022-05-31,3219.744675939578,20000.0,fully_adjusted
2022-06-01,-661.645340552523,19380.954256610094,fully_adjusted
2022-06-02,1284.213247277948,19153.27775649637,fully_adjusted
2022-06-03,2306.3025612573333,18734.356886981273,fully_adjusted
2022-06-06,159.3914533675966,20000.0,fully_adjusted
2022-06-07,180.91109364854574,19760.269715219958,fully_adjusted
2022-06-08,2126.243035797171,19370.964021069507,fully_adjusted
2022-06-09,1097.6662634225981,18500.64219731386,fully_adjusted
2022-06-10,-3835.78915909689,17227.04717272042,fully_adjusted
2022-06-13,-10974.74499333364,20000.0,fully_adjusted
2022-06-14,6132.423558637608,20354.054358672678,fully_adjusted
2022-06-15,1656.9288322719688,20373.592534136427,fully_adjusted
2022-06-16,-7722.0735439067485,21755.8479420856,fully_adjusted
2022-06-17,-4265.709160954756,21931.520669800244,fully_adjusted
2022-06-21,-3710.97165728277,20000.0,fully_adjusted
2022-06-22,-8766.451854513492,20201.102494017174,fully_adjusted
2022-06-23,77.5577767526404,21033.891920697566,fully_adjusted
2022-06-24,12501.789342410424,21995.0697684637,fully_adjusted
2022-06-27,406.6674048355451,20000.0,fully_adjusted
2022-06-28,1653.0216600051303,19743.334927955395,fully_adjusted
2022-06-29,1567.9109845810008,19439.561606481977,fully_adjusted
2022-06-30,694.2933643096972,19011.319721758253,fully_adjusted
2022-07-01,1469.960538998786,18702.567667223568,fully_adjusted
2022-07-05,-6451.155865915327,20000.0,fully_adjusted
2022-07-06,2668.533723214642,19604.22209539255,fully_adjusted
2022-07-07,-1770.4068294629094,19505.792345211383,fully_adjusted
2022-07-08,1981.9983401280351,19195.166193064477,fully_adjusted
2022-07-11,-2031.0412875098482,20000.0,fully_adjusted
2022-07-12,1994.842052397548,19771.01761394067,fully_adjusted
2022-07-13,3197.910574249321,19390.144257272652,fully_adjusted
2022-07-14,-4542.225822832913,18794.08205117859,fully_adjusted
2022-07-15,104.99161249797345,18759.463587006656,fully_adjusted
2022-07-18,-534.0038186506195,20000.0,fully_adjusted
2022-07-19,-12758.410712740337,19857.86519703387,fully_adjusted
2022-07-20,3355.4101311089125,19208.791925302405,fully_adjusted
2022-07-21,5435.482159811149,18701.910999929685,fully_adjusted
2022-07-22,-2087.6314779230897,18495.88965480069,fully_adjusted
2022-07-25,-1154.7682415382992,20000.0,fully_adjusted
2022-07-26,3855.569468629377,19734.629889421485,fully_adjusted
2022-07-27,5330.741810484842,18358.752650099752,fully_adjusted
2022-07-28,2724.5219497920752,17675.526623409813,fully_adjusted
2022-07-29,-6972.077752011822,17714.283225773772,fully_adjusted
2022-08-01,5255.475781081247,20000.0,fully_adjusted
2022-08-02,-945.9417504914387,19552.596775748316,fully_adjusted
2022-08-03,3365.1448162875936,19090.195438958985,fully_adjusted
2022-08-04,1188.4659874174954,18642.868095869926,fully_adjusted
2022-08-05,4497.368242385228,18324.191873269054,fully_adjusted
2022-08-08,-3232.4283333264284,20000.0,fully_adjusted
2022-08-09,5707.031517151056,19577.41711601529,fully_adjusted
2022-08-10,1188.9896245785023,18944.03352648572,fully_adjusted
2022-08-11,1089.9251224093132,18590.44883811941,fully_adjusted
2022-08-12,4526.042450536665,17235.49426539211,fully_adjusted
2022-08-15,-3025.214323806957,20000.0,fully_adjusted
2022-08-16,4080.180775946698,19087.991505406662,fully_adjusted
2022-08-17,2005.2548217033225,19388.791966551045,fully_adjusted
2022-08-18,-2487.142602006689,18703.724898347376,fully_adjusted
2022-08-19,2554.6684887986703,19180.674528493422,fully_adjusted
2022-08-22,6411.20814931606,20000.0,fully_adjusted
2022-08-23,-3605.2021090161597,19591.442515168517,fully_adjusted
2022-08-24,329.3826347662771,19095.889077017277,fully_adjusted
2022-08-25,-5913.682739993099,18288.859036339516,fully_adjusted
2022-08-26,6414.354758427557,18390.469589621855,fully_adjusted
2022-08-29,4352.589707004606,20000.0,fully_adjusted
2022-08-30,648.2555001658195,19635.836527340598,fully_adjusted
2022-08-31,882.5436329716036,19196.713856054215,fully_adjusted
2022-09-01,571.820629140716,18850.350317673798,fully_adjusted
2022-09-02,-352.58393176651384,18458.0448891403,fully_adjusted
2022-09-06,1413.8084092252532,20000.0,fully_adjusted
2022-09-07,-2019.9793704492056,20333.532503503775,fully_adjusted
2022-09-08,2132.240034300906,19994.203232924814,fully_adjusted
2022-09-09,-2131.113256373675,19726.217800103976,fully_adjusted
2022-09-12,660.4191257811665,20000.0,fully_adjusted
2022-09-13,220.26906167871633,19949.43956004634,fully_adjusted
2022-09-14,-2308.039093770464,19520.210266816368,fully_adjusted
2022-09-15,-5123.820524256832,18734.28225715195,fully_adjusted
2022-09-16,-395.9533163894792,18198.480613028034,fully_adjusted
2022-09-19,-1056.1361603997268,20000.0,fully_adjusted
2022-09-20,-138.47731236511004,19085.534391277524,fully_adjusted
2022-09-21,1567.094110560013,17782.194647536613,fully_adjusted
2022-09-22,-311.07973400403125,17620.377704538896,fully_adjusted
2022-09-23,-2685.268515360507,18407.02625818253,fully_adjusted
2022-09-26,647.6757222113231,20000.0,fully_adjusted
2022-09-27,9552.466181443233,21355.42980356921,fully_adjusted
2022-09-28,-18042.559634206278,22484.70127277368,fully_adjusted
2022-09-29,3007.4181299136403,22164.607499872545,fully_adjusted
2022-09-30,8864.996083647151,21774.306971462276,fully_adjusted
2022-10-03,-1500.650952321053,20000.0,fully_adjusted
2022-10-04,-4195.079785377167,19564.02601800193,fully_adjusted
2022-10-05,-354.5636457206346,19389.992970659532,fully_adjusted
2022-10-06,-2021.6105092137227,19111.121217835647,fully_adjusted
2022-10-07,298.1647558645861,18691.77547176582,fully_adjusted
2022-10-10,899.3325023734235,20000.0,fully_adjusted
2022-10-11,298.02336137202553,19697.774602644888,fully_adjusted
2022-10-12,3173.109690935461,19192.807117589768,fully_adjusted
2022-10-13,-2372.7926767021945,19391.114044190417,fully_adjusted
2022-10-14,-2774.073416062112,18718.876916105648,fully_adjusted
2022-10-17,6364.730079606039,20000.0,fully_adjusted
2022-10-18,7284.817927403467,19875.33716840644,fully_adjusted
2022-10-19,-5598.637928878012,19334.399359731302,fully_adjusted
2022-10-20,1241.7438985994377,18634.13502285826,fully_adjusted
2022-10-21,-4697.978606731808,18239.117247122238,fully_adjusted
2022-10-24,10759.800234425118,20000.0,fully_adjusted
2022-10-25,-11662.975865063492,19238.496489577046,fully_adjusted
2022-10-26,12330.346212539403,18329.609387687575,fully_adjusted
2022-10-27,-7209.186762788266,17902.448602710934,fully_adjusted
2022-10-28,2250.8448822516752,17573.458946331775,fully_adjusted
2022-10-31,-10727.521329015195,20000.0,fully_adjusted
2022-11-01,6038.370890648062,19627.833923138518,fully_adjusted
2022-11-02,-6484.036675358917,19342.89059954335,fully_adjusted
2022-11-03,2430.2230463783944,18775.146699976885,fully_adjusted
2022-11-04,4279.908984882005,18733.789917201706,fully_adjusted
2022-11-07,1729.8083051242563,20000.0,fully_adjusted
2022-11-08,-2900.5286333023905,20101.71728886169,fully_adjusted
2022-11-09,-3461.703884964193,20195.317493025068,fully_adjusted
2022-11-10,5668.867666873182,20117.17407085413,fully_adjusted
2022-11-11,-3369.5101480060785,20547.882508429157,fully_adjusted
2022-11-14,3372.8505207723897,20000.0,fully_adjusted
2022-11-15,584.4940959046853,19514.231982686233,fully_adjusted
2022-11-16,-5641.3667030728075,19425.576853934934,fully_adjusted
2022-11-17,-4008.2662692581707,19048.177486349705,fully_adjusted
2022-11-18,4223.394042654415,18483.03674232025,fully_adjusted
2022-11-21,-1711.2477691669137,20000.0,fully_adjusted
2022-11-22,574.7049934570516,19089.30503533115,fully_adjusted
2022-11-23,609.1775616320916,18270.962285464924,fully_adjusted
2022-11-25,-2716.2135252531707,17329.98188379614,fully_adjusted
2022-11-28,12430.7112349132,20000.0,fully_adjusted
2022-11-29,281.5384331416343,19759.512516799758,fully_adjusted
2022-11-30,8642.868252994977,19088.316651367484,fully_adjusted
2022-12-01,1930.140998857473,18698.966971526224,fully_adjusted
2022-12-02,2984.2899299002083,18331.367873462088,fully_adjusted
2022-12-05,-1814.30175883149,20000.0,fully_adjusted
2022-12-06,-2956.5257156917883,19735.175297024594,fully_adjusted
2022-12-07,-1139.5176812743769,19405.046578169797,fully_adjusted
2022-12-08,4057.3302969615934,18983.08748911937,fully_adjusted
2022-12-09,-2883.4178453233667,18848.712282743232,fully_adjusted
2022-12-12,5843.035481037062,20000.0,fully_adjusted
2022-12-13,834.0759290027773,19321.568360819365,fully_adjusted
2022-12-14,-1517.1101208922523,18861.243546807982,fully_adjusted
2022-12-15,2702.0778088447087,18711.790816300894,fully_adjusted
2022-12-16,112.46359673864254,18097.734116359446,fully_adjusted
2022-12-19,164.86083680121553,20000.0,fully_adjusted
2022-12-20,4398.379190217919,19622.944395393417,fully_adjusted
2022-12-21,-1946.4371334664509,19501.19657816925,fully_adjusted
2022-12-22,1166.5429594950988,18972.378488058737,fully_adjusted
2022-12-23,-3337.010281213408,18453.243478336608,fully_adjusted
2022-12-27,2020.6714438615238,20000.0,fully_adjusted
2022-12-28,-1877.1524199043504,19446.282285550988,fully_adjusted
2022-12-29,1524.064129298187,19686.833230087916,fully_adjusted
2022-12-30,4397.060033731746,19071.89519379817,fully_adjusted
2023-01-03,1942.3271052418643,20000.0,fully_adjusted
2023-01-04,-3195.0987632544884,19648.147367597412,fully_adjusted
2023-01-05,1764.6668641245037,19239.387056426716,fully_adjusted
2023-01-06,4912.143063453373,18705.479666892817,fully_adjusted
2023-01-09,-375.30422886186034,20000.0,fully_adjusted
2023-01-10,3690.3476589194197,19607.539163987913,fully_adjusted
2023-01-11,736.7870747070458,18982.746012924486,fully_adjusted
2023-01-12,2180.6568413471646,18480.726812654502,fully_adjusted
2023-01-13,-607.7430409104187,17926.184666512814,fully_adjusted
2023-01-17,4611.937797908248,20000.0,fully_adjusted
2023-01-18,-5486.192662434011,20410.778474901614,fully_adjusted
2023-01-19,365.8721327417194,20490.445423308967,fully_adjusted
2023-01-20,-144.76241163517867,19595.360925558925,fully_adjusted
2023-01-23,2855.275693687479,20000.0,fully_adjusted
2023-01-24,2414.749541577142,20010.211428552953,fully_adjusted
2023-01-25,-1396.2450100015615,19853.17808299012,fully_adjusted
2023-01-26,-1114.4256627039842,18846.58965985705,fully_adjusted
2023-01-27,-3686.766140340891,18996.78461749892,fully_adjusted
2023-01-30,-980.2287541291437,20000.0,fully_adjusted
2023-01-31,1581.0370184127996,19262.78174877811,fully_adjusted
2023-02-01,1686.4816700302756,18549.71536020043,fully_adjusted
2023-02-02,3564.1463444626056,17725.387556622336,fully_adjusted
2023-02-03,-5905.878894818324,17910.567401180004,fully_adjusted
2023-02-06,-1353.1208419484965,20000.0,fully_adjusted
2023-02-07,723.2926499834477,19639.11954085069,fully_adjusted
2023-02-08,-246.66233470928256,19376.783367835793,fully_adjusted
2023-02-09,5085.537858348613,19380.63251359547,fully_adjusted
2023-02-10,-1741.244334290198,19200.089300699095,fully_adjusted
2023-02-13,-3411.6861400297967,20000.0,fully_adjusted
2023-02-14,5612.019506643473,19862.215692773974,fully_adjusted
2023-02-15,-3302.35491319847,19209.841916371806,fully_adjusted
2023-02-16,-5122.0689972141545,19091.697005689377,fully_adjusted
2023-02-17,-285.8966844153175,18493.672589844475,fully_adjusted
2023-02-21,8354.196683459646,20000.0,fully_adjusted
2023-02-22,-1985.524231537112,19540.409639175476,fully_adjusted
2023-02-23,2150.1119169281255,18520.453266935863,fully_adjusted
2023-02-24,1950.719946818483,18327.5246894105,fully_adjusted
2023-02-27,-3661.1065784612615,20000.0,fully_adjusted
2023-02-28,3.0289920083878883,19664.95532552383,fully_adjusted
2023-03-01,-652.5167527299035,19268.63758117733,fully_adjusted
2023-03-02,-1506.9791053060762,18938.10874797803,fully_adjusted
2023-03-03,-149.19986495491548,18447.49197677869,fully_adjusted
2023-03-06,-1334.9762079410364,20000.0,fully_adjusted
2023-03-07,1466.8572967885464,19739.91319330621,fully_adjusted
2023-03-08,1716.4352718457467,19356.420358016847,fully_adjusted
2023-03-09,-7476.954451366183,18709.714042403997,fully_adjusted
2023-03-10,4373.640103398967,17942.602475610856,fully_adjusted
2023-03-13,-7845.121891434,20000.0,fully_adjusted
2023-03-14,2556.4020474139625,19967.279042340007,fully_adjusted
2023-03-15,349.396882422214,19363.21104227485,fully_adjusted
2023-03-16,1987.352807867947,19398.032057046774,fully_adjusted
2023-03-17,-2277.809700899029,18371.22554425589,fully_adjusted
2023-03-20,4309.316612386171,20000.0,fully_adjusted
2023-03-21,2590.5221412335068,20451.139716337933,fully_adjusted
2023-03-22,-5140.804321462429,18780.617684600922,fully_adjusted
2023-03-23,-3472.053026785673,18474.167728352088,fully_adjusted
2023-03-24,-126.7832119052197,18594.76730155929,fully_adjusted
2023-03-27,5704.638689402822,20000.0,fully_adjusted
2023-03-28,-1636.431687398426,19557.903147489935,fully_adjusted
2023-03-29,652.5311541872653,19556.314241534103,fully_adjusted
2023-03-30,3736.393552899686,19033.821849585463,fully_adjusted
2023-03-31,-6074.711927022205,18440.263856002133,fully_adjusted
2023-04-03,4412.9197811917875,20000.0,fully_adjusted
2023-04-04,2786.6638062424663,19593.96100203662,fully_adjusted
2023-04-05,-1084.0720138083745,19167.276146993798,fully_adjusted
2023-04-06,-684.0280684111667,18871.54684100563,fully_adjusted
2023-04-10,54.32384700246637,20000.0,fully_adjusted
2023-04-11,-2324.5170385966344,19785.97941602263,fully_adjusted
2023-04-12,-1480.748498567598,19544.16602971635,fully_adjusted
2023-04-13,-63.40882127372114,19234.034891355917,fully_adjusted
2023-04-14,1153.389497775199,19024.207808486677,fully_adjusted
2023-04-17,1427.3192156848372,20000.0,fully_adjusted
2023-04-18,-3381.403207955075,20259.943933682756,fully_adjusted
2023-04-19,3694.6976327543944,19665.8319389771,fully_adjusted
2023-04-20,2896.2251210105073,19413.537755458703,fully_adjusted
2023-04-21,1729.5795893749248,18933.6435365138,fully_adjusted
2023-04-24,-2821.9893645287893,20000.0,fully_adjusted
2023-04-25,3343.2747270919604,19781.520644464526,fully_adjusted
2023-04-26,-7273.790169631157,19430.04473466655,fully_adjusted
2023-04-27,-10225.96463384734,18622.565949666772,fully_adjusted
2023-04-28,2864.3915237362444,18165.14770751267,fully_adjusted
2023-05-01,3222.0006850607933,20000.0,fully_adjusted
2023-05-02,-5670.682547838376,19368.989349530548,fully_adjusted
2023-05-03,-1104.8298199624692,19095.91342685087,fully_adjusted
2023-05-04,-4859.325170304722,18634.490018174707,fully_adjusted
2023-05-05,215.20374356788363,18420.737865970117,fully_adjusted
2023-05-08,706.4779733269283,20000.0,fully_adjusted
2023-05-09,3111.0669580823305,19517.458638436525,fully_adjusted
2023-05-10,3882.144810211784,18712.948761989588,fully_adjusted
2023-05-11,-138.96363484420485,18144.151819222832,fully_adjusted
2023-05-12,-5055.954182247614,17845.616116423946,fully_adjusted
2023-05-15,1175.2864756109386,20000.0,fully_adjusted
2023-05-16,4657.885571370369,19031.02852180972,fully_adjusted
2023-05-17,-138.78766980443234,19204.77574127437,fully_adjusted
2023-05-18,-3972.2321029624036,18956.504029173157,fully_adjusted
2023-05-19,2659.0021513673296,18400.314354951683,fully_adjusted
2023-05-22,3555.904304077591,20000.0,fully_adjusted
2023-05-23,-2721.0691668031554,20479.424117828483,fully_adjusted
2023-05-24,7450.998084562973,20747.017727786322,fully_adjusted
2023-05-25,-4203.068610000463,20433.26062915534,fully_adjusted
2023-05-26,1219.26016546165,20255.55025284786,fully_adjusted
2023-05-30,3875.6665493401124,20000.0,fully_adjusted
2023-05-31,-2286.8594359696667,19484.227092460766,fully_adjusted
2023-06-01,-798.7055390676356,19209.71484462866,fully_adjusted
2023-06-02,542.3327312839635,18464.902871980546,fully_adjusted
2023-06-05,1069.301504085941,20000.0,fully_adjusted
2023-06-06,-631.5418275293871,19396.552171521984,fully_adjusted
2023-06-07,1358.457629401035,18548.114492999746,fully_adjusted
2023-06-08,3867.2217152886483,18355.74145159969,fully_adjusted
2023-06-09,43.81852647922699,18100.347972925418,fully_adjusted
2023-06-12,149.33738194582955,20000.0,fully_adjusted
2023-06-13,1872.913212705045,18598.831846129135,fully_adjusted
2023-06-14,-5899.558941935783,18897.91437303234,fully_adjusted
2023-06-15,6707.936162814176,17851.303809571833,fully_adjusted
2023-06-16,2392.234415272513,17249.619245021204,fully_adjusted
2023-06-20,-2880.783154138822,20000.0,fully_adjusted
2023-06-21,6745.242489801349,19866.16260380319,fully_adjusted
2023-06-22,-5453.636944037687,19620.278956704213,fully_adjusted
2023-06-23,2187.900347302694,19844.817866772493,fully_adjusted
2023-06-26,1210.8660310776256,20000.0,fully_adjusted
2023-06-27,4178.905823220068,18920.58200641437,fully_adjusted
2023-06-28,-7724.375275749171,18631.365528346036,fully_adjusted
2023-06-29,12554.089816185584,17417.233114081948,fully_adjusted
2023-06-30,91.23969372390482,15725.499652990256,fully_adjusted
2023-07-03,1694.5616055342587,20000.0,fully_adjusted
2023-07-05,1811.3436181805623,19503.28105701974,fully_adjusted
2023-07-06,2246.003153389666,19155.319582906803,fully_adjusted
2023-07-07,1020.7288083383744,18952.72414936762,fully_adjusted
2023-07-10,1680.590917149941,20000.0,fully_adjusted
2023-07-11,367.3619345054734,19809.137590402646,fully_adjusted
2023-07-12,1363.215189990473,19377.493522384677,fully_adjusted
2023-07-13,-2833.1255685778096,18963.696428227093,fully_adjusted
2023-07-14,2817.6977727860312,18808.494612351235,fully_adjusted
2023-07-17,-2177.049670191843,20000.0,fully_adjusted
2023-07-18,674.1470960582369,19417.566585835153,fully_adjusted
2023-07-19,-4493.173139794583,19103.047354516933,fully_adjusted
2023-07-20,-1672.1708061486027,18525.815150344097,fully_adjusted
2023-07-21,4523.794516125274,17818.75923105238,fully_adjusted
2023-07-24,-5333.212319635067,20000.0,fully_adjusted
2023-07-25,624.3673887854325,20655.410425631922,fully_adjusted
2023-07-26,5551.2438281248515,19806.820500074362,fully_adjusted
2023-07-27,-6016.09002230994,19401.37600896847,fully_adjusted
2023-07-28,4.452558230992054,18539.518060478826,fully_adjusted
2023-07-31,5355.971798011469,20000.0,fully_adjusted
2023-08-01,3136.0405227634055,19600.909089100503,fully_adjusted
2023-08-02,-1908.0321720240963,19343.55464203983,fully_adjusted
2023-08-03,483.40483809098083,18925.012059641063,fully_adjusted
2023-08-04,2826.388554976131,18504.86015379562,fully_adjusted
2023-08-07,-2367.7617467882956,20000.0,fully_adjusted
2023-08-08,-3491.963968772665,19407.079736512213,fully_adjusted
2023-08-09,2881.618093804627,19265.02414467106,fully_adjusted
2023-08-10,-2351.5590736356644,18443.282716452886,fully_adjusted
2023-08-11,1515.8591658351243,18214.233004174515,fully_adjusted
2023-08-14,-1657.7269235726587,20000.0,fully_adjusted
2023-08-15,7651.285819268908,21192.4196923335,fully_adjusted
2023-08-16,-6231.416691147417,20932.113384575972,fully_adjusted
2023-08-17,-2069.0151916394175,20594.133305368534,fully_adjusted
2023-08-18,7248.061007599257,19985.29873061469,fully_adjusted
2023-08-21,-6548.277193083619,20000.0,fully_adjusted
2023-08-22,938.6954711608373,20345.138692703054,fully_adjusted
2023-08-23,12421.853021581268,20376.134602017843,fully_adjusted
2023-08-24,-5513.129678525827,19536.998640311787,fully_adjusted
2023-08-25,14329.433356915071,18627.474937172014,fully_adjusted
2023-08-28,-2906.0002332267954,20000.0,fully_adjusted
2023-08-29,609.1442730816212,19488.98109471876,fully_adjusted
2023-08-30,1354.0976729424458,19109.695771926235,fully_adjusted
2023-08-31,-85.6933475712618,18744.21229518101,fully_adjusted
2023-09-01,-787.9433770968499,18142.270543216204,fully_adjusted
2023-09-05,1782.0294079975743,20000.0,fully_adjusted
2023-09-06,903.4390449303917,19577.380254335785,fully_adjusted
2023-09-07,-85.78650099827922,19376.294684351134,fully_adjusted
2023-09-08,-738.072929720726,18988.03357016168,fully_adjusted
2023-09-11,3209.6764997423984,20000.0,fully_adjusted
2023-09-12,2682.5093567081167,19268.680434075435,fully_adjusted
2023-09-13,-289.93840382246344,18845.29762226582,fully_adjusted
2023-09-14,-2923.377866196836,18364.222932025772,fully_adjusted
2023-09-15,-1653.3911278072117,18183.324293566486,fully_adjusted
2023-09-18,736.0499900282539,20000.0,fully_adjusted
2023-09-19,-1613.5411934296574,19813.88648074689,fully_adjusted
2023-09-20,3112.3313724044847,19215.796220580458,fully_adjusted
2023-09-21,-871.4143352471001,19378.892680951052,fully_adjusted
2023-09-22,-1930.582687501274,18605.7133718452,fully_adjusted
2023-09-25,-412.9439215963414,20000.0,fully_adjusted
2023-09-26,984.475396028981,19468.4119059258,fully_adjusted
2023-09-27,-1996.69564546638,19288.595427993514,fully_adjusted
2023-09-28,-8117.027094924754,19385.062013177987,fully_adjusted
2023-09-29,2153.5921611275207,18632.639004919663,fully_adjusted
2023-10-02,431.1170071195878,20000.0,fully_adjusted
2023-10-03,-1594.3854180454616,19615.550622417035,fully_adjusted
2023-10-04,34.187285710307926,19400.63550008834,fully_adjusted
2023-10-05,-1510.2909850494805,19129.75237294081,fully_adjusted
2023-10-06,1930.4690038587023,18810.473888196007,fully_adjusted
2023-10-09,-902.316103637538,20000.0,fully_adjusted
2023-10-10,251.58806453620753,19718.37229319007,fully_adjusted
2023-10-11,-538.9113883202939,19040.85999066452,fully_adjusted
2023-10-12,199.17758276030585,18659.160266772953,fully_adjusted
2023-10-13,-2754.396975903964,18375.69908976179,fully_adjusted
2023-10-16,1708.9245982485381,20000.0,fully_adjusted
2023-10-17,-844.5893333024151,19632.11388136643,fully_adjusted
2023-10-18,-2113.799522703475,19677.646055531146,fully_adjusted
2023-10-19,1919.315775506519,19320.509094857855,fully_adjusted
2023-10-20,-1022.2883938198459,19224.00993470809,fully_adjusted
2023-10-23,-6203.512490427824,20000.0,fully_adjusted
2023-10-24,2997.73746783941,19878.11949742464,fully_adjusted
2023-10-25,5000.895102449127,19171.95680923167,fully_adjusted
2023-10-26,-4084.6495940307295,18778.42384882539,fully_adjusted
2023-10-27,-5467.9005763293535,18170.32510638238,fully_adjusted
2023-10-30,1335.0300367713187,20000.0,fully_adjusted
2023-10-31,4916.65337911235,19549.602325769236,fully_adjusted
2023-11-01,3587.0897259486,18683.218402148752,fully_adjusted
2023-11-02,-1190.567117153093,18044.414083958833,fully_adjusted
2023-11-03,524.9282477650335,17191.046021142138,fully_adjusted
2023-11-06,1904.9937587338952,20000.0,fully_adjusted
2023-11-07,-3934.5811578228045,19853.884127751237,fully_adjusted
2023-11-08,2039.8851724682736,19385.81937083105,fully_adjusted
2023-11-09,-16.414215465671134,19727.20396804503,fully_adjusted
2023-11-10,-4026.9246061681615,18480.23087356075,fully_adjusted
2023-11-13,7380.801200212873,20000.0,fully_adjusted
2023-11-14,-5315.653221815851,19484.726097249328,fully_adjusted
2023-11-15,-4321.174616693663,20245.914110065984,fully_adjusted
2023-11-16,-1928.9795527235192,20378.87066400658,fully_adjusted
2023-11-17,-4360.957427090211,19759.042234128883,fully_adjusted
2023-11-20,5885.624396186649,20000.0,fully_adjusted
2023-11-21,12382.379582449867,20474.303705354552,fully_adjusted
2023-11-22,2996.589150925407,18920.22227783565,fully_adjusted
2023-11-24,-4202.8953584949895,18675.056493523567,fully_adjusted
2023-11-27,3482.6952643952095,20000.0,fully_adjusted
2023-11-28,-1464.1108939691483,19741.288781616935,fully_adjusted
2023-11-29,3348.0543441573277,19206.984373444728,fully_adjusted
2023-11-30,-549.7644842519913,18621.090200925573,fully_adjusted
2023-12-01,728.4587725238013,17629.805166527087,fully_adjusted
2023-12-04,-133.66767395052642,20000.0,fully_adjusted
2023-12-05,5402.120656619038,20339.163395855463,fully_adjusted
2023-12-06,-9801.63732589365,19926.373195149095,fully_adjusted
2023-12-07,3439.7273555401425,19520.324677362758,fully_adjusted
2023-12-08,-2880.1031483719357,18992.71633038041,fully_adjusted
2023-12-11,2974.036948716198,20000.0,fully_adjusted
2023-12-12,-360.83437692216694,19393.67416218154,fully_adjusted
2023-12-13,196.76847331540313,17645.367998795144,fully_adjusted
2023-12-14,2650.56667021904,19067.287179380583,fully_adjusted
2023-12-15,-2751.555199973946,19247.02937890363,fully_adjusted
2023-12-18,114.19171032349561,20000.0,fully_adjusted
2023-12-19,-342.61171909347104,20477.278473891103,fully_adjusted
2023-12-20,5103.39054517575,22697.07260630949,fully_adjusted
2023-12-21,-13808.684794791172,21577.779796118317,fully_adjusted
2023-12-22,-5129.666498659257,20968.551194147392,fully_adjusted
2023-12-26,3283.418331562886,20000.0,fully_adjusted
2023-12-27,-305.40822260960704,19214.201701600112,fully_adjusted
2023-12-28,4877.540315689158,18109.189597267847,fully_adjusted
2023-12-29,3927.2269431712057,18045.020850470188,fully_adjusted
2024-01-02,100.90394183654027,20000.0,fully_adjusted
2024-01-03,-1572.8337552767318,19518.78682317482,fully_adjusted
2024-01-04,375.1265154148888,19281.617196066174,fully_adjusted
2024-01-05,628.3830820277796,19019.89899817748,fully_adjusted
2024-01-08,-3005.0254955108694,20000.0,fully_adjusted
2024-01-09,-3974.471531815964,19657.365893450267,fully_adjusted
2024-01-10,2667.071591949376,19239.25457585645,fully_adjusted
2024-01-11,1089.6525963638626,18762.4405541353,fully_adjusted
2024-01-12,1387.1030666913546,18428.907960543784,fully_adjusted
2024-01-16,-1430.366030681609,20000.0,fully_adjusted
2024-01-17,-189.52158174022046,19296.665684291198,fully_adjusted
2024-01-18,-479.4787756048725,18818.803906202724,fully_adjusted
2024-01-19,-986.3086351612342,18474.466191125128,fully_adjusted
2024-01-22,1317.3726301437703,20000.0,fully_adjusted
2024-01-23,1067.4039354349413,19769.46251129331,fully_adjusted
2024-01-24,732.4236558970973,19178.85089644024,fully_adjusted
2024-01-25,-3212.0060720614133,19606.198434808826,fully_adjusted
2024-01-26,9370.801623713647,18779.336319285332,fully_adjusted
2024-01-29,-3190.2910142525548,20000.0,fully_adjusted
2024-01-30,-1111.8811886874614,19503.72238430876,fully_adjusted
2024-01-31,-1834.5513411286104,19243.1953896687,fully_adjusted
2024-02-01,-2705.18517820083,18481.562826831745,fully_adjusted
2024-02-02,-512.8703349898976,18083.735050498584,fully_adjusted
2024-02-05,2171.655842890224,20000.0,fully_adjusted
2024-02-06,-1883.223629777939,20432.130303252823,fully_adjusted
2024-02-07,2593.1632557013672,19591.811748784003,fully_adjusted
2024-02-08,-2990.657942104122,19276.56826276123,fully_adjusted
2024-02-09,2646.999510929999,18875.673258165738,fully_adjusted
2024-02-12,-5006.11382683038,20000.0,fully_adjusted
2024-02-13,1183.4173938483957,19504.249371925365,fully_adjusted
2024-02-14,729.026493551777,18425.386297903406,fully_adjusted
2024-02-15,3960.26581135836,18745.420414031512,fully_adjusted
2024-02-16,-6616.988734140642,18576.043963778004,fully_adjusted
2024-02-20,15796.680717152336,20000.0,fully_adjusted
2024-02-21,1578.7788483227905,19468.3315489329,fully_adjusted
2024-02-22,-1861.5065380236945,18631.222332520156,fully_adjusted
2024-02-23,519.7940285803464,17567.368279404098,fully_adjusted
2024-02-26,542.3197901600226,20000.0,fully_adjusted
2024-02-27,-2191.364750795877,19602.952921022494,fully_adjusted
2024-02-28,3681.1428533013905,19399.39675501834,fully_adjusted
2024-02-29,-411.64213324474116,18849.687750646273,fully_adjusted
2024-03-01,137.0068471026614,18433.29299351211,fully_adjusted
2024-03-04,-5957.19316343813,20000.0,fully_adjusted
2024-03-05,1793.7019796666639,20173.113583595517,fully_adjusted
2024-03-06,-2862.859541901161,19479.21142103847,fully_adjusted
2024-03-07,-403.2756536373078,18705.83014553399,fully_adjusted
2024-03-08,6899.408469532388,18693.295345112634,fully_adjusted
2024-03-11,-1727.563777787825,20000.0,fully_adjusted
2024-03-12,1315.6899368715235,19446.89024151055,fully_adjusted
2024-03-13,-4332.397507627207,18560.789083342555,fully_adjusted
2024-03-14,5485.07673888854,19566.67035850968,fully_adjusted
2024-03-15,-2449.8930161019002,18769.80966583048,fully_adjusted
2024-03-18,7412.097896746633,20000.0,fully_adjusted
2024-03-19,-3873.4347758410586,19602.689869996146,fully_adjusted
2024-03-20,-3701.076479554612,18710.48879843338,fully_adjusted
2024-03-21,17613.859822309183,18133.60564552179,fully_adjusted
2024-03-22,-9083.055132907057,18315.699518595724,fully_adjusted
2024-03-25,601.9397508885214,20000.0,fully_adjusted
2024-03-26,27312.58066074981,21584.76706426339,fully_adjusted
2024-03-27,-8888.251463930499,17576.91665819608,fully_adjusted
2024-03-28,12540.282876290385,18111.19940358782,fully_adjusted
2024-04-01,-2151.528913611712,20000.0,fully_adjusted
2024-04-02,-1549.3960523079,19477.60511963978,fully_adjusted
2024-04-03,-272.8473649108311,19074.108202037038,fully_adjusted
2024-04-04,-2977.5258581770286,18568.83817718864,fully_adjusted
2024-04-05,2398.355221112577,18302.421685159294,fully_adjusted
2024-04-08,-1581.849281406832,20000.0,fully_adjusted
2024-04-09,-5102.217394054649,19645.579967554102,fully_adjusted
2024-04-10,5620.931722058054,18871.390566764407,fully_adjusted
2024-04-11,6856.9418114551,18285.90509807827,fully_adjusted
2024-04-12,-919.6032498124742,17598.589480419847,fully_adjusted
2024-04-15,3886.947002514936,20000.0,fully_adjusted
2024-04-16,3059.420019331602,19003.018900793773,fully_adjusted
2024-04-17,-9121.64101403725,18812.377334436023,fully_adjusted
2024-04-18,-3068.881465496823,18293.569499288897,fully_adjusted
2024-04-19,1212.2729509865867,18411.353337440298,fully_adjusted
2024-04-22,11553.99032381556,20000.0,fully_adjusted
2024-04-23,-1298.4160161097732,20187.665768931147,fully_adjusted
2024-04-24,3910.823387884167,19527.561694536173,fully_adjusted
2024-04-25,7692.252450821552,18792.645689780802,fully_adjusted
2024-04-26,2265.7316944745526,18139.029162027637,fully_adjusted
2024-04-29,-3759.763781461835,20000.0,fully_adjusted
2024-04-30,-1349.5969476436703,19471.40466162351,fully_adjusted
2024-05-01,-2020.8778203701108,18850.57926238683,fully_adjusted
2024-05-02,-88.69946935977447,18407.433295502466,fully_adjusted
2024-05-03,876.3370204292736,17787.777501729925,fully_adjusted
2024-05-06,-1834.0382746724213,20000.0,fully_adjusted
2024-05-07,355.6855930360408,19251.822686777297,fully_adjusted
2024-05-08,3809.8739635727934,18871.788805694687,fully_adjusted
2024-05-09,-2146.7011017607547,17863.98165705948,fully_adjusted
2024-05-10,986.1108566811386,17061.14956745189,fully_adjusted
2024-05-13,1439.6423674502914,20000.0,fully_adjusted
2024-05-14,-2867.512020636179,19418.055025251117,fully_adjusted
2024-05-15,4373.151025990216,18667.787439390344,fully_adjusted
2024-05-16,12300.550262944153,18932.114795714802,fully_adjusted
2024-05-17,-3107.8568120735563,18677.6181785822,fully_adjusted
2024-05-20,1384.9022408364533,20000.0,fully_adjusted
2024-05-21,-2172.014802739005,20220.858082221403,fully_adjusted
2024-05-22,-7179.0741449723355,20252.09212505053,fully_adjusted
2024-05-23,1280.1190488208733,21459.196244797677,fully_adjusted
2024-05-24,-13126.11816895431,20691.44070031762,fully_adjusted
2024-05-28,12998.496972135783,20000.0,fully_adjusted
2024-05-29,-13963.079814307403,20547.861707184235,fully_adjusted
2024-05-30,8996.510678375962,20040.957693948138,fully_adjusted
2024-05-31,-172.64746411702853,19801.4551296796,fully_adjusted
2024-06-03,-6407.025532251796,20000.0,fully_adjusted
2024-06-04,1406.592164530152,19495.971745292183,fully_adjusted
2024-06-05,814.2072559870423,19224.2726185393,fully_adjusted
2024-06-06,1840.3007597271585,18932.45015954477,fully_adjusted
2024-06-07,-1286.4298632474784,18657.259054274684,fully_adjusted
2024-06-10,91.31980286791772,20000.0,fully_adjusted
2024-06-11,1352.6778954454921,19763.58584020167,fully_adjusted
2024-06-12,-395.95934498015555,19234.45590022872,fully_adjusted
2024-06-13,-4037.2289643989357,18831.157858847728,fully_adjusted
2024-06-14,8987.984267360067,18614.125413274407,fully_adjusted
2024-06-17,-3257.313814756124,20000.0,fully_adjusted
2024-06-18,4647.988696602622,19413.626219642498,fully_adjusted
2024-06-20,-973.1966176606986,19059.425564779453,fully_adjusted
2024-06-21,-1150.570139708634,18254.861977737524,fully_adjusted
2024-06-24,4365.302800092816,20000.0,fully_adjusted
2024-06-25,2910.6002354898064,19490.683732517475,fully_adjusted
2024-06-26,-7026.270289051411,19524.842296673163,fully_adjusted
2024-06-27,-2983.3765259082625,19128.71762969875,fully_adjusted
2024-06-28,-11801.200029155552,18963.708163360345,fully_adjusted
2024-07-01,11366.071871349985,20000.0,fully_adjusted
2024-07-02,194.88301045913872,20065.726723623426,fully_adjusted
2024-07-03,-853.2043189455669,19785.994636854208,fully_adjusted
2024-07-05,-554.3688160165178,18988.670700519102,fully_adjusted
2024-07-08,1880.683241263868,20000.0,fully_adjusted
2024-07-09,-2172.462727147719,19801.55263293632,fully_adjusted
2024-07-10,-583.7572234950251,20109.78830089879,fully_adjusted
2024-07-11,3797.4508074724567,19300.139155982906,fully_adjusted
2024-07-12,-3387.243106698743,18435.02413265367,fully_adjusted
2024-07-15,7224.416642275432,20000.0,fully_adjusted
2024-07-16,2825.3989518463677,19140.215993629987,fully_adjusted
2024-07-17,-14973.764921011205,18902.275089894374,fully_adjusted
2024-07-18,-2531.7709375034356,19643.501724326983,fully_adjusted
2024-07-19,1992.6845807107397,20061.197462325974,fully_adjusted
2024-07-22,11901.215309540683,20000.0,fully_adjusted
2024-07-23,2743.8186642099267,20079.585984387075,fully_adjusted
2024-07-24,-5498.286548057138,20734.991396550704,fully_adjusted
2024-07-25,13441.19911829145,20342.747972689307,fully_adjusted
2024-07-26,4608.082201707245,19559.529568840848,fully_adjusted
2024-07-29,-15987.54106289892,20000.0,fully_adjusted
2024-07-30,3893.2950808572464,19207.484407443804,fully_adjusted
2024-07-31,738.6174627269105,18907.109529842768,fully_adjusted
2024-08-01,3999.2803556480626,18291.96764569589,fully_adjusted
2024-08-02,-4492.9686896885105,17525.48631574764,fully_adjusted
2024-08-05,2280.318163269534,20000.0,fully_adjusted
2024-08-06,3331.2719885573806,19583.477172385075,fully_adjusted
2024-08-07,-5255.733196302101,18909.346516414447,fully_adjusted
2024-08-08,1083.6148116882732,19148.292993565174,fully_adjusted
2024-08-09,10712.040215101126,18517.43696719021,fully_adjusted
2024-08-12,-4791.082884977263,20000.0,fully_adjusted
2024-08-13,1191.6052779349675,20096.02148902077,fully_adjusted
2024-08-14,-9681.508706848957,19418.67882511111,fully_adjusted
2024-08-15,12573.998831481978,19380.83074413664,fully_adjusted
2024-08-16,-10351.555308938132,18611.812275758668,fully_adjusted
2024-08-19,3891.901290041592,20000.0,fully_adjusted
2024-08-20,9797.925323939853,20896.925536777475,fully_adjusted
2024-08-21,2270.2087938416626,20409.581626877825,fully_adjusted
2024-08-22,7558.151242647143,20336.427226225453,fully_adjusted
2024-08-23,-6779.291241893382,18820.56323868354,fully_adjusted
2024-08-26,-2489.2991783145744,20000.0,fully_adjusted
2024-08-27,10159.044627657759,19132.1287583168,fully_adjusted
2024-08-28,-10630.797545758927,19428.010921485955,fully_adjusted
2024-08-29,-2439.2820800050213,18087.53842398401,fully_adjusted
2024-08-30,6255.107178128494,16481.706818540017,fully_adjusted
2024-09-03,-5108.725244299721,20000.0,fully_adjusted
2024-09-04,-7407.3013001874915,20433.963621748193,fully_adjusted
2024-09-05,282.4870629487846,20061.599321280246,fully_adjusted
2024-09-06,-6566.164355815518,19858.259839728533,fully_adjusted
2024-09-09,11570.127765316418,19999.999999999996,fully_adjusted
2024-09-10,1109.2343252135859,19534.765703226298,fully_adjusted
2024-09-11,-1472.4003020892853,19309.68296021379,fully_adjusted
2024-09-12,-5194.250098639772,19254.782948879747,fully_adjusted
2024-09-13,-3268.7031399068774,18976.718227219877,fully_adjusted
2024-09-16,6987.000291614025,20000.0,fully_adjusted
2024-09-17,-3141.4789688107703,19992.923246180442,fully_adjusted
2024-09-18,-967.4036021430458,19547.37166422825,fully_adjusted
2024-09-19,3476.8368591682797,18610.619162947893,fully_adjusted
2024-09-20,-2978.81588107515,18315.249921933446,fully_adjusted
2024-09-23,5362.299868667442,20000.0,fully_adjusted
2024-09-24,986.6012596819754,19919.982067166853,fully_adjusted
2024-09-25,3702.9479087272457,19861.822224651027,fully_adjusted
2024-09-26,-8764.674998314851,19208.80266591336,fully_adjusted
2024-09-27,-7684.957217445586,19004.03565078703,fully_adjusted
2024-09-30,4252.45456893183,20000.0,fully_adjusted
2024-10-01,-2122.980068120838,19673.949302239056,fully_adjusted
2024-10-02,3703.6582940297762,19266.118536319846,fully_adjusted
2024-10-03,-3254.5205310490473,18880.047533932855,fully_adjusted
2024-10-04,719.9373303771538,18430.584482147224,fully_adjusted
2024-10-07,-3817.36384455202,20000.0,fully_adjusted
2024-10-08,4602.331144001981,19870.53913937389,fully_adjusted
2024-10-09,-4003.320355315215,19458.268113620623,fully_adjusted
2024-10-10,433.323065573946,19190.84420776679,fully_adjusted
2024-10-11,-2441.1842352615226,19050.084007767495,fully_adjusted
2024-10-14,2787.6103391595407,20000.0,fully_adjusted
2024-10-15,6203.856045708144,20120.83696514273,fully_adjusted
2024-10-16,-754.1766891970957,19610.817327933095,fully_adjusted
2024-10-17,-6306.751320397787,19070.504344012905,fully_adjusted
2024-10-18,2524.9073230896947,18837.66659312351,fully_adjusted
2024-10-21,-1371.0016783868168,20000.0,fully_adjusted
2024-10-22,-2932.8053460177075,19894.385855205488,fully_adjusted
2024-10-23,2595.2369152651167,19453.49521996176,fully_adjusted
2024-10-24,-2435.9448257183267,19247.758035168612,fully_adjusted
2024-10-25,4843.646522163044,18988.374946776275,fully_adjusted
2024-10-28,-2065.371961478007,20000.0,fully_adjusted
2024-10-29,-194.21893696593065,19557.613222854496,fully_adjusted
2024-10-30,3701.197370343596,19205.24451794275,fully_adjusted
2024-10-31,-3493.5515766036187,18687.058383169733,fully_adjusted
2024-11-01,-718.0527348359628,18325.132337578987,fully_adjusted
2024-11-04,-1963.910831797594,20000.0,fully_adjusted
2024-11-05,3272.3838349606567,19791.659002072458,fully_adjusted
2024-11-06,-14310.310813294933,18091.717606575694,fully_adjusted
2024-11-07,-7913.399607928075,17876.190114759964,fully_adjusted
2024-11-08,-3359.0787247778285,17465.86579024176,fully_adjusted
2024-11-11,-5420.604036415682,19999.999999999996,fully_adjusted
2024-11-12,-5215.958308395771,19900.61751819067,fully_adjusted
2024-11-13,7636.291818932425,20576.877697395594,fully_adjusted
2024-11-14,-3910.572018241364,20574.090809393318,fully_adjusted
2024-11-15,-139.51087717731775,20880.416799948136,fully_adjusted
2024-11-18,-2721.712887187714,20000.0,fully_adjusted
2024-11-19,250.31616439653902,20062.158136149435,fully_adjusted
2024-11-20,-7079.44537331787,19973.933816130695,fully_adjusted
2024-11-21,6782.601180504091,19763.756991369853,fully_adjusted
2024-11-22,6714.084544586654,19119.55885882817,fully_adjusted
2024-11-25,-10947.857363477577,20000.0,fully_adjusted
2024-11-26,15531.201722957292,19710.585870571234,fully_adjusted
2024-11-27,-1323.9373312299454,19104.12359680693,fully_adjusted
2024-11-29,49.959774076961374,18325.934979546928,fully_adjusted
2024-12-02,-6948.582657728085,20000.0,fully_adjusted
2024-12-03,2435.946133476851,19828.55185394408,fully_adjusted
2024-12-04,-280.3910257033028,19280.621899765843,fully_adjusted
2024-12-05,2391.251428694213,18809.559730382785,fully_adjusted
2024-12-06,3620.055182410707,18321.276124438413,fully_adjusted
2024-12-09,-1484.4437527490338,20000.0,fully_adjusted
2024-12-10,4512.9543040507515,19200.811932390494,fully_adjusted
2024-12-11,1399.0022196438265,18653.64739407301,fully_adjusted
2024-12-12,-2463.7348469333074,18301.972043881124,fully_adjusted
2024-12-13,-37.456231880635514,17934.596873123526,fully_adjusted
2024-12-16,7411.765230498792,20000.0,fully_adjusted
2024-12-17,-2081.4655889687665,19595.297177158354,fully_adjusted
2024-12-18,-1245.5837137916951,18096.405210012945,fully_adjusted
2024-12-19,-8613.645271746027,18707.499966739884,fully_adjusted
2024-12-20,9782.325960247425,18672.693507521904,fully_adjusted
2024-12-23,11872.475163122353,20000.0,fully_adjusted
2024-12-24,-5454.951906167898,20121.070499156107,fully_adjusted
2024-12-26,10802.745354463661,19186.779835138495,fully_adjusted
2024-12-27,1898.421666452613,17880.591503315234,fully_adjusted
2024-12-30,-1283.0496475343539,20000.0,fully_adjusted
2024-12-31,-1997.9492154372178,19803.85954318868,fully_adjusted
2025-01-02,-4092.7603849953757,19330.511994535595,fully_adjusted
2025-01-03,1083.5205741354755,19022.772106555465,fully_adjusted
2025-01-06,7720.842021098183,20000.0,fully_adjusted
2025-01-07,-220.65965543264346,19823.694335494933,fully_adjusted
2025-01-08,1479.5388954557102,19441.496792792423,fully_adjusted
2025-01-10,-6250.2541639047695,18593.98086108854,fully_adjusted
2025-01-13,-4845.099427857457,20000.0,fully_adjusted
2025-01-14,5089.813930284842,19730.5207294567,fully_adjusted
2025-01-15,6394.57569063664,18906.41812546677,fully_adjusted
2025-01-16,3615.8906160569363,18419.694811234935,fully_adjusted
2025-01-17,2552.193226118002,17788.174538237854,fully_adjusted
2025-01-21,2992.379353889651,20000.0,fully_adjusted
2025-01-22,-3419.7287432816865,20996.003454876118,fully_adjusted
2025-01-23,-3114.8230556509857,20420.397872656875,fully_adjusted
2025-01-24,13484.029922415675,20243.65823225296,fully_adjusted
2025-01-27,6641.073681294661,20000.0,fully_adjusted
2025-01-28,-3066.818174378466,20965.80306195913,fully_adjusted
2025-01-29,4239.650726192543,20988.881714946463,fully_adjusted
2025-01-30,-7399.039011090651,19325.168816433856,fully_adjusted
2025-01-31,-4266.864544012478,19169.017255742034,fully_adjusted
2025-02-03,-3874.9666551257196,20000.0,fully_adjusted
2025-02-04,2031.8398906030834,19608.821218825644,fully_adjusted
2025-02-05,3316.41547414085,19110.472061452583,fully_adjusted
2025-02-06,-4107.895596060774,18526.580290996208,fully_adjusted
2025-02-07,-514.4047706724908,18294.015478496032,fully_adjusted
2025-02-10,-918.2728221731527,20000.0,fully_adjusted
2025-02-11,-2875.7546400851875,19468.00638342095,fully_adjusted
2025-02-12,3159.4458127772823,19056.026478263564,fully_adjusted
2025-02-13,-5026.968722096576,18632.291986984324,fully_adjusted
2025-02-14,539.445567778079,18216.002440014003,fully_adjusted
2025-02-18,8344.886573828657,20000.0,fully_adjusted
2025-02-19,-12366.288305011185,19709.686981251438,fully_adjusted
2025-02-20,-1549.3963560321076,19481.9706727195,fully_adjusted
2025-02-21,643.3390496004616,20155.788823157527,fully_adjusted
2025-02-24,152.35221018628886,20000.0,fully_adjusted
2025-02-25,-871.2605554156413,19842.018236602595,fully_adjusted
2025-02-26,4028.648306743237,20241.765602000938,fully_adjusted
2025-02-27,-7820.643849425505,19475.030805364433,fully_adjusted
2025-02-28,3505.3047656706926,18656.60864332581,fully_adjusted
2025-03-03,79.08377306443526,20000.0,fully_adjusted
2025-03-04,-1302.694835316559,19867.209003163593,fully_adjusted
2025-03-05,1505.8721761244003,19471.90420760221,fully_adjusted
2025-03-06,-5897.633911982862,19133.98694132573,fully_adjusted
2025-03-07,4624.863135906533,18648.057746854516,fully_adjusted
2025-03-10,1364.8119986846095,20000.0,fully_adjusted
2025-03-11,-2422.3257003751123,20474.92451947193,fully_adjusted
2025-03-12,10562.02963432986,20314.780441972285,fully_adjusted
2025-03-13,646.3207767536563,19667.396567511725,fully_adjusted
2025-03-14,-5233.349462794159,19605.193090061897,fully_adjusted
2025-03-17,6499.376623576203,20000.0,fully_adjusted
2025-03-18,1497.2435880771268,19793.793166848995,fully_adjusted
2025-03-19,-3755.4938216354244,19539.256055121034,fully_adjusted
2025-03-20,107.95264350942912,18754.466454742138,fully_adjusted
2025-03-21,-2416.5945245729,18470.32598407073,fully_adjusted
2025-03-24,2862.5968875107033,20000.0,fully_adjusted
2025-03-25,10804.938794103879,20072.52451126108,fully_adjusted
2025-03-26,-3087.300412773157,19891.862763492896,fully_adjusted
2025-03-27,-3742.27878230169,19421.35438148236,fully_adjusted
2025-03-28,4052.948494031986,36309.8889286688,fully_adjusted
2025-03-31,1047.116651903463,20000.0,fully_adjusted
2025-04-01,1599.4847300737772,19704.212364666113,fully_adjusted
2025-04-02,-2420.7655351555322,19386.661886021368,fully_adjusted
2025-04-03,2974.541279236662,18085.450175213264,fully_adjusted
2025-04-04,7187.7216899057,17766.53088412889,fully_adjusted
2025-04-07,-532.0230985930968,20000.0,fully_adjusted
2025-04-08,1863.1256513754138,19651.976931009598,fully_adjusted
2025-04-09,5824.933894581793,21301.098613725146,fully_adjusted
2025-04-10,10491.529157790397,20849.692884785978,fully_adjusted
2025-04-11,-4350.472597155157,20875.322029807896,fully_adjusted
2025-04-14,-2950.156822247771,20000.0,fully_adjusted
2025-04-15,6865.8943184420405,19440.462204384166,fully_adjusted
2025-04-16,-1800.864945106668,19052.907773994495,fully_adjusted
2025-04-17,14405.353013001486,18673.126815715183,fully_adjusted
2025-04-21,-3985.809364661008,20000.0,fully_adjusted
2025-04-22,5044.655352754979,20698.23095902914,fully_adjusted
2025-04-23,-127.77140786064271,20621.88692414643,fully_adjusted
2025-04-24,-389.63608222998863,19996.624253918795,fully_adjusted
2025-04-25,2451.629198367227,19250.107886272166,fully_adjusted
2025-04-28,295.7324787164031,20000.0,fully_adjusted
2025-04-29,1983.5779337250922,19594.091815687403,fully_adjusted
2025-04-30,750.3431018315234,19309.733282704816,fully_adjusted
2025-05-01,8435.259802834351,18994.469006016105,fully_adjusted
2025-05-02,-4789.438910471492,18525.491663422697,fully_adjusted
2025-05-05,-911.2210808149111,20000.0,fully_adjusted
2025-05-06,1616.7089806574907,19940.560957265283,fully_adjusted
2025-05-07,4389.035382842673,19436.32173668415,fully_adjusted
2025-05-08,-2759.734913366074,19002.004459917873,fully_adjusted
2025-05-09,-1701.8335066833397,18659.026408980924,fully_adjusted
2025-05-12,6437.13312187631,20000.0,fully_adjusted
2025-05-13,3584.1525948710323,20804.854480600054,fully_adjusted
2025-05-14,-4883.520053126234,21636.796521216223,fully_adjusted
2025-05-15,3911.4101916036448,21358.637439628994,fully_adjusted
2025-05-16,-2080.723897127018,21003.658261362725,fully_adjusted
2025-05-19,3166.29819557661,20000.0,fully_adjusted
2025-05-20,1316.6765240878653,20419.49920209198,fully_adjusted
2025-05-21,-5227.153874498614,22395.604697019935,fully_adjusted
2025-05-22,840.334938067573,21793.862664980443,fully_adjusted
2025-05-23,5208.70771585778,21468.517251139358,fully_adjusted
2025-05-27,-4993.418758261307,20000.0,fully_adjusted
2025-05-28,-5465.36803906887,20694.11993745432,fully_adjusted
2025-05-29,16480.617500883138,19630.31060788205,fully_adjusted
2025-05-30,-9266.22665687977,19539.53923721558,fully_adjusted
2025-06-02,-13228.47946815479,20000.0,fully_adjusted
2025-06-03,784.9531181572058,19656.02005285667,fully_adjusted
2025-06-04,-1169.7785954921665,19397.624354325773,fully_adjusted
2025-06-05,-314.91291489683044,19273.777274509823,fully_adjusted
2025-06-06,-781.1204824611714,18842.796647238392,fully_adjusted
2025-06-09,1947.370555918412,20000.0,fully_adjusted
2025-06-10,-4725.110772294938,20050.709078698364,fully_adjusted
2025-06-11,2441.0881800513744,20026.73054292328,fully_adjusted
2025-06-12,-1587.0884779163976,19892.79114186542,fully_adjusted
2025-06-13,-1245.8194239374877,19738.03320123456,fully_adjusted
2025-06-16,4810.248900280694,20000.0,fully_adjusted
2025-06-17,-4176.264426969262,19622.490589301688,fully_adjusted
2025-06-18,825.8659609840171,19271.345822690222,fully_adjusted
2025-06-20,1532.5399596415377,18625.60974512592,fully_adjusted
2025-06-23,-395.48808959704763,20000.0,fully_adjusted
2025-06-24,-2899.591013698787,19542.358186218607,fully_adjusted
2025-06-25,-1521.4375237294175,19613.19397581995,fully_adjusted
2025-06-26,-2220.191480368663,18583.67340417636,fully_adjusted
2025-06-27,2937.1960943076665,18099.3223987607,fully_adjusted
2025-06-30,-1706.4426426505033,20000.0,fully_adjusted
