month,straddle,call_hedged,put_hedged,variant
2017-10-01,-0.336690500204033,-0.018789261301273324,-0.020208296712610235,baseline
2017-11-01,0.3498730859196171,0.024381191293927112,0.019177168732000607,baseline
2017-12-01,0.4101974918872801,0.03578802420213124,0.026843118154175588,baseline
2018-01-01,0.26410028096876736,0.018314054742197078,0.019690359897955895,baseline
2018-02-01,-0.21634153959240796,-0.01509765323616131,-0.012709984865411651,baseline
2018-03-01,-0.1468589996636325,-0.015609431408721345,-0.01308129828685044,baseline
2018-04-01,0.010486178176956629,0.002978248623628676,0.0017101370354913239,baseline
2018-05-01,0.04658030299185621,0.004035961653904248,0.011548537307214005,baseline
2018-06-01,0.03584874150183137,0.0016363341125995388,0.003650311766898449,baseline
2018-07-01,0.07833220394153062,0.01284711821460732,0.007551281947807079,baseline
2018-08-01,-0.035729547219676444,0.002461973782425792,-0.0015197609367532065,baseline
2018-09-01,0.03275709185685516,-0.01096046881980885,-0.01711572231282548,baseline
2018-10-01,0.09887840541167647,0.012668919601526572,0.009480329357373727,baseline
2018-11-01,0.5813093177022799,0.052386509481836034,0.0334635514726419,baseline
2018-12-01,-0.8164986559088963,-0.03886230281349167,-0.06363882889846265,baseline
2019-01-01,-0.2251927236581429,-0.00818911028264074,-0.01383289732233346,baseline
2019-02-01,0.12485087108524359,0.008054584049356231,0.002899370276804176,baseline
2019-03-01,-0.16371834780909478,-0.020182754349099635,-0.017215276503993897,baseline
2019-04-01,-0.22742299175097833,-0.005306492750447358,-0.004057620010766569,baseline
2019-05-01,-0.12685343299228236,-0.006454290286069918,-0.007137271580358737,baseline
2019-06-01,-0.24160609522849538,-0.01184900934473479,-0.005903024290646065,baseline
2019-07-01,0.14185838305945977,0.002018181692652398,0.006505646044706069,baseline
2019-08-01,-0.37243869017817083,-0.03301958870085639,-0.024341837864913937,baseline
2019-09-01,-0.04706648320030665,-0.001405741537712335,-0.0008242067762658876,baseline
2019-10-01,0.3945920651128284,0.020093129374406864,0.021851031801318928,baseline
2019-11-01,0.11256610294885747,0.011472070455585567,0.009645305294699997,baseline
2019-12-01,-0.002856110157199998,0.010180608064212424,0.003262733259400884,baseline
2020-01-01,0.08564635987205597,-0.0033501231892564196,-0.00045451375886648585,baseline
2020-02-01,0.37320189913353463,0.011848943475441215,-0.005483808469958079,baseline
2020-03-01,0.45863493459357463,0.08589698917367117,0.0512320183462414,baseline
2020-04-01,0.14440406226551655,0.07751779208564327,0.054324628404926856,baseline
2020-05-01,-0.2413553824896324,-0.03490453007800915,-0.025812594663285712,baseline
2020-06-01,0.11049773366044188,0.03437238935177433,0.03370673090908992,baseline
2020-07-01,0.4054743665050214,0.06270646948126869,0.05503654123819377,baseline
2020-08-01,-0.4261637242145229,-0.023102201695684325,-0.022093438534071128,baseline
2020-09-01,0.38147301274565193,0.0361031439904941,0.034561829954258966,baseline
2020-10-01,0.47690688203047293,0.055084709719015704,0.04608733621241691,baseline
2020-11-01,-0.6991574623110056,-0.029709525613130644,-0.047136705069141666,baseline
2020-12-01,0.016370197177743684,0.0017068714722311218,0.0030724667284901305,baseline
2021-01-01,-0.24317657871763443,-0.006059800950033049,-0.011848286144300259,baseline
2021-02-01,-0.23072023605219077,-0.021258888844426938,-0.013699377448571743,baseline
2021-03-01,-0.13063183691521182,0.008025546463830602,0.001709352863530288,baseline
2021-04-01,-0.016873864414697126,0.01752042459239766,0.0069964679717926855,baseline
2021-05-01,0.10247718813497204,-0.002236962510501017,-0.006176670558253083,baseline
2021-06-01,-0.21371644872982642,-0.009312726826717523,-0.00040836182773762095,baseline
2021-07-01,-0.07639802829016906,-0.013863424525790192,-0.012349038816802368,baseline
2021-08-01,-0.17696751868001448,-0.007835279916394728,-0.01257057646935,baseline
2021-09-01,0.10448244472255457,0.014246635307081517,0.005468871484279819,baseline
2021-10-01,0.4676342899548762,0.03122316597050477,0.024345158613712232,baseline
2021-11-01,-0.24565880951536248,-0.0025945653839329714,-0.0009812175716942036,baseline
2021-12-01,-0.05639153869469666,0.006502910945698867,8.430647426118168e-6,baseline
2022-01-01,-0.021977102144061567,0.01161303996419507,-0.0008219385188218548,baseline
2022-02-01,-0.10827636951998029,-0.013411334867902365,-0.009937720289537127,baseline
2022-03-01,0.259988019711247,0.016579227321645948,0.01531253804964229,baseline
2022-04-01,-0.06681394401355928,-0.018679194119813287,-0.01054569725751444,baseline
2022-05-01,0.5376644941673833,0.04085740133972843,0.05018833179719962,baseline
2022-06-01,0.3436712862845511,0.04739207463835117,0.04641453911290911,baseline
2022-07-01,-0.3385343795972601,-0.021205221629705267,-0.023252779813844115,baseline
2022-08-01,0.20839705143279616,0.00456980296379386,0.014881789212512795,baseline
2022-09-01,-0.14086789490031137,-0.009429412926383699,-0.006256828148247674,baseline
2022-10-01,-0.09145466595885933,-0.01419268711455248,-0.016163772944993895,baseline
2022-11-01,0.08760097028722369,0.0025138595035208034,0.004715250317263555,baseline
2022-12-01,-0.2887062053226459,-0.023467147233458878,-0.02012802496187277,baseline
2023-01-01,0.1849530161282826,0.013111043086256408,0.01436815197870607,baseline
2023-02-01,0.15721819214772698,0.006314502433988435,0.006758472300807401,baseline
2023-03-01,0.02129682572544575,0.005657061585810821,0.010183875452371646,baseline
2023-04-01,-0.16539709024884774,-0.008413938682230114,-0.008507388716440958,baseline
2023-05-01,0.21758470501427135,0.03501704707034185,0.032382222614842526,baseline
2023-06-01,0.1019527747814193,0.0006724323815337553,0.0038128507686563473,baseline
2023-07-01,0.3144995465669628,0.014644587513437134,0.008435736225722362,baseline
2023-08-01,0.012622475089892504,0.0025019889817826206,0.005311430853308721,baseline
2023-09-01,0.10783736899123098,0.006334473081896767,0.017282266991344625,baseline
2023-10-01,0.34883167434739193,0.032501466593058435,0.023767853600722484,baseline
2023-11-01,-0.3126127562131904,-0.0332248688927412,-0.025236901351584767,baseline
2023-12-01,-0.1859868408888022,-0.012732020751683257,-0.012616566393497727,baseline
2024-01-01,-0.07911020795106177,-0.006870716977474836,-0.004409358461665522,baseline
2024-02-01,-0.38230336835864603,-0.027153578858312592,-0.026025932617278515,baseline
2024-03-01,-0.5655080603858171,-0.04647855922394538,-0.06148067060139829,baseline
2024-04-01,-0.19613987918694767,-0.0057026445079037865,-0.009775065164764722,baseline
2024-05-01,-0.4383506902160087,-0.030360880757291153,-0.03267829587036876,baseline
2024-06-01,-0.4407368805051244,-0.03784776613571877,-0.06630241781954649,baseline
2024-07-01,-0.0257927235655242,0.003255127858802144,0.002245084557100189,baseline
2024-08-01,0.2970414017867033,0.017336338059586502,0.016084422409903466,baseline
2024-09-01,-0.31592863684321604,-0.017642654668907597,-0.022244094719701582,baseline
2024-10-01,0.12473177586210352,0.01635231274972638,0.007878919867123184,baseline
2024-11-01,0.5302787000692251,0.03363637552345204,0.03341924799282153,baseline
2024-12-01,-0.04242692420152985,-0.010686859125216271,-0.0011892615929051213,baseline
2025-01-01,-0.45848391919978415,-0.031329652257454314,-0.029579667504422223,baseline
2025-02-01,-0.04166527104180623,-0.003767003157480669,-0.003748596279932383,baseline
2025-03-01,0.6222384601495896,0.034558625815223856,0.03264820194657073,baseline
2025-04-01,0.3305349043021667,0.04294059942525555,0.04635774524371528,baseline
2025-05-01,-0.031648598357009325,-0.006435176450301472,-0.00698632943528354,baseline
2025-06-01,0.023133026537774735,-0.009787198393463294,-0.008457546789719378,baseline
2025-07-01,-0.2542360952993574,-0.01717351035770665,-0.010151036544551986,baseline
2025-08-01,0.3747325805124649,0.038028020230527655,0.03209469722064472,baseline
2025-09-01,-0.13318423017401262,-0.004827673301729464,-0.009649972006832638,baseline
2025-10-01,-0.11355499951833962,-0.003180817768600893,-0.010823888208830738,baseline
2025-11-01,-0.24675804832454937,-0.01095900344772031,-0.022561534952182334,baseline
2017-10-01,-0.09509325918686759,-0.003324422919208883,-0.0065076570199465375,hv 63d
2017-11-01,0.10690657701305414,0.023264722903726352,0.01403481744822142,hv 63d
2017-12-01,0.13018376787194008,0.010165014344724785,0.004896530693584625,hv 63d
2018-01-01,0.25216462054388855,0.021178538425911757,0.01910065278875965,hv 63d
2018-02-01,0.17374504339864189,0.017826109879966186,0.013214552034740899,hv 63d
2018-03-01,0.026316823772783576,0.004360601653456138,0.007230730515527157,hv 63d
2018-04-01,-0.4458093645723345,-0.019123913888263514,-0.017484037591444436,hv 63d
2018-05-01,-0.02138190549460054,-0.009025953097613284,-0.001309942372264259,hv 63d
2018-06-01,-0.3303369701058507,-0.014504207342881121,-0.01648964490080975,hv 63d
2018-07-01,-0.041714186733811394,0.010285917170698725,0.004362578733430645,hv 63d
2018-08-01,0.14654891423855176,0.014517695795785601,0.01062739241186102,hv 63d
2018-09-01,0.026078056361065416,-0.0046999185252624386,-0.0017581240849419075,hv 63d
2018-10-01,0.066168454915727,0.008269791589737747,0.0031244821289804475,hv 63d
2018-11-01,-0.09855983320992484,-0.010830770505264785,-0.01933253215881812,hv 63d
2018-12-01,-0.39904300301573603,0.009701784635633409,-0.006750841863688475,hv 63d
2019-01-01,0.17186048699762946,0.009821455521573572,0.010327319383704672,hv 63d
2019-02-01,0.05663990331875057,0.00595401440730043,0.001451066878785181,hv 63d
2019-03-01,-0.2838568857684262,-0.017410430041042636,-0.017078322586711797,hv 63d
2019-04-01,0.21607071125662006,0.017234209950456138,0.013618688785569143,hv 63d
2019-05-01,-0.11237346791080186,0.0003182555053921187,-0.0035709977057865588,hv 63d
2019-06-01,-0.3772671423126781,-0.024773888846398442,-0.01595586399777064,hv 63d
2019-07-01,0.15961715383324554,-0.011570145977444483,-0.007402309999513024,hv 63d
2019-08-01,-0.04150243486484515,-0.01024094042159267,-0.004388278678416969,hv 63d
2019-09-01,-0.04427842221566036,0.0018634163695523537,0.0033547010141652626,hv 63d
2019-10-01,0.10093017821906042,0.014669079637931131,0.010590425899092181,hv 63d
2019-11-01,0.10833928225966119,0.01922483564301457,0.012549325191994695,hv 63d
2019-12-01,-0.07048798265993932,0.0001675222028643137,-0.0017595687663847998,hv 63d
2020-01-01,0.2284177920701452,0.010336169220392604,0.009193792986685639,hv 63d
2020-02-01,0.6642448823821971,0.020804849702175415,0.011588803540662135,hv 63d
2020-03-01,0.859540770036574,0.11995871609182729,0.08393973301366597,hv 63d
2020-04-01,0.33765699134145705,0.09697781609163884,0.06843207815793029,hv 63d
2020-05-01,-0.12253356282328864,-0.012643898074537242,-0.0115814800418731,hv 63d
2020-06-01,-0.15339270661007195,0.004470888656980997,-0.0005553371674352492,hv 63d
2020-07-01,-0.06546752281434898,-0.02415680764380047,-0.027851949083635075,hv 63d
2020-08-01,-0.5391685645690656,-0.04542082859318581,-0.045827455058592245,hv 63d
2020-09-01,0.11033394568287373,0.0056705979075472365,0.010934363586910176,hv 63d
2020-10-01,0.3572626459743787,0.02046106052790818,0.021179601883015563,hv 63d
2020-11-01,-0.011469664120562079,-0.0034854142861695464,-0.015691983623425068,hv 63d
2020-12-01,0.36323537007244644,0.037362596349457516,0.025999666763172863,hv 63d
2021-01-01,-0.012592834479352055,-0.004791069909949295,-0.002200385254025123,hv 63d
2021-02-01,-0.26480876817999144,-0.014553377201068363,-0.010560707925110385,hv 63d
2021-03-01,-0.01958705051685103,-0.0077595056171195585,-0.0013784463201189125,hv 63d
2021-04-01,-0.0759940480091319,0.010275381093223778,0.001318019643460469,hv 63d
2021-05-01,-0.09227005679908634,-0.006004047342266127,-0.010669042913080025,hv 63d
2021-06-01,-0.3038251597420347,-0.014782852144220489,-0.011761174378138216,hv 63d
2021-07-01,0.04711273767484821,-0.0006968917031813062,-0.002577629339232631,hv 63d
2021-08-01,0.048698497705172775,0.005146384515043695,-0.0007382326384469612,hv 63d
2021-09-01,-0.15036500019829255,-0.010424245689601902,-0.008613416423595935,hv 63d
2021-10-01,0.35808263501055326,0.018498888883720845,0.01657178848204316,hv 63d
2021-11-01,0.16518188556543367,0.005288399439077616,0.012736878348535872,hv 63d
2021-12-01,-0.062246925182976996,0.0068065007653357636,0.005128003961802591,hv 63d
2022-01-01,-0.22993269044097697,-0.014676661775873552,-0.02070601566634246,hv 63d
2022-02-01,-0.21670912054713523,-0.005242083651235583,-0.009330559682325535,hv 63d
2022-03-01,0.17764317628545162,0.021047990286089165,0.021338737958235057,hv 63d
2022-04-01,0.2952210958101382,0.029009783277619,0.04039027210082678,hv 63d
2022-05-01,-0.3041229188778014,-0.013810696748636308,-0.014324606507236683,hv 63d
2022-06-01,0.08251943485018118,0.013632842863902053,0.013076092697271443,hv 63d
2022-07-01,-0.06369684133478738,-0.019412869545807024,-0.014024986842045246,hv 63d
2022-08-01,-0.1434203924363079,-0.0140103322504842,-0.012430251025984359,hv 63d
2022-09-01,-0.20082582558518647,-0.023987870510301598,-0.01171989682755213,hv 63d
2022-10-01,0.233630389890763,0.01112746070741688,0.011671849161361186,hv 63d
2022-11-01,-0.0654332652441117,0.0014287733115544363,0.0015091031794188178,hv 63d
2022-12-01,0.09106930684639586,0.011967476599429351,0.011835601020428597,hv 63d
2023-01-01,-0.20588203086542697,-0.010016119571408712,-0.006559992698240685,hv 63d
2023-02-01,0.4436848163080247,0.013996560381413375,0.013554997607864565,hv 63d
2023-03-01,0.10750623457619748,0.00867226178762524,0.010251604716663185,hv 63d
2023-04-01,-0.24850615269308443,-0.01869909780707614,-0.01664666430147012,hv 63d
2023-05-01,-0.3519853540082879,-0.024805464418178592,-0.01792098872345874,hv 63d
2023-06-01,0.2956724414105018,0.023929129536319038,0.018328974508725143,hv 63d
2023-07-01,-0.11601596428548665,-0.01399879699853353,-0.019508770271459277,hv 63d
2023-08-01,0.4222305972984061,0.019319655495428308,0.019428050673906877,hv 63d
2023-09-01,0.033301184531648265,-0.0038543175434690227,-0.003837521855674094,hv 63d
2023-10-01,-0.16452019176540092,-0.0155211649618903,-0.01347416377445713,hv 63d
2023-11-01,-0.496462370819742,-0.0209843792256416,-0.024170846336695855,hv 63d
2023-12-01,-0.4103680984795946,-0.011089248867931245,-0.01738023663963261,hv 63d
2024-01-01,-0.1035253381069309,-0.0025867789448806213,-0.0002380586299906614,hv 63d
2024-02-01,-0.15908800959102573,-0.010907561276746542,-0.009588914704586494,hv 63d
2024-03-01,-0.30188620327274157,-0.02822811353690228,-0.03656364299976831,hv 63d
2024-04-01,0.1893292359519045,0.012389605712283957,0.01039865647307551,hv 63d
2024-05-01,-0.1262635710693043,-0.001772173211627976,-0.004438397369103253,hv 63d
2024-06-01,-0.36113404130680227,-0.031112829046014544,-0.023613310609811613,hv 63d
2024-07-01,-0.1421797836440854,-0.01404838369080889,-0.009167521204625753,hv 63d
2024-08-01,0.06378995754329762,0.007831273928001254,0.0037188004893761077,hv 63d
2024-09-01,-0.10857437810712056,-0.016197639882663192,-0.015135416294969051,hv 63d
2024-10-01,-0.2797982040872731,-0.03312519909654584,-0.02536772459896838,hv 63d
2024-11-01,0.15399112463510667,-0.007968884058356112,-0.0033404409571252958,hv 63d
2024-12-01,0.13216062005065152,0.004126468942773558,0.006131515849929337,hv 63d
2025-01-01,0.04150578834271679,0.012631980348016842,0.009655243018362852,hv 63d
2025-02-01,-0.0464799790481579,-0.00989096900481254,-0.005722177376581729,hv 63d
2025-03-01,0.12063721965291097,0.006263172631663601,-0.0037520568066219673,hv 63d
2025-04-01,0.8847867221290058,0.07496340598392431,0.08869465011267345,hv 63d
2025-05-01,-0.5288392138970074,-0.030075707709364383,-0.026114230867626514,hv 63d
2025-06-01,0.2872022888940301,0.0008562797539985092,0.00045376517714613724,hv 63d
2025-07-01,-0.015856291657581678,-0.005429794977037999,-0.0039704787680024545,hv 63d
2025-08-01,-0.2428343081828403,-0.01348763716788047,-0.015234962363122856,hv 63d
2025-09-01,0.060324846664990134,-0.0011259559700727735,-0.0020600718894566664,hv 63d
2025-10-01,-0.26551762585562433,-0.01650109416832981,-0.019739784300971036,hv 63d
2025-11-01,-0.5540297024186257,-0.03596539226113645,-0.04629052018807682,hv 63d
2017-10-01,0.04697925118476087,0.008108183993676465,0.0067319530809577845,hv 21d
2017-11-01,-0.34514131403536674,-0.0010195884853703855,-0.010172666398483543,hv 21d
2017-12-01,0.2990942402564609,0.026406798874259434,0.020435900467022608,hv 21d
2018-01-01,0.4441085245911779,0.024041884269186353,0.021279329255337445,hv 21d
2018-02-01,-0.1594543597184397,-0.008093901235227349,-0.008896234319639863,hv 21d
2018-03-01,0.08289854158629067,0.0036613560131062983,0.007831900975924413,hv 21d
2018-04-01,-0.3928912573439214,-0.014747991227645176,-0.007386589815319923,hv 21d
2018-05-01,-0.21645883268246544,-0.024826180009678553,-0.008346099939298617,hv 21d
2018-06-01,-0.23571535598306162,-0.009877701485260324,-0.011656904752721013,hv 21d
2018-07-01,0.03877385248174067,0.0074126559469311765,0.005611487838334558,hv 21d
2018-08-01,0.047513478590867075,0.01143730738998957,0.005593907956122581,hv 21d
2018-09-01,0.006197565906329028,0.0009527909883515068,-0.00583527862756103,hv 21d
2018-10-01,-0.05234799173717919,0.004100119192438955,-0.0020365787910257994,hv 21d
2018-11-01,-0.11538047364147175,-0.01716807857609478,-0.025215043889859033,hv 21d
2018-12-01,-0.20828100985331605,-0.009070973589682252,-0.018741747954272796,hv 21d
2019-01-01,0.13848487556552672,0.01799557644696646,0.01242522948945869,hv 21d
2019-02-01,-0.040686414422403394,-0.005884231683823059,-0.006858151367094648,hv 21d
2019-03-01,0.026710734131905917,-0.008971528728437778,0.0063871783499640615,hv 21d
2019-04-01,0.11426181507509722,0.00569007421077848,0.007271965316269226,hv 21d
2019-05-01,0.18179139626216356,0.00551175558751907,0.008103808999471324,hv 21d
2019-06-01,-0.16633743679080523,-0.010861770107353232,-0.003141305122829884,hv 21d
2019-07-01,0.026996456347206876,-0.024563762731956748,-0.02260443633001342,hv 21d
2019-08-01,-0.3024949197075967,-0.0162055297187626,-0.016634182938502322,hv 21d
2019-09-01,0.3046174008327849,0.021345119512147105,0.012618873950138849,hv 21d
2019-10-01,0.3187271603646775,0.010471836284302895,0.013405407913329673,hv 21d
2019-11-01,0.2557552555122627,0.03232588861607447,0.022035381989821468,hv 21d
2019-12-01,0.13789339155712893,0.012985592203497149,0.010224118456524467,hv 21d
2020-01-01,0.1862725235524885,0.014841502831126667,0.011997191655995595,hv 21d
2020-02-01,0.7223912267140755,0.03164130695399839,0.006032779406103195,hv 21d
2020-03-01,0.5508363708949429,0.08908502676735952,0.05504958187101261,hv 21d
2020-04-01,0.007108754255134742,0.03758252210049677,0.024006461579911008,hv 21d
2020-05-01,-0.03821307427632392,-0.014935902416921169,-0.009868186631906991,hv 21d
2020-06-01,-0.4312719660599656,-0.041354605147396306,-0.03717825272732698,hv 21d
2020-07-01,-0.14037139873181298,-0.018446592068912134,-0.024292627047105313,hv 21d
2020-08-01,-0.30101629869855173,-0.012040694319021696,-0.015822052090817124,hv 21d
2020-09-01,0.3419773775121628,0.021929007845345537,0.02304852061342978,hv 21d
2020-10-01,0.27483800979306483,0.017604644896202015,0.020984350816142833,hv 21d
2020-11-01,-0.5821165073630334,-0.03508536246474327,-0.04964081225919864,hv 21d
2020-12-01,0.2682065123095403,0.041825561253760246,0.02292675735625454,hv 21d
2021-01-01,0.010470771715269944,0.0043400053417450846,-0.0010976979045737995,hv 21d
2021-02-01,0.06165360359598687,0.019156841063739907,0.01800978624690702,hv 21d
2021-03-01,0.3388985724975788,0.016269141809261235,0.01836936617365876,hv 21d
2021-04-01,-0.07366739979170045,0.01130749047462946,0.008753275789102618,hv 21d
2021-05-01,-0.48658618281546095,-0.02740375647802664,-0.02618493366182283,hv 21d
2021-06-01,-0.4854246441977037,-0.023530353416699595,-0.01459783928691155,hv 21d
2021-07-01,-0.08075922515684408,-0.01225977328849785,-0.017155785690320894,hv 21d
2021-08-01,0.11276902791116722,0.0032154105184238535,0.0018549625024828192,hv 21d
2021-09-01,0.06199032072718777,0.019211901239652017,0.018688199922106657,hv 21d
2021-10-01,0.2299330306526065,0.012217623090848005,0.00783433806958083,hv 21d
2021-11-01,0.15375737868757433,0.01113227843558811,0.013574484406433988,hv 21d
2021-12-01,0.2034961619930497,0.028535616872250036,0.02907256000087546,hv 21d
2022-01-01,-0.03211165521634737,-0.011465133397214122,-0.006559958880576651,hv 21d
2022-02-01,-0.1667552989293266,0.0018951978660252371,-0.0021490152805798118,hv 21d
2022-03-01,0.3933295499019495,0.02429148072177039,0.028991409354087873,hv 21d
2022-04-01,0.45867669523670973,0.03451153889450978,0.05171817394381452,hv 21d
2022-05-01,0.04033150743969552,0.02041084273054239,-0.0004013045507665347,hv 21d
2022-06-01,0.03948316363856591,-0.007296883483677234,-0.0028246995984780587,hv 21d
2022-07-01,0.13634055160574088,0.0070133925636722836,0.0018095284680538799,hv 21d
2022-08-01,-0.04876206646522466,-0.0048070036647818015,-0.01025416185562032,hv 21d
2022-09-01,-0.15435033418817828,-0.02243336274694764,-0.017722860621412394,hv 21d
2022-10-01,0.18002137557286638,0.015092810165704995,0.016468830386673856,hv 21d
2022-11-01,-0.08193901951268753,-0.00641245906630897,-0.005079262509507456,hv 21d
2022-12-01,0.38385629576578995,0.02220777401993647,0.020983383515787046,hv 21d
2023-01-01,-0.21347253660246374,-0.011243648144199038,-0.016740923107099237,hv 21d
2023-02-01,0.016993444959292253,-0.00404629873795263,-0.0038280861068475877,hv 21d
2023-03-01,-0.3026420497894772,-0.018734740221295898,-0.02198120351444277,hv 21d
2023-04-01,0.07976044144906419,0.004900394727017896,0.0037227499574990545,hv 21d
2023-05-01,-0.21570503811150923,-0.024945810338016017,-0.009778484151651666,hv 21d
2023-06-01,-0.18846979708945077,-0.00398075791897938,-0.006383463631065019,hv 21d
2023-07-01,0.44403800512374964,0.030750212903965398,0.027279723992493714,hv 21d
2023-08-01,0.00693401040024097,-0.007020631168613107,-0.0020066316973607144,hv 21d
2023-09-01,0.2904335758415372,0.011315626786388991,0.024869795627679884,hv 21d
2023-10-01,0.036269526955637496,-0.003476264766608812,0.001492970955839446,hv 21d
2023-11-01,0.20201786572520264,0.02295019351088634,0.015623076902684574,hv 21d
2023-12-01,-0.5147280774623979,-0.018684840996955956,-0.03079885649255784,hv 21d
2024-01-01,-0.2298327840638536,-0.00748735440259482,-0.0079870274483306,hv 21d
2024-02-01,0.010927317480227142,-0.00003699741353024432,0.0023281369941086983,hv 21d
2024-03-01,0.026125128276827864,-0.006755433054691352,-0.0007811302567178342,hv 21d
2024-04-01,0.28173950371023343,0.01737619032289269,0.02157606471904162,hv 21d
2024-05-01,-0.004996178478300216,0.00044716680296629776,-0.004667828574086041,hv 21d
2024-06-01,0.07826302178612884,0.008858957348538062,0.008374404481627908,hv 21d
2024-07-01,-0.1712125341525277,-0.0062328226903541825,-0.0075237115707850865,hv 21d
2024-08-01,-0.49802912109197917,-0.023037020760460367,-0.027144395439259034,hv 21d
2024-09-01,-0.1717488086504228,-0.0016706677641294835,-0.012560261537554351,hv 21d
2024-10-01,0.141552694419445,0.00487359794405008,0.0019183520400571294,hv 21d
2024-11-01,0.1830919928606834,0.006687556864885124,0.00800602408362386,hv 21d
2024-12-01,-0.26588517949522006,-0.0008318223317690622,-0.0016035340202917754,hv 21d
2025-01-01,-0.2931135602341606,-0.028214590206494583,-0.01635456517955119,hv 21d
2025-02-01,0.06567545331515949,0.007395901486414346,0.010788878439934469,hv 21d
2025-03-01,-0.04037676713664379,0.01605237725110738,0.0030350697460128535,hv 21d
2025-04-01,1.0884201920977432,0.06912652137325562,0.09281083773883193,hv 21d
2025-05-01,-0.1825138144986485,-0.0042844449525730206,-0.007766212416320806,hv 21d
2025-06-01,0.2486768993158136,0.012468417061176395,0.013990172265153943,hv 21d
2025-07-01,-0.19414448010643143,-0.012350584077304522,-0.017161579453748157,hv 21d
2025-08-01,0.08584830490559833,0.011299340068915167,0.0076802403829784,hv 21d
2025-09-01,0.11534414838269141,0.007137593155439756,0.008809984798014254,hv 21d
2025-10-01,0.04616918124769208,0.008190338843041286,0.008716854929566888,hv 21d
2025-11-01,-0.6096408856006292,-0.03168308385295331,-0.04476817585391712,hv 21d
2017-10-01,-0.5388369235344996,-0.04313604801034079,-0.03568264087869895,"ex-earnings hv, no earnings hold"
2017-11-01,0.11019764930002149,0.019854364177780345,0.012206198983635702,"ex-earnings hv, no earnings hold"
2017-12-01,0.4158253096323525,0.020619541456121236,0.017489051166058145,"ex-earnings hv, no earnings hold"
2018-01-01,0.3860531239617032,0.030208275736737726,0.03183460910889626,"ex-earnings hv, no earnings hold"
2018-02-01,-0.23933846520624766,-0.021132576108761326,-0.014021303347498194,"ex-earnings hv, no earnings hold"
2018-03-01,-0.22095354996095137,-0.02022677680315009,-0.016720032360818295,"ex-earnings hv, no earnings hold"
2018-04-01,0.19910777395502352,0.01855992278668487,0.011395297201277256,"ex-earnings hv, no earnings hold"
2018-05-01,0.21748092958372117,0.010263469953723311,0.017781267792410634,"ex-earnings hv, no earnings hold"
2018-06-01,-0.035210360339654335,-0.0005014885792715695,0.00013979160778410972,"ex-earnings hv, no earnings hold"
2018-07-01,0.23094309172017044,0.020000618145893344,0.01460078858652682,"ex-earnings hv, no earnings hold"
2018-08-01,0.02912717116003022,0.003279145319652399,0.0024295376568575482,"ex-earnings hv, no earnings hold"
2018-09-01,-0.33196387795657656,-0.01979596416217709,-0.017364563846963752,"ex-earnings hv, no earnings hold"
2018-10-01,0.09032252363323803,0.0011054882612101529,0.005497238574820921,"ex-earnings hv, no earnings hold"
2018-11-01,0.33103827204385894,0.03437905449790906,0.02221335548960396,"ex-earnings hv, no earnings hold"
2018-12-01,-0.11551921029462892,0.02993674587789081,0.02246434664107348,"ex-earnings hv, no earnings hold"
2019-01-01,-0.21561577238128063,-0.011725779592346448,-0.019828494244737416,"ex-earnings hv, no earnings hold"
2019-02-01,0.3376124797897547,0.02198142930154347,0.022767213546057867,"ex-earnings hv, no earnings hold"
2019-03-01,-0.21263762825482294,-0.018434603176549907,-0.021617996606449294,"ex-earnings hv, no earnings hold"
2019-04-01,0.14124905618745182,0.011458086076269318,0.02253964428465484,"ex-earnings hv, no earnings hold"
2019-05-01,0.07885949039007778,0.0028622560332585154,0.002529286853275121,"ex-earnings hv, no earnings hold"
2019-06-01,-0.18538206070831484,-0.007647737401500735,-0.0024929900165317712,"ex-earnings hv, no earnings hold"
2019-07-01,-0.31914088432655013,-0.06654049257660682,-0.07810121215066701,"ex-earnings hv, no earnings hold"
2019-08-01,-0.34550705440495044,-0.02916252211291967,-0.022879826102421827,"ex-earnings hv, no earnings hold"
2019-09-01,-0.18081248748009462,-0.01728928839117875,-0.007993051428463903,"ex-earnings hv, no earnings hold"
2019-10-01,-0.09194842122335234,-0.034337647089674794,-0.01805986734358753,"ex-earnings hv, no earnings hold"
2019-11-01,-0.2766808554164905,-0.009147381984951419,-0.004364039884412352,"ex-earnings hv, no earnings hold"
2019-12-01,-0.17180072204169072,-0.005625629758274519,-0.010817811789396425,"ex-earnings hv, no earnings hold"
2020-01-01,-0.22150617822810295,-0.024094280393548488,-0.022660047499998427,"ex-earnings hv, no earnings hold"
2020-02-01,-0.712849658705077,-0.05257422911603432,-0.044554504784860505,"ex-earnings hv, no earnings hold"
2020-03-01,0.5038693554568044,0.0840439817290816,0.04841390298936342,"ex-earnings hv, no earnings hold"
2020-04-01,0.44737529152065375,0.16492910499954672,0.11081538036852498,"ex-earnings hv, no earnings hold"
2020-05-01,-0.4975611118941157,-0.07227540942884349,-0.05515071946854867,"ex-earnings hv, no earnings hold"
2020-06-01,0.18379591398374068,0.04554608579841847,0.042539861210789155,"ex-earnings hv, no earnings hold"
2020-07-01,0.025299706816338197,0.05972764590427256,0.05216782620237124,"ex-earnings hv, no earnings hold"
2020-08-01,-0.5447501745750294,-0.035773629222326166,-0.02957126949350545,"ex-earnings hv, no earnings hold"
2020-09-01,0.47026577646912354,0.03839193755120679,0.03933859022603044,"ex-earnings hv, no earnings hold"
2020-10-01,0.832935734120839,0.06486694499657907,0.056042690345079596,"ex-earnings hv, no earnings hold"
2020-11-01,-0.6950281897318316,-0.037227860631037515,-0.0510905097470414,"ex-earnings hv, no earnings hold"
2020-12-01,-0.03242001445771342,0.007040762111785986,0.0067795289426266555,"ex-earnings hv, no earnings hold"
2021-01-01,-0.1882299965297523,-0.0020135203154654988,-0.014509209306864192,"ex-earnings hv, no earnings hold"
2021-02-01,-0.28640712657463707,-0.03027068865291052,-0.020724074278968992,"ex-earnings hv, no earnings hold"
2021-03-01,-0.11454881388760532,0.004040107232800079,-0.000449450146661666,"ex-earnings hv, no earnings hold"
2021-04-01,0.11552253076786023,0.025642140035236953,0.014212620376824515,"ex-earnings hv, no earnings hold"
2021-05-01,0.15821896463882382,0.00044336029860722256,-0.006539262649464146,"ex-earnings hv, no earnings hold"
2021-06-01,-0.11488586568352926,-0.002708135767675788,0.008182840115790995,"ex-earnings hv, no earnings hold"
2021-07-01,0.41121356152434135,0.025627211432837676,0.026088049798145913,"ex-earnings hv, no earnings hold"
2021-08-01,-0.04810650680842607,-0.0022502199064234393,-0.006022552949569349,"ex-earnings hv, no earnings hold"
2021-09-01,0.0005648741551532374,0.008634206199917229,-0.002116589945092868,"ex-earnings hv, no earnings hold"
2021-10-01,-0.6434479251982604,-0.049978344921427324,-0.05707160593269386,"ex-earnings hv, no earnings hold"
2021-11-01,-0.23979828115461804,0.001656268974720678,-0.0008202219695716152,"ex-earnings hv, no earnings hold"
2021-12-01,0.17577319779877515,0.021619370604604116,0.020760115243816685,"ex-earnings hv, no earnings hold"
2022-01-01,0.06028175691872034,0.020425411036099107,0.007688523322270963,"ex-earnings hv, no earnings hold"
2022-02-01,-0.28664105592585315,-0.02483709207036166,-0.025633440130598505,"ex-earnings hv, no earnings hold"
2022-03-01,0.2589320647368436,0.01602640798936251,0.013283228875684727,"ex-earnings hv, no earnings hold"
2022-04-01,0.37322754743849434,-0.007036696417949118,-0.006429233504726427,"ex-earnings hv, no earnings hold"
2022-05-01,-0.010757643383181137,-0.022264739473660585,0.001587987364002806,"ex-earnings hv, no earnings hold"
2022-06-01,0.3271272633438109,0.03023367268302027,0.031005175999053988,"ex-earnings hv, no earnings hold"
2022-07-01,-0.11777491873211707,0.02953921916766885,0.01737947122133375,"ex-earnings hv, no earnings hold"
2022-08-01,0.2860460585473853,0.01961470803457593,0.03630859601938888,"ex-earnings hv, no earnings hold"
2022-09-01,-0.2437193815652976,-0.01806497301502466,-0.024363406274343757,"ex-earnings hv, no earnings hold"
2022-10-01,-0.45728507322026546,-0.045442864810500805,-0.05160287546201514,"ex-earnings hv, no earnings hold"
2022-11-01,0.25590850110299224,0.005730583260790785,0.011035760694392906,"ex-earnings hv, no earnings hold"
2022-12-01,-0.31049689294703037,-0.026789430154088544,-0.023515218189184395,"ex-earnings hv, no earnings hold"
2023-01-01,0.07971244503776326,0.013514654177845052,0.0038006023530610007,"ex-earnings hv, no earnings hold"
2023-02-01,-0.04156288752438564,-0.016463675864663217,-0.013398240335011177,"ex-earnings hv, no earnings hold"
2023-03-01,-0.19007212331818168,-0.012275084222229327,-0.006845380156032938,"ex-earnings hv, no earnings hold"
2023-04-01,-0.11119419459635937,0.008923393848126623,0.004010432460705576,"ex-earnings hv, no earnings hold"
2023-05-01,0.853582585245023,0.08424780088788786,0.06827519825144182,"ex-earnings hv, no earnings hold"
2023-06-01,0.07341187587250123,-0.009389577643345581,0.0015062585162405832,"ex-earnings hv, no earnings hold"
2023-07-01,0.18676774587601547,-0.006695646676917334,-0.008733780935859112,"ex-earnings hv, no earnings hold"
2023-08-01,-0.026980273469273147,-0.002235236276656224,-0.0005048219795707361,"ex-earnings hv, no earnings hold"
2023-09-01,-0.21754795909546015,-0.015198341566677754,-0.023632309921181247,"ex-earnings hv, no earnings hold"
2023-10-01,0.37680242783696,0.05392512812884664,0.03574154657739227,"ex-earnings hv, no earnings hold"
2023-11-01,-0.6736008088155536,-0.04556322912720071,-0.042792433380365716,"ex-earnings hv, no earnings hold"
2023-12-01,-0.137735313200861,-0.008641618076291381,-0.0021319351229484064,"ex-earnings hv, no earnings hold"
2024-01-01,-0.2242106131163373,0.0042960244210982455,-0.0009164639772899115,"ex-earnings hv, no earnings hold"
2024-02-01,-0.6789361345232894,-0.024190648342166044,-0.024965223198912614,"ex-earnings hv, no earnings hold"
2024-03-01,-0.5269209496721873,-0.04125428351623141,-0.05920890418702526,"ex-earnings hv, no earnings hold"
2024-04-01,0.2542304366609073,0.020085333430629328,0.01159084384335483,"ex-earnings hv, no earnings hold"
2024-05-01,0.1426874628690544,0.013900341991601584,0.0065943785853113755,"ex-earnings hv, no earnings hold"
2024-06-01,-0.9622328285260695,-0.07737924204394259,-0.10709721214634332,"ex-earnings hv, no earnings hold"
2024-07-01,-0.0761328731437404,0.0019097396452381853,0.002980556292163403,"ex-earnings hv, no earnings hold"
2024-08-01,-0.13364441791673357,-0.002620266215343131,-0.013160348596786699,"ex-earnings hv, no earnings hold"
2024-09-01,-0.5516208458590224,-0.01568224042177768,-0.02404135407179983,"ex-earnings hv, no earnings hold"
2024-10-01,0.052662122600984636,-0.010806123581026547,-0.005382637838122749,"ex-earnings hv, no earnings hold"
2024-11-01,0.3668503309821266,0.023037024189699787,0.021752595704358512,"ex-earnings hv, no earnings hold"
2024-12-01,0.22066316641170042,0.01123476083685549,0.015503833277338815,"ex-earnings hv, no earnings hold"
2025-01-01,-0.4329795487704455,-0.024039354622324392,-0.02792829546566078,"ex-earnings hv, no earnings hold"
2025-02-01,-0.1566212825165291,-0.0018759170435396575,-0.010782648933595363,"ex-earnings hv, no earnings hold"
2025-03-01,0.30317279832474614,0.03173869121590465,0.020435806274381227,"ex-earnings hv, no earnings hold"
2025-04-01,-0.1702864222766901,0.0076527532941801715,0.005814076208694799,"ex-earnings hv, no earnings hold"
2025-05-01,0.042298509573514914,-0.004962546711183645,0.004169657982385611,"ex-earnings hv, no earnings hold"
2025-06-01,0.5641676374625162,0.016385394613870213,0.02830278077405611,"ex-earnings hv, no earnings hold"
2025-07-01,0.08245788544950748,0.009347437728835326,0.018351816722717653,"ex-earnings hv, no earnings hold"
2025-08-01,0.8229203736263632,0.05761021397211273,0.06064468354142542,"ex-earnings hv, no earnings hold"
2025-09-01,0.03217533933007055,0.0022720677180598225,0.006595207872128131,"ex-earnings hv, no earnings hold"
2025-10-01,-0.282870685386228,-0.028356322887555477,-0.041664323874728876,"ex-earnings hv, no earnings hold"
2025-11-01,-0.07930837292831056,0.0010705615793090272,-0.0024143967479665247,"ex-earnings hv, no earnings hold"
2017-10-01,-0.3691738360992721,-0.01699473799888535,-0.013973390345081167,iv vs own 12m mean
2017-11-01,0.23114749357893535,0.02633885062232015,0.019134265309120373,iv vs own 12m mean
2017-12-01,0.6623956960834154,0.03904702434848888,0.03595880918563698,iv vs own 12m mean
2018-01-01,0.08841195299663462,0.012601572902311025,0.014528677555428424,iv vs own 12m mean
2018-02-01,-0.19581430349465245,-0.00905216062337928,-0.005978029651018214,iv vs own 12m mean
2018-03-01,0.00752415390672459,-0.0027278008675395513,-0.0013879351386172347,iv vs own 12m mean
2018-04-01,0.17846982366500774,0.017469360240918802,0.006323401550639365,iv vs own 12m mean
2018-05-01,0.06104629275107637,-0.004051423876771008,0.002902019351144777,iv vs own 12m mean
2018-06-01,0.23596221587007388,0.013869413736994981,0.012708035859941605,iv vs own 12m mean
2018-07-01,0.11790559422125341,0.019245799725214105,0.01636613538200422,iv vs own 12m mean
2018-08-01,0.05594074039191668,0.006027886776252407,0.00014051331984692682,iv vs own 12m mean
2018-09-01,0.014146137024123373,-0.011250409019242909,-0.009963071297796212,iv vs own 12m mean
2018-10-01,0.41143051094718575,0.03275559343028251,0.018873086286769505,iv vs own 12m mean
2018-11-01,0.6304876543363979,0.0533672205123813,0.034730954432775,iv vs own 12m mean
2018-12-01,-0.5312510395637903,-0.025801083665306736,-0.04158684503707448,iv vs own 12m mean
2019-01-01,-0.43588113823942537,-0.021878707780637177,-0.024425611758295912,iv vs own 12m mean
2019-02-01,-0.0667553735703299,0.005551614135854864,0.0008891373092640674,iv vs own 12m mean
2019-03-01,-0.25117968441735794,-0.030729774711712447,-0.034205409236787686,iv vs own 12m mean
2019-04-01,0.14121802396017455,0.018389735020549906,0.02498215620625633,iv vs own 12m mean
2019-05-01,0.2307414786255806,0.00845959359794167,0.01375449086426031,iv vs own 12m mean
2019-06-01,-0.2846589747814393,-0.014700674996071111,-0.009200041477731905,iv vs own 12m mean
2019-07-01,-0.11428850483904196,-0.03260336948557162,-0.028652696240377543,iv vs own 12m mean
2019-08-01,-0.04979171496081518,-0.018529667307277817,-0.006920303039123028,iv vs own 12m mean
2019-09-01,-0.14526726725585723,-0.012782322152918404,-0.007505309511862129,iv vs own 12m mean
2019-10-01,-0.026092111066759877,-0.0037620613003028144,0.001417635508715257,iv vs own 12m mean
2019-11-01,-0.047538450100877455,0.008404677308725468,0.00614156506315789,iv vs own 12m mean
2019-12-01,0.2684067741878458,0.012840340034635144,0.010401314256476427,iv vs own 12m mean
2020-01-01,-0.13629957491719527,-0.010722674937331245,-0.009787572002139897,iv vs own 12m mean
2020-02-01,1.5759776110102837,0.029727699994644724,-0.013331517420818756,iv vs own 12m mean
2020-03-01,0.023306532735581476,0.018647913551481977,0.0030508015100041697,iv vs own 12m mean
2020-04-01,0.17076827091459795,0.10965846427370154,0.07533305108279527,iv vs own 12m mean
2020-05-01,-0.405173885312066,-0.08710490476210467,-0.054862959820121134,iv vs own 12m mean
2020-06-01,0.24283533321300743,0.03853555337964358,0.04291273707407629,iv vs own 12m mean
2020-07-01,0.40577565441820834,0.054499730554185034,0.061346765489279545,iv vs own 12m mean
2020-08-01,-0.08437309096826871,0.0023775996285170155,0.008058737088913913,iv vs own 12m mean
2020-09-01,-0.10703489214897348,-0.0009012553417764553,0.002291206654168491,iv vs own 12m mean
2020-10-01,-0.09828800403149032,-0.005594442740088317,-0.0036116866236201124,iv vs own 12m mean
2020-11-01,-0.1628425580094767,-0.0008010503211943951,-0.004412465027632682,iv vs own 12m mean
2020-12-01,-0.39800340812025997,-0.04102487365285819,-0.02864386062738319,iv vs own 12m mean
2021-01-01,-0.10668571941828367,-0.006394982113195943,-0.006188801418827248,iv vs own 12m mean
2021-02-01,0.05051825516805958,-0.008500821469551733,0.0030214470876724926,iv vs own 12m mean
2021-03-01,0.354937564086678,0.020100675975463805,0.022679795791380318,iv vs own 12m mean
2021-04-01,-0.03495697963643335,0.02221613597085019,0.013461319709297159,iv vs own 12m mean
2021-05-01,-0.07890179526242283,-0.010312085663199796,-0.0087832736438996,iv vs own 12m mean
2021-06-01,0.23645475045498598,0.004954576444285526,0.011063503878148386,iv vs own 12m mean
2021-07-01,0.03779332453474188,0.004727323326922155,0.006764741222326023,iv vs own 12m mean
2021-08-01,-0.11401351181487857,-0.0028383465616378147,-0.004466961491005334,iv vs own 12m mean
2021-09-01,-0.22392138415575838,-0.018293092752406863,-0.011902614170685947,iv vs own 12m mean
2021-10-01,0.0004041895923974498,-0.010426472601755044,-0.00943765235985014,iv vs own 12m mean
2021-11-01,0.07186085910318285,0.01703427993309209,0.01805719924822219,iv vs own 12m mean
2021-12-01,-0.6644306773673174,-0.04899939931568651,-0.06774738680808065,iv vs own 12m mean
2022-01-01,-0.15618885238027094,0.007387100102592976,-0.008056380086377091,iv vs own 12m mean
2022-02-01,-0.07432024372941905,-0.011396357279516142,-0.006867001869657042,iv vs own 12m mean
2022-03-01,0.10255423653428233,0.0038516770781153974,-0.0034483963942328845,iv vs own 12m mean
2022-04-01,0.20541629418056678,-0.010145029099319892,-0.004063515822436928,iv vs own 12m mean
2022-05-01,0.6051371400458527,0.03627341009117052,0.05056491596527372,iv vs own 12m mean
2022-06-01,0.18065731290951614,0.03535152957027836,0.034389738574194126,iv vs own 12m mean
2022-07-01,-0.29306216755695513,-0.009096317151229003,-0.011178332568211796,iv vs own 12m mean
2022-08-01,0.25804647909337225,0.01063069732808766,0.01661929438928037,iv vs own 12m mean
2022-09-01,-0.1686117938597961,-0.010605462094758912,-0.007919627602884635,iv vs own 12m mean
2022-10-01,-0.38031141371022914,-0.029193901932093168,-0.03353202958011681,iv vs own 12m mean
2022-11-01,0.390246608765096,0.025576196112435376,0.02587431373439342,iv vs own 12m mean
2022-12-01,-0.48921794551910436,-0.03209230306889101,-0.02919307269937854,iv vs own 12m mean
2023-01-01,0.12895988409252804,0.017990605565059534,0.00997504528980193,iv vs own 12m mean
2023-02-01,0.5072980518554624,0.028050879635182675,0.03131954926357516,iv vs own 12m mean
2023-03-01,0.4776688533866883,0.033454595294959956,0.03511755725055578,iv vs own 12m mean
2023-04-01,0.21179638925391894,0.027669693140457294,0.01779831819539952,iv vs own 12m mean
2023-05-01,0.2603293357248935,0.04632936579140202,0.03795447469084737,iv vs own 12m mean
2023-06-01,-0.1084841508196667,-0.009389510841554868,-0.004145016580318867,iv vs own 12m mean
2023-07-01,0.43202981254540135,0.02619448502767663,0.01652092977685498,iv vs own 12m mean
2023-08-01,0.04448544265485782,0.012506376400972977,0.012873471564654343,iv vs own 12m mean
2023-09-01,0.23134741244562718,0.006535285859708816,0.019037663060242616,iv vs own 12m mean
2023-10-01,0.18688690845227113,0.024048430316318592,0.01641135257608133,iv vs own 12m mean
2023-11-01,-0.1615274912136253,-0.03815520608064164,-0.0240086475800187,iv vs own 12m mean
2023-12-01,-0.2928023001206258,-0.023257131806035367,-0.02244726212713703,iv vs own 12m mean
2024-01-01,-0.07130991985290852,0.006649071905448587,0.0077069606467152565,iv vs own 12m mean
2024-02-01,-0.18040751966795787,-0.008927072955772554,-0.01410591928601631,iv vs own 12m mean
2024-03-01,-0.3355670848696711,-0.029662066224863722,-0.03960142246597892,iv vs own 12m mean
2024-04-01,-0.09523050982776794,0.000734330667161125,-0.0007825381282353713,iv vs own 12m mean
2024-05-01,-0.1415707716687975,-0.014838874128895566,-0.018069942657058843,iv vs own 12m mean
2024-06-01,-0.9159800400160947,-0.07422564615838814,-0.09623457797079624,iv vs own 12m mean
2024-07-01,0.013214054702616312,0.015522622047937593,0.016351573876194528,iv vs own 12m mean
2024-08-01,0.12834311337236048,0.008193791482482851,0.005047392315754866,iv vs own 12m mean
2024-09-01,-0.316750143043773,-0.03225563138167006,-0.03681096867320567,iv vs own 12m mean
2024-10-01,0.14073680062311797,0.01359078154627004,0.01014987227408857,iv vs own 12m mean
2024-11-01,0.17621453188290556,0.021253763948539697,0.014912096121086476,iv vs own 12m mean
2024-12-01,-0.21297628827901485,-0.011428740269400502,-0.00441603396335777,iv vs own 12m mean
2025-01-01,-0.2833863328763261,-0.02116317643580149,-0.0168792999883349,iv vs own 12m mean
2025-02-01,0.04355721407758667,0.00802451609260783,0.005435021202255476,iv vs own 12m mean
2025-03-01,0.8413546539728474,0.04430185981788219,0.028220049480711433,iv vs own 12m mean
2025-04-01,-0.09147398822164768,0.008061224161873926,0.01180016320740075,iv vs own 12m mean
2025-05-01,0.02952579769682051,0.001645828241936969,0.0012914696577017758,iv vs own 12m mean
2025-06-01,0.03896625690559288,0.000027706854163230335,0.000024942874877991253,iv vs own 12m mean
2025-07-01,-0.3083257215550827,-0.00479825307907413,-0.002718437666033172,iv vs own 12m mean
2025-08-01,0.33064014279147413,0.0428622674442592,0.040886326178622784,iv vs own 12m mean
2025-09-01,-0.22049646802838685,-0.013550968730745122,-0.016715518553269474,iv vs own 12m mean
2025-10-01,0.006430019316340171,0.006453163741693303,0.0020459504739727477,iv vs own 12m mean
2025-11-01,-0.10503857998448322,0.001930990052562898,-0.004466588002611076,iv vs own 12m mean
2017-10-01,-0.5514809858436526,-0.022398283217084924,-0.019474344824925695,iv z-score vs own 12m
2017-11-01,0.23202432650725086,0.025699765357739393,0.025039777301255093,iv z-score vs own 12m
2017-12-01,0.9085903787517826,0.038483676101880145,0.04436856119324707,iv z-score vs own 12m
2018-01-01,-0.0833089866801427,0.006439089457840514,0.006214423611129491,iv z-score vs own 12m
2018-02-01,-0.13160506381782222,-0.009364173922671876,-0.005190422481684756,iv z-score vs own 12m
2018-03-01,0.09500763010774316,0.0005005210961143737,0.00404759631377345,iv z-score vs own 12m
2018-04-01,0.05494164099860582,-0.001996556660022771,-0.0046112214638185725,iv z-score vs own 12m
2018-05-01,-0.033429909813861014,-0.01238404132278897,-0.003836476391893129,iv z-score vs own 12m
2018-06-01,0.35801912702856287,0.020983364071519826,0.020507708063037602,iv z-score vs own 12m
2018-07-01,-0.03840178493220356,0.0007769396130107289,-0.0009840446062449326,iv z-score vs own 12m
2018-08-01,-0.15417722338148732,-0.0003375689341936373,-0.007544078732404888,iv z-score vs own 12m
2018-09-01,-0.0905643385588138,-0.01879941466916231,-0.023544999138151196,iv z-score vs own 12m
2018-10-01,0.39719423694662115,0.03736338087791367,0.022346216149090287,iv z-score vs own 12m
2018-11-01,0.4205341582733938,0.037456769281131855,0.02030861234288917,iv z-score vs own 12m
2018-12-01,-0.4146281098894502,-0.026810777853305625,-0.039441691978545336,iv z-score vs own 12m
2019-01-01,-0.7918067613830465,-0.04154868773984055,-0.04624182511859278,iv z-score vs own 12m
2019-02-01,0.13446624118194628,0.010682824844783619,0.0024464329353512324,iv z-score vs own 12m
2019-03-01,-0.25995366048600577,-0.031304166924203056,-0.028277305595283627,iv z-score vs own 12m
2019-04-01,0.16782983591299827,0.019734025056396303,0.02643495236890013,iv z-score vs own 12m
2019-05-01,0.138712278044037,0.006386176872931916,0.011115624542511998,iv z-score vs own 12m
2019-06-01,-0.19891367465772758,-0.007336726103630738,-0.0017742414044529427,iv z-score vs own 12m
2019-07-01,-0.038878737388061246,-0.021616684944860142,-0.015165401057987415,iv z-score vs own 12m
2019-08-01,0.03797785586796443,-0.012777453029846538,-0.004219605583279127,iv z-score vs own 12m
2019-09-01,-0.12757250057553143,-0.0124510811990978,-0.00777656529622456,iv z-score vs own 12m
2019-10-01,-0.03574901165961225,-0.013710622493403084,-0.0035460560272249954,iv z-score vs own 12m
2019-11-01,0.36695206809303627,0.0450696851530351,0.031916651726856864,iv z-score vs own 12m
2019-12-01,-0.1344861427389308,-0.0025070674611033326,-0.004757089191323092,iv z-score vs own 12m
2020-01-01,0.04104043977027198,0.004682616934967572,0.0013164293615706847,iv z-score vs own 12m
2020-02-01,0.7258067411411329,-0.030729981758463643,-0.03552857254248595,iv z-score vs own 12m
2020-03-01,0.3380296464396527,0.07589094149782354,0.039932314741566464,iv z-score vs own 12m
2020-04-01,0.20809290143495746,0.07958113064705429,0.05888827923883168,iv z-score vs own 12m
2020-05-01,-0.14319626088762163,-0.04283426030587738,-0.02559992321939485,iv z-score vs own 12m
2020-06-01,0.22795241135884775,0.02858646222856606,0.03515432120084362,iv z-score vs own 12m
2020-07-01,0.39101738194668373,0.05017961172880259,0.05312137800879207,iv z-score vs own 12m
2020-08-01,-0.03028212390726058,0.0009918426536077356,0.005918837287425812,iv z-score vs own 12m
2020-09-01,-0.22154869800587243,-0.012209159711815541,-0.007902917676256485,iv z-score vs own 12m
2020-10-01,0.08007601045158513,0.019033032861532313,0.017182821795552788,iv z-score vs own 12m
2020-11-01,0.40755037000343475,0.03489458629450348,0.03684842589095493,iv z-score vs own 12m
2020-12-01,-0.05555063213923957,-0.01736836148855604,-0.007346760141949679,iv z-score vs own 12m
2021-01-01,-0.07182728888016848,0.0019846728975814742,0.0004643103912457987,iv z-score vs own 12m
2021-02-01,0.0444785196748137,-0.008832592101536304,0.005371079945265185,iv z-score vs own 12m
2021-03-01,-0.1003027787459301,-0.0011000768907370624,-0.0010458217914443412,iv z-score vs own 12m
2021-04-01,0.026693542951636284,0.019758969936150343,0.01465606359746395,iv z-score vs own 12m
2021-05-01,0.0764739124302243,-0.0011269427503900198,-0.002135331804405694,iv z-score vs own 12m
2021-06-01,0.07611269852415146,0.005279513428984693,0.004679047557082279,iv z-score vs own 12m
2021-07-01,0.2274226399465238,0.00818450695791115,0.017344947121241155,iv z-score vs own 12m
2021-08-01,0.004227756806292775,0.0029519782409396307,-0.0010444757785138111,iv z-score vs own 12m
2021-09-01,-0.12689952635211477,-0.013760587790806496,-0.010626676114787174,iv z-score vs own 12m
2021-10-01,0.10911055170649563,-0.00461993246663657,-0.004057143241818887,iv z-score vs own 12m
2021-11-01,0.14072334452988544,0.013404276926189226,0.01935336166998579,iv z-score vs own 12m
2021-12-01,-0.6220593970489391,-0.047248656201706665,-0.0647132683048478,iv z-score vs own 12m
2022-01-01,-0.2450489661096864,0.0010288168219830945,-0.012922829680231344,iv z-score vs own 12m
2022-02-01,-0.18515489191895104,-0.015775600577996363,-0.010459518453250943,iv z-score vs own 12m
2022-03-01,0.22092035920258626,0.018273745208625042,0.010000986891462109,iv z-score vs own 12m
2022-04-01,0.1658398082860204,-0.013317425361781453,-0.004159868820047277,iv z-score vs own 12m
2022-05-01,0.5814336563382491,0.03317116616443637,0.050868130544084504,iv z-score vs own 12m
2022-06-01,0.23523875650502973,0.037087575505747414,0.03660647751316035,iv z-score vs own 12m
2022-07-01,-0.38948892975717636,-0.01568876854686024,-0.018706711300107304,iv z-score vs own 12m
2022-08-01,0.3586830700767463,0.01937561232092757,0.02541521165962792,iv z-score vs own 12m
2022-09-01,-0.29030310256948605,-0.012097715919326605,-0.012893722968821726,iv z-score vs own 12m
2022-10-01,-0.2911533179949106,-0.01824807027642191,-0.01818105341841357,iv z-score vs own 12m
2022-11-01,0.35086303848207334,0.02683125428530712,0.02656439488475928,iv z-score vs own 12m
2022-12-01,-0.3570630942454567,-0.027217579835710992,-0.023190449681507064,iv z-score vs own 12m
2023-01-01,0.2081957624178801,0.024306497559747252,0.01444795355457607,iv z-score vs own 12m
2023-02-01,0.4018168609696724,0.023647297657554616,0.019189122031280953,iv z-score vs own 12m
2023-03-01,0.4318071652481817,0.03100138019037047,0.03282916226523981,iv z-score vs own 12m
2023-04-01,0.11079743096022697,0.026955561337560514,0.016158716087962783,iv z-score vs own 12m
2023-05-01,0.006776334375100598,0.028504385710842652,0.022085481727689486,iv z-score vs own 12m
2023-06-01,0.21467865616083237,0.005373688050410012,0.009865189966917091,iv z-score vs own 12m
2023-07-01,0.3960782291330035,0.0280608224592361,0.017520263592650933,iv z-score vs own 12m
2023-08-01,0.02624712509114968,0.012798731557084626,0.010358273373371146,iv z-score vs own 12m
2023-09-01,0.40894484850157997,0.0137636379534945,0.025411676767403215,iv z-score vs own 12m
2023-10-01,0.25031439111543935,0.03112424500793464,0.022914379444307742,iv z-score vs own 12m
2023-11-01,-0.34746025611055675,-0.025669360838225408,-0.0240326151029301,iv z-score vs own 12m
2023-12-01,-0.14078960671591326,-0.014923460864614385,-0.012428280306356345,iv z-score vs own 12m
2024-01-01,-0.033308828537904955,0.011214495646523588,0.011793478215572613,iv z-score vs own 12m
2024-02-01,-0.16362023558522112,-0.002284519429306732,-0.005593814630688526,iv z-score vs own 12m
2024-03-01,-0.35245664693183676,-0.03258555808504435,-0.04303029218489041,iv z-score vs own 12m
2024-04-01,-0.47911962852546297,-0.01757270430287524,-0.027158715403365518,iv z-score vs own 12m
2024-05-01,-0.1695447388079348,-0.015080266072382253,-0.01788895984298353,iv z-score vs own 12m
2024-06-01,-0.9827799110798892,-0.07678952085488731,-0.0954529580981823,iv z-score vs own 12m
2024-07-01,0.042022412997160516,0.013275673147060156,0.013855234890040187,iv z-score vs own 12m
2024-08-01,0.3637273929959426,0.02167637559361145,0.02113955459899017,iv z-score vs own 12m
2024-09-01,-0.20209653380361653,-0.009382477734676455,-0.010496696549359768,iv z-score vs own 12m
2024-10-01,0.027524133187720456,-0.0031649801738928545,-0.005289229655492299,iv z-score vs own 12m
2024-11-01,0.2606734491625908,0.02296034555495968,0.019483535781596676,iv z-score vs own 12m
2024-12-01,-0.26598586132690044,-0.010631409260093512,-0.012399580534485899,iv z-score vs own 12m
2025-01-01,-0.1363446544311811,-0.012761230842453767,-0.00519915863696765,iv z-score vs own 12m
2025-02-01,-0.04651055812963696,-0.005017699840857815,-0.0055774210087363675,iv z-score vs own 12m
2025-03-01,0.45884278354569413,0.030638644542863743,0.012136329927193254,iv z-score vs own 12m
2025-04-01,-0.369766541577837,-0.011153215368185934,-0.018052092824254764,iv z-score vs own 12m
2025-05-01,0.09016100850041334,0.003861702426947327,0.004122682642119586,iv z-score vs own 12m
2025-06-01,0.021144553210804055,-0.0015455308432091577,0.0011974555063259207,iv z-score vs own 12m
2025-07-01,-0.017101743779008305,0.01691546393330318,0.014920872804854182,iv z-score vs own 12m
2025-08-01,0.2696623421247507,0.03626759697029082,0.03350659184747245,iv z-score vs own 12m
2025-09-01,-0.27317090466880506,-0.015466656359770849,-0.019092230363296454,iv z-score vs own 12m
2025-10-01,-0.00595853970453511,0.0022272873064793086,0.0014959014806919142,iv z-score vs own 12m
2025-11-01,-0.060229471451690164,0.002384294214814815,-0.006425381208400038,iv z-score vs own 12m
2017-10-01,-0.7317390577542944,-0.034926641726503595,-0.033243196742996535,rank(hv/iv) + rank(iv history)
2017-11-01,0.4348286037232004,0.029558006587200657,0.02731849870839495,rank(hv/iv) + rank(iv history)
2017-12-01,0.9419509541660613,0.05806157292820876,0.05387170297358581,rank(hv/iv) + rank(iv history)
2018-01-01,0.18083083185214277,0.01599589587169473,0.016775891483246368,rank(hv/iv) + rank(iv history)
2018-02-01,-0.2522610032779141,-0.013585450504755507,-0.010599442008953157,rank(hv/iv) + rank(iv history)
2018-03-01,0.03748090700104237,0.0013625057059208946,0.003056980145171277,rank(hv/iv) + rank(iv history)
2018-04-01,0.03632796399706001,0.007833156267593752,0.003885304129900657,rank(hv/iv) + rank(iv history)
2018-05-01,0.13765125237351664,0.00012950221176087282,0.010029863600110024,rank(hv/iv) + rank(iv history)
2018-06-01,0.009232956371022324,-0.0012056092515408748,0.00023203080711488994,rank(hv/iv) + rank(iv history)
2018-07-01,0.04248720127419245,0.010524634850444269,0.00811870713129293,rank(hv/iv) + rank(iv history)
2018-08-01,-0.0051700653112714545,0.0048121562578343,0.0011421181367683355,rank(hv/iv) + rank(iv history)
2018-09-01,-0.12612538240762228,-0.01577812908377669,-0.012751069448389656,rank(hv/iv) + rank(iv history)
2018-10-01,-0.01665430868890337,0.003083502799831831,-2.716879009379003e-6,rank(hv/iv) + rank(iv history)
2018-11-01,0.547990453575038,0.05016324737850314,0.031115257561593664,rank(hv/iv) + rank(iv history)
2018-12-01,-0.6371086698594597,-0.029625696632227173,-0.049606417110817286,rank(hv/iv) + rank(iv history)
2019-01-01,-0.40570718844682313,-0.017277265155961702,-0.02214312510397751,rank(hv/iv) + rank(iv history)
2019-02-01,0.06818160304956757,0.006850926666749932,0.0020089146803433807,rank(hv/iv) + rank(iv history)
2019-03-01,-0.13484782045750682,-0.022829018858566343,-0.023019723449538575,rank(hv/iv) + rank(iv history)
2019-04-01,-0.046160260855973995,0.0069992423701808375,0.011503310389902311,rank(hv/iv) + rank(iv history)
2019-05-01,0.12296117399132571,0.0064204514315387064,0.007116948807742387,rank(hv/iv) + rank(iv history)
2019-06-01,-0.2628134548359523,-0.012549906040092351,-0.005085912259702273,rank(hv/iv) + rank(iv history)
2019-07-01,-0.03875384914386487,-0.021575813257986638,-0.009610797560820214,rank(hv/iv) + rank(iv history)
2019-08-01,-0.21786011994571908,-0.022166373392434893,-0.01328997025877759,rank(hv/iv) + rank(iv history)
2019-09-01,0.034184698552188225,0.0003340461529895526,0.0011041079561577866,rank(hv/iv) + rank(iv history)
2019-10-01,0.24822455988840983,0.00923605387729332,0.01396923439764419,rank(hv/iv) + rank(iv history)
2019-11-01,0.06627699629561346,0.014199794782243206,0.013175459680693289,rank(hv/iv) + rank(iv history)
2019-12-01,0.04951780797051947,0.005308538993058034,0.002998602989332978,rank(hv/iv) + rank(iv history)
2020-01-01,-0.04895029164533007,-0.01008473492884603,-0.009034187643267454,rank(hv/iv) + rank(iv history)
2020-02-01,0.4225403343528633,-0.0007083251991120698,-0.019491934037930314,rank(hv/iv) + rank(iv history)
2020-03-01,0.1308774024525463,0.05486735866940522,0.019264481098546612,rank(hv/iv) + rank(iv history)
2020-04-01,0.12614127027938954,0.09888939279995823,0.07049657750820951,rank(hv/iv) + rank(iv history)
2020-05-01,-0.2753234706387417,-0.05101260395275557,-0.029986016899936557,rank(hv/iv) + rank(iv history)
2020-06-01,0.07576644144587918,0.035426956629989306,0.04086373563429738,rank(hv/iv) + rank(iv history)
2020-07-01,0.48979546413547387,0.08098974417971522,0.07653042450965455,rank(hv/iv) + rank(iv history)
2020-08-01,-0.34608259034387506,-0.010545481842284859,-0.012944992386455892,rank(hv/iv) + rank(iv history)
2020-09-01,0.07608941522479615,0.014693120012637189,0.01228042384287881,rank(hv/iv) + rank(iv history)
2020-10-01,0.4594640480379831,0.04601754132493058,0.043208940141767634,rank(hv/iv) + rank(iv history)
2020-11-01,-0.34996823274669464,-0.010532091895289745,-0.021232027182797972,rank(hv/iv) + rank(iv history)
2020-12-01,-0.1574264350555547,-0.01755957501428667,-0.006266155899643406,rank(hv/iv) + rank(iv history)
2021-01-01,-0.013406727780268413,0.0014867369411676566,-0.0008961913613505963,rank(hv/iv) + rank(iv history)
2021-02-01,-0.06047557561040076,-0.011205019527300204,-0.004616465498200601,rank(hv/iv) + rank(iv history)
2021-03-01,0.01611427042920585,0.003855178792257304,0.0017863239382194755,rank(hv/iv) + rank(iv history)
2021-04-01,0.04179444075778649,0.019783628522532577,0.012614398221455604,rank(hv/iv) + rank(iv history)
2021-05-01,-0.10819063381250092,-0.013261635042179388,-0.016318867168609547,rank(hv/iv) + rank(iv history)
2021-06-01,-0.24074114722475162,-0.011110906030307283,-0.00271929257273855,rank(hv/iv) + rank(iv history)
2021-07-01,0.129350991011956,0.0002939257005876864,0.0015586947562843817,rank(hv/iv) + rank(iv history)
2021-08-01,-0.11653610375953055,-0.004910397350862555,-0.003972484317469608,rank(hv/iv) + rank(iv history)
2021-09-01,-0.17708376899566383,-0.0024179703041572022,-0.008775906330373288,rank(hv/iv) + rank(iv history)
2021-10-01,0.24484363464792983,0.014399527993146043,0.008881310896849322,rank(hv/iv) + rank(iv history)
2021-11-01,-0.07072994845022595,0.010774200786628739,0.01383553409704141,rank(hv/iv) + rank(iv history)
2021-12-01,-0.328243911828794,-0.022957294426338207,-0.037405382372181384,rank(hv/iv) + rank(iv history)
2022-01-01,0.03244527144109327,0.01656674167245922,-0.0005834679304449544,rank(hv/iv) + rank(iv history)
2022-02-01,-0.15421333435081436,-0.016266809889816013,-0.010986085989990707,rank(hv/iv) + rank(iv history)
2022-03-01,0.10238288466574867,0.007340515597620843,0.002895336013438683,rank(hv/iv) + rank(iv history)
2022-04-01,0.2052079453569055,-0.008000250658575625,0.0023076760262759483,rank(hv/iv) + rank(iv history)
2022-05-01,0.3362517084344814,0.015474487851239766,0.033839634873542794,rank(hv/iv) + rank(iv history)
2022-06-01,0.04836174043165431,0.0153343421949555,0.019280726461778593,rank(hv/iv) + rank(iv history)
2022-07-01,-0.32258963523628836,-0.017584526929823534,-0.017811910614344954,rank(hv/iv) + rank(iv history)
2022-08-01,0.18571990352135143,0.004315515091119573,0.012591894851991133,rank(hv/iv) + rank(iv history)
2022-09-01,-0.35377388268338483,-0.02061150752470735,-0.01789623270981898,rank(hv/iv) + rank(iv history)
2022-10-01,-0.3944056085815133,-0.02758311538245347,-0.03171856448847636,rank(hv/iv) + rank(iv history)
2022-11-01,0.12017825762240406,0.006578467174474827,0.002967286005654883,rank(hv/iv) + rank(iv history)
2022-12-01,-0.6239584277756547,-0.03659785330877234,-0.033859013360046056,rank(hv/iv) + rank(iv history)
2023-01-01,0.17547368538233005,0.01579902623744861,0.015128503791702849,rank(hv/iv) + rank(iv history)
2023-02-01,0.16513710581542085,0.004328448321456278,0.006784678882202059,rank(hv/iv) + rank(iv history)
2023-03-01,0.1033815404159272,0.013193698668607208,0.019861456170987304,rank(hv/iv) + rank(iv history)
2023-04-01,0.12880145707930823,0.015483944892137393,0.008397037089711644,rank(hv/iv) + rank(iv history)
2023-05-01,0.14377694427467053,0.032836007029060636,0.03270597898953964,rank(hv/iv) + rank(iv history)
2023-06-01,-0.07024012032386037,-0.010072483350504719,-0.005168675534145264,rank(hv/iv) + rank(iv history)
2023-07-01,0.5358465157203018,0.030133204804538682,0.021771373217894133,rank(hv/iv) + rank(iv history)
2023-08-01,0.07973668399397915,0.01237924218673973,0.014229838952523655,rank(hv/iv) + rank(iv history)
2023-09-01,0.07841281432148767,-0.0032187866624462137,0.005279613697746474,rank(hv/iv) + rank(iv history)
2023-10-01,0.16103360333849168,0.022582026043369886,0.01604640098798612,rank(hv/iv) + rank(iv history)
2023-11-01,-0.13379351655036353,-0.029483781194233664,-0.02240045412312191,rank(hv/iv) + rank(iv history)
2023-12-01,-0.3233952285877739,-0.01944030042081624,-0.015982419106054403,rank(hv/iv) + rank(iv history)
2024-01-01,-0.4029878127574783,-0.02423552974324562,-0.023005075697721315,rank(hv/iv) + rank(iv history)
2024-02-01,-0.2153580918409628,-0.015100534651608077,-0.015383779418008954,rank(hv/iv) + rank(iv history)
2024-03-01,-0.43835715018188826,-0.03792582490681637,-0.05088148227295168,rank(hv/iv) + rank(iv history)
2024-04-01,-0.10782034023276005,0.0007654315256800225,-0.0003227623082661798,rank(hv/iv) + rank(iv history)
2024-05-01,-0.08758381113378422,-0.013053935119148092,-0.016675893155517534,rank(hv/iv) + rank(iv history)
2024-06-01,-0.8035778946711304,-0.06807026263710535,-0.09097644416047083,rank(hv/iv) + rank(iv history)
2024-07-01,-0.20333321043039732,0.0015108605219015456,0.002207602620178396,rank(hv/iv) + rank(iv history)
2024-08-01,0.32130681581515164,0.022968987106776563,0.019250232560302876,rank(hv/iv) + rank(iv history)
2024-09-01,-0.32592913296615,-0.018621674612036954,-0.019894998346011585,rank(hv/iv) + rank(iv history)
2024-10-01,-0.06290828398063611,-0.011813921492257467,-0.012121796659599601,rank(hv/iv) + rank(iv history)
2024-11-01,0.14861591476157365,0.016440567603121216,0.015866739120689317,rank(hv/iv) + rank(iv history)
2024-12-01,-0.1725073397970001,-0.011494117236268609,-0.004051213183786525,rank(hv/iv) + rank(iv history)
2025-01-01,-0.31084500802096626,-0.019430183235747765,-0.016924771736080597,rank(hv/iv) + rank(iv history)
2025-02-01,-0.20653266285129504,-0.01615595608287205,-0.015287523590873923,rank(hv/iv) + rank(iv history)
2025-03-01,0.7103106124108982,0.045819824671489595,0.03199499266703061,rank(hv/iv) + rank(iv history)
2025-04-01,-0.09145849363180708,0.011527317773056073,0.009584789810812087,rank(hv/iv) + rank(iv history)
2025-05-01,0.03417323993258696,0.0014445689534690557,-0.0005076190900456991,rank(hv/iv) + rank(iv history)
2025-06-01,-0.03363165524060083,-0.010363145919588587,-0.008103608097849999,rank(hv/iv) + rank(iv history)
2025-07-01,-0.41286349397441346,-0.0220698604908633,-0.015859801531959063,rank(hv/iv) + rank(iv history)
2025-08-01,0.2668611766179315,0.030648294189673908,0.02424213245115,rank(hv/iv) + rank(iv history)
2025-09-01,-0.22056888977522515,-0.00858080066893052,-0.013718407667522935,rank(hv/iv) + rank(iv history)
2025-10-01,-0.12206763419014804,0.00094037621155303,-0.007660799699868997,rank(hv/iv) + rank(iv history)
2025-11-01,-0.1322255576790469,-0.0016354349526979985,-0.009819427466860648,rank(hv/iv) + rank(iv history)
2017-10-01,-0.5540966183368636,-0.0697959383284184,-0.050595564516067386,"combined, ex-earnings"
2017-11-01,0.13126322329867082,0.00457032720604403,0.007752358857105055,"combined, ex-earnings"
2017-12-01,0.8285499111538224,0.03572466938277672,0.04288365340436982,"combined, ex-earnings"
2018-01-01,0.08514553586321369,0.017047915102827688,0.023258778918673506,"combined, ex-earnings"
2018-02-01,-0.13571054530349855,-0.007451122707567628,-0.007503636156107661,"combined, ex-earnings"
2018-03-01,0.20588084304945697,0.007889724041495204,0.012292647764891963,"combined, ex-earnings"
2018-04-01,0.1323515005777957,0.0173710036651027,0.00953332807098944,"combined, ex-earnings"
2018-05-01,0.25160414677294207,0.010061073296896077,0.01614327337527044,"combined, ex-earnings"
2018-06-01,0.12618211008328664,0.005890910108098885,0.005208837376001603,"combined, ex-earnings"
2018-07-01,-0.0021196986802962114,0.008894735313520643,0.00816392837692934,"combined, ex-earnings"
2018-08-01,0.06322297344594338,0.006247986392160648,0.00631626513951517,"combined, ex-earnings"
2018-09-01,-0.14606459339805228,-0.015166995186237358,-0.012862563301352534,"combined, ex-earnings"
2018-10-01,0.09604883032176595,0.007099350701524033,0.00805363159493647,"combined, ex-earnings"
2018-11-01,0.3259318822332057,0.03320840537188536,0.018292788011041332,"combined, ex-earnings"
2018-12-01,-0.5261337912859333,-0.026521492999463894,-0.03956545993333902,"combined, ex-earnings"
2019-01-01,-0.3882443592097091,-0.011977862040613883,-0.020965189525045773,"combined, ex-earnings"
2019-02-01,0.40596414372875944,0.02798748393695015,0.028538976776484794,"combined, ex-earnings"
2019-03-01,-0.12858542588596322,-0.017822172567416316,-0.023036021558700572,"combined, ex-earnings"
2019-04-01,-0.1735062469853847,-0.0039173360488626175,0.002699770507391439,"combined, ex-earnings"
2019-05-01,-0.04133307099504037,-0.00017003267879364507,0.0017710630534841319,"combined, ex-earnings"
2019-06-01,-0.2662237693402416,-0.011625624991164348,-0.003153459510368795,"combined, ex-earnings"
2019-07-01,-0.15434750002583908,-0.05838079397067956,-0.07004018009009214,"combined, ex-earnings"
2019-08-01,-0.26732997429093514,-0.026517966063005285,-0.019954754542383074,"combined, ex-earnings"
2019-09-01,-0.20977682572777098,-0.019738943892823088,-0.011694132092026223,"combined, ex-earnings"
2019-10-01,-0.17713383140376418,-0.01566178034307822,-0.011178409615701379,"combined, ex-earnings"
2019-11-01,-0.017851388161263637,-0.0017750370415470919,0.008333331351928645,"combined, ex-earnings"
2019-12-01,0.11743158242730317,0.009636941079297433,0.0066793611644597175,"combined, ex-earnings"
2020-01-01,-0.5438632219611038,-0.0417262290481442,-0.03531578205361013,"combined, ex-earnings"
2020-02-01,-0.22190346243623305,-0.013913893375549768,-0.012857893258222564,"combined, ex-earnings"
2020-03-01,0.05586038796726822,0.023107556710385183,0.01610573441970211,"combined, ex-earnings"
2020-04-01,0.07224383447327187,0.12235148175936442,0.07529087612431454,"combined, ex-earnings"
2020-05-01,-0.44607102188427006,-0.09206989319369704,-0.060155454181554754,"combined, ex-earnings"
2020-06-01,0.23825459811212324,0.04774151859734968,0.0506837432670754,"combined, ex-earnings"
2020-07-01,0.20017649372577584,0.087789479073935,0.0864027213120334,"combined, ex-earnings"
2020-08-01,-0.28837472127210706,-0.00969599970800649,-0.007613567431415707,"combined, ex-earnings"
2020-09-01,0.021995291165440814,0.0065723141690912645,0.004809462100438686,"combined, ex-earnings"
2020-10-01,0.48697455939129997,0.05106025663869877,0.042749891261516175,"combined, ex-earnings"
2020-11-01,-0.5909226012870167,-0.018467765060732968,-0.033714045414864294,"combined, ex-earnings"
2020-12-01,-0.13651629008802751,-0.010408194912315732,-0.0026567594847308924,"combined, ex-earnings"
2021-01-01,0.017777644833445405,-0.005341931822471696,-0.006843587639495236,"combined, ex-earnings"
2021-02-01,-0.14980380844567112,-0.022749787201593506,-0.01152236782856409,"combined, ex-earnings"
2021-03-01,-0.04492375492651317,-0.0013321517533615539,-0.0006527975700877254,"combined, ex-earnings"
2021-04-01,0.18420587046963177,0.025280719732820034,0.020030844553849653,"combined, ex-earnings"
2021-05-01,0.03612506621010324,-0.004420435756747181,-0.007210589914821257,"combined, ex-earnings"
2021-06-01,-0.2893091150895517,-0.015120523087046072,-0.0054544966142210435,"combined, ex-earnings"
2021-07-01,0.4421828985724459,0.028704040357619365,0.022422203659599235,"combined, ex-earnings"
2021-08-01,-0.16035988894430253,-0.004443310702355633,-0.004295809316988055,"combined, ex-earnings"
2021-09-01,-0.20042991535905855,0.0015511500375091913,-0.00647148556666925,"combined, ex-earnings"
2021-10-01,0.016379035697912547,-0.0379971319391829,-0.03779025854749557,"combined, ex-earnings"
2021-11-01,-0.08196987016151353,0.010452087709463488,0.010880531092573672,"combined, ex-earnings"
2021-12-01,-0.23795086289100406,-0.014029142521745844,-0.02282125275952526,"combined, ex-earnings"
2022-01-01,-0.1360865700583308,0.0029179428601627116,-0.0032322223095781477,"combined, ex-earnings"
2022-02-01,-0.3682777866594297,-0.033210390131073526,-0.029998391112935962,"combined, ex-earnings"
2022-03-01,0.008625159089577117,0.0020453267830274,-0.007193290373199444,"combined, ex-earnings"
2022-04-01,0.4140692053496022,0.00869573477232272,0.013317786282176787,"combined, ex-earnings"
2022-05-01,0.09445398482301942,-0.01073368284657603,0.011949590921573928,"combined, ex-earnings"
2022-06-01,-0.0616312376510543,-0.010009409418695853,0.0008000396451601638,"combined, ex-earnings"
2022-07-01,-0.13422406068006534,0.03034552355196213,0.01779761227883364,"combined, ex-earnings"
2022-08-01,0.1044934167221617,0.006954458801517956,0.022528601290022668,"combined, ex-earnings"
2022-09-01,-0.2554748476145604,-0.009356959712662786,-0.01847328723184301,"combined, ex-earnings"
2022-10-01,-0.30191551242008374,-0.04636682334172376,-0.05913642370077875,"combined, ex-earnings"
2022-11-01,0.27887752941305194,0.011613185128770364,0.008778189227173097,"combined, ex-earnings"
2022-12-01,-0.4898312765217949,-0.03187664352411752,-0.028720236942219757,"combined, ex-earnings"
2023-01-01,0.23516745121941346,0.03312037670255036,0.02282416251183891,"combined, ex-earnings"
2023-02-01,0.04633747662782994,-0.012404335257129834,-0.002601123422217931,"combined, ex-earnings"
2023-03-01,0.12331130524559153,0.005884026498705987,0.014474719393243404,"combined, ex-earnings"
2023-04-01,0.14966900034990194,0.0317657061437349,0.019027011089780436,"combined, ex-earnings"
2023-05-01,0.592283374222496,0.07273169166368634,0.061738951206508755,"combined, ex-earnings"
2023-06-01,-0.0826287307774517,-0.01863526641254736,-0.00536304768608375,"combined, ex-earnings"
2023-07-01,0.13509245764183694,-0.0013525787170512067,-0.008584915216800527,"combined, ex-earnings"
2023-08-01,-0.11464973274198614,-0.004501720607721176,-0.0014637495320975226,"combined, ex-earnings"
2023-09-01,-0.12106223362666296,-0.015719446986820436,-0.015038157234410203,"combined, ex-earnings"
2023-10-01,0.6376301103834976,0.05596828870559594,0.049792197449996564,"combined, ex-earnings"
2023-11-01,-0.37131445909653804,-0.05391125739015764,-0.04422661235747355,"combined, ex-earnings"
2023-12-01,-0.3493037853244506,-0.018746253611461067,-0.01611864797533189,"combined, ex-earnings"
2024-01-01,0.07530618071453138,0.02179405589718691,0.018806744719965872,"combined, ex-earnings"
2024-02-01,-0.814099891749068,-0.026844692567218546,-0.02785685262114604,"combined, ex-earnings"
2024-03-01,-0.4728196635930231,-0.03575173669487361,-0.050247983254933425,"combined, ex-earnings"
2024-04-01,0.5501483519584548,0.027640189353043076,0.022936676528162545,"combined, ex-earnings"
2024-05-01,-0.013845530310290843,0.007325028048072504,0.002274885781862846,"combined, ex-earnings"
2024-06-01,-1.0300530800469163,-0.07444864268989954,-0.11299078578158019,"combined, ex-earnings"
2024-07-01,-0.4665437244697566,-0.014306263280107562,-0.00787048687782196,"combined, ex-earnings"
2024-08-01,0.29789469491811094,0.0026191335959927444,0.005922398815640033,"combined, ex-earnings"
2024-09-01,-0.5025510628251685,-0.032938808369240964,-0.039242410270521944,"combined, ex-earnings"
2024-10-01,0.1696725345382154,-0.0072736384110275755,0.0013800786473485427,"combined, ex-earnings"
2024-11-01,0.5286983623340654,0.04671118334924469,0.05323524899141026,"combined, ex-earnings"
2024-12-01,-0.08028774874324085,-0.0003735563680459604,0.00442648215134458,"combined, ex-earnings"
2025-01-01,-0.2803297045486308,-0.021179153134883288,-0.016330933277306937,"combined, ex-earnings"
2025-02-01,-0.14903221497582408,0.0015503427022531633,-0.0006087455207698048,"combined, ex-earnings"
2025-03-01,0.534303432141168,0.038266198484059155,0.01809922387658079,"combined, ex-earnings"
2025-04-01,-0.42510051051661935,-0.012862105670850086,-0.007481773360322248,"combined, ex-earnings"
2025-05-01,0.19102122097927185,0.010436332574651867,0.02007544788127921,"combined, ex-earnings"
2025-06-01,0.42553001610538493,0.013707974097524089,0.024073852020400747,"combined, ex-earnings"
2025-07-01,-0.010995858186300167,0.0020751950103997333,0.008292803655160347,"combined, ex-earnings"
2025-08-01,0.4895947604265458,0.0362008089361925,0.03789293859866287,"combined, ex-earnings"
2025-09-01,-0.13392260738995468,-0.007039869679529322,-0.003566170928870415,"combined, ex-earnings"
2025-10-01,0.14838547465746435,0.001096186788018992,-0.009192812473630737,"combined, ex-earnings"
2025-11-01,0.08453701380889317,0.011198617051406956,0.011658970967852976,"combined, ex-earnings"
2017-10-01,-0.27976982297676223,-0.018789261301273324,-0.020208296712610235,"baseline, zero-delta straddle"
2017-11-01,0.358601973532385,0.024381191293927112,0.019177168732000607,"baseline, zero-delta straddle"
2017-12-01,0.5285036907456021,0.03578802420213124,0.026843118154175588,"baseline, zero-delta straddle"
2018-01-01,0.2462474506094786,0.018314054742197078,0.019690359897955895,"baseline, zero-delta straddle"
2018-02-01,-0.12650095265380656,-0.01509765323616131,-0.012709984865411651,"baseline, zero-delta straddle"
2018-03-01,-0.1538886932965473,-0.015609431408721345,-0.01308129828685044,"baseline, zero-delta straddle"
2018-04-01,-0.019193193906978046,0.002978248623628676,0.0017101370354913239,"baseline, zero-delta straddle"
2018-05-01,0.07515404966783218,0.004035961653904248,0.011548537307214005,"baseline, zero-delta straddle"
2018-06-01,0.05627997777239628,0.0016363341125995388,0.003650311766898449,"baseline, zero-delta straddle"
2018-07-01,0.07985469793049643,0.01284711821460732,0.007551281947807079,"baseline, zero-delta straddle"
2018-08-01,-0.017740213447636766,0.002461973782425792,-0.0015197609367532065,"baseline, zero-delta straddle"
2018-09-01,-0.04749859271381118,-0.01096046881980885,-0.01711572231282548,"baseline, zero-delta straddle"
2018-10-01,0.10365593959419295,0.012668919601526572,0.009480329357373727,"baseline, zero-delta straddle"
2018-11-01,0.45998389096961434,0.052386509481836034,0.0334635514726419,"baseline, zero-delta straddle"
2018-12-01,-0.5244583411998701,-0.03886230281349167,-0.06363882889846265,"baseline, zero-delta straddle"
2019-01-01,-0.10544302131717498,-0.00818911028264074,-0.01383289732233346,"baseline, zero-delta straddle"
2019-02-01,0.01982769483144088,0.008054584049356231,0.002899370276804176,"baseline, zero-delta straddle"
2019-03-01,-0.2455956909539235,-0.020182754349099635,-0.017215276503993897,"baseline, zero-delta straddle"
2019-04-01,-0.05960847688948133,-0.005306492750447358,-0.004057620010766569,"baseline, zero-delta straddle"
2019-05-01,-0.09058513397824197,-0.006454290286069918,-0.007137271580358737,"baseline, zero-delta straddle"
2019-06-01,-0.1194507904124828,-0.01184900934473479,-0.005903024290646065,"baseline, zero-delta straddle"
2019-07-01,0.27924867848116847,0.002018181692652398,0.006505646044706069,"baseline, zero-delta straddle"
2019-08-01,-0.33648527500622694,-0.03301958870085639,-0.024341837864913937,"baseline, zero-delta straddle"
2019-09-01,-0.04978256600452641,-0.001405741537712335,-0.0008242067762658876,"baseline, zero-delta straddle"
2019-10-01,0.3855041881945025,0.020093129374406864,0.021851031801318928,"baseline, zero-delta straddle"
2019-11-01,0.10237173155887502,0.011472070455585567,0.009645305294699997,"baseline, zero-delta straddle"
2019-12-01,0.16700183796897589,0.010180608064212424,0.003262733259400884,"baseline, zero-delta straddle"
2020-01-01,-0.00307307468990662,-0.0033501231892564196,-0.00045451375886648585,"baseline, zero-delta straddle"
2020-02-01,0.13131303706047714,0.011848943475441215,-0.005483808469958079,"baseline, zero-delta straddle"
2020-03-01,0.5096066713899092,0.08589698917367117,0.0512320183462414,"baseline, zero-delta straddle"
2020-04-01,0.1805841613284085,0.07751779208564327,0.054324628404926856,"baseline, zero-delta straddle"
2020-05-01,-0.20222224159315907,-0.03490453007800915,-0.025812594663285712,"baseline, zero-delta straddle"
2020-06-01,0.1295970446340278,0.03437238935177433,0.03370673090908992,"baseline, zero-delta straddle"
2020-07-01,0.35566385271486556,0.06270646948126869,0.05503654123819377,"baseline, zero-delta straddle"
2020-08-01,-0.44822981247370985,-0.023102201695684325,-0.022093438534071128,"baseline, zero-delta straddle"
2020-09-01,0.4363036839131671,0.0361031439904941,0.034561829954258966,"baseline, zero-delta straddle"
2020-10-01,0.3901857066978402,0.055084709719015704,0.04608733621241691,"baseline, zero-delta straddle"
2020-11-01,-0.493434491395337,-0.029709525613130644,-0.047136705069141666,"baseline, zero-delta straddle"
2020-12-01,0.0036771833832426604,0.0017068714722311218,0.0030724667284901305,"baseline, zero-delta straddle"
2021-01-01,-0.1934437807107538,-0.006059800950033049,-0.011848286144300259,"baseline, zero-delta straddle"
2021-02-01,-0.2660400830376758,-0.021258888844426938,-0.013699377448571743,"baseline, zero-delta straddle"
2021-03-01,0.15903227141735768,0.008025546463830602,0.001709352863530288,"baseline, zero-delta straddle"
2021-04-01,0.16063243794428375,0.01752042459239766,0.0069964679717926855,"baseline, zero-delta straddle"
2021-05-01,-0.0010573893664586331,-0.002236962510501017,-0.006176670558253083,"baseline, zero-delta straddle"
2021-06-01,-0.19845053548477987,-0.009312726826717523,-0.00040836182773762095,"baseline, zero-delta straddle"
2021-07-01,-0.13589763735953586,-0.013863424525790192,-0.012349038816802368,"baseline, zero-delta straddle"
2021-08-01,-0.16971388507221305,-0.007835279916394728,-0.01257057646935,"baseline, zero-delta straddle"
2021-09-01,0.07731826415692121,0.014246635307081517,0.005468871484279819,"baseline, zero-delta straddle"
2021-10-01,0.5055866296975108,0.03122316597050477,0.024345158613712232,"baseline, zero-delta straddle"
2021-11-01,0.00816414114424853,-0.0025945653839329714,-0.0009812175716942036,"baseline, zero-delta straddle"
2021-12-01,-0.10433930063846701,0.006502910945698867,8.430647426118168e-6,"baseline, zero-delta straddle"
2022-01-01,-0.008337360599480259,0.01161303996419507,-0.0008219385188218548,"baseline, zero-delta straddle"
2022-02-01,-0.15836217943874004,-0.013411334867902365,-0.009937720289537127,"baseline, zero-delta straddle"
2022-03-01,0.33558763716136647,0.016579227321645948,0.01531253804964229,"baseline, zero-delta straddle"
2022-04-01,-0.04308764503697948,-0.018679194119813287,-0.01054569725751444,"baseline, zero-delta straddle"
2022-05-01,0.6295333913899263,0.04085740133972843,0.05018833179719962,"baseline, zero-delta straddle"
2022-06-01,0.3979960358236772,0.04739207463835117,0.04641453911290911,"baseline, zero-delta straddle"
2022-07-01,-0.2505329606125846,-0.021205221629705267,-0.023252779813844115,"baseline, zero-delta straddle"
2022-08-01,0.14350366354394092,0.00456980296379386,0.014881789212512795,"baseline, zero-delta straddle"
2022-09-01,-0.13341564117776725,-0.009429412926383699,-0.006256828148247674,"baseline, zero-delta straddle"
2022-10-01,-0.136205621227383,-0.01419268711455248,-0.016163772944993895,"baseline, zero-delta straddle"
2022-11-01,0.03979316205289307,0.0025138595035208034,0.004715250317263555,"baseline, zero-delta straddle"
2022-12-01,-0.23838640459085467,-0.023467147233458878,-0.02012802496187277,"baseline, zero-delta straddle"
2023-01-01,0.1400727413369803,0.013111043086256408,0.01436815197870607,"baseline, zero-delta straddle"
2023-02-01,0.18783510821126248,0.006314502433988435,0.006758472300807401,"baseline, zero-delta straddle"
2023-03-01,0.043736888807016594,0.005657061585810821,0.010183875452371646,"baseline, zero-delta straddle"
2023-04-01,-0.13403985529053644,-0.008413938682230114,-0.008507388716440958,"baseline, zero-delta straddle"
2023-05-01,0.45696775085086605,0.03501704707034185,0.032382222614842526,"baseline, zero-delta straddle"
2023-06-01,0.09792802696230803,0.0006724323815337553,0.0038128507686563473,"baseline, zero-delta straddle"
2023-07-01,0.28556346561507756,0.014644587513437134,0.008435736225722362,"baseline, zero-delta straddle"
2023-08-01,-0.012595659689779382,0.0025019889817826206,0.005311430853308721,"baseline, zero-delta straddle"
2023-09-01,0.22420014710780828,0.006334473081896767,0.017282266991344625,"baseline, zero-delta straddle"
2023-10-01,0.4322534223162979,0.032501466593058435,0.023767853600722484,"baseline, zero-delta straddle"
2023-11-01,-0.3767330813251051,-0.0332248688927412,-0.025236901351584767,"baseline, zero-delta straddle"
2023-12-01,-0.23321515884557595,-0.012732020751683257,-0.012616566393497727,"baseline, zero-delta straddle"
2024-01-01,-0.11062317636491728,-0.006870716977474836,-0.004409358461665522,"baseline, zero-delta straddle"
2024-02-01,-0.30909682409144823,-0.027153578858312592,-0.026025932617278515,"baseline, zero-delta straddle"
2024-03-01,-0.7320141748337827,-0.04647855922394538,-0.06148067060139829,"baseline, zero-delta straddle"
2024-04-01,-0.13465514493947944,-0.0057026445079037865,-0.009775065164764722,"baseline, zero-delta straddle"
2024-05-01,-0.43409262253175773,-0.030360880757291153,-0.03267829587036876,"baseline, zero-delta straddle"
2024-06-01,-0.6299611148367965,-0.03784776613571877,-0.06630241781954649,"baseline, zero-delta straddle"
2024-07-01,0.06685605708858487,0.003255127858802144,0.002245084557100189,"baseline, zero-delta straddle"
2024-08-01,0.21323132422841184,0.017336338059586502,0.016084422409903466,"baseline, zero-delta straddle"
2024-09-01,-0.3041457982739536,-0.017642654668907597,-0.022244094719701582,"baseline, zero-delta straddle"
2024-10-01,0.05225680515244674,0.01635231274972638,0.007878919867123184,"baseline, zero-delta straddle"
2024-11-01,0.6028059131349874,0.03363637552345204,0.03341924799282153,"baseline, zero-delta straddle"
2024-12-01,0.042881190081768605,-0.010686859125216271,-0.0011892615929051213,"baseline, zero-delta straddle"
2025-01-01,-0.493533412117352,-0.031329652257454314,-0.029579667504422223,"baseline, zero-delta straddle"
2025-02-01,-0.0802517090432615,-0.003767003157480669,-0.003748596279932383,"baseline, zero-delta straddle"
2025-03-01,0.5794169234671416,0.034558625815223856,0.03264820194657073,"baseline, zero-delta straddle"
2025-04-01,0.3260574392690711,0.04294059942525555,0.04635774524371528,"baseline, zero-delta straddle"
2025-05-01,-0.07905226276777201,-0.006435176450301472,-0.00698632943528354,"baseline, zero-delta straddle"
2025-06-01,-0.15851859948868596,-0.009787198393463294,-0.008457546789719378,"baseline, zero-delta straddle"
2025-07-01,-0.24270099233521922,-0.01717351035770665,-0.010151036544551986,"baseline, zero-delta straddle"
2025-08-01,0.3916265273667807,0.038028020230527655,0.03209469722064472,"baseline, zero-delta straddle"
2025-09-01,-0.10686971843796625,-0.004827673301729464,-0.009649972006832638,"baseline, zero-delta straddle"
2025-10-01,-0.1323996914637002,-0.003180817768600893,-0.010823888208830738,"baseline, zero-delta straddle"
2025-11-01,-0.2390277722421071,-0.01095900344772031,-0.022561534952182334,"baseline, zero-delta straddle"
2017-10-01,-0.17657482147466727,-0.013169106564513349,-0.013612899786053973,"baseline, exit after 3 sessions"
2017-11-01,0.011284304046380714,0.002338488925571173,0.001624310442769008,"baseline, exit after 3 sessions"
2017-12-01,0.07470483955060353,0.004212996596162947,0.004365826263493714,"baseline, exit after 3 sessions"
2018-01-01,-0.059712982919386454,-0.002760023294821278,-0.003200545465426266,"baseline, exit after 3 sessions"
2018-02-01,-0.0692312182757357,-0.0023109089975014764,-0.003183407886376506,"baseline, exit after 3 sessions"
2018-03-01,-0.033987266177276376,-0.002635861350208305,-0.00046179606002265394,"baseline, exit after 3 sessions"
2018-04-01,0.11427454378586394,0.005932348997952529,0.0054906900502587844,"baseline, exit after 3 sessions"
2018-05-01,-0.1650206743047041,-0.013486205425449548,-0.008760214932272968,"baseline, exit after 3 sessions"
2018-06-01,-0.12416352115938528,-0.006414507968772966,-0.006245167172681749,"baseline, exit after 3 sessions"
2018-07-01,-0.005835960756343897,0.0001254354159373923,-0.0004923926513031149,"baseline, exit after 3 sessions"
2018-08-01,-0.015163561545810552,0.0026664833549700593,-0.0002965739574687102,"baseline, exit after 3 sessions"
2018-09-01,0.08241904443859757,0.004271018066285606,0.003563735848996692,"baseline, exit after 3 sessions"
2018-10-01,0.06349965157365137,-0.002664691932305837,-0.004074786197083288,"baseline, exit after 3 sessions"
2018-11-01,0.05504342737848163,0.010413176322320685,0.008295473998606119,"baseline, exit after 3 sessions"
2018-12-01,0.006830551549288633,0.005180680335225261,0.007539176698349715,"baseline, exit after 3 sessions"
2019-01-01,-0.037888329263958596,0.0020290462510012654,0.0014526684988262967,"baseline, exit after 3 sessions"
2019-02-01,-0.08525107763113841,-0.007287825704486719,-0.01030914520811356,"baseline, exit after 3 sessions"
2019-03-01,0.051717583784387906,0.0029104215594433812,0.0032771829300374308,"baseline, exit after 3 sessions"
2019-04-01,0.007725817085464215,0.0028526056691685346,0.0016558589826200917,"baseline, exit after 3 sessions"
2019-05-01,0.044277269070042084,0.0022865585483194647,0.0006660852804708968,"baseline, exit after 3 sessions"
2019-06-01,-0.0039019773648431566,0.0006059105669794663,0.004123948554396445,"baseline, exit after 3 sessions"
2019-07-01,-0.07266895623961195,-0.0038010312581120025,-0.0037249035239427125,"baseline, exit after 3 sessions"
2019-08-01,0.004619510207580203,-0.0012069778474705622,-0.0022037282984601636,"baseline, exit after 3 sessions"
2019-09-01,-0.00031538806417399923,0.0018473426767245816,-0.0016261898617700322,"baseline, exit after 3 sessions"
2019-10-01,-0.01908290818407916,0.000500858877339011,0.0007383329962547911,"baseline, exit after 3 sessions"
2019-11-01,-0.008610860509688657,-0.001874737245770771,-0.00032686120755548095,"baseline, exit after 3 sessions"
2019-12-01,0.011836790795396457,0.0010387210100472164,0.0005269216548894921,"baseline, exit after 3 sessions"
2020-01-01,0.08990391131642006,0.0029413547137806728,0.0024159287601419697,"baseline, exit after 3 sessions"
2020-02-01,0.10473397091044478,0.005767640343944717,0.0019471676762204265,"baseline, exit after 3 sessions"
2020-03-01,-0.023858278322000603,0.00340055475699881,-0.005382517066423979,"baseline, exit after 3 sessions"
2020-04-01,0.0013716084518194949,0.023606507766071604,0.014976064199581612,"baseline, exit after 3 sessions"
2020-05-01,0.07393198098707658,0.015244667035202266,0.007316713376706816,"baseline, exit after 3 sessions"
2020-06-01,0.07128551597334414,-0.0024353079580233805,-0.004928645724647256,"baseline, exit after 3 sessions"
2020-07-01,0.02382885730740783,0.005333811426655378,0.004993176834693896,"baseline, exit after 3 sessions"
2020-08-01,-0.037903886713442636,-0.0004807100147393938,-0.003950079005561479,"baseline, exit after 3 sessions"
2020-09-01,0.021352476416704447,0.004955565868395716,0.003742725514797948,"baseline, exit after 3 sessions"
2020-10-01,-0.004150618784188147,-0.0003793600013778393,0.0009358936693000758,"baseline, exit after 3 sessions"
2020-11-01,-0.0942321307446569,0.0029580729904423618,0.0022058038772857407,"baseline, exit after 3 sessions"
2020-12-01,-0.020578705322120833,0.0014799585973545026,-0.0009963767660957044,"baseline, exit after 3 sessions"
2021-01-01,0.059012124225944124,0.0050818616427627744,0.005484826091232544,"baseline, exit after 3 sessions"
2021-02-01,-0.020193461592006915,-0.0006583507117081224,0.0006581664876789654,"baseline, exit after 3 sessions"
2021-03-01,-0.19587267070891193,-0.013100323585052939,-0.0123721071601794,"baseline, exit after 3 sessions"
2021-04-01,-0.12360668604905554,-0.005585526856709759,-0.004072968826243153,"baseline, exit after 3 sessions"
2021-05-01,-0.03494876490815055,-0.0003101483141752649,-0.0008380865788408082,"baseline, exit after 3 sessions"
2021-06-01,0.012162443479761378,0.004035249719529609,0.0004957252949955458,"baseline, exit after 3 sessions"
2021-07-01,-0.010996393213093668,-0.0017997954960077079,-0.0013449699782931974,"baseline, exit after 3 sessions"
2021-08-01,0.023220334757294077,0.0009730007501431955,0.00032924495181920095,"baseline, exit after 3 sessions"
2021-09-01,0.10558272457278185,0.008559079330426584,0.005585502700586078,"baseline, exit after 3 sessions"
2021-10-01,0.02966451277678319,0.0009803034037232934,0.00033075100950055616,"baseline, exit after 3 sessions"
2021-11-01,-0.04212567937953694,0.0033078122135852678,0.002127229972294407,"baseline, exit after 3 sessions"
2021-12-01,0.031050697252287002,-0.0015035791038758147,-0.0014356949700933966,"baseline, exit after 3 sessions"
2022-01-01,-0.08250525447227244,-0.005087628322419324,-0.0072976712946574394,"baseline, exit after 3 sessions"
2022-02-01,0.004972539528144797,-0.0020857506391824213,-0.0044703441167659435,"baseline, exit after 3 sessions"
2022-03-01,0.008562294003496007,0.00044474471478764656,0.00003429333712135158,"baseline, exit after 3 sessions"
2022-04-01,-0.07751459217524465,-0.014464967051929317,-0.014314575432137615,"baseline, exit after 3 sessions"
2022-05-01,-0.14269975839902918,-0.012130136242959121,-0.011365585174348717,"baseline, exit after 3 sessions"
2022-06-01,-0.07269850716080639,0.0025824505899846983,0.0009455769809135293,"baseline, exit after 3 sessions"
2022-07-01,0.08894921853814597,0.0014167206352474746,0.006279758299533039,"baseline, exit after 3 sessions"
2022-08-01,-0.07236282061014312,-0.005225977996710412,-0.004744937376079571,"baseline, exit after 3 sessions"
2022-09-01,0.05013005771702089,0.0028124120896515954,0.0048500593993570425,"baseline, exit after 3 sessions"
2022-10-01,0.04223830352022734,0.002801407687886387,0.0028166209605691994,"baseline, exit after 3 sessions"
2022-11-01,-0.011534888503648456,0.00014427275209510145,0.0008327192201060679,"baseline, exit after 3 sessions"
2022-12-01,-0.01627842888106359,0.002720100463022157,0.0008799211001714376,"baseline, exit after 3 sessions"
2023-01-01,-0.049425968012297566,-0.0029690905818429117,-0.004143850882203893,"baseline, exit after 3 sessions"
2023-02-01,-0.025339059239038036,0.0014888109790267287,0.00040539630119061296,"baseline, exit after 3 sessions"
2023-03-01,0.020192416162101434,-0.0027225783421481204,-0.006388642191231377,"baseline, exit after 3 sessions"
2023-04-01,-0.16702063175807952,-0.014568563491006253,-0.010124429641640953,"baseline, exit after 3 sessions"
2023-05-01,0.0147845624880064,0.007752455617751021,0.0014608258581804605,"baseline, exit after 3 sessions"
2023-06-01,0.027415737892471963,0.0011362294421132604,0.00003803962940545681,"baseline, exit after 3 sessions"
2023-07-01,-0.0045865198173378335,-0.0014936621494355436,-0.003933327571381596,"baseline, exit after 3 sessions"
2023-08-01,0.031970023950844015,0.0026604407939447043,0.004462680153791349,"baseline, exit after 3 sessions"
2023-09-01,0.06758122338723843,0.0026845741489329887,0.004074840638037871,"baseline, exit after 3 sessions"
2023-10-01,0.012663511173171285,0.0035002518647447418,0.004164518470331002,"baseline, exit after 3 sessions"
2023-11-01,-0.013995499740618186,0.0014365978593625928,-0.00031749714232953957,"baseline, exit after 3 sessions"
2023-12-01,-0.01158476016296528,-0.0006819990625418676,-0.00040720867630082843,"baseline, exit after 3 sessions"
2024-01-01,0.07017624215392511,0.002240621164973162,0.003127809162792085,"baseline, exit after 3 sessions"
2024-02-01,-0.05268070959458841,0.0007522952372531894,-0.000988852936490388,"baseline, exit after 3 sessions"
2024-03-01,-0.050610779419266255,-0.002740085801523631,-0.0062688456292548395,"baseline, exit after 3 sessions"
2024-04-01,-0.026996068589652047,0.0000705231535313793,-0.0007434818767006854,"baseline, exit after 3 sessions"
2024-05-01,0.020647725821492408,0.00321916629554016,0.006020512299508839,"baseline, exit after 3 sessions"
2024-06-01,-0.033699467355511714,-0.009377206211959848,-0.008641093810670896,"baseline, exit after 3 sessions"
2024-07-01,-0.01597383440716088,-0.002991197222584627,-0.001954769223089541,"baseline, exit after 3 sessions"
2024-08-01,0.015265866782490416,0.001389722761707386,-0.0002175093207893608,"baseline, exit after 3 sessions"
2024-09-01,0.003670920521152088,-0.0013295718664986965,-0.0009773068365836728,"baseline, exit after 3 sessions"
2024-10-01,0.02136894507330516,-0.0021495796358093704,-0.0009818204054741835,"baseline, exit after 3 sessions"
2024-11-01,-0.04843275727443644,-0.0030155813762850364,-0.0018580697631429052,"baseline, exit after 3 sessions"
2024-12-01,0.044988399798766586,0.0012779372290647947,0.007329651925665332,"baseline, exit after 3 sessions"
2025-01-01,0.08831350059000095,0.007546083702790828,0.014953284410876018,"baseline, exit after 3 sessions"
2025-02-01,0.08180735403008599,0.006992946937924968,0.0040238233509146595,"baseline, exit after 3 sessions"
2025-03-01,0.1920675941560803,0.007562006631032068,0.007670705515498607,"baseline, exit after 3 sessions"
2025-04-01,0.10692781573328723,0.010772294783348534,0.010044023571538304,"baseline, exit after 3 sessions"
2025-05-01,-0.006593781165531415,-0.0027383912723062294,-0.0055198310492100364,"baseline, exit after 3 sessions"
2025-06-01,0.057509677843893006,0.00016084479611067092,-0.0007637660447385431,"baseline, exit after 3 sessions"
2025-07-01,-0.01376300660921963,0.0013554219331032582,0.002011785509010806,"baseline, exit after 3 sessions"
2025-08-01,0.04965138764957856,0.005036082205358212,0.00458517877962431,"baseline, exit after 3 sessions"
2025-09-01,0.02831438579754763,-0.0007759252361920978,-0.0006785318631866437,"baseline, exit after 3 sessions"
2025-10-01,-0.04427572345858065,-0.0020690485262147063,-0.003272896944687037,"baseline, exit after 3 sessions"
2025-11-01,-0.0199562654991335,0.0031271704386106438,0.00308803107866611,"baseline, exit after 3 sessions"
2017-10-01,-0.18296165451321642,-0.01217025839309964,-0.011700311534301221,"baseline, exit after 5 sessions"
2017-11-01,0.13105009597497064,0.009574065631493236,0.004287563310535544,"baseline, exit after 5 sessions"
2017-12-01,0.056755079374073106,0.0027214742545325073,0.0046773627548139275,"baseline, exit after 5 sessions"
2018-01-01,-0.011382427155022946,0.0020213304723285964,0.0017867128795487617,"baseline, exit after 5 sessions"
2018-02-01,-0.07434843255846538,-0.004677982050836557,-0.004747221295866717,"baseline, exit after 5 sessions"
2018-03-01,-0.005338852717132192,-0.0015720117424557556,0.0011385958164157085,"baseline, exit after 5 sessions"
2018-04-01,0.022250252034517446,0.003674254385603976,0.0007666823350251034,"baseline, exit after 5 sessions"
2018-05-01,-0.1517705672305424,-0.011383535780833063,-0.005415763464514518,"baseline, exit after 5 sessions"
2018-06-01,-0.11238463025695607,-0.0059486976571086776,-0.004035732129049706,"baseline, exit after 5 sessions"
2018-07-01,0.04411233571148361,0.004237670357716538,0.0012442723229227606,"baseline, exit after 5 sessions"
2018-08-01,-0.005725112913162009,0.0054108451472983585,0.0020069236491267505,"baseline, exit after 5 sessions"
2018-09-01,0.05385571820412564,0.0048050655809538465,0.002583618437774886,"baseline, exit after 5 sessions"
2018-10-01,0.07337056599956154,-0.00029983802042531094,0.0010088288360790912,"baseline, exit after 5 sessions"
2018-11-01,-0.03342142219953145,0.0021789565879834494,-0.0003701416617912581,"baseline, exit after 5 sessions"
2018-12-01,-0.13483497993360116,-0.003593846870455183,-0.004945220160443804,"baseline, exit after 5 sessions"
2019-01-01,-0.117065874427923,-0.0025891575901635516,-0.0044268397979961025,"baseline, exit after 5 sessions"
2019-02-01,-0.0398616147100484,-0.0022016440088839908,-0.006676015696416382,"baseline, exit after 5 sessions"
2019-03-01,0.10327106598269153,0.006845550374013574,0.009175074974118794,"baseline, exit after 5 sessions"
2019-04-01,-0.03812426056793791,0.0035202878883693034,0.0024432548806785958,"baseline, exit after 5 sessions"
2019-05-01,0.07298892342651081,0.003509398633197381,0.0035741851463738372,"baseline, exit after 5 sessions"
2019-06-01,-0.06381292127197633,-0.0003308391073633416,0.0023770919824541168,"baseline, exit after 5 sessions"
2019-07-01,-0.048114114782153224,-0.002907563127409256,-0.006503207022755324,"baseline, exit after 5 sessions"
2019-08-01,-0.05633859040636272,-0.007425039955042704,-0.003642408557001011,"baseline, exit after 5 sessions"
2019-09-01,0.00009897761653305734,0.0006166946743602028,-0.0010107535745963558,"baseline, exit after 5 sessions"
2019-10-01,0.03571866161554227,0.0038050392123453675,0.003673968980049004,"baseline, exit after 5 sessions"
2019-11-01,-0.031020685182607713,-0.001730983946936895,-0.002065901805007214,"baseline, exit after 5 sessions"
2019-12-01,0.004502323861646118,0.0006675525743270634,0.0007852941960369889,"baseline, exit after 5 sessions"
2020-01-01,0.10520403512823279,0.0047690960445402174,0.00393924836577088,"baseline, exit after 5 sessions"
2020-02-01,0.09366245799077058,0.005170072762436773,0.0007978938873705946,"baseline, exit after 5 sessions"
2020-03-01,-0.01368008002826504,0.008393704728560426,-0.0074813237078729476,"baseline, exit after 5 sessions"
2020-04-01,-0.14366366617566628,0.000232155637814601,0.002258065583209061,"baseline, exit after 5 sessions"
2020-05-01,-0.10087777735386717,-0.02061036318765555,-0.016919498536639682,"baseline, exit after 5 sessions"
2020-06-01,-0.010163047935445854,0.004491214500960773,0.0054584285906126295,"baseline, exit after 5 sessions"
2020-07-01,0.030199777553851642,0.008167613901506679,0.006167724874170891,"baseline, exit after 5 sessions"
2020-08-01,-0.024423920917876638,0.002016551418356785,-0.004094187227521777,"baseline, exit after 5 sessions"
2020-09-01,-0.006887682561154684,0.005358671053317399,0.004237233919128458,"baseline, exit after 5 sessions"
2020-10-01,0.01514665540918603,0.003146365023805618,0.0034182918849528536,"baseline, exit after 5 sessions"
2020-11-01,-0.1470348580422497,-0.0033350280516005965,-0.005958878225766273,"baseline, exit after 5 sessions"
2020-12-01,-0.05108342798446036,-0.0006183956707761559,-0.002165490159343258,"baseline, exit after 5 sessions"
2021-01-01,0.16922585543376448,0.00959566106896206,0.008670169857680127,"baseline, exit after 5 sessions"
2021-02-01,-0.05526345065241627,-0.003972386382842772,-0.00034833480823003894,"baseline, exit after 5 sessions"
2021-03-01,-0.2302981591630052,-0.018046592172411946,-0.011100777440444453,"baseline, exit after 5 sessions"
2021-04-01,-0.12372193718096833,-0.0028224323958254576,-0.002037443425928384,"baseline, exit after 5 sessions"
2021-05-01,0.06559619467955291,0.008861761848015832,0.006141465264307638,"baseline, exit after 5 sessions"
2021-06-01,-0.005871983394226458,0.0002486946213904011,0.00021790107332765525,"baseline, exit after 5 sessions"
2021-07-01,-0.041702314962687184,-0.004865152436593391,-0.0063521594664595685,"baseline, exit after 5 sessions"
2021-08-01,0.006251776853446744,-0.00031706995940603304,-0.00021555444351898257,"baseline, exit after 5 sessions"
2021-09-01,0.10732347021123546,0.012729510577641923,0.005545640981285066,"baseline, exit after 5 sessions"
2021-10-01,0.032972589207662384,0.0007591402508853912,0.0021404251336194008,"baseline, exit after 5 sessions"
2021-11-01,0.09859796986793029,0.010253878704961673,0.013314919425376864,"baseline, exit after 5 sessions"
2021-12-01,0.03286000591300545,-0.0027361687723218386,-0.0033112477749815436,"baseline, exit after 5 sessions"
2022-01-01,-0.08502820837578633,-0.00855346244465572,-0.011200292457801443,"baseline, exit after 5 sessions"
2022-02-01,-0.0163538381642521,-0.012083708145537124,-0.007357339935861878,"baseline, exit after 5 sessions"
2022-03-01,0.01723998219196951,0.00560010339684804,0.002427048661081669,"baseline, exit after 5 sessions"
2022-04-01,-0.08447136494234364,-0.01601006127475722,-0.013386284290233877,"baseline, exit after 5 sessions"
2022-05-01,-0.13534041537025587,-0.011972333413010731,-0.009574264243582634,"baseline, exit after 5 sessions"
2022-06-01,-0.05177535620350372,0.004645311194384551,0.004227430291328693,"baseline, exit after 5 sessions"
2022-07-01,0.013236940698468442,-0.002598823011087863,0.004221775343018824,"baseline, exit after 5 sessions"
2022-08-01,-0.09532398889393082,-0.007457347261701252,-0.004918944816557709,"baseline, exit after 5 sessions"
2022-09-01,0.02141634693860353,0.0022262054981661457,0.001589328916868131,"baseline, exit after 5 sessions"
2022-10-01,-0.013683115591450128,-0.006401416742748335,-0.004293637947114761,"baseline, exit after 5 sessions"
2022-11-01,0.0011267200334299822,0.0011727028895466892,0.002481705076029017,"baseline, exit after 5 sessions"
2022-12-01,-0.0117042316556209,0.0024655565136448686,0.0031541403595355417,"baseline, exit after 5 sessions"
2023-01-01,-0.023195715286012136,0.001296583467312366,-0.00048545606878148116,"baseline, exit after 5 sessions"
2023-02-01,0.02246294991820809,0.0030670686129014497,0.0010134967831936957,"baseline, exit after 5 sessions"
2023-03-01,0.026001619665031936,0.0008811230257082586,0.00023747736309745124,"baseline, exit after 5 sessions"
2023-04-01,-0.14326581569307456,-0.014802803327841807,-0.010395360919406254,"baseline, exit after 5 sessions"
2023-05-01,0.01580993458124738,0.006067199319333917,0.001787324457210626,"baseline, exit after 5 sessions"
2023-06-01,0.02350566799730591,-0.00041699192546894347,0.00024036589637739747,"baseline, exit after 5 sessions"
2023-07-01,0.007835570435283074,-0.00018488715819065232,-0.0021475261262789654,"baseline, exit after 5 sessions"
2023-08-01,0.0697983334979455,0.006884944054720882,0.007664020300853099,"baseline, exit after 5 sessions"
2023-09-01,0.07720994538731679,0.0038061386496937594,0.00578022989437799,"baseline, exit after 5 sessions"
2023-10-01,-0.051133590701424786,0.003063680093712781,0.0033677236101851728,"baseline, exit after 5 sessions"
2023-11-01,-0.0051108467693821436,-0.00023861622379741255,0.0009916780496302216,"baseline, exit after 5 sessions"
2023-12-01,-0.052420587572255095,-0.003801714900671582,-0.001957411081062138,"baseline, exit after 5 sessions"
2024-01-01,0.0898307693356166,0.004203100820531283,0.00393748043932483,"baseline, exit after 5 sessions"
2024-02-01,-0.11890233371632701,-0.0035074201000532307,-0.0043541481804404815,"baseline, exit after 5 sessions"
2024-03-01,-0.08482556557596696,-0.007607221176537058,-0.011621484511563984,"baseline, exit after 5 sessions"
2024-04-01,-0.073737965998597,-0.0016010298322127157,-0.0026662885761605335,"baseline, exit after 5 sessions"
2024-05-01,0.06805972580561112,0.0030643123344878953,0.006883019200078493,"baseline, exit after 5 sessions"
2024-06-01,0.033603023704051785,-0.006341738425658015,-0.004586071956208074,"baseline, exit after 5 sessions"
2024-07-01,-0.02559860956502659,-0.005201816701697552,-0.005444944302890481,"baseline, exit after 5 sessions"
2024-08-01,0.06230240421182152,0.004106678805449845,0.001318540539712086,"baseline, exit after 5 sessions"
2024-09-01,-0.012582383825743821,0.0022412167956340203,0.0008191875562650221,"baseline, exit after 5 sessions"
2024-10-01,-0.046440641440906545,-0.0072079119358647945,-0.004648490115274094,"baseline, exit after 5 sessions"
2024-11-01,-0.09535134122906894,-0.005703274457884485,-0.0024810020670439836,"baseline, exit after 5 sessions"
2024-12-01,-0.07975807859127206,0.001676570403090835,-0.0020990493006514083,"baseline, exit after 5 sessions"
2025-01-01,0.009264002021396017,0.0024941688625681,0.006573033239149966,"baseline, exit after 5 sessions"
2025-02-01,0.08319931264009992,0.006268690010321721,0.0017024274377390282,"baseline, exit after 5 sessions"
2025-03-01,0.14196693260083015,0.0044428126897455645,0.0037933058987119524,"baseline, exit after 5 sessions"
2025-04-01,0.05130118781643975,0.009478346860260098,0.007790385590011328,"baseline, exit after 5 sessions"
2025-05-01,-0.014106160795713658,-0.002829808707027809,-0.0033881246744951196,"baseline, exit after 5 sessions"
2025-06-01,0.03988932271004244,0.00027650214064890754,0.0002483629449411592,"baseline, exit after 5 sessions"
2025-07-01,0.0021477134197660022,0.004658745704948657,0.003054360527781371,"baseline, exit after 5 sessions"
2025-08-01,0.07843574852318438,0.006364989850010797,0.006739881210286007,"baseline, exit after 5 sessions"
2025-09-01,0.0959849126577574,0.004791397488239835,0.00278897148469264,"baseline, exit after 5 sessions"
2025-10-01,-0.0339056735483966,-0.0007445696514739248,-0.0028284974024015783,"baseline, exit after 5 sessions"
2025-11-01,-0.03651374165726644,0.004465833287801823,0.005211753347502277,"baseline, exit after 5 sessions"
2017-10-01,-0.4563478255623672,-0.02749133855163833,-0.027721039607583736,"baseline, exit after 10 sessions"
2017-11-01,0.12170052845137957,0.015340740943712867,0.006823019399208442,"baseline, exit after 10 sessions"
2017-12-01,0.11743770303109699,0.0069473115022450115,0.008847421102057593,"baseline, exit after 10 sessions"
2018-01-01,0.2718034448313643,0.017721869439262777,0.014876156739016638,"baseline, exit after 10 sessions"
2018-02-01,-0.33698102517272777,-0.022281896171188403,-0.021687810312815636,"baseline, exit after 10 sessions"
2018-03-01,0.0470985915465843,0.004071510737180539,0.004358042194681731,"baseline, exit after 10 sessions"
2018-04-01,-0.11021151530994634,-0.0060039085187144695,-0.006303997083491281,"baseline, exit after 10 sessions"
2018-05-01,0.14698027011379486,0.00903707232370989,0.011445076880061878,"baseline, exit after 10 sessions"
2018-06-01,-0.221635325212488,-0.009299645323990413,-0.012330607758307828,"baseline, exit after 10 sessions"
2018-07-01,-0.027556390638621753,0.002467736269374972,0.0004443584137676848,"baseline, exit after 10 sessions"
2018-08-01,0.019221057823672408,0.0052637618076722525,0.0014254792281844161,"baseline, exit after 10 sessions"
2018-09-01,0.0037614694928190077,0.00011598146053547675,-0.000046075714711077236,"baseline, exit after 10 sessions"
2018-10-01,-0.02117804623772021,0.0050675291284390574,0.00313795889663935,"baseline, exit after 10 sessions"
2018-11-01,-0.027106889743445745,0.00267593575597813,-0.0004920025849845851,"baseline, exit after 10 sessions"
2018-12-01,-0.4045651454114835,-0.01785911147366094,-0.028005701727650385,"baseline, exit after 10 sessions"
2019-01-01,-0.20470805567889247,-0.008702096445907314,-0.011764001558350622,"baseline, exit after 10 sessions"
2019-02-01,0.011412610104587065,0.005985649888563671,-0.0042593550290792245,"baseline, exit after 10 sessions"
2019-03-01,-0.0680120242796747,-0.0022906717641108833,-0.004339919245712058,"baseline, exit after 10 sessions"
2019-04-01,0.02563344075720271,0.007979007480601803,0.008971851348220197,"baseline, exit after 10 sessions"
2019-05-01,0.03136560127383911,0.00106020782559842,-0.0013091430617084869,"baseline, exit after 10 sessions"
2019-06-01,-0.0645934388415293,0.0025796065453247237,0.002956452937509414,"baseline, exit after 10 sessions"
2019-07-01,0.1837095694672201,0.00699904890461414,0.007801168186108241,"baseline, exit after 10 sessions"
2019-08-01,-0.22654955203851138,-0.020213051007313042,-0.014692469131250701,"baseline, exit after 10 sessions"
2019-09-01,-0.010549122176819574,-0.0010904544248488213,-0.0014946834125869135,"baseline, exit after 10 sessions"
2019-10-01,0.008957707587115449,0.0010533893724916834,-0.00036485501698589606,"baseline, exit after 10 sessions"
2019-11-01,0.053134239751881404,0.0023276601466946613,0.0034883137959776473,"baseline, exit after 10 sessions"
2019-12-01,0.04753846303289265,0.0030760375715705654,0.002243082787744389,"baseline, exit after 10 sessions"
2020-01-01,0.007869616370346392,0.0010807324579504454,-0.0017050451722413528,"baseline, exit after 10 sessions"
2020-02-01,0.13094852405471935,0.005461823533890749,-0.004061784873718,"baseline, exit after 10 sessions"
2020-03-01,0.04713700892179845,0.018160275332818776,0.01747890126775526,"baseline, exit after 10 sessions"
2020-04-01,0.010537919130348572,0.041978040252172444,0.024305225581746852,"baseline, exit after 10 sessions"
2020-05-01,0.03491077925321559,-0.012424987468276426,-0.012470328375628776,"baseline, exit after 10 sessions"
2020-06-01,0.06526086601853863,0.017005378474314964,0.01503261301928131,"baseline, exit after 10 sessions"
2020-07-01,0.12545443267778061,0.02372926157068237,0.01900572218250443,"baseline, exit after 10 sessions"
2020-08-01,-0.012631249142675341,0.009141552474312486,0.004666530382921707,"baseline, exit after 10 sessions"
2020-09-01,0.2614165737788694,0.019691493031001178,0.020288780132384096,"baseline, exit after 10 sessions"
2020-10-01,0.10064347180674015,0.011159815605604443,0.0063350148134903765,"baseline, exit after 10 sessions"
2020-11-01,-0.17477779339936664,-0.0018822279436425367,-0.01151236334739399,"baseline, exit after 10 sessions"
2020-12-01,0.0679403919508969,0.00414296752440041,0.0038039415499859005,"baseline, exit after 10 sessions"
2021-01-01,-0.053290002703327816,0.0009350519569713139,0.0016462271131790964,"baseline, exit after 10 sessions"
2021-02-01,-0.09963185234586044,-0.008043534195849477,-0.004062800091542925,"baseline, exit after 10 sessions"
2021-03-01,-0.22917039432114256,-0.010060394219012229,-0.006342282289022135,"baseline, exit after 10 sessions"
2021-04-01,-0.025420534544590208,0.014376707033581217,0.00474137027245916,"baseline, exit after 10 sessions"
2021-05-01,-0.05375604947263815,-0.010068059984269911,-0.0061737501312134745,"baseline, exit after 10 sessions"
2021-06-01,0.05056677675858352,0.0035302482873928185,0.0020628305320461197,"baseline, exit after 10 sessions"
2021-07-01,-0.032093693572135235,-0.00789575552154038,-0.008440169791667614,"baseline, exit after 10 sessions"
2021-08-01,-0.11287977566869241,-0.003138318727475374,-0.00850097735480935,"baseline, exit after 10 sessions"
2021-09-01,0.11698653469657647,0.017650330055623553,0.005598998892139383,"baseline, exit after 10 sessions"
2021-10-01,0.08156471513355469,0.008826765212082244,0.0042159940475403265,"baseline, exit after 10 sessions"
2021-11-01,0.03892724024552778,0.011550499983361566,0.007014107483092028,"baseline, exit after 10 sessions"
2021-12-01,0.21119067437564157,0.01229016761970566,0.011999091616880581,"baseline, exit after 10 sessions"
2022-01-01,-0.08082627240475244,-0.008828266305275508,-0.012409012753357169,"baseline, exit after 10 sessions"
2022-02-01,0.14201965518042312,0.012794336722647463,0.006319808201064417,"baseline, exit after 10 sessions"
2022-03-01,0.07493419827491053,0.011048447010826,0.004637815415647545,"baseline, exit after 10 sessions"
2022-04-01,-0.07129075988747875,-0.014288432164236694,-0.012814290483647532,"baseline, exit after 10 sessions"
2022-05-01,-0.115032770620768,-0.0075685113098569925,-0.006653685740708262,"baseline, exit after 10 sessions"
2022-06-01,0.10814735210388278,0.01690881877303596,0.01972491554862354,"baseline, exit after 10 sessions"
2022-07-01,-0.06530061200687573,-0.007168894037901389,-0.0016411398653202068,"baseline, exit after 10 sessions"
2022-08-01,-0.01835837401792653,-0.007068929261919565,-0.003017865201875115,"baseline, exit after 10 sessions"
2022-09-01,-0.12251091843306292,-0.011822108983111257,-0.010135980196543212,"baseline, exit after 10 sessions"
2022-10-01,-0.013967822555611034,-0.008215688354404544,-0.0058574343409323265,"baseline, exit after 10 sessions"
2022-11-01,0.040310493362299915,0.0017961077751896416,0.0007152309565043799,"baseline, exit after 10 sessions"
2022-12-01,-0.17634895534016287,-0.010901481950363499,-0.007895224881553259,"baseline, exit after 10 sessions"
2023-01-01,0.13273782159586725,0.010412886319408407,0.00895369198486095,"baseline, exit after 10 sessions"
2023-02-01,-0.046879785916969535,-0.0014057293399627685,-0.002016460381463201,"baseline, exit after 10 sessions"
2023-03-01,0.05010524945345521,0.0035715788731164426,0.004209111614072123,"baseline, exit after 10 sessions"
2023-04-01,-0.28685961448729913,-0.024107415010117074,-0.02007654048642124,"baseline, exit after 10 sessions"
2023-05-01,-0.1311334751280617,-0.0019616269992444417,0.0029060782017053016,"baseline, exit after 10 sessions"
2023-06-01,-0.01214657085475021,0.000891673914631688,0.003349068074775339,"baseline, exit after 10 sessions"
2023-07-01,-0.07142989930795156,-0.009146850207863608,-0.013037761502119837,"baseline, exit after 10 sessions"
2023-08-01,-0.012777389119480592,0.000035457444764562876,0.002822196587397772,"baseline, exit after 10 sessions"
2023-09-01,0.021153667150475286,0.00022701671118355998,0.005734369323519825,"baseline, exit after 10 sessions"
2023-10-01,-0.0069278908093393585,0.010880119246935336,0.005649740514150589,"baseline, exit after 10 sessions"
2023-11-01,-0.10294280347610132,-0.008981385751155714,-0.00716116057212572,"baseline, exit after 10 sessions"
2023-12-01,-0.10094531051170215,-0.006043539967288184,-0.005234673527542449,"baseline, exit after 10 sessions"
2024-01-01,0.05875368818181581,0.0028622778445589704,0.005656046616300733,"baseline, exit after 10 sessions"
2024-02-01,-0.29729158042010295,-0.017963043639247746,-0.01965908773266502,"baseline, exit after 10 sessions"
2024-03-01,-0.06767003361105255,-0.008083948272890563,-0.014084203581355,"baseline, exit after 10 sessions"
2024-04-01,-0.20499021983102944,-0.005789141963194312,-0.006965473178388214,"baseline, exit after 10 sessions"
2024-05-01,-0.0506686222535051,-0.003243010060481454,-0.0006744353290435226,"baseline, exit after 10 sessions"
2024-06-01,-0.08128792404734339,-0.010371796755044134,-0.005604778010616623,"baseline, exit after 10 sessions"
2024-07-01,0.40137125412779673,0.017757982565954296,0.018885121988574137,"baseline, exit after 10 sessions"
2024-08-01,0.20251780372934514,0.0019822090058039792,0.0031515987960257018,"baseline, exit after 10 sessions"
2024-09-01,-0.040497060295450055,0.0018161279888800343,0.0024978902960793256,"baseline, exit after 10 sessions"
2024-10-01,-0.06591131654832479,0.0013030162619189784,-0.0012893930629378257,"baseline, exit after 10 sessions"
2024-11-01,-0.08217021330638977,0.0017887214423338413,0.000056378048548907456,"baseline, exit after 10 sessions"
2024-12-01,0.04017401007142203,0.008457417505666299,0.007059488279745729,"baseline, exit after 10 sessions"
2025-01-01,0.014727925861408336,-0.0024317408666615255,0.0019835993231193446,"baseline, exit after 10 sessions"
2025-02-01,0.09432638365027357,-0.001056817704372234,0.0014042896097409135,"baseline, exit after 10 sessions"
2025-03-01,0.8196613193394091,0.034906752166200664,0.035415469383267256,"baseline, exit after 10 sessions"
2025-04-01,0.06939272469234845,0.01133281146383297,0.015123799657637849,"baseline, exit after 10 sessions"
2025-05-01,0.04604516199158548,0.003877002611373059,0.00414978736569478,"baseline, exit after 10 sessions"
2025-06-01,0.06899278008366351,-0.000058683166944626004,-0.0009121531063155555,"baseline, exit after 10 sessions"
2025-07-01,-0.06172691596983019,-0.011087762464064581,-0.007280769184730708,"baseline, exit after 10 sessions"
2025-08-01,0.06622037365414468,0.008820140252322368,0.00927018733512194,"baseline, exit after 10 sessions"
2025-09-01,0.14788171808566314,0.01025586233935572,0.005138706002321377,"baseline, exit after 10 sessions"
2025-10-01,-0.15889601269044024,-0.010938944523321642,-0.010071761397356351,"baseline, exit after 10 sessions"
2025-11-01,-0.15875508560267448,-0.005616235867760531,-0.004470025855048109,"baseline, exit after 10 sessions"
2017-10-01,-0.3211846870725438,-0.023289655352505163,-0.02167867491939458,"baseline, exit after 15 sessions"
2017-11-01,0.498966444812127,0.03171157520411624,0.026063054567194825,"baseline, exit after 15 sessions"
2017-12-01,0.13153706187309983,0.013540019317235034,0.011699873865739133,"baseline, exit after 15 sessions"
2018-01-01,0.5462320741717535,0.03216688317747677,0.03248428960802119,"baseline, exit after 15 sessions"
2018-02-01,-0.2183959691138838,-0.014481253541946067,-0.013765140401246195,"baseline, exit after 15 sessions"
2018-03-01,-0.15795021462408432,-0.014828661681248186,-0.011805777553273418,"baseline, exit after 15 sessions"
2018-04-01,-0.10246634312098958,-0.00448113694125237,-0.005591994356897673,"baseline, exit after 15 sessions"
2018-05-01,0.054704051398062795,0.005511935220347408,0.009647511371711704,"baseline, exit after 15 sessions"
2018-06-01,-0.25775412898746763,-0.010041022370193806,-0.012681999837621366,"baseline, exit after 15 sessions"
2018-07-01,0.06790647390620469,0.01250275855210301,0.008221238123290644,"baseline, exit after 15 sessions"
2018-08-01,-0.14418328800294122,-0.0043345621051462495,-0.007987103780239169,"baseline, exit after 15 sessions"
2018-09-01,0.03182219249027393,-0.0002994217326125481,-0.005703442136662752,"baseline, exit after 15 sessions"
2018-10-01,0.17949624690228483,0.019290662554466376,0.014057853446655093,"baseline, exit after 15 sessions"
2018-11-01,-0.09447855063801253,0.0018289373233835553,-0.002644341897174645,"baseline, exit after 15 sessions"
2018-12-01,-0.7361175462897387,-0.03335974106807321,-0.05304199255668912,"baseline, exit after 15 sessions"
2019-01-01,-0.29246166964734055,-0.012400225514773659,-0.016887632600799816,"baseline, exit after 15 sessions"
2019-02-01,0.09062400263717009,0.008450711684263468,0.00006895306388737896,"baseline, exit after 15 sessions"
2019-03-01,-0.23448741108165705,-0.011743500055877142,-0.010049343251937003,"baseline, exit after 15 sessions"
2019-04-01,0.002173294791868896,0.00614144338862775,0.012386660249631778,"baseline, exit after 15 sessions"
2019-05-01,-0.02091673274770435,-0.003999861163439241,-0.0035555661333353866,"baseline, exit after 15 sessions"
2019-06-01,-0.05944123438986193,0.0033253335038738886,0.0054647359242050286,"baseline, exit after 15 sessions"
2019-07-01,-0.17168342768944936,-0.009881939568707435,-0.012398300256043836,"baseline, exit after 15 sessions"
2019-08-01,-0.3733577952671512,-0.03586587942335181,-0.02847705845789113,"baseline, exit after 15 sessions"
2019-09-01,-0.17677178206239685,-0.010163182149783616,-0.009418494321635412,"baseline, exit after 15 sessions"
2019-10-01,0.2024280435846741,0.009322596012977528,0.009391702816982681,"baseline, exit after 15 sessions"
2019-11-01,0.03510018662992387,0.005988632527851008,0.00378842860609452,"baseline, exit after 15 sessions"
2019-12-01,-0.05338361570101884,0.007517406058977577,0.0005768237233886464,"baseline, exit after 15 sessions"
2020-01-01,-0.06828137391035818,-0.008218820426818414,-0.005538053126382178,"baseline, exit after 15 sessions"
2020-02-01,0.283155504413394,0.021884867790333468,-0.01369688770337718,"baseline, exit after 15 sessions"
2020-03-01,0.37680499415804425,0.09583083697981667,0.016036568467570837,"baseline, exit after 15 sessions"
2020-04-01,0.23456754005549146,0.0852761708705074,0.06380958233463038,"baseline, exit after 15 sessions"
2020-05-01,-0.16302851738618634,-0.0726146915506114,-0.04563093277338227,"baseline, exit after 15 sessions"
2020-06-01,0.0726417905382663,0.03110836902990846,0.028634451212489278,"baseline, exit after 15 sessions"
2020-07-01,0.19609986910711982,0.030320566800981042,0.030465128891359706,"baseline, exit after 15 sessions"
2020-08-01,-0.15638706607180544,-0.0007672818351377644,0.00022858596833640055,"baseline, exit after 15 sessions"
2020-09-01,0.1979945301052568,0.023545424427003313,0.01956884751918842,"baseline, exit after 15 sessions"
2020-10-01,0.5461372401735648,0.04975567355885059,0.04406016271143611,"baseline, exit after 15 sessions"
2020-11-01,-0.5497705131465676,-0.02188297934153262,-0.038223784220199626,"baseline, exit after 15 sessions"
2020-12-01,0.12035205251905737,0.00954004949857891,0.008764411135034712,"baseline, exit after 15 sessions"
2021-01-01,-0.20346317247764917,-0.010931383754525993,-0.011303527742392926,"baseline, exit after 15 sessions"
2021-02-01,-0.1358778680576085,-0.01429443957377334,-0.010316905611059019,"baseline, exit after 15 sessions"
2021-03-01,-0.15792679765879236,-0.0005062462397767073,-0.00040500878447272213,"baseline, exit after 15 sessions"
2021-04-01,-0.05027935124580457,0.011380231083286653,0.004243388313031123,"baseline, exit after 15 sessions"
2021-05-01,-0.10410268419408833,-0.01040242833063474,-0.009748998239940687,"baseline, exit after 15 sessions"
2021-06-01,0.13931674216994894,0.003100354516527431,0.00926524132641955,"baseline, exit after 15 sessions"
2021-07-01,0.04130987934564554,-0.005624991474599028,-0.0007521009633230519,"baseline, exit after 15 sessions"
2021-08-01,-0.16384058338201252,-0.006308806747370463,-0.01179447616838615,"baseline, exit after 15 sessions"
2021-09-01,0.06449604229406519,0.009360194237193406,0.003770272535880706,"baseline, exit after 15 sessions"
2021-10-01,0.19060418467341927,0.01679874252321839,0.009946939401164019,"baseline, exit after 15 sessions"
2021-11-01,-0.17311881413706515,0.0032628830381328474,0.0006706564133128671,"baseline, exit after 15 sessions"
2021-12-01,0.4752222241217203,0.029243443476384023,0.033876396190147665,"baseline, exit after 15 sessions"
2022-01-01,-0.028973313315467653,0.005430921303436668,-0.001895799787157617,"baseline, exit after 15 sessions"
2022-02-01,0.013043406271041086,0.0037675563332704894,0.0026012912513633368,"baseline, exit after 15 sessions"
2022-03-01,0.20407312995885668,0.013838971297431732,0.01068082332744047,"baseline, exit after 15 sessions"
2022-04-01,-0.10384125194505411,-0.02923894590863864,-0.016058416802128293,"baseline, exit after 15 sessions"
2022-05-01,0.3429145556041745,0.02062861388536946,0.03506909161251184,"baseline, exit after 15 sessions"
2022-06-01,-0.0764427712441344,-0.0004644617633418162,0.004097777158186908,"baseline, exit after 15 sessions"
2022-07-01,-0.16757016321212084,-0.015360071881562319,-0.011140377267628671,"baseline, exit after 15 sessions"
2022-08-01,0.1843716837155086,-0.00024852507956770554,0.0032726901529934508,"baseline, exit after 15 sessions"
2022-09-01,-0.1774527090572362,-0.00835700731520823,-0.0076176245004362965,"baseline, exit after 15 sessions"
2022-10-01,-0.07482273635587981,-0.013571329148349031,-0.012981795372440492,"baseline, exit after 15 sessions"
2022-11-01,0.17780994039118442,0.01166866022840386,0.0156819283055584,"baseline, exit after 15 sessions"
2022-12-01,-0.4317092541493753,-0.03481434545653798,-0.030103144580496552,"baseline, exit after 15 sessions"
2023-01-01,0.06213688183240945,0.0036239319225040874,0.007124543856488787,"baseline, exit after 15 sessions"
2023-02-01,0.18494410999456617,0.009975973223146853,0.011567491166221864,"baseline, exit after 15 sessions"
2023-03-01,-0.04767879508808612,0.0001249639770321241,0.0026360999674991496,"baseline, exit after 15 sessions"
2023-04-01,-0.31099021960241,-0.02604730960512693,-0.023217252793684664,"baseline, exit after 15 sessions"
2023-05-01,0.19322482893969073,0.029879721502404637,0.029903365257519684,"baseline, exit after 15 sessions"
2023-06-01,0.07289180261046463,0.005082858923406748,0.007689484557253188,"baseline, exit after 15 sessions"
2023-07-01,0.13477094736206896,0.004380017468194743,-0.0024497178891093453,"baseline, exit after 15 sessions"
2023-08-01,-0.018843769721242798,0.0020997964341793046,0.0014593208933039899,"baseline, exit after 15 sessions"
2023-09-01,-0.19906447903551702,-0.011591214550836799,-0.005382495218173534,"baseline, exit after 15 sessions"
2023-10-01,0.2612595085436794,0.0321906000959586,0.02042319015081811,"baseline, exit after 15 sessions"
2023-11-01,-0.30544540638531936,-0.027817076345292544,-0.027213435730898607,"baseline, exit after 15 sessions"
2023-12-01,-0.10872721462072188,-0.005037966777700277,-0.0034656577071095207,"baseline, exit after 15 sessions"
2024-01-01,0.12072680468025951,0.008160113894136822,0.007458146016383489,"baseline, exit after 15 sessions"
2024-02-01,-0.38433891087801586,-0.025478481995415213,-0.024717073809556848,"baseline, exit after 15 sessions"
2024-03-01,-0.14424393892317783,-0.016381939553163666,-0.020649935453129625,"baseline, exit after 15 sessions"
2024-04-01,-0.264802566701103,-0.009125421968123226,-0.0151538827985721,"baseline, exit after 15 sessions"
2024-05-01,0.01534304826441063,0.0075748650040064125,0.008784835533308308,"baseline, exit after 15 sessions"
2024-06-01,0.005479345787951506,0.000818354513854997,-0.013684362786660322,"baseline, exit after 15 sessions"
2024-07-01,0.20680568071422467,0.011024334054025493,0.01391892686034368,"baseline, exit after 15 sessions"
2024-08-01,0.13390783883932494,0.0010317794500017269,-0.00027767737799646176,"baseline, exit after 15 sessions"
2024-09-01,-0.1390848229366441,-0.007090473389349147,-0.0101012900038212,"baseline, exit after 15 sessions"
2024-10-01,0.17931092945191357,0.01766797264914148,0.01060205433433301,"baseline, exit after 15 sessions"
2024-11-01,-0.049879424086305094,0.0017007446790821606,0.0010047117123735466,"baseline, exit after 15 sessions"
2024-12-01,-0.07662715077565771,-0.014711868443147508,-0.002690809310030703,"baseline, exit after 15 sessions"
2025-01-01,-0.2796514066361886,-0.019188271992089292,-0.014976395969825987,"baseline, exit after 15 sessions"
2025-02-01,0.0699221702965522,-0.00123094877939546,0.00027904823397162035,"baseline, exit after 15 sessions"
2025-03-01,0.4314012380936992,0.022535360806954563,0.020851205035536297,"baseline, exit after 15 sessions"
2025-04-01,0.3095035657999151,0.037336451152773314,0.040683600127279326,"baseline, exit after 15 sessions"
2025-05-01,-0.08849430291095248,-0.006396829628049914,-0.006827740370026257,"baseline, exit after 15 sessions"
2025-06-01,0.04454647674775283,-0.0036693650845330463,0.0006931712266581933,"baseline, exit after 15 sessions"
2025-07-01,-0.1545302317061259,-0.010873386863979574,-0.010735797219470156,"baseline, exit after 15 sessions"
2025-08-01,0.03678251938977055,0.008475037187924505,0.007254192884370018,"baseline, exit after 15 sessions"
2025-09-01,0.044862562214518856,0.005909006914958452,0.0007112708210434554,"baseline, exit after 15 sessions"
2025-10-01,-0.07545371527010701,-0.009602705197174745,-0.009215531153574992,"baseline, exit after 15 sessions"
2025-11-01,-0.20579107822085604,-0.005316878534265358,-0.011920989373061625,"baseline, exit after 15 sessions"
2017-10-01,-0.4442601456072898,-0.040389501307497876,-0.03265005605978997,"ex-earnings, exit after 10"
2017-11-01,-0.021550482128399967,0.014024396973480662,0.005006518249527121,"ex-earnings, exit after 10"
2017-12-01,0.2909582510218029,0.009495748723126581,0.010875961918557251,"ex-earnings, exit after 10"
2018-01-01,0.24365620287487605,0.024117642577354156,0.026009889419686523,"ex-earnings, exit after 10"
2018-02-01,-0.20904085358506258,-0.016171809085632954,-0.013854016584895469,"ex-earnings, exit after 10"
2018-03-01,0.024286697860770524,0.0037274653456264746,0.004141463689874114,"ex-earnings, exit after 10"
2018-04-01,0.02380819905272541,0.0017955187275660173,0.00043581356540858904,"ex-earnings, exit after 10"
2018-05-01,0.2846891278066321,0.011438905538284309,0.0160965077877748,"ex-earnings, exit after 10"
2018-06-01,-0.29520837823038687,-0.01558091895978863,-0.019413941544617747,"ex-earnings, exit after 10"
2018-07-01,-0.03248702311927776,0.008889187089651397,0.002558242750826289,"ex-earnings, exit after 10"
2018-08-01,0.015286933296492555,0.004961022468141378,0.0015803679022559892,"ex-earnings, exit after 10"
2018-09-01,-0.18557433518943933,-0.0062909897159444395,-0.004077052006281836,"ex-earnings, exit after 10"
2018-10-01,0.41762695432331703,0.031910708382264924,0.03191515428191817,"ex-earnings, exit after 10"
2018-11-01,0.08796888893357994,0.016131545072973034,0.013092367668444406,"ex-earnings, exit after 10"
2018-12-01,-0.17039973853392665,-0.001802801542949407,-0.005336523890698945,"ex-earnings, exit after 10"
2019-01-01,-0.2709272205608415,-0.024417529519729027,-0.023567074798807573,"ex-earnings, exit after 10"
2019-02-01,0.13888575752790722,0.013432341647540045,0.007163780326221192,"ex-earnings, exit after 10"
2019-03-01,0.05638025113355813,0.0065557524707847495,0.004056577211642359,"ex-earnings, exit after 10"
2019-04-01,0.22888577370397048,0.014965467331266242,0.022762669412980593,"ex-earnings, exit after 10"
2019-05-01,-0.20178029594994423,-0.01948269665777679,-0.021469890419185463,"ex-earnings, exit after 10"
2019-06-01,-0.1606009132489563,-0.006131572236619169,-0.004041680760638443,"ex-earnings, exit after 10"
2019-07-01,0.015928285513928553,-0.02312268573850157,-0.030574282234428533,"ex-earnings, exit after 10"
2019-08-01,-0.0193035297262987,-0.0017221060090353915,0.0013485509081504563,"ex-earnings, exit after 10"
2019-09-01,-0.09924191439999452,-0.008613500099510368,-0.0062265810066371285,"ex-earnings, exit after 10"
2019-10-01,-0.15449383298604163,-0.018536768751600704,-0.014876510372657114,"ex-earnings, exit after 10"
2019-11-01,-0.02458475757561772,-0.0040287077151469584,-0.002462866570091305,"ex-earnings, exit after 10"
2019-12-01,-0.04560241087834971,-0.0037942240693547404,-0.0058495002719354434,"ex-earnings, exit after 10"
2020-01-01,-0.18867807041909399,-0.004706237971893481,-0.01419062671581681,"ex-earnings, exit after 10"
2020-02-01,-0.41209596745453303,-0.025843250990974148,-0.026520797789509852,"ex-earnings, exit after 10"
2020-03-01,0.17259681595684553,0.029861657241306485,0.024327915243030997,"ex-earnings, exit after 10"
2020-04-01,0.08363915505147457,0.06681227492013639,0.04638101352952279,"ex-earnings, exit after 10"
2020-05-01,-0.1862626595434393,-0.03512905748957552,-0.032351284736684485,"ex-earnings, exit after 10"
2020-06-01,0.048345082095266806,0.0211430331846508,0.017064597967087886,"ex-earnings, exit after 10"
2020-07-01,-0.07763263761785871,0.022594384540028333,0.018992568105813068,"ex-earnings, exit after 10"
2020-08-01,-0.027510765006354493,0.006631160985381887,0.004277321618837245,"ex-earnings, exit after 10"
2020-09-01,0.3631053427532126,0.025015372220547342,0.02621383419851867,"ex-earnings, exit after 10"
2020-10-01,0.17805195018970238,0.02286826778060606,0.009233906386270585,"ex-earnings, exit after 10"
2020-11-01,-0.16741474337123483,-0.004972938254320837,-0.012538422849524746,"ex-earnings, exit after 10"
2020-12-01,0.1059278970946296,0.010792212054828464,0.010837831809272187,"ex-earnings, exit after 10"
2021-01-01,-0.07571317336162897,0.0004109204528682693,0.0002417031100337818,"ex-earnings, exit after 10"
2021-02-01,-0.04724908755368624,-0.007133692433944629,-0.002393277005872263,"ex-earnings, exit after 10"
2021-03-01,-0.16830065613085723,-0.005131357665275732,-0.0025868771022816523,"ex-earnings, exit after 10"
2021-04-01,-0.16496866602797233,0.018460724077154288,0.0007192987352139437,"ex-earnings, exit after 10"
2021-05-01,-0.018645429267877184,-0.011342580952855447,-0.007740666769167293,"ex-earnings, exit after 10"
2021-06-01,0.12256901159067779,0.007981091573456063,0.008325122472679912,"ex-earnings, exit after 10"
2021-07-01,0.22637707155865847,0.012277438762429472,0.015852967846127344,"ex-earnings, exit after 10"
2021-08-01,-0.014358393449111564,-0.0008489425804079518,-0.004984019007813998,"ex-earnings, exit after 10"
2021-09-01,0.10639173747993133,0.019496969213437455,0.00606037437944005,"ex-earnings, exit after 10"
2021-10-01,-0.2682471918742024,-0.019783389795585644,-0.020574284273315088,"ex-earnings, exit after 10"
2021-11-01,-0.008090407946986011,0.006834372283162922,0.0021579780472749934,"ex-earnings, exit after 10"
2021-12-01,0.26250730477897816,0.017043440467669875,0.017359737466036897,"ex-earnings, exit after 10"
2022-01-01,-0.03552694337577661,-0.010813665532232546,-0.015794730894528382,"ex-earnings, exit after 10"
2022-02-01,-0.10893760335736705,-0.0026830909094729223,-0.011165481729967916,"ex-earnings, exit after 10"
2022-03-01,0.11601383744387764,0.011695593753197626,0.0069260214862617376,"ex-earnings, exit after 10"
2022-04-01,-0.10858178603940782,-0.01976104768634615,-0.011700079396442907,"ex-earnings, exit after 10"
2022-05-01,0.1933517606786635,0.01690027486469255,0.014967905800258287,"ex-earnings, exit after 10"
2022-06-01,0.11815375244498322,0.004991905370852479,0.009219227458111507,"ex-earnings, exit after 10"
2022-07-01,-0.048347248383485766,-0.008495466412688162,0.008768100757265699,"ex-earnings, exit after 10"
2022-08-01,0.02740979123008116,-0.0008497697536529534,0.004460996745278444,"ex-earnings, exit after 10"
2022-09-01,-0.08075216249037086,-0.010793279074813297,-0.010733936720916328,"ex-earnings, exit after 10"
2022-10-01,-0.3632920366578142,-0.04165778155687066,-0.03752782426977326,"ex-earnings, exit after 10"
2022-11-01,0.06156421957278067,-0.001315818432789312,0.0007782450453565999,"ex-earnings, exit after 10"
2022-12-01,-0.12789556926161555,-0.01160640626558473,-0.008730492827182804,"ex-earnings, exit after 10"
2023-01-01,-0.1737492624409319,-0.012584857823757494,-0.014011332132966495,"ex-earnings, exit after 10"
2023-02-01,0.0035394178730172587,0.0014635690191606796,0.00006255341895336497,"ex-earnings, exit after 10"
2023-03-01,-0.05899875342843505,-0.0027924779201092386,-0.0005050729198353872,"ex-earnings, exit after 10"
2023-04-01,-0.29566345059482,-0.01603750169407061,-0.016471671072441393,"ex-earnings, exit after 10"
2023-05-01,0.15295066170580401,0.01879982963065068,0.016729912945109414,"ex-earnings, exit after 10"
2023-06-01,0.019184847160427378,0.0011122533995848076,0.004909098047208056,"ex-earnings, exit after 10"
2023-07-01,-0.2266812335406581,-0.02491868318996985,-0.02493726710816342,"ex-earnings, exit after 10"
2023-08-01,-0.10577124073474145,-0.0059646619314655865,-0.0027603136269317577,"ex-earnings, exit after 10"
2023-09-01,0.12388344491518521,0.001843087871244365,0.0014414748909139623,"ex-earnings, exit after 10"
2023-10-01,0.04366661847519444,0.029537226386075095,0.01995949020480385,"ex-earnings, exit after 10"
2023-11-01,-0.13088016160533772,-0.010315873385755707,-0.008397075958955802,"ex-earnings, exit after 10"
2023-12-01,-0.016693856666814375,-0.004033629160993028,-0.00019553887647275037,"ex-earnings, exit after 10"
2024-01-01,0.08756575338754365,0.015331947597585025,0.014342014467843401,"ex-earnings, exit after 10"
2024-02-01,-0.05546666468228078,-0.003398673449359373,-0.004820456423282839,"ex-earnings, exit after 10"
2024-03-01,0.2107949692777153,0.008297809833354904,0.0032630983874151376,"ex-earnings, exit after 10"
2024-04-01,-0.07461514408937525,-0.002986043943697541,-0.004484990847815822,"ex-earnings, exit after 10"
2024-05-01,0.14660123290340066,0.011179990317994916,0.006352167326842177,"ex-earnings, exit after 10"
2024-06-01,-0.15205990082906495,-0.0047609552531799335,-0.004786670774141597,"ex-earnings, exit after 10"
2024-07-01,0.10221549234486133,-0.004704355739229109,0.015273389610714169,"ex-earnings, exit after 10"
2024-08-01,0.3089249895629813,0.00898777067682807,0.005658359977974861,"ex-earnings, exit after 10"
2024-09-01,-0.12224957133842487,5.254139604751913e-7,-0.005536643799201892,"ex-earnings, exit after 10"
2024-10-01,-0.01626619327519821,-0.008731361248179675,0.0007527910465629103,"ex-earnings, exit after 10"
2024-11-01,0.13241589385239286,0.01355070858382374,0.010209305130640847,"ex-earnings, exit after 10"
2024-12-01,-0.14426213760725587,-0.001335206423458032,-0.005986848648848479,"ex-earnings, exit after 10"
2025-01-01,-0.04438369303289415,0.008748449455078078,0.00746581740095234,"ex-earnings, exit after 10"
2025-02-01,-0.10234023987129562,-0.001777542079999632,-0.00815445214482622,"ex-earnings, exit after 10"
2025-03-01,0.4315320785494967,0.043192642419906016,0.020792394084594712,"ex-earnings, exit after 10"
2025-04-01,0.050066975567606246,0.007533304929625787,0.01863248864482106,"ex-earnings, exit after 10"
2025-05-01,-0.0329122105875618,-0.006186320585482518,-0.0038883119341354046,"ex-earnings, exit after 10"
2025-06-01,0.2339862080915963,0.004915599354239808,0.010025416815250331,"ex-earnings, exit after 10"
2025-07-01,0.024413688768862185,0.004109232064505464,0.011639800869396623,"ex-earnings, exit after 10"
2025-08-01,0.023726618100412475,-0.0016363944481730466,0.0022885101699288875,"ex-earnings, exit after 10"
2025-09-01,-0.02756016935313024,0.0014612491284613964,0.0028042073807648606,"ex-earnings, exit after 10"
2025-10-01,-0.09035597638694783,-0.014101284541892516,-0.012352539606159951,"ex-earnings, exit after 10"
2025-11-01,-0.08054183179967223,-0.0024862013341252816,-0.00420647913633753,"ex-earnings, exit after 10"
2017-10-01,-0.46992774313876856,-0.029593083358732463,-0.03006460213792421,"iv vs own 12m mean, exit after 10"
2017-11-01,0.26246124981427355,0.02386596803391064,0.020893620898717012,"iv vs own 12m mean, exit after 10"
2017-12-01,0.4236961474304961,0.023776211578055664,0.020956810100321802,"iv vs own 12m mean, exit after 10"
2018-01-01,0.367867922460107,0.014750638629618031,0.01670122261395685,"iv vs own 12m mean, exit after 10"
2018-02-01,-0.27662915522162557,-0.019380337786620256,-0.01501448852928129,"iv vs own 12m mean, exit after 10"
2018-03-01,-0.017095556987214176,-0.003258521838193948,-0.005638269504525451,"iv vs own 12m mean, exit after 10"
2018-04-01,0.07442402400006132,0.011748726187734473,0.007175175412944695,"iv vs own 12m mean, exit after 10"
2018-05-01,-0.09837816588505974,-0.012370185853697995,-0.006278917511178633,"iv vs own 12m mean, exit after 10"
2018-06-01,0.011822596873936844,-0.0006738933316907413,-0.0015164960627489694,"iv vs own 12m mean, exit after 10"
2018-07-01,-0.04885162558727918,0.008586924533268907,0.005954439277946953,"iv vs own 12m mean, exit after 10"
2018-08-01,0.0036020335596215133,0.006711601587494091,0.0016895122339517313,"iv vs own 12m mean, exit after 10"
2018-09-01,0.009135705098812293,-0.0010018561877220887,0.0009252949776552644,"iv vs own 12m mean, exit after 10"
2018-10-01,0.1012318284112404,0.015504509260284514,0.012432613578390624,"iv vs own 12m mean, exit after 10"
2018-11-01,-0.005063674270978258,0.007271810817549098,0.003502140526035134,"iv vs own 12m mean, exit after 10"
2018-12-01,-0.2972550842065286,-0.013993379269009707,-0.015126570074856106,"iv vs own 12m mean, exit after 10"
2019-01-01,-0.4152936203820373,-0.020705602898229265,-0.02139045759059593,"iv vs own 12m mean, exit after 10"
2019-02-01,-0.000053263687719434794,0.006271814116322581,0.0008053687549569727,"iv vs own 12m mean, exit after 10"
2019-03-01,-0.19468282368619672,-0.01407542312231361,-0.016323221233818352,"iv vs own 12m mean, exit after 10"
2019-04-01,0.17842878093306144,0.015503392972517393,0.022456552641699146,"iv vs own 12m mean, exit after 10"
2019-05-01,0.18093312526691285,0.001837927503767712,0.002764121291448733,"iv vs own 12m mean, exit after 10"
2019-06-01,-0.1577699545090444,-0.007854300054970509,-0.004954301441794659,"iv vs own 12m mean, exit after 10"
2019-07-01,0.08572124888933075,-0.013578588108039961,-0.01676582335235975,"iv vs own 12m mean, exit after 10"
2019-08-01,-0.22622352309713364,-0.019185460577870232,-0.015296277618200016,"iv vs own 12m mean, exit after 10"
2019-09-01,-0.002227589033472137,-0.00618510129262538,-0.003737446018483673,"iv vs own 12m mean, exit after 10"
2019-10-01,-0.08569192611483847,-0.0063354494220825225,-0.006304946722228711,"iv vs own 12m mean, exit after 10"
2019-11-01,-0.025023728156285424,-0.0007573948248139825,0.0016273420406478448,"iv vs own 12m mean, exit after 10"
2019-12-01,0.17652240319577833,0.005020570775776357,0.005585812739572931,"iv vs own 12m mean, exit after 10"
2020-01-01,-0.14513370581462656,-0.006688104646427441,-0.008467789984798557,"iv vs own 12m mean, exit after 10"
2020-02-01,0.27624157539340766,0.0053903712676407894,-0.005804514547437491,"iv vs own 12m mean, exit after 10"
2020-03-01,-0.30774588648754403,-0.023621959649144278,-0.024074682768271925,"iv vs own 12m mean, exit after 10"
2020-04-01,-0.07662803392836626,0.028181460210193972,0.01883332728385756,"iv vs own 12m mean, exit after 10"
2020-05-01,-0.45986998411885743,-0.09646492494820776,-0.06475822750007687,"iv vs own 12m mean, exit after 10"
2020-06-01,0.005928265708400743,0.0035322448484950246,0.007207485637954036,"iv vs own 12m mean, exit after 10"
2020-07-01,0.1527689697744679,0.023934992027342054,0.027086320795579766,"iv vs own 12m mean, exit after 10"
2020-08-01,0.019264357865272808,0.011292833580312092,0.0015883022272805735,"iv vs own 12m mean, exit after 10"
2020-09-01,-0.07858617830690179,-0.0012394455750442557,0.002500884593412387,"iv vs own 12m mean, exit after 10"
2020-10-01,-0.10124761109474811,-0.009242008397234179,-0.009750837293417372,"iv vs own 12m mean, exit after 10"
2020-11-01,0.046146056233227116,0.003350522840027957,0.005117191271115212,"iv vs own 12m mean, exit after 10"
2020-12-01,-0.20028972913950932,-0.022541134634216198,-0.013807501753898162,"iv vs own 12m mean, exit after 10"
2021-01-01,-0.05154939435928642,0.0003309234772132276,-0.0014524788220699365,"iv vs own 12m mean, exit after 10"
2021-02-01,-0.03796482695860719,-0.009398228567660358,-0.0024221629098365085,"iv vs own 12m mean, exit after 10"
2021-03-01,-0.24840499221323414,-0.019510455128752192,-0.013489759350689058,"iv vs own 12m mean, exit after 10"
2021-04-01,-0.043154367376970856,0.010282363130479883,0.004415155387635653,"iv vs own 12m mean, exit after 10"
2021-05-01,-0.09183983016729409,-0.008818036644689397,-0.00551786894399259,"iv vs own 12m mean, exit after 10"
2021-06-01,0.07198889514658843,0.0001385224100106876,0.0017063047033696276,"iv vs own 12m mean, exit after 10"
2021-07-01,0.01826393341814016,0.003086621980397947,0.0006336170446834787,"iv vs own 12m mean, exit after 10"
2021-08-01,-0.02392117997443957,0.001962696898477308,-0.0010741840545982172,"iv vs own 12m mean, exit after 10"
2021-09-01,-0.004358697048636628,0.0049125102043153564,0.0016862705505585637,"iv vs own 12m mean, exit after 10"
2021-10-01,-0.00603580315975015,-0.0008203529938850913,-0.003622406911260048,"iv vs own 12m mean, exit after 10"
2021-11-01,-0.04737731206020941,0.007447571028722755,0.006532445726110246,"iv vs own 12m mean, exit after 10"
2021-12-01,0.15951748479575045,0.007407129299005895,0.009322275852448566,"iv vs own 12m mean, exit after 10"
2022-01-01,-0.20725387814087393,-0.01350846534053226,-0.019006133729446466,"iv vs own 12m mean, exit after 10"
2022-02-01,0.24112209208722185,0.02417338119712317,0.011307584921796038,"iv vs own 12m mean, exit after 10"
2022-03-01,0.27452194212113235,0.020499717254246326,0.01927300090268821,"iv vs own 12m mean, exit after 10"
2022-04-01,-0.08482818670316378,-0.01959178957004927,-0.019460271335240722,"iv vs own 12m mean, exit after 10"
2022-05-01,-0.21705751043621824,-0.01320930943682391,-0.015245871127754069,"iv vs own 12m mean, exit after 10"
2022-06-01,0.16466271139877184,0.02505844820283226,0.0242101541273942,"iv vs own 12m mean, exit after 10"
2022-07-01,-0.1815977077902929,-0.009273333444962421,-0.007351921188085805,"iv vs own 12m mean, exit after 10"
2022-08-01,0.06023862170452817,0.003037541554211369,0.000575867575668392,"iv vs own 12m mean, exit after 10"
2022-09-01,0.01493976406744048,0.004826930672970288,-0.0019934173146575257,"iv vs own 12m mean, exit after 10"
2022-10-01,-0.09235970042352619,-0.013347226191233887,-0.01260002577376167,"iv vs own 12m mean, exit after 10"
2022-11-01,0.09767315934187361,0.007331721817143246,0.0036984331269438037,"iv vs own 12m mean, exit after 10"
2022-12-01,-0.07118756244912523,-0.0006133094439543436,-0.00022616976850687253,"iv vs own 12m mean, exit after 10"
2023-01-01,-0.0875618713524022,-0.006511654234621124,-0.01078097043362818,"iv vs own 12m mean, exit after 10"
2023-02-01,0.03502497798266639,0.004951015428693532,0.0031547516738233226,"iv vs own 12m mean, exit after 10"
2023-03-01,0.15316495363185945,0.0095203352148525,0.014604408517067072,"iv vs own 12m mean, exit after 10"
2023-04-01,-0.13017353864335082,-0.006603133207447283,-0.004730525868064012,"iv vs own 12m mean, exit after 10"
2023-05-01,-0.11998778568028257,0.001696173562266681,0.008746868644290525,"iv vs own 12m mean, exit after 10"
2023-06-01,0.02837873132087928,0.0028426250793000436,0.003892887178977748,"iv vs own 12m mean, exit after 10"
2023-07-01,0.05869827270912109,0.004187937034495469,-0.0022619434587778254,"iv vs own 12m mean, exit after 10"
2023-08-01,-0.026216095867110434,0.007274359940805664,0.0068715768210903605,"iv vs own 12m mean, exit after 10"
2023-09-01,0.2620585014807649,0.006922510008244648,0.010548077010457655,"iv vs own 12m mean, exit after 10"
2023-10-01,-0.1118581663326473,-0.0018848425667955266,-0.005958656180619242,"iv vs own 12m mean, exit after 10"
2023-11-01,0.13208189663005845,0.004023534611893628,0.00022703235546348228,"iv vs own 12m mean, exit after 10"
2023-12-01,0.027816300798471978,0.003676916109103409,0.008523733724836967,"iv vs own 12m mean, exit after 10"
2024-01-01,0.02940541046634825,0.005662708827475514,0.0076098821478630795,"iv vs own 12m mean, exit after 10"
2024-02-01,-0.05786786882995604,-0.013051391623634381,-0.011751949523578272,"iv vs own 12m mean, exit after 10"
2024-03-01,-0.04951894737318382,-0.00641670918970353,-0.008403877615666924,"iv vs own 12m mean, exit after 10"
2024-04-01,-0.0790052234797984,0.0032916079436246318,0.00035457979149396135,"iv vs own 12m mean, exit after 10"
2024-05-01,-0.0003774205294617139,-0.005658815750746056,0.0021473211595958008,"iv vs own 12m mean, exit after 10"
2024-06-01,-0.11678230361651448,-0.012879387413575204,-0.008828983020287407,"iv vs own 12m mean, exit after 10"
2024-07-01,0.4377951820720013,0.026866856120228037,0.03111828692829189,"iv vs own 12m mean, exit after 10"
2024-08-01,0.22582448722531684,0.0035887691773953375,0.0022183457547746534,"iv vs own 12m mean, exit after 10"
2024-09-01,0.030825417042081256,0.0008779930554503139,0.0004571426297934004,"iv vs own 12m mean, exit after 10"
2024-10-01,-0.16547435498707452,-0.004178744566450069,-0.004448767714819287,"iv vs own 12m mean, exit after 10"
2024-11-01,-0.10597420075276892,0.0009809655673978365,-0.0026656476680023923,"iv vs own 12m mean, exit after 10"
2024-12-01,0.06942103427286184,0.009481545842856123,0.008158786440392708,"iv vs own 12m mean, exit after 10"
2025-01-01,-0.00988604694757847,-0.004013262397168899,0.005078310834216098,"iv vs own 12m mean, exit after 10"
2025-02-01,0.1528848306967684,0.007047011532249452,0.009077192086712607,"iv vs own 12m mean, exit after 10"
2025-03-01,0.8463954564812342,0.0318509672082391,0.006182750604752041,"iv vs own 12m mean, exit after 10"
2025-04-01,-0.03401423096091259,0.006183029562525132,0.01229016402423507,"iv vs own 12m mean, exit after 10"
2025-05-01,0.04417141699155985,0.007790201908984018,0.009624751683148608,"iv vs own 12m mean, exit after 10"
2025-06-01,0.05898087038148848,0.002428405766559523,0.000718812669753691,"iv vs own 12m mean, exit after 10"
2025-07-01,-0.038864142107265076,-0.003503205267878252,-0.003172478451971796,"iv vs own 12m mean, exit after 10"
2025-08-01,0.06714456144889817,0.014687716280550853,0.012229875165486447,"iv vs own 12m mean, exit after 10"
2025-09-01,0.18391674365419117,0.007505071457845487,0.0050124410130115106,"iv vs own 12m mean, exit after 10"
2025-10-01,-0.028634446781338738,-0.0029321821157787236,-0.0018446953066618074,"iv vs own 12m mean, exit after 10"
2025-11-01,-0.039897974077467376,0.004776683329881245,0.0060400503842623215,"iv vs own 12m mean, exit after 10"
2017-10-01,-0.6986835311864356,-0.07265149634071762,-0.059196367480347366,"combined, ex-earnings, exit after 10"
2017-11-01,0.18017479285444357,0.015002191919126218,0.01813039896819983,"combined, ex-earnings, exit after 10"
2017-12-01,0.48948236046942795,0.018522228485842666,0.020596055597534454,"combined, ex-earnings, exit after 10"
2018-01-01,0.24785378135606717,0.002785683457826482,0.005430043913905676,"combined, ex-earnings, exit after 10"
2018-02-01,-0.19290220049589085,-0.01408052034944084,-0.01315875437210142,"combined, ex-earnings, exit after 10"
2018-03-01,-0.03671930415244782,-0.002021063845428387,-0.0011149999405654417,"combined, ex-earnings, exit after 10"
2018-04-01,0.010812139477487062,0.006916166891458767,0.004016102670613263,"combined, ex-earnings, exit after 10"
2018-05-01,0.14888152656158657,0.0045663509861762,0.008110259927915607,"combined, ex-earnings, exit after 10"
2018-06-01,-0.17258813205193435,-0.006662837752729548,-0.009795271380653222,"combined, ex-earnings, exit after 10"
2018-07-01,-0.27729662508078656,-0.008325588717294776,-0.008527827249045808,"combined, ex-earnings, exit after 10"
2018-08-01,0.05827696585867796,0.007620546253993568,0.005225698802745548,"combined, ex-earnings, exit after 10"
2018-09-01,-0.18060077672245836,-0.0073644612227719555,-0.0030576507259661447,"combined, ex-earnings, exit after 10"
2018-10-01,0.32040338143663044,0.026946772048069147,0.026600887951382504,"combined, ex-earnings, exit after 10"
2018-11-01,0.09620878456677272,0.01758220285154217,0.0146228681315249,"combined, ex-earnings, exit after 10"
2018-12-01,-0.49984786605669046,-0.029307676734138637,-0.03485242851025895,"combined, ex-earnings, exit after 10"
2019-01-01,-0.5002602046576263,-0.04473733113302651,-0.03498621644380747,"combined, ex-earnings, exit after 10"
2019-02-01,0.14544031077016112,0.012903025901113637,0.004352170405538015,"combined, ex-earnings, exit after 10"
2019-03-01,-0.08027747920277464,-0.004871619089446052,-0.007318446954800773,"combined, ex-earnings, exit after 10"
2019-04-01,0.05588293000138703,0.006184242780457853,0.012605805846331516,"combined, ex-earnings, exit after 10"
2019-05-01,-0.03046709245138861,-0.012445579750626316,-0.010412969359320862,"combined, ex-earnings, exit after 10"
2019-06-01,-0.08917375503429437,0.001373675697831549,0.004091061485159485,"combined, ex-earnings, exit after 10"
2019-07-01,0.10774831917752498,-0.020986620903169953,-0.03393451725505052,"combined, ex-earnings, exit after 10"
2019-08-01,-0.06171511914285947,-0.00813683017507864,-0.0015877803882133317,"combined, ex-earnings, exit after 10"
2019-09-01,-0.11234746392384905,-0.016066308635189444,-0.01215733075193118,"combined, ex-earnings, exit after 10"
2019-10-01,-0.018908929076799794,-0.0018391335134726235,-0.0022913948440372884,"combined, ex-earnings, exit after 10"
2019-11-01,0.0650463752728445,-0.00150448218397239,0.0029465296690703606,"combined, ex-earnings, exit after 10"
2019-12-01,0.33496569081354977,0.013994054484837709,0.014746731968600314,"combined, ex-earnings, exit after 10"
2020-01-01,-0.2611257239853919,-0.010428774419767636,-0.016862651905380346,"combined, ex-earnings, exit after 10"
2020-02-01,-0.49718351693543006,-0.02750543150268002,-0.019006069404875814,"combined, ex-earnings, exit after 10"
2020-03-01,-0.3281201175714704,-0.02511324223968593,-0.018821820856857838,"combined, ex-earnings, exit after 10"
2020-04-01,0.06468430050646828,0.06805680158896382,0.03555671838204383,"combined, ex-earnings, exit after 10"
2020-05-01,-0.3926180913544371,-0.08794670894031469,-0.06089670922630194,"combined, ex-earnings, exit after 10"
2020-06-01,0.05888103029052996,0.013582541843396015,0.015253636105945158,"combined, ex-earnings, exit after 10"
2020-07-01,0.10606677039344739,0.041878081821119746,0.03730513773173693,"combined, ex-earnings, exit after 10"
2020-08-01,-0.04153586937327132,0.009131485625526022,0.0006952993936967331,"combined, ex-earnings, exit after 10"
2020-09-01,0.04095953205459829,0.009625597261321773,0.00797743430962421,"combined, ex-earnings, exit after 10"
2020-10-01,0.03335341120633404,0.002682487489253101,-0.0033880291231121237,"combined, ex-earnings, exit after 10"
2020-11-01,-0.05788160995760401,-0.0002893229355938557,-0.0014894087807385496,"combined, ex-earnings, exit after 10"
2020-12-01,-0.030581583338440563,-0.0031556948876676687,0.0013018262045780948,"combined, ex-earnings, exit after 10"
2021-01-01,-0.1463571022159529,-0.010130667731191277,-0.005510188138757477,"combined, ex-earnings, exit after 10"
2021-02-01,-0.08601325480368954,-0.012309011279543392,-0.0047991454079223455,"combined, ex-earnings, exit after 10"
2021-03-01,-0.20560227487145108,-0.01870433775811797,-0.008933347078277478,"combined, ex-earnings, exit after 10"
2021-04-01,-0.1897933595602957,0.008056667238580513,-0.0029594530412705585,"combined, ex-earnings, exit after 10"
2021-05-01,-0.04303267358674359,-0.007733945357445974,-0.007239202964842583,"combined, ex-earnings, exit after 10"
2021-06-01,0.031770153886332635,0.002259966208340806,0.0029137948294787894,"combined, ex-earnings, exit after 10"
2021-07-01,0.06329017651668992,0.0043474299215679035,0.001067525831629021,"combined, ex-earnings, exit after 10"
2021-08-01,0.1506675173211605,0.006576218677677901,0.006835230791642896,"combined, ex-earnings, exit after 10"
2021-09-01,0.09951146510016753,0.019860370871923074,0.008395738750631812,"combined, ex-earnings, exit after 10"
2021-10-01,-0.20492016613390523,-0.026377738693168163,-0.02542313616446658,"combined, ex-earnings, exit after 10"
2021-11-01,-0.028444055851454167,0.010287297046167208,0.00668632153101144,"combined, ex-earnings, exit after 10"
2021-12-01,0.19959971092078282,0.01060532216344355,0.011961073616866196,"combined, ex-earnings, exit after 10"
2022-01-01,-0.05269353146846434,-0.007847204393117844,-0.01304180593299154,"combined, ex-earnings, exit after 10"
2022-02-01,0.017012659926233492,0.00800811405503504,-0.005270552235662998,"combined, ex-earnings, exit after 10"
2022-03-01,0.05120616578100903,0.009881392117617469,0.0039920888887572045,"combined, ex-earnings, exit after 10"
2022-04-01,-0.11011955694952055,-0.01622158250894757,-0.0141272898080545,"combined, ex-earnings, exit after 10"
2022-05-01,0.1651491899963373,0.014577397923353223,0.01082536976095727,"combined, ex-earnings, exit after 10"
2022-06-01,0.05976567316278135,0.006364681185881595,0.009353162106204642,"combined, ex-earnings, exit after 10"
2022-07-01,-0.07932349568431542,-0.008603008462169184,0.009330976305784635,"combined, ex-earnings, exit after 10"
2022-08-01,-0.06638225945089168,-0.005065425126004978,-0.000733022800766463,"combined, ex-earnings, exit after 10"
2022-09-01,-0.06605463358206129,-0.006713480697864237,-0.007189551340208502,"combined, ex-earnings, exit after 10"
2022-10-01,-0.2902794856184971,-0.04511878599238285,-0.046555433401577015,"combined, ex-earnings, exit after 10"
2022-11-01,0.1291078815751672,0.006294805294486292,0.004916945587219696,"combined, ex-earnings, exit after 10"
2022-12-01,-0.12538585754959664,-0.007416541636982096,-0.004779040148100749,"combined, ex-earnings, exit after 10"
2023-01-01,-0.11210431701610092,-0.003422341747190389,-0.005348328686401442,"combined, ex-earnings, exit after 10"
2023-02-01,0.0028256933476381862,0.0009577506383708252,0.0003223332772712261,"combined, ex-earnings, exit after 10"
2023-03-01,0.08924214073645013,0.004985315898226286,0.00922383846251736,"combined, ex-earnings, exit after 10"
2023-04-01,-0.33590847343445573,-0.018239632955033988,-0.016858732095702315,"combined, ex-earnings, exit after 10"
2023-05-01,0.05403231105159581,0.011817837623385199,0.016228274777373347,"combined, ex-earnings, exit after 10"
2023-06-01,0.07190148102741495,0.0007100559128722529,0.00543621925195805,"combined, ex-earnings, exit after 10"
2023-07-01,-0.17727642488289294,-0.01274731552325952,-0.019534634408213822,"combined, ex-earnings, exit after 10"
2023-08-01,-0.10423552040620401,-0.001947017057603603,-0.00132684411090149,"combined, ex-earnings, exit after 10"
2023-09-01,0.1888292245844429,0.006109776824640624,0.006998924179365894,"combined, ex-earnings, exit after 10"
2023-10-01,0.09611674960912135,0.015108038235692532,0.008817253777280858,"combined, ex-earnings, exit after 10"
2023-11-01,-0.2483969805078164,-0.022002692427701215,-0.01847860642354072,"combined, ex-earnings, exit after 10"
2023-12-01,-0.06618952058477405,-0.0003866774581232956,0.0031330476668612823,"combined, ex-earnings, exit after 10"
2024-01-01,0.20728299177158369,0.018857795881551332,0.020035041761598846,"combined, ex-earnings, exit after 10"
2024-02-01,-0.06054752772436356,-0.002576171665344483,-0.003899478079853071,"combined, ex-earnings, exit after 10"
2024-03-01,0.24503852333578127,0.009321435943803722,0.008134311842884066,"combined, ex-earnings, exit after 10"
2024-04-01,0.06808181565440821,0.002435037634062656,0.0009725733967412102,"combined, ex-earnings, exit after 10"
2024-05-01,0.1491566442883399,0.008378147774462259,0.007543702134883095,"combined, ex-earnings, exit after 10"
2024-06-01,-0.1356871022299516,-0.006987448138354587,-0.011203168922001672,"combined, ex-earnings, exit after 10"
2024-07-01,-0.05373459115747137,-0.018977582127527558,0.0017871594323074433,"combined, ex-earnings, exit after 10"
2024-08-01,0.30240186376593214,0.004332289089328522,0.004780499831915149,"combined, ex-earnings, exit after 10"
2024-09-01,0.08185286479528327,0.004894435391216175,0.006578802898595908,"combined, ex-earnings, exit after 10"
2024-10-01,-0.16084662699279773,-0.013338584974399055,-0.007723728968668487,"combined, ex-earnings, exit after 10"
2024-11-01,0.09656255309693657,0.013623187564258303,0.01029833887467986,"combined, ex-earnings, exit after 10"
2024-12-01,-0.03136089616054567,0.006780814626863658,0.00833157855802342,"combined, ex-earnings, exit after 10"
2025-01-01,-0.018470115422826873,0.011322882772022367,0.018678260039058807,"combined, ex-earnings, exit after 10"
2025-02-01,-0.003950864714407115,0.0020317726289631344,0.0027811894266802327,"combined, ex-earnings, exit after 10"
2025-03-01,0.33334556641596014,0.01718932857586468,-0.009530932555991398,"combined, ex-earnings, exit after 10"
2025-04-01,-0.16293529129658982,-0.008300927018692896,0.011373420171032747,"combined, ex-earnings, exit after 10"
2025-05-01,-0.017915667764895962,-0.002729911034259981,-9.552179845552858e-6,"combined, ex-earnings, exit after 10"
2025-06-01,0.14235994495334306,-0.0017188369029895968,0.005298018755622919,"combined, ex-earnings, exit after 10"
2025-07-01,0.013098972893694216,0.0026775885211359953,0.008843084810511971,"combined, ex-earnings, exit after 10"
2025-08-01,-0.028501385063760223,0.0011030582143859973,0.0009206510988266645,"combined, ex-earnings, exit after 10"
2025-09-01,-0.013874484046523486,0.00013266694332715167,0.0006291123295909641,"combined, ex-earnings, exit after 10"
2025-10-01,-0.07928722639408456,-0.010314561835193541,-0.008961372204837375,"combined, ex-earnings, exit after 10"
2025-11-01,-0.051896649179178904,0.001774150294604179,0.003598543260007825,"combined, ex-earnings, exit after 10"
