horizon,target,symbol,origins,qlike_RV,rmse_RV,qlike_ARCH,rmse_ARCH,qlike_GARCH,rmse_GARCH,qlike_IV,rmse_IV,qlike_MEAN,rmse_MEAN,t_dm_iv_vs_rv,premium_points,premium_ratio,mean_iv,best_qlike,best_rmse
5,target_rv,A,105,1.1974383167760887,0.17726528058637467,0.4760024321900824,0.1425516965833064,0.4738904329855487,0.1436917547129174,0.4280622706069921,0.1303093241802656,0.6865138631839067,0.1431085299164086,-2.1985668003140164,3.944715869478732,1.1478843746515097,30.61904085326736,IV,IV
5,target_rv,AAPL,125,1.601889214577706,0.13699656128660564,0.7278746354335186,0.15080415440438272,0.7772126693936838,0.15910484397852462,0.5958944237630092,0.12173216576384237,0.9535853455512665,0.116184172706497,-2.2213359631308673,6.045090740458148,1.3224422154957947,24.792917327504398,IV,MEAN
5,target_rv,ABBV,125,2.0298699224675203,0.15740450778335977,0.5985662335271474,0.1372058924269379,0.564074941085121,0.1275416932807953,0.4765541746623326,0.11224732906127635,0.5517361690417778,0.10911071537258922,-2.3809508631272287,3.6019074321874642,1.174155556313004,24.284034999302666,IV,MEAN
5,target_rv,ABNB,125,1.28006561826932,0.1559853551503593,0.6590983906013016,0.18406977104422126,0.6942119067321194,0.19205953864877928,0.6170493059524634,0.18047625730386835,0.6184161014177725,0.13082577691437708,-2.4359827367790605,12.864289167834242,1.5583658547784223,35.903465109098086,IV,MEAN
5,target_rv,ABT,125,3.546393091647016,0.18379289327222004,0.7567192240615315,0.14046402876308295,0.8109781060241095,0.13678274454674705,0.5751044637849402,0.11975211633278443,0.873841378139074,0.133659629430357,-1.4455297493212145,3.432848266691925,1.1917784352851635,21.332922702003042,IV,IV
5,target_rv,ACGL,101,0.4756028041943141,0.08099365159982813,0.37697410277361887,0.09814348229921378,0.3858162293539853,0.1001412498813826,0.3207123861570154,0.08986537010760975,0.25393884764857505,0.06873473001295659,-1.5635122746328316,6.2253222314687635,1.338777944817539,24.601141338647135,MEAN,MEAN
5,target_rv,ACN,125,0.8995193263302864,0.1460664778853374,0.379605109182754,0.11632907090568959,0.3692470683284413,0.11391532562830205,0.48600928897986895,0.14773314125884512,0.43278289986013385,0.11031304416177423,-2.065229732280137,8.699645978625684,1.3513561283329734,33.45984020065788,GARCH,MEAN
5,target_rv,ADBE,125,1.3772905039862353,0.13636098560848825,0.4126316423506352,0.1329780818344912,0.3957204748324694,0.12687672384680937,0.4776593449054088,0.1703290053715932,0.4241466349626688,0.10035184906100728,-1.5910579402776246,12.22541134938803,1.4986419625949337,36.74282517827433,GARCH,MEAN
5,target_rv,ADI,125,0.8902433957274801,0.1499497659566472,0.6439146396581784,0.1832717483882915,0.6664370728341759,0.18496420880149747,0.42353630370331263,0.12365301602594904,0.6848462346347399,0.1273567329547489,-2.3109464173881107,7.419757590975105,1.3076641942307548,31.53617324839849,IV,IV
5,target_rv,ADM,123,1.0620088976560256,0.15737209558121779,0.42530904317273915,0.12420247161990294,0.42989463658527866,0.12566011167975663,0.3680812789240735,0.11518204365047635,0.43228068991224766,0.11152659773615653,-2.7858463746011175,5.53330688991716,1.236079414129599,28.971635514705994,IV,MEAN
5,target_rv,ADP,125,2.0258889201103893,0.12671652390188182,0.5409225431564638,0.09823727187475768,0.5347782447164309,0.09811658455404014,0.4671454914059454,0.09987463296564815,0.5656079602866733,0.09533735315823856,-1.4003598365890295,4.941579932852683,1.3121061805974767,20.77458882550846,IV,MEAN
5,target_rv,ADSK,125,1.4573281753821619,0.20190525805734258,0.719578537514322,0.18394763568175007,0.7806331522576443,0.18769865727370152,0.6346329596805901,0.1577910814567466,1.0229178573796387,0.15957516328073887,-2.2410078050877464,6.532563815365107,1.2909553278882808,28.98468339941837,IV,IV
5,target_rv,AEE,98,0.404377273905514,0.06207174878146673,0.29568324105034655,0.06500580212766723,0.292102589041813,0.054960116659105065,0.2506752109378061,0.059666807873796954,0.23584872351354383,0.04636895281230448,-1.6862665967660546,4.099523052072921,1.29580948052462,17.95818317615813,MEAN,MEAN
5,target_rv,AEP,104,1.7634834821837717,0.12159852832365552,0.48764274360007,0.09414081716382,0.44916252277893254,0.0907479428709588,0.3391106537278803,0.07814842300408215,0.5307290270325071,0.084131778790819,-1.3651895557671347,2.2389248545303593,1.1359672016835922,18.70557877405825,IV,IV
5,target_rv,AES,125,1.8148484428999385,0.40171044918412907,1.0680251791871327,0.37115652139079147,1.0704726028100908,0.37184406941444564,0.9329935180840725,0.33492034581133034,1.2940130339473805,0.34451526238559227,-1.4826032887578762,14.861372727807568,1.4348419002174433,49.037869335830216,IV,IV
5,target_rv,AFL,125,0.6583255556141263,0.08016568770631981,0.38397928425605987,0.08531299933051588,0.39210788659108003,0.08699923224823398,0.2682481685652586,0.06791929330606364,0.2493101674175357,0.05715971345646815,-2.7314267821951255,3.992803182149233,1.2531916752395402,19.762686525950734,MEAN,MEAN
5,target_rv,AIG,125,3.0137749859508585,0.16947064973211692,0.7038163029895005,0.13012483091483215,0.6797039323691922,0.12924214216424174,0.6306227711638217,0.12262869792720867,0.7635266870428372,0.11957892067680141,-1.8632639694061677,4.456813589514293,1.2268754476656067,24.10113224705022,IV,MEAN
5,target_rv,AIZ,78,2.167270770617141,0.1711258926271777,0.8880060740971061,0.1745367875302148,0.8986795420806789,0.1759624778662935,0.61543540332179,0.14765760002765957,0.9441182666682146,0.15067453269288908,-1.5192924900341258,3.686454333236791,1.1867716057907687,23.424220775993355,IV,IV
5,target_rv,AJG,101,1.6270733726793956,0.17752319139780898,0.6071875889150327,0.1332214233565608,0.6222455226514013,0.1370498140806766,0.5618954144901034,0.12809863667023696,0.8718129884017808,0.133229178672703,-2.76420960014729,4.9632144287047995,1.2365391540516686,25.945848143631583,IV,IV
5,target_rv,AKAM,115,2.603414342368432,0.2543809183251842,1.0197850672059992,0.3653259288629887,1.097095583103813,0.38467336542138214,0.5042798717625612,0.18976047008954078,1.699520943819353,0.205102654210263,-1.3736512490845492,9.875517886721772,1.3613410962509012,37.20569978184891,IV,IV
5,target_rv,ALB,125,1.2010687187304947,0.3333021046810792,0.3747527594013944,0.26114943175024496,0.34945412568505085,0.24551495669221793,0.2837942059347317,0.21118894808423458,0.30475598845667284,0.2318022289464804,-2.7106896305916726,-1.940846662302077,0.9677550268392731,58.24982717165719,IV,IV
5,target_rv,ALGN,125,5.244700405637288,0.8280265317578485,3.383040256490625,0.8324631568785602,3.609129614974117,0.7428322689378057,1.7126699961609577,0.5848882836823885,5.890129342906725,0.6438649340396938,-1.1701344653885306,2.881299634415037,1.0662252233189369,46.38888617042217,IV,IV
5,target_rv,ALL,101,1.2065149668169741,0.12027987476665226,0.4003818501204604,0.10922376627369429,0.383465748702603,0.10500512325003812,0.3068502309653626,0.08596397933905676,0.32533019004614244,0.09036405785655921,-1.6352455955911847,2.9887801707186363,1.1460640010138434,23.45090738874121,IV,IV
5,target_rv,ALLE,93,1.012555468497059,0.1379322190301435,0.7042507158410057,0.1608736847226591,0.6671485682126301,0.13487925015165367,0.5173942873732621,0.10493532396735757,0.6838853779686597,0.12317018107335692,-3.21119238771154,4.297056723714678,1.233609601568086,22.691235280036963,IV,IV
5,target_rv,AMAT,125,1.4304287507749853,0.30291834226911674,0.5733654249157734,0.23268329282489866,0.5583865485821964,0.2291793793620267,0.4870545195296389,0.1965638208447787,0.8469007561702045,0.21398147416751062,-2.35779757478856,0.9126765271827996,1.0240097420922627,38.92543500145755,IV,IV
5,target_rv,AMD,125,4.751889019972707,0.4094433344422017,0.982349714278438,0.33868546024624546,0.8608874402410879,0.32682056415917116,0.7252510181392806,0.30127744674283435,1.1049199377776195,0.3328705608243945,-1.2819475001289733,1.1951612461558099,1.0238577075417354,51.290554697729206,IV,IV
5,target_rv,AME,97,0.9082947614445153,0.15118598906383332,0.5891954178341785,0.12541423981409353,0.6151556923503884,0.12367582898978148,0.4021472582767645,0.10176483124412086,0.8062687075869078,0.11065278722222317,-2.0411593123245906,3.6859728877443203,1.2079631939455533,21.410132715321037,IV,IV
5,target_rv,AMGN,125,2.587060393017492,0.16315861411752386,0.45654872393720475,0.12546714036280915,0.4548250335017927,0.1260438067856024,0.3845804173011884,0.1135436024604598,0.49530061750005905,0.12226408049705315,-1.1655534841821353,1.5141746821291446,1.0641730695447742,25.109347748810716,IV,IV
5,target_rv,AMP,101,1.2199581013677605,0.1337311720734445,0.44554147364515906,0.11607096733910456,0.4555589014380427,0.11791248863718932,0.33345824860814327,0.08806485311367102,0.579238896980209,0.09698218142025967,-2.9478401416036606,2.536159362912932,1.1217260080985672,23.371142802600573,IV,IV
5,target_rv,AMT,105,1.0575720838125238,0.1097501318177888,0.37496698345361446,0.10307270474841947,0.3159379290925112,0.08061842080466171,0.3124035616880622,0.08498600361551151,0.37904077220235194,0.08156846019007943,-2.607613927788385,4.420102885430701,1.226359147612232,23.947049032986552,IV,GARCH
5,target_rv,AMZN,125,1.5222223448417171,0.2183726436784499,0.6545855492088757,0.17701052570080403,0.7728974841920234,0.18213549837323237,0.45793827746494314,0.1540649329570735,0.7980574320600463,0.16147821357783917,-2.0450973531699654,4.9415743782357,1.1860029535430605,31.508756695003072,IV,IV
5,target_rv,ANET,125,2.2099427016328836,0.3486608056188229,0.6971042722528857,0.32769539177091406,0.7281363390527936,0.269925353329025,0.5394266598676787,0.2470979991814872,0.8114017795811336,0.25879056287650537,-1.9601506333127412,9.193973532427494,1.2232053940706618,50.38461576895374,IV,IV
5,target_rv,AON,105,1.0781381523439237,0.11633445493454488,0.518798625319869,0.10447531327574489,0.5103845800457452,0.10149208054612095,0.4617063691733497,0.09635184039861326,0.5704594214748537,0.09116524567822838,-2.337813319907754,5.532079158679922,1.3294931754631814,22.3217414966123,IV,MEAN
5,target_rv,AOS,94,0.6608656806922263,0.10827969872728997,0.4435997265492577,0.10217215111577158,0.47349428887504913,0.10970297931501162,0.40682214100228514,0.09231053036457393,0.452094289146483,0.10105288230627184,-2.2198292147404604,4.568988598591353,1.2311245477620283,24.337501475448146,IV,IV
5,target_rv,APA,125,1.5746255728799603,0.25943854551833007,0.4221275482984455,0.2088145860984747,0.43046314869230345,0.21326534575965522,0.34629160396068615,0.16857823805361666,0.3804358045950764,0.16858687420032803,-2.4041283458081906,4.818956014800492,1.1194036840908612,45.177476369444356,IV,IV
5,target_rv,APD,101,2.6379327301867024,0.2323834807351011,0.8693667994698356,0.1976575477056183,0.8498170733914495,0.18791358200295982,0.7824974801833213,0.16437070026258266,1.3735834664908504,0.1733088710193338,-2.1143240782343025,3.079290930695314,1.132966302211187,26.23772189769738,IV,IV
5,target_rv,APH,105,1.718333803960048,0.16949628050332385,0.48790380945121054,0.16362539940356538,0.45728814829333303,0.14787141794683284,0.41349968088534284,0.13952986027004483,0.5911653845387038,0.12890280610624866,-1.784946001327951,7.6921696699117,1.279100230599833,35.252769148385596,IV,MEAN
5,target_rv,APO,125,1.2960113519955097,0.1812133923278511,0.5260021735484631,0.1772779853347188,0.5082833327475074,0.1706955640022289,0.39292749079227296,0.13762240213046206,0.47846055478219707,0.13684948407727776,-2.9829932234542884,7.055941453537269,1.2438609980749884,35.99021757491817,IV,MEAN
5,target_rv,APTV,103,0.7709926566206884,0.15225593216544198,0.43866958416997204,0.14372484556479617,0.4512281736798994,0.14883156351178142,0.4332043711292361,0.1428119311673394,0.4200744402048499,0.12186098503054349,-2.4428733246878513,10.5206047676471,1.407303127908305,36.35051877217585,MEAN,MEAN
5,target_rv,ARE,101,4.116702940579426,0.41954027971507835,1.334358506908808,0.3018095944580094,1.3450555963362492,0.30893243215964755,1.186948276065453,0.2987250987333825,1.8969351286699823,0.31222290745790215,-1.4895407646289756,-1.3716497604085411,0.9639393335706837,36.6656328587896,IV,IV
5,target_rv,ATO,91,0.6966345851937907,0.06327158108580849,0.2707265203491136,0.05834666439540604,0.25331148243101353,0.050070146318274195,0.24776980825916947,0.05480241792826838,0.27609434579051106,0.05091805302733352,-2.2557604756189,3.101260644142287,1.2191910759248241,17.249923545025737,IV,GARCH
5,target_rv,AVGO,125,1.7108191589433754,0.33322371951295143,0.7851570472130891,0.3276763666761531,0.8776784680210725,0.2918688548617706,0.5118617981002511,0.2233554513648693,0.8650265600011539,0.24186847079085186,-2.022836920385593,5.723166664608982,1.1458121634499163,44.97343584105386,IV,IV
5,target_rv,AVY,99,0.7157919942381666,0.15174679161402221,0.43896101932654386,0.10066068396088314,0.43559787424556273,0.0989403464963931,0.4110298854721791,0.09326213969767698,0.3345795518447981,0.07510874471230111,-2.4358615000374324,5.9755457205837486,1.342134162741572,23.441050108397015,MEAN,MEAN
5,target_rv,AWK,99,0.8044291515315037,0.11313001011021609,0.3972363875539085,0.10077705993204861,0.3993060079788786,0.10155258893692252,0.3270963729822976,0.08410445951315866,0.5007273054510399,0.09377092394955973,-2.8290437254301413,1.5716013470553494,1.0787250233436085,21.534775447313496,IV,IV
5,target_rv,AXON,101,3.0664109660566465,0.3803379282821406,0.8788126801650559,0.32091902986104137,0.9312944692546308,0.3634953846636584,0.6780673314465272,0.2625296710025211,0.9242523243028895,0.2768943176670698,-3.1235805564709707,8.328186789311731,1.2147485982700645,47.10928643978928,IV,IV
5,target_rv,AXP,125,2.0439860335671587,0.1489865100898429,0.5356568280509376,0.13707857788122435,0.5587652684379574,0.1400088352398164,0.39935888215424215,0.10643250676765809,0.5260131593632662,0.10918584087012691,-1.7649688979933569,4.90447470212624,1.2273964621926057,26.472421075769148,IV,IV
5,target_rv,AZO,101,0.7095207260975169,0.1347567523572953,0.43863559084512355,0.10732416274935991,0.42670107432112725,0.10402462316733962,0.3856218108332996,0.11147893152466626,0.5259337888513617,0.11584843711552777,-2.0603450626703137,4.483906664692603,1.2132159833046292,25.513787235542168,IV,GARCH
5,target_rv,BA,125,2.652957281005407,0.21726891236039844,0.6592961669057119,0.18374315352951093,0.6848273905812282,0.18671594012066658,0.5587779733152629,0.15619720032561704,0.6763058961410393,0.15799763343317932,-2.718565922474261,5.679442604579825,1.2202968638157579,31.460302605064218,IV,IV
5,target_rv,BAC,125,1.186434504989736,0.1057101027167873,0.4239859883931144,0.10775190040217747,0.4874406612278514,0.11820696280159976,0.36897633825254356,0.09492110801587447,0.38642668621921755,0.0810902087111083,-1.7556174001193414,6.490795479471088,1.3563877951280188,24.703527700392172,IV,MEAN
5,target_rv,BALL,105,1.5411731339759853,0.15744455817834174,0.47842148967463966,0.12232729529759688,0.4761064084626479,0.12242711337001139,0.4528324044721453,0.12348112578882728,0.7724457993169463,0.12157471270387699,-2.3653149404987355,5.984301216852616,1.2660055374992387,28.481205879484854,IV,MEAN
5,target_rv,BAX,113,3.685154906603526,0.4813394401311624,1.8480617727835886,0.5013998836060269,1.8090820486917714,0.49926301585538585,1.2214093190638444,0.36551254324669785,2.267026189828213,0.3813810731184119,-1.6057036281087882,4.2937998268803765,1.1137798228732154,42.03159655086498,IV,IV
5,target_rv,BBY,125,0.8818577424801957,0.1973583900960868,0.5801125447067677,0.24131862318327352,0.6250853700038921,0.2400543740907325,0.4457440658586517,0.17798264556581622,0.39876919869884836,0.14231033943890403,-1.5324463612871184,9.777430192710346,1.3334430531492207,39.10006894726497,MEAN,MEAN
5,target_rv,BDX,101,1.557995180233561,0.15974974616270593,0.6624702402248781,0.17459999372197169,0.7414864717213564,0.19883900092104995,0.443859082574169,0.12335967613088192,0.7120907052089744,0.12528575091624525,-2.5094635118134345,4.538440560971341,1.2051586903859912,26.66005067864462,IV,IV
5,target_rv,BEN,86,1.2034608604060253,0.12473053667443466,0.3917770980058614,0.11913165978729415,0.4287501276764886,0.12971711992240398,0.3128392107354412,0.10364711924351927,0.5286861587133893,0.10096705815793439,-2.21652035376651,4.492869348659687,1.1967619926020057,27.326899891069917,IV,MEAN
5,target_rv,BG,103,0.6267354286991615,0.13054720650623508,0.44523852681836706,0.13737276234326815,0.46272814449793914,0.14404984454139894,0.38071439300271837,0.12034158138614254,0.41321339850833094,0.11775958559172987,-1.643328760312435,5.216375628327632,1.2098979795412999,30.06833294457827,IV,MEAN
5,target_rv,BIIB,125,1.1344801075006798,0.19121363381705128,0.39081276200278525,0.13881688858708843,0.37467422742156753,0.13584090318667214,0.4250884637116054,0.16269662569580826,0.4335152877266247,0.13474902222698812,-1.9873352677312863,7.776664042596565,1.2657880495214449,37.03555682050193,GARCH,MEAN
5,target_rv,BK,109,0.5902956733874525,0.07445603058530874,0.3749849851716233,0.09164141781812328,0.3718849462897138,0.08727558697453061,0.4535895295395071,0.10506925343601828,0.22490262167658412,0.05162742804154616,-0.8456334894263208,8.560716850960603,1.5555392438865325,23.97045962821273,MEAN,MEAN
5,target_rv,BKNG,125,0.4620789757862827,0.10296496620333163,0.3521953248232619,0.10302835145706687,0.34918937216442175,0.1033434033123636,0.3378975295137184,0.10388376845368383,0.4328065037860043,0.09910864073572953,-1.2802096550502688,5.3772814819875006,1.2407346903831034,27.714242862294363,IV,MEAN
5,target_rv,BKR,105,1.1384484959295689,0.20763885010812078,0.5384834545956563,0.19835893386732936,0.5049142509748762,0.17772581173835295,0.33725615684067783,0.1352271065577953,0.5368043987654556,0.15552498200250536,-2.339341983226145,1.740297068553757,1.0610902394042547,30.227614936758922,IV,IV
5,target_rv,BLDR,105,0.8665482772269417,0.22632264224855572,0.3081322506634748,0.16592116814800867,0.3249476346433121,0.17590659097022998,0.2973232073812389,0.16214494422629777,0.3344564663113709,0.16201306290169853,-2.127177646283121,7.468056689055663,1.1847563332788293,47.889170036142254,IV,MEAN
5,target_rv,BLK,125,0.9954754787590289,0.1321096979845014,0.4991209881154649,0.13471067991286267,0.45232728811298545,0.12098889014503797,0.33815390124617317,0.09180153513149557,0.4816848278180247,0.10033321927241955,-3.4130573262520474,2.676455770996257,1.1309828165271893,23.11009616718272,IV,IV
5,target_rv,BMY,125,0.9534233578473925,0.16565731102113368,0.4359189964256036,0.130380938187683,0.4360219276498802,0.13018128146611074,0.375509606672187,0.12798383456052348,0.6534940079171957,0.12877365414939954,-2.55816180491919,6.201173880922732,1.2404200634204545,31.99425367925015,IV,IV
5,target_rv,BR,97,1.1612726974270733,0.10772122683060828,0.6743398825477052,0.1434389631732674,0.798288982764512,0.16432979686676874,0.47100853490138395,0.10468451571086755,0.4680726482701122,0.09215680005575028,-1.298128000704432,5.244924651878043,1.3034850752121472,22.52723960002384,MEAN,MEAN
5,target_rv,BRO,91,3.3993962959569117,0.24438435203823838,0.9920833612698379,0.17871303845390868,1.0492205564440535,0.18964514291385548,0.7286501849260308,0.16314846488517862,1.4787038872971274,0.1791592692619018,-1.5161988558477104,3.341956057096736,1.1547226345649315,24.941614481309003,IV,IV
5,target_rv,BSX,125,1.0684288969719404,0.1085498098639047,0.5173411206765149,0.1360606822878727,0.4857843159792191,0.12147480504366731,0.4216695147101887,0.10827220398340352,0.3767384562147534,0.07843111188024195,-1.9476014863356013,6.524273567164409,1.3491043147132027,25.212881218789263,MEAN,MEAN
5,target_rv,BX,125,0.4858432604618618,0.11676146217351138,0.3772111894057951,0.14466649554632205,0.3139805306384443,0.11971921335315501,0.23635509332343743,0.09486132832776993,0.26084050478017523,0.09712640576236907,-2.4607596042555926,5.423767381297167,1.2065966142118032,31.67670188358637,IV,IV
5,target_rv,BXP,101,0.6129672306580352,0.13616147795826739,0.3428805871836924,0.12123801757802337,0.34785735624625036,0.12270677254357101,0.303127404873069,0.1072953218404824,0.3249895336363245,0.11021078126744231,-2.996203539252905,4.6118287596171355,1.1845467149658566,29.601863182448092,IV,IV
5,target_rv,C,125,0.6359206744495682,0.1023548558147133,0.36314213145306135,0.12011037682057828,0.38355282273695346,0.1250768543082824,0.2718979574963775,0.09657748307718943,0.22761948557572115,0.07506201320431159,-2.084404586732478,6.651681308401629,1.2988905209699801,28.90625561479026,MEAN,MEAN
5,target_rv,CAG,125,0.5029253465693246,0.11475578767513657,0.23445484322458698,0.08591231577973368,0.23112985928367696,0.08539743271366006,0.3168573770525062,0.11443801214131574,0.22126882834238046,0.0839605303184306,-1.9160361141574334,7.945127992657773,1.3403649346920443,31.288096620863804,MEAN,MEAN
5,target_rv,CAH,125,2.8888674639467706,0.27886787409087055,1.3974491633449133,0.21862282894108878,1.4455522713339812,0.22597753642443172,0.9705841901717982,0.20012196936455676,1.7210551286278606,0.20974743232385923,-1.980888667527705,3.972976557478537,1.175800511944952,26.572322335962888,IV,IV
5,target_rv,CARR,103,1.015355503172199,0.2338467144070567,0.7771180238558175,0.2459267932924615,0.933310255603726,0.21776282485749837,0.7184544606759784,0.1847031846292582,1.3625543319467548,0.1942171597204725,-1.2597034342031581,5.9939920913739835,1.2284944834796137,32.22653827846287,IV,IV
5,target_rv,CAT,125,0.8438249575859956,0.18376677763023935,0.4939780100797463,0.15126485898463252,0.4762815367337626,0.14846489811726746,0.31375992477834097,0.12643965580598077,0.5898365285999263,0.1440196061795787,-1.9259651709175574,2.234611018813641,1.0825665318242241,29.29897922518213,IV,IV
5,target_rv,CB,105,1.0293229183348154,0.09538664614437646,0.5915107344418816,0.10032601727328314,0.4899783457684859,0.08548291867645395,0.44119773192008716,0.0756416851751985,0.4544630241211142,0.07553124489881376,-1.412802694742724,4.192546651581995,1.3035506156275036,18.00423549601114,IV,MEAN
5,target_rv,CBOE,125,0.5155326539367436,0.08052616807637474,0.26503963804040126,0.07369857450012977,0.26783538796948736,0.07451503956079097,0.22972299372034305,0.06677612677056771,0.2408699524033558,0.06297407445227518,-2.1765326334475783,3.558371729753512,1.197848794233574,21.543680882320857,IV,MEAN
5,target_rv,CBRE,103,0.9212776327428421,0.16024369381565168,0.5030988497876514,0.14098989683013607,0.4633955282762495,0.13254682838640702,0.3799265867663329,0.1133487930659264,0.4991610994793178,0.1129090346567879,-1.9668126327857838,6.136099998465812,1.2869532635858234,27.51972157428589,IV,MEAN
5,target_rv,CCI,103,0.5878544670086653,0.10294055518927112,0.32957539458295504,0.09889594354484407,0.34486683802259477,0.09275538757174384,0.2852346264684892,0.08821724252820877,0.36931886711220063,0.08523430511160081,-2.2529457680407807,4.374296967139123,1.2094656458956854,25.257420538235557,IV,MEAN
5,target_rv,CCL,125,1.3473889897179763,0.23480722061510473,0.5136316264118401,0.21237255501439894,0.517076936937211,0.21464059491889514,0.40893855116010197,0.17787436142997795,0.5458027754089345,0.1814643079632838,-1.954777371593022,7.453217097971584,1.217348712510009,41.744734226826665,IV,IV
5,target_rv,CDNS,125,1.5750727079572415,0.22542526298620738,0.6912277736931541,0.2350736069173448,0.6724152131580239,0.20805074619060007,0.5752094124352203,0.17598655282813597,0.7746295664945426,0.16595801612715694,-3.578523905339535,7.121924504995215,1.255847489317944,34.958525614434684,IV,MEAN
5,target_rv,CDW,99,1.910874504351724,0.1975673503187966,0.5524588077904352,0.16192579422347175,0.5483595212825569,0.15989243940179754,0.42414474331116303,0.14270277930976047,0.7669941770334684,0.15145286073472874,-1.9675362213900076,5.869237674114259,1.2232488084723987,32.15935637295559,IV,IV
5,target_rv,CEG,125,0.650937088919538,0.19886090841325885,0.6191646716275901,0.32259603775852846,0.44549604697943,0.16535916675675114,0.32711275279038954,0.17270327116070427,0.3737555538014518,0.15563051138202513,-2.196494609383574,9.670027454425528,1.2465854556237828,48.88575260724705,IV,MEAN
5,target_rv,CF,125,1.136086235717855,0.16640106343118466,0.43022417802590435,0.14773202216337625,0.42612197575393995,0.13439918095683406,0.397934498501029,0.137990869547684,0.44806994044987714,0.1334188681606912,-1.9943639442104748,5.4679826025291485,1.202110464284801,32.522408615939455,IV,MEAN
5,target_rv,CFG,103,3.0670803673896185,0.13913813797670987,0.5673566976357615,0.1444149404088898,0.6427554021838545,0.16431443857733966,0.43565570318710617,0.11260765287531713,0.4109438189228612,0.09486182762495549,-1.2842435306348936,7.196667562904516,1.3493075642239143,27.79933495401568,MEAN,MEAN
5,target_rv,CHD,97,0.8856275892847149,0.13930186319258972,0.4051829832354887,0.10196374755076033,0.4287467338094674,0.10265423427388683,0.3008656249167421,0.09096264334109168,0.5541312666174276,0.10148136802026177,-2.082082333951186,2.870156529873613,1.1431178001117506,22.92466077485578,IV,IV
5,target_rv,CHRW,103,4.217454419046881,0.4511691075117475,1.7597095140675831,0.39797441153326213,1.7949580898101176,0.3844584840252075,1.0644377819480382,0.28661396281742185,2.4303959518585847,0.3370389030809389,-1.7613024073117405,-3.9023089519600975,0.8693896081744915,25.975167850754538,IV,IV
5,target_rv,CHTR,125,1.9762291502409897,0.36294331512093925,1.23540008514396,0.36154737803127446,1.2172782154075865,0.33532908258196314,0.8808265404734645,0.30408339461323775,1.353797127153822,0.29940027892880944,-1.3235499622442357,13.058913428101288,1.3945975341739723,46.153173521332896,IV,MEAN
5,target_rv,CI,125,2.5450492015842494,0.36543116126317265,1.594564879503753,0.30952694254073176,1.5433268565114862,0.3065398343151585,0.9585580553196578,0.2545571225332084,1.6847184777471524,0.2853747204318344,-1.9108864535096406,0.73406123154224,1.0249894520641625,30.108904251608298,IV,IV
5,target_rv,CINF,101,0.5847083111446713,0.07829137701000317,0.4391698679624311,0.10324547617039545,0.4552057860874809,0.10697583849579638,0.26135278924452116,0.06763712561322968,0.30927842909702474,0.07335247015613051,-2.0697505466437143,3.697907610480497,1.2063654784444944,21.617123742722846,IV,IV
5,target_rv,CL,125,0.31828737648285044,0.06762680751630758,0.1831342912140978,0.06134992576468169,0.18748802120052754,0.06043677284241115,0.20268142450805968,0.07000107141145004,0.1365540970435788,0.04430368628636254,-1.9428368253850785,4.920276868697242,1.2774251592989951,22.655787523642612,MEAN,MEAN
5,target_rv,CLX,99,0.6258347070889565,0.10987421234807651,0.2134213290993686,0.07403684128617034,0.28120725103147687,0.07824114496746,0.2241449194230971,0.08374545955528581,0.2295492564730908,0.07305749411618126,-2.9128611699394122,5.198755787228972,1.2322925819378243,27.578961577099935,ARCH,MEAN
5,target_rv,CMCSA,125,1.1184141292896075,0.13360442740178285,0.44021636706874073,0.1211343573649965,0.5385240488670696,0.12558389690686375,0.40677988692930056,0.12060153078577494,0.4681024814157916,0.1038783321374937,-1.826936107662202,7.595945790426067,1.3345504853479484,30.30087710303776,IV,MEAN
5,target_rv,CME,105,0.8761869895801904,0.07165351945782511,0.20700691119706707,0.05765312009070965,0.20771253750356852,0.0571341773713134,0.26091473595205106,0.0697593853069807,0.4747778700527424,0.056143663306280005,-1.7231360674688019,4.649403620309763,1.29019809783135,20.67088568740374,ARCH,MEAN
5,target_rv,CMG,125,3.607028237710823,0.4290578099817108,1.4642820932931988,0.3577812334174356,1.3309379731497462,0.3291656927326085,0.789501680119287,0.2764740363361731,1.6875344402560222,0.31160963108506384,-2.07039585706617,2.468500910234802,1.072572443367796,36.48280159630229,IV,IV
5,target_rv,CMI,105,0.8781812792306767,0.13158058438423906,0.38405785788264934,0.12132636700962099,0.3972469482342324,0.12477250406589885,0.2737195270043362,0.09467833875282342,0.5504500051049507,0.115259107684819,-2.645459116031917,2.6325818619823056,1.1055274323417554,27.579477693357855,IV,IV
5,target_rv,CMS,58,0.5929438485310714,0.0693985739034855,0.23772901949314368,0.055520592696614295,0.21412887370212932,0.048706960442358276,0.2977692013783684,0.07025452901027873,0.19162206417785868,0.04246786142151256,-2.184613996991577,5.060772821177433,1.3476305297511937,19.618679529772717,MEAN,MEAN
5,target_rv,CNC,125,12.008243514939842,0.9137474316386546,3.7992935653951667,0.7351783467281611,3.490713099438934,0.7070378596987895,1.9383112222896626,0.5506651375682886,10.877744794155607,0.7953909084280953,-1.1778790496628142,-0.149062059906334,0.9971411531456646,51.99156229018001,IV,IV
5,target_rv,CNP,101,0.6960029244480795,0.07916779988533278,0.2976721884526576,0.06315255485944803,0.31790543962260476,0.06132805277807205,0.4062693664344544,0.08660104057140681,0.3656546935248495,0.06465825701989074,-1.239811845233639,6.189132628652113,1.421571078056992,20.87024561481245,ARCH,GARCH
5,target_rv,COF,125,2.138261826747632,0.15020721142709248,0.5377770222218611,0.1559579001169628,0.501978800969545,0.14360526260938516,0.41024910703528533,0.12477856335102962,0.5018539367846947,0.1148941208711049,-1.4153272489593898,6.912278617439964,1.2906935676964797,30.69085298430468,IV,MEAN
5,target_rv,COO,101,2.6559796904023236,0.2955100420354751,0.8759697039751565,0.3029067366895592,0.8249194717337929,0.25184476380769477,0.5322795327027954,0.19120544237274012,1.163165397576445,0.2154866156078456,-1.5025529650799492,5.021836122827844,1.1741048555376323,33.865581504428555,IV,IV
5,target_rv,COP,125,0.7634930399723843,0.13367943428263637,0.3382333982215399,0.12229303340744369,0.34714093083421516,0.12455334659006881,0.29619146582308553,0.10341298100095056,0.2751735810280613,0.09017775101778235,-2.6399747999315553,4.113893876158233,1.165330659256245,28.99671896537611,MEAN,MEAN
5,target_rv,COR,105,1.2050095019720106,0.13714069286145442,0.4936899521796394,0.10229132524555812,0.49106215067810965,0.10133770175506492,0.5339290980685775,0.11462689157563269,0.6197234237138355,0.10500191132578933,-1.914755742656181,5.389432496358407,1.2661682505095435,25.63764950210971,GARCH,GARCH
5,target_rv,COST,125,1.132415784421775,0.09205249311142447,0.3897724488859356,0.08599932147955315,0.36633820480490553,0.08032215374885113,0.3858180974071473,0.08655748364685872,0.3913150851347568,0.06256226670630333,-2.4625916204146163,6.179275421621442,1.3846249145283462,22.244993445111703,GARCH,MEAN
5,target_rv,CPAY,99,1.5910073303650323,0.15919665191392424,0.42598774415615664,0.14601307869975585,0.44147099748722074,0.15219848948894013,0.2734580076800472,0.10390754465869065,0.44956645858606364,0.12297764445267598,-1.8595262410811872,2.3581064234711153,1.0858391447818045,29.829330996656356,IV,IV
5,target_rv,CPB,121,0.8152272036285524,0.16434834963631156,0.3979517210848263,0.1250878707365458,0.379307601840584,0.11947221447403081,0.35565624722886957,0.13039846135040198,0.3980770439852387,0.11653717010850037,-2.9877152035039125,6.042964151303649,1.2326505849438396,32.01738477338111,IV,MEAN
5,target_rv,CPRT,105,1.543821475386939,0.13258981058890296,0.5787266387418457,0.12618483549687598,0.6286191714964667,0.13867705957981333,0.5662709881276289,0.13151128287203837,0.5065120328391567,0.0936131655725623,-1.914693530560333,10.417124153897118,1.5501025874155823,29.353817767423724,MEAN,MEAN
5,target_rv,CPT,70,1.0115980795897432,0.10363163213457814,0.40985994019522004,0.09394436714031977,0.4152734715200429,0.09549865424707225,0.36257155011877185,0.08645554693601662,0.4899930425256036,0.08766501714253806,-1.4984683146632485,3.1742031961252652,1.1732622768776364,21.49442415436068,IV,IV
5,target_rv,CRL,101,1.449568653001591,0.2590938578636135,0.6789637772476407,0.33262332496182556,0.6823001761792401,0.3354251917392187,0.3686157785481178,0.1726624838631134,0.7193274264982286,0.19830865160564723,-2.6751756768868344,6.704269795651428,1.1752475443301604,44.96026831064812,IV,IV
5,target_rv,CRM,125,0.7402207476783438,0.14646874497940698,0.3509220960652598,0.12075289000164942,0.3638513366803106,0.123580928911191,0.33051182481765795,0.12977015417925075,0.48990733160982547,0.11870214091773039,-2.6577564801048457,8.703360279163983,1.3147340231706337,36.35642489380667,IV,MEAN
5,target_rv,CRWD,125,1.4643981339096248,0.24271998869731912,0.5680160652910771,0.22792341964960505,0.5682040013543839,0.20980114860723134,0.48293631290360767,0.19305348941489517,0.49772976779714606,0.16261557022588677,-2.254596167944723,9.93814331896163,1.3072647716073287,42.28205071509541,IV,MEAN
5,target_rv,CSCO,125,0.7129135705987338,0.10167486985943006,0.4207992941024694,0.10938524715282262,0.4188656127224182,0.09933149721603088,0.352430670321001,0.0941347846435872,0.5850336022699604,0.09124428921090964,-1.8780455877632687,5.464432300183785,1.2876593245667605,24.460626177832914,IV,MEAN
5,target_rv,CSGP,103,2.8969957668011617,0.2243498692775323,0.5854212455044766,0.17211599317830897,0.6110671173903874,0.167133693996907,0.39551284270209586,0.1421775415777942,0.8735656901179429,0.16001243483135388,-1.6006899859660588,5.135440858099707,1.190764981975037,32.055690082727914,IV,IV
5,target_rv,CSX,123,0.6677601398453709,0.12672026584619234,0.4277709831605353,0.11093068892363123,0.41810483838238816,0.1050659811615796,0.47316787751399275,0.13287462599075692,0.44655771842535474,0.09362308382929779,-1.3396872457921094,6.734597099752945,1.3462239429481695,26.186160854721585,GARCH,MEAN
5,target_rv,CTAS,125,0.8029797047062844,0.09800002567441017,0.3878182092820345,0.09637499849572516,0.3547710580397913,0.08548387223747199,0.4192145143411847,0.10757829949511884,0.3064218944004801,0.07093720571995754,-1.9925816540615613,7.340756756711542,1.4205983749732054,24.793883524448535,MEAN,MEAN
5,target_rv,CTSH,99,1.3680493477362725,0.13502085837840402,0.4212074224894759,0.10748913758888183,0.43187754045804416,0.10951557434853522,0.4150151017811855,0.11362072111968767,0.49957033801640005,0.10213176758411859,-2.407798557190817,7.003457948145956,1.3206903048551328,28.842153543604216,IV,MEAN
5,target_rv,CTVA,105,1.1092749307656153,0.16750672292070476,0.6139894083623524,0.14423755586096754,0.6339828407456378,0.14753385803878669,0.6167745377636394,0.1461396419886467,1.086805927236809,0.14939782905949833,-1.5117747456730861,3.7122618610107474,1.1687165305952838,25.715214671341496,ARCH,ARCH
5,target_rv,CVS,125,1.152667817055173,0.14661718495391396,0.5757402333271479,0.17436051900971122,0.4462015729879498,0.12635845393157447,0.49556198882502245,0.14266100040252058,0.429455655734989,0.11125457666524588,-2.4764086084572248,8.660324101358787,1.3740830129714128,31.811132347283056,MEAN,MEAN
5,target_rv,CVX,125,0.6449246734912569,0.08867325019593762,0.32223620547683435,0.0875559520649615,0.36355158200555504,0.09709082123663619,0.2555940539723619,0.07408328118865656,0.2118063468753972,0.05894252303001446,-2.8865084595490567,4.514158105659182,1.2569713138494543,22.080936428253516,MEAN,MEAN
5,target_rv,D,101,0.40440237382922706,0.08021463272633551,0.28917533897224834,0.08185317622022575,0.3005917296358022,0.07567588006780641,0.21771721491820786,0.06381996178930922,0.19755537615954075,0.055754980497004926,-2.906235788290969,3.0325626479981604,1.1725874027324221,20.60373296510303,MEAN,MEAN
5,target_rv,DAL,125,0.9667703359496215,0.23477732097348028,0.5069431174162111,0.22146551209639984,0.5476876178105039,0.23911167921250334,0.41374883678395785,0.18225850180625972,0.6556186028153679,0.19170997452688557,-1.7153578561289666,7.634255484692222,1.2154666507855327,43.06551808082858,IV,IV
5,target_rv,DD,113,1.7936059712090728,0.17451396887887624,0.5376709640301852,0.1558063929022158,0.5434508231399908,0.15797263671193917,0.37156636224330925,0.12474584175490715,0.5242187942433578,0.12793019307902773,-1.2473908876318258,6.427976478489312,1.2674622293407685,30.461188548592645,IV,IV
5,target_rv,DE,125,1.8548200374937485,0.1562750326398638,0.5275032180034939,0.13453281945364803,0.571851735901633,0.14401601738116904,0.39568484904142043,0.12028610691760731,0.5013167364757052,0.11013748947283492,-1.7636783621900187,6.221429524277224,1.2907228450571593,27.621294137785736,IV,MEAN
5,target_rv,DECK,125,1.9075318019720355,0.30725800030749106,0.9349916210814242,0.5067203174943693,1.0219323935086646,0.5434017858586468,0.3293954181651576,0.21255355705353088,0.8264589664895541,0.23672464279993408,-1.643317693300822,7.601562178560063,1.1907948271700137,47.44311496754868,IV,IV
5,target_rv,DELL,125,1.0111336452535276,0.23878292877652615,0.4513502493286091,0.21805090196707186,0.503209567429101,0.24358234466835305,0.36800022388110587,0.1828649975099861,0.6006323369248182,0.19466820020002934,-2.6433664924741533,6.070696180971347,1.1529313159870398,45.76626894048262,IV,IV
5,target_rv,DG,125,1.1151309375722496,0.23258044449067966,0.5965065613966998,0.21195111222677157,0.6436230927230477,0.2116510868780034,0.4734290871873433,0.18961383165197607,0.8422533170149631,0.18850270663195878,-2.7150176496942047,5.288984922228974,1.1785437939544239,34.911884744661755,IV,MEAN
5,target_rv,DGX,101,1.3659265234002402,0.15996390020725218,0.514281294547899,0.1212206383967427,0.4494540528685709,0.10844964941023309,0.3471025371732714,0.09559328441783,0.7565844774432328,0.11533912050191418,-2.245338409165384,1.8170690535467298,1.0926775450029687,21.423426272963074,IV,IV
5,target_rv,DHI,125,1.6471528458248326,0.2833918450574901,0.6634349169993149,0.24819589005433196,0.7163137677402363,0.2318767082407725,0.5186978814578507,0.19610402835086155,0.6625849288690141,0.22122821053395436,-2.2592696782552077,0.20831725406267018,1.0058978499911309,35.52919763859937,IV,IV
5,target_rv,DHR,125,1.012935996665543,0.1770265887967148,0.5225812389631741,0.17401613704094393,0.4986460764212166,0.15731296644402976,0.324967885691724,0.11719375140768,0.5191874779112335,0.13268332414841466,-3.4276983757876747,4.198478287714943,1.1651408082517531,29.622105143861027,IV,IV
5,target_rv,DIS,125,1.5262967609030236,0.13486456673109862,0.6555840985107583,0.15999385047711445,0.6376936812631538,0.1314741157439573,0.4486352457005029,0.12746354220124323,0.6566329287614897,0.10468422274284278,-1.1510280353879134,8.62999534432495,1.4643469058681986,27.21522814175097,IV,MEAN
5,target_rv,DLR,125,0.7612229881277461,0.12754539346674032,0.397159703796114,0.1170170070014898,0.4180282270900385,0.09069129393945595,0.44208646353590675,0.12637056281517012,0.39962842341626387,0.09179386262971631,-1.8960991073579045,8.26809905755217,1.3956362987505277,29.166330801363156,ARCH,GARCH
5,target_rv,DLTR,125,0.9841037196055404,0.16733642541737967,0.49564122403935545,0.18273657431485307,0.573507139754212,0.17278263672041766,0.4029354966382577,0.15882676416739672,0.7636076909106776,0.14955067128166893,-1.0207646733103732,6.906769160171179,1.2228951735240272,37.89339417754361,IV,MEAN
5,target_rv,DOC,59,1.8449498875916834,0.16630509860088674,0.5230228773812801,0.13255070274939545,0.4017176383453115,0.11073949625661043,0.3279146933440395,0.10424492600844608,0.6783381082494141,0.12240676055266696,-1.9053387133043869,0.7551242502615839,1.031485768036412,24.738158406783057,IV,IV
5,target_rv,DOV,101,0.8259075831149715,0.13729605190460567,0.48539587248597765,0.12060466487602113,0.5011447290107601,0.12545997825947736,0.46033883845139023,0.11050297408879531,0.36528837866382996,0.0776950278169715,-1.3674296178323206,7.387273344278654,1.421010824636289,24.933789756678532,MEAN,MEAN
5,target_rv,DOW,125,2.982293840719797,0.3682451043822576,0.8102894537846759,0.30933417997201407,0.7573567993307643,0.3025924511810595,0.5253287213178633,0.25353409684310096,0.6996018243763368,0.28266704258902586,-1.8067358836037162,4.254388365514152,1.095426933174368,48.837067741161405,IV,IV
5,target_rv,DPZ,101,0.4354481801499662,0.08907424651950203,0.26361339530580774,0.0876209172639625,0.2139856961824295,0.06848353181226301,0.32671160782053654,0.10639231145229845,0.23737363379556514,0.0709169779950909,-1.0892961580763423,7.175722436587042,1.3354388524435714,28.567765678787694,GARCH,GARCH
5,target_rv,DRI,103,3.146615342482737,0.17645531184774152,0.6971977281576686,0.14177720067768057,1.3225202437877723,0.14085923497967862,0.5040247755940103,0.13120128896218455,1.1255735114505627,0.12787404839455754,-1.4757313916038783,6.387036455222315,1.3040815661662453,27.391389122001375,IV,MEAN
5,target_rv,DTE,96,0.8758956357791217,0.06568199500971533,0.2993413716702801,0.06224912547021019,0.29431046541681694,0.05846322500138201,0.2836171640854372,0.0600159060185399,0.2248855534389751,0.04586405853410948,-1.2860488969362154,3.8702278244181376,1.276960160249478,17.844179243755644,MEAN,MEAN
5,target_rv,DUK,101,0.6555526743039358,0.06308740682581937,0.3369344352088733,0.06174357250997964,0.34872378669171233,0.06361498042885358,0.38261775320571606,0.06995143345872858,0.284319428271631,0.04697695574193156,-1.277473582355742,4.8316421678768915,1.3723053581864526,17.809274806344536,MEAN,MEAN
5,target_rv,DVA,101,1.4916806518224728,0.1847822512128636,0.5979335830584969,0.19462924117398717,0.529051614409821,0.16510408668778717,0.377904024861931,0.13334263614022918,0.5633396355847758,0.14353658441055497,-2.211375835661175,6.862330925301162,1.2531806947822413,33.96681032173935,IV,IV
5,target_rv,DVN,125,1.1195829563586295,0.16267980268158658,0.36672650354784025,0.14961606987346268,0.3793031554911131,0.15439145154370734,0.32517544966478046,0.12788136373590214,0.3298038556921821,0.11729991035618828,-2.4242938090602233,4.866380902019225,1.1641801931624307,34.506868029505384,IV,MEAN
5,target_rv,DXCM,125,3.9490304789874764,0.36152131433847307,0.8677158102988553,0.27822914384774805,0.8564133666506875,0.28405364067491523,0.8323359437423171,0.28067712140266626,1.078138523220391,0.2739189683968138,-2.470680339092417,9.044822488052171,1.2516762445113776,44.983146764991524,IV,MEAN
5,target_rv,EBAY,125,2.913634532830565,0.4042442766593513,1.4316976261912013,0.42246075337424244,1.2203879222217933,0.34754869359599777,0.8928020973760105,0.2660005088223867,2.2582267955593607,0.298792932518481,-1.8376959558881416,-0.9301778404707535,0.9708435250422506,30.972781684597763,IV,IV
5,target_rv,ECL,100,1.1085759913985438,0.11450449996387653,0.43429416510637187,0.10085656924125122,0.436877356076622,0.10127964546161769,0.2992177675513449,0.07665376684144702,0.5359185265885964,0.08399976208766001,-2.5825091473769253,2.9788332161188356,1.1675151786648017,20.76130069077967,IV,IV
5,target_rv,ED,103,0.36717333186736034,0.06306479997987531,0.272783736856315,0.06796866356927136,0.2825683167016047,0.06814602727769663,0.2597796363301034,0.06663474744168854,0.20582265628039126,0.049759201644211805,-1.253607703065986,4.53363641476099,1.291173124724202,20.10387978476716,MEAN,MEAN
5,target_rv,EFX,99,2.0513754186807516,0.23056398287836133,0.9340076221961172,0.2834558934994164,1.1101063746950084,0.36565127199485764,0.6304659727923049,0.16611367456598033,0.9344317323699437,0.17085562268547538,-2.832978219961853,5.361156129436035,1.2006806151338274,32.07602405955904,IV,IV
5,target_rv,EG,99,3.768313773927877,0.22595482979479262,0.7410491342390872,0.16000387468143223,0.7359969164016574,0.1598538474241161,0.500588934609996,0.1399544532804899,0.9295472046389355,0.1525717851482249,-1.174834212578186,3.1100875309425664,1.1475308467132987,24.191018063297555,IV,IV
5,target_rv,EIX,101,0.47199066047396027,0.09743354651787628,0.4798055771511006,0.1587481211929598,0.27482459316036023,0.10469277129185597,0.38980566498534214,0.13858857845603556,0.19859036632076935,0.07203993786720155,-0.7253540008893266,11.791835408619878,1.5224842880004836,34.36062011551803,MEAN,MEAN
5,target_rv,EL,125,0.7916508919762596,0.170165709875618,0.3686233789306808,0.189907031813453,0.3829705477800425,0.19660845203218294,0.2697197910688466,0.15169925812044918,0.26190283643085127,0.13096335607964896,-1.7047792507276007,7.084860654337774,1.1906327037232483,44.24984082806097,MEAN,MEAN
5,target_rv,ELV,105,4.356891201131874,0.34520385262377334,0.8631103249796674,0.31051889473787836,0.861487264833814,0.3102886312756355,0.6096481022432914,0.22425402078426673,1.01762665743562,0.26641899943229586,-1.7125819188782698,1.6822344720417344,1.047209126852769,37.315904996983015,IV,IV
5,target_rv,EMN,63,2.2579247306286976,0.46425920045850083,1.5107964591943197,0.4722222874822722,1.4592050381643589,0.3864892668287615,1.3705040284484016,0.34535657963705435,2.2560527781672715,0.36536175902467005,-2.4037129813398357,-4.959700085148587,0.8782458889068966,35.77568076253371,IV,IV
5,target_rv,EMR,125,0.6820579778816341,0.12491107597318969,0.33840311528324923,0.11370989919260964,0.3493134509572007,0.11308201083649856,0.2715281060498788,0.09354672183474116,0.33171972237666836,0.08760602439407658,-2.382341755706366,3.5125188437957027,1.153006055784299,26.46924971167386,IV,MEAN
5,target_rv,EOG,125,1.5002192956429168,0.1280451792464822,0.46502871054321365,0.11541897513549107,0.4776332504343549,0.11907883165565597,0.5037217132397838,0.12213897655920855,0.45354397450570844,0.09450868869872273,-2.0427772247091696,6.595865881756084,1.3210493751255385,27.140574555233304,MEAN,MEAN
5,target_rv,EPAM,99,1.0508155485897563,0.20564021047433562,0.45343567090255293,0.17847138074466526,0.4634168465158881,0.18137492096281665,0.4673361648839723,0.1895346530994443,0.47763869468596887,0.14123748832615296,-2.9088066954886616,14.019192047456514,1.4598148814614103,44.50796614476259,ARCH,MEAN
5,target_rv,EQIX,103,0.9190211283047299,0.20117955025101505,0.5960676590062308,0.19613946855320183,0.6255712884185685,0.19165807309635377,0.3805634314112194,0.10230539530875622,0.629045617287514,0.24704974151770465,-1.7673956679424723,7.857386916068172,1.4219918997929215,26.47714459370113,IV,IV
5,target_rv,EQT,125,0.8147144660336103,0.17550712309533442,0.4132748126341063,0.1719733705068861,0.422307777175934,0.1712208294604318,0.3324653992778636,0.13904706269285416,0.43191592270010293,0.15880144643401778,-2.0237630693632536,3.9756683399491908,1.1258212009423958,35.57343016523446,IV,IV
5,target_rv,ERIE,99,1.0971516334695466,0.1695315689614551,0.4536353920964826,0.15434358888899596,0.48021638856320525,0.15140980531140028,0.39408472858254956,0.1321428202832774,0.44705888016033973,0.12701371513667395,-1.5986656436345104,4.669361993150978,1.1744155022598648,31.440846939448985,IV,MEAN
5,target_rv,ES,95,3.702470538724636,0.286505829749114,1.287824193222603,0.2164189800679803,1.2976591154514752,0.2128843649424808,1.1710778435971503,0.19563213268395516,1.6166110009115222,0.19996550603175559,-1.2977554021175286,1.0403763593998525,1.0488122521676635,22.354212808213884,IV,IV
5,target_rv,ESS,98,1.200574682293317,0.1601332394399562,0.6428211724340683,0.1434528147851463,0.6482975792997404,0.142068532168446,0.6741767687180628,0.1271612480322635,1.0027808883501135,0.1329787044226648,-1.6308060791933052,2.3385174313695747,1.1200766976983079,21.813715169111216,ARCH,IV
5,target_rv,ETN,125,1.2463504451331753,0.17155326609629132,0.5664826052151153,0.1899350115884874,0.5090382310616939,0.13920615001003392,0.3776603405151465,0.12348280279500203,0.5706347632704069,0.1256834917054119,-2.165564828062134,4.810779580027207,1.1817700151286399,31.27707863723192,IV,IV
5,target_rv,ETR,99,0.451207565792898,0.07396313590158361,0.370272875834018,0.08801752890027947,0.2818579256622448,0.06567688275792587,0.3413843961120068,0.08358438051362652,0.24900901021801125,0.056732874833610274,-1.3985091922298267,6.018940525189903,1.3666840195534675,22.433456032354655,MEAN,MEAN
5,target_rv,EVRG,70,0.48959258289057805,0.06576844011488521,0.3177668490771909,0.06261756374429098,0.30786870415759554,0.059799520236411496,0.3926986583091689,0.07702336525265205,0.26778195907951946,0.04925000340387699,-0.8719643150069523,5.782528912798487,1.4349167159223823,19.078244393714773,MEAN,MEAN
5,target_rv,EW,105,1.5855095196876585,0.13852400827546454,0.48490259940563996,0.11012663959884188,0.5252824315830673,0.11239641458033431,0.43426931844877126,0.11415016074714841,0.600388018262299,0.10024623744492987,-1.454449533604034,8.240363544161246,1.4438573391011578,26.805706095100156,IV,MEAN
5,target_rv,EXC,101,0.37220684980579477,0.05945452260099988,0.2868437081887788,0.06386862696631876,0.29617778506899495,0.06437202416449879,0.32908203104800504,0.07162574759960105,0.3217975739121818,0.05730997291967329,-0.4074471681064474,4.954852544170939,1.32918147379144,20.00689203807696,ARCH,MEAN
5,target_rv,EXPD,88,1.2919848131466756,0.20608095652896102,0.7750155919409536,0.19301948279552109,0.7631971909828817,0.17124180608496173,0.5691367723794285,0.14426180787871043,1.0386562493381735,0.16282726432101863,-2.1566506724097487,1.0545521333243812,1.045709648601899,24.12522026531626,IV,IV
5,target_rv,EXPE,125,1.513385706351325,0.27697313610050234,0.6938450164654321,0.24579428223444694,0.706048393480621,0.25358745952358835,0.4994735431104719,0.21227249576017115,0.8621255057694893,0.22355163865992048,-1.5809744032053363,5.3124368133571656,1.1536293428550424,39.89200810248083,IV,IV
5,target_rv,EXR,101,1.610940047795554,0.21738215249037238,0.79201131278202,0.17546886890182042,0.7817484016328918,0.17497248295088072,0.5484489423260137,0.14739351568260162,1.057050144372507,0.16505674741380083,-2.040356602191958,1.8629886631357653,1.080997572994203,24.863537868098998,IV,IV
5,target_rv,F,125,1.4512502885120953,0.23226067623834576,0.6721427675999558,0.21489599177951677,0.6875514181786793,0.1975777708354977,0.4469448850441755,0.15307060480130522,0.801957229022599,0.17161089936411675,-2.2626805206419154,4.937161248301907,1.19185322477054,30.671215258636366,IV,IV
5,target_rv,FANG,111,0.7912937093755659,0.13629291377627833,0.3367221646074735,0.13657572579957736,0.34826370072556206,0.14049272177242472,0.2730042216892262,0.11217783133153403,0.2100184619358522,0.08646269384788563,-1.8932979266674481,6.927756647662601,1.254058398365091,34.196119717901155,MEAN,MEAN
5,target_rv,FAST,104,0.7286981218507792,0.1124743633521459,0.3762870291243273,0.10218496186110475,0.37838839885130326,0.10054651828590988,0.32456574277117084,0.10172126623148733,0.3363628473648423,0.08459155598283344,-1.827200470865012,5.765811816896733,1.2948958922710279,25.317836677241658,IV,MEAN
5,target_rv,FCX,125,9.146753024901752,0.38162234977500487,0.9345100292215591,0.327665764061008,0.8311265741624593,0.2951537836176705,0.777048032690199,0.256593270957795,0.9234829628449911,0.2671345893103753,-1.2025135079106202,1.224363517733001,1.0321302574357298,39.33061025982934,IV,IV
5,target_rv,FDS,99,3.6488036354109563,0.2767766709935318,1.0334645592166123,0.21780876301673177,1.0183757841468626,0.21700808115607817,0.656197425931089,0.1946861219968841,1.4046123043203853,0.20037689169715048,-2.0436310361558574,5.270620377486923,1.1900966902614931,32.99661797500833,IV,IV
5,target_rv,FDX,125,0.90643160219696,0.15374271489218355,0.5001704894409073,0.150726622551047,0.4937969853602752,0.1486654398586581,0.5452181829417572,0.16456876976640014,0.39369462017937173,0.11598081499703132,-2.0285614135373775,9.088765530551136,1.38483632945942,32.705988840310205,MEAN,MEAN
5,target_rv,FE,92,0.6643212125312378,0.06913481787908636,0.6342333948914795,0.09763812670096408,0.5542984819948275,0.08118543771295952,0.5937556639767275,0.09018339382877695,0.5085044198559847,0.05855821638252063,-0.4050741554681572,6.932973528279537,1.5705490167782186,19.084380899777113,MEAN,MEAN
5,target_rv,FFIV,103,1.6813633371662366,0.17507652666448273,0.6157987847675919,0.1805355364683119,0.5932558933513707,0.18901872261112215,0.42329094645881665,0.12802671467569565,0.7283318685769624,0.136100511238868,-2.5272798170139237,6.563127423887304,1.2693093755903655,30.933342569572346,IV,IV
5,target_rv,FICO,101,5.474645463531468,0.34332791806035823,0.8746690000302157,0.28308689348021815,0.8701639790731016,0.28871906116729196,0.7353840565147974,0.26060295730473393,1.1057203002292824,0.2863646939049065,-2.2781246839888203,1.1641732110452234,1.0288298502384803,41.54500077050829,IV,IV
5,target_rv,FIS,123,1.2291910129620083,0.17356852016534474,0.5839502481313428,0.1575080546261713,0.5797752168932235,0.15785694501113862,0.48462514619730784,0.14911113178189697,0.7198390043052061,0.1344191378403071,-1.7845120097483584,7.512544675436146,1.3325364672209976,30.104186242505047,IV,MEAN
5,target_rv,FITB,105,1.3253065673733857,0.1331217749566747,0.6472179223617686,0.13493731268816767,0.6962800535821888,0.14334355766349366,0.5990723327198424,0.12705961109300049,0.5445603054805646,0.09503976249772812,-2.6606164403201062,8.833796389337541,1.5013025490121046,26.455482947177565,MEAN,MEAN
5,target_rv,FOXA,97,1.2667279829597786,0.16793149376350783,0.5031153051316216,0.142561549054238,0.5127699666881858,0.14534705069007037,0.5224499062079635,0.14496763625116918,0.5811022035709935,0.12793326088544488,-1.7131134358359463,6.540775040807932,1.2772080682562164,30.13595782878674,ARCH,MEAN
5,target_rv,FRT,84,0.94179830667807,0.08779464124909074,0.48842002823486236,0.11433179445623633,0.517990332070981,0.11974049623069129,0.27677908517784416,0.07100048878855239,0.2572458867586724,0.059147421312833195,-2.3961257614682685,4.378139360806064,1.2685034595443143,20.683848673588656,MEAN,MEAN
5,target_rv,FSLR,125,2.169680090421261,0.3324936598406692,0.6802192482569187,0.3484680091604314,0.6628456440317023,0.332475156026301,0.49972055539674604,0.2507141101938754,0.6471840948085403,0.27691073485058576,-1.7084752137841264,9.333206451538011,1.206002683520297,54.63944369100795,IV,IV
5,target_rv,FTNT,125,3.526784964011251,0.43391131521745424,1.371812419258898,0.4331534368643386,1.6125293530215314,0.4081222820072463,0.8312175628411549,0.3149839072580924,1.6444450318153725,0.34647790614822127,-1.5412604760349395,4.416994572292712,1.1310052881900905,38.1331493421948,IV,IV
5,target_rv,GD,125,2.6520496425528552,0.1298816123454225,0.8208261104771357,0.15301807709348894,0.8090935210812201,0.1499093222643373,0.4936565121793352,0.08548476611419531,0.7888196819630326,0.09315872202664098,-2.391031252025102,3.793190161126312,1.2574228762734279,18.528439087089208,IV,IV
5,target_rv,GDDY,125,1.4108199111217399,0.2186044237242426,0.8967207133921131,0.2742799815520191,0.9858869166090747,0.30658173270290867,0.6704431707518954,0.18600011090618576,1.373377032737545,0.17869705256877472,-1.8886431308079321,9.304730788075268,1.3909853153310556,33.102890011003524,IV,MEAN
5,target_rv,GE,125,0.7535439932598575,0.10809635802986907,0.3367871032507579,0.11214260550005897,0.3583851972041289,0.12145662926613081,0.35935754190901525,0.1212889379962458,0.23839253721782433,0.07376815518718971,-2.0131614169628183,8.503373068189175,1.3801435534571591,30.87222028618491,MEAN,MEAN
5,target_rv,GEHC,125,0.7476160779907002,0.14825167814093274,0.4048765707023494,0.15665889094352534,0.39732757217591735,0.14932089421654204,0.3174866473994206,0.12369258077845333,0.3799811909125332,0.11131547907093611,-1.7282666695895885,4.485853494008438,1.1661325756646541,31.487502484651504,IV,MEAN
5,target_rv,GEN,89,0.7121889571117337,0.1054094405674691,0.3748373283628022,0.10854493591543156,0.395059170957068,0.11175293893604649,0.4073306132113833,0.12904452016227425,0.41111415830282466,0.09030786544638714,-1.742081126644419,9.447928451940516,1.4597260842884443,29.99914095615126,ARCH,MEAN
5,target_rv,GEV,125,1.4787616420778058,0.33880839023462717,0.7453972839499667,0.4030537482490693,0.7469257772063971,0.3830317013181116,0.5737751013926554,0.25686035147943087,0.8666970738749801,0.2651361673579687,-1.7923814288549433,4.38232909445404,1.098074760740618,49.065885407623604,IV,IV
5,target_rv,GILD,125,1.4746175052648685,0.16703092826518393,0.4461402073693401,0.13348801256269213,0.43739032944425127,0.13162790860787169,0.35969171598621463,0.11651480650916972,0.4236252202597239,0.11441250508302452,-2.0872216664755636,5.281116581170079,1.2243954082724748,28.81598577402547,IV,MEAN
5,target_rv,GIS,103,0.5750170629531088,0.09906834317014127,0.2621440581800683,0.07766417387589464,0.24774616729447624,0.07413403029014477,0.3790973760104293,0.1071263060626983,0.2669645396166457,0.08354321847788035,-1.553881321518952,7.875216105993281,1.4061528783477475,27.26499893365683,GARCH,GARCH
5,target_rv,GL,103,0.6866709972968208,0.12692004483030367,0.4360059174407432,0.11515628056515924,0.4432630615834808,0.1178670030422692,0.47226169415839525,0.11860151100096837,0.5296404506541783,0.12620882665386823,-1.3461161921954776,5.3888111844226145,1.2655507328282838,25.681774141174213,ARCH,ARCH
5,target_rv,GLW,125,1.0951151679194124,0.23772352054021637,0.6281783264895848,0.2327684553662423,0.5969188249920128,0.19702184143762522,0.47761004717285643,0.17039893405158135,1.1189436635775527,0.18694173809654488,-2.6886023731505233,3.384298230926116,1.1068186208415172,35.066959964101535,IV,IV
5,target_rv,GM,125,3.235431914756818,0.3070350208368322,1.0008722600638784,0.2594145808476608,0.9473242767217903,0.2451477646676002,0.660530863634112,0.19713518244584122,1.2425952672020464,0.22892472306998798,-1.7227336292624116,4.163358974409281,1.1539711801410384,31.203217801207987,IV,IV
5,target_rv,GNRC,125,2.0540255296881487,0.40555657087372526,0.9327760595381321,0.33060380399708067,0.861144160776167,0.30738212441065055,0.6327004322624463,0.25658329192347057,1.3850668504136974,0.2875572046890045,-1.9835189866071992,-0.4207500114342623,0.9900550573270301,41.887187326188034,IV,IV
5,target_rv,GOOG,125,0.9665131542160955,0.16866265632911745,0.5020048115428762,0.15366009039820344,0.5708235568547335,0.15288459096253285,0.4827349373658707,0.1481472940079987,0.6034249248537169,0.12820077085521614,-2.200952856263128,7.498661851255162,1.2947930530704634,32.93569903090256,IV,MEAN
5,target_rv,GOOGL,125,0.9652452490823422,0.173008506825871,0.5070935390151267,0.1551644837642097,0.5708589156886177,0.1561201087159397,0.49226869135432716,0.15008499064684086,0.6065412910169911,0.13242147604087237,-2.2717658301225003,7.370702850212946,1.2853566617652783,33.20049355709952,IV,MEAN
5,target_rv,GPC,101,1.6013222969736538,0.1531164053391438,0.4259174498776099,0.11223513822440036,0.4265222190342465,0.11244904240441504,0.3549036398777176,0.09891944285846763,0.4392513959910111,0.10273743992048846,-2.817924783302262,4.129365710089832,1.201310976473934,24.64173807258,IV,IV
5,target_rv,GPN,105,1.0721701373075387,0.17697167101592337,0.46217144133068805,0.17478330853426768,0.4645712018619549,0.17071638552199625,0.3779465224992871,0.153048072758269,0.5179245975184984,0.14944356651112364,-2.325688947480852,9.361969690109879,1.3098651718200585,39.575012463263036,IV,MEAN
5,target_rv,GRMN,101,2.3432891478800513,0.26386800687629763,0.8181543497103629,0.22646081315342523,0.8226873370825902,0.2277140687439815,0.4441281607033152,0.15823835534998762,1.1439365115610174,0.18617145160139975,-1.7684480452947353,3.5672150011966512,1.1384111343577978,29.339816445060812,IV,IV
5,target_rv,GS,125,0.9312539851390249,0.11260187866128955,0.3374805258608324,0.10799301570876392,0.3602393093933287,0.11433279553773733,0.3013478615211913,0.1003002365225388,0.26533349057125205,0.078321737527376,-1.3838624351302908,6.141805261926057,1.281382150239465,27.969079155096548,MEAN,MEAN
5,target_rv,GWW,101,3.535371918276231,0.20858700445831777,0.9659974877425838,0.1984294900133302,0.9718527968430575,0.16917205074356642,0.7976212168803821,0.1524365445454572,1.2360427376381282,0.15840095429877116,-1.8424629463402107,1.2020545279603132,1.058326743969198,21.811031579638595,IV,IV
5,target_rv,HAL,125,0.8929041447819427,0.21752732107143014,0.4549733407794212,0.18695438929891,0.46091793130500625,0.1903035566559407,0.34413295332799027,0.15534940751839074,0.44912529561729664,0.16980959901077614,-3.2205941968119065,4.672774009978995,1.1404132533970273,37.95149875233956,IV,IV
5,target_rv,HAS,103,0.9446570765173448,0.12255076244312692,0.7459330256672906,0.195057575233975,0.7183939269233472,0.19306242772918966,0.4998757720030826,0.140315879397978,0.3340004825940175,0.08767386775720884,-1.349505038546491,10.711686049678166,1.5333667645351914,30.794838510467493,MEAN,MEAN
5,target_rv,HBAN,92,1.1115565346611143,0.11391995930010185,0.47672876939711256,0.12260047432391687,0.5208714225050486,0.13172152539886184,0.39679213917192885,0.10510867759359087,0.36948199860366004,0.08423343473892089,-1.9806972304074777,7.147292167356644,1.3643851762121402,26.761954436700925,MEAN,MEAN
5,target_rv,HCA,105,1.462678135801685,0.14957046071311425,0.44690269847695074,0.1174125739628922,0.4527635810703752,0.10420100065382291,0.38629016134774197,0.1034007329419651,0.5136103044142201,0.10538671294117682,-3.2213290241556165,4.791392480628809,1.213423770150669,27.24152761434083,IV,IV
5,target_rv,HD,125,1.1974666090411448,0.11945764256614803,0.447906911285247,0.10239150673809996,0.4664689976444799,0.10294023584307752,0.35086729546855866,0.09096085756837949,0.5577549419688261,0.09980661786051934,-2.115296752739285,3.391990958863088,1.171908301518064,23.123388040385954,IV,IV
5,target_rv,HIG,99,0.7255288141703479,0.08995359061379297,0.3765320975323373,0.08372613566600765,0.3813400129478115,0.08463235856148141,0.32660675685762824,0.0735703540037017,0.31310937077528034,0.06768907422775648,-2.302175725826211,3.5322659732129362,1.212520375009279,20.153100437008334,MEAN,MEAN
5,target_rv,HII,99,1.7858688069538464,0.1821883011553319,0.6293226459872244,0.19610175697441537,0.7212399887167995,0.14923144977234554,0.3737884857029615,0.12280848315994874,0.6067780399912214,0.13921848535829934,-2.6846866885262948,4.811973755742708,1.1781095786280162,31.82890228260518,IV,IV
5,target_rv,HLT,125,1.4177541929700006,0.11595438934351576,0.39857763951516967,0.10097168512784543,0.38492503918549786,0.09577824048949635,0.35480990058868056,0.09233574641296992,0.37517213514468645,0.083002120887477,-2.076908809623549,4.464040735125479,1.224391824762381,24.35799515994759,IV,MEAN
5,target_rv,HON,123,1.4878376059259393,0.14519271847733056,0.738441553498753,0.1403816001928998,0.73848550060745,0.13885706251335028,0.481780686339667,0.1028240686504976,0.8425698811352512,0.11862542375482041,-2.145902658759218,3.4636579905213476,1.195877831840136,21.146404210359954,IV,IV
5,target_rv,HPE,125,1.0470791813788238,0.2232933583764844,0.6116286526951956,0.2505529983281832,0.6752674686806662,0.2764174577316929,0.4077706312593358,0.17368210927717695,0.6724003656601926,0.19765615713417725,-1.9963666954277333,10.143843443896026,1.3249229849420323,41.36306742617517,IV,IV
5,target_rv,HPQ,125,1.3116848036741373,0.1901210711784133,0.5017376424749896,0.18691377199633888,0.4523751150288886,0.17039805745166975,0.3318293369834921,0.13377307914754707,0.5185635162974152,0.1426744501500626,-2.2197395454203694,4.720278091409477,1.1570950353712548,34.76755539876852,IV,IV
5,target_rv,HRL,119,3.7982740522838405,0.3024700662494887,1.5114350032843518,0.27769184023702076,1.410140359995658,0.2246778251213088,1.013127895239299,0.2129340642874307,1.6361632629465277,0.21198629854770337,-1.8743758649223685,3.513839819901866,1.1509582706745867,26.79073484658428,IV,MEAN
5,target_rv,HSIC,85,2.575264756186761,0.23843786629796904,0.6895073095759479,0.17892604755488314,0.6878666799913291,0.17882439045610102,0.38795793771714954,0.15110297826750688,1.0644936417068327,0.17999494582262038,-1.4579886204380974,4.406693455054967,1.1566690809685694,32.5340905637354,IV,IV
5,target_rv,HST,89,1.0150012516731233,0.13904778176353316,0.43129223143625495,0.12334814160821231,0.4501186312382621,0.1234991223244974,0.3290212606125775,0.10688440475793325,0.5067263790508705,0.1059032477110336,-1.7997345235010247,5.380416377659505,1.2395582717100375,27.840155877583722,IV,MEAN
5,target_rv,HSY,125,0.8228151511534707,0.12555513532311255,0.32265191452017833,0.10621062425772373,0.3276864717359391,0.10781651039991426,0.2930367149284084,0.09921506778530198,0.34054816074370275,0.10857490959349689,-2.3480226303477467,2.8544455147653234,1.1188733304657201,26.866942713104276,IV,IV
5,target_rv,HUBB,99,0.69242640437726,0.12607496150794165,0.3716563949865862,0.12382647546536761,0.33527744539956444,0.10821413008165436,0.31517066934886767,0.10829541841193795,0.468921165759092,0.09607979567957192,-2.02292214056854,7.0613043979817505,1.296374046295056,30.8869547417094,IV,MEAN
5,target_rv,HUM,125,1.7684290640071465,0.3333502206160123,0.6376794942942289,0.23488671432670788,0.6406997491568946,0.23449967721274248,0.5337153089993415,0.21783163436002745,0.8956008654004669,0.2422739967007619,-2.5671525016004346,2.5186142077471843,1.0626951294162248,42.69102044087616,IV,IV
5,target_rv,HWM,125,0.6822598720825228,0.1500233154312927,0.3937824664215115,0.14414730923937452,0.3822061708661059,0.14031039984308094,0.37515135803912036,0.14311079136502203,0.2826886821728599,0.10905591864364678,-1.9662473532031977,10.809470944081298,1.4363697062937608,35.58083061496654,MEAN,MEAN
5,target_rv,IBM,125,1.5775342500310612,0.18271420104708955,0.5757155546709779,0.15192603059482096,0.5739608606406922,0.15218512853795096,0.46774473900593394,0.13881385932577828,0.8175805714289138,0.13528947851857465,-1.513831937377448,6.271009137794037,1.2684470654651818,29.631328338628805,IV,MEAN
5,target_rv,ICE,101,1.6435655039764283,0.09953446136384049,0.48073600898406976,0.08826715745693658,0.48782340442725736,0.08765875605759875,0.4049485389071158,0.08146933343789518,0.610040508865188,0.07729260894122844,-1.736440368818959,5.055792583936702,1.32603909298482,20.56249927254871,IV,MEAN
5,target_rv,IDXX,101,4.0892226037987065,0.47684224053183266,2.055313594342394,0.5095754789741243,2.178345832339939,0.5216837183437162,1.5544840213079707,0.3692564899358502,6.618513589196133,0.42237129634350473,-1.958396127484365,-3.678725019263987,0.8926258306005493,30.582075691365816,IV,IV
5,target_rv,IEX,95,1.4283300039302256,0.2210116459157334,0.8730658615884342,0.20122871711528653,0.8042871430689722,0.18556474392823072,0.7696741807253202,0.15914188063109716,1.0535639083483217,0.16918857578547988,-2.1087448779806235,3.120761450742098,1.141362012865452,25.197141006206074,IV,IV
5,target_rv,IFF,105,0.4940241804514841,0.10838371675639323,0.3024360710561485,0.1061280167347023,0.3128027882479475,0.10640483575233571,0.3274381464640038,0.11852344990112863,0.5117224792816689,0.11109755900685736,-1.6073046654955838,7.317429699925035,1.2953482667558545,32.09302693061366,ARCH,ARCH
5,target_rv,INCY,95,0.9883416917606374,0.229502194493189,0.5241967582816578,0.17454806738553758,0.4942757689041587,0.1681552948078836,0.5730249948657038,0.20981981490216603,0.6058631520073543,0.16814947486507342,-2.162832572545705,11.30716577997683,1.3777271267220152,41.241912267745576,GARCH,MEAN
5,target_rv,INTC,125,3.4812926677617027,0.3936506961966196,0.6615800725957058,0.33626271931420676,0.6517318267795588,0.35132526572510026,0.8008106737773053,0.3202727200986793,0.8463305183068655,0.31426814121157387,-1.4785004681612348,2.732778303312447,1.0532688077484462,54.03443904664245,GARCH,MEAN
5,target_rv,INTU,125,0.835552343156288,0.1334572678670979,0.5006995532988544,0.14651953472981524,0.6355255259774389,0.18908645989388398,0.3688157945103372,0.11254584565208788,0.46775711258293295,0.09924514002299802,-2.6801336829664257,7.338754483259055,1.3337704407275794,29.326185327229087,IV,MEAN
5,target_rv,INVH,62,2.1528140034990737,0.10650669546856545,0.3193301680087733,0.0784383956855568,0.30722756992234923,0.07726945288880324,0.3335142244343433,0.08768519162261314,0.33925928438461234,0.07510638799963167,-1.3769735838293955,4.972356348236604,1.2676961443707941,23.546984533203066,GARCH,MEAN
5,target_rv,IP,125,1.5002997578259214,0.3140496094347038,0.8600446291986051,0.26147642946533434,0.9317186614045532,0.26950368127377106,0.649944751720426,0.2217818521064214,1.1473111643920744,0.24464160667913765,-2.1254482385040228,3.385618780460374,1.1068035038287096,35.08512918126332,IV,IV
5,target_rv,IQV,101,1.3573006102936092,0.31257958349406856,0.9769274981597629,0.29546693059483303,0.9496452166771487,0.26808078331087104,0.562325077945169,0.20506921635313122,1.3495371775493654,0.24998473700084656,-2.0110846854304363,4.477866502241854,1.1540307263474645,33.549121364344025,IV,IV
5,target_rv,IR,99,2.112478469978755,0.24143250616604808,0.7712311974363655,0.19995452413918627,0.7308183312578624,0.19764631302574828,0.6349714354391224,0.17810471553750046,1.0169347804968605,0.18425145735415022,-2.3569221536483864,4.020713957068814,1.1528755804066588,30.321277764404535,IV,IV
5,target_rv,IRM,125,0.8220663970896188,0.1525318377497513,0.44516391388961424,0.14240558811977636,0.5740552699202628,0.14663818741971785,0.46976266519637794,0.14463440574961076,0.6739091501364778,0.13596591658953794,-1.5093412853442851,5.119939982679787,1.1883780742954022,32.299005284361506,ARCH,MEAN
5,target_rv,ISRG,125,1.263695637617966,0.24174221847999597,0.7333637777251992,0.20300814958355975,0.7607573976515254,0.21000665051399386,0.5290058437561409,0.17512279385463067,0.9682146248783232,0.18142388137945978,-1.9230933601491136,5.850529278895808,1.2249512852824114,31.85851261426933,IV,IV
5,target_rv,IT,99,10.954400383056043,0.5632349246786527,4.136218188089698,0.5660532612502454,4.444169424096741,0.5927380254041777,2.2118764160316,0.4709744534162022,6.4482163505377965,0.5009988273229792,-1.3289853311025963,0.16934140213687032,1.0043408250573629,39.180681389135444,IV,IV
5,target_rv,ITW,99,1.7008918551932322,0.12462917741836292,0.6366047840371198,0.10802190042533143,0.6491133560277845,0.11095832659096731,0.5097587563766697,0.08533352706908502,0.5779165010407538,0.08170758303646854,-2.7765221186986504,4.726466187512186,1.3216885002497945,19.41914616781,IV,MEAN
5,target_rv,IVZ,99,1.5945732230820249,0.2764309803397244,0.7799215162078272,0.25325072439882823,0.9293354100007369,0.2864803996199446,0.6073737564097096,0.19763991081776866,1.0145825956638892,0.22126457825443005,-2.296295916045236,7.528547522806277,1.2706290392414359,35.34724556019551,IV,IV
5,target_rv,J,98,2.9482160286124217,0.23406847511879758,0.8847505522571324,0.17949649362948325,0.8785417839756273,0.1808157326954984,0.5757970757591956,0.16340594681911527,1.3764027599590094,0.17391658943462351,-1.2282709925355009,4.578081403783096,1.2126466453732674,26.107136779883653,IV,IV
5,target_rv,JBHT,105,0.9413492837565998,0.19660429792067882,0.46865755231047956,0.16558881678510315,0.5736416371716104,0.19596781465735302,0.3778554476237512,0.13296184375852954,0.38399745148590536,0.11452245871169625,-2.0743218496006515,8.120626797428088,1.3143149652185047,33.95658020735502,IV,MEAN
5,target_rv,JBL,101,0.7265172810066435,0.15482630772822376,0.35069695611076834,0.15255386165246654,0.3568295096281605,0.1513089652254765,0.3151032789709025,0.14477504997996304,0.605254923369219,0.1450450503683832,-1.6207866906013628,7.41806308522827,1.2223209264598682,40.78452661769889,IV,IV
5,target_rv,JCI,103,2.048007603015904,0.20608872840376377,0.9409307805060062,0.22276582476202894,0.9649163948632455,0.19116030777925683,0.6026317338016997,0.1479681046546811,1.33299291852212,0.1499351249429538,-1.9303186743964271,8.179085987835263,1.4053941889839368,28.35472296066653,IV,IV
5,target_rv,JKHY,75,0.456475922103748,0.09504119845172157,0.334180868378721,0.09143107564045909,0.35517789587661897,0.088373112521002,0.27284791233556155,0.0776355930993488,0.3295815611057216,0.07833740223922772,-1.847292734338012,4.227173025619084,1.2138189082316486,23.997047732113337,IV,IV
5,target_rv,JNJ,125,1.9498852155424207,0.11625907559209649,0.7203153452306135,0.13879431649263285,0.6332474224933103,0.11114649764880999,0.5203209613074578,0.0882978779480745,0.8591054577584186,0.0916349135035943,-1.641878833555139,2.110885860209785,1.1405721608274462,17.127272090488514,IV,IV
5,target_rv,JPM,125,1.0906800147420375,0.11504685659445224,0.4500603137683056,0.10252400008241945,0.45755730238496467,0.10310608055525254,0.42877256286328164,0.09909785002865695,0.46171741725600846,0.08495379076606493,-2.2128028815327756,5.035216969088673,1.275505151465212,23.311524843224603,IV,MEAN
5,target_rv,KDP,103,3.2573055478529267,0.27874562632785516,1.2674552852982217,0.2548671027395719,1.3488362266587535,0.19098575337572404,1.1501677641596124,0.18662199026298718,1.467242348821361,0.19547662944184363,-1.6669047505693435,0.9755776549881033,1.0393740453057587,25.752753772206393,IV,IV
5,target_rv,KEY,125,0.9803303417974906,0.13120660235390746,0.5047995020868147,0.13896260984245395,0.5762429562347597,0.15027387976598897,0.3933270897144471,0.11279791538903453,0.47145508026872185,0.10400805288260163,-1.9722020547601267,6.273147557030545,1.2906767229927065,27.854330571770742,IV,MEAN
5,target_rv,KEYS,105,1.1356354596654397,0.19178222180949936,0.5991672464695971,0.18523127228560246,0.6188809703527655,0.17110879591261344,0.34754170541815993,0.12080713376388016,0.9559442157199071,0.15746376572123938,-3.1015332974284515,4.354311591756297,1.173660402698436,29.42802744232718,IV,IV
5,target_rv,KHC,125,1.1090691277211486,0.1477455413572634,0.44260801763741714,0.11757272641510745,0.4287001776746534,0.11447374410397398,0.39612715201486715,0.11282524753160644,0.4893407523107402,0.11185024963664153,-2.668859178742778,4.087711784070796,1.1848044576017815,26.206830755102555,IV,MEAN
5,target_rv,KIM,77,0.4057708948498607,0.0769555910208342,0.3683871444673399,0.09171951923422601,0.296806151447555,0.07690394476511177,0.31463311712326936,0.08139894185431025,0.22916647071353666,0.059767094969189596,-0.9326276775281113,5.9854656145721,1.3676359949237242,22.266422042176377,MEAN,MEAN
5,target_rv,KKR,125,0.7629615792939094,0.16383576555019447,0.5384954530853951,0.1986260333709851,0.5382544888697511,0.19629462487777363,0.3721280430235486,0.14359196387586587,0.38265627263559976,0.12783315538778323,-2.3628787608573876,6.34641212341631,1.2109427326944495,36.432360296890906,IV,MEAN
5,target_rv,KLAC,105,1.9263465168585232,0.2017146529307119,0.42349465532146974,0.16469907728224176,0.4386904591166569,0.16863056796348133,0.38669336853349073,0.1530292402297697,0.6171480768519833,0.15054888747032613,-2.4481451129583287,7.352675148780125,1.22497577932321,40.03474950762457,IV,MEAN
5,target_rv,KMB,125,2.6366787916886993,0.2817883599642961,1.4947577833323367,0.25856398607943964,1.5558617753222432,0.25464402862738933,1.3351564547902623,0.21079700793787612,2.2385605985138235,0.2132761348331179,-1.80567344783748,2.872119319029594,1.143149100263996,22.935950064265292,IV,IV
5,target_rv,KMI,125,0.9510755230792816,0.11312080286404157,0.4940359775691535,0.12166776870954583,0.45778995135647343,0.10548939669837622,0.3644663766046535,0.09112673849319745,0.3411411270568515,0.08021629247448753,-2.5040978807696033,5.529459287280288,1.306774900704292,23.553943280546324,MEAN,MEAN
5,target_rv,KMX,61,3.278517176526988,0.5520386956892321,1.858384205176147,0.4967503783411454,1.5116957554848647,0.417427008442004,0.5719593239195006,0.3177693840373182,1.7308272319036069,0.37330527745715775,-1.4230028512837358,-1.0258653525439843,0.9757565178306402,41.28923383071299,IV,IV
5,target_rv,KO,125,0.6635765496504861,0.07331924995936435,0.3519709715612852,0.06925440528343109,0.39007524628972534,0.06829166370434296,0.29953644330071255,0.06162801019796064,0.3179919839603361,0.055435906695522626,-2.532078385445523,2.915512937179764,1.2063732681108632,17.042889820185533,IV,MEAN
5,target_rv,KR,125,0.46305277731878886,0.09207593698945175,0.2565396454613811,0.08520727079681623,0.2566952314608035,0.08523274274830686,0.2661827906432652,0.09090555459162702,0.2607924110629373,0.0746864547421911,-2.3414523279811217,3.7942129927022386,1.1743744348010832,25.553211076512326,ARCH,MEAN
5,target_rv,KVUE,96,1.6630359934153087,0.3310956789364332,1.2044444483076422,0.27109217700652516,0.9685729829994779,0.25495763183905196,0.6779214170248465,0.2427865566548439,1.7711861186817732,0.270297208366167,-1.8803531293575915,6.289483735820105,1.1837520081130246,40.5175925897461,IV,IV
5,target_rv,L,69,0.725116738773239,0.05874583676144746,0.31604567342926815,0.07208116301791678,0.32095303688117127,0.0724281999292867,0.2700387635580935,0.0655045407309957,0.22380520166967183,0.046872570248013244,-1.5790199420546367,5.1667085829860415,1.3528746725957033,19.808475148379806,MEAN,MEAN
5,target_rv,LDOS,101,0.971393030535274,0.1243827691668247,0.4519484862308307,0.1198879181032402,0.4400845020865387,0.09803892415161779,0.37657888678106927,0.1156275995520524,0.5443253158761201,0.0985664529905808,-1.552082245843819,7.362263009652245,1.365104956286855,27.527048184104626,IV,GARCH
5,target_rv,LEN,125,1.0858172233284575,0.17935954257496034,0.31994550163453117,0.13491432833804448,0.3174047341578508,0.1358495785378669,0.2902506904305451,0.13172694077627048,0.34139906151951294,0.13649638802546027,-2.4703402386068873,4.466851812209202,1.1304473382142313,38.70941952848851,IV,IV
5,target_rv,LH,99,1.0761133671488718,0.1621295789095346,0.6152681020248989,0.1463371972750244,0.6064276108608251,0.13628805721584336,0.42502317283109975,0.11103576817568706,0.756778998797861,0.13332369511413333,-2.3025569310073863,1.1962809027093875,1.056910359493686,22.21672275815233,IV,IV
5,target_rv,LHX,115,0.6788128675451237,0.09335336850952584,0.3804637469893491,0.08848404691267299,0.401198345509071,0.09212706127773104,0.34738123363510914,0.08260613236755936,0.6508555900700883,0.0894037893699445,-1.765593288585358,4.014149410484885,1.2078389246998071,23.327901231914534,IV,IV
5,target_rv,LII,101,0.889224598005794,0.18825363384035923,0.49425466346333413,0.1600079009511215,0.47555289828895825,0.15421892450896207,0.380821463717255,0.12280502265701501,0.46401838252978433,0.13194667733030116,-2.002943844936023,5.382005329107749,1.2034355180318332,31.83758880428826,IV,IV
5,target_rv,LIN,105,1.0938860937312378,0.08895351889576987,0.39471514527813484,0.07507724889960807,0.3993871974893932,0.07649546904371775,0.3719497837177216,0.07487106579434981,0.47122684833744255,0.06705005099226638,-2.0369043659585278,4.861768908313921,1.3283579653996818,19.668076111478932,IV,MEAN
5,target_rv,LKQ,90,3.426308625446969,0.42509739332534946,1.4771037829176565,0.4151853088156535,1.9010443296333126,0.35791415176359453,1.0686069709722277,0.2829119545476892,3.1667157163029334,0.32914695116213927,-1.817055580634949,-0.13614904333462174,0.9958061064253377,32.32748907976487,IV,IV
5,target_rv,LLY,125,1.8807764176576127,0.2802023915092338,0.7999090343727759,0.28355348832226507,0.8259891327942853,0.2595868986554916,0.6178295382367933,0.20235767843345479,1.1223496061154903,0.231121220854512,-3.208124734796543,4.146146527459859,1.1316355186904499,35.643318177687654,IV,IV
5,target_rv,LMT,125,2.9127865009213,0.22468987220806338,0.9169581825840357,0.18714194278397867,0.8492462085056889,0.17641863144372394,0.6312283393333962,0.1433957485158883,1.6619398901254927,0.16014431181887992,-1.9109634345658684,4.213757911731577,1.218301807853778,23.51619957796834,IV,IV
5,target_rv,LNT,77,0.46012604232058374,0.06189512555856617,0.3488918300084176,0.06798686205872283,0.30032969948795313,0.05820775243401427,0.46220235564421963,0.08985033981517435,0.26029603489533737,0.0514925292278912,0.0204060221162051,7.721527650339244,1.5786551643748195,21.065446664147057,MEAN,MEAN
5,target_rv,LOW,125,0.8867387664119915,0.10846459735041539,0.33118082548434474,0.09209858767460703,0.3444175180219589,0.09417003535143222,0.2902949473729562,0.08832939735060112,0.3326947642404713,0.0851223231126152,-2.1899774340382825,4.2268732212991,1.2033914579727834,25.00883360168401,IV,MEAN
5,target_rv,LRCX,125,0.5900821727977985,0.20538352736110801,0.31919141473242185,0.17327373377396302,0.3298661273492371,0.17443106436575342,0.29129210224999397,0.14892631434701095,0.5236516305272773,0.1733572237772935,-3.2974002346455573,2.1458960779754976,1.0522718234489294,43.19853087025668,IV,IV
5,target_rv,LULU,125,2.3777050653670173,0.3793808929408981,0.8835548031105795,0.3574767470555201,0.7450305582415674,0.3386129224199023,0.4441094577155435,0.26341840004743683,0.8515844026148327,0.26229717889017373,-1.346507653773033,10.712779367049206,1.2729712988423045,49.957855360324125,IV,MEAN
5,target_rv,LUV,125,1.9540077948675452,0.25569106873398995,0.562239812710583,0.22217499274849775,0.5218186963391607,0.20293148052508678,0.4306343168972891,0.17529752417625152,0.5489517463375361,0.17945520231464682,-3.0199377155805003,4.725327896514053,1.134194138119321,39.937953147793294,IV,IV
5,target_rv,LVS,125,1.1513940551526858,0.22852008179070227,0.753371146369879,0.22307564150883694,0.7486832621553501,0.22288811885441717,0.4731556161138916,0.16295924904916054,0.9578734629385136,0.20528907236848853,-2.475445174239994,5.783697575212114,1.2031159065582946,34.25856039228147,IV,IV
5,target_rv,LW,103,16.73170255409033,0.5951155406969432,2.2151268044815575,0.4996993406464339,1.7766376640579657,0.47516667038252125,1.104897344796551,0.3903455827701667,2.4453622252448284,0.42388270074357837,-1.2035923557395996,0.19260732608088096,1.0047001704047727,41.17140372999645,IV,IV
5,target_rv,LYB,103,1.307963943481615,0.21775747447719168,0.4361601230884833,0.1859179438913981,0.4267809612031497,0.18574444182938926,0.4518312694892637,0.19603108142177522,0.5492939793717839,0.20225166176947795,-1.6428893081063305,2.973487636164768,1.0730993090521053,43.650857569241246,GARCH,GARCH
5,target_rv,LYV,105,1.804370180313533,0.21475452884501078,0.6515701130768142,0.18122213076293153,0.6914915471233373,0.17742781887362158,0.4301552889972769,0.15270787946435796,0.8997780699083574,0.15967351143162586,-1.6223875311989906,5.729851137326294,1.214240082556803,32.47485174106302,IV,IV
5,target_rv,MA,125,0.7256507553615533,0.0929563728596646,0.4451535208715081,0.09421447177465278,0.4706598110536345,0.09853435264910113,0.42534413305971586,0.09007415289589844,0.39390385164241515,0.07158639937540578,-2.0571511851545723,5.6172527045154155,1.3497312901225615,21.67887733795007,MEAN,MEAN
5,target_rv,MAA,100,1.7226186715369713,0.11692075994679332,0.4982357371626889,0.09785188118755428,0.5058078014216307,0.09966088983829736,0.5064474102364916,0.09975195079230041,0.6491967491286195,0.09050690161009675,-2.195621384970998,5.006490602485091,1.2924804128250198,22.123844048920112,ARCH,MEAN
5,target_rv,MAR,125,1.2594076881529075,0.13442142605583693,0.40178690508843434,0.11487660421624878,0.36881475061618585,0.10570246690752014,0.3365800869486452,0.09667432512333023,0.3941234917433058,0.08956786221961213,-3.1548091951722514,4.002352185078841,1.1786938994191676,26.40016317968036,IV,MEAN
5,target_rv,MAS,95,0.8255296744093639,0.13200953364419313,0.41465587308558627,0.13122960739841064,0.4462856934111753,0.14033481956349156,0.3522650407714013,0.11332505092468956,0.29467850870395085,0.08873327706616245,-2.007623602008826,7.766728239857845,1.3360576227970942,30.878027353424674,MEAN,MEAN
5,target_rv,MCD,125,0.7545776104819345,0.07684381760733187,0.3871328795273713,0.07700230213684396,0.4108881076267385,0.07805559056506793,0.338379488888426,0.06895188436115153,0.3561174803258052,0.06256434503830996,-2.0226893004767814,4.066153580705099,1.2735885169391152,18.92844979911688,IV,MEAN
5,target_rv,MCHP,125,1.4012739129313516,0.2788952998333112,0.7228369926507507,0.32510895341297785,0.6406857160539672,0.2603189350859419,0.46557493317032145,0.20461074117800657,0.6771785612368626,0.19817081590661728,-2.9009971777497396,9.941683326817119,1.2741543779877318,46.20476765101495,IV,MEAN
5,target_rv,MCK,125,1.447189056881116,0.1503425274061127,0.528754068185119,0.11586760291530143,0.5004079139229795,0.11248990370990725,0.5345646636207654,0.12429518654039198,1.0741876468504672,0.12326465187400382,-2.2813903957331476,3.6979542481434597,1.169953557764676,25.456570524148603,GARCH,GARCH
5,target_rv,MCO,105,0.6642571101537563,0.11957620857671343,0.49844251541514883,0.12264187867545716,0.49797031100859673,0.12080104713299647,0.4322726029595034,0.1019234167506416,0.47794411210392995,0.09595131183677072,-1.7351906070882157,4.345584933173781,1.23661284105508,22.71138838575221,IV,MEAN
5,target_rv,MDLZ,121,0.7435592760745998,0.12359291277959351,0.40506133029245756,0.1009516804355786,0.4239418705452117,0.0941382112454101,0.39349996772546936,0.10060331190519625,0.4151553011165409,0.0936560357771959,-1.786661429554245,4.784904675509629,1.2533546137286995,23.67109981949647,IV,MEAN
5,target_rv,MDT,125,0.9650254033262559,0.09759050804970053,0.470954940492191,0.1002541699166423,0.4540086677815267,0.08250498358950038,0.32578216414376143,0.07658571875613907,0.6502880903508756,0.08133191951068054,-2.3946399307061164,3.7370222852249326,1.2247255985289327,20.36629064489428,IV,IV
5,target_rv,MET,105,0.8196960871742567,0.10679923712118107,0.39440647259193184,0.09789095760487734,0.4087506671456237,0.10035969519516895,0.38770092936411804,0.0978394357812181,0.5013236782532556,0.08827669361481137,-2.4396368162640347,5.450492987913398,1.2844150519436084,24.61436265889719,IV,MEAN
5,target_rv,META,125,2.791762940311591,0.26909311033758143,1.0035493069346288,0.2521886258096708,1.1629373989071874,0.24583496347907122,0.5799728890349072,0.19365887190603082,1.2418166481585957,0.19843084023427926,-1.655883440513811,7.0041725285751575,1.265762848247054,33.35914492134562,IV,IV
5,target_rv,MGM,124,0.6237819625231785,0.1547948784394696,0.3608581181421397,0.16432159218355225,0.41999070408179334,0.1864238579770675,0.278182143472454,0.13747477174519915,0.24029079460332015,0.10841304920360287,-2.4707039364038907,8.814220926572162,1.2942872521644109,38.7653005664333,MEAN,MEAN
5,target_rv,MHK,94,1.2671520717927438,0.18954787018355787,0.3094941303975461,0.12960508470150886,0.3114625782429375,0.13084861082963134,0.3097102304358401,0.13134026278228483,0.30441926236576416,0.12040687981502561,-2.5673645390750055,7.612777459921179,1.2451625203076786,38.66474025736325,MEAN,MEAN
5,target_rv,MKC,101,0.4819796399901028,0.1005668746664568,0.32681952000942033,0.08644847681351285,0.32827772948719264,0.08668916114004965,0.3056066382575191,0.08455252938268328,0.34282718889211466,0.09535085754098975,-2.126773400801354,5.094503990184328,1.258430204344669,24.807772426058698,IV,IV
5,target_rv,MLM,99,0.6881456716677004,0.08709757719624288,0.30085923170824197,0.08208718628639294,0.30371562979293376,0.08268489985835063,0.33461356851571294,0.09075654224568296,0.2361373230797201,0.06876007916682178,-2.0114965876526236,6.674424465535883,1.3766975516962325,24.392682615825372,MEAN,MEAN
5,target_rv,MMM,125,0.6630438908651286,0.13330907172284368,0.4157823420781662,0.12645134680325854,0.39786255340635723,0.12148295031547081,0.3042479506142227,0.10417333387363678,0.39043029355675946,0.09949831507584453,-2.0620896916055482,5.01774766508466,1.226993467643353,27.122999050417242,IV,MEAN
5,target_rv,MO,125,1.2689254171836077,0.15449793975876214,0.6434952080221515,0.11856560558000337,0.6434080702510919,0.11763680042617901,0.4731300127198372,0.10365250529590189,0.7160062556363188,0.11155160912716372,-2.2330216840896613,2.7497715604496342,1.1571585915870506,20.246565930272737,IV,IV
5,target_rv,MOH,103,3.5455891885690876,0.5763150060213499,1.577451555430661,0.6219441072011095,1.5114197699084937,0.5164013413117786,1.0800209456667424,0.3637581186899363,2.9790006325255964,0.4808800582497773,-1.6755203189386387,1.2247979222962015,1.025490990730184,49.27306467113967,IV,IV
5,target_rv,MOS,121,1.817278208952346,0.30006456850879293,0.7001843842249811,0.2225173826178123,0.6836466942420506,0.21970837783450473,0.6029757984917401,0.21076814799685165,0.9035103644024144,0.21748168137765256,-2.9082402952927113,4.486359845288238,1.1334686947957424,38.099933815979,IV,IV
5,target_rv,MPC,111,0.9865694742207921,0.1480323996817329,0.5114593206297448,0.15178043341442418,0.5577575352019106,0.16090794472055986,0.3787084330660231,0.11406398328589587,0.472956342183278,0.11026860096097776,-2.9863152566546036,5.898337056609955,1.246643033821933,29.812805530381407,IV,MEAN
5,target_rv,MPWR,101,1.654133882756159,0.22933426414666064,0.6800831087146948,0.2881879011295242,0.7666590739647638,0.2854107703368646,0.49457555095143224,0.2159272008363462,1.0119245099089287,0.2119426577031937,-1.2543708604068586,11.540684730284063,1.3201463147526056,47.58884208359349,IV,MEAN
5,target_rv,MRK,125,1.2758483047758924,0.1742570682581547,0.40920935643027306,0.13299945941677835,0.4064586896986246,0.13266155526091564,0.4033383103955912,0.13135471125828532,0.5207147322531498,0.12720532776282414,-1.869239035998873,3.1482345519430104,1.1211219572042483,29.140504034792762,IV,MEAN
5,target_rv,MRNA,125,1.0520424760966305,0.3201639035196861,0.32814474831129076,0.2562054149615666,0.3392496076752178,0.21424878733609667,0.30236844093438914,0.2519714714068499,0.34432232746730207,0.21638030392336854,-2.4358139572588224,12.186064909871309,1.2172244417101634,68.2850232680236,IV,GARCH
5,target_rv,MS,125,0.6063551724947227,0.09267343248381087,0.40257655827890143,0.11218804036974926,0.3516343492827402,0.09893058829125013,0.321251336770591,0.09470861654592388,0.32721434150742423,0.074912560201022,-1.8907015644485354,6.928263291938773,1.3549818477802094,26.445495892036323,IV,MEAN
5,target_rv,MSCI,105,3.7389753603406786,0.23719456421198093,0.8702220726323093,0.18168858866103837,0.8355445828769172,0.17906871401102298,0.5544185534456832,0.14315248394482233,1.060617521985789,0.1741717625666714,-1.8774575701654592,1.2493410237267935,1.0539463244993486,24.408305704293305,IV,IV
5,target_rv,MSFT,125,1.080629101741481,0.09003679519889554,0.5244822978425007,0.10077878109653535,0.5526647104013492,0.09344907764734385,0.46289051143193316,0.09897717031954363,0.5303580012803613,0.07315993035378072,-1.5344711518916903,6.538906389899876,1.4002728829421573,22.87502774250421,IV,MEAN
5,target_rv,MSI,101,2.0054086588139666,0.1376346774805195,0.5680890028089561,0.11714455442046924,0.5822916406606177,0.12025888552877595,0.4533727476039937,0.10305954877288429,0.7646178141394324,0.0996607305949441,-2.1741108743362982,4.957674503498074,1.289485664119461,22.08347767091229,IV,MEAN
5,target_rv,MTB,101,0.6163324244299943,0.09482977928834349,0.3424613630294025,0.09496063757516693,0.3689019166948294,0.10032829475698049,0.34983399662316833,0.09650106504627481,0.27961383589418565,0.06825987588216631,-2.1192247819451877,7.305711288431077,1.393524202174135,25.870544780421223,MEAN,MEAN
5,target_rv,MTCH,121,1.7875755731935552,0.19265678774618633,0.5915337646527791,0.17580443273362947,0.5993497317333565,0.1779833568168535,0.6116982696363348,0.19125560527425328,0.5892271083050364,0.15851863750857018,-1.6597123417922746,11.241366349640046,1.4371714526447308,36.95522822610477,MEAN,MEAN
5,target_rv,MTD,99,1.5237028467103664,0.13520748935870983,0.447139253675557,0.1400735516873213,0.438951243529207,0.13731679267373406,0.32005122002466213,0.10295184766044968,0.3699381844044121,0.09964786459792561,-1.641023189504914,5.086052419851491,1.2062708772163346,29.743204648458583,IV,MEAN
5,target_rv,MU,125,0.696625345021445,0.2593927903751832,0.27739270310489006,0.21163116378388977,0.26345914187987984,0.20341069036197884,0.18383114091652833,0.16802735952990597,0.42357563197616593,0.21292974533688644,-2.7032119927471836,1.647945732484142,1.0304797869700844,55.714784654343184,IV,IV
5,target_rv,NCLH,123,1.1696403045364483,0.32207022262135127,0.6153154158453683,0.27240819296724506,0.6526337669674053,0.2736271004685057,0.5305134939151093,0.2383449896567169,0.6742739643074052,0.23186725260877694,-2.578121823221175,7.107654252848629,1.1790793598308533,46.7976233233326,IV,MEAN
5,target_rv,NDAQ,105,0.9152582512630109,0.11975377624787141,0.4673594137441808,0.11738777231092792,0.45909605402411985,0.11012383992958244,0.3019495116927681,0.08035858962657658,0.5522892161300685,0.08964894109447084,-1.9413381408635317,2.5968065320626166,1.1424197839440653,20.830274243841355,IV,IV
5,target_rv,NDSN,98,0.49079089993949604,0.08305929533098884,0.36983613011185873,0.10065928918370681,0.3743810859696543,0.10234921882666946,0.37509106172934203,0.10229966689967677,0.20723008222664985,0.05491098250938149,-0.7851398064581167,8.547191907773126,1.5019824152763885,25.574067048542936,MEAN,MEAN
5,target_rv,NEE,125,1.6278037908109824,0.15315139798546143,0.5310085341079605,0.13833166978159778,0.5308227733290792,0.13843559881569756,0.4028109157130656,0.10823234640909322,0.43604641203588534,0.1076717773620222,-2.1359384741869762,5.616498648429547,1.2699896314635213,26.41914435739412,IV,MEAN
5,target_rv,NEM,125,1.327039327571232,0.21270654967270838,0.4490052992424253,0.18228450691256173,0.5091555751522197,0.19402736899531442,0.3152634762669901,0.15241980900613472,0.6449462174001731,0.19878911129804924,-2.327537470851288,0.7960896311815773,1.0207800229658532,39.106424152454785,IV,IV
5,target_rv,NFLX,125,1.3577750205147439,0.2138220228876888,0.6336192591726848,0.19127597590099463,0.6834485215742158,0.16113057409167666,0.47733102088674906,0.16123108969318056,0.669654136262428,0.15593653070496744,-1.6855717235577166,5.5999714127840505,1.2054639186725542,32.855226004266186,IV,MEAN
5,target_rv,NI,72,0.6873352964014924,0.09274092602826568,0.2592092992370053,0.0722033577357101,0.21723090212954588,0.0636562455458873,0.32241027117642646,0.08748608804039226,0.2337597537568411,0.061149480002952894,-1.487411813199522,5.421339591624623,1.308094212902527,23.017709028592233,GARCH,MEAN
5,target_rv,NKE,125,1.0945388432359244,0.23163815087478448,0.6002596016715627,0.23532409750715383,0.6402804436788629,0.23104112111024183,0.42627516126060255,0.17024494777349455,0.6812005507010005,0.25983493631270244,-2.348730832282449,6.434807657207098,1.2172686115852178,36.051638225865695,IV,IV
5,target_rv,NOC,105,2.4904184446603264,0.1897886363275227,1.0629124869350663,0.2393339866997458,0.8728815288807888,0.18146894406425398,0.5457205342515439,0.12132682376845495,1.0534590771538426,0.13559613686769528,-1.9464686241591176,4.025146771595507,1.2242106386741125,21.97767032444087,IV,IV
5,target_rv,NOW,125,2.305120144411505,0.2383083066437484,0.7111626501906595,0.24965412580121388,0.7162160994937088,0.2559959872671471,0.5903288426704096,0.19700896925827893,0.6346001962862288,0.1586636932722405,-1.7654051144360288,9.247759145465572,1.3224360305651999,37.92867029939312,IV,MEAN
5,target_rv,NRG,125,1.1350773028487555,0.2777608694509209,0.6096793464080709,0.2864487400118837,0.5889697902932496,0.2794637470127281,0.3923152222373097,0.1924999068317123,0.5421416690426342,0.19830226282106828,-2.2897590511609893,7.770002071470576,1.2060793522109665,45.47393498909887,IV,IV
5,target_rv,NSC,125,0.8335842387211497,0.08766877132814485,0.4927948870706614,0.10111326308118337,0.4737947196133819,0.0947054798744167,0.4135035154568441,0.08464472429699847,0.3874542972234324,0.0691064343789661,-2.8753953027109076,6.1400683907310025,1.4115398625085038,21.059809951863777,MEAN,MEAN
5,target_rv,NTAP,125,0.9071283923262085,0.14077744700222058,0.4755333417366512,0.1582130975370592,0.5622229560478432,0.1827273494080135,0.39258556735707134,0.13935040163337406,0.49614760972178285,0.1097346816814149,-1.6427009446136667,8.738358700207044,1.3607123630904776,32.963640654336274,IV,MEAN
5,target_rv,NTRS,101,0.7381954664900565,0.11191055869154089,0.46075747364503233,0.11710723107700359,0.5292258426933772,0.12929355511293375,0.4215515203150271,0.10760464926612417,0.40278759763013466,0.10836410002691302,-1.2521963112543988,7.724829461763748,1.4097425161158135,26.57771672128437,MEAN,IV
5,target_rv,NUE,123,0.4807968086702135,0.12506352340798702,0.3050065431990708,0.1313726898397058,0.3277851816283318,0.1380750212973188,0.2386627791324083,0.10836928463913574,0.24187549189889362,0.09439490060737307,-2.857791822841436,7.175984781971997,1.2608180740946602,34.68935710818425,IV,MEAN
5,target_rv,NVDA,125,1.0407505533706038,0.15827397459606887,0.5188612365610794,0.2168175781102749,0.3940274888293043,0.14577369337010043,0.3430385639147451,0.14980189117163914,0.33933283882963394,0.11837220746128688,-1.985776069066989,9.84328413084882,1.3215739531020025,40.45299003487941,MEAN,MEAN
5,target_rv,NXPI,125,1.5594376237165077,0.2286011622624204,0.6029965238659543,0.21196612653866934,0.6570517754741684,0.20976787522983512,0.5020596295288515,0.1759955257629616,0.6367753801001383,0.16643626461437525,-2.036693687688229,8.234549438965749,1.2702202602636123,38.708021083662445,IV,MEAN
5,target_rv,O,103,1.6682432612642162,0.0808112126309187,0.3714522560447522,0.07294853777711079,0.3631756317788351,0.07027688517832692,0.2904980254871666,0.059377292622130186,0.5770159751792914,0.07226180900628291,-1.1839936837937823,1.1084575820789953,1.076145697993329,15.665518733138464,IV,IV
5,target_rv,ODFL,101,1.483960642691665,0.223277243004838,0.5663955508697633,0.19672226704344922,0.5896147278927666,0.20181703416897454,0.50973854256357,0.18369244509021407,0.6922971546204474,0.17977851034066233,-1.8696416423484326,7.493813901817127,1.2371495791436353,39.09333825635257,IV,MEAN
5,target_rv,OKE,103,1.045418898841671,0.1267190274143127,0.4268545829414341,0.12545471519592372,0.4199609553506573,0.12444284408473733,0.35953109848615816,0.10776122356701232,0.38455585113308566,0.09231322369894235,-2.9716526650536004,6.6375022448513805,1.2997155930560649,28.783504650571295,IV,MEAN
5,target_rv,OMC,99,0.6811471501925694,0.16165924092468223,0.40144975237882047,0.13714241383207723,0.4103174926727996,0.13887540618418337,0.3623226797113195,0.12324835677184011,0.46155741645062004,0.13826556117750327,-2.3865608939013008,2.099333067482671,1.0749134965022284,30.122762295889068,IV,IV
5,target_rv,ON,125,1.7485900526954377,0.3481267266218495,0.6948955278668686,0.32395465643986654,0.6787390774663429,0.3267313660608725,0.5273235246052381,0.2603802883734525,0.9057842225750921,0.2769112857182003,-2.4953639418654956,9.335019561295892,1.2158711753274978,52.57849357830504,IV,IV
5,target_rv,ORCL,125,2.062826572968531,0.5587193364702853,1.198444194157136,0.47180508611837985,1.072668221027706,0.41469724503908006,0.8428206728332504,0.38463930559381887,1.9426249598355037,0.41955873859399634,-2.9453801221854157,-1.7543350783847993,0.9652758506441509,48.767711132354066,IV,IV
5,target_rv,ORLY,105,0.5932285506658237,0.08470117834412506,0.2499073202356542,0.06728391376179912,0.25563596083942947,0.06806011559991246,0.2981808551205253,0.08322159939263427,0.25626241692221335,0.06415285913724655,-2.2815603248039467,5.5794115402318445,1.2966342720664326,24.388470592526083,ARCH,MEAN
5,target_rv,OTIS,100,2.8396532513154202,0.26219650290606017,1.563629077280037,0.2755286593591782,1.5761244589624566,0.23584091993833595,0.926500121226232,0.17647661606533493,3.2799264984951417,0.21171918589769279,-1.275459418024179,2.138333711250194,1.1190958308135959,20.093065599363246,IV,IV
5,target_rv,OXY,125,0.8740384808885355,0.1597766329163593,0.4175438089943131,0.14695624264319823,0.42285967384005274,0.14913464124200435,0.35825226551321476,0.1256853078631821,0.36083503627419283,0.12033268393225532,-2.6249054174971307,4.584630354857593,1.1701634425357144,31.52714095842252,IV,MEAN
5,target_rv,PANW,125,0.6947419248086377,0.17374878426274373,0.458059798324148,0.15935217621686348,0.45435417435868614,0.1584026576626346,0.3861177573157141,0.14201779084681918,0.46385598830441654,0.1454928526780221,-1.6121799220366266,6.50042711732062,1.2351958126281053,34.13878957234946,IV,IV
5,target_rv,PAYC,103,1.129781027427433,0.21760008339321785,0.5390308662882649,0.17579016502486577,0.582919348998319,0.18641463192655247,0.4168585226557055,0.16730815721924477,0.6263722638748062,0.16744657859786405,-2.399284685573629,9.516702502301833,1.3305941656713354,38.30336449004844,IV,IV
5,target_rv,PAYX,103,1.0434801533432583,0.15158756803322213,0.45903279585477036,0.15277561473489906,0.39001920707105936,0.1078191185568268,0.3993497659190581,0.11318911829008,0.42953046415613394,0.15219069114066375,-2.0905692488745493,6.780268891923634,1.3519538977222918,26.044919562942997,GARCH,GARCH
5,target_rv,PCAR,105,0.7852104085089507,0.15095323824554793,0.36668801757357555,0.1175585662232361,0.3569196633572759,0.11594465342660577,0.29558991309240307,0.10055354441398179,0.35748541681573104,0.10302566878433371,-2.6674460782996285,3.4351463174447643,1.1396545138409135,28.03260631331633,IV,IV
5,target_rv,PCG,122,1.0780131996111857,0.14651846465419072,0.3765747170420205,0.12769770652203333,0.31669037009107437,0.10772425600647045,0.4902175171300878,0.18181994845815908,0.379130260897528,0.10244857115822319,-1.3666371846040983,14.167709087884184,1.5733898558981985,38.87639366286832,GARCH,MEAN
5,target_rv,PEG,103,0.48181976019348216,0.07652917218471153,0.28058691938902275,0.07444571923418482,0.23790690084161256,0.06254300709743014,0.2928676101084972,0.07915743777429622,0.2648433987302088,0.05843608555255267,-2.0384504426277616,6.020899801435334,1.353655695910965,23.045649780157955,GARCH,MEAN
5,target_rv,PEP,125,1.4845103245417088,0.15447036130131192,0.5595809794206359,0.12046861509895955,0.5111677535941727,0.11464989878042901,0.4412934874088918,0.10712498305781541,0.5650916529946967,0.11452926671977587,-2.094939908117829,3.308630589455166,1.1712026135669498,22.634448814545003,IV,IV
5,target_rv,PFE,125,2.7113393993663855,0.1788924318503751,0.6495451000656743,0.14465377017970052,0.5759790264881818,0.1346278897098649,0.5793922438277656,0.13335240153861094,0.7235855054475662,0.13528189771585883,-1.3622191637131462,0.6470430358274681,1.0270511178168824,24.566314698000948,GARCH,IV
5,target_rv,PFG,70,1.948028086092477,0.12066074123780353,0.5333917422610733,0.11301372438689793,0.5497412790405997,0.11620511639698744,0.5389413359837748,0.11760059052117207,0.4473210739480926,0.08535700122238064,-1.8880499884084185,8.959708589830523,1.4909161621619316,27.21070393366504,MEAN,MEAN
5,target_rv,PG,125,0.9125572915041571,0.08113727583325228,0.3467000279212831,0.07352804908265663,0.34033111554392,0.06609931996325144,0.3301474660610391,0.07249784616677647,0.32508197307160447,0.0569311346550443,-2.7271121486619694,4.163892084447598,1.272932839139418,19.419997203848872,MEAN,MEAN
5,target_rv,PGR,125,1.1612572615452104,0.1284411495533968,0.555537555770988,0.13107576082191266,0.5624726323816353,0.13283739014405935,0.488207108748316,0.11760484269472284,0.5012160696702465,0.09801320483751956,-2.2358598163572463,6.979988340029414,1.3577037783436303,26.49330847422169,IV,MEAN
5,target_rv,PH,103,2.9721918929676923,0.15975510622792438,0.7238147773005079,0.14912513028151445,0.7612872199993064,0.15925346310435468,0.5117790416672348,0.11854952354270461,0.7188112694253055,0.11300360461226214,-1.5543911449234844,6.555198540521132,1.3481548331163264,25.38359877223898,IV,MEAN
5,target_rv,PHM,125,1.285709390379939,0.20172831254793833,0.4930043301749168,0.16619331356803643,0.5097271102672218,0.17143446448050187,0.42895610879525664,0.15271315527266835,0.49957589750793596,0.16163984349159174,-1.984525045162477,4.687480391116681,1.1560137477503056,34.732783825649996,IV,IV
5,target_rv,PKG,99,0.8746075650982845,0.16317827168755653,0.5119929258625779,0.13371794751335234,0.5210353002675236,0.13425146807177213,0.46150466429033454,0.11581378090866423,0.6951974548154969,0.13382909311172725,-1.8774404644003202,3.410681547728599,1.1572598840409396,25.09886711729633,IV,IV
5,target_rv,PLD,105,1.1189001010815915,0.09410463745474168,0.607273913866214,0.12965847405153036,0.6371537476021568,0.13579543333847297,0.4753002166508224,0.10324075442753204,0.3621357634682794,0.07924952402931025,-1.417515328847865,8.08603654632634,1.4775754614504473,25.017468747152144,MEAN,MEAN
5,target_rv,PLTR,125,1.0726474742696863,0.2666914750642267,0.5853637033048904,0.32568939413001774,0.48242653999283724,0.24655218648703708,0.4270637525099944,0.2423805158426455,0.4378033172851972,0.21807437808201371,-2.4834147077804163,13.291411270515063,1.3093040667707734,56.263401290825385,IV,MEAN
5,target_rv,PM,125,0.9729882566706509,0.15600893868195462,0.3595962155482961,0.11555063583292435,0.35958038797209707,0.11554857052133595,0.28915996520300113,0.10898403438292827,0.4585687377334585,0.11838288872336823,-2.123537304789726,3.3433542973411714,1.1406919272620775,27.107008420247887,IV,IV
5,target_rv,PNC,125,0.8015239150812524,0.1063653857387597,0.4668494228537211,0.10727516344134658,0.49276980346942095,0.11173708495202132,0.4283176731714331,0.09995479714164417,0.425193604487184,0.08249012164015507,-2.403306837493139,6.085416534197273,1.3390047627251245,24.036245558778027,MEAN,MEAN
5,target_rv,PNR,98,0.4982895449146033,0.08897705400220014,0.45008625317298134,0.11177194836159772,0.38904813707854696,0.09768941858210473,0.3870779938739089,0.09802330910726728,0.29411471340530426,0.06936422853829054,-0.8002972823869005,6.391917703973177,1.3498391932344098,24.662934295559765,MEAN,MEAN
5,target_rv,PNW,85,0.5528283233406792,0.06512500873716219,0.26204652247528987,0.0577893326838935,0.23377281327685726,0.051472637150844124,0.33667346615488764,0.07279330077259344,0.25308076537444546,0.05307734728389637,-1.1054826687986785,5.31450301034558,1.3742039310582,19.516660094363523,GARCH,GARCH
5,target_rv,PODD,101,0.9453082970137815,0.20493370953728215,0.8352220048784953,0.29634893795377476,0.8411656550021926,0.29801918407582395,0.593227975252433,0.2057781919447278,1.0352934751876703,0.19189376405018413,-1.3525127154492054,8.538998976011914,1.2907596394220722,37.906895404087116,IV,MEAN
5,target_rv,POOL,101,0.8006627285613276,0.14656378078482887,0.38652687527277724,0.12713454681565775,0.3889786081886929,0.12827843533085984,0.3871216633589641,0.12569458158367847,0.36888171993361596,0.11848508501747036,-1.6677630252575397,6.832009427889887,1.2636657829595994,32.74363645511297,MEAN,MEAN
5,target_rv,PPG,125,0.957140498012521,0.14266121648539534,0.5104770572012826,0.13467872916032114,0.5169999241346378,0.13538518378570094,0.36883272064343037,0.10331155368743421,0.42772825461281094,0.09874746073229623,-3.2706454408815295,5.079652077434015,1.2444084664483386,25.86310590474946,IV,MEAN
5,target_rv,PPL,90,0.8628409269493894,0.06901487024046833,0.3405317553891518,0.0664856368694926,0.3832088977616043,0.06661715514145068,0.3820676657566884,0.07374329239404957,0.3400677146424091,0.059575433262958784,-1.5665424587388472,4.458406453219369,1.3014383792706412,19.248847086581698,MEAN,MEAN
5,target_rv,PRU,103,0.8584640699789622,0.09374539565153084,0.3500971261132832,0.08838831888392631,0.3726376055348799,0.0929949028656973,0.3477843540979569,0.09001290604732125,0.33659282524460593,0.07138167691392772,-2.96917803548638,5.134641117009544,1.2761006890947042,23.731628809598504,MEAN,MEAN
5,target_rv,PSA,99,0.5083303853377276,0.11560739402758592,0.3436126057391016,0.0940724019817602,0.3562075880851909,0.09398639506360114,0.28612654800937093,0.08591073491581978,0.5023112229375429,0.09008812984736508,-1.6434913632402488,2.9101876878282393,1.1481536233022935,22.553228627098935,IV,IV
5,target_rv,PSX,125,0.9470242876644948,0.158349895675936,0.500320938792596,0.16403475532198256,0.504779830666839,0.1624760825909664,0.34432083711515477,0.11244063515219269,0.35315309996685706,0.10346127159077433,-3.242909627005908,5.201137473112362,1.2107315734265305,29.882476811783835,IV,MEAN
5,target_rv,PTC,95,4.713861987455293,0.35100690869242646,1.9602197230871088,0.42296552937577014,1.7990814870505585,0.3825503400294019,1.2071024987807364,0.2425017153584213,3.0819110335098596,0.28193834944183116,-2.0110927999566006,0.45280738017012234,1.017311373608956,26.60944811813351,IV,IV
5,target_rv,PWR,105,1.152097349629089,0.17737672945114996,0.501045865995618,0.17762908638809718,0.49714644858920576,0.12471332601922341,0.37879483500348177,0.1375349412861616,0.4717794703086227,0.12359920673386289,-2.5560343629379703,7.55605387664626,1.2661063511134796,35.950918730600904,IV,MEAN
5,target_rv,PYPL,125,1.3500428638160151,0.20556066930789343,0.5285118348491752,0.1846137045623798,0.5790547024172683,0.18690790643890193,0.3484145660766361,0.14172235714801293,0.755934685336058,0.1670932662492442,-2.2819862503884125,5.903781142061561,1.1915473545910817,36.72530386507194,IV,IV
5,target_rv,QCOM,125,1.9882940813780279,0.24589818858076676,0.7353745728227615,0.2068033329834156,0.6832953752435192,0.19774922331768918,0.45931578961128394,0.15997013684715147,0.9854910214747817,0.18079863395210968,-2.4368557306221943,5.19485458342682,1.1841109951167903,33.41073913791239,IV,IV
5,target_rv,RCL,125,1.4227697160298018,0.20396066767128485,0.45490010468354847,0.1880663133051434,0.4779432749565384,0.19269772630400356,0.40139107052601525,0.16669249170898515,0.507917505860677,0.16529220187789598,-1.645172732394076,5.98162278049901,1.1772588991884292,39.72674253406605,IV,MEAN
5,target_rv,REGN,125,1.2761505854239696,0.20294512850494115,0.4841257848935846,0.19788806502387732,0.6112811092730075,0.2412153938068071,0.3524253963604095,0.15634717493029798,0.47639484051133035,0.1443329321756889,-1.3068640850719753,5.30970931653284,1.1701573214537435,36.51441606185063,IV,MEAN
5,target_rv,RF,102,1.824399418999446,0.1484320786401912,0.6068846524481691,0.1391547145800298,0.6384750586994938,0.14468605186965783,0.5414113806261868,0.12262467861048992,0.5093873259613669,0.10140101741610509,-2.3141204639698474,8.10867327878764,1.4233719431537208,27.261272807196868,MEAN,MEAN
5,target_rv,RJF,103,0.8339163314843305,0.10494541096865188,0.3058113571977567,0.09185124752901914,0.3175361893480214,0.0936569627796701,0.29479893500639975,0.08667087665564857,0.40830897890763546,0.08135228820198877,-2.6150397719875906,3.7474468523083795,1.1802500110886676,24.53771937254119,IV,MEAN
5,target_rv,RL,103,0.9003952767648756,0.14359973991681846,0.38554982554098494,0.14140999675570773,0.47005269079771894,0.1686147706283327,0.3917919771506214,0.1472294283982961,0.726310192051428,0.12743640913052076,-2.1186808527266665,9.511214528661382,1.3550711219535732,36.298001571019064,ARCH,MEAN
5,target_rv,RMD,103,0.946561157686156,0.09816569317979937,0.4443599149611716,0.12278302702529781,0.3738816273709478,0.09856102313433124,0.4725858706027543,0.1338139099424923,0.6200404518317181,0.08690833638616752,-1.689809005285754,9.384556947466088,1.462255285174931,29.68623277127997,GARCH,MEAN
5,target_rv,ROK,103,0.9440218259899844,0.11350777951373803,0.5135827156827647,0.141559530039292,0.5677925586512591,0.1568021903012089,0.42307998261707547,0.12500783481159844,0.522072154228476,0.0980648267186923,-1.3618564512412867,8.160370503639898,1.3832196460414958,29.45460890695044,IV,MEAN
5,target_rv,ROL,86,4.256133063501551,0.20163488283892408,0.7228608229418494,0.1323451364045455,0.7197009153220753,0.13261252868948042,0.48315731811174983,0.11516494473600856,0.8472462420522205,0.13056430610214545,-1.9174104444335105,2.0115615299577416,1.0993037094813762,22.26822203602876,IV,IV
5,target_rv,ROP,101,1.1478236769132804,0.11096541553887929,0.4426270397871327,0.09161306389153623,0.475860256731422,0.09922054419244149,0.4218061216592092,0.08849546596098787,0.40836606650925805,0.0709837517583743,-2.5124701097632176,5.662580926605469,1.3633611399314578,21.246473380470018,MEAN,MEAN
5,target_rv,ROST,125,2.8312052095535236,0.17215200961790597,0.6579296532239514,0.13757618256185342,0.7071818166114096,0.14927327067263102,0.5462714022034625,0.13023859788094425,0.7245934210779303,0.11564527031409975,-1.8430580994125796,6.772747854367115,1.350283461783451,26.107796731308085,IV,MEAN
5,target_rv,RSG,101,1.7271972759731105,0.13127950325161214,0.6031849714530634,0.09926618813466463,0.6073429183761404,0.10165894199414313,0.4826028713399269,0.08966737649727968,0.6730431957289902,0.09795052488980605,-1.8828095774838618,3.461576682507636,1.2129135418743513,19.71970968820651,IV,IV
5,target_rv,RTX,125,1.4084293749345087,0.160134857976675,0.937308778220824,0.2205974663581758,0.9823054157917361,0.2330313858415437,0.4536271113727824,0.10427568050292768,0.8489971034195977,0.11822026625661682,-3.2479657945394105,3.7058342452910025,1.1958393678425752,22.628660059710114,IV,IV
5,target_rv,RVTY,97,0.766711861477515,0.19567064194511546,0.3440577091742254,0.15707180119563457,0.34006597319463827,0.1550913988363183,0.3247668286896831,0.14858875889897347,0.4812786013730699,0.15961734260932062,-2.543706969321991,3.477139824276793,1.0989996932465576,38.59987314039945,IV,IV
5,target_rv,SBAC,101,0.7869789510913795,0.11049544982977706,0.45578152034821995,0.11029016013313668,0.4217801831548169,0.10207011681833238,0.5090712634011416,0.12024395142929543,0.44862199870264474,0.0961545803310945,-1.6998575942555338,6.530940884291818,1.329341562756632,26.361237521093383,GARCH,MEAN
5,target_rv,SBUX,125,0.7797570351319989,0.1311643652421424,0.3119235604510947,0.12251728394452353,0.3282191295525405,0.12803473071199126,0.29500467113422185,0.12377041573191278,0.3644234463583719,0.0952786542586156,-2.276195339945294,6.6491314306443545,1.2518163592764655,33.05381558122556,IV,MEAN
5,target_rv,SCHW,125,1.186589039812865,0.12547592813258868,0.5092028676593957,0.12351533876465236,0.5119468246718768,0.12003811850584183,0.5030313502605444,0.11915777490432232,0.5225095817701797,0.08967760926486405,-1.7216946665717454,7.273301607108087,1.3875747651951706,26.03949141166225,IV,MEAN
5,target_rv,SHW,101,1.1424609519360531,0.13256689288847284,0.5163465598494664,0.11225939357439346,0.513924934580816,0.11108389160681104,0.44292678021214804,0.09662268379301239,0.51508553729987,0.0974445773502934,-3.1858201497035306,3.4744561854602214,1.1821999126909841,22.543928470844865,IV,IV
5,target_rv,SJM,99,2.1043367016195282,0.17002342818203592,0.44296235415719176,0.1336752721384414,0.5014881408881858,0.15373671833449018,0.35059238665841436,0.09808562956241788,0.4639412109009212,0.11193924300200411,-2.3678522446948334,1.4116555359832306,1.0595067129092983,25.134282227444118,IV,IV
5,target_rv,SLB,125,0.5914804880360873,0.12429419377724202,0.26391535595201815,0.11237736513471834,0.2703279743195414,0.1150551210498222,0.24023529694705154,0.10391503678069672,0.21530007189509193,0.09242299174417264,-2.23504580750386,5.359741698011867,1.1885355210935813,33.7880276089278,MEAN,MEAN
5,target_rv,SMCI,125,1.0772884220762458,0.39248500630669225,0.6922447820020748,0.4569617213861647,0.6856422280288879,0.449375314143279,0.3862818868811996,0.2730825826793599,0.5756700715824318,0.3208523484324251,-2.3711019779680313,12.876781946928082,1.2299106339207722,68.88455212847366,IV,IV
5,target_rv,SNA,101,1.3236263731368554,0.15219726329209662,0.6521473575907492,0.14589167572474976,0.6833753967213422,0.13848321726204413,0.39311791494236503,0.0997712250544674,0.9411013583151435,0.1199137985040072,-1.6347021551224146,4.067749212103317,1.2353436634137323,21.352043818124837,IV,IV
5,target_rv,SNPS,125,9.980490816278788,0.7999346886264254,3.704238549518565,0.6774095983483323,3.518136386284859,0.6936745183916743,3.195896940040184,0.6146721161325507,4.970634755643511,0.632018782806518,-1.2781108670109445,-6.868991657599953,0.8569927639901861,41.16348452513373,IV,IV
5,target_rv,SO,125,0.28549784255641525,0.04829183582219996,0.26621687407977285,0.05895318029758849,0.3142974587349237,0.060479529114112064,0.282997541056316,0.06347594952179059,0.1912256460757656,0.03901431627043826,-0.043005244819446634,4.803735800451234,1.3584639301188424,18.204626090469063,MEAN,MEAN
5,target_rv,SOLV,98,3.2632243712400397,0.18663890423527893,0.5984535802337878,0.15862123319652255,0.5908328849355504,0.15500202088091716,0.4703356134624279,0.13136297308171582,0.6089065219881791,0.12338341170147754,-1.5150109318652927,6.6645487584600165,1.283531702873888,30.1700287132866,IV,MEAN
5,target_rv,SPG,103,0.4940286866494163,0.07565591378219483,0.5133562585382999,0.11863738881808984,0.5204505079213971,0.12300673217845576,0.32578097735792144,0.0802211732867307,0.2988736022602651,0.06435312825673585,-1.1906854911809723,6.004855173307647,1.3690531389441851,22.275832275647947,MEAN,MEAN
5,target_rv,SPGI,125,0.9435356875351095,0.14109806405730652,0.6028337602114169,0.12190492580596728,0.6006463796810138,0.12147736328102354,0.5506465213257247,0.10925172724427169,0.8013603893889365,0.10868021860003046,-2.2942447621217634,3.7862613382952737,1.2136270192126748,21.509961983698613,IV,MEAN
5,target_rv,SRE,96,1.2847965393647849,0.10194688334618877,0.9335600002016524,0.20114822922756187,0.6524465060819055,0.13977427297030556,0.5111845299527089,0.10778999787619399,0.47514532994940756,0.07979517321722618,-1.8062564700256365,6.726825521735834,1.3866895859356554,24.122756952005016,MEAN,MEAN
5,target_rv,STE,94,1.6902407591937343,0.14401402311357409,0.7085999770494412,0.14474578129208152,0.6416325868777093,0.13514248338345067,0.44128114133646357,0.11093223550166195,0.8922428090535169,0.11737341725685312,-2.256910301827208,3.9866025991015097,1.2064833465816776,23.293741238122692,IV,IV
5,target_rv,STLD,105,0.5188172792523637,0.13503897068902537,0.3122654860765964,0.13193054121524195,0.32393877509948193,0.13438584583784194,0.2617785530777665,0.11282239550165767,0.23458747904106994,0.09566568705789434,-2.7151938172043644,6.912316795920007,1.2509824226798176,34.45335621260523,MEAN,MEAN
5,target_rv,STT,105,1.9623142796422839,0.1600133463888239,0.5833641301026611,0.14357622043002363,0.5811620203988581,0.14410349650643642,0.49141128139091245,0.1297233886773234,0.6982331998858378,0.12099663292572678,-1.3104267538198175,6.77953999588517,1.3353103943898692,26.998239175256618,IV,MEAN
5,target_rv,STX,125,0.6430299182703612,0.2714338208784685,0.42895498387121983,0.2443767188220001,0.4264818535946539,0.2361160808680905,0.26663741179042655,0.20071778761509113,0.708750256326174,0.2593983882414546,-3.165630849568888,1.349007479945895,1.0268574174191654,51.577495904274265,IV,IV
5,target_rv,STZ,125,0.9464436145402574,0.14031121244868652,0.38745189257336704,0.13779758659887884,0.3378086087650903,0.10782589525636471,0.403843721770476,0.13666938165580358,0.4063551753482071,0.11264784490488652,-2.241225664517494,7.462612416559165,1.2877290410908588,33.39886267571401,GARCH,GARCH
5,target_rv,SW,87,4.324455074256504,0.3199177216666093,0.8205487603698354,0.24772543776617637,0.7949577499576017,0.25010726431508173,0.6035023767041928,0.2064468599745371,1.047554651409268,0.2237996811533163,-1.3848213236187652,5.041897824207486,1.150076163366967,38.63749162866129,IV,IV
5,target_rv,SWK,101,1.0316424532623425,0.1947340050335356,0.4273497485887084,0.19113934647613623,0.4105149505326315,0.1807506467747461,0.28343864952731695,0.13281207702997916,0.3810831225449945,0.13895508861764722,-2.364718036350025,5.547692845091008,1.166001013302028,38.96732526020982,IV,IV
5,target_rv,SWKS,105,1.0459882939339928,0.15967733047039484,0.7728577247587838,0.2751795688826604,0.9144648903848956,0.3241872649458,0.49271377518073706,0.17517957555524175,0.6693303157851641,0.1508538952514596,-1.4306336467024707,11.903636047971704,1.4062733665305263,41.20320877070714,IV,MEAN
5,target_rv,SYF,105,0.5574583119918658,0.10822645350681194,0.4306176594764966,0.14431195434431424,0.5656330818640095,0.18229589308045566,0.3599335062769756,0.12604843957567352,0.22820882779010224,0.07554717240985542,-1.3753863092582375,10.028232370816006,1.4410695726274048,32.76440143158092,MEAN,MEAN
5,target_rv,SYK,101,0.9046904084390698,0.09717433966147451,0.44398731617911696,0.0962588167343078,0.4467694818100277,0.09702412010387955,0.37710637090715604,0.08166719632586317,0.477609988003646,0.07915269576021355,-1.9502732145871382,4.698516712772944,1.2699413287197001,22.104212739600175,IV,MEAN
5,target_rv,SYY,105,0.49044410573516256,0.07341374774916333,0.27190816627306946,0.07240477699787472,0.27510679978265795,0.07312701358348828,0.19200362827026599,0.055556968171001045,0.20641014281323286,0.05354687071528418,-2.411656727215819,2.8110939896058755,1.1650667081663122,19.841142149126746,IV,MEAN
5,target_rv,T,125,0.6387483439747806,0.09542413380946216,0.4158896244474726,0.10161234245538847,0.3733706840970951,0.08683224603867616,0.34549323180664104,0.09064517504923397,0.33348461463483076,0.07275428037976442,-1.7210464854506309,6.464402302957599,1.3764203279291174,23.637763631559643,MEAN,MEAN
5,target_rv,TAP,99,1.1223005943379918,0.13641915269498264,0.3930960116292108,0.10913993224621273,0.5386289171401272,0.10815915299103905,0.37129307334199124,0.10897417064644961,0.483121793164413,0.10511046568360134,-2.2471172385209828,5.343296920536993,1.229004670852706,28.67599533511978,IV,MEAN
5,target_rv,TDG,103,4.450890075144306,0.22530208916476105,1.132070685604235,0.22185996232881708,1.257784614952695,0.25891888162783244,1.0667587660355033,0.19720520654002932,2.3544891539689474,0.1994038130304813,-1.2058957174764693,4.3213418797018655,1.205428981324614,25.357039237677785,IV,IV
5,target_rv,TDY,99,0.5605097500884813,0.09275041793590573,0.3013400788015967,0.08109139612032477,0.3018891691877063,0.0811953450269796,0.22934439096508732,0.0655225974268426,0.25222992751389905,0.05964252101162154,-2.091549527522132,4.028183362579933,1.2254214954437168,21.897745245535706,IV,MEAN
5,target_rv,TECH,89,0.7647657933599812,0.21634865029329148,0.40806904882371076,0.17871890295776025,0.3855412952783951,0.17288561668207453,0.38812475243082445,0.18649308665736938,0.4258626861252331,0.16832310110597423,-2.0736469661446018,8.995759435087617,1.2282333415488031,48.41050652699767,GARCH,MEAN
5,target_rv,TEL,103,3.459915781524507,0.25694532673996434,0.9929032003550036,0.2083567191599034,1.0404620860269975,0.20834912779914525,0.6661168126837371,0.16450377205460714,1.5099667567832724,0.1883716686002067,-1.3993748358844131,3.6235232557218633,1.1523342556997407,27.410183971510104,IV,IV
5,target_rv,TER,101,3.237516030573913,0.4845411832873415,0.9486828242424827,0.41173252069563515,0.7985782604329987,0.3841116500949745,0.6078298119905007,0.2917513262415817,1.487642221555736,0.3546145982440762,-1.8271847832278223,-2.353003949393615,0.9532557551795519,47.984828192977574,IV,IV
5,target_rv,TFC,118,1.685978739744939,0.1293068499356442,0.5961920249494694,0.13453348351093342,0.6530670139415516,0.14462923315685838,0.47325480275490545,0.11105913304035932,0.5786126637016875,0.10244220996254075,-1.4133065883941134,6.578951434964295,1.3541141987733367,25.15756663241756,IV,MEAN
5,target_rv,TGT,125,1.2826214666735485,0.16375048162285216,0.38675701100294657,0.13679288831174052,0.39383075744957685,0.13938340922649556,0.4155343458674492,0.16379202796514358,0.37873943455674847,0.11535471115488624,-2.0369991269616348,11.590820958282102,1.4305683287355329,38.51063875426661,MEAN,MEAN
5,target_rv,TJX,125,0.879238014947972,0.08298275302473004,0.333384690990672,0.06801646338206262,0.31989224846798603,0.06477332229698285,0.34426265885587476,0.07729569423281028,0.3167996695469371,0.05575936655624459,-2.859675798845568,5.537735184822291,1.3834801303323585,19.97847082351833,MEAN,MEAN
5,target_rv,TMO,125,1.188151901328047,0.22767493750394122,0.666453320275309,0.18890740957500846,0.6542813079328533,0.18584371148842568,0.45537365687281633,0.14978768507828671,0.7184883560377556,0.1758137369988899,-2.1357322678557917,4.237747454492833,1.1671663793690847,29.588224449250035,IV,IV
5,target_rv,TMUS,125,1.251651444110473,0.11988596445274254,0.5088225713645171,0.1317685355796438,0.5116947225099625,0.13143868567949232,0.37573773851094877,0.10060697329741149,0.40547758342750956,0.09066983635138187,-2.0484069439561945,5.670075818832772,1.2844177647996189,25.605806003715987,IV,MEAN
5,target_rv,TPL,105,1.3516081585895436,0.23375437889104173,0.34030272218454993,0.17893522576361062,0.35603390162695825,0.18369640634125983,0.2941496458061082,0.15736419118093561,0.43428853265962974,0.16618226066546876,-2.6807464858728305,2.597677781192489,1.065274599246285,42.393828369437344,IV,IV
5,target_rv,TPR,125,1.7920215005100484,0.35225186381432794,0.8292923327178396,0.33798948276563373,0.7976986800303364,0.2848956637028138,0.5606435791188559,0.23339707286597322,1.0159115364007685,0.2572227641291636,-2.498642810805805,5.173577522563374,1.1472261825701877,40.31391351610835,IV,IV
5,target_rv,TRGP,105,1.0989248833908865,0.15462918789030738,0.4468709336412725,0.15301617873197162,0.4434598719507781,0.15119167498270022,0.32800503520913304,0.11899667947022002,0.43902083102892614,0.11696085027606719,-2.202027955177103,5.217157107773683,1.199533672956615,31.363907330269004,IV,MEAN
5,target_rv,TRMB,97,0.6381011708116284,0.1162910361267835,0.28860722470303635,0.10268506016398551,0.3160609258097626,0.10886271470910157,0.33726965054776936,0.11925556108703837,0.37682075701523826,0.0951920097727424,-1.3054476115178084,5.9733148465365105,1.2537809074112387,29.51060497394972,ARCH,MEAN
5,target_rv,TROW,105,1.016279602844243,0.13691786470141096,0.47056529366364785,0.12213158497354633,0.49438212487096556,0.12723254249421048,0.40912614818476184,0.10492024502198481,0.45466236018668504,0.10166759882419066,-2.1230964920749247,4.121462221557608,1.1998438218049186,24.74487796858456,IV,MEAN
5,target_rv,TRV,99,0.835447113204343,0.09794195945869157,0.4633230544658994,0.09994231590647215,0.4711201116226618,0.10149434918358792,0.3374276461775963,0.07915755504252724,0.37545064482276796,0.08178570216863244,-1.6251651826830744,4.6492915084247635,1.280439770927269,21.22786555679162,IV,IV
5,target_rv,TSCO,121,0.312878833102307,0.07600876027741535,0.2563093133876851,0.09371025147503091,0.23420712228063714,0.08626523609353236,0.2838499984016441,0.10823644523867894,0.1563693865773993,0.06206992988917313,-0.3762418963984253,7.397000342177945,1.3423547024023696,29.003247577199858,MEAN,MEAN
5,target_rv,TSLA,125,0.6224347168897179,0.2135632222796475,0.42004991567493444,0.2695918033030219,0.35435726723396554,0.23851059727616605,0.21564191448815925,0.15559485889931762,0.23667661616247557,0.1551632057938253,-3.635108540461341,7.955612203349208,1.1788142827817039,52.446533619629,IV,MEAN
5,target_rv,TSN,101,1.455225239699634,0.14010533366393624,0.4414259000827949,0.10350390323368852,0.4182541976691442,0.09993274158859645,0.41725459343699073,0.10420170377927686,0.5667732631496211,0.10201826947865582,-2.7486743942296203,3.7053771353036042,1.1761138954157766,24.745040851535656,IV,GARCH
5,target_rv,TT,105,0.934590504184467,0.1689538321701639,0.5545487424656746,0.17708465556176833,0.5546427956934592,0.14305442938705065,0.41202452116711297,0.11695964248718829,0.7700484005865501,0.12900815384884184,-3.3072235971256614,4.289054026138468,1.1938209697126838,26.41800133507246,IV,IV
5,target_rv,TTWO,125,1.6603611031625385,0.17728447389080668,0.6752611037559069,0.17495910305248377,0.7187306687008895,0.15031502769956862,0.5510083086898965,0.1611959892811774,0.7407783431793831,0.12574996224725782,-1.8566379356006786,9.835702931497083,1.4606300152782137,31.188421176651975,IV,MEAN
5,target_rv,TXN,125,4.9404580019292546,0.27033456030267805,0.9531841376975981,0.28946886554046797,0.8423554751768112,0.27605008736380154,0.670875649325646,0.19021977994813846,1.6241518849187153,0.20325010302928015,-1.3788001063499074,4.413500631831805,1.1584957719736502,32.25967328914125,IV,IV
5,target_rv,TXT,99,1.143776130507656,0.15966274659890686,0.5783482320967367,0.1474654736173492,0.5616140619311023,0.14243728514057402,0.3966926135543345,0.10892970332155624,0.6509129226359153,0.1137635104373835,-1.7924034393903743,5.254923382761614,1.2684222720270086,24.83199999074469,IV,IV
5,target_rv,TYL,99,2.2625090271054615,0.17473389297959666,0.5578711245478635,0.13602481579874762,0.5498823426241359,0.1361631076850383,0.47036663771432385,0.12905582846635058,0.7677625240866885,0.13596231462297445,-2.1535543453073505,4.76779377725426,1.199368026912162,28.682329378064836,IV,IV
5,target_rv,UAL,125,1.6831363077793176,0.28290375060155903,0.5840908251215328,0.26344974102573576,0.6632434233121581,0.31252150422992564,0.41184154866778216,0.20066248946516177,0.7841045783275588,0.22191180082424433,-1.7779996906789064,8.971384354705085,1.2294779145623298,48.06614592169812,IV,IV
5,target_rv,UBER,125,0.8003433513630863,0.17492330768569353,0.3955241897646857,0.1527344544790944,0.4046607694439296,0.1554416761003049,0.40892791274445617,0.15996844161849305,0.37094217655025086,0.12735892850889,-2.080859611018809,9.087490097272745,1.3160608599382961,37.839832601962755,MEAN,MEAN
5,target_rv,UHS,99,1.067756474676558,0.13882251774947013,0.45668828926826205,0.143512397133822,0.4073495186257451,0.13271599383186483,0.33383182891593294,0.11077135317284387,0.46817249929940313,0.11755384728896348,-2.437149960428036,6.981168207161676,1.2767173469569113,32.20968490094428,IV,IV
5,target_rv,ULTA,125,1.4239053556935126,0.2518834911016236,0.8480871416369765,0.26188686185926124,0.8643795764690594,0.26803762231353145,0.41967121174864735,0.16442427371035082,1.050381504981856,0.18243699056449753,-1.777045011448243,5.692214311479067,1.2151256096016516,32.15217099455062,IV,IV
5,target_rv,UNH,125,1.053851080938423,0.2507937760772187,0.7517994823342861,0.28409136388283784,0.8370772028150043,0.3299976813927374,0.5766885646355916,0.20025381484881832,0.6176374500747662,0.20263480687720695,-1.9511646387493071,5.711187803871724,1.1754522573453594,38.26242362313988,IV,IV
5,target_rv,UNP,125,0.841040193736955,0.09709628633705843,0.46514940386339826,0.11078159764013903,0.4381448857598692,0.09769031635288777,0.3841986781848964,0.08819766896107697,0.43281304078997657,0.07553847092998767,-2.8210602512226646,5.624472504296632,1.342788194589745,22.03248361164559,IV,MEAN
5,target_rv,UPS,125,1.6489001512563568,0.23077238002287093,0.7588724786301662,0.212849401286023,0.8926932322593174,0.2527786847024071,0.5354983026821896,0.16726431202057918,1.0204747013794697,0.18006995795587058,-1.947512032651296,6.719072194374289,1.2741788920786161,31.225233640411897,IV,IV
5,target_rv,URI,125,1.3351427395140554,0.1990806328107886,0.5390908749028834,0.17695256540488874,0.5677341991796865,0.17360501811010037,0.40688477954004965,0.13770712106665153,0.5827786911874477,0.1470014130264019,-3.277378765917495,5.220815173828364,1.1923869820573556,32.357865290202135,IV,IV
5,target_rv,USB,125,1.2944972249779871,0.12111568700530284,0.5203749292111227,0.11806390099344888,0.5781064288261669,0.13162289030371413,0.43144196904901927,0.09896945891660296,0.4385513843465561,0.08673688602567782,-2.7932842617172966,5.892144745611679,1.3159038864772463,24.543845461664954,IV,MEAN
5,target_rv,V,125,1.1502222105087883,0.11811204955002202,0.5309769725108735,0.11040952112644928,0.5422122947954053,0.11150051603487406,0.4865165898682132,0.09895616904760982,0.4529888066777911,0.07973875008049025,-2.4560635457726123,5.594678810396327,1.3424802729649326,21.93044834819152,MEAN,MEAN
5,target_rv,VICI,94,0.825012154135714,0.06825443148262879,0.2898704312845268,0.061571714202207424,0.29055727438445855,0.06195474058946328,0.3101074916780954,0.06693443267963366,0.2652315055649329,0.053739081808890234,-2.2408245462478624,3.82964733897969,1.256960902362944,18.73326615321668,MEAN,MEAN
5,target_rv,VLO,125,0.5976672513297479,0.15036621858412932,0.4105969465653752,0.1527864821930346,0.43457583224970864,0.16048974614361766,0.28665035472876976,0.11172480351158068,0.348214097654056,0.1171564336855346,-3.365386172722368,3.7873957936661333,1.1351994345489098,31.80079545249379,IV,IV
5,target_rv,VLTO,72,1.7702243557995625,0.14188727816581487,0.5678603582199168,0.11391025290597327,0.5678956075010109,0.10997625332493816,0.5306955792709488,0.10557155915811965,0.6981066782489846,0.0980279949174807,-1.5936140934505532,4.1120316268657895,1.2394008802735494,21.288374596729582,IV,MEAN
5,target_rv,VMC,101,1.0513331628915363,0.09905029716277643,0.37866386726510426,0.09594941369720966,0.33959350844939845,0.08625992203247453,0.3489780729510499,0.08974691795323247,0.2880763913809504,0.07646634353616864,-1.6619687241688648,6.51603770367567,1.3689452809565568,24.17729545653723,MEAN,MEAN
5,target_rv,VRSK,99,3.828512558396401,0.2394693697977786,1.0291847568005803,0.18244570951696834,0.9891205787590551,0.1790891508714693,0.6653124090700369,0.1594864179402702,1.2599601284504698,0.1825050258598255,-1.772582303048346,1.9846725296318666,1.0904430460210321,23.92856558659885,IV,IV
5,target_rv,VRSN,105,1.7590659680459007,0.20751049401407992,0.854341784822943,0.16697081536698577,0.9168145309813479,0.16673833757501827,0.7649999936969542,0.1591997077539835,1.3847677677742127,0.17583305060561624,-1.176792487213217,4.260389708074446,1.2035523112979118,25.190585395408565,IV,IV
5,target_rv,VRTX,125,2.5481757681893784,0.4044763914943671,1.4930059337679735,0.3760837133730919,2.170492127348077,0.4010999442783496,1.0772360443785733,0.28987067890133356,2.806059824384103,0.3272302071606405,-1.5432985957362617,1.8175315524636901,1.0658395777091114,29.422987354349182,IV,IV
5,target_rv,VST,125,0.75017777249051,0.22126938472680358,0.4878980013586249,0.27814278255247205,0.3659046730555777,0.1595440684734216,0.3176906123702035,0.17992833394292967,0.33683853166498584,0.15560936830724706,-2.255617024126248,11.666111138758046,1.2698061234164204,54.904978333601164,IV,MEAN
5,target_rv,VTR,96,1.2596876826940233,0.1286390863408233,0.7421272421511981,0.12648815746702777,0.8125591536864256,0.10931207158325768,0.6065758824890183,0.10863409687563634,0.8645504741396713,0.09780189980169889,-1.9580548778857207,5.890855208509043,1.3870132159523059,21.112183487993473,IV,MEAN
5,target_rv,VTRS,73,2.003148913143788,0.2205652357461167,0.8599620176777537,0.29005187611860267,0.8519211928130631,0.2868516295236905,0.5400160108893964,0.17295772570260945,0.9025930155101842,0.17211855538060505,-1.8806737647867646,9.529921825472433,1.354916885717738,36.381058553442855,IV,MEAN
5,target_rv,VZ,125,0.9628437902712998,0.10964923836218508,0.436589438076048,0.0982464236881459,0.4236394138840984,0.09441216360443426,0.28963629920067696,0.07348980764967832,0.45874076199298414,0.0822768050291534,-2.806061321086391,2.1493079958981935,1.123085188114934,19.611262832342195,IV,IV
5,target_rv,WAB,99,1.310454689877596,0.14142195534305144,0.4908088111133604,0.13083220850019378,0.4992786761296876,0.13318113528247313,0.3699534212233702,0.10172319151813387,0.7822440990527345,0.10744134019716163,-1.4873200952172665,3.5811706622114046,1.1730053915214473,24.280934008993846,IV,IV
5,target_rv,WAT,101,3.454541831360884,0.2869449134956814,0.8239945632805116,0.22494227951004825,0.8121668368191988,0.224795754599442,0.6065471829047911,0.19158034561940537,1.5760300322738963,0.2320961860175269,-1.6512150828659269,2.413641210635876,1.0799231130657705,32.61318071868328,IV,IV
5,target_rv,WBD,124,2.5162517560962563,0.5336792666282937,1.3183977047214352,0.5048399588949608,1.174160343524026,0.42990753436063595,1.3152439360495083,0.4049730542958521,1.4113855912786148,0.4003594260844087,-2.332772831570987,3.47959035299893,1.0743830868035433,50.25891213873016,GARCH,MEAN
5,target_rv,WDAY,125,1.175658063089825,0.19106776396922456,0.39791476691749156,0.14609053686207565,0.4183394746897078,0.15346113494438318,0.3190904792363424,0.1294605289334276,0.4684576699722934,0.13268420827273972,-2.9506865743033055,6.096031288230108,1.209563048849454,35.18527827952287,IV,IV
5,target_rv,WDC,125,0.8100918466427924,0.2890027004445994,0.4889139050223023,0.27007889154270587,0.49042094963681543,0.2422914754185531,0.3096365233128436,0.19358842185529895,0.9108995557016388,0.2597156240216577,-2.878735104419704,3.8371382372082907,1.076673899980532,53.88204580265842,IV,IV
5,target_rv,WEC,92,0.37121594268158065,0.05304288658177445,0.24032602486638283,0.05461894730070636,0.19098193568847285,0.04345253573403263,0.2604930193641717,0.059322322231690025,0.1765818481976254,0.04264712224023333,-0.8658195383641654,4.585835644098606,1.3377428940106295,18.16372499550057,MEAN,MEAN
5,target_rv,WELL,103,1.1705285119144668,0.11428872662614396,0.4424569409958465,0.09605284865024741,0.4643602955247155,0.09618544083108649,0.3990661437783532,0.09002230508883913,0.49666919030523,0.08486908951933923,-1.564896527736548,5.003180120281744,1.2806007790865037,22.83342327416607,IV,MEAN
5,target_rv,WFC,125,1.199733137184461,0.14898424323880147,0.49481134463582305,0.13251212227747364,0.5036191229543342,0.1354700005879254,0.40566490149180434,0.11537909932285359,0.5119940930009046,0.11456915894365503,-2.6512657705132088,4.637912370245966,1.2095996014276293,26.76539896209117,IV,MEAN
5,target_rv,WM,101,1.3471356145993845,0.10923145711192125,0.4072394012420833,0.08514262517441443,0.3606628458818181,0.07953941390958702,0.2641316736562998,0.07045818699082519,0.41694289994189987,0.0773337550112149,-1.561332527176807,2.729728860209558,1.1631330936200657,19.46286865198632,IV,IV
5,target_rv,WMB,125,0.7402539198558643,0.1327781952226272,0.47390877513896146,0.12610402303951262,0.4870760767915557,0.11019140387836823,0.3951545773372917,0.10567908577553362,0.46607406892156944,0.11597845706024258,-2.305993942830789,5.507567852857598,1.2690887617499471,25.975044149677256,IV,IV
5,target_rv,WMT,125,2.0421665397912103,0.15068143142333704,0.7320682028686782,0.13340980182333265,0.7119791905956113,0.12810205461703714,0.5604981371671265,0.11554093793856207,0.8138008664764472,0.11144265831041632,-2.2721896608581913,5.162229751315602,1.2813656477772701,23.509280260488048,IV,MEAN
5,target_rv,WRB,95,1.1786748018457327,0.12879278163302005,0.5813802857094528,0.11375666099609746,0.6149220896451609,0.11859713530199337,0.6364245142527373,0.12035365872407962,0.7096456671614632,0.11075890787224056,-1.1495797551331577,4.444721669567967,1.2455888774233488,22.54294222499692,ARCH,MEAN
5,target_rv,WST,99,1.829565052136547,0.41588098143473634,1.2773460827434864,0.46697718459497706,1.149736660284286,0.4470674127010729,0.5824487153879621,0.25803251436246294,3.089942780378857,0.35318591183723347,-1.931836144433901,1.0958552790614249,1.0330490401082413,34.25431541806406,IV,IV
5,target_rv,WTW,97,0.781627102808714,0.10207778142432068,0.4489948101933706,0.09160955119881926,0.45112041675331616,0.09178648203107855,0.45800543449913894,0.09554361749324923,0.47103606185668984,0.0797767116860057,-1.5296002691659656,6.79545077601517,1.421040587205695,22.935108050185086,ARCH,MEAN
5,target_rv,WY,95,0.5820340573065488,0.1054430372839788,0.23459550193519255,0.08814639505750982,0.23509215589026053,0.0883934267111377,0.25637662509189185,0.09432316342592668,0.23328470529669879,0.08553058873670062,-1.773471129347431,4.435378962294373,1.1827673874099764,28.703269558908907,MEAN,MEAN
5,target_rv,WYNN,125,0.6401183438112209,0.1687202864883975,0.3973229738468726,0.15900855509900574,0.42237265448679806,0.16894573716756506,0.3688572206185163,0.14799098540291752,0.5374710602491123,0.16386207002731965,-1.5898503550663396,6.945906019964815,1.2178925839426757,38.82356745424369,IV,IV
5,target_rv,XEL,91,1.6888865805925661,0.1296175629678652,0.5748034223202203,0.10830557649685475,0.6418617247741439,0.10155331517676125,0.5144562720604109,0.09659393615757432,0.5631121148035909,0.08611942903319057,-1.5556781690344745,4.237407286289741,1.2694667493230836,19.962565573664186,IV,MEAN
5,target_rv,XOM,125,0.38226225281864695,0.07520990346611081,0.2595343100328166,0.07922742127660255,0.2650144427019214,0.08068162376803974,0.2135070500913639,0.06777053029293947,0.15245640426690377,0.05241446761055065,-1.9673503774702221,3.962482053729091,1.222206916450102,21.794879519263855,MEAN,MEAN
5,target_rv,XYL,98,3.704854839677225,0.19936276609081274,1.1643573068536544,0.19290299081923476,1.1470073112156483,0.17632201322322233,0.7736467619333627,0.14911235309139836,1.8697237855088404,0.15129623740073292,-1.4087279944925362,5.0329074130235645,1.2887444985419048,22.463221889796706,IV,IV
5,target_rv,YUM,101,1.5777199476271582,0.14324368911596477,0.4386760399362113,0.11089832836704391,0.4386092488181211,0.11105886305966624,0.2961768217716978,0.08552250822897962,0.571912393852278,0.10812188950213594,-1.9199244100350439,0.29986168674589325,1.0142530123210294,21.338339728574628,IV,IV
5,target_rv,ZBH,101,2.5847917680990116,0.339529756485712,1.1432750591296452,0.24359741720120284,1.126389061848927,0.2459409717831632,0.7087557944645926,0.2144927425019774,1.9885952811322067,0.2435302376307265,-1.7262269883899486,1.7048515195035585,1.0642040671873172,28.258488916486673,IV,IV
5,target_rv,ZBRA,101,1.938783255000598,0.264118034638937,0.7014244115848395,0.250501451201823,0.7123066987829946,0.2558767968093732,0.47636594435922774,0.19501661815236893,1.249044557225385,0.23089617360607223,-1.399098584577275,5.0849376260355985,1.1513764906282198,38.676267461552705,IV,IV
5,target_rv,ZTS,101,3.644760789870667,0.3149847684520944,1.1691371060686255,0.21936099602413495,1.1431556613921465,0.21887513690653948,0.7332946147500592,0.2000496801441306,2.1940187850620436,0.218796389772225,-1.5921283019986068,4.565791717757016,1.1877977332105962,28.87807515004394,IV,IV
5,target_iv,A,105,0.8399716418197685,0.13144968096232537,0.039468770794766614,0.048400397351340954,0.03422509212457937,0.04427225824235503,0.02167699885517793,0.03359511516065985,0.17880033398935577,0.05912299598812922,-3.636289410532909,3.944715869478732,1.1478843746515097,30.61904085326736,IV,IV
5,target_iv,AAPL,125,2.4240938315089493,0.12371999110110138,0.09624201769129158,0.06805273843178791,0.11015692723011682,0.07146969483361795,0.016454054284663643,0.022141386583771745,0.4695495831519252,0.07367100881294034,-3.3673884046519826,6.045090740458148,1.3224422154957947,24.792917327504398,IV,IV
5,target_iv,ABBV,125,0.9586437522070712,0.1042183782136459,0.07338355909328673,0.05835823736146959,0.04964069099963941,0.0426998500116814,0.018439027843154637,0.02367482205308915,0.08126216214841234,0.044173637630022015,-3.6401348974841827,3.6019074321874642,1.174155556313004,24.284034999302666,IV,IV
5,target_iv,ABNB,125,3.3147733420445396,0.2001901341830641,0.15384505541012786,0.107266293298964,0.15844542038973056,0.10610855524890421,0.039830302626646524,0.055262889590108256,0.6471233514140591,0.14247151746957334,-3.2421418876894204,12.864289167834242,1.5583658547784223,35.903465109098086,IV,IV
5,target_iv,ABT,125,1.2937794700370664,0.1299379568790818,0.07984908242464546,0.054758474022471276,0.06087448724263791,0.04096378717870735,0.03122628842812339,0.02801293364997287,0.09343194430048185,0.04823121919477776,-3.538505473599128,3.432848266691925,1.1917784352851635,21.332922702003042,IV,IV
5,target_iv,ACGL,101,0.7351874735071714,0.08468884012741533,0.051972820510046404,0.04057497407835085,0.05392745623918318,0.04155421227937929,0.03665995229810518,0.03511576303790759,0.1094130466625139,0.05131073858805439,-3.8086577797794523,6.2253222314687635,1.338777944817539,24.601141338647135,IV,IV
5,target_iv,ACN,125,1.0418835824175128,0.1408389855786931,0.17229402005021327,0.08882194203606651,0.16836497458239252,0.08886605522859022,0.04609677064284756,0.05451077791656801,0.3505434088817163,0.11287634071191448,-4.058697947731825,8.699645978625684,1.3513561283329734,33.45984020065788,IV,IV
5,target_iv,ADBE,125,1.978738585109916,0.17090194736903935,0.19929262019851243,0.10698886510290452,0.18765245848074652,0.10537008202468152,0.061599652430400824,0.07100114970057818,0.8776602877853278,0.16643082240818632,-3.2343169829971092,12.22541134938803,1.4986419625949337,36.74282517827433,IV,IV
5,target_iv,ADI,125,1.4128042640920764,0.14574579546582705,0.1128625860080082,0.09476308720788922,0.11977943123227956,0.0929155434106079,0.024472868222009184,0.037883138968187714,0.6922738587135844,0.12387666389985069,-4.218210169130593,7.419757590975105,1.3076641942307548,31.53617324839849,IV,IV
5,target_iv,ADM,123,0.8531910388813956,0.12344548320843886,0.04881140731700289,0.046384898511025785,0.04954701674562518,0.047028546324150905,0.028965575911081495,0.03620435304507613,0.1455568977145967,0.06677557476633067,-4.882575985318789,5.53330688991716,1.236079414129599,28.971635514705994,IV,IV
5,target_iv,ADP,125,1.197194947298515,0.10152118805052839,0.07982143116864304,0.04147555295083177,0.06405171489588107,0.0363793530403807,0.019481280070971316,0.02049138673663979,0.16956266407885562,0.05209031615890227,-4.0046214049327515,4.941579932852683,1.3121061805974767,20.77458882550846,IV,IV
5,target_iv,ADSK,125,1.3814147085228654,0.1661089544583761,0.17805650627758035,0.1124982382027542,0.142970537258751,0.10716817568568959,0.04150282251502509,0.04571322697016456,0.19661272064224095,0.07567967860075625,-4.5150353126839144,6.532563815365107,1.2909553278882808,28.98468339941837,IV,IV
5,target_iv,AEE,98,0.6229606652634316,0.06397389735799495,0.0390922827944045,0.025642959217899993,0.2738338404535203,0.05000642664627691,0.04204204091651883,0.026727756172797597,0.3365510434130637,0.05514903773225176,-3.986978475694074,4.099523052072921,1.29580948052462,17.95818317615813,ARCH,ARCH
5,target_iv,AEP,104,0.6312767374237185,0.08422581597365424,0.03789682400758111,0.029867215132040176,0.030535338151685767,0.025662218066302752,0.028875573184395247,0.02243801794590183,0.1271808743430502,0.039624489117277846,-3.354152516803097,2.2389248545303593,1.1359672016835922,18.70557877405825,IV,IV
5,target_iv,AES,125,2.347989010407111,0.31423803618675433,0.11151169835629497,0.14788461273406225,0.1144064481102801,0.14809787458480317,0.11506902233167506,0.1219418793943488,0.18403106277218118,0.1320246522594317,-5.0444478679185005,14.861372727807568,1.4348419002174433,49.037869335830216,ARCH,IV
5,target_iv,AFL,125,0.7203010368128323,0.07463236694472507,0.10007161835420608,0.047609651482644406,0.1033404413258427,0.048903890215606795,0.06680056374148344,0.03596697569833254,0.12423900194063642,0.045592433697330605,-3.3017572085189864,3.992803182149233,1.2531916752395402,19.762686525950734,IV,IV
5,target_iv,AIG,125,1.5328243705216118,0.11646404219911191,0.0847812764671708,0.051257196313342475,0.06145588664759117,0.04355262106549036,0.06269696144062456,0.0450529980038291,0.2424588882072679,0.06790801297032505,-3.280745876296059,4.456813589514293,1.2268754476656067,24.10113224705022,GARCH,GARCH
5,target_iv,AIZ,78,1.1244422767514457,0.09023709146025488,0.08777557104943742,0.05535029438056014,0.09200066739841575,0.057112960815686786,0.026803165342046704,0.02828869253317053,0.19313295979998993,0.05889989047452806,-3.3505956461650537,3.686454333236791,1.1867716057907687,23.424220775993355,IV,IV
5,target_iv,AJG,101,1.2652788246666908,0.12800015732684153,0.02404561659946704,0.028783720043887993,0.023106470110947873,0.028432474158526833,0.01030928830862095,0.019348348088263044,0.21480230019890115,0.06446857407591729,-5.151091118934871,4.9632144287047995,1.2365391540516686,25.945848143631583,IV,IV
5,target_iv,AKAM,115,11.288191486734348,0.2573471745297362,0.3348176286506316,0.2760249454565786,0.39305861532958786,0.29291865914029636,0.062351744012168794,0.07844385101877527,4.603637794423301,0.20864491916582298,-1.3355628737801448,9.875517886721772,1.3613410962509012,37.20569978184891,IV,IV
5,target_iv,ALB,125,0.5267744392309175,0.21222221121702353,0.05290130712269312,0.11592470824532573,0.03697171120071935,0.08864298441464655,0.011639057594026711,0.04579428415825297,0.04488134884516608,0.09473199443744212,-2.990715970795176,-1.940846662302077,0.9677550268392731,58.24982717165719,IV,IV
5,target_iv,ALGN,125,1.7490119829647561,0.627774340198617,0.46202190924777914,0.5705239423499946,0.5394657828514187,0.37685074498340715,0.05381841831385974,0.08086333811085034,0.9730195042210827,0.2293755990645536,-3.901892496699246,2.881299634415037,1.0662252233189369,46.38888617042217,IV,IV
5,target_iv,ALL,101,1.0565966701310103,0.09039717693816501,0.07898873472929825,0.0529971054901985,0.06226355503061768,0.046027514455178484,0.017537299094103887,0.02250152269358192,0.026411512435794055,0.028223722365629873,-2.414594278016078,2.9887801707186363,1.1460640010138434,23.45090738874121,IV,IV
5,target_iv,ALLE,93,1.3935273746572385,0.11829609940025547,0.1855235233686017,0.11288754706404744,0.08662022752103826,0.05647112135523748,0.027762826371045143,0.027962491976873307,0.09989276436831519,0.05021627664981426,-3.5866823564596233,4.297056723714678,1.233609601568086,22.691235280036963,IV,IV
5,target_iv,AMAT,125,0.55976721797901,0.20281748052529683,0.08814585165111558,0.10526031905887598,0.09500581672649795,0.10232272441725791,0.017733627790966607,0.03681967712084513,0.15424784873634345,0.0847489401413874,-4.298546833617345,0.9126765271827996,1.0240097420922627,38.92543500145755,IV,IV
5,target_iv,AMD,125,1.5249576349084102,0.283104840805187,0.10793838302551051,0.15095916495722195,0.07587548984797322,0.11953948547983242,0.02606818896643112,0.059836724613140824,0.11617499663171907,0.10915695686553899,-2.1188194677257792,1.1951612461558099,1.0238577075417354,51.290554697729206,IV,IV
5,target_iv,AME,97,0.8732012276475611,0.11896654591977285,0.10142909789489458,0.058468098268451875,0.10526117368548892,0.053242458373473966,0.03059174035333008,0.027970975982924282,0.4195656766468129,0.06872698949387543,-5.021152512203945,3.6859728877443203,1.2079631939455533,21.410132715321037,IV,IV
5,target_iv,AMGN,125,0.7705335696328811,0.11471939766601363,0.058253182286666,0.04684191267044168,0.05777626327004508,0.046152574675923014,0.020484938864876887,0.0261241936868068,0.04500450436597369,0.039595376086323804,-2.4722201424002606,1.5141746821291446,1.0641730695447742,25.109347748810716,IV,IV
5,target_iv,AMP,101,0.9166153618051371,0.10147310312186911,0.0810255883303271,0.05586154496760029,0.08596372550400298,0.05732518674289152,0.01968647294291273,0.02456893675648719,0.3393627918503479,0.06297740462426828,-5.092465102402014,2.536159362912932,1.1217260080985672,23.371142802600573,IV,IV
5,target_iv,AMT,105,1.1242138583323857,0.0902520229173697,0.047909821554619196,0.048044507581028295,0.0800147742810409,0.041483604156944597,0.01007660582627493,0.016779407807058475,0.11691792293497852,0.04634117683288859,-3.011622731854207,4.420102885430701,1.226359147612232,23.947049032986552,IV,IV
5,target_iv,AMZN,125,0.960084572294256,0.17151192781077554,0.12267464087840316,0.08775702670062874,0.14335613353998955,0.0921207926775199,0.027294068161523133,0.03947980591130189,0.2124043340634757,0.0856344712385628,-3.8375085946814425,4.9415743782357,1.1860029535430605,31.508756695003072,IV,IV
5,target_iv,ANET,125,1.7999012067216684,0.2689463383509197,0.13504178819691942,0.1769118429835116,0.10794358822763117,0.11151824793923173,0.036971982160121715,0.07113256207254604,0.17565155338537972,0.1284689137132156,-2.877102997722278,9.193973532427494,1.2232053940706618,50.38461576895374,IV,IV
5,target_iv,AON,105,1.342807223604866,0.10594222029940491,0.12287568037038823,0.05774942205398912,0.06958726045156018,0.043208304714485835,0.021803237372385466,0.026094664423213353,0.26214762402933456,0.0624664721713456,-3.911022149126916,5.532079158679922,1.3294931754631814,22.3217414966123,IV,IV
5,target_iv,AOS,94,1.096578586803397,0.1003868896015455,0.06239529716596641,0.0459347592878178,0.053491864190612,0.043615085456169586,0.040337309229983076,0.036056563266566304,0.07832822475846236,0.04657004587082194,-2.849218049763587,4.568988598591353,1.2311245477620283,24.337501475448146,IV,IV
5,target_iv,APA,125,0.866808804667783,0.15731472977554647,0.06751537523777032,0.09290954093369605,0.07887963225877219,0.10195105372776678,0.01766159002433508,0.045436191867665204,0.03843466246179546,0.05864935080762335,-2.3996656173400703,4.818956014800492,1.1194036840908612,45.177476369444356,IV,IV
5,target_iv,APD,101,2.0131840682997426,0.1693593647284378,0.11618826195287155,0.10935870567062485,0.09084394543173994,0.09119665933455301,0.023814180679655243,0.03032948078865415,0.5992424324594898,0.09837452711561243,-3.0203191036708485,3.079290930695314,1.132966302211187,26.23772189769738,IV,IV
5,target_iv,APH,105,1.7577812993841313,0.15213152293542273,0.08924285450040183,0.07901395146452854,0.21807719536753245,0.09174952833389147,0.019577699229747,0.03584610544143323,0.877061404690733,0.14612819488781445,-3.6096538140096164,7.6921696699117,1.279100230599833,35.252769148385596,IV,IV
5,target_iv,APO,125,1.0833709665122264,0.13085433129249602,0.061106472336138015,0.07058810338483111,0.0541146887587225,0.06306022879829454,0.01741136610510715,0.03463994716024825,0.18717662320714631,0.09005081001432505,-3.3987094983919652,7.055941453537269,1.2438609980749884,35.99021757491817,IV,IV
5,target_iv,APTV,103,1.9582025344547025,0.1582732145599507,0.07369693204022404,0.06562889825808119,0.10917110918331481,0.07588342094903727,0.02065716440836555,0.0391150131446463,0.2609086016191702,0.10212254430557739,-2.482496771318012,10.5206047676471,1.407303127908305,36.35051877217585,IV,IV
5,target_iv,ARE,101,0.8574783624819576,0.2916764904426553,0.0444298300316389,0.0606072674211056,0.047392123657924036,0.06152882976986413,0.02602847695781202,0.04215718701481207,0.14200623110410102,0.08117196196188242,-3.2901490532740896,-1.3716497604085411,0.9639393335706837,36.6656328587896,IV,IV
5,target_iv,ATO,91,0.624495963594374,0.05531876820329404,0.023581121606250827,0.018730890128963226,0.12161140545319221,0.0359258290529586,0.03261046736442131,0.021711238184386472,0.2189630113123554,0.04550344694397611,-3.0969808870918434,3.101260644142287,1.2191910759248241,17.249923545025737,ARCH,ARCH
5,target_iv,AVGO,125,1.1188987943763395,0.2501417577656488,0.19308620716048944,0.20701743630856684,0.1098832191905162,0.11422303177072135,0.021683810828883363,0.04818814243130572,0.3122801716777773,0.13652619561718266,-4.1645396040445055,5.723166664608982,1.1458121634499163,44.97343584105386,IV,IV
5,target_iv,AVY,99,1.0997908869499067,0.1359056742785134,0.038551004243788836,0.03818078444198431,0.03247265214358607,0.03313506648273799,0.016842767939761444,0.02160632268890772,0.09349933948092061,0.04331941742364144,-3.253679644873725,5.9755457205837486,1.342134162741572,23.441050108397015,IV,IV
5,target_iv,AWK,99,0.6104748957247058,0.081021789453647,0.05471409318458092,0.04384229692186963,0.05524265070922888,0.04146085562851155,0.011217183732886089,0.016279339933972313,0.09389628594035758,0.03956881786495977,-3.938701791742012,1.5716013470553494,1.0787250233436085,21.534775447313496,IV,IV
5,target_iv,AXON,101,2.285279107344843,0.24994698205055416,0.11550611576012396,0.12679451339117023,0.15159472187141784,0.1875682303754302,0.043682457617276675,0.07826936546598635,0.16671792383550382,0.1132949567994954,-3.5359463726737457,8.328186789311731,1.2147485982700645,47.10928643978928,IV,IV
5,target_iv,AXP,125,2.92097746330752,0.12451078390389898,0.08083237939630016,0.06327557880097892,0.09427542313933235,0.06617107301514817,0.02628805639384153,0.0319232081964443,0.15325003088500314,0.061292601136404175,-1.5905654899802453,4.90447470212624,1.2273964621926057,26.472421075769148,IV,IV
5,target_iv,AZO,101,1.1024210756538155,0.1190506854124198,0.12162071125941204,0.05909735280221509,0.11161259807242199,0.05448357784131755,0.015434225013593338,0.02372864353271397,0.22601477995912062,0.07818001973681112,-2.63673856472463,4.483906664692603,1.2132159833046292,25.513787235542168,IV,IV
5,target_iv,BA,125,2.3807846454746993,0.1600835986680936,0.08541575247150279,0.07912925823701633,0.08998437240342072,0.07927760623191954,0.019152213865573052,0.030620031868520785,0.1425408309394155,0.07313630859544942,-2.563686468237344,5.679442604579825,1.2202968638157579,31.460302605064218,IV,IV
5,target_iv,BAC,125,1.4308851734003394,0.10683501353120453,0.09919015866249199,0.06054798940096708,0.06371417995908987,0.04924455479491297,0.022637733368866902,0.02700289395584345,0.25891792667957886,0.0691912457086633,-3.5592357967165444,6.490795479471088,1.3563877951280188,24.703527700392172,IV,IV
5,target_iv,BALL,105,1.451402240653734,0.1291971769476517,0.050250206722363105,0.04340934480679981,0.04627739436420971,0.04198746355429935,0.03436400576445884,0.03875594906007756,0.6151418692382982,0.1059398186772645,-4.5588608158409665,5.984301216852616,1.2660055374992387,28.481205879484854,IV,IV
5,target_iv,BAX,113,1.3991875931231827,0.3415337158369623,0.28208174504465927,0.2996347412741464,0.2741951406369584,0.29521498412843056,0.08631077242988539,0.09149199837248291,0.33503243969005764,0.13183250321589451,-3.468470359436731,4.2937998268803765,1.1137798228732154,42.03159655086498,IV,IV
5,target_iv,BBY,125,1.1454064652922744,0.19175014020972123,0.15395582205819153,0.1488173489932308,0.15185900747590897,0.12886643658479488,0.04763119212414468,0.06255865993538912,0.21291176148171898,0.10886070142193352,-3.5980066863337403,9.777430192710346,1.3334430531492207,39.10006894726497,IV,IV
5,target_iv,BDX,101,1.2143411621439675,0.11359527982135047,0.16838146603288728,0.09392320649295025,0.23187841732882047,0.1201181772935225,0.0401202160076783,0.04207316867645643,0.4342991172378492,0.09103658134108543,-3.579810069810791,4.538440560971341,1.2051586903859912,26.66005067864462,IV,IV
5,target_iv,BEN,86,1.0183854584067376,0.11173337706530445,0.06859024143476343,0.05639714820493038,0.08772002594330384,0.06502951147651699,0.07765483657243609,0.06346899519334277,0.4184286083703856,0.09306175131638218,-3.7076434922158796,4.492869348659687,1.1967619926020057,27.326899891069917,ARCH,ARCH
5,target_iv,BG,103,0.857210363941415,0.11735036590320268,0.061093474696962836,0.05662782407600959,0.06212244545266731,0.05826612176574133,0.028284863864177206,0.03701595409728597,0.05298932455343805,0.045075230690662126,-3.9469930597282747,5.216375628327632,1.2098979795412999,30.06833294457827,IV,IV
5,target_iv,BIIB,125,0.9218916020695577,0.1490820209065733,0.0870308347899951,0.07107452629075896,0.0780559174645868,0.06847418287046268,0.0220999340585187,0.04135017381492048,0.2097150849508476,0.09183671879955176,-3.804059204094695,7.776664042596565,1.2657880495214449,37.03555682050193,IV,IV
5,target_iv,BK,109,1.4425593285415717,0.10751561946453243,0.1755460899026505,0.06400495438372544,0.1375371120615332,0.056790874982357596,0.03581690263293484,0.029370914642641646,0.6453448452261217,0.09529443956452438,-4.037942359176978,8.560716850960603,1.5555392438865325,23.97045962821273,IV,IV
5,target_iv,BKNG,125,0.713896853762571,0.10986621206196986,0.09406337571705536,0.059540852989443595,0.13228816808265173,0.06815789927167566,0.02620753893610309,0.03223606270925377,0.36637223079345155,0.08942322847453857,-3.2347844418995053,5.3772814819875006,1.2407346903831034,27.714242862294363,IV,IV
5,target_iv,BKR,105,0.4640595724135491,0.14492730839838602,0.10293393992901168,0.11735644821510757,0.08534006568916086,0.08599355747088865,0.01585620662019986,0.02836543226680599,0.06884200080269925,0.05375170473987414,-4.407579222665683,1.740297068553757,1.0610902394042547,30.227614936758922,IV,IV
5,target_iv,BLDR,105,0.5649035895301967,0.16005171160327625,0.017303187877807078,0.043873401722743774,0.019761885100403116,0.04893465806380075,0.00958093617088681,0.03439780115228006,0.044703681758748524,0.05789687406422241,-3.620572927458749,7.468056689055663,1.1847563332788293,47.889170036142254,IV,IV
5,target_iv,BLK,125,0.6736234961254285,0.10086736227792459,0.11352483737038842,0.08637712399005704,0.10222816301142572,0.06548912833920265,0.01531924730884381,0.021203249527274783,0.09456154137520578,0.046656953551670016,-4.339973475951158,2.676455770996257,1.1309828165271893,23.11009616718272,IV,IV
5,target_iv,BMY,125,1.4763712778611262,0.14672241700929273,0.10693802359371406,0.0685654102515386,0.10506364242835631,0.06774861289164004,0.0308964312804803,0.040096274419677266,0.6448370448111925,0.10414178841331406,-3.507623836255292,6.201173880922732,1.2404200634204545,31.99425367925015,IV,IV
5,target_iv,BR,97,1.295148704484798,0.09491135305544664,0.0994527020940084,0.06748371520801849,0.18373754799933711,0.0917775506254354,0.02567185951542425,0.02582625150379304,0.19636758966660936,0.05739810508795026,-3.046221246581111,5.244924651878043,1.3034850752121472,22.52723960002384,IV,IV
5,target_iv,BRO,91,1.2560559979893227,0.17582087486388004,0.060545772028797726,0.048693524505996684,0.07854386157652034,0.0567952331172957,0.03518072777578119,0.03235938800850301,0.14149673123593193,0.05728671027749365,-4.2678276484901,3.341956057096736,1.1547226345649315,24.941614481309003,IV,IV
5,target_iv,BSX,125,1.4238878039637164,0.10826408084520543,0.1719672232718958,0.08701312301938607,0.10449649640821658,0.06603009740215383,0.05251386306474693,0.04326783548974146,0.3619334177198898,0.08340438256170335,-2.971802946348442,6.524273567164409,1.3491043147132027,25.212881218789263,IV,IV
5,target_iv,BX,125,0.4560604258781772,0.10006184856067737,0.08937104896643588,0.08500480092140361,0.05415447160570018,0.058099406221026655,0.019597648909394045,0.03306468752108387,0.07974948576669062,0.058129801400116685,-4.301420730786114,5.423767381297167,1.2065966142118032,31.67670188358637,IV,IV
5,target_iv,BXP,101,0.6254319187292924,0.10991947927090301,0.029858193359060755,0.04002200079071607,0.031669411414549035,0.041026026312074276,0.015158150510099801,0.025218555124637734,0.027305607179853298,0.03626478697989188,-3.508820116605832,4.6118287596171355,1.1845467149658566,29.601863182448092,IV,IV
5,target_iv,C,125,0.963795871066909,0.10897962607429479,0.05591776894987887,0.05428514300778005,0.06982601117593182,0.060784346599500494,0.015034190475281949,0.02650517894158422,0.17718253849946772,0.07025438266170926,-3.359186837046983,6.651681308401629,1.2988905209699801,28.90625561479026,IV,IV
5,target_iv,CAG,125,0.7175260162843957,0.11156563642843818,0.11408265714889777,0.0645585445336309,0.10428614795076695,0.06254632729617582,0.030801082589881377,0.03962224118307508,0.13023210705071336,0.06784026039525093,-4.95522050906482,7.945127992657773,1.3403649346920443,31.288096620863804,IV,IV
5,target_iv,CAH,125,2.715276127252537,0.20764753293648958,0.15488190452684408,0.08659983087643505,0.17281596622341572,0.08438251317301414,0.034471011224299734,0.03446778454695793,0.3534657612545617,0.08064571424696806,-3.173438973888703,3.972976557478537,1.175800511944952,26.572322335962888,IV,IV
5,target_iv,CARR,103,1.4934497842706935,0.19693082966084138,0.21464129981388927,0.16960327528165312,0.1325512830458256,0.10303515375245505,0.02316797736651121,0.035536546710773456,0.23685723236443776,0.07573578697261533,-2.9573546153900834,5.9939920913739835,1.2284944834796137,32.22653827846287,IV,IV
5,target_iv,CAT,125,0.47218347344277256,0.13600687212159646,0.08769636038725616,0.07182333398556519,0.07442850260280663,0.060604162090516334,0.02823932130620854,0.035651087396390446,0.20989675601150204,0.07977141682873033,-3.602385660291637,2.234611018813641,1.0825665318242241,29.29897922518213,IV,IV
5,target_iv,CB,105,0.7261890426830686,0.07279129492375211,0.07792316069916486,0.04054341609290302,0.05098005004670124,0.031510438554656225,0.0158904771968639,0.016330340713978868,0.04765042028058081,0.02573299461075683,-5.32323239689836,4.192546651581995,1.3035506156275036,18.00423549601114,IV,IV
5,target_iv,CBOE,125,0.5189080125544558,0.07119363958607737,0.030616596926261952,0.0275693953546226,0.02820305116193525,0.026296387079780874,0.017385859338118672,0.020995982493480895,0.08848139214065803,0.03924463938268151,-3.9849959597465587,3.558371729753512,1.197848794233574,21.543680882320857,IV,IV
5,target_iv,CBRE,103,0.8157767073593173,0.11621057067634803,0.042827040184010304,0.044365560867988964,0.06098096421469808,0.04730875135215328,0.01369414291856904,0.023332818357755573,0.14006954401671082,0.05953847698521062,-4.704047160006591,6.136099998465812,1.2869532635858234,27.51972157428589,IV,IV
5,target_iv,CCI,103,0.6606880056438069,0.0898636194379955,0.028323717994411603,0.03192596823784444,0.09059289611755815,0.045714229755344046,0.01947967054419461,0.024982716088689953,0.12908605755649877,0.05252410345333009,-3.5483701635264047,4.374296967139123,1.2094656458956854,25.257420538235557,IV,IV
5,target_iv,CCL,125,1.3223292755255234,0.18107233356490765,0.06191864904369881,0.08155282454639146,0.07461118200759924,0.09022994057867599,0.019692557134775347,0.04262270829719853,0.25187502229510184,0.12111236527388533,-3.032931959050606,7.453217097971584,1.217348712510009,41.744734226826665,IV,IV
5,target_iv,CDNS,125,1.4420447880960627,0.1773948642894491,0.14390918644475523,0.14579325646442134,0.11300039171012172,0.09622250278159537,0.023391301651053305,0.04131833965358467,0.20785669734463358,0.09038759278750218,-3.950258846870325,7.121924504995215,1.255847489317944,34.958525614434684,IV,IV
5,target_iv,CDW,99,1.413727181564017,0.15268476685122687,0.057692084231102,0.0636501352154719,0.04810423187833888,0.05581518920487527,0.024472531609689416,0.03656815273169211,0.41354526489933635,0.1062811077584297,-3.3599584266965055,5.869237674114259,1.2232488084723987,32.15935637295559,IV,IV
5,target_iv,CEG,125,0.6671653296286837,0.1679735381447234,0.17962407983397272,0.20054841363044767,0.49802124694338334,0.1671950583289438,0.014407962154330965,0.04240194604705024,0.363105533211695,0.1549168565539684,-4.049897623986766,9.670027454425528,1.2465854556237828,48.88575260724705,IV,IV
5,target_iv,CF,125,0.7914692260838118,0.13298914508953258,0.05622221131158857,0.05833943326976707,0.06192315154344556,0.05588737432246135,0.02757396358777159,0.0395754180645836,0.11045574716444505,0.06935834416879279,-3.83832190886248,5.4679826025291485,1.202110464284801,32.522408615939455,IV,IV
5,target_iv,CFG,103,3.500063035345797,0.1149401616511042,0.05932217020487588,0.05559933054260563,0.0934113289419082,0.07447843204459645,0.01707874953452863,0.026399099590374245,0.17101052152133145,0.0661236377934221,-1.4220614825567464,7.196667562904516,1.3493075642239143,27.79933495401568,IV,IV
5,target_iv,CHD,97,0.661774115690188,0.10698519014670246,0.03499192161767339,0.03021960572314787,0.0452031761647345,0.03291481134893571,0.03283904991544508,0.0302098675221325,0.3481739933198411,0.06843503616317398,-4.120987755365849,2.870156529873613,1.1431178001117506,22.92466077485578,IV,IV
5,target_iv,CHRW,103,0.9706061603263375,0.3176424465759888,0.38187651902696496,0.2473031181558367,0.4211060316570379,0.22342511557715955,0.057591511515983254,0.05097848516901976,0.17380942329490234,0.0900512380837665,-4.1476281589713,-3.9023089519600975,0.8693896081744915,25.975167850754538,IV,IV
5,target_iv,CHTR,125,2.414584719358324,0.32523626877681355,0.22840025931186791,0.23584050949034924,0.17177596500975786,0.156491348693828,0.04102612462287964,0.07140632226361575,0.4134233776923222,0.1709065283310817,-3.115531300416869,13.058913428101288,1.3945975341739723,46.153173521332896,IV,IV
5,target_iv,CI,125,1.3619725966817617,0.26933505057906093,0.16949852570497828,0.13591326426509753,0.1506061160263412,0.1206354882624606,0.011015959799264972,0.02229109037675259,0.08930769648722749,0.06103894526229286,-3.2576066254123073,0.73406123154224,1.0249894520641625,30.108904251608298,IV,IV
5,target_iv,CINF,101,0.6500173381474607,0.07265773271867783,0.09169291132759436,0.05303708914748622,0.1032645053637333,0.057552209660388425,0.023671330092052658,0.02445381201206012,0.04623052610521598,0.03201197036014887,-3.0595411944569624,3.697907610480497,1.2063654784444944,21.617123742722846,IV,IV
5,target_iv,CL,125,0.45065429091171605,0.07284286220948169,0.060574724809322814,0.03820888524934023,0.1749235331124447,0.05609994440645731,0.035195003626781185,0.030483330526887613,0.2894729424429564,0.06731482360285593,-3.843467860566234,4.920276868697242,1.2774251592989951,22.655787523642612,IV,IV
5,target_iv,CLX,99,0.47794333471094147,0.08605772183441086,0.07639444946089198,0.04876412265469931,0.2228481575563246,0.07172719559079606,0.02378790654351148,0.032575578557845694,0.17122704147557766,0.0666572453086675,-3.4353856927555975,5.198755787228972,1.2322925819378243,27.578961577099935,IV,IV
5,target_iv,CMCSA,125,2.407691635792324,0.13623649520050402,0.1162790995085633,0.06997664449660633,0.38101661258273845,0.09716852512135242,0.051666599270332424,0.052000747870834745,0.5461515081080669,0.11511159845028356,-1.8825819051011234,7.595945790426067,1.3345504853479484,30.30087710303776,IV,IV
5,target_iv,CME,105,1.1743866177277325,0.07925613119057105,0.030709997360391036,0.024510834277671152,0.03674396131869191,0.026145406658718912,0.010801317149656733,0.015339788388157626,0.7506457061412564,0.07712881521905089,-3.315396749625843,4.649403620309763,1.29019809783135,20.67088568740374,IV,IV
5,target_iv,CMG,125,1.3555726306992257,0.3117149182948558,0.21685262411300535,0.2036426823256341,0.21344852927909794,0.14253941326827285,0.036147112300345605,0.05266042179237553,0.2312502296517374,0.11052027567709788,-4.728117144781692,2.468500910234802,1.072572443367796,36.48280159630229,IV,IV
5,target_iv,CMI,105,0.6243868787429153,0.10452346493148122,0.04626301473460514,0.04595878671438984,0.0646338448840274,0.05461643966982163,0.022329288581992547,0.03221375303227433,0.30938944391470147,0.08068505736511816,-4.269044188910175,2.6325818619823056,1.1055274323417554,27.579477693357855,IV,IV
5,target_iv,CMS,58,0.8590130463874711,0.07357507254256417,0.0622289148847598,0.03283438609602402,0.20097625203145353,0.05013098031334005,0.07787710146388552,0.03680679243037508,0.34447180587232457,0.06247446179322555,-2.9857849403344487,5.060772821177433,1.3476305297511937,19.618679529772717,ARCH,ARCH
5,target_iv,CNC,125,1.3786529654993034,0.6806931401762107,0.37734885720483774,0.42884250082487513,0.37501451461110596,0.3901891343695016,0.03532536675618204,0.07392639230827598,0.5878367164471248,0.5182669988668407,-4.088706864972131,-0.149062059906334,0.9971411531456646,51.99156229018001,IV,IV
5,target_iv,CNP,101,1.164704708711793,0.0856662579339736,0.1416432800450866,0.04684715185672015,0.26370150786909885,0.058284767988803686,0.02709335466628366,0.026530812853611675,0.286345325092077,0.05966820518569991,-3.8351827025642407,6.189132628652113,1.421571078056992,20.87024561481245,IV,IV
5,target_iv,COF,125,2.1867486727538146,0.13533595299805184,0.0732686173094639,0.06637398279370194,0.08252716979337078,0.0631365565041728,0.025691589607564666,0.0374423037772136,0.3440524596756239,0.094720631295042,-2.061608605522494,6.912278617439964,1.2906935676964797,30.69085298430468,IV,IV
5,target_iv,COO,101,1.4140711912687793,0.22014812927376676,0.20460476305942574,0.20315450599421042,0.16165906510124442,0.11894725774873166,0.040327404242728966,0.05396422906595105,0.14886705436788766,0.07916715199030668,-2.7469503447550427,5.021836122827844,1.1741048555376323,33.865581504428555,IV,IV
5,target_iv,COP,125,0.5403419751348139,0.09432293098335981,0.047931360927464646,0.05170407713624547,0.05343662818857704,0.05339324479753207,0.00958919787428305,0.02061440129039956,0.07490839498461065,0.048638281371625444,-3.803718417285464,4.113893876158233,1.165330659256245,28.99671896537611,IV,IV
5,target_iv,COR,105,1.2568443687385518,0.11100536754320732,0.09655859055732298,0.04937076352655152,0.09180363298554416,0.04817710468327026,0.026004498078475508,0.029972310948898427,0.2683472760508616,0.06991418949443971,-4.125871162080555,5.389432496358407,1.2661682505095435,25.63764950210971,IV,IV
5,target_iv,COST,125,1.4216134598604615,0.09204474364165567,0.0754922855259047,0.04122659473461236,0.08411622337703427,0.042286976526337776,0.022240020687646935,0.024527246236403805,0.6506424865197397,0.08548198631538852,-4.9323513155074235,6.179275421621442,1.3846249145283462,22.244993445111703,IV,IV
5,target_iv,CPAY,99,0.9079163814464689,0.12240019433479378,0.09167664639699757,0.07418350736367875,0.10824307587214468,0.0822244940898786,0.02062148875292981,0.03232538741607354,0.14000967743693354,0.06580151291166167,-2.2186257986011335,2.3581064234711153,1.0858391447818045,29.829330996656356,IV,IV
5,target_iv,CPB,121,1.0352792207493489,0.14090780873178962,0.15350919828960755,0.08002462994835467,0.12410511962236767,0.07103802864058838,0.05077654745003555,0.05107306756353964,0.13587330817009738,0.07160290641267954,-3.554902613075386,6.042964151303649,1.2326505849438396,32.01738477338111,IV,IV
5,target_iv,CPRT,105,2.223351806326905,0.13210750438267643,0.18067844494198254,0.07630508328979012,0.11648837039219333,0.07174146981611679,0.04048036304744987,0.04950565808621932,0.6849664648024545,0.11864824888108105,-4.175597243258616,10.417124153897118,1.5501025874155823,29.353817767423724,IV,IV
5,target_iv,CPT,70,0.7949529888987178,0.08218344456199318,0.04698424530767351,0.03589787002977239,0.04379472172140874,0.03513419778926453,0.04814002584717641,0.03141733198083298,0.18517622535935088,0.05408493804864334,-3.315241668746883,3.1742031961252652,1.1732622768776364,21.49442415436068,GARCH,IV
5,target_iv,CRL,101,1.1667794764146475,0.1736732137802883,0.2294792145030271,0.23090067421596208,0.2332211145251502,0.23420209810421289,0.033305789980318225,0.06659204934873095,0.7131601733178127,0.15636204266923268,-2.7003888437523296,6.704269795651428,1.1752475443301604,44.96026831064812,IV,IV
5,target_iv,CRM,125,1.5299452756065577,0.15623631845549402,0.15958714148848432,0.09336215973791988,0.18627595193618973,0.09787765946747956,0.048829288499913616,0.05990063563169956,0.767952397467089,0.1498473686707466,-3.0693742318485326,8.703360279163983,1.3147340231706337,36.35642489380667,IV,IV
5,target_iv,CRWD,125,1.1211765033127157,0.1928760354812553,0.08638837610570806,0.10839959688623964,0.07559930358219276,0.08655855410024788,0.0281205513800587,0.05306299777035451,0.24999063907916044,0.12070326877005154,-4.233573944776505,9.93814331896163,1.3072647716073287,42.28205071509541,IV,IV
5,target_iv,CSCO,125,1.3185924410476526,0.11615034148015753,0.15743708821096533,0.07917322556608981,0.10999853920199017,0.05727849379025844,0.05347101468323187,0.0404031191147447,0.7444743666325205,0.10002255008334443,-3.601185356636831,5.464432300183785,1.2876593245667605,24.460626177832914,IV,IV
5,target_iv,CSGP,103,1.2506891633968205,0.1642354361881659,0.07066021835275021,0.06656941749552493,0.08748034501339723,0.06365365380203335,0.045992313016360926,0.052773840753567454,0.6765325931120206,0.11432092354130834,-3.623758670287388,5.135440858099707,1.190764981975037,32.055690082727914,IV,IV
5,target_iv,CSX,123,1.2410911852310373,0.1280733318315322,0.21356939176775494,0.08647063331694901,0.15107535994640647,0.07568963986506543,0.2211606408233246,0.1026302931972458,0.7595756817721503,0.10352867877594023,-2.592267127394729,6.734597099752945,1.3462239429481695,26.186160854721585,GARCH,GARCH
5,target_iv,CTAS,125,1.4421754046714945,0.10384608539204584,0.14106190840980626,0.06031658267531044,0.19411850527199553,0.06520133450699478,0.07218519978934984,0.04841476418273827,0.32612556301162565,0.07914459049525284,-2.525981877170116,7.340756756711542,1.4205983749732054,24.793883524448535,IV,IV
5,target_iv,CTSH,99,1.8275951321244321,0.12249304784705425,0.12012333221450931,0.06198383388390421,0.09430352296489815,0.05657674841022989,0.04835833249131179,0.04614915140334345,0.39259448244915596,0.09508238805366354,-3.214198859950538,7.003457948145956,1.3206903048551328,28.842153543604216,IV,IV
5,target_iv,CTVA,105,1.046507567100688,0.13973066533210204,0.06116429959867047,0.04755145786168777,0.04905615421826499,0.04391446697186498,0.05118183894225024,0.04414066596737748,0.42605574800000523,0.08622038604272539,-4.043202580869524,3.7122618610107474,1.1687165305952838,25.715214671341496,GARCH,GARCH
5,target_iv,CVS,125,1.8696752650162762,0.14762024830677295,0.14674418026859995,0.10736907427245486,0.24231374474306305,0.0917234617307533,0.03698562238393596,0.04278972836938143,0.21473440217318093,0.08644218288346019,-3.636732138142195,8.660324101358787,1.3740830129714128,31.811132347283056,IV,IV
5,target_iv,CVX,125,0.5739654320895377,0.0693011054362531,0.04288649573777064,0.034858951652101754,0.06398496987366675,0.04480453679087195,0.010986219465494787,0.017032153196463434,0.08555529611418149,0.039868399728880614,-3.4473851693704454,4.514158105659182,1.2569713138494543,22.080936428253516,IV,IV
5,target_iv,D,101,0.37370984460244366,0.061481495796443485,0.04791895653232522,0.03580508217707892,0.13069355965000692,0.04768998324046891,0.024420074720596516,0.022884369556321588,0.06863590785374189,0.03357788183471293,-2.6964531310568836,3.0325626479981604,1.1725874027324221,20.60373296510303,IV,IV
5,target_iv,DAL,125,1.162488093277315,0.19709505867515806,0.07025902191792936,0.10011781261077063,0.09279684851482446,0.1177676830638475,0.02125502369789528,0.044108707967556476,0.1387560392600714,0.09423413756086485,-3.5001913984578144,7.634255484692222,1.2154666507855327,43.06551808082858,IV,IV
5,target_iv,DD,113,1.103498485396501,0.1457602285193608,0.07620256060795257,0.06758184139238486,0.07519865056853353,0.06655151187252287,0.04419873445916136,0.05017758210899257,0.20504421985533458,0.08044612888604676,-3.935442247830975,6.427976478489312,1.2674622293407685,30.461188548592645,IV,IV
5,target_iv,DE,125,1.0141170546841474,0.1359081274227774,0.11203274298768326,0.06959591627813572,0.1134935839603395,0.07172444965121705,0.03358295738628847,0.03851868162562117,0.32254956481571695,0.08757909543313057,-4.952085608480717,6.221429524277224,1.2907228450571593,27.621294137785736,IV,IV
5,target_iv,DECK,125,2.759195311895175,0.2791154373009318,0.506429724085005,0.42734483228651243,0.5710074799463247,0.45770647326089875,0.06907558020517088,0.09489096878645122,0.7691552144380354,0.19207168656583976,-1.5059924505209117,7.601562178560063,1.1907948271700137,47.44311496754868,IV,IV
5,target_iv,DELL,125,0.7878450550846312,0.19987649910303856,0.09892660232094265,0.11647777810787178,0.12099982911471992,0.1332610401017463,0.04387602536863319,0.0667183224954595,0.3309045751625767,0.14365446873611623,-4.97693091631552,6.070696180971347,1.1529313159870398,45.76626894048262,IV,IV
5,target_iv,DG,125,1.3551053571256562,0.22011660426143484,0.20576383747509425,0.14384653028373665,0.15322974768145142,0.10503251107089394,0.06204958411386049,0.06362144840017296,0.6073445066509348,0.14227222266939682,-3.4823135611161913,5.288984922228974,1.1785437939544239,34.911884744661755,IV,IV
5,target_iv,DGX,101,0.5896687262197334,0.1095087107465413,0.07334896093893242,0.05833001366672702,0.045195791630555766,0.034878971613938464,0.024096962250796695,0.02512063946894653,0.3026217692093794,0.05659557060003527,-3.4614892306722496,1.8170690535467298,1.0926775450029687,21.423426272963074,IV,IV
5,target_iv,DHI,125,1.3743953690459891,0.21041809031893918,0.11655977138821222,0.14628611904547498,0.0936840156768012,0.09293091031277816,0.015136709036402195,0.03220016537497121,0.10262383076517272,0.09153579603263078,-1.887649555283529,0.20831725406267018,1.0058978499911309,35.52919763859937,IV,IV
5,target_iv,DHR,125,0.7703023442769588,0.1269805116013904,0.12089472715405378,0.10266720852840805,0.09240847250942175,0.07469872323260703,0.026460421398481555,0.037389663460241467,0.21222627613001557,0.07357353724538827,-3.599051635525558,4.198478287714943,1.1651408082517531,29.622105143861027,IV,IV
5,target_iv,DIS,125,1.9162985556799335,0.15673946599563948,0.25115339105593165,0.11852139268599962,0.48043969211979265,0.11391524191793541,0.06397893535600607,0.051479712049445306,1.06213182478615,0.1290777664759592,-3.8930509107250506,8.62999534432495,1.4643469058681986,27.21522814175097,IV,IV
5,target_iv,DLR,125,1.163845793129657,0.11753833071474883,0.0777344821582422,0.05505480823961243,0.44913373126604683,0.09896029264857174,0.024698967010809637,0.032384350962608235,0.45470814351635336,0.09986039816331606,-3.494927316100429,8.26809905755217,1.3956362987505277,29.166330801363156,IV,IV
5,target_iv,DLTR,125,1.836582944896215,0.18884420775871238,0.13328838478495306,0.11567510603908784,0.2556774221815003,0.1327900191218737,0.03920906919979542,0.055585024230941,0.7593012928879174,0.15544372959065714,-2.6297270266222963,6.906769160171179,1.2228951735240272,37.89339417754361,IV,IV
5,target_iv,DOC,59,0.8775113843495305,0.11632184884523376,0.10512077646345207,0.07426299515782056,0.03625404719791003,0.03328499716800587,0.03720000061545502,0.03422438596736719,0.12739273103924648,0.0532959319175946,-2.3170545421903284,0.7551242502615839,1.031485768036412,24.738158406783057,GARCH,GARCH
5,target_iv,DOV,101,2.7216086364473697,0.13275061396626567,0.07336165493524616,0.055572441879883964,0.09348352982553232,0.06137558550779345,0.020101139726675352,0.026475698419103726,0.3893018271964523,0.07956711735140724,-1.5322213752100327,7.387273344278654,1.421010824636289,24.933789756678532,IV,IV
5,target_iv,DOW,125,1.2103099018440402,0.26490843431192723,0.08882753130592151,0.13801683144096216,0.0715141033425934,0.12128768589244267,0.019850086862037288,0.049949044655805415,0.061933140973496635,0.08911152050854143,-3.042091239040958,4.254388365514152,1.095426933174368,48.837067741161405,IV,IV
5,target_iv,DPZ,101,0.8400243546686799,0.11285780673936387,0.06762565469481617,0.05097634218447452,0.28429768623445645,0.08537213454565114,0.020393079385218463,0.030893304430481387,0.3069422163223175,0.08789229056342338,-3.7599264744493963,7.175722436587042,1.3354388524435714,28.567765678787694,IV,IV
5,target_iv,DRI,103,3.184768938625764,0.15626875747904106,0.15607698430320013,0.08210429799897079,0.2820409307850658,0.07939041575139189,0.03293729170372494,0.038102100323880304,0.7654721652668832,0.11463438319946259,-2.6156989723875976,6.387036455222315,1.3040815661662453,27.391389122001375,IV,IV
5,target_iv,DTE,96,0.6477833721215754,0.05630610065370027,0.0151533064411106,0.01589864045657259,0.09048667127645782,0.03199523572075791,0.021344906597023473,0.018665366380958642,0.14554488727607479,0.03968115683592925,-3.0941918502941106,3.8702278244181376,1.276960160249478,17.844179243755644,ARCH,ARCH
5,target_iv,DUK,101,1.0316704928542344,0.0675876732490196,0.05300752264271747,0.02722031473308489,0.03383440822067897,0.021925493653675264,0.020452013649443133,0.018441040488394064,0.33874930117786567,0.05442165306421756,-3.12452691176023,4.8316421678768915,1.3723053581864526,17.809274806344536,IV,IV
5,target_iv,DVA,101,1.441449240227658,0.14383285613700084,0.12898808261207867,0.10345479262353817,0.07697824186201922,0.0689047049203168,0.04102076264609877,0.054992212696323324,0.31103463074852244,0.10594716639210545,-3.5787717012884763,6.862330925301162,1.2531806947822413,33.96681032173935,IV,IV
5,target_iv,DVN,125,0.7905169076779428,0.11772480404479624,0.0602522499037685,0.06636852166472203,0.06828231332919367,0.07185605746577699,0.01714230192407182,0.03206931694756835,0.062049984730368025,0.054367323310277736,-2.7501539910907375,4.866380902019225,1.1641801931624307,34.506868029505384,IV,IV
5,target_iv,DXCM,125,2.7840298318905563,0.3010716097937435,0.14721871225817684,0.12466319320333363,0.13378792362463165,0.1194209359111408,0.06631231318539178,0.08892756677062257,0.24613985625809343,0.13778740021758626,-4.24986086674912,9.044822488052171,1.2516762445113776,44.983146764991524,IV,IV
5,target_iv,EBAY,125,1.1907102976777142,0.2990529026776013,0.3302373527714452,0.31145509194481247,0.26158072719786607,0.22366285344670117,0.056025368957960474,0.052445672255078866,0.2958930060949988,0.10197258215490285,-3.5004168966353024,-0.9301778404707535,0.9708435250422506,30.972781684597763,IV,IV
5,target_iv,ECL,100,0.8920403846046682,0.08848890456262305,0.052544493289226814,0.043469905612087675,0.05217760189506292,0.0430484748844887,0.025416184765928492,0.02354604905262533,0.24672913929175522,0.05639862179457319,-3.571415236005735,2.9788332161188356,1.1675151786648017,20.76130069077967,IV,IV
5,target_iv,ED,103,0.5670863153929626,0.06772371048232578,0.04384323273522244,0.029340171062483485,0.08988667110458638,0.03631037888540955,0.02752799439431742,0.024968184488651287,0.24037443232310765,0.05465798775635741,-3.74205609581005,4.53363641476099,1.291173124724202,20.10387978476716,IV,IV
5,target_iv,EFX,99,1.8422529449714342,0.16843322323181112,0.24356818678517658,0.1949910128175814,0.412985017858602,0.2808914163774059,0.01726630916312701,0.03162804341271439,0.19537566492811884,0.07002647542897679,-3.910095093516817,5.361156129436035,1.2006806151338274,32.07602405955904,IV,IV
5,target_iv,EG,99,0.6767316515206461,0.1651691023950194,0.05472486172765857,0.043975528149526336,0.05416211642313067,0.04371527760989024,0.024977844328154385,0.028470368147582078,0.20229697235446154,0.06037012767206386,-4.104880624695986,3.1100875309425664,1.1475308467132987,24.191018063297555,IV,IV
5,target_iv,EIX,101,1.0903931040252413,0.13445236749715347,0.04172946901963063,0.04927376883743178,0.05560435183006726,0.04936703097700851,0.024469541366336105,0.037605449823139556,0.41687515710712164,0.11474860940331372,-3.5699858210053876,11.791835408619878,1.5224842880004836,34.36062011551803,IV,IV
5,target_iv,EL,125,1.0392759243634269,0.16135710869724137,0.12403114254227166,0.12154856943403639,0.1324575906892089,0.12726800078220754,0.047480505718420433,0.0716082485050755,0.1362225783086737,0.10706096087187106,-1.7383333450848713,7.084860654337774,1.1906327037232483,44.24984082806097,IV,IV
5,target_iv,ELV,105,1.0188763196017885,0.2378595967180687,0.180907468961857,0.2064301098248379,0.1809592612881654,0.20612815611362392,0.011658471905984437,0.0287781990145957,0.1642598661609174,0.12310119736375223,-4.281098178405753,1.6822344720417344,1.047209126852769,37.315904996983015,IV,IV
5,target_iv,EMN,63,0.6580368800901256,0.2909697266495566,0.16134095588702144,0.28985367836618964,0.1582352507306436,0.14889425667513653,0.0172986921538118,0.033561406809241204,0.11490768919379035,0.07643963281710948,-3.835115921519596,-4.959700085148587,0.8782458889068966,35.77568076253371,IV,IV
5,target_iv,EMR,125,0.7344560329165206,0.10439451367475451,0.11554771061661137,0.07263440951953086,0.09988386411781518,0.06499180644405189,0.0365576155876013,0.0368686287391046,0.21506641549342567,0.07310222226384523,-2.6134182936509984,3.5125188437957027,1.153006055784299,26.46924971167386,IV,IV
5,target_iv,EOG,125,2.0769190082816533,0.11156466687200142,0.02441181470961857,0.03127448670772682,0.027690435247071446,0.03392140389839246,0.017987831250326634,0.026004641514062992,0.19087354340293994,0.06723444447745186,-2.268187193956088,6.595865881756084,1.3210493751255385,27.140574555233304,IV,IV
5,target_iv,EPAM,99,1.8864880080342818,0.20101428265654797,0.051173200023218054,0.06984470536329569,0.04537564697651642,0.06639335721964225,0.03203466020149739,0.061559831280380006,0.684507948995629,0.16952719933600716,-3.9738066363663207,14.019192047456514,1.4598148814614103,44.50796614476259,IV,IV
5,target_iv,EQIX,103,1.1312026930402532,0.1785807078213568,0.11417013549341516,0.13285917586566773,0.11479642468621024,0.12277578522648137,0.01376966432081942,0.02294795521874316,0.18935929310196106,0.18597193735489181,-3.6691594283275952,7.857386916068172,1.4219918997929215,26.47714459370113,IV,IV
5,target_iv,EQT,125,0.7608879816754937,0.14596525652685116,0.06363187042334409,0.0829808018563303,0.05325095174732434,0.06551059488539666,0.013905701290131632,0.030267001992775846,0.06747644531942583,0.06353404925898559,-3.0318180820421765,3.9756683399491908,1.1258212009423958,35.57343016523446,IV,IV
5,target_iv,ERIE,99,0.836873315875977,0.12814425071784788,0.058729458878713225,0.06625832834035013,0.032063372495195,0.04173658483631634,0.011315969074644211,0.02349834397983536,0.10190749049828467,0.061380573445584716,-3.0941412174518286,4.669361993150978,1.1744155022598648,31.440846939448985,IV,IV
5,target_iv,ES,95,1.0282950457243014,0.1993340154753404,0.11223369974292614,0.08069755042236136,0.08965103238453545,0.06162744124673226,0.036874676377054126,0.031080835540376335,0.1874203339153306,0.0532519160057347,-5.105109620965884,1.0403763593998525,1.0488122521676635,22.354212808213884,IV,IV
5,target_iv,ESS,98,0.9918044834407121,0.11616583238043443,0.07473271701254929,0.06324722229117838,0.07092904168349173,0.05799154431379054,0.025414631571093495,0.02461192974366396,0.1114880177779046,0.04094217226701143,-3.6974540659875794,2.3385174313695747,1.1200766976983079,21.813715169111216,IV,IV
5,target_iv,ETN,125,0.7975872832921704,0.12920038495388203,0.13695340430486858,0.11392840950583336,0.20972281703488718,0.08344555598992714,0.0156286347458249,0.029371051402708875,0.2983674468340113,0.09117042839842442,-3.307682265634072,4.810779580027207,1.1817700151286399,31.27707863723192,IV,IV
5,target_iv,ETR,99,0.6522608459284996,0.07771450672552127,0.031597998006668265,0.02908596807287521,0.2140092256734666,0.05686282701344167,0.022826985916972103,0.024494638825047578,0.278924283176441,0.0648577911247851,-4.65798805559779,6.018940525189903,1.3666840195534675,22.433456032354655,IV,IV
5,target_iv,EVRG,70,0.8413205436160446,0.07176558425269175,0.08065159728921387,0.03533206916357343,0.09935215328465967,0.03762266758656866,0.06051219558578515,0.03260351897791424,0.31966065438880964,0.05824198548333064,-3.4549412672397732,5.782528912798487,1.4349167159223823,19.078244393714773,IV,IV
5,target_iv,EW,105,1.602017872178363,0.13975677856897742,0.14157481000770097,0.06781468508553862,0.20216349991034305,0.07353175484690126,0.07835565709343431,0.06479616961165033,0.6391013280264122,0.10521196149258874,-3.548933039987406,8.240363544161246,1.4438573391011578,26.805706095100156,IV,IV
5,target_iv,EXC,101,0.7823570094949392,0.07187486120432293,0.07330455780732778,0.03525831193750112,0.05932738988687856,0.03094881486764124,0.014707835444425589,0.01771103370772904,0.3159579437648415,0.05894898371667682,-3.35797431518795,4.954852544170939,1.32918147379144,20.00689203807696,IV,IV
5,target_iv,EXPD,88,0.8135807977373262,0.15142876517887544,0.15726074704836093,0.11750546915606631,0.10837085543853715,0.06792242448975001,0.03939658932842549,0.03308443614911921,0.08944695420783823,0.044719365847467385,-3.80413165189558,1.0545521333243812,1.045709648601899,24.12522026531626,IV,IV
5,target_iv,EXPE,125,0.810767240195612,0.23484565235698193,0.18265387396024937,0.1355929510217296,0.1881245188448775,0.1367415187740161,0.07745020758963407,0.0810531898415466,0.43065288682573877,0.14978063306062472,-5.696370890655467,5.3124368133571656,1.1536293428550424,39.89200810248083,IV,IV
5,target_iv,EXR,101,0.6868818722630842,0.14566756688076626,0.08087523546180402,0.06800416281559604,0.08417713676819662,0.0675469610334332,0.01811594135160799,0.024433124299748664,0.08937004519312243,0.04566108082655329,-3.8224279890564206,1.8629886631357653,1.080997572994203,24.863537868098998,IV,IV
5,target_iv,F,125,0.993597949161534,0.16843824326469328,0.13875647416126147,0.1302953272345368,0.1138131288937866,0.09775116821356276,0.032917217470829915,0.042072996761273206,0.16083207737357633,0.07309052812991501,-3.663568423413254,4.937161248301907,1.19185322477054,30.671215258636366,IV,IV
5,target_iv,FANG,111,0.6161322776620957,0.10660307553640269,0.032606245521563236,0.04707458965017386,0.037693152655724975,0.051160430635393155,0.00774537629376675,0.021498631297430366,0.0927211923776295,0.06371300902043103,-2.6155129880815675,6.927756647662601,1.254058398365091,34.196119717901155,IV,IV
5,target_iv,FAST,104,0.8088501158633197,0.09715986428434654,0.08984005344195313,0.05110681111942304,0.09357023005411007,0.051460014326149814,0.04340320417750007,0.03582326786929714,0.2684929943107098,0.0742696229291903,-3.058004322562708,5.765811816896733,1.2948958922710279,25.317836677241658,IV,IV
5,target_iv,FCX,125,1.440690895370172,0.24864203196509302,0.13709982037994814,0.1892055615768545,0.10915361400866284,0.1284062083572897,0.02103286840958545,0.04199172594104788,0.04229927790147045,0.058194096015407266,-1.9189235867729975,1.224363517733001,1.0321302574357298,39.33061025982934,IV,IV
5,target_iv,FDS,99,4.045156893200564,0.2168447444548334,0.4028178225809555,0.1357692790333653,0.3253769934487216,0.12818930104330087,0.039699569270508744,0.05217256024733832,0.5476173966191795,0.1291655187994031,-1.5391001508535986,5.270620377486923,1.1900966902614931,32.99661797500833,IV,IV
5,target_iv,FDX,125,1.367578326042123,0.14541199447538725,0.09683214941921765,0.07503268382142537,0.09169666905249198,0.0728903640876865,0.06772499809871553,0.06162457190188798,0.19207381330149892,0.09127442449300056,-3.727900165839522,9.088765530551136,1.38483632945942,32.705988840310205,IV,IV
5,target_iv,FE,92,1.8961720536709346,0.08608513874723485,0.09419171657891652,0.04532648168822064,0.4267248658811883,0.06545116231222042,0.05922332136015321,0.03673986342795945,0.7737030475236459,0.07927632375158047,-3.0952763410827377,6.932973528279537,1.5705490167782186,19.084380899777113,IV,IV
5,target_iv,FFIV,103,1.9220589005164106,0.16509735450001362,0.17057191662053411,0.12263600813814768,0.14749299938560687,0.12905181286301962,0.04270585647432273,0.05275912117487526,0.4016228791819912,0.10226501952955344,-2.799471232156607,6.563127423887304,1.2693093755903655,30.933342569572346,IV,IV
5,target_iv,FICO,101,2.2528051581615864,0.22113645207150567,0.07023205107772673,0.09921418927454581,0.08331976905429793,0.11324030878418256,0.017753214994388214,0.041983745201146186,0.07633676760920846,0.07143166050509984,-2.2495210065296107,1.1641732110452234,1.0288298502384803,41.54500077050829,IV,IV
5,target_iv,FIS,123,1.4439598221625132,0.17042998597240117,0.1257338150553813,0.08253336189363315,0.11531674623320164,0.0764528934113151,0.05996903987951374,0.05619614954793026,0.416096814511862,0.10577072407224561,-4.09520694782956,7.512544675436146,1.3325364672209976,30.104186242505047,IV,IV
5,target_iv,FITB,105,2.4082518062611413,0.12825428866280814,0.06254849334249608,0.04872705756262379,0.05363879732609763,0.045689260255814705,0.038509444116590484,0.03589302449155544,0.46614003820869715,0.09195253516340653,-3.865839147342563,8.833796389337541,1.5013025490121046,26.455482947177565,IV,IV
5,target_iv,FOXA,97,1.0691807487313962,0.14239667133602357,0.10925425599648432,0.07998064128277937,0.08048377802500782,0.07277509831291398,0.03643177458856641,0.043476050164558126,0.205777901851444,0.07383371864381766,-4.883596982742921,6.540775040807932,1.2772080682562164,30.13595782878674,IV,IV
5,target_iv,FRT,84,1.0068942453943586,0.07934599277071397,0.11626925011631041,0.06400343123888862,0.13425956454941665,0.0690692435397925,0.057137610052754584,0.03505571733111554,0.18588379795711127,0.05363814743658023,-3.192240133588986,4.378139360806064,1.2685034595443143,20.683848673588656,IV,IV
5,target_iv,FSLR,125,1.5680506303743957,0.2684321006683201,0.12985910426463088,0.19618454782722838,0.10613473088504592,0.15498222787174853,0.012406363568107209,0.04371678681429369,0.07321875403335946,0.09507076122914297,-3.6294548036558574,9.333206451538011,1.206002683520297,54.63944369100795,IV,IV
5,target_iv,FTNT,125,5.065843894185823,0.355955830031755,0.3513197890434885,0.31988806112048157,0.3649359161699471,0.22323301382303837,0.07043058095570257,0.0773194509199283,0.26178970225812764,0.13942566694070158,-1.801599792821014,4.416994572292712,1.1310052881900905,38.1331493421948,IV,IV
5,target_iv,GD,125,2.026768301283986,0.09180954167389382,0.17797215313112455,0.09704436467479895,0.1718593369025182,0.09373896726577113,0.026024818859971117,0.022069345190260443,0.25845734822804745,0.05285399919384876,-2.5057581318629745,3.793190161126312,1.2574228762734279,18.528439087089208,IV,IV
5,target_iv,GDDY,125,2.516099083755893,0.2027903638259228,0.19830125220405045,0.18723574128805956,0.2497067631191922,0.21709420109301783,0.03743326121116034,0.0495097722459854,0.5570032726022731,0.11961224430682271,-3.0426053783481684,9.304730788075268,1.3909853153310556,33.102890011003524,IV,IV
5,target_iv,GE,125,1.0277518748532923,0.11400281814509292,0.04933160390753521,0.0484977127690151,0.057432465319285836,0.05463081384052673,0.02188599317647498,0.03518113216449685,0.33897950103423935,0.09634191291014244,-4.170346917542355,8.503373068189175,1.3801435534571591,30.87222028618491,IV,IV
5,target_iv,GEHC,125,0.5835351111096309,0.12932824720942032,0.12111909139625976,0.1012168234178723,0.10672643203140168,0.08500502229127915,0.03543289511056369,0.04411475719565736,0.18964410371968654,0.08094361957406893,-5.067065358934509,4.485853494008438,1.1661325756646541,31.487502484651504,IV,IV
5,target_iv,GEN,89,2.392243326293469,0.14381560649155326,0.14163731144826155,0.07534063650757762,0.13218243086000453,0.07384691002796472,0.06882258812909767,0.06559737529683417,0.8555278675546779,0.1320584535782272,-2.558264213595024,9.447928451940516,1.4597260842884443,29.99914095615126,IV,IV
5,target_iv,GEV,125,0.8479014434251515,0.2632429515104163,0.24097799839869258,0.2975627582313358,0.18583576252137757,0.24877652888800142,0.01351466843641088,0.04254053447888326,0.18578765972698127,0.11988442088076103,-4.578673896545655,4.38232909445404,1.098074760740618,49.065885407623604,IV,IV
5,target_iv,GILD,125,1.033162316068155,0.12063166220304489,0.0675253737797186,0.05954452856814724,0.06252718886447882,0.0543114708610169,0.03299506140161616,0.03883603881470988,0.1311145982264909,0.06508484369339346,-3.163253910217209,5.281116581170079,1.2243954082724748,28.81598577402547,IV,IV
5,target_iv,GIS,103,0.9048405252121354,0.10581160959107283,0.09511775574004133,0.05242464917861106,0.1056756120583627,0.05402247076109174,0.01799327786655339,0.026533258199796638,0.16995453234261618,0.07164622915478762,-4.002699908426142,7.875216105993281,1.4061528783477475,27.26499893365683,IV,IV
5,target_iv,GL,103,1.3025488082790708,0.1248063967045955,0.06031659979363723,0.05218741797787418,0.05780433542737825,0.050664102255467205,0.030148866528840863,0.03195811339360262,0.12457190925087029,0.05669542906102119,-2.532761422955292,5.3888111844226145,1.2655507328282838,25.681774141174213,IV,IV
5,target_iv,GLW,125,0.8820095573402129,0.18500356173568036,0.2137429110458958,0.16142340028001623,0.16143582827985936,0.1208062013872695,0.0346599271822292,0.047476189934794445,0.578318892374373,0.13030032576813788,-4.012201251864171,3.384298230926116,1.1068186208415172,35.066959964101535,IV,IV
5,target_iv,GM,125,1.534408870092726,0.22105076679358523,0.15714960670829953,0.1318688110353807,0.14186007563406344,0.10697982886267046,0.03385797874695689,0.04302631541115401,0.14605285376406776,0.07504247139561829,-3.987174396729794,4.163358974409281,1.1539711801410384,31.203217801207987,IV,IV
5,target_iv,GNRC,125,0.7552567620132687,0.2828370858318928,0.18727969314300474,0.186743503806258,0.15884978690954607,0.1554408205867703,0.02988246558726955,0.053830516737564185,0.1994154450470999,0.11507448649308433,-3.8302346020706226,-0.4207500114342623,0.9900550573270301,41.887187326188034,IV,IV
5,target_iv,GOOG,125,1.2431743819426804,0.15223358921274024,0.07656083841047444,0.0724398009319895,0.057339853436005214,0.05420395217136382,0.02322489497862958,0.03705149012533047,0.41546793605689447,0.10992921353376006,-3.590772021644262,7.498661851255162,1.2947930530704634,32.93569903090256,IV,IV
5,target_iv,GOOGL,125,1.2626712382142407,0.15264056829742487,0.07180362378204454,0.07115610205590306,0.04978780996592556,0.05182755798477356,0.022324395584053934,0.036609893960906845,0.34680722571938105,0.10370281877449311,-3.224396414498551,7.370702850212946,1.2853566617652783,33.20049355709952,IV,IV
5,target_iv,GPC,101,0.9838905047318942,0.11437960564338819,0.04693370775080576,0.04342712571735218,0.04525924450518552,0.04262614966960386,0.02904182205118216,0.03151015055362902,0.09464194189659603,0.048854440168196754,-3.940539507193503,4.129365710089832,1.201310976473934,24.64173807258,IV,IV
5,target_iv,GPN,105,1.4525304282026976,0.16546602906602445,0.09016985596551515,0.08664918398286327,0.08032708652216869,0.07829541409879592,0.035835891652375475,0.061529296554675164,0.4221965092798637,0.13528188766911742,-4.033999558433344,9.361969690109879,1.3098651718200585,39.575012463263036,IV,IV
5,target_iv,GRMN,101,1.1899798844586296,0.1974608733996672,0.20122652047761938,0.12705680560333021,0.19842690722429893,0.11344065860453584,0.047640985658344424,0.053319341967245595,0.5821442090048393,0.10425397866165373,-3.5668773911045135,3.5672150011966512,1.1384111343577978,29.339816445060812,IV,IV
5,target_iv,GS,125,0.8624864699424625,0.0986196562886371,0.055826971175638535,0.04699773436376624,0.06164207761154222,0.051147360139200446,0.016962105406168035,0.02685300281695647,0.20463558885377645,0.07174294333941086,-2.9824436119584425,6.141805261926057,1.281382150239465,27.969079155096548,IV,IV
5,target_iv,GWW,101,1.086325738268633,0.13587796996834267,0.09843816506502298,0.12851182503601774,0.10090633113620186,0.05966631428103912,0.014361755392473438,0.01970652171555179,0.07600057553234525,0.038459281921016525,-3.192275432371765,1.2020545279603132,1.058326743969198,21.811031579638595,IV,IV
5,target_iv,HAL,125,0.6122178324834352,0.15809828538601198,0.059044310959648356,0.07142241201202022,0.06295025333947522,0.07528642704295134,0.030769823491003875,0.050287226258043306,0.05638166498214255,0.062227933313024335,-3.9225371678365692,4.672774009978995,1.1404132533970273,37.95149875233956,IV,IV
5,target_iv,HAS,103,1.6186076968928156,0.1369515708781537,0.1242562288979547,0.08972771622920324,0.11228714571549517,0.08728350775927705,0.05838076636904156,0.058281683607102314,0.3363626226128806,0.09901016809891501,-3.151210368788298,10.711686049678166,1.5333667645351914,30.794838510467493,IV,IV
5,target_iv,HBAN,92,1.512544832032235,0.10905695458084287,0.05258263722499223,0.04641393080392684,0.05247403692763566,0.04730608858702445,0.03237767777409778,0.03494655433412823,0.2837278791519037,0.07956694613439626,-2.6078204646192713,7.147292167356644,1.3643851762121402,26.761954436700925,IV,IV
5,target_iv,HCA,105,1.6239425263055955,0.12058346834622645,0.039851408413765874,0.040843075878548386,0.13554000919772727,0.06088991874251386,0.024769964084174423,0.03293652915169397,0.3174191402198603,0.07795961899099826,-2.9798662229256885,4.791392480628809,1.213423770150669,27.24152761434083,IV,IV
5,target_iv,HD,125,1.2870862804922079,0.10812539621745185,0.06804492674386825,0.04305959467699549,0.11538426308014602,0.05292970056319137,0.016254399265113635,0.021546580943356822,0.24529702113760612,0.06504349020913024,-2.709430646212703,3.391990958863088,1.171908301518064,23.123388040385954,IV,IV
5,target_iv,HIG,99,0.9293557643022748,0.076525510547832,0.04261889321985289,0.03126784029121157,0.044325550460734976,0.031926629428630025,0.026002055169108886,0.02357691790990204,0.050467521032042814,0.029117856147397987,-3.377612219717481,3.5322659732129362,1.212520375009279,20.153100437008334,IV,IV
5,target_iv,HII,99,1.9260235411566038,0.15105227290062734,0.15377877354188563,0.1075272342623979,0.3669251030332838,0.10161456773966512,0.0347587727052889,0.04784014993650961,0.2786165026547635,0.09421577834490734,-2.7425841611615516,4.811973755742708,1.1781095786280162,31.82890228260518,IV,IV
5,target_iv,HLT,125,1.3939613533633723,0.09529549154707852,0.059613256909697154,0.04404446329342424,0.06401090296166566,0.042306474186386514,0.01933820089385025,0.02472697922906303,0.14776714110829026,0.05510273042975886,-2.6585696235337024,4.464040735125479,1.224391824762381,24.35799515994759,IV,IV
5,target_iv,HON,123,2.0883835656875496,0.11754338315641145,0.13439384110207397,0.07147886699582132,0.12705502884856293,0.06655274255160956,0.029585178898703695,0.02812949706687689,0.1684333365888518,0.05263191153491874,-2.350756915782903,3.4636579905213476,1.195877831840136,21.146404210359954,IV,IV
5,target_iv,HPE,125,1.7962078451099335,0.21780116046198375,0.14490231807441556,0.15535558482243364,0.16761517782929317,0.1761810411707724,0.06223006483142159,0.07748191555501095,0.31914593070145236,0.15060153816354221,-2.256848097114194,10.143843443896026,1.3249229849420323,41.36306742617517,IV,IV
5,target_iv,HPQ,125,0.8682338939051829,0.15280223807373935,0.13142074576134913,0.11304167471877473,0.09763029310257755,0.08525202802138944,0.06024782754709248,0.06473048681463653,0.2756107267741409,0.10527667133984296,-3.8599431612424797,4.720278091409477,1.1570950353712548,34.76755539876852,IV,IV
5,target_iv,HRL,119,1.4660896720207344,0.20761115423193702,0.19040868402646674,0.16131965142765095,0.16616422917919244,0.08400264760916389,0.1355311185348361,0.07305815340810146,0.16699219598779613,0.07034738823801105,-3.365258704708575,3.513839819901866,1.1509582706745867,26.79073484658428,IV,MEAN
5,target_iv,HSIC,85,1.5674980650312054,0.17892231168382525,0.147273322244344,0.08864451377378349,0.14571849661410274,0.08841053950278395,0.061238013503857686,0.05848450261633331,0.9417765904156322,0.12429595594972556,-2.982941242587038,4.406693455054967,1.1566690809685694,32.5340905637354,IV,IV
5,target_iv,HST,89,1.0581535496526346,0.11981317061255485,0.053407738993050166,0.049412296194648875,0.07090516475058425,0.053222231183445885,0.037774381930751104,0.04161878209893839,0.29038835459281503,0.07998527410455335,-2.906866397324429,5.380416377659505,1.2395582717100375,27.840155877583722,IV,IV
5,target_iv,HSY,125,0.48692521475968226,0.09449497172028107,0.0402092259388578,0.03981707933190614,0.0423606354161669,0.0405889732355023,0.016782540905607882,0.025171029030665135,0.05885351967420493,0.050244198319354734,-4.09657456411657,2.8544455147653234,1.1188733304657201,26.866942713104276,IV,IV
5,target_iv,HUBB,99,1.0932288816514149,0.11977196176497124,0.05713181538003116,0.053717046026018546,0.08388854022415299,0.05362361971659641,0.01754442224385258,0.03074554305246489,0.6236871583593868,0.1074831763849844,-2.62958852116931,7.0613043979817505,1.296374046295056,30.8869547417094,IV,IV
5,target_iv,HUM,125,1.1424034572545794,0.2352124944449905,0.06306389128547354,0.077752270462861,0.05951259700677482,0.07401165675727857,0.03184985530841912,0.05294900377095102,0.28907105959102714,0.11198021688964264,-4.460644249855067,2.5186142077471843,1.0626951294162248,42.69102044087616,IV,IV
5,target_iv,HWM,125,1.0219426434257586,0.1470634791289593,0.05653038613772577,0.060899282984457806,0.07289158264891843,0.06675905646322801,0.02083618987388268,0.038659940593292405,0.18722602297040172,0.0879016921930355,-4.659077019500988,10.809470944081298,1.4363697062937608,35.58083061496654,IV,IV
5,target_iv,IBM,125,1.1916929444439128,0.15141154661695497,0.10716840576697073,0.07138003008065018,0.10651388270772653,0.0712460965397956,0.04966149940185556,0.047718866893240924,0.34960018961625555,0.09656915394992026,-4.251852404428096,6.271009137794037,1.2684470654651818,29.631328338628805,IV,IV
5,target_iv,ICE,101,1.5365183537291487,0.08723908749457505,0.03758295814797608,0.027283051011424107,0.0430435128039614,0.027786791687334462,0.020489533144345,0.02185244818154722,0.866413301282495,0.08311052534152563,-3.262750665542362,5.055792583936702,1.32603909298482,20.56249927254871,IV,IV
5,target_iv,IDXX,101,2.1789452216430814,0.319007916102031,0.32100549974183623,0.3659652762296805,0.3711506162645312,0.3680188015770121,0.05490269920273006,0.05868245486198414,1.2282513112735511,0.1256454488529186,-4.404163501869921,-3.678725019263987,0.8926258306005493,30.582075691365816,IV,IV
5,target_iv,IEX,95,1.0757174046763998,0.16366433205000036,0.11977846897896692,0.1053798008543712,0.10455193355326108,0.07047011971301895,0.011758976585694792,0.02009509119805891,0.10407519720446837,0.045508836685252116,-3.79507994223888,3.120761450742098,1.141362012865452,25.197141006206074,IV,IV
5,target_iv,IFF,105,1.1822373083113733,0.1380980584048886,0.1517093509036608,0.07651280595116727,0.10185062035613124,0.06514005784766347,0.028745334402156257,0.043261632451098264,0.710886364441555,0.1263519203044856,-4.217600440224903,7.317429699925035,1.2953482667558545,32.09302693061366,IV,IV
5,target_iv,INCY,95,1.2478779624101806,0.20558027928792175,0.25547603727875773,0.12950895449849437,0.24110297919711096,0.12807674566727625,0.03540917070121511,0.05505319773118649,0.5993707301765069,0.16918255127118975,-4.1029060644115445,11.30716577997683,1.3777271267220152,41.241912267745576,IV,IV
5,target_iv,INTC,125,1.039174680382753,0.27555470023701467,0.1227736740148875,0.1835128135036185,0.13712812585989295,0.20480013437492786,0.04383050424815936,0.07734965638714456,0.09076199356329206,0.10771280574670987,-3.129248368577295,2.732778303312447,1.0532688077484462,54.03443904664245,IV,IV
5,target_iv,INTU,125,1.2705617549165387,0.12723876809624013,0.11383143635309409,0.07936892361498857,0.16394331773280293,0.11460143926744414,0.034872950181046095,0.043366284055638124,0.5004053595120606,0.10801668208691803,-3.635703872013884,7.338754483259055,1.3337704407275794,29.326185327229087,IV,IV
5,target_iv,INVH,62,1.5781674787265996,0.09068930224853021,0.1085493239572589,0.0495047456755552,0.09653296958870043,0.0475288686773804,0.024691208663958606,0.028186562360077425,0.19309166673967382,0.060670622489226854,-2.196019319527619,4.972356348236604,1.2676961443707941,23.546984533203066,IV,IV
5,target_iv,IP,125,1.1825108543043055,0.240816930427104,0.11071369970915566,0.10487077908483619,0.12728889473797003,0.1089616294743185,0.030517157467265386,0.046123802707261366,0.1615708375387682,0.08528611461514553,-3.4912527507963755,3.385618780460374,1.1068035038287096,35.08512918126332,IV,IV
5,target_iv,IQV,101,1.0102226668572605,0.23621108671014204,0.18612507211272072,0.18129659508917656,0.1573199399158031,0.13669134525285837,0.02416019639713161,0.042571177958795954,0.3225337324542397,0.10516667429709865,-4.569008785540495,4.477866502241854,1.1540307263474645,33.549121364344025,IV,IV
5,target_iv,IR,99,1.3525892394092704,0.1662936675889604,0.07101708467966868,0.07527329751989102,0.06961730755470785,0.06787967788577375,0.03658181317693076,0.042944783921569744,0.1458227730860725,0.067823113260449,-3.37749419201462,4.020713957068814,1.1528755804066588,30.321277764404535,IV,IV
5,target_iv,IRM,125,1.2843055826877665,0.1441996882748436,0.053241531971073855,0.05641675120521397,0.2592582983339569,0.0825624559702776,0.03440242654673956,0.04286400284596083,0.36090644747991313,0.09541995809539594,-3.100099505076997,5.119939982679787,1.1883780742954022,32.299005284361506,IV,IV
5,target_iv,ISRG,125,1.1883678214184021,0.20072960598092118,0.12704085172335255,0.09466666428865686,0.14505533000411094,0.10579502908536341,0.05146406054022455,0.057636800456424345,0.4329975107424111,0.11488811905669713,-4.177479272367503,5.850529278895808,1.2249512852824114,31.85851261426933,IV,IV
5,target_iv,IT,99,1.9875229143259079,0.26639621421175397,0.24929913826274913,0.2675510546581831,0.324494249703822,0.30077272622992846,0.02629631983126086,0.05346002291913743,0.7403885026228524,0.13701558082397414,-4.36273992661806,0.16934140213687032,1.0043408250573629,39.180681389135444,IV,IV
5,target_iv,ITW,99,1.7855920626610113,0.09623210512535481,0.062067696890981364,0.04221920035208231,0.07037946565127497,0.046148353105118355,0.01673999114376331,0.017844921698455536,0.10808840727574721,0.03649164955707508,-3.3702252883733834,4.726466187512186,1.3216885002497945,19.41914616781,IV,IV
5,target_iv,IVZ,99,1.7095021715550909,0.23003041190825363,0.12085182183469449,0.13043558465434255,0.19183570603711908,0.15029924559707414,0.034597305185607455,0.05091439060967108,0.25497331655238353,0.11212764462574086,-3.9392436397378217,7.528547522806277,1.2706290392414359,35.34724556019551,IV,IV
5,target_iv,J,98,1.0021177865014246,0.17169252710587235,0.1099507075737617,0.07318272745882037,0.10689854116040413,0.07497990541461187,0.03378509302916719,0.035750296641044184,0.549408305960205,0.09435059730426691,-3.6551858795478074,4.578081403783096,1.2126466453732674,26.107136779883653,IV,IV
5,target_iv,JBHT,105,1.11627633511143,0.17448543468009722,0.08201782600153978,0.07928913382009682,0.12303859983476893,0.1056393505969796,0.020562975397075273,0.035491320634286,0.16390293460105781,0.0790673086176767,-3.5506673976222705,8.120626797428088,1.3143149652185047,33.95658020735502,IV,IV
5,target_iv,JBL,101,0.9867118838938485,0.1623335101285667,0.11826214434249765,0.10034178605405748,0.09454160580619876,0.08738337146404737,0.03299017611355234,0.05785826358040031,0.5911756411096352,0.15237071665310706,-3.2990527154560705,7.41806308522827,1.2223209264598682,40.78452661769889,IV,IV
5,target_iv,JCI,103,2.02230320168807,0.1719767347930078,0.20424904838259508,0.1409312732872578,0.13746059171481842,0.08493233334936158,0.04723500088443351,0.050248728442616464,1.0895778780498175,0.11873392787475723,-4.1580839645837315,8.179085987835263,1.4053941889839368,28.35472296066653,IV,IV
5,target_iv,JKHY,75,0.5023464158319765,0.08254909104662012,0.10127030367567133,0.053907760886390675,0.0894079856381295,0.04630132799657949,0.029620397349579393,0.030723766095864007,0.14814895369461026,0.0561450260837664,-2.4575011463137977,4.227173025619084,1.2138189082316486,23.997047732113337,IV,IV
5,target_iv,JNJ,125,0.9843686285214656,0.0868282550924922,0.21453367094186834,0.09971609964323046,0.14712862507250873,0.05850919574631345,0.03025931200606119,0.020651438053833526,0.18058505128205507,0.041875140545941596,-3.5558157838798192,2.110885860209785,1.1405721608274462,17.127272090488514,IV,IV
5,target_iv,JPM,125,1.3985593187428358,0.10042421773393125,0.06462672336139355,0.04347261511752105,0.06791953077151965,0.04342632404581426,0.01807402402423902,0.02289645449317535,0.3172060790522236,0.07042364670113495,-2.7334810314413214,5.035216969088673,1.275505151465212,23.311524843224603,IV,IV
5,target_iv,KDP,103,1.0043628940513885,0.21295887858795418,0.1926756450739686,0.1804407835913443,0.12841511610902942,0.054197848993915596,0.06290082425029747,0.04417696887639654,0.21128107561000722,0.06017305294573144,-3.416583511406538,0.9755776549881033,1.0393740453057587,25.752753772206393,IV,IV
5,target_iv,KEY,125,1.565933817420239,0.12019422911376375,0.08593742725550164,0.0679279718247713,0.09435045628884023,0.06693900517691832,0.03120211076959918,0.03620210918143866,0.2167894147121217,0.07333297464189051,-2.1784344042405897,6.273147557030545,1.2906767229927065,27.854330571770742,IV,IV
5,target_iv,KEYS,105,1.1175948706422425,0.15507803400969247,0.1532499015227869,0.11941424503113121,0.09492953299745549,0.0766987287614346,0.030840164820223406,0.04357480983838744,0.768615696696792,0.12187372109144821,-4.312233593290259,4.354311591756297,1.173660402698436,29.42802744232718,IV,IV
5,target_iv,KHC,125,0.7837036706966627,0.11174517474659271,0.05750708805847058,0.046514839894745356,0.05098874278716639,0.0419185130636062,0.04471785378690551,0.041710243893422025,0.11412320029197391,0.048604272014668215,-3.898063466072737,4.087711784070796,1.1848044576017815,26.206830755102555,IV,IV
5,target_iv,KIM,77,0.5988064878044275,0.07707527389127784,0.030563900810772572,0.029551326885217027,0.05088277283484174,0.03456904215772983,0.018655768859458063,0.022138284789330612,0.2073453826160543,0.0579856330220332,-4.533362637297506,5.9854656145721,1.3676359949237242,22.266422042176377,IV,IV
5,target_iv,KKR,125,0.9644371634887992,0.12823393991873983,0.12701966825691952,0.11072398348653294,0.11596304062428987,0.10590174110479517,0.016992103844049408,0.03641691602830032,0.1141300830044187,0.07703799124426017,-2.168987190423537,6.34641212341631,1.2109427326944495,36.432360296890906,IV,IV
5,target_iv,KLAC,105,1.782289702084733,0.15917812070861728,0.03423816161730712,0.05596763131007972,0.03160990536280162,0.05188432317006245,0.008866356184711334,0.027428014763173893,0.4992948659047051,0.13534653456367426,-3.1603901438924673,7.352675148780125,1.22497577932321,40.03474950762457,IV,IV
5,target_iv,KMB,125,1.8864223414820713,0.20292743440169167,0.14204523328311439,0.15704064301056342,0.13585160979870728,0.1367476660171125,0.05741776557409305,0.038468878666291846,0.2684903912852219,0.06725049707133182,-3.764306481400992,2.872119319029594,1.143149100263996,22.935950064265292,IV,IV
5,target_iv,KMI,125,1.0343966840169372,0.09167482280602382,0.05954044275598027,0.049550976906805794,0.1796880582037112,0.06178179375157127,0.010480031673957979,0.017654425763168547,0.10892033451478492,0.04547175669942177,-3.618863397316242,5.529459287280288,1.306774900704292,23.553943280546324,IV,IV
5,target_iv,KMX,61,0.7833538351455833,0.3654618215657239,0.24591490149919756,0.29459692100004975,0.15077724754279215,0.17235449471397787,0.02849872107659935,0.05773381031664109,0.18588269976550295,0.10948312089505897,-2.495139296061661,-1.0258653525439843,0.9757565178306402,41.28923383071299,IV,IV
5,target_iv,KO,125,0.5797398716500057,0.06382792873221178,0.04787855219438618,0.027691194614369145,0.08246987698231173,0.031136583386281773,0.026688739242744876,0.020170686856205742,0.14404312806937905,0.03829150354806305,-4.583652049671745,2.915512937179764,1.2063732681108632,17.042889820185533,IV,IV
5,target_iv,KR,125,0.491063917308303,0.08828973210804984,0.08956180644023594,0.05553939361924498,0.08835736680281409,0.05520269807604829,0.03894745016897726,0.038985437079277784,0.2094152802419756,0.07174975926779764,-3.3379617067804084,3.7942129927022386,1.1743744348010832,25.553211076512326,IV,IV
5,target_iv,KVUE,96,2.8355293441836866,0.24135221097834783,0.5001739465753348,0.16745993132506443,0.292142305752415,0.14419945606994058,0.14105245782303064,0.10302633828843699,2.308897534628447,0.21211047122186422,-2.5587267317681692,6.289483735820105,1.1837520081130246,40.5175925897461,IV,IV
5,target_iv,L,69,1.4844068093609681,0.07880184114283743,0.0715601106312431,0.03767609460744641,0.055659020374378844,0.03347957310734362,0.06975490779985484,0.03728601123368185,0.32605414514322095,0.06004951666972301,-2.677881335811641,5.1667085829860415,1.3528746725957033,19.808475148379806,GARCH,GARCH
5,target_iv,LDOS,101,1.0362456902745518,0.1147625903685309,0.08407461673662575,0.05778356586232625,0.3311834899226275,0.08830217948091357,0.03672135060942353,0.04239435577322907,0.7126377522870964,0.11301161721050312,-4.390683067251625,7.362263009652245,1.365104956286855,27.527048184104626,IV,IV
5,target_iv,LEN,125,1.055820681671098,0.14047578725088766,0.043339673036651045,0.052802694992862005,0.02831312285048452,0.043936910535544285,0.01629297759582961,0.03582782329709293,0.061388989973226324,0.05946134607786567,-2.482342073923654,4.466851812209202,1.1304473382142313,38.70941952848851,IV,IV
5,target_iv,LH,99,0.6748128434831823,0.1212196194792237,0.11610760506255609,0.08795581123317837,0.09226852919092907,0.06852194580768184,0.02043601518299964,0.024449556540469465,0.07890532048458965,0.040206231222563484,-2.5325790454745767,1.1962809027093875,1.056910359493686,22.21672275815233,IV,IV
5,target_iv,LHX,115,1.1550952245348285,0.08186344211756803,0.058712875553749724,0.03854457643287484,0.03906668046164878,0.033276590319340243,0.020934330027292086,0.0256026556822263,0.779330584212722,0.09339186140009809,-2.6686764795538322,4.014149410484885,1.2078389246998071,23.327901231914534,IV,IV
5,target_iv,LII,101,1.2459028795966332,0.16921647740257734,0.07692229160675515,0.07324040716993052,0.06430210725733257,0.06464713172168263,0.015184230647404786,0.02826944381079826,0.05848496292994225,0.04432187447781668,-2.2314271998684836,5.382005329107749,1.2034355180318332,31.83758880428826,IV,IV
5,target_iv,LIN,105,1.2596929708016842,0.08159179365451051,0.08154414339211707,0.03533953486064983,0.054771906447366216,0.030132009025032245,0.010966718426945056,0.014618233693533692,0.5422705518656067,0.07149577224787976,-4.00806664255697,4.861768908313921,1.3283579653996818,19.668076111478932,IV,IV
5,target_iv,LKQ,90,1.062521663940814,0.3035865472373762,0.25114410188463937,0.3092824591368188,0.26464271552920793,0.17615576505796784,0.059988992176128304,0.061228725055244945,0.3170955340807977,0.10661922828965989,-3.768559384000976,-0.13614904333462174,0.9958061064253377,32.32748907976487,IV,IV
5,target_iv,LLY,125,1.7976054738705107,0.22555023596794085,0.20375766164518283,0.19502124110994262,0.20447625666774435,0.15252797006076765,0.030838432895495954,0.0448959413659832,0.49581801543295184,0.1199320621923945,-2.900681491260062,4.146146527459859,1.1316355186904499,35.643318177687654,IV,IV
5,target_iv,LMT,125,2.270886474288836,0.1582253833576339,0.13197870434974657,0.07890799297667152,0.1164202499394312,0.06766674444014838,0.028528473110705242,0.030303403936251163,0.267698880712721,0.06522295133943905,-3.0553371246758245,4.213757911731577,1.218301807853778,23.51619957796834,IV,IV
5,target_iv,LNT,77,1.1816477938023797,0.08688972435386971,0.09621732814317667,0.04089687211109908,0.3935185794604827,0.06550495741196338,0.034445261297651415,0.02900828289914379,0.3463162614189749,0.06570990415186885,-3.6580131572093313,7.721527650339244,1.5786551643748195,21.065446664147057,IV,IV
5,target_iv,LOW,125,0.8880406395157482,0.10096506761633296,0.052494410380418834,0.040314505857284674,0.07012107891513332,0.04603870910761599,0.015752032661597117,0.023045414195906125,0.12466370372139451,0.05490900909610534,-3.2018074747303573,4.2268732212991,1.2033914579727834,25.00883360168401,IV,IV
5,target_iv,LRCX,125,0.6392971095207443,0.14340672504689655,0.05669198923006649,0.077838337296237,0.05708430252661849,0.07521315615909492,0.019301683524492175,0.041741359990663425,0.3739440807881272,0.12787531307241667,-2.969419266908931,2.1458960779754976,1.0522718234489294,43.19853087025668,IV,IV
5,target_iv,LULU,125,1.3961205568923654,0.31276221942124866,0.18256809384297906,0.2175454014849742,0.208542513090628,0.1917429654432326,0.05932980266280541,0.09575554944195996,0.46053071399795054,0.18694130220578709,-3.921666506441586,10.712779367049206,1.2729712988423045,49.957855360324125,IV,IV
5,target_iv,LUV,125,1.4315923181552976,0.18649249090724518,0.09843560086955291,0.12895527403106838,0.0748601859681265,0.09719098932666248,0.02991963505282063,0.050390068236308684,0.13687679340093878,0.08780078744449413,-2.157119935080599,4.725327896514053,1.134194138119321,39.937953147793294,IV,IV
5,target_iv,LVS,125,1.007459820993139,0.17379300957298124,0.1057184167501774,0.08975610927027071,0.11184512196035826,0.09418441560774013,0.025268880820113006,0.04147932041723225,0.23458990562414758,0.09414010526880057,-5.208949803356195,5.783697575212114,1.2031159065582946,34.25856039228147,IV,IV
5,target_iv,LW,103,1.2806335185735698,0.40934834381416,0.26785500490649267,0.28019432783760323,0.21957738682330094,0.24643315047476524,0.09515045489284923,0.09501147283624513,0.5003104832511807,0.1397912156431286,-5.178208762968658,0.19260732608088096,1.0047001704047727,41.17140372999645,IV,IV
5,target_iv,LYB,103,0.9474238327294381,0.19882282763272968,0.07159157567629285,0.08243852262170674,0.0642761768913873,0.07816239078505162,0.017897641835305584,0.044342349292511546,0.07433542283325566,0.0765982127139822,-3.386015162062749,2.973487636164768,1.0730993090521053,43.650857569241246,IV,IV
5,target_iv,LYV,105,1.0998736456732543,0.16798744178064318,0.1298852556066032,0.09663616682484648,0.17215726228888184,0.09628998244257744,0.014916325420185948,0.02933793800269645,0.5701418886517543,0.1190095270417919,-5.368007940017883,5.729851137326294,1.214240082556803,32.47485174106302,IV,IV
5,target_iv,MA,125,1.2405195743222546,0.08861478233031411,0.06578436331507831,0.040914881027207056,0.06086227654734079,0.03996972259623184,0.01877167325066165,0.02165503384404328,0.2883090959196952,0.06314690828953494,-3.515166631610001,5.6172527045154155,1.3497312901225615,21.67887733795007,IV,IV
5,target_iv,MAA,100,1.7340685533951783,0.09708724254167438,0.05354555594844745,0.03822719983837891,0.052571486234782784,0.03876969490985625,0.020513508470552066,0.022300442748764884,0.2752627497566274,0.059181776136725726,-3.4693665416696158,5.006490602485091,1.2924804128250198,22.123844048920112,IV,IV
5,target_iv,MAR,125,0.9137445602224062,0.10171786435749319,0.07775862062177444,0.05759926918402325,0.07114582731639489,0.0518148422956765,0.018787290068384543,0.027186734570809643,0.27795942557451975,0.07595392308454653,-3.1022433403664493,4.002352185078841,1.1786938994191676,26.40016317968036,IV,IV
5,target_iv,MAS,95,0.9623856811463308,0.11626059074513032,0.03464758261006724,0.043739034009338575,0.042975791999090705,0.050941971766596324,0.026479425883573854,0.03661164719353507,0.1553430318155932,0.07079789644663755,-3.494752855241684,7.766728239857845,1.3360576227970942,30.878027353424674,IV,IV
5,target_iv,MCD,125,1.0691262115934628,0.07666430686407001,0.05216724197367069,0.03177957583854952,0.07445061882974124,0.03426061767601243,0.01811856650945233,0.019358086438203102,0.20933453109720632,0.04881589473976393,-3.8230518175593327,4.066153580705099,1.2735885169391152,18.92844979911688,IV,IV
5,target_iv,MCHP,125,1.2725249570952621,0.21434715223369685,0.1720525964277321,0.18937083949468764,0.09694082398691714,0.11261468717936268,0.01879226638766379,0.04651978889372297,0.49461609666762246,0.15878601649983398,-4.101500304842785,9.941683326817119,1.2741543779877318,46.20476765101495,IV,IV
5,target_iv,MCK,125,1.651614339188923,0.12685377135911627,0.11545900708603236,0.05803468703319634,0.0810246561963703,0.04815312321148647,0.03826770970028398,0.03463172823144027,0.4726808693670014,0.06717078219228394,-2.502626445004381,3.6979542481434597,1.169953557764676,25.456570524148603,IV,IV
5,target_iv,MCO,105,0.6139212668229749,0.08906186620542154,0.0629734272296718,0.050512964107093605,0.05791696639312316,0.04637824707052275,0.0168307121267613,0.020955415010532694,0.07983581485763602,0.04006289699376393,-4.642467575706978,4.345584933173781,1.23661284105508,22.71138838575221,IV,IV
5,target_iv,MDLZ,121,0.7474028388391591,0.10225062863369018,0.06296359496362286,0.04342902902527616,0.1589217507679585,0.058368843857102594,0.05375941920029931,0.04045921068891719,0.19298192698642075,0.061614133971998344,-4.0074385319146355,4.784904675509629,1.2533546137286995,23.67109981949647,IV,IV
5,target_iv,MDT,125,1.1177143432385215,0.09298431075005531,0.0787862012694054,0.044717933083007956,0.17412391230645208,0.050298913506065655,0.03006556046494121,0.026773711999834623,0.5881819322340274,0.0663854400036081,-3.773294919823472,3.7370222852249326,1.2247255985289327,20.36629064489428,IV,IV
5,target_iv,MET,105,1.4480172045326845,0.1065332307996496,0.0517614165569872,0.04077947536495699,0.06897211540045725,0.04533432198531425,0.02255316497473005,0.02696243424620913,0.4939571902880414,0.08146666235627825,-3.3248662079093783,5.450492987913398,1.2844150519436084,24.61436265889719,IV,IV
5,target_iv,META,125,1.2130878949356994,0.21324343476853774,0.20363458633085146,0.1564382102048393,0.2297384168743911,0.1407578307507688,0.03578219994231008,0.04382266512004506,0.37879846384713395,0.11131979069719969,-5.152574712652583,7.0041725285751575,1.265762848247054,33.35914492134562,IV,IV
5,target_iv,MGM,124,0.5970709266455771,0.13255911107668913,0.06137578974257138,0.07394087184213824,0.09293290910906539,0.09626468838703546,0.020418541135372437,0.04017938601817994,0.14308309969613167,0.08740990962617427,-4.944903339587335,8.814220926572162,1.2942872521644109,38.7653005664333,IV,IV
5,target_iv,MHK,94,1.3218915191567984,0.14532653643559118,0.039614791805330625,0.05265404724483232,0.03587642804403648,0.050802715607080606,0.021051164364252993,0.0418715006790652,0.0947801913346447,0.07109451977617269,-2.0052874844189197,7.612777459921179,1.2451625203076786,38.66474025736325,IV,IV
5,target_iv,MKC,101,0.6001902983987066,0.08249012557690824,0.049354455779439955,0.03975696593082255,0.04444346411971063,0.037453293348332944,0.02156458251934774,0.026224702068000188,0.10719715313177713,0.06664745808376989,-2.5656148929265004,5.094503990184328,1.258430204344669,24.807772426058698,IV,IV
5,target_iv,MLM,99,0.949102410154311,0.08787968902255859,0.020926589618644877,0.024838272477037567,0.017893560692888017,0.022506780199924956,0.00916130805931712,0.016813218995873187,0.17502297165139052,0.05729787716916445,-2.802238035140573,6.674424465535883,1.3766975516962325,24.392682615825372,IV,IV
5,target_iv,MMM,125,0.8472298162175875,0.12338114359891765,0.0945334367846169,0.0666897972855711,0.11677280208948482,0.07182659161668264,0.03782015626341195,0.04271278962534898,0.2095876326005838,0.07235096721958655,-3.5094707036634585,5.01774766508466,1.226993467643353,27.122999050417242,IV,IV
5,target_iv,MO,125,0.9126571196156313,0.11192729999317425,0.06266620454135483,0.04244345171612883,0.05768418591462323,0.03819678274713936,0.025624854717028835,0.02218640100985985,0.10699453867243902,0.04023839303710691,-3.8988734303991253,2.7497715604496342,1.1571585915870506,20.246565930272737,IV,IV
5,target_iv,MOH,103,1.9729222278320302,0.4557147105438699,0.2842132736048603,0.4609945634766357,0.2313930400802046,0.3016915659071728,0.0413025841659132,0.07876140881233198,0.32256834980046023,0.2647044137777128,-2.8187602737647652,1.2247979222962015,1.025490990730184,49.27306467113967,IV,IV
5,target_iv,MOS,121,1.15741388036107,0.2135843712967959,0.059999635335521176,0.07527791344194457,0.055570429859741755,0.06914092161529625,0.03770891680462909,0.05947683918616276,0.21617433490132612,0.09734789838106915,-3.8779363397344144,4.486359845288238,1.1334686947957424,38.099933815979,IV,IV
5,target_iv,MPC,111,1.0734891352121907,0.11545368326587047,0.05561039538905449,0.06216686265165617,0.06769929774844535,0.06462586745548497,0.0065747102658405485,0.01728666626524651,0.26448493395880174,0.07928943751010327,-3.2295159556399615,5.898337056609955,1.246643033821933,29.812805530381407,IV,IV
5,target_iv,MPWR,101,1.7078073804751859,0.21245878640841756,0.08665286766888261,0.1324324912654507,0.06872425251700254,0.10065302080017624,0.01751406847042885,0.046798906778799956,0.7377624166542769,0.18577690310440198,-2.561825325290766,11.540684730284063,1.3201463147526056,47.58884208359349,IV,IV
5,target_iv,MRK,125,0.811120701604315,0.13231487984355195,0.040783931642659595,0.04278604361997171,0.04121099031673808,0.04306579344384658,0.015914902410914752,0.026125799130340133,0.2081323555087996,0.06756146297588317,-4.214116557405759,3.1482345519430104,1.1211219572042483,29.140504034792762,IV,IV
5,target_iv,MRNA,125,0.9415839080326279,0.2770676615180536,0.07877554858047182,0.13487016931508236,0.3391237046568142,0.2134956365313559,0.024499820706739527,0.07415398474462186,0.2863711423275463,0.20012943327495816,-3.8083831729362547,12.186064909871309,1.2172244417101634,68.2850232680236,IV,IV
5,target_iv,MS,125,1.0331806233533063,0.10684559720928262,0.05982709853706943,0.04893025161022177,0.11929014102209631,0.0583259183057642,0.020707269949851528,0.027824510300316095,0.4917808255168964,0.09271590117067935,-4.727158121605395,6.928263291938773,1.3549818477802094,26.445495892036323,IV,IV
5,target_iv,MSCI,105,1.632296412925756,0.1697489257620741,0.12176892542079126,0.07944735442977884,0.11520180846387151,0.07569175583008513,0.026699310687285406,0.032127387697730145,0.10756082068491,0.05269272143966016,-3.4490460533474363,1.2493410237267935,1.0539463244993486,24.408305704293305,IV,IV
5,target_iv,MSFT,125,1.7452277931858753,0.10367894991366763,0.18448558019794886,0.06803979098670475,0.20855754017589748,0.0631684749570311,0.029795955271320805,0.028448300089946945,0.6782675242218064,0.09040104416217705,-2.787684761789964,6.538906389899876,1.4002728829421573,22.87502774250421,IV,IV
5,target_iv,MSI,101,2.1108995769137504,0.11500007684949114,0.04764022484201012,0.035551762273041645,0.049541841857252654,0.03657293783006146,0.026201402153926814,0.026644660637205133,0.5221361066482308,0.08021581287923063,-3.566712146121623,4.957674503498074,1.289485664119461,22.08347767091229,IV,IV
5,target_iv,MTB,101,1.1064162385551852,0.10547841019601939,0.053134009829654445,0.04190227845140352,0.04661263448722321,0.03989746046009467,0.016090934959323823,0.0234337407113303,0.38147314611819355,0.08338189734772723,-4.209776686701154,7.305711288431077,1.393524202174135,25.870544780421223,IV,IV
5,target_iv,MTCH,121,1.8087790433305717,0.19850478290518653,0.11691550118683242,0.08949847824902804,0.11486005263558745,0.08909637283405751,0.05825987347922325,0.06921653267189008,0.21071952648451325,0.10514920246901936,-3.7529108027220026,11.241366349640046,1.4371714526447308,36.95522822610477,IV,IV
5,target_iv,MTD,99,1.0265881858604269,0.10243090967478281,0.07947222457801965,0.06987982672110842,0.07378089050522044,0.0663285197392989,0.022377675548833475,0.03271348545354332,0.2220353136949555,0.07292230081323706,-2.897245795308579,5.086052419851491,1.2062708772163346,29.743204648458583,IV,IV
5,target_iv,MU,125,0.45227649426002436,0.1762210545668362,0.08270819914688379,0.1173112924357552,0.05587812339114675,0.09400685826764166,0.024078566307969708,0.06377656336983142,0.25843152390171314,0.16064453331151915,-3.4303322702516588,1.647945732484142,1.0304797869700844,55.714784654343184,IV,IV
5,target_iv,NCLH,123,1.5406973504392834,0.25550108993681303,0.09024222640721974,0.12167497124956005,0.09965926622887454,0.11567554085979558,0.020151537080726405,0.050145183394378165,0.13042240917029324,0.10194704745939855,-2.5464564951582456,7.107654252848629,1.1790793598308533,46.7976233233326,IV,IV
5,target_iv,NDAQ,105,0.6956692034908666,0.09195525020913742,0.11383638494879716,0.06952356646110794,0.08931708216337962,0.057558822937054846,0.024727006077296464,0.023801497524250443,0.23066742225715542,0.05279552093696611,-3.98841175780896,2.5968065320626166,1.1424197839440653,20.830274243841355,IV,IV
5,target_iv,NDSN,98,1.0967753375889764,0.10847294304106508,0.07042756452542845,0.04870614703509606,0.08764613729794477,0.053338980115877434,0.023239577263528204,0.02962871141115799,0.3425612342160434,0.08000326333490662,-5.056877916684164,8.547191907773126,1.5019824152763885,25.574067048542936,IV,IV
5,target_iv,NEE,125,1.0250657631700704,0.10511835296056311,0.060774095169066115,0.05380105425398849,0.06217486066433099,0.05445631276816894,0.014746350180703112,0.02289042593271402,0.06241094946196799,0.04124070766916672,-3.930917287149209,5.616498648429547,1.2699896314635213,26.41914435739412,IV,IV
5,target_iv,NEM,125,1.3500668766157315,0.1789867302490925,0.07959578141771968,0.08722748352269778,0.09305269857164157,0.08758865030703544,0.01595490038611148,0.03665944168512554,0.13488996512024834,0.08942831934663538,-2.379465514782717,0.7960896311815773,1.0207800229658532,39.106424152454785,IV,IV
5,target_iv,NFLX,125,1.263765296433482,0.174204035151485,0.1755986840374869,0.11518510125167138,0.2274895677627349,0.09370348820039892,0.04591999384100425,0.053096680165369795,0.24231567621371145,0.09557970878566398,-3.0467772996749183,5.5999714127840505,1.2054639186725542,32.855226004266186,IV,IV
5,target_iv,NI,72,0.6864165276820806,0.08465264371079867,0.04722883363586658,0.034354985977535175,0.1125828582716953,0.04783776880752727,0.07522510905500462,0.0453643919409254,0.17941076410835827,0.05732848411075201,-3.6434554462454356,5.421339591624623,1.308094212902527,23.017709028592233,ARCH,ARCH
5,target_iv,NKE,125,1.4526562312362514,0.23733516963517842,0.2180277456822248,0.1838709671194943,0.21985683325586572,0.1564217088505049,0.05388988380473283,0.06321898078522861,0.33459784584351365,0.22547426301177015,-3.5955234288394906,6.434807657207098,1.2172686115852178,36.051638225865695,IV,IV
5,target_iv,NOC,105,1.220859228150543,0.13684567218266422,0.39302210899798545,0.16873194480123124,0.21971994072375808,0.09859521318456876,0.021357214480965267,0.02478728373456399,0.1717727751992334,0.05649827210109795,-4.414520472501934,4.025146771595507,1.2242106386741125,21.97767032444087,IV,IV
5,target_iv,NOW,125,1.536914454619074,0.19630757224449252,0.1588577018131218,0.1536170326499241,0.15452175900279685,0.1577067419646974,0.029628085851273304,0.04851947494338136,0.4606469775584713,0.12784088175576022,-2.980742331120927,9.247759145465572,1.3224360305651999,37.92867029939312,IV,IV
5,target_iv,NRG,125,0.8454566687120401,0.2072271323073225,0.13778181879463608,0.14901455611846393,0.12184818501411299,0.14192067974278802,0.018932344691400156,0.044234801355044866,0.13475548815054972,0.10001389566044144,-3.7283867215085156,7.770002071470576,1.2060793522109665,45.47393498909887,IV,IV
5,target_iv,NSC,125,1.224423617275326,0.08641845838568714,0.09199597417149499,0.051420264274100694,0.05168215767713505,0.03623638360823241,0.024972397827998292,0.026054707322134666,0.2755908650938814,0.05843206604885681,-4.52423965075071,6.1400683907310025,1.4115398625085038,21.059809951863777,IV,IV
5,target_iv,NTAP,125,1.2616311370795275,0.15594311847457185,0.1372457302577846,0.09881127020103288,0.15720708888690096,0.10971195381472242,0.0564562438039669,0.060210576963931485,0.8628964318653907,0.14321245514909614,-3.525342316327677,8.738358700207044,1.3607123630904776,32.963640654336274,IV,IV
5,target_iv,NTRS,101,1.0754711613398975,0.11466507575616819,0.06982103922546806,0.058265880673476274,0.05622746330501451,0.049813365179592096,0.025289592377502734,0.030553221248196785,0.1550332512926837,0.08201847411709075,-4.248942908307889,7.724829461763748,1.4097425161158135,26.57771672128437,IV,IV
5,target_iv,NUE,123,0.5287955831371596,0.11131134108618625,0.03239398187652761,0.046920154344188815,0.037398466053538505,0.05131728207641714,0.008913174267645976,0.02375211636862924,0.16579816850660198,0.08100664353188805,-5.549547508223119,7.175984781971997,1.2608180740946602,34.68935710818425,IV,IV
5,target_iv,NVDA,125,1.3290286605338688,0.1450434973824178,0.09825900948871069,0.10653372201873093,0.32892495146568695,0.1266954999649441,0.023527309213447065,0.044657366951672106,0.3958134612030692,0.1341112247282752,-2.587954266155882,9.84328413084882,1.3215739531020025,40.45299003487941,IV,IV
5,target_iv,NXPI,125,1.7807008449698454,0.1761797533229481,0.0730097847475931,0.08732569026690531,0.10928965530216786,0.08733774971691165,0.0134203395777361,0.033426560188347616,0.2635238171826296,0.10864618456454869,-2.2955948332296376,8.234549438965749,1.2702202602636123,38.708021083662445,IV,IV
5,target_iv,O,103,0.7084323337003235,0.06276635027162808,0.0837966771156858,0.04384322259703258,0.06166635808180117,0.03292361616687731,0.02484911979959801,0.01769925712452569,0.07441569952636479,0.025592101343132674,-1.9669098690630549,1.1084575820789953,1.076145697993329,15.665518733138464,IV,IV
5,target_iv,ODFL,101,1.313530148197701,0.19368535612820825,0.06119748309843585,0.08342213978185395,0.0561486850474769,0.07083612204590659,0.027566047012620602,0.04823920130449825,0.15704533033958193,0.08866689196373928,-3.6895260767441225,7.493813901817127,1.2371495791436353,39.09333825635257,IV,IV
5,target_iv,OKE,103,1.4706243859717458,0.11658276640492495,0.02790779938303295,0.03713521925969994,0.03215620886175192,0.03971602189505318,0.012162749204151729,0.022433164441691245,0.3358973068994228,0.08613197822899822,-2.7885667664335947,6.6375022448513805,1.2997155930560649,28.783504650571295,IV,IV
5,target_iv,OMC,99,0.5243148724665189,0.12814671038318953,0.11052279067743587,0.08311286187247724,0.08948870333813003,0.07145987671436266,0.029307872605804374,0.038040113824410124,0.06688104043685505,0.052136127248698746,-2.5622744842467178,2.099333067482671,1.0749134965022284,30.122762295889068,IV,IV
5,target_iv,ON,125,1.4329754287018281,0.27583749272533237,0.12632201177067962,0.16490862750154386,0.11112637534946941,0.14730391905812634,0.03086411859116243,0.06739865190615556,0.3863797396005834,0.1567376262174852,-3.667922918072509,9.335019561295892,1.2158711753274978,52.57849357830504,IV,IV
5,target_iv,ORCL,125,0.8759582761884226,0.3966968003828571,0.19149445455161163,0.24578788066710283,0.10381430769551872,0.12668754580683475,0.03293912335400658,0.06277061023728048,0.1787863612106401,0.11678891710203973,-3.6060142351642415,-1.7543350783847993,0.9652758506441509,48.767711132354066,IV,IV
5,target_iv,ORLY,105,0.7113468466379659,0.08299855118770957,0.10971852184482701,0.05140971527179688,0.12031073223609601,0.05281877195314773,0.043580753752398796,0.03816628093876853,0.25409508128182096,0.07004405177329422,-3.1765214845364245,5.5794115402318445,1.2966342720664326,24.388470592526083,IV,IV
5,target_iv,OTIS,100,1.2411464503222205,0.19051076721824345,0.32748000196769167,0.1886678190962794,0.2950079195234406,0.11340654466944684,0.04560791568080374,0.032879432552739306,0.20078402259994427,0.06501845922140169,-2.7146752667717924,2.138333711250194,1.1190958308135959,20.093065599363246,IV,IV
5,target_iv,OXY,125,0.6770022656112273,0.11178590548468229,0.04831356920933945,0.054180366447671505,0.05368062527952212,0.05750858568426428,0.009715617856480892,0.022804212034741807,0.028135158323600064,0.03503383302714717,-3.3382461197223363,4.584630354857593,1.1701634425357144,31.52714095842252,IV,IV
5,target_iv,PANW,125,0.8627109345447718,0.15246441185930068,0.09621380864976832,0.0775864126290369,0.107983495866509,0.08087165567659661,0.03551811295837381,0.05014963917266183,0.14637360653641399,0.08390495997307473,-4.044908662955801,6.50042711732062,1.2351958126281053,34.13878957234946,IV,IV
5,target_iv,PAYC,103,1.2943890238799243,0.1915918564875343,0.11599956727115189,0.08746834993506099,0.12200112178568662,0.08867785557529627,0.0400491221094011,0.0630543916069359,0.33353204344017795,0.12244658360121079,-3.9420451031016173,9.516702502301833,1.3305941656713354,38.30336449004844,IV,IV
5,target_iv,PAYX,103,1.133144152962593,0.1420723462828778,0.1797258423531965,0.12145380827928726,0.14089927383704481,0.07312832680741847,0.036423338178475186,0.03812290814054085,0.36025494875940345,0.14248634305700075,-3.4508251357347417,6.780268891923634,1.3519538977222918,26.044919562942997,IV,IV
5,target_iv,PCAR,105,0.47037705679059433,0.10068343563425916,0.03870572452057643,0.04284631474868139,0.03532146491446678,0.04028462226669597,0.018366179920210782,0.02775114680128499,0.08179519169837357,0.050020462342529944,-5.180692280460971,3.4351463174447643,1.1396545138409135,28.03260631331633,IV,IV
5,target_iv,PCG,122,1.96612864227855,0.1829262923027727,0.19367720485022466,0.1081000544781071,0.32693259799418933,0.12947393053801012,0.054606672038974055,0.07116499200491767,0.974473768246131,0.17539125320577786,-4.2708645032717785,14.167709087884184,1.5733898558981985,38.87639366286832,IV,IV
5,target_iv,PEG,103,0.6484049174678933,0.07647205116032732,0.02955874425772764,0.026783259159526392,0.16715336766127595,0.05368927154142996,0.016445052639727262,0.021387744270825373,0.3750346371319233,0.07211489668947825,-4.666864915928807,6.020899801435334,1.353655695910965,23.045649780157955,IV,IV
5,target_iv,PEP,125,0.8346190810396613,0.11717730687830996,0.07150383809083473,0.051355433565088274,0.055718718804491585,0.03944945167248625,0.03366391981898033,0.029395206364968215,0.0523442745366691,0.03863431904061376,-4.412392057338561,3.308630589455166,1.1712026135669498,22.634448814545003,IV,IV
5,target_iv,PFE,125,1.071986022358803,0.1211238064173202,0.09376066363540342,0.06862207229934723,0.052990282585292627,0.0429328432633369,0.027485311140565856,0.029717780996721864,0.16316304242757193,0.049417487086529585,-2.6811149350493158,0.6470430358274681,1.0270511178168824,24.566314698000948,IV,IV
5,target_iv,PFG,70,2.835239117488391,0.1254499466455554,0.08147829847708365,0.05260936707570948,0.06235002312193286,0.046631894058893904,0.06796625858733576,0.05044327725207817,0.3817520410561485,0.08760235321712316,-2.7101463330969153,8.959708589830523,1.4909161621619316,27.21070393366504,GARCH,GARCH
5,target_iv,PG,125,1.1252630867041975,0.07309475730512932,0.03666632375331413,0.027195987633581702,0.1641855133377525,0.04601234779965565,0.01945524429127614,0.019279233671857236,0.3615749523825826,0.06080456680270083,-2.732715143030295,4.163892084447598,1.272932839139418,19.419997203848872,IV,IV
5,target_iv,PGR,125,1.80800623015894,0.11849223652294491,0.06262648098275411,0.053189217853185734,0.06325541287553245,0.054122477944052186,0.03053221081664097,0.03158889623993984,0.2887522220489986,0.07873197562512294,-3.413201015175531,6.979988340029414,1.3577037783436303,26.49330847422169,IV,IV
5,target_iv,PH,103,1.5638241793758645,0.1186922838835687,0.08611388059332119,0.06345942499720884,0.10173455247628395,0.0731203153491887,0.024186906935196574,0.030171121461103297,0.41938534666193544,0.08507637844875378,-3.3586033863617906,6.555198540521132,1.3481548331163264,25.38359877223898,IV,IV
5,target_iv,PHM,125,1.3655422597213487,0.16038291834423557,0.03475927635027637,0.05120080843632056,0.04204328737721979,0.056317355529728434,0.014360328163434742,0.02981419389985405,0.0653893787798338,0.06191572126985621,-2.862239882428628,4.687480391116681,1.1560137477503056,34.732783825649996,IV,IV
5,target_iv,PKG,99,0.7942883856373946,0.12920879399641688,0.06224734351894201,0.05100962613584845,0.062191252030167336,0.050718532855608574,0.016220833334570642,0.022844401123544307,0.07032387140007629,0.046267751271077455,-5.145572160724969,3.410681547728599,1.1572598840409396,25.09886711729633,IV,IV
5,target_iv,PLD,105,2.4776851218605067,0.1008547347822336,0.04669240046503259,0.04190599791101687,0.05918678353611756,0.04802262298893835,0.013965296778417305,0.020951570663311617,0.05480147088825477,0.0366143224699995,-1.901819381385539,8.08603654632634,1.4775754614504473,25.017468747152144,IV,IV
5,target_iv,PLTR,125,1.300402564616701,0.2368246201563631,0.11800852469307835,0.16236487685338438,0.1397275239641868,0.1269364411060003,0.02988444719691949,0.07104980574877443,0.16592356108728193,0.13383663189024367,-3.30402488040135,13.291411270515063,1.3093040667707734,56.263401290825385,IV,IV
5,target_iv,PM,125,0.5400404383740111,0.1207585989620207,0.05070207014876695,0.043988283867780496,0.05070132055291758,0.04398794629600703,0.023659091993625724,0.0321562536896796,0.09391271261450129,0.05512256855904932,-2.936425113993342,3.3433542973411714,1.1406919272620775,27.107008420247887,IV,IV
5,target_iv,PNC,125,1.5336402633684598,0.1036414902940402,0.05183465914575156,0.04073993343504109,0.052652532080741395,0.041507162018831735,0.02245998343328769,0.02582465590092818,0.24424420332297792,0.06581208759252676,-3.514906529686667,6.085416534197273,1.3390047627251245,24.036245558778027,IV,IV
5,target_iv,PNR,98,1.081708494436465,0.10488542516555568,0.06942712406243999,0.05125576099257755,0.1158074203351868,0.05659466280897677,0.03536425093589612,0.034765305204110974,0.21303266780169297,0.0652454813416612,-3.870268794668767,6.391917703973177,1.3498391932344098,24.662934295559765,IV,IV
5,target_iv,PNW,85,0.9164844627079447,0.07057050772996167,0.06111142544672133,0.031433558630341724,0.1548301739757634,0.04537524201090998,0.04663734144057748,0.030320049514008303,0.18558087625468975,0.049011585150564904,-2.856262972892932,5.31450301034558,1.3742039310582,19.516660094363523,IV,IV
5,target_iv,PODD,101,1.7645843510247456,0.21633030930163558,0.22694333688260634,0.1957320622098744,0.22996798837088522,0.19690310288114055,0.037208098610815046,0.056299531994441376,0.7815529563798695,0.16096341447527557,-4.109538237963087,8.538998976011914,1.2907596394220722,37.906895404087116,IV,IV
5,target_iv,POOL,101,0.9525628735157987,0.12234248978512147,0.040758240378115644,0.04778458952879693,0.042915728772603634,0.047582949688850774,0.024130850461320148,0.0372946991324789,0.06387302892091207,0.052351169880155514,-2.80665576019758,6.832009427889887,1.2636657829595994,32.74363645511297,IV,IV
5,target_iv,PPG,125,1.0674801164193186,0.11412927988267674,0.08459621198187191,0.06209795977218693,0.08695707282727687,0.062064594359580075,0.03357942996995801,0.0331098424459698,0.13797062990023268,0.05858374523285112,-3.6006679359163605,5.079652077434015,1.2444084664483386,25.86310590474946,IV,IV
5,target_iv,PPL,90,1.328701556918174,0.07083525303924756,0.03175145511146195,0.023242921430136357,0.13832881773788333,0.04108722824720899,0.02377576591100882,0.021473044056012795,0.16723418716785665,0.044947224242226184,-2.353798927318146,4.458406453219369,1.3014383792706412,19.248847086581698,IV,IV
5,target_iv,PRU,103,1.417232246091309,0.0949757863710207,0.04751539115187797,0.037017564190835205,0.04458502269356983,0.036147036006068174,0.021386167801149224,0.025256157898326637,0.29540426396826414,0.06867376342233504,-2.7762695622221756,5.134641117009544,1.2761006890947042,23.731628809598504,IV,IV
5,target_iv,PSA,99,0.48978681646760835,0.08497383020756236,0.04158050072589637,0.03645629003970183,0.03637211281628378,0.03206204207985718,0.00927435774232759,0.01580280204210119,0.14771146550010475,0.04715479850498079,-2.382795537232827,2.9101876878282393,1.1481536233022935,22.553228627098935,IV,IV
5,target_iv,PSX,125,0.5977996820577156,0.10937294179667786,0.09512847866270627,0.0823530804852724,0.10176802407305605,0.08235365061197975,0.008554211585865942,0.01966241558805252,0.09259774358122791,0.053404084895545295,-4.818440217318692,5.201137473112362,1.2107315734265305,29.882476811783835,IV,IV
5,target_iv,PTC,95,2.8979514572868803,0.23583275582987875,0.5313274329454065,0.30413225084283685,0.5019002313833262,0.2570830692740542,0.028589923761707745,0.03360709021058161,0.20158152541400096,0.08475480259336335,-2.506692756735048,0.45280738017012234,1.017311373608956,26.60944811813351,IV,IV
5,target_iv,PWR,105,0.9930938122831094,0.13811463153681294,0.051747522802259555,0.06624860906128957,0.47800495886363265,0.11955181260703268,0.012837015910826153,0.03006144114446559,0.5159601959674471,0.12562186640091075,-4.16874418437805,7.55605387664626,1.2661063511134796,35.950918730600904,IV,IV
5,target_iv,PYPL,125,1.0842317726230948,0.1586871622929105,0.11683928971366417,0.09823791524011194,0.19851906378875686,0.11152627854529902,0.03765028588446983,0.05256477122167392,0.45307914493505186,0.12409902610368771,-3.2116604609884836,5.903781142061561,1.1915473545910817,36.72530386507194,IV,IV
5,target_iv,QCOM,125,1.1084321944948856,0.17579914147003164,0.1182183641096298,0.09446655207056241,0.10535764089970885,0.0852390525189115,0.028910817855424625,0.042476669397561055,0.5940432095597074,0.12152974855858764,-4.657661940727535,5.19485458342682,1.1841109951167903,33.41073913791239,IV,IV
5,target_iv,RCL,125,1.6318457179616501,0.18163036957075415,0.08832485733140671,0.096222632162593,0.09393905442776228,0.09193165799048043,0.014642295166849163,0.03558210096849348,0.16743793447750188,0.09370866840400818,-2.584417255202698,5.98162278049901,1.1772588991884292,39.72674253406605,IV,IV
5,target_iv,REGN,125,0.6264578219178144,0.15996850728562764,0.11971527935041934,0.10270966604712391,0.18014339294843554,0.14156323055880335,0.0261742313574786,0.043849462537289934,0.5374725902308626,0.1266319117021647,-4.137418857821011,5.30970931653284,1.1701573214537435,36.51441606185063,IV,IV
5,target_iv,RF,102,2.4061572343550046,0.1285118828946976,0.04253186712728396,0.04680995278769131,0.04277926090180243,0.045201838720930344,0.017860476001878862,0.02585925369439167,0.22222595248847307,0.07177582186501807,-2.995676609785981,8.10867327878764,1.4233719431537208,27.261272807196868,IV,IV
5,target_iv,RJF,103,0.917655875540965,0.08824070898873854,0.04167172828245385,0.037563300882945454,0.046775734695511495,0.0392976690131281,0.02875082388566087,0.03061109252193962,0.38181051356656415,0.06863229640066809,-2.9661856862586125,3.7474468523083795,1.1802500110886676,24.53771937254119,IV,IV
5,target_iv,RL,103,1.8598632966420703,0.1698349095866754,0.12096076349624818,0.08330010872410577,0.07673335003513806,0.07526391526226502,0.02048006619312686,0.04002871987945001,1.3052087921121733,0.16926590463454888,-3.9486196543077,9.511214528661382,1.3550711219535732,36.298001571019064,IV,IV
5,target_iv,RMD,103,3.771520531578621,0.1510083089777609,0.10096027750358288,0.06868596781596636,0.6765026080585853,0.11158133729194628,0.05402411747840671,0.058766484004190926,2.342230109381497,0.15307123696531613,-1.982380336547831,9.384556947466088,1.462255285174931,29.68623277127997,IV,IV
5,target_iv,ROK,103,1.6201871456420907,0.13818445119763093,0.09456410553869368,0.06808118760836117,0.10019481942401652,0.07262248597163415,0.04796065660453376,0.05095562994706146,0.7387110923702808,0.12235329947934298,-2.955631952519493,8.160370503639898,1.3832196460414958,29.45460890695044,IV,IV
5,target_iv,ROL,86,1.2065751114676841,0.13464463334482082,0.08882103735770461,0.04843655611009421,0.08611603330075655,0.048016560404813995,0.09225291708395753,0.04864665442107129,0.11294410616960805,0.047642215582470775,-3.516942557135881,2.0115615299577416,1.0993037094813762,22.26822203602876,GARCH,MEAN
5,target_iv,ROP,101,1.479001498824572,0.09963840208060169,0.04406034728172497,0.035299481479461145,0.052966556206345716,0.04213964502650958,0.015193839063466734,0.018739107360091146,0.3196244195268887,0.05959244219152767,-3.41983440401633,5.662580926605469,1.3633611399314578,21.246473380470018,IV,IV
5,target_iv,ROST,125,1.9520584200766564,0.14155320563550508,0.1299735094057363,0.06744564995902884,0.1464241583095365,0.07481961005089864,0.05598272319129702,0.05143104647130505,0.5550098435474324,0.09974664965781684,-3.6011580035440938,6.772747854367115,1.350283461783451,26.107796731308085,IV,IV
5,target_iv,RSG,101,1.4820697925128896,0.1016120150542844,0.06227027298294586,0.03632578386689283,0.06363314956760195,0.03847061067289057,0.021425847625176717,0.021497189199644866,0.09332859854704953,0.037533752470491843,-2.9398711061459935,3.461576682507636,1.2129135418743513,19.71970968820651,IV,IV
5,target_iv,RTX,125,1.368639336400062,0.12019271853434732,0.32829066972989474,0.16010327516157932,0.3731133615739441,0.1739468644352544,0.0326717087891844,0.032503310657953526,0.2941083901425241,0.06710549320631079,-3.5072764135868075,3.7058342452910025,1.1958393678425752,22.628660059710114,IV,IV
5,target_iv,RVTY,97,0.5733107509173552,0.1559730027077334,0.06283170945203001,0.0797351991067929,0.052624105808113775,0.07266220605636768,0.04908190152743106,0.06627265628130749,0.17252947714134742,0.08145745998853314,-4.283242497249789,3.477139824276793,1.0989996932465576,38.59987314039945,IV,IV
5,target_iv,SBAC,101,1.553115194996258,0.11253829151802128,0.03303402468443084,0.03487022977879146,0.05308157182850341,0.039967032299902935,0.018613042656745776,0.025831322416967086,0.167059728044343,0.06222154910894087,-2.7746227370891554,6.530940884291818,1.329341562756632,26.361237521093383,IV,IV
5,target_iv,SBUX,125,0.9874339085231568,0.13011491154751387,0.06782724233314347,0.06329517826381084,0.07060470519761801,0.06545670506437741,0.03462270526945015,0.04521479736217125,0.5868458408490665,0.11795300351613285,-3.3481068274261965,6.6491314306443545,1.2518163592764655,33.05381558122556,IV,IV
5,target_iv,SCHW,125,1.5695395231542244,0.11277597158154487,0.13253649044640908,0.06752255263344645,0.10188959026129829,0.05898787795491743,0.02526566376805801,0.03060723197509465,0.5630589351785645,0.09246654927404059,-3.7112950038394015,7.273301607108087,1.3875747651951706,26.03949141166225,IV,IV
5,target_iv,SHW,101,1.0533901413527504,0.09576950442674899,0.04721760660992815,0.039217247021458686,0.04234237554814296,0.03565203853503617,0.020181087135800406,0.025154823740482602,0.05617784196606519,0.03388949736339282,-2.9527732291928688,3.4744561854602214,1.1821999126909841,22.543928470844865,IV,IV
5,target_iv,SJM,99,0.8804317094310914,0.11428761306314339,0.1546838352350271,0.08652620999390415,0.21962989991967996,0.11390419618716477,0.0290495401702647,0.03396485138503463,0.058163828248150015,0.041619333779685984,-2.73234223015379,1.4116555359832306,1.0595067129092983,25.134282227444118,IV,IV
5,target_iv,SLB,125,0.5247701153976202,0.10102699380737905,0.027708165987257588,0.04204030883063618,0.027865207266978206,0.04269548906854481,0.010528669224779148,0.025533510934240562,0.05931538204537103,0.05348365477669685,-3.05846178381927,5.359741698011867,1.1885355210935813,33.7880276089278,IV,IV
5,target_iv,SMCI,125,1.1745654573480735,0.30959488963145076,0.16402315305702939,0.25267378518182965,0.20024699629936632,0.2646124254273418,0.021425761941159128,0.07522880060272205,0.15167976160457758,0.16697790550187147,-2.984655938387902,12.876781946928082,1.2299106339207722,68.88455212847366,IV,IV
5,target_iv,SNA,101,1.016897329844417,0.11974497980804985,0.12537644050705216,0.08350925333954068,0.11410838133421355,0.06517646435606973,0.024385331856936827,0.0262745978523269,0.31724912816331213,0.05801795897716945,-4.544308946077194,4.067749212103317,1.2353436634137323,21.352043818124837,IV,IV
5,target_iv,SNPS,125,1.3327809257359169,0.6095265187774052,0.24446721662884383,0.35756068996039625,0.3621654254437775,0.3251522661306623,0.02593923935462766,0.04978312052669628,0.08294069397269883,0.09510103772411432,-3.5531392798649137,-6.868991657599953,0.8569927639901861,41.16348452513373,IV,IV
5,target_iv,SO,125,0.7204337001506836,0.06485243615917866,0.05077642245992651,0.02771368986884165,0.17804730356015186,0.04157559430876192,0.02931350167757525,0.022972097797768116,0.5217402640536063,0.06540910617827352,-4.228290264365599,4.803735800451234,1.3584639301188424,18.204626090469063,IV,IV
5,target_iv,SOLV,98,2.0624809833381486,0.146521874215005,0.07990276985162915,0.07250622474449193,0.06491915681836247,0.061437436810244835,0.023154899436783005,0.03407910301519473,0.3159824042435743,0.09193487233905125,-2.578161618671486,6.6645487584600165,1.283531702873888,30.1700287132866,IV,IV
5,target_iv,SPG,103,0.8569345709661205,0.08482489768585869,0.07841275310500341,0.05418758932616539,0.09355785818827732,0.06199090596511779,0.014386666332642791,0.019884595200441033,0.2507934708430316,0.06138736988541447,-4.766941082635409,6.004855173307647,1.3690531389441851,22.275832275647947,IV,IV
5,target_iv,SPGI,125,0.9991897787448586,0.10964602552665907,0.07973415736782952,0.05045401286173672,0.0734818514275919,0.04804588806982016,0.023592464447198595,0.023935685401204915,0.24371036375113014,0.059006263171122744,-4.339598912345532,3.7862613382952737,1.2136270192126748,21.509961983698613,IV,IV
5,target_iv,SRE,96,1.8296647765851066,0.1086840904260957,0.25761683098491134,0.12100695110002271,0.36577088228297544,0.0970977327970265,0.02463340255147242,0.02703097434115913,0.4564169279679418,0.08148150009372081,-3.857206713009145,6.726825521735834,1.3866895859356554,24.122756952005016,IV,IV
5,target_iv,STE,94,2.412317553482811,0.12098568526835042,0.2449293507232908,0.09760431426485656,0.1369104335299335,0.0743110428866203,0.04699344024106102,0.0390388414598354,0.6624041407637635,0.09307697787651312,-1.7884310549465352,3.9866025991015097,1.2064833465816776,23.293741238122692,IV,IV
5,target_iv,STLD,105,0.5437958714724933,0.11074744028895868,0.026898298766195154,0.044027986039348876,0.027713040074499554,0.04417602099811969,0.010070555136584291,0.024971315871654604,0.08812902067487327,0.06047202846539773,-4.256960699397511,6.912316795920007,1.2509824226798176,34.45335621260523,IV,IV
5,target_iv,STT,105,1.1911722576812385,0.1393748556178052,0.06963106752313666,0.06367022283745073,0.067222567542198,0.060529456005502885,0.019841464223941913,0.02587820195192218,0.23095358445582428,0.07506023571112967,-4.328203964340834,6.77953999588517,1.3353103943898692,26.998239175256618,IV,IV
5,target_iv,STX,125,0.38500414455731824,0.19636910870088742,0.08705007271298354,0.12288173217309509,0.06450727381011276,0.08801679269917603,0.01555557976918181,0.04600599000586773,0.3241189342355329,0.16256700784648004,-3.4679853521517803,1.349007479945895,1.0268574174191654,51.577495904274265,IV,IV
5,target_iv,STZ,125,1.2695528851558924,0.13624825945959115,0.11241737338036778,0.08061484142819036,0.14779837938612198,0.07825909713023105,0.02460448937724645,0.037453731191740086,0.2017328010808366,0.08496240177582438,-3.4937352259851457,7.462612416559165,1.2877290410908588,33.39886267571401,IV,IV
5,target_iv,SW,87,2.0794789127246793,0.21945905482999722,0.08838209871780256,0.10081295509394704,0.06346132037281807,0.10014919589380777,0.02261588499497794,0.03968074305285927,0.19760331697535213,0.09603006891350323,-3.376980876888867,5.041897824207486,1.150076163366967,38.63749162866129,IV,IV
5,target_iv,SWK,101,0.7886570814040046,0.1445351577380581,0.09165512436847525,0.10123984347478794,0.07445177281019381,0.08578252601780108,0.01932603944330184,0.04036475611251363,0.16097687695932872,0.0829476634602463,-2.480648543707007,5.547692845091008,1.166001013302028,38.96732526020982,IV,IV
5,target_iv,SWKS,105,1.9381611889554489,0.17927647394741936,0.14179427848423662,0.14658527038865038,0.21645509088580636,0.18075330217633953,0.03540760346037145,0.05747439673400665,0.8104464753571258,0.16523862984223053,-3.193448240573207,11.903636047971704,1.4062733665305263,41.20320877070714,IV,IV
5,target_iv,SYF,105,0.959170480330438,0.1341416740503961,0.057857643656346464,0.06105669372422852,0.0970499085213055,0.08598129956891284,0.022284680308324947,0.03544594536095667,0.5358402733200652,0.1227169792505827,-4.972851126468979,10.028232370816006,1.4410695726274048,32.76440143158092,IV,IV
5,target_iv,SYK,101,1.4116443637198868,0.08931506869805192,0.09789083688076801,0.053063979712355915,0.08414253627728517,0.050627709815733286,0.018051818890962138,0.022592864232556194,0.28661990928380865,0.06229850515796312,-3.0087132125352203,4.698516712772944,1.2699413287197001,22.104212739600175,IV,IV
5,target_iv,SYY,105,0.36563379562072684,0.059164410912654834,0.04668166078071255,0.03286796020423723,0.04856321953364618,0.03365354989590997,0.03341473168217182,0.02668744249531539,0.10122291675321797,0.038854606385221375,-3.4520194840183733,2.8110939896058755,1.1650667081663122,19.841142149126746,IV,IV
5,target_iv,T,125,0.7553557725358818,0.08681276210913344,0.04105444592659624,0.03612377681120493,0.11553014639901513,0.0499969988525226,0.036652295082962354,0.033479677190170275,0.25736499135889096,0.06666906854485646,-5.379502205025967,6.464402302957599,1.3764203279291174,23.637763631559643,IV,IV
5,target_iv,TAP,99,1.0817078897353711,0.11432062923880101,0.052912819048068396,0.043798682747609646,0.44367963047317177,0.09493325527338624,0.029335006230199044,0.03762776119189372,0.36766425376825196,0.08848684260593088,-3.968745285881476,5.343296920536993,1.229004670852706,28.67599533511978,IV,IV
5,target_iv,TDG,103,1.2920017634600665,0.13765592353545159,0.1290468794878662,0.10775871845793575,0.19498179368072327,0.15502035564307848,0.01717127318212165,0.026150819782227323,0.3068087568883615,0.07395878648948076,-3.9499666565611697,4.3213418797018655,1.205428981324614,25.357039237677785,IV,IV
5,target_iv,TDY,99,0.4450097901778897,0.07644559789233794,0.031008541254053883,0.030583959107768375,0.026906243594170553,0.02778338845101577,0.012487405230141977,0.017504115931541518,0.1748634363193121,0.05150361725839748,-4.569011828737239,4.028183362579933,1.2254214954437168,21.897745245535706,IV,IV
5,target_iv,TECH,89,0.6474658589988924,0.16943032231138416,0.0769074790832928,0.08523185528412368,0.04931802820945039,0.07113776602528897,0.032445271823621724,0.06359646317608135,0.1943783995249996,0.11423228197259447,-4.554706627325826,8.995759435087617,1.2282333415488031,48.41050652699767,IV,IV
5,target_iv,TEL,103,1.1427467112957852,0.18880451598161918,0.12494641857611653,0.09611536782815343,0.11567828529759071,0.09001200926487322,0.02414910438190604,0.0318352824242414,0.2869532547877292,0.08416623472600016,-4.4475054212597085,3.6235232557218633,1.1523342556997407,27.410183971510104,IV,IV
5,target_iv,TER,101,0.939856051514864,0.3293065220983978,0.16266827597274097,0.2358639232053408,0.14845036585475485,0.20383289057667725,0.03291821367228373,0.06616429101344366,0.23001064062411056,0.11457472555279949,-4.379669734500459,-2.353003949393615,0.9532557551795519,47.984828192977574,IV,IV
5,target_iv,TFC,118,1.943613900111972,0.11928180450274767,0.07518721607768496,0.05640229333613763,0.08976095710735318,0.061293239415289656,0.03266371852537203,0.03356129365063552,0.23322432943808913,0.067756816062588,-2.377387185751702,6.578951434964295,1.3541141987733367,25.15756663241756,IV,IV
5,target_iv,TGT,125,1.4754300734236705,0.17618048912261405,0.14967696433726319,0.09994440197657199,0.14044533227878067,0.09729704912884568,0.047227350625107814,0.06461206679145891,0.42488356042315606,0.1380707280074722,-3.5459342546694317,11.590820958282102,1.4305683287355329,38.51063875426661,IV,IV
5,target_iv,TJX,125,1.1191541096200024,0.07985842265678658,0.14378952521336577,0.04841895370379222,0.15133522293434343,0.04904226352706327,0.032525798802809466,0.027118258269486262,0.46768067928004575,0.07154347953921719,-3.578170968419554,5.537735184822291,1.3834801303323585,19.97847082351833,IV,IV
5,target_iv,TMO,125,0.790687385677171,0.15563557363086913,0.09361668443699026,0.08353431614216841,0.08887376129920664,0.0796940067413159,0.028127389111105267,0.03905772801339575,0.12811839854316145,0.06709438057948376,-4.82711912951643,4.237747454492833,1.1671663793690847,29.588224449250035,IV,IV
5,target_iv,TMUS,125,1.3826699049527158,0.10404106850583558,0.08917507716535947,0.06337787915837816,0.09185595077823779,0.06375036031401642,0.02083462444747531,0.026332090609711117,0.1773450058210511,0.06311487208436109,-2.638887833189626,5.670075818832772,1.2844177647996189,25.605806003715987,IV,IV
5,target_iv,TPL,105,1.1560019851362635,0.17037284715897041,0.03783778475599473,0.0651377198010124,0.04470861399109217,0.07056691873296916,0.006581853948931674,0.02486958254263783,0.1564041828107741,0.09616237080189606,-2.435780188118854,2.597677781192489,1.065274599246285,42.393828369437344,IV,IV
5,target_iv,TPR,125,1.8348375491074638,0.26282353882517945,0.18854756954449203,0.2191806759294329,0.12450982334317418,0.1257651589703825,0.028970281484324803,0.05164321571411993,0.1843226757037332,0.10155638641589704,-2.3584492588105417,5.173577522563374,1.1472261825701877,40.31391351610835,IV,IV
5,target_iv,TRGP,105,0.9268903642258873,0.11824380139561101,0.07038581071487171,0.0648317354045447,0.054894297223358854,0.0570436403965021,0.013992932037646856,0.028588025481222086,0.23925036712325903,0.08531499402535911,-2.997634572360273,5.217157107773683,1.199533672956615,31.363907330269004,IV,IV
5,target_iv,TRMB,97,0.9521445708866119,0.11988777900683495,0.12663155365992093,0.07026049241895567,0.1855453474722322,0.07964601966441254,0.038000323252244145,0.04300332831498832,0.567484248986152,0.10721113945653023,-2.897337073027516,5.9733148465365105,1.2537809074112387,29.51060497394972,IV,IV
5,target_iv,TROW,105,0.8924257822444682,0.10412852030934429,0.046358458128832464,0.04423959990562231,0.0549608956631939,0.04724253711905641,0.02079331493804511,0.02546980453930876,0.12294486518591058,0.04834542856521186,-3.9624967215163696,4.121462221557608,1.1998438218049186,24.74487796858456,IV,IV
5,target_iv,TRV,99,0.8347361276024042,0.08350233724627351,0.05468927877068499,0.038421816823208936,0.058786027368905876,0.04015801813750267,0.019672688390439397,0.022400083362567814,0.0687792855124466,0.03944125867829789,-3.5119552347095553,4.6492915084247635,1.280439770927269,21.22786555679162,IV,IV
5,target_iv,TSCO,121,0.6671957796995412,0.10036985767330547,0.07468989748120193,0.05571677169136383,0.18915487476922108,0.0753545432153515,0.05899877215681397,0.04844196899120737,0.24129908641606232,0.08231188901010643,-3.0459221992048207,7.397000342177945,1.3423547024023696,29.003247577199858,IV,IV
5,target_iv,TSLA,125,0.41487009198051233,0.1463844738553889,0.13186737967016593,0.16471987363855775,0.09640681512086102,0.14405224834392596,0.01456523271826725,0.044852851396275296,0.07514332350105772,0.09087439001285197,-4.157371292095493,7.955612203349208,1.1788142827817039,52.446533619629,IV,IV
5,target_iv,TSN,101,1.448065549652863,0.11941599526457977,0.09264334399053262,0.05086438679450424,0.07966640232458315,0.047816911364591555,0.040348088640581835,0.04030403209768108,0.31106445949933187,0.07580104981102365,-2.9500920908821464,3.7053771353036042,1.1761138954157766,24.745040851535656,IV,IV
5,target_iv,TT,105,0.9888911618710348,0.1313716363583877,0.1383708359185236,0.11416647498519243,0.05606605855275983,0.050959313652664026,0.01924877155163423,0.028802990154728488,0.34990993501068623,0.07271197555117202,-3.5185743308196025,4.289054026138468,1.1938209697126838,26.41800133507246,IV,IV
5,target_iv,TTWO,125,2.3800214253096073,0.18149653085160689,0.2268711647616449,0.11675178315161439,0.36494809840095865,0.10483237646128765,0.05159807877712316,0.055963171267239875,1.0440420815982805,0.14330244963832153,-4.255751722313912,9.835702931497083,1.4606300152782137,31.188421176651975,IV,IV
5,target_iv,TXN,125,1.317244362865566,0.20763053046736113,0.22749350453029402,0.18981446669154936,0.22660639311054429,0.1759045995233038,0.031464626958989265,0.044277571831724906,0.2579830106893273,0.09140100240672834,-6.174379049041081,4.413500631831805,1.1584957719736502,32.25967328914125,IV,IV
5,target_iv,TXT,99,1.0058000704076175,0.12119778915107575,0.08752690150557058,0.06970783816853311,0.07404555920300503,0.0593319790860556,0.02669485012912822,0.028036223506056522,0.2781249459370017,0.06816751931751647,-3.4297271643371205,5.254923382761614,1.2684222720270086,24.83199999074469,IV,IV
5,target_iv,TYL,99,1.3194865379734892,0.13054991523178208,0.05169227870352366,0.045173129996848554,0.041849314412440074,0.041373758696391,0.022925283537401833,0.03135926808477905,0.3077624527389952,0.08687768386731064,-4.778666928416414,4.76779377725426,1.199368026912162,28.682329378064836,IV,IV
5,target_iv,UAL,125,1.4521380608243277,0.23192766335044734,0.08795574162858148,0.13443938490610985,0.1355254008752155,0.17765527353603455,0.02075490552760836,0.05107678597742135,0.20443435520165826,0.11864770519074437,-3.3457645830934633,8.971384354705085,1.2294779145623298,48.06614592169812,IV,IV
5,target_iv,UBER,125,0.9631131507822172,0.16348592573506696,0.07042507270985726,0.07284590325734672,0.0629266454041834,0.06860294433592205,0.02429377472242224,0.04436423867707005,0.2806505560582164,0.11162081900727351,-4.141687125554689,9.087490097272745,1.3160608599382961,37.839832601962755,IV,IV
5,target_iv,UHS,99,1.1701126750424389,0.12258120068537329,0.04800102297758355,0.05258110437144202,0.028545616312763315,0.042101967595029786,0.018759534027501957,0.03619507270463721,0.21988780187651638,0.07433367984709098,-3.249304440973538,6.981168207161676,1.2767173469569113,32.20968490094428,IV,IV
5,target_iv,ULTA,125,1.1059230769921473,0.21169335340640685,0.2622366714024213,0.17531654744413697,0.28208699655245273,0.17695051205461693,0.06218205969233194,0.06009904905949219,0.7440409081846212,0.13535043577123254,-4.338807595971914,5.692214311479067,1.2151256096016516,32.15217099455062,IV,IV
5,target_iv,UNH,125,1.0444985182535886,0.20491003147714015,0.24757547665468857,0.17760149780806336,0.34155399491192123,0.23545070862936543,0.026833703400223837,0.04592629803302688,0.11492599078568308,0.07948716378619936,-4.482561786174646,5.711187803871724,1.1754522573453594,38.26242362313988,IV,IV
5,target_iv,UNP,125,1.0697927400291567,0.08862728300862345,0.0945314102911231,0.06208956738714997,0.0367529250137887,0.03247884735630726,0.014979252909628024,0.020181873278637533,0.20080014774775473,0.055312804401755886,-3.5490262670927395,5.624472504296632,1.342788194589745,22.03248361164559,IV,IV
5,target_iv,UPS,125,2.0301127780554404,0.20340543054853275,0.16637022663393847,0.12066021856336749,0.2577107026618199,0.17017315483679998,0.06499032806714426,0.05819354349652325,0.3613668798258828,0.10540844305821685,-3.4125719568891726,6.719072194374289,1.2741788920786161,31.225233640411897,IV,IV
5,target_iv,URI,125,1.2539779091572638,0.15616819158224324,0.0893663787815416,0.0838742949275414,0.08988428754487247,0.0761289460214263,0.021731585081431724,0.035716438576630066,0.10963077624049276,0.06615082686978781,-3.173901579283662,5.220815173828364,1.1923869820573556,32.357865290202135,IV,IV
5,target_iv,USB,125,1.6216219768887492,0.10628645799466159,0.05418945375890089,0.04456443543196744,0.07852994476264478,0.05700325097427191,0.02720659626481253,0.029969469165101664,0.18600580903914687,0.06042774836854053,-4.187156801566258,5.892144745611679,1.3159038864772463,24.543845461664954,IV,IV
5,target_iv,V,125,1.1469821968578797,0.09738502206517742,0.13472505081542438,0.06100902163129149,0.07433884721788772,0.049215906990389885,0.020992611136466586,0.023433784592989837,0.2531443952780043,0.061474316310397216,-4.569816272308497,5.594678810396327,1.3424802729649326,21.93044834819152,IV,IV
5,target_iv,VICI,94,1.0882851097624506,0.06315589151435945,0.04101019222821897,0.025772038450149252,0.034381159936708254,0.023983098345931004,0.018607428920433277,0.018043185330204693,0.12478091175415905,0.039556439087670196,-2.399560411962438,3.82964733897969,1.256960902362944,18.73326615321668,IV,IV
5,target_iv,VLO,125,0.5114960020215326,0.10984479258670088,0.08082967518980291,0.07684107353989097,0.10090549189727753,0.08752282796710088,0.0069863750776187035,0.01910649248626255,0.049924950897652684,0.044201021999879214,-4.171699129227124,3.7873957936661333,1.1351994345489098,31.80079545249379,IV,IV
5,target_iv,VLTO,72,1.2501481554951444,0.11201253349320123,0.08898786697330358,0.054186237267741875,0.07486843200664264,0.04540838322960742,0.03799648788854211,0.029813194266519478,0.33241198866008204,0.06677580798685837,-4.4927950596107085,4.1120316268657895,1.2394008802735494,21.288374596729582,IV,IV
5,target_iv,VMC,101,1.0806902774065488,0.08281534036476065,0.020011291422826327,0.02489876947099325,0.03470501240573343,0.029544305100389214,0.014442133669130998,0.02200318321007511,0.14562774574632714,0.05489915513185729,-2.4762056293987014,6.51603770367567,1.3689452809565568,24.17729545653723,IV,IV
5,target_iv,VRSK,99,1.3343451660150079,0.17673822155569566,0.057573188596881805,0.04843224939976424,0.046174492961618095,0.03825023177759817,0.02488904214883777,0.02778864186655946,0.07079718996084826,0.0402558812869513,-4.173961670145229,1.9846725296318666,1.0904430460210321,23.92856558659885,IV,IV
5,target_iv,VRSN,105,1.2093665068517,0.16418690455791257,0.06925486730460353,0.06273929346077564,0.051890889587363515,0.04503510181253885,0.01927987170326633,0.025435829834039213,0.16332318853167382,0.057860329026117804,-3.315979655279524,4.260389708074446,1.2035523112979118,25.190585395408565,IV,IV
5,target_iv,VRTX,125,1.1323936204579186,0.3132409787942704,0.21501937339143606,0.25599630707957866,0.4199813740826604,0.21755478641244713,0.02945524208619116,0.03849251082982703,0.34149266971883385,0.10490747989344758,-4.662437121855014,1.8175315524636901,1.0658395777091114,29.422987354349182,IV,IV
5,target_iv,VST,125,0.6238368304919614,0.1778780477436525,0.07921925912377255,0.12989770508063817,0.3734518605399107,0.17187744567193114,0.011433808321112243,0.04247660473789841,0.36934186613757347,0.16731306294913176,-3.8314901957288963,11.666111138758046,1.2698061234164204,54.904978333601164,IV,IV
5,target_iv,VTR,96,1.6437590790058862,0.1079607611312119,0.05776831992118558,0.03841410662666733,0.2131064123904518,0.05385664542432215,0.03356630826357695,0.029447880765986104,0.8439390348751452,0.08155201575111008,-2.9667655508559725,5.890855208509043,1.3870132159523059,21.112183487993473,IV,IV
5,target_iv,VTRS,73,2.877037571966769,0.18936463545897894,0.19284163374673488,0.18703113872826202,0.18451851513919906,0.1836411616266568,0.07426447311891707,0.07681342449168739,0.4702288632971355,0.12968729269444973,-3.3183466445681886,9.529921825472433,1.354916885717738,36.381058553442855,IV,IV
5,target_iv,VZ,125,0.5981798987171199,0.08144746528981146,0.08901002765651346,0.050145385766393324,0.07756177666628744,0.04343144328796145,0.0355891416995358,0.02600114264015233,0.138720992021192,0.044355344819554665,-4.250697973093509,2.1493079958981935,1.123085188114934,19.611262832342195,IV,IV
5,target_iv,WAB,99,0.823142380816728,0.106373478425935,0.0807032980168748,0.06118747636637288,0.08783060229103058,0.062283710869783064,0.020489532735071977,0.024905721786773145,0.1773057374629235,0.05611237133182709,-2.8360176827660313,3.5811706622114046,1.1730053915214473,24.280934008993846,IV,IV
5,target_iv,WAT,101,0.9684297638471634,0.1869211268913074,0.09303879623667473,0.08207611385334922,0.09495340876182161,0.0829669025389296,0.02092617295446297,0.0374079010096907,0.20994809119061789,0.08040318921624078,-3.1534364408204434,2.413641210635876,1.0799231130657705,32.61318071868328,IV,IV
5,target_iv,WBD,124,1.0318119313395369,0.37719848044917115,0.26572722274029786,0.32055185509454964,0.17985748878803395,0.2039616910855031,0.12426487735292381,0.12224331662174075,0.22884443990552786,0.14483958340546615,-3.952520783632291,3.47959035299893,1.0743830868035433,50.25891213873016,IV,IV
5,target_iv,WDAY,125,0.8938840679738028,0.1570198451509006,0.09727555959805165,0.07924550510573626,0.10281970689548157,0.08366905611057111,0.04684410769132874,0.05947147342551245,0.32480232533962644,0.11431435878591237,-4.899844000222476,6.096031288230108,1.209563048849454,35.18527827952287,IV,IV
5,target_iv,WDC,125,0.5571935638484917,0.19145774545062372,0.10829930859710708,0.14916788225011215,0.08866765262747332,0.10990495050881481,0.020896536256787168,0.05427014779026953,0.6333647332835566,0.21527594620246138,-4.373872098970385,3.8371382372082907,1.076673899980532,53.88204580265842,IV,IV
5,target_iv,WEC,92,0.43205092569825043,0.05225431024827942,0.029958515473519864,0.021144531357482278,0.1860370719597512,0.043568241824492655,0.024535477454669524,0.01999972345329768,0.10321237118393704,0.03536502051906024,-3.4479160396224486,4.585835644098606,1.3377428940106295,18.16372499550057,IV,IV
5,target_iv,WELL,103,1.2394780816663702,0.09274126240706858,0.02495718269001322,0.025886728189267492,0.03581645229506462,0.02790022447619885,0.015366373923380605,0.020371043938267344,0.28369797292126314,0.06480093177229175,-2.604832200306302,5.003180120281744,1.2806007790865037,22.83342327416607,IV,IV
5,target_iv,WFC,125,1.2259879397129216,0.12517908830428995,0.06103234284526076,0.0555104196724055,0.06352344176918182,0.05462680276508298,0.01844320429911675,0.026140418660286005,0.101088214653199,0.05179769941968668,-3.1247647283442546,4.637912370245966,1.2095996014276293,26.76539896209117,IV,IV
5,target_iv,WM,101,0.7392153659909902,0.08399019918395485,0.06254277526639652,0.03580697228056569,0.0360391183361947,0.02649830799228199,0.018883031662907928,0.01983140131430305,0.08372095183178116,0.034562903035536566,-3.389085318561844,2.729728860209558,1.1631330936200657,19.46286865198632,IV,IV
5,target_iv,WMB,125,0.899521591685025,0.10660225054049444,0.04543521676671056,0.0433613031494155,0.15137396757183774,0.05823869750000615,0.038453717823611566,0.037154492852240546,0.12345190497931585,0.059973989481537496,-4.096857389123454,5.507567852857598,1.2690887617499471,25.975044149677256,IV,IV
5,target_iv,WMT,125,2.7813420263736295,0.1307180349742304,0.18313589209134573,0.07527798541362063,0.11261865586744699,0.05904219577934862,0.028317724667640286,0.03055470339067516,0.41000692756184665,0.07933312664840207,-2.8706532280601516,5.162229751315602,1.2813656477772701,23.509280260488048,IV,IV
5,target_iv,WRB,95,0.9176821872034047,0.10982064353425627,0.0600654504253433,0.04694482000721648,0.04871947747938749,0.03674411527608119,0.04313293984439471,0.03443254769326186,0.21913330782798437,0.06044832026603277,-3.6441580585552726,4.444721669567967,1.2455888774233488,22.54294222499692,IV,IV
5,target_iv,WST,99,1.582737232987737,0.3449966182450445,0.6906011519776937,0.35533267675915364,0.5624933338673117,0.32891795620649183,0.07166914669174208,0.08427397708670391,0.9856835680692801,0.17214976784398656,-2.691972909195107,1.0958552790614249,1.0330490401082413,34.25431541806406,IV,IV
5,target_iv,WTW,97,1.2689865932605735,0.10171463736568828,0.041917705698523725,0.03203792576269221,0.04196441031349281,0.032097209178846405,0.019285056985204687,0.02482765643143636,0.3829367779405416,0.0715487568254722,-4.151117584447084,6.79545077601517,1.421040587205695,22.935108050185086,IV,IV
5,target_iv,WY,95,0.5619806408553454,0.09360369992414405,0.02376233113043031,0.03133035096045667,0.025346227780270392,0.03225876639418223,0.028316731044207087,0.03674608067003015,0.03723432405361501,0.03669243977229797,-2.63996806573963,4.435378962294373,1.1827673874099764,28.703269558908907,ARCH,ARCH
5,target_iv,WYNN,125,0.7384030820072446,0.13270831504365588,0.051592631334345614,0.06471389748300459,0.05924953358198502,0.06944745735049883,0.0295395549927382,0.04803932706324682,0.20920710840777165,0.1057349155412935,-3.1176317621647662,6.945906019964815,1.2178925839426757,38.82356745424369,IV,IV
5,target_iv,XEL,91,1.1674095374220177,0.10454526920525074,0.051026272080734465,0.047968626357876715,0.023843602225985694,0.021290776351294692,0.022686912932894352,0.021520671295416027,0.16190026566957544,0.04582084576037447,-3.4056951328565366,4.237407286289741,1.2694667493230836,19.962565573664186,IV,GARCH
5,target_iv,XOM,125,0.32358549612827764,0.0601067513146987,0.03458466664212783,0.03094124109979334,0.036968298647588264,0.03231228223382092,0.01079659021100397,0.01641010393240115,0.05099532708616559,0.03180625375047837,-5.716354216458848,3.962482053729091,1.222206916450102,21.794879519263855,IV,IV
5,target_iv,XYL,98,1.7326147711616329,0.137439084959963,0.1488159151170795,0.09738664872156289,0.08993558374978051,0.06604368293447811,0.03416806705724802,0.03173077068397924,0.339737980266266,0.06747523087616716,-3.129632337069335,5.0329074130235645,1.2887444985419048,22.463221889796706,IV,IV
5,target_iv,YUM,101,1.1067697148049418,0.0951320945676803,0.08005645707700908,0.048899931297307485,0.08093804870340145,0.04924374476373221,0.024964286345413995,0.026589693285212282,0.10094468214569727,0.041787720276155495,-1.4363670124575787,0.29986168674589325,1.0142530123210294,21.338339728574628,IV,IV
5,target_iv,ZBH,101,1.1162892652919791,0.23514787621350575,0.09881837977738973,0.07031816922145537,0.10056161802898023,0.07177427496062176,0.036290996686183435,0.041269865200592955,0.44651898727599393,0.09500122086878104,-4.431380222227165,1.7048515195035585,1.0642040671873172,28.258488916486673,IV,IV
5,target_iv,ZBRA,101,0.795718910287366,0.1933179056917576,0.09005271197328432,0.0954147647933977,0.10381745833435158,0.1041133349854994,0.022793789663816337,0.04402363268428616,0.47307816543088416,0.12792338463180222,-5.895626701855632,5.0849376260355985,1.1513764906282198,38.676267461552705,IV,IV
5,target_iv,ZTS,101,1.8117495567103008,0.21788549464790083,0.04671779508541823,0.04557244335693591,0.0439921388357381,0.04472974362581036,0.020509450783715404,0.03069257583371478,1.045411053549137,0.11618132093224902,-4.367156199950283,4.565791717757016,1.1877977332105962,28.87807515004394,IV,IV
21,target_rv,A,89,0.27415363535207665,0.09884832252599775,0.13081390547030355,0.07971407748276342,0.13474229130027357,0.08111214015801166,0.14333154440584764,0.0817891421759537,0.15058119111772814,0.07130321473768644,-2.427931535685849,3.4531021953672267,1.1226431308513922,31.608794009459828,ARCH,MEAN
21,target_rv,AAPL,109,0.30778594389886343,0.07207577678654102,0.3585457986682426,0.12324627117690176,0.3758930139795638,0.12817110262029424,0.17256565252269584,0.07014434853432187,0.2556749165900856,0.07168479141073801,-0.7422805812595662,3.819303219315577,1.1752142672549133,25.617204036142333,IV,IV
21,target_rv,ABBV,109,0.3537994585416345,0.08113145882384946,0.22226115563881838,0.09751336515846676,0.15997185158485625,0.07332079873083376,0.149441076226102,0.06407877681581942,0.15794166936557041,0.059415931145446514,-1.5549916667465378,1.265976223492243,1.0547353641735462,24.395012498436788,IV,MEAN
21,target_rv,ABNB,109,0.3831920338976956,0.11887245774007629,0.46784585626969133,0.18517171728358495,0.4697048617440406,0.18471669454410625,0.2707900567012328,0.13312325558831084,0.23470986588851178,0.08985304962765586,-0.5640215002689613,11.119592717975866,1.4296376324735485,37.00092125513668,MEAN,MEAN
21,target_rv,ABT,109,0.328686239743884,0.10205860345881193,0.2310151864579322,0.0796541816612703,0.2680179660335422,0.08214468740186928,0.1329753333517411,0.06071956940090317,0.3237378182332555,0.09068514270666776,-1.3262408571488724,1.8549505080511883,1.0941278009747128,21.561673589253473,IV,IV
21,target_rv,ACGL,87,0.09046949021437894,0.04499236716164936,0.2030085277423217,0.07622514405581743,0.2116625273001199,0.07857587941771857,0.2067422654851663,0.08254147397595273,0.1082196884064757,0.048742576706340246,2.042583786297645,6.181186725532194,1.3139431912651682,25.870056869912368,RV,RV
21,target_rv,ACN,109,0.12612961993180735,0.06658465061623929,0.059237682882387635,0.05034509119329019,0.051791630980235114,0.04624646655106518,0.18051415351133837,0.10278600676745926,0.05095351924924608,0.04574800802921991,1.8206207729998554,5.398917924178867,1.1967315736008608,32.84198578237872,MEAN,MEAN
21,target_rv,ADBE,109,0.11486939871496427,0.06272138111134075,0.18659915045850453,0.10661223562980847,0.117640933874424,0.0773063057028431,0.23476498931092488,0.14514380128355348,0.05334718970017763,0.0454636675858024,1.0737202967386397,10.382274119038899,1.390346847228366,36.9798352182449,MEAN,MEAN
21,target_rv,ADI,109,0.5506273443265842,0.10499998467599886,0.48390368866662276,0.20617105418308648,0.39321222855808946,0.16763244343736125,0.12110735048857289,0.06879135900526188,0.22569524685962367,0.07975838249422845,-1.8329386688628158,5.085395559846216,1.1867936810549446,32.31006146463323,IV,IV
21,target_rv,ADM,108,0.18997891159142194,0.08018034113186104,0.11099602339670038,0.06744647179208849,0.11595440391496836,0.06951303604498703,0.0583477399393787,0.04938483906274268,0.08480215122132684,0.05365558413874798,-2.589556887145168,3.5477742977650752,1.137637442893529,29.324003666611258,IV,IV
21,target_rv,ADP,109,0.5094289527047597,0.08312036646274823,0.20231740682071778,0.06327068740260729,0.20076210116691434,0.06267561829669013,0.1349954299594664,0.05290705191301565,0.19140177430326577,0.05643839640119846,-1.3637066424131878,3.4327879096887837,1.1949886190994783,21.03785596721199,IV,IV
21,target_rv,ADSK,109,0.43925891964245106,0.11412157788744781,0.32391278673810125,0.137487956661831,0.3163241636920068,0.13331968919553738,0.23700099981444145,0.1035075079359435,0.36257503863164486,0.09509814033465437,-1.1089489318362755,5.297000164438445,1.2158804401388823,29.833730592775215,IV,MEAN
21,target_rv,AEE,86,0.12307726346851197,0.032139376764919445,0.1618168842516134,0.050538514264762,0.1672030266945885,0.042717106263078855,0.11662028897848356,0.04279315527114295,0.07718533942000838,0.026207913245447884,-0.12768704645719514,3.6965273853305316,1.257711829677638,18.040173891408166,MEAN,MEAN
21,target_rv,AEP,87,0.2611063658244607,0.062837312791046,0.12209883422237676,0.04794390736897081,0.11823148326662088,0.04697527953515809,0.05605269837899262,0.030417280320646993,0.19779848552940382,0.047985459274720664,-5.7374632762268645,1.313692478672684,1.0747946208177288,18.87768925157024,IV,IV
21,target_rv,AES,109,1.1627251779602303,0.3200557553457685,0.6577113210617113,0.2929402376386699,0.6547091404560248,0.29129678870815456,0.5251734991915729,0.2491548165393439,0.6232657190280609,0.26937810622360886,-1.3041568158025914,14.154581445678543,1.3867634217071205,50.7520998542244,IV,IV
21,target_rv,AFL,109,0.07864422153963198,0.034267512982024066,0.18881945112346796,0.06541466773238659,0.2010362716173523,0.06846671612693093,0.09654056112757986,0.04783742812466477,0.0585613029810157,0.029072155200615433,0.7687606253515903,3.643876273569401,1.2186497672887784,20.309232558887558,MEAN,MEAN
21,target_rv,AIG,109,0.1341226888671709,0.055414521023719555,0.11287947983637013,0.05702660998282481,0.12107884769288664,0.0598671929698752,0.10968958107973129,0.058459484019920314,0.1345155546475391,0.05324623197696395,-0.4339600433338072,2.114041289179361,1.0949610139581467,24.376243439959953,IV,MEAN
21,target_rv,AIZ,74,0.6569928156618612,0.15084910779063207,0.36664399752687254,0.11606636797864016,0.3700098971766499,0.11847250577736305,0.21022010530697152,0.08639780994157896,0.5658169495308278,0.12053245694643983,-1.7395260324743633,0.18726772924109175,1.0080309561963,23.50550339928089,IV,IV
21,target_rv,AJG,89,0.5369604561561501,0.11952809048763628,0.1887686816125806,0.07579741917167568,0.19394920591037434,0.0785201992525348,0.16072696593051564,0.07157581491545824,0.2558402699451651,0.08012601462775645,-3.3957665750651502,1.6170168034041938,1.0666334295041584,25.88436752265962,IV,IV
21,target_rv,AKAM,99,0.8665821809599366,0.1992195157291668,1.4157587204166948,0.6448601452602375,1.4246327379670094,0.6630425477548835,0.17975572321953767,0.11637091025519125,0.6588317333026573,0.14617819490572748,-2.3126780525791024,8.465829898248273,1.2732250434859975,39.45065394744692,IV,IV
21,target_rv,ALB,109,0.1268527495867532,0.15683024395322098,0.0818843356927109,0.12690310703092178,0.08230344685569313,0.12155323226688128,0.0746875741110575,0.11248063492612972,0.09795337635084823,0.12728713023889596,-2.023880358834734,-5.788981508918354,0.910294864049028,58.744464068627124,IV,IV
21,target_rv,ALGN,109,5.688578003098404,0.8036913139032466,2.9676698643940993,0.7829799235757665,3.2689338515271187,0.706706696315758,1.2158137016376336,0.4948113760676242,5.739471522465464,0.6828047100972964,-1.4426364280465722,-10.10750940279711,0.8267887321366062,48.246138875838966,IV,IV
21,target_rv,ALL,88,0.06449569485067246,0.04466101031548445,0.12171259625908713,0.0653174581548515,0.09929902072359974,0.05790166969324268,0.053373299250496074,0.04027593772786242,0.0591208444846812,0.04145337145202459,-0.40613325220467517,1.4367523402131055,1.063691905858182,23.99460048205103,IV,IV
21,target_rv,ALLE,85,0.19788721806840182,0.07356724447919512,0.5710846254250223,0.18785566948342494,0.20440898789722414,0.08360131185844871,0.09132779456666688,0.050456975045871044,0.16116656499460613,0.06110250619555233,-1.1533715430974034,2.4918066280597913,1.121051673198597,23.076459134033424,IV,IV
21,target_rv,AMAT,109,0.5694470913107508,0.17690453476975676,0.12966422547917494,0.11453151539611327,0.1271501465895395,0.11328601218396363,0.21325199263998507,0.12366114493734548,0.38217641165870986,0.14298530579503138,-1.4202397330979264,-4.842905292465131,0.8897762083753457,39.09411793167424,GARCH,GARCH
21,target_rv,AMD,109,0.8748498673722296,0.3025372258702581,0.37113584336074995,0.2397698613019308,0.3268205748368864,0.22404006582902503,0.41331230899119853,0.22792476199681108,0.44679222695853577,0.23841904049731982,-1.5256014534809927,-6.300546822231147,0.8915791539397943,51.81140351924179,GARCH,GARCH
21,target_rv,AME,87,0.5373159919568852,0.10297591433691826,0.2113444836007981,0.0734263055563359,0.2389088203327953,0.07874300408811465,0.08533931484708511,0.04509816577038898,0.3249339028272139,0.07107526295654294,-2.8686229477134995,1.6358830003822524,1.0821304909578355,21.553978963330874,IV,IV
21,target_rv,AMGN,109,0.3379378702327634,0.09011622033197218,0.10616639414542077,0.06146548910839043,0.10685629541727076,0.06190001783587203,0.08370189543859613,0.04915306926313906,0.11073358302410538,0.06142259170876765,-3.0105041671589157,-0.8391454371507019,0.9680694316675724,25.441170917209316,IV,IV
21,target_rv,AMP,88,0.18223774098043571,0.05984523712539399,0.16159401692589584,0.07792289272118263,0.1758480304994485,0.08283985838515606,0.040083040954275534,0.03234474884191975,0.10140212492232412,0.04473236493738629,-2.64041277590137,1.5106212708706828,1.067805529488535,23.789354027114566,IV,IV
21,target_rv,AMT,89,0.15155226106800476,0.05290683582866345,0.18099829902793002,0.08187940877308868,0.0593900651477243,0.0395785744283681,0.08657774394523689,0.04939419091926394,0.11511710194664199,0.043122364213346816,-0.8573251944278095,3.746620243492249,1.1820038109471878,24.332014714047638,GARCH,GARCH
21,target_rv,AMZN,109,0.5908335839829149,0.15422950593712986,0.19920734753180935,0.10511427713625995,0.2485326460536199,0.11714644889491106,0.07712158773721627,0.05977394168522442,0.3162937732274983,0.10698097521594101,-3.621566495937843,1.2581574916576874,1.0407063612313356,32.166287169659135,IV,IV
21,target_rv,ANET,109,0.32744656520716114,0.17015727611512382,0.26147162930658396,0.22872578203756025,0.17518223150390463,0.1413544353073859,0.10611685826504663,0.11969564077646669,0.09800284461630586,0.1058729932914007,-1.5530708562927644,3.1399900136821404,1.0652671575759551,51.249791793052715,MEAN,MEAN
21,target_rv,AON,89,0.2245523464528561,0.06713880385675643,0.1744198765350784,0.06945107130078455,0.15587505261951903,0.06262094728862443,0.09948886301354015,0.04976070092569387,0.09465323281065187,0.04320943834208292,-2.0177870155029276,3.782727694039295,1.1993337590615556,22.759581950177388,MEAN,MEAN
21,target_rv,AOS,85,0.13886555670113784,0.05948961555406701,0.10058091144833724,0.0559824940346176,0.11165178374940571,0.06082496717440141,0.06747548745369393,0.046799913337355274,0.09108526606195702,0.04551734453231227,-1.6123814841560071,2.8907346587588183,1.1324552478409016,24.714971190564743,IV,MEAN
21,target_rv,APA,109,0.05704331444382656,0.07573033195673522,0.09717584944753269,0.11446407004580587,0.10977342970924026,0.12369180583873693,0.051286940963531216,0.07602131905680402,0.036968243986080895,0.06201574104416873,-0.7692908639576654,2.1280988091386144,1.0484745465406025,46.029464804509104,MEAN,MEAN
21,target_rv,APD,88,0.28759578572733274,0.07735760797148383,0.21457758976984964,0.0869238305923685,0.22606036127557233,0.08999850421773661,0.2443415015213952,0.09103119885192129,0.5598613154631409,0.11345533970714898,-0.2959127575442035,0.3758307183482516,1.0144547405551376,26.37634708283421,ARCH,RV
21,target_rv,APH,89,0.1429160357428624,0.05925276674141933,0.2820557242850696,0.15819268659150143,0.11923405356371275,0.0905608610432908,0.07222295933773284,0.06282374866744782,0.32483611752044017,0.0939358898182726,-2.4428637384511944,4.954769806075096,1.1642008716669674,35.1298215934028,IV,RV
21,target_rv,APO,109,0.23231064063704338,0.09387828081901535,0.24465026883949895,0.14307103327827025,0.21772971406784655,0.13185017079818087,0.09938395043169829,0.07688729422715182,0.12449578728870415,0.07448869392228685,-1.2215122700436845,4.974218177095614,1.1562409978490389,36.81104875021908,IV,MEAN
21,target_rv,APTV,89,0.32366923649175655,0.12178897822395293,0.18710928751402817,0.10084228926672426,0.2111478909499798,0.11129871481846214,0.17590729183589426,0.09937441931292329,0.16687611916656445,0.08808304028474145,-2.566611872259374,7.727723153302422,1.2618664339516703,37.23789380285057,MEAN,MEAN
21,target_rv,ARE,88,1.743129353348317,0.31572902333944125,0.8347496456881477,0.23562437363176375,0.8238630447975244,0.23506739439064547,0.68155589507571,0.22303955152229635,1.1781013439890082,0.25345002012157575,-1.5830717883428713,-7.503642193995665,0.8278157530002374,36.075502383649734,IV,IV
21,target_rv,ATO,79,0.1254472474717181,0.03594357413272367,0.0944377864003287,0.0380528099329084,0.07850411268241202,0.028700171388386934,0.0781994173392749,0.035100863743435275,0.05224891522338324,0.023527264592402067,-0.6418318922335469,2.321139957714331,1.1536785732381352,17.425001926276273,MEAN,MEAN
21,target_rv,AVGO,109,0.35710953371100346,0.15028722302493328,0.3650683007848112,0.2829615360294501,0.31388465361255175,0.18571332147799993,0.06451480583550753,0.07534778571998864,0.32694503899689664,0.14824005200204318,-2.29827640886789,0.5026501884106577,1.0113272009015888,44.87814884670273,IV,IV
21,target_rv,AVY,88,0.6520819958225882,0.12239872661566484,0.22584847935369765,0.08256365099267465,0.2215428011711138,0.08179836206889564,0.1330569005702431,0.06487174573668487,0.2774787749138152,0.08025854360722819,-1.5252318534141442,0.934478195011103,1.0408688523493637,23.799769028793378,IV,IV
21,target_rv,AWK,87,0.2354433909292922,0.07204308246941069,0.1444609956289989,0.06606628018738496,0.14091123876474101,0.06474945598855877,0.049120216606809514,0.03378737021794833,0.16332428928603382,0.05385595650492752,-7.005278074165876,0.5885424268212368,1.027817669078683,21.7456862966592,IV,IV
21,target_rv,AXON,88,0.44531870510308735,0.2168007287297845,0.22138720022276628,0.1698180989045615,0.3137287228565746,0.27125260135135626,0.10695248059232557,0.10067284484638447,0.4151574175996269,0.17618423021992233,-3.9963112860150587,2.230727309079441,1.0486918152368359,48.043915793206295,IV,IV
21,target_rv,AXP,109,0.17610570421487715,0.06842408132328709,0.20799229925813478,0.09720154047586689,0.22338812308925393,0.10256770278997349,0.06423911966665667,0.04717722026941065,0.10004113208882719,0.05172697551525588,-1.2806879506967404,3.072779145378534,1.1289338454891562,26.904994291997784,IV,IV
21,target_rv,AZO,88,0.19397488266446697,0.06428506507802126,0.1327641429814623,0.05766903139746826,0.1323619695590508,0.05759831468776396,0.10131683103813578,0.05554642783979231,0.16153743146416033,0.06272610486009733,-1.5588598821172401,3.094061859123004,1.1387612070446358,25.391805767676146,IV,IV
21,target_rv,BA,109,0.11060401267100724,0.06647495259985414,0.1823413593590496,0.106932907116306,0.18590258507581822,0.10976862284772101,0.1106343875192816,0.07534169455761731,0.15807723155200745,0.08216650306557731,0.0008940945614536992,2.3687702486648305,1.0796850653621821,32.09542276376738,RV,RV
21,target_rv,BAC,109,0.3156405518357513,0.0720719261498508,0.34835973582864915,0.11738385180519074,0.31879627864217536,0.10641192221156319,0.1628445844186301,0.06661315003986706,0.1273195160814072,0.04795257011571577,-1.0594552468354532,5.383714505093737,1.2749352996542582,24.965465236498414,MEAN,MEAN
21,target_rv,BALL,89,0.35470444783365324,0.08927836666091503,0.12851304514282047,0.06559058228954438,0.12909129765820224,0.06590326064743077,0.13101018764964778,0.07182163001358066,0.1856703194945754,0.06710149663596753,-1.7699272757171984,4.912232242587006,1.202942581623946,29.11726700305632,ARCH,ARCH
21,target_rv,BAX,98,2.1302423178213528,0.4424297089133465,1.7744013731841877,0.6703861589731571,1.7349947418422675,0.6765918270822275,0.6783330376102843,0.2563283902963296,1.979895870605447,0.3400153882636672,-2.7550460695806307,-5.787302410530551,0.8792713257167973,42.14913394057873,IV,IV
21,target_rv,BBY,109,0.28652657586851554,0.12475432878726682,0.5271081434957549,0.28472569263956843,0.40612245577638095,0.2104661382331146,0.22736096524491342,0.13669300210111882,0.1231034444053276,0.08334788578046376,-0.6087877627827073,8.060495152243481,1.2511079077924334,40.16022161289449,MEAN,MEAN
21,target_rv,BDX,88,0.372164768940619,0.10772247038593635,0.325239903970366,0.1293136697863958,0.41077264820742754,0.15858316169980335,0.0973966324336737,0.06210477153251948,0.40278932658044814,0.09081266658335607,-1.4201530876885409,3.271188658447239,1.1368066252691356,27.182228434568646,IV,IV
21,target_rv,BEN,83,0.1315154568842832,0.0570860692330492,0.20227869374616242,0.09561150816729393,0.22734842464443836,0.10393973226431835,0.07805147043049226,0.052478788605880886,0.06963325324699844,0.04214607550465258,-1.5831776039099046,3.9725377071160834,1.1685692095130518,27.538749582888766,MEAN,MEAN
21,target_rv,BG,89,0.24743713480688648,0.12974208196697645,0.19792837633734997,0.1005470580862269,0.21783881678207842,0.10904784515774495,0.1441226432140144,0.0833925220876655,0.19297868330303777,0.10035935158347811,-1.2114888278931957,-0.060433407333711726,0.9980589225581153,31.073516238195992,IV,IV
21,target_rv,BIIB,109,0.13776532426957191,0.08914949916848586,0.07404725507606548,0.06284718964278595,0.0733901115993764,0.06252807271735535,0.1863659584886505,0.12048007791348324,0.11132581685288273,0.07105638374758362,1.1929483407585078,6.241176470600597,1.1967517834742256,37.962243290908226,GARCH,GARCH
21,target_rv,BK,96,0.05008146785368587,0.025286517911977214,0.4284764490257597,0.12685947745972817,0.27638846157685637,0.08937121353080964,0.2284677387401364,0.08218861762697725,0.02918123016897752,0.020645220785775412,5.9761517287385395,7.296966383926924,1.4334765997637247,24.13055414369132,MEAN,MEAN
21,target_rv,BKNG,109,0.12672688592342704,0.05350796381695036,0.17842247886696613,0.08128297867926937,0.1658724339414301,0.0764936038677223,0.13118519018644348,0.07228598435478092,0.2426767831660148,0.07498124670683712,0.04632132095686721,4.06283967197677,1.1669390335109089,28.400105717735162,RV,RV
21,target_rv,BKR,89,0.47207161645779266,0.1483201413876567,0.32565726191759986,0.17448762325798822,0.22734107109216958,0.12115497199205215,0.09809927263089918,0.06793804634310338,0.3610741246847413,0.1106842073076749,-2.3300317668631396,1.0377534726834339,1.0354283498874386,30.329365302772395,IV,IV
21,target_rv,BLDR,89,0.0799724873379004,0.08780625794734248,0.042130881671255845,0.06597208554172056,0.057123354656230745,0.08075868599545961,0.059368191460431444,0.08160952275346581,0.04280827183557359,0.06650340879006628,-0.8312836594877839,3.439821408293637,1.0765100428587213,48.39890494514902,ARCH,ARCH
21,target_rv,BLK,109,0.26422632721773465,0.07494897740987316,0.3253117316825919,0.13770179182274558,0.2079058178783259,0.08880869058857849,0.05497103085910439,0.03853583667027665,0.18359177655391273,0.05858983404684334,-2.4317635401061075,1.444966428633409,1.0669592069237719,23.024768445679324,IV,IV
21,target_rv,BMY,109,0.2973857395737465,0.0967156696484607,0.10472660303497407,0.06478994059042283,0.10496589878234815,0.06496105471086147,0.09561366571587211,0.06478814362999212,0.2045505319010235,0.0782057471055335,-3.033674021846417,4.801547659442554,1.1700524514423218,33.03723387694548,IV,IV
21,target_rv,BR,83,0.36804537847640906,0.08393151943456188,0.6967776551939413,0.18550979892896918,1.0334236909910703,0.2915084609233858,0.21766350865536388,0.07295212296548557,0.3471685777353877,0.07220473081289501,-1.3053711461282116,4.8075395148995925,1.266944604518479,22.81704198666353,IV,MEAN
21,target_rv,BRO,82,1.0890255344320248,0.18346317336526013,0.3988013066527693,0.1130475256377466,0.4232264440421552,0.1277311859281486,0.25950492954930354,0.09337450955191492,0.5494121449273677,0.12347559815606185,-3.8195879718901953,-0.4598790943373567,0.9820843353089782,25.209226812060876,IV,IV
21,target_rv,BSX,109,0.10022138807945721,0.04108901025000283,0.4678897848540853,0.17558172445427744,0.32633440554661963,0.1249095848905355,0.14321915779707672,0.0739856508551387,0.07867590724586464,0.037447927705348154,1.0125301990209488,5.369385908410879,1.2656333555904595,25.58290877896908,MEAN,MEAN
21,target_rv,BX,109,0.09618084513563947,0.06540450321430731,0.3827478208200581,0.1848843480318283,0.18678797284592594,0.10946747710623596,0.08484539078575802,0.06810356299892217,0.06146918147911769,0.05051378635002975,-0.34573000797072284,4.670326571689365,1.1703563283953995,32.08537252671532,MEAN,MEAN
21,target_rv,BXP,88,0.09298159410271173,0.057222426415965436,0.14038733489710523,0.07996550737007359,0.14376671396935853,0.08127358825009971,0.1296770848584,0.0741193866030587,0.09405123663679578,0.05987012243179375,1.0052996948338553,3.5652331188337745,1.1335375997583783,30.263579691519453,RV,RV
21,target_rv,C,109,0.1587383520658155,0.05957572234751449,0.28962541550639415,0.12157476053225273,0.2811361029362972,0.11896294414849194,0.13056100937015583,0.07244409974306265,0.06297574768135542,0.040757324995728234,-0.36757242841970883,6.335587350804994,1.2770276216517251,29.205463332955212,MEAN,MEAN
21,target_rv,CAG,109,0.06434733053023184,0.04654684873526558,0.04218709304893269,0.03676227287865473,0.04373228571831129,0.03760070619441144,0.13528410061178398,0.08101290606779596,0.0569010955255419,0.041995887235806495,1.7974504763569517,6.9578349762470975,1.28642396538453,31.249918799980463,ARCH,ARCH
21,target_rv,CAH,109,1.093661086792173,0.21869612812848327,0.6597517230623515,0.15268945208535098,0.7136811628071438,0.16175844541565748,0.2504972130957914,0.10611749461732488,0.6977523964819565,0.1501151204098187,-3.6087463980400134,-1.645368886367632,0.9428506533781413,27.145316985416347,IV,IV
21,target_rv,CARR,88,1.1356535257033153,0.16978428178255725,0.37403307033842254,0.21703681142336478,0.39496411987063323,0.15708699082247207,0.23756613893472014,0.10685993962491196,1.0914168682277834,0.14653037047325623,-1.6819965902597958,1.009066580072533,1.0325375832366785,32.021406148521,IV,IV
21,target_rv,CAT,109,0.37009555932593113,0.13413751000640534,0.22803005508767119,0.10513581493648985,0.22537426461757087,0.10434180854915064,0.06369612347548423,0.05734043161180077,0.42880958704257294,0.1160096849787478,-1.858218853418889,-0.3182411415255697,0.9892436981588715,29.26824185477006,IV,IV
21,target_rv,CB,89,0.29082093180065266,0.06422044503377006,0.24575033375008315,0.07118186214537835,0.2360302707650172,0.06552346211346048,0.09939955190970455,0.039689303950132857,0.14517538891373008,0.04537446807075712,-1.6078748445041091,2.452720081883493,1.153234708016764,18.459016002877824,IV,IV
21,target_rv,CBOE,109,0.15999781455183748,0.05457265434930183,0.11121569889795464,0.05036291253610474,0.11132945935728178,0.050351120613923175,0.07692531197607648,0.04045790740416073,0.07958992416621158,0.03642785553402923,-2.0380397155267143,3.0457558386351447,1.1607435104742339,21.99367995482126,IV,MEAN
21,target_rv,CBRE,88,0.16480356159378798,0.07121763093804595,0.19614942179216707,0.09172968497013641,0.1710101686448757,0.08554593463868139,0.10292257605189378,0.06054616660598541,0.09017217562607237,0.05229456777427253,-0.8722031116918751,4.6828346886748635,1.2000320347658784,28.093258394836468,MEAN,MEAN
21,target_rv,CCI,88,0.23378575927917356,0.06650406104325367,0.16149838829303365,0.07281419799099552,0.14757883577573186,0.0642221052161879,0.11893699893515136,0.060233783886889394,0.16085127796345713,0.05238544828789637,-1.2287717010369663,4.27645236393713,1.20193232290476,25.45410387817288,IV,MEAN
21,target_rv,CCL,109,0.2645308789311854,0.12540814853676419,0.25775389580952207,0.16212444374599508,0.26689652771108446,0.16706476174705995,0.13550551817429066,0.10578914927175034,0.22070930228055202,0.12401250314214726,-1.3003766463174253,5.269929195629231,1.1455930720195033,41.46622014911138,IV,IV
21,target_rv,CDNS,109,0.45244060741242503,0.12265634768145618,0.3477717099725631,0.23984377847418412,0.19938862478279934,0.12191688007726617,0.185715253718598,0.11282944259556255,0.36878777024247295,0.10267047974679837,-1.3906706198769978,3.349276636198745,1.104490571461445,35.40266278726006,IV,MEAN
21,target_rv,CDW,87,0.2942688579766484,0.12050983562355982,0.1838295608565371,0.09777734275934288,0.18059313488390827,0.09608274253092673,0.12496120337067054,0.07839536098534439,0.21707342892925283,0.08814413745823278,-3.3948506748871705,4.047132097560029,1.1412095527640995,32.707601721177134,IV,IV
21,target_rv,CEG,109,0.13756624074982512,0.08859368133978761,0.9040229989114009,0.5457823213317718,0.384611612641036,0.13030228986552253,0.14102923182965882,0.12642525494314352,0.1676748079378687,0.103963108272845,0.031928552531687145,8.368534928548412,1.203859507896285,49.41903590790891,RV,RV
21,target_rv,CF,109,0.2789835680568757,0.10705672102757965,0.14766540969466704,0.09096303138394654,0.1303361902292222,0.0768773186613701,0.14462295714090745,0.09044868745708788,0.10003030097995189,0.06965364316283114,-1.2952568472107904,3.3718492608784083,1.113622609714755,33.047714560428325,MEAN,MEAN
21,target_rv,CFG,89,0.34286023181319786,0.0915796624977925,0.27773694422499345,0.12313428488394496,0.33161711747449246,0.14097076180023646,0.10019600425339006,0.0615793123736651,0.1315159924426834,0.062010398062104566,-1.2537170634241046,3.601878301143567,1.144061083008693,28.604316335891784,IV,IV
21,target_rv,CHD,88,0.28781536486523385,0.08076305846655933,0.10942913266702113,0.052511221884632406,0.11280006503013067,0.05258244612424922,0.09562354938299941,0.0477856517006331,0.26735519628798693,0.0655612324673793,-1.9472091364417898,1.4528807053739197,1.0679086968440055,22.847499846886297,IV,IV
21,target_rv,CHRW,89,2.867518008534989,0.3808622389123814,0.996471124904408,0.33811923814791456,0.9337949683023897,0.2764582167640578,0.5391040008515601,0.18467091234726055,1.7199119003019674,0.2597415565384612,-3.7698030969230207,-9.45414758971199,0.7378109811339248,26.6043709195667,IV,IV
21,target_rv,CHTR,109,1.2598571474858644,0.33733250796006653,1.0333526109481415,0.43888640876279555,1.1067518192778778,0.3872062770057438,0.4758605722186356,0.22953675272754567,1.1656704881264557,0.2761109497972491,-1.5565775398758137,8.254577783992705,1.2147539374281964,46.691953521295055,IV,IV
21,target_rv,CI,109,1.8977489191677595,0.34470187327359375,1.2027729799087956,0.31815974028298555,1.2400426728656806,0.340860603996363,0.52844219075599,0.18856476500437028,1.2684487385943055,0.24324516093271,-3.335502046739352,-6.116970820023213,0.8326184495849854,30.42810123156481,IV,IV
21,target_rv,CINF,87,0.2437524580352346,0.0702067849858808,0.2583210605770152,0.08652713035772423,0.2845045443016421,0.09321304899323703,0.08001884471607114,0.038720078554830895,0.17893641599323404,0.056587283650442584,-6.490188957686614,2.783122566524578,1.1445210066597133,22.040686784006628,IV,IV
21,target_rv,CL,109,0.02705490238233974,0.02075556045337295,0.08052058520287099,0.043426746973376056,0.08886717643884559,0.04442499890311392,0.10357294179252398,0.0552844145815586,0.022943470629057355,0.019119943442926023,3.55177433324148,4.707687323607139,1.2559633213896568,23.099726065910197,MEAN,MEAN
21,target_rv,CLX,88,0.0745641455854529,0.04212188184994562,0.05041486707650163,0.037427754206457366,0.10951978299300782,0.04862596019730902,0.09917163802950615,0.06341402317174824,0.056423053039846766,0.03634563621910442,0.5771292183163047,5.066611439290238,1.2245963054893516,27.62535935925748,ARCH,MEAN
21,target_rv,CMCSA,109,0.29810817621858327,0.07888194054331264,0.23850056580255055,0.104160792208243,0.3514332519432971,0.10174798754111941,0.15218787260526354,0.07832613001372281,0.23312577091033393,0.07286360116105946,-1.866329958805272,6.610934762398372,1.2796840083081258,30.24809157515097,IV,MEAN
21,target_rv,CME,89,0.09174784962908329,0.03425826073349623,0.06604545158445553,0.03417560050771964,0.06353311458849513,0.03351699065641526,0.11995254397787988,0.05062650208785771,0.04386661884576635,0.023738284383268637,0.980019877117737,4.372421264152311,1.2597077713957607,21.208348971103035,MEAN,MEAN
21,target_rv,CMG,109,1.581527619245087,0.33856284893662925,0.6934175074359,0.25399618068066504,0.7424126942703303,0.24762352637524612,0.20801760070826164,0.14319871065381246,0.8318045657623097,0.24110237654064945,-2.615660003142824,-4.477431609852523,0.8924053963549131,37.1364733460304,IV,IV
21,target_rv,CMI,89,0.2145621072741619,0.08310522822614526,0.14774510726911652,0.08226678137699599,0.17970427791733998,0.09146007632572625,0.047532035525221346,0.04378567698914159,0.2176253280208709,0.07549960352778594,-2.3057077871727505,1.2853397164940412,1.0484588982981573,27.8096677890314,IV,IV
21,target_rv,CMS,45,0.029521832044188016,0.01768344337231467,0.06379018962147869,0.03132027310653754,0.04471453780649276,0.023812688027587868,0.1081425605378541,0.04603907414765079,0.02800353744478963,0.017055233909109437,2.8153679314921383,3.860922468078866,1.252952628929975,19.124343466750062,MEAN,MEAN
21,target_rv,CNC,109,3.6444923557009323,0.6632973759412166,1.8567723573626198,0.8841288740302472,1.8466390250503082,0.875971470890767,0.46281806845013507,0.2572677420568853,4.148346915147289,0.6923839653643943,-1.1898703042314367,-0.01660042980679245,0.9996878796724729,53.1693933768564,IV,IV
21,target_rv,CNP,87,0.22145519777025205,0.05053799209848562,0.10463925354920096,0.03844772000417563,0.10231610644765897,0.03672075357012186,0.2571810355029352,0.07446564575366114,0.1523663766265103,0.03860874202604557,0.3012198536271095,6.511744955819484,1.4387508328880676,21.353300726679386,GARCH,GARCH
21,target_rv,COF,109,0.2604354636395166,0.08634173472605783,0.24380596546278202,0.1207015375069508,0.21785569974343102,0.11141373104701377,0.11437173077584054,0.07436169414199867,0.12552372795638733,0.0622989610819582,-1.474690615868703,4.60842624023099,1.172108961440835,31.384639411531843,IV,MEAN
21,target_rv,COO,88,0.6649706636685998,0.19465243295097148,0.5634191339799234,0.301723187266998,0.2947474818702285,0.16102388752687827,0.1655754290872437,0.10661822955364904,0.4153450280545044,0.1494577793709321,-2.207555155064776,0.5488806722249667,1.01614351661916,34.54894925539387,IV,IV
21,target_rv,COP,109,0.11706856805326815,0.05609467879296007,0.19748135168795436,0.1046680833618741,0.187430604461265,0.10066575143406574,0.09059391503815162,0.06217788170449401,0.06873069150601584,0.05061284736688723,-0.5183864429332586,3.9709486468939015,1.1553201559383934,29.53716458907303,MEAN,MEAN
21,target_rv,COR,89,0.20702800538556088,0.069108432144348,0.08781694895122619,0.04603339296886339,0.08733788955257767,0.04587301159426525,0.1380367605655801,0.06775191800717136,0.1433771702114736,0.05447202138228181,-1.4534372234726967,3.1619024729251652,1.139509929985931,25.826256710964195,GARCH,GARCH
21,target_rv,COST,109,0.1266273187381466,0.0400110614021965,0.18909693125057772,0.06917367623699575,0.1337398415508047,0.05555439420782761,0.1368630449534021,0.058182738229607914,0.06906305893231787,0.03256348070232002,0.207322065707159,5.007893000675581,1.2909229021115167,22.221707947275956,MEAN,MEAN
21,target_rv,CPAY,88,0.249928682239186,0.10176014135793973,0.17084574715684714,0.10299889709563409,0.19003070864382143,0.11126499453987589,0.04799040175145961,0.04960523869272642,0.13309186259719893,0.08000151025810452,-1.9805021250356727,1.1564729185306293,1.039134312355935,30.70785248570601,IV,IV
21,target_rv,CPB,105,0.3307725226659324,0.09489582109392417,0.10444851113350234,0.06330917254915999,0.0994447604277944,0.06114297622692969,0.10797137447019192,0.07235464074851047,0.15417544127352945,0.06857419938600201,-1.53804815731002,4.5110221984149295,1.163134036771943,32.163266252923435,GARCH,GARCH
21,target_rv,CPRT,89,0.17427712348670715,0.06607134765330971,0.2743663133024726,0.1043410460099455,0.263646822912898,0.10284746601351161,0.27392390446060894,0.11105310655811075,0.12895104977511318,0.04929759145355694,1.9764285352246602,9.85380745034305,1.472261710018818,30.718949047256384,MEAN,MEAN
21,target_rv,CPT,62,0.4188814090757266,0.07091764415204488,0.18103032109645167,0.06510596235615568,0.18989391941142567,0.0673366514352286,0.15872715303511337,0.06038215427657653,0.1829049662760178,0.05071267371124446,-2.016772451111959,3.8602849035141826,1.2084300931082845,22.38105052783635,IV,MEAN
21,target_rv,CRL,88,0.3705356338345258,0.15200374447048237,0.814937923317435,0.535740771934501,0.8320422304598377,0.5507424638928453,0.11163023056532438,0.10650636048758724,0.2498569972460734,0.1168063274879878,-1.8293192232774809,5.163378479942198,1.1277979104859015,45.56606159354287,IV,IV
21,target_rv,CRM,109,0.13667566632897415,0.06493191702392678,0.0555117469959254,0.051955876241342486,0.059201278283033426,0.05393844444859337,0.1159696240217026,0.09766171534398796,0.15212377089693555,0.07049128445160925,-0.2995609760657123,6.753088293813504,1.2208195596340625,37.33501819623959,ARCH,ARCH
21,target_rv,CRWD,109,0.1837593472134488,0.11031120274846723,0.2557033246790621,0.17288048755629035,0.2145085604122133,0.14450532666882393,0.17917869384398194,0.13217221113464214,0.12543014517311907,0.08665760974940453,-0.046723060296127855,7.386234884971429,1.2060398689209422,43.234805958395775,MEAN,MEAN
21,target_rv,CSCO,109,0.4644313543720243,0.08708071463440642,0.34946292935471923,0.12892405086793693,0.15987184170868338,0.06556509587623915,0.07979443229721875,0.04810802248877766,0.2517691888930076,0.06387909144290883,-2.5604527859018456,4.0882673246188785,1.1948642157485978,25.06834983444884,IV,IV
21,target_rv,CSGP,88,0.3886773930729307,0.12091377851326683,0.1623828554280837,0.09376465174470884,0.16128676106592502,0.0900545408580241,0.07026073943567111,0.05840863423282181,0.2384693136926965,0.08861197112650562,-2.645544015759672,2.813625496783855,1.0963930092201513,32.002728726851515,IV,IV
21,target_rv,CSX,107,0.12631641665288026,0.05426665765715227,0.131769386237325,0.06400492822494963,0.1167684762378864,0.05726712993280313,0.18733262398330128,0.10345615759600789,0.13772523791434801,0.053405106236643574,1.2955501164484546,5.650148803847946,1.2651544391958187,26.959046444725303,GARCH,MEAN
21,target_rv,CTAS,109,0.21348672170604166,0.056850086341218166,0.20022331963935178,0.07774316018285206,0.16901924940968116,0.06647334637195569,0.23309021007164582,0.0868179922785919,0.09845003671086265,0.03715221651331895,0.1945421436005357,6.391466031063088,1.354199700583762,24.436275274349345,MEAN,MEAN
21,target_rv,CTSH,88,0.13508747453087003,0.0601191878585898,0.08520036937377092,0.0528867121162587,0.08816271814513002,0.053708480767167,0.11780568863143924,0.07231843985942438,0.0769231078989563,0.04535232292278658,-0.41513630766335813,5.746288969950326,1.2397722987852227,29.711897170160288,MEAN,MEAN
21,target_rv,CTVA,89,0.7601398490659251,0.14676264113254656,0.41929248229593463,0.12321359168961253,0.37484009501763305,0.11347308161086919,0.511951419489203,0.12719380540302636,0.8527144888576224,0.1243618037455145,-0.8744815142124884,2.856558338621125,1.121695628199966,26.329532519150717,GARCH,GARCH
21,target_rv,CVS,109,0.21689138305622369,0.07441538826444048,0.5637676734622359,0.2336603971897324,0.17110779882815066,0.08742792001195206,0.17678022666611973,0.09509760440540849,0.139767555152863,0.06158712292614027,-0.5859572723762945,7.157493954938926,1.2827126360066,32.474699637856574,MEAN,MEAN
21,target_rv,CVX,109,0.06121711059706484,0.03313542429106511,0.19644258367407288,0.07462837323721863,0.24645841584450554,0.08720798759680497,0.11230092935284455,0.0538303630730908,0.03784636423580982,0.027065418540329848,2.705015391444053,4.628975902942967,1.2581119882186995,22.562958492782258,MEAN,MEAN
21,target_rv,D,88,0.06799648870855911,0.0304793181376948,0.1833013564455891,0.06866337456959432,0.17574573951198239,0.06056946516654616,0.08158428706094474,0.04102947705145847,0.04645725348859239,0.026703736514119055,0.43344353421493115,3.0365042141176746,1.1712319905564461,20.769780596936442,MEAN,MEAN
21,target_rv,DAL,109,0.3711557872117626,0.1423208979075528,0.25754245493168193,0.1682777274551399,0.31123727605537715,0.19614812673811535,0.1663300393065506,0.11581522493358352,0.15465263829321696,0.10998715258437383,-1.468391927304663,6.000448897263045,1.1592444756547555,43.6811839594458,MEAN,MEAN
21,target_rv,DD,97,0.3053104435415172,0.11662391393681303,0.2741235994758882,0.12091544613104083,0.26425653786460934,0.11709651477475576,0.1295490125216812,0.07622894855300034,0.20162465508614422,0.08278883711941867,-1.842479407115711,4.753699514563202,1.1783527293465446,31.407059583567953,IV,IV
21,target_rv,DE,109,0.35060670860504334,0.09971069292114905,0.19085318233729215,0.08515561837236736,0.23822957378612486,0.10021945146338988,0.10923586431898903,0.06460850970530302,0.2693411193148333,0.07951627937765972,-2.1105866809461316,4.629873721615893,1.1941984692904883,28.47081200774823,IV,IV
21,target_rv,DECK,109,0.6786712842909394,0.24516809818551033,1.5137372104784674,1.014874007305481,1.571927657627111,1.0615898032668376,0.04077873477998209,0.07027046888478189,0.43412829749498594,0.17936523344883926,-3.199676590291802,3.909289031916769,1.0867271473943108,48.98501386975698,IV,IV
21,target_rv,DELL,109,0.15561290003720465,0.11416148488587334,0.1476201054692925,0.14284724274357014,0.2068324243886723,0.1823210802361372,0.11726018686675964,0.10823883837590054,0.1631173684973993,0.10871218290386843,-1.0084546102796625,2.019716708118531,1.04566675394284,46.247005353301574,IV,IV
21,target_rv,DG,109,0.42436835604321543,0.14793142344492227,0.3896391595835888,0.1778641548978096,0.36730535490781063,0.16296435943538357,0.1418780497018031,0.10643500060600153,0.5195434098996098,0.15949387380601732,-1.0656735977072325,3.220979206701518,1.0990916163562792,35.72604194703094,IV,IV
21,target_rv,DGX,89,0.5928884893083,0.10097734631497579,0.14026716444375914,0.06486999296170926,0.12587507074101684,0.05822574786558498,0.06089645395556103,0.040199191801044365,0.5619718593122122,0.07939954182396901,-1.5631672828959813,0.6139116904082885,1.0292083463009023,21.63227692354446,IV,IV
21,target_rv,DHI,109,0.40722698596423934,0.18919165478280295,0.28727797020114826,0.1680644703718259,0.32996333920132664,0.16110676156354406,0.16465741330017467,0.11650832200529439,0.34193293264680924,0.1632745786380627,-2.5005993439749736,-2.655859500605761,0.9307969173696914,35.721903449546105,IV,IV
21,target_rv,DHR,109,0.31776885358874724,0.1156027855504394,0.35390392647036445,0.17632240109659755,0.22920046830383975,0.11383415204893316,0.11496151802882117,0.07422390594827055,0.23861309410042494,0.09115389250845304,-2.548266024549292,2.426133297753798,1.086565952152687,30.452548272945585,IV,IV
21,target_rv,DIS,109,0.5831361104636757,0.10105680688431364,0.7369239850555951,0.22046429134720483,0.4336497931374788,0.12381940915551967,0.2173166455700956,0.08298998197701071,0.4518659832454847,0.08612665414989475,-1.1668954389771127,7.4933474389855315,1.365087956313395,28.018120468072194,IV,IV
21,target_rv,DLR,109,0.16493731609775583,0.0581321733851183,0.19542055762412922,0.0894624084692202,0.22908974560095324,0.06206569159956955,0.18543089984601288,0.08731915763888731,0.14207455941009106,0.05260482797069055,0.1892538269228354,6.601853750586241,1.2909286032998197,29.294203955088545,MEAN,MEAN
21,target_rv,DLTR,109,0.8531679490008689,0.13675065451480004,0.3512909206434486,0.17176068856412713,0.36913097775808557,0.17410087740432606,0.15068507591819105,0.08686125472667384,0.37808349184528495,0.14039834012307903,-1.367881523470174,5.654151948016348,1.1713766398274377,38.646699553743765,IV,IV
21,target_rv,DOC,59,0.3191996193354221,0.08584748804490949,0.13460381697872395,0.0688261874241729,0.10736232907956025,0.055450030981961135,0.07717598305677634,0.04911761143885884,0.2371596222474456,0.0687596188553522,-2.436823844186477,1.747369839895213,1.0755914488774894,24.863342160086738,IV,IV
21,target_rv,DOV,87,0.5340825290325178,0.10855191146357886,0.23250364492180467,0.09045129672107209,0.29875076740294054,0.10807857652267912,0.12505103098686188,0.06113420671154917,0.2488612853491593,0.07138056672203986,-1.7324337655606168,3.1765653287550926,1.1426181437392784,25.449785590001774,IV,IV
21,target_rv,DOW,109,0.5085932821398212,0.2680389312510603,0.3879203707729982,0.22877942380276248,0.3576602772202908,0.21682330837853311,0.1779426738565188,0.15265378773138902,0.4083658242591025,0.22232912249928333,-4.113177068335194,0.42415978825809014,1.0085812505942249,49.85282797603482,IV,IV
21,target_rv,DPZ,88,0.08338399212315467,0.04457699304084437,0.10483822639922641,0.06121829475894457,0.05323369505020947,0.03494544009019934,0.136440182085671,0.07803440009270148,0.03591882240709869,0.030332753407309253,0.9179142193977275,6.364005246074687,1.2827814441267056,28.869036528195057,MEAN,MEAN
21,target_rv,DRI,88,0.9015381299835048,0.11733134967881857,0.22360801831489321,0.08202723483190856,0.49512544171098954,0.09709477859509535,0.1369900380331364,0.06629216030121507,0.36177750002094355,0.08184033196962909,-1.4520562249033946,4.061331440971147,1.1776231442506557,26.92620897765035,IV,IV
21,target_rv,DTE,86,0.06947748393675895,0.026198925063865952,0.13601377036580245,0.04601459826898424,0.13994242434291526,0.04559521285615662,0.10652309449421776,0.03997190663103223,0.04425037232386249,0.021169548066183656,1.0267801528506404,3.585806540377276,1.2490401921039804,17.98431189842051,MEAN,MEAN
21,target_rv,DUK,88,0.116689293716325,0.031071268357101733,0.13802568583278269,0.045335554175786,0.13588705076867608,0.04488104625490666,0.13916204702139526,0.046220067136524656,0.06392490924959739,0.023231809986363625,0.5415567060148042,3.8879957337877675,1.2759940584144063,17.975240061163564,MEAN,MEAN
21,target_rv,DVA,88,0.4039167374119377,0.12646415222568486,0.6849840662466135,0.3008353730229944,0.22277067485992275,0.11689619787610973,0.1357250089442058,0.08547475493904406,0.43399242533949356,0.1117576567035482,-1.719845904491237,6.496079719666915,1.230677583759202,34.656942226567374,IV,IV
21,target_rv,DVN,109,0.13291559014024623,0.07837274476793812,0.19625558083693742,0.12130187463795351,0.21540848252126146,0.12951000209494282,0.1180345142102676,0.08657817046278128,0.06605356578646325,0.05860404827112892,-0.30689599695386516,5.383841299701555,1.179430985371083,35.388922576868794,MEAN,MEAN
21,target_rv,DXCM,109,0.6653357368857631,0.23899691500536213,0.23133902712988255,0.1508223031703853,0.23414265030376513,0.1554380535494932,0.24855295416535747,0.13828011407807922,0.24774478277403264,0.14878527746086423,-1.3662084613357672,1.5474095786904543,1.0350566947129527,45.687611367843466,ARCH,IV
21,target_rv,EBAY,109,2.5337594210168413,0.3589546695873838,0.6655423611757647,0.394007688886395,0.6653192048592397,0.33438481901880607,0.4766949459745049,0.17597802518080372,2.0163329727254493,0.25831934973246745,-2.6752965553998322,-8.930601378834625,0.7793196668304858,31.53789552149699,IV,IV
21,target_rv,ECL,86,0.17903844125671833,0.056849242543225466,0.17289085481187969,0.07103093408777014,0.17114407838659731,0.07037935954093683,0.03753024856692027,0.028331714312469242,0.14040914355465886,0.04667499447361872,-3.3882583724919195,1.4211408676478614,1.073002099848936,20.88826401326472,IV,IV
21,target_rv,ED,89,0.05056181203688114,0.025266880409025225,0.16248266763595198,0.05764222236766658,0.17301538322292132,0.0586583997282867,0.1386377669627581,0.05346618110467074,0.061831151353072863,0.027314086225930116,1.9951348921404644,4.62177342786558,1.2866800179152156,20.74348801919246,RV,RV
21,target_rv,EFX,88,0.17744340715134446,0.0899211634858445,0.7725653824179624,0.36952379119019446,1.4830237055923627,0.6844894875690516,0.1613302565797684,0.0891269793254636,0.1963752120324421,0.08911006316774878,-0.19657228730590012,2.060505722228116,1.0681096547966704,32.31327573522258,IV,MEAN
21,target_rv,EG,88,0.6156804002794127,0.17017053185851183,0.3844280713866807,0.11558287245889598,0.38378505423076503,0.11557259745358679,0.22402742789995322,0.0947319776400321,0.6033293253147686,0.12255364402878885,-1.6907978900742826,-0.02645516285064081,0.998925686547849,24.598725502694823,IV,IV
21,target_rv,EIX,88,0.11513974730045519,0.07207023839076239,0.36710823545054744,0.1522472291434575,0.13866433152197447,0.0812507600704706,0.26039755145508775,0.12357810704655639,0.12109733103606385,0.07706329318525301,3.910964411590978,11.50738016692928,1.4779311791594127,35.5848638480913,RV,RV
21,target_rv,EL,109,0.11128162030533567,0.09795975542752153,0.17180477440464592,0.14596919909780173,0.1848120291641712,0.15332759942317423,0.11816612919587317,0.12288495134079867,0.06252477409050576,0.07797306334570415,0.20787057403995376,6.544855827152846,1.1672360641721662,45.68028908163937,MEAN,MEAN
21,target_rv,ELV,89,0.6805160932087584,0.2163481647647575,0.8924963914730215,0.43576921421613946,0.8922706337131701,0.4358090114877563,0.2416754224000881,0.14142616652391635,0.8563859233008911,0.22263900020033922,-1.2291892871916137,3.689321253178358,1.1075510496115086,37.99229892289677,IV,IV
21,target_rv,EMN,54,1.4925245792292747,0.36512907790618415,1.0478969981224995,0.45422655788471444,0.8324154486680038,0.29521368409602206,0.9813113023645808,0.2585831774661855,1.3325650366852433,0.2911444319157735,-2.1378982168229412,-12.040870459043648,0.7432519202658858,34.856736220285974,GARCH,IV
21,target_rv,EMR,109,0.08738670138714029,0.047131054790769095,0.11513955356878476,0.0734791677870844,0.1081292107291854,0.06994525608744384,0.07340037686168094,0.05375923253933909,0.09398207446371556,0.046521018170295435,-0.3824990824806749,1.968303652821233,1.078666144255351,26.98927895869232,IV,MEAN
21,target_rv,EOG,109,0.24215980242799637,0.06832257097183424,0.21154564987013103,0.08643789599974325,0.22949179141726075,0.09177349179094475,0.21163447799026872,0.08813274099124607,0.1130865541584296,0.05569536775482463,-0.2652676627627998,6.310619356472309,1.2978961938824372,27.49457365352769,MEAN,MEAN
21,target_rv,EPAM,88,0.14760765758136707,0.09218619557098508,0.14527188028504573,0.10796800230261407,0.14476830704910973,0.10763623037826943,0.18656437120643743,0.13597389776448165,0.14204439683385756,0.08557170684333419,0.6608411372244345,11.122308059485796,1.3194430922497586,45.940115454080384,MEAN,MEAN
21,target_rv,EQIX,88,0.34283318576201866,0.1496870354562691,0.845940622328908,0.2801343712763194,0.9588030692099427,0.30490863811844343,0.1975470134794474,0.07883398273652802,0.5274262042596135,0.19177462418364502,-1.067103094127892,7.3868245952740965,1.381436631744529,26.752622162985134,IV,IV
21,target_rv,EQT,109,0.3076051551844958,0.1362926225998305,0.20852068058764797,0.13182307210787345,0.1792042070395813,0.11612021018766139,0.1197430032424693,0.08296735528779063,0.2006043186758183,0.11088780888554906,-2.55671947116499,2.664422571160204,1.0799361292342662,35.99631638042457,IV,IV
21,target_rv,ERIE,87,0.24994355528734968,0.09777667605538075,0.2408162544166092,0.12760311736084112,0.17256276699352324,0.09726479332859476,0.11289257399970033,0.07405410458679877,0.12328765408722149,0.06545505727199429,-1.606666258285753,4.29422572069149,1.1533650164073679,32.294260026332466,IV,MEAN
21,target_rv,ES,87,1.4432144957067288,0.18977311425182736,0.525848915395434,0.13790003204542267,0.5569235538001311,0.1420217321325456,0.5116858308383161,0.12769709079857677,0.9381617461674095,0.14747770436151186,-1.6199167837198474,-3.662278510866632,0.8603919069116321,22.57028745182806,IV,IV
21,target_rv,ESS,85,0.6445372640875866,0.1124489588097155,0.34713636786458807,0.10862536903112324,0.3313418881949425,0.10396128308173025,0.252086640545509,0.07868641167257268,0.49025298213533336,0.09560600108071064,-1.8720742469967002,1.6720939410033233,1.0804972642661481,22.44415316869181,IV,IV
21,target_rv,ETN,109,0.15820933801648712,0.07429671440709054,0.41028952788453427,0.20108412754623595,0.2045443503961332,0.08789157798961833,0.04242904300086808,0.04475717870386561,0.09296722248983547,0.057825405040121784,-3.2419277877235757,2.4550134976926286,1.0846841309002602,31.44525608026238,IV,IV
21,target_rv,ETR,87,0.10192417710985728,0.03624374667451699,0.18999647133656453,0.06870072681611362,0.08463248237373046,0.03878246568256057,0.17127325253885023,0.06769566179761623,0.03992508126946121,0.023171900284798277,1.1416373044848749,5.663671351222903,1.3295623758448187,22.849101989973235,MEAN,MEAN
21,target_rv,EVRG,62,0.06002000176887963,0.025122017090474392,0.14128851396678954,0.04619275873522922,0.10151435652980245,0.03791395425596128,0.177429341438711,0.05664469423015565,0.045692204623655495,0.02236297504883514,5.221611896458778,5.148242366062707,1.36452619523862,19.271349109304154,MEAN,MEAN
21,target_rv,EW,89,0.39194966662544023,0.08633968976023551,0.14918908628536606,0.06342860595531803,0.20804557907401217,0.0712240810661106,0.14140371599624285,0.07838032847465752,0.24860377340924247,0.06520214650997454,-2.569716283498204,6.415472390163435,1.304592781354567,27.477929489878434,IV,ARCH
21,target_rv,EXC,88,0.09647185194199115,0.03356074250989569,0.13412809054610644,0.04986113038977153,0.12216999767303333,0.04652344068192114,0.11909473535330552,0.0473692296159736,0.06506047496202587,0.028170578436572176,0.5552284670947472,4.101966077977155,1.2557605459591528,20.140272778465153,MEAN,MEAN
21,target_rv,EXPD,72,0.632746729006056,0.1511702665252585,0.3498477513201787,0.13467515950544398,0.30989057421993216,0.11197189017237028,0.18277368381473677,0.08106535876780956,0.48726371927345036,0.10985546544301365,-3.6089696410109564,-0.660659221688786,0.9740232753763142,24.772078402453154,IV,IV
21,target_rv,EXPE,109,0.5421045036185952,0.2132251913816585,0.3553866996611666,0.1880712016054999,0.3604735770907152,0.1926166631461201,0.14068091865498591,0.1224719944571994,0.6213781880607148,0.1861376834676499,-1.9646316680372442,2.0150845398256765,1.0512655612806743,41.32187236163974,IV,IV
21,target_rv,EXR,87,0.8842064886463731,0.156890920210127,0.3809135042387733,0.12302940875131718,0.4130321664385808,0.1325530342338664,0.19129569666284424,0.08262260093666669,0.7843797787933182,0.12616867964046408,-2.2745560587747473,0.10628988397512906,1.0042132533091386,25.333798456644995,IV,IV
21,target_rv,F,109,0.6683790706601261,0.16628554552813612,0.38804836022527395,0.16784541756081592,0.3371640584974343,0.1393398913162922,0.1926942586840417,0.10070172853019828,0.46516119115821986,0.1311844618211058,-1.5153778923845034,2.282747038059118,1.0783556118263844,31.415912931997784,IV,IV
21,target_rv,FANG,97,0.036088826674470414,0.040936775269451275,0.1998804577065695,0.11732512441870577,0.21547824531464968,0.12357173492835855,0.11595255807179179,0.08392715911239029,0.04567953759101686,0.048338344355696575,2.55462646856612,7.340510818222368,1.2638380227777342,35.1625462509479,RV,RV
21,target_rv,FAST,87,0.2785899519915765,0.08975539143072063,0.1590246307053087,0.06984954369866736,0.1557650818276278,0.06874151470116402,0.10960627213259158,0.06000825916155062,0.1819297259130712,0.06402209692935219,-1.4624415475840153,4.085696283733517,1.1852993000508778,26.1348690685833,IV,IV
21,target_rv,FCX,109,0.9977861813994593,0.2820910524292196,0.3235172737445248,0.21995033699757047,0.3430503962372748,0.20280161346568779,0.510555657934006,0.20129862870547796,0.42995388404890517,0.1936260367102242,-1.8468105583919527,-4.29423819654333,0.9029033088968836,39.93217310291957,ARCH,MEAN
21,target_rv,FDS,87,0.6244322283410604,0.15937537012126882,0.5143525063888096,0.13610334397033189,0.522358654788485,0.13806786972024412,0.2883308552782089,0.12457668154443848,0.8092519422102172,0.14738906992778852,-2.276269147451946,-0.6088928611463259,0.9812267254839524,31.82513246703102,IV,IV
21,target_rv,FDX,109,0.1605619619068569,0.07066582409387452,0.2075035268406623,0.10341895336923641,0.21431319226386011,0.1064029725946685,0.2614204691686624,0.1285650592234155,0.09437159008203207,0.05798053214492765,1.2297456328637113,6.52549808881187,1.2511315396850737,32.509881002224674,MEAN,MEAN
21,target_rv,FE,81,0.19717686316462515,0.037196270937225745,0.6770095306855363,0.14322170506470097,0.30611022704367835,0.07360131192914672,0.24655725889174646,0.06727413901813206,0.07039461853571762,0.024156913964826502,0.6003762672959966,5.809504280384988,1.4346327802981274,19.1759702804876,MEAN,MEAN
21,target_rv,FFIV,89,0.7994343021852535,0.19494420444872096,0.4958858554506441,0.20334725699485479,0.571010440095222,0.24399471387398475,0.1956499096132362,0.10658332959002265,0.7160877480479382,0.1506392082700862,-2.199139432620598,0.8179224964016253,1.0269901674933062,31.122384171360927,IV,IV
21,target_rv,FICO,89,0.5992190297346098,0.2292309581048407,0.280677407841656,0.17359255283760894,0.29187442063194385,0.18315695630131604,0.275696368088785,0.16006023991647253,0.34416913364729473,0.1734860678029444,-2.1259048105840628,0.23191600793944217,1.005444850943727,42.825553618278434,IV,IV
21,target_rv,FIS,107,0.6667105740985523,0.13746731625925498,0.2338465661027974,0.1033505197127723,0.22937118802685877,0.10172165736092584,0.1591103512986828,0.09157290707362484,0.5309318999302806,0.10613803424859464,-1.8869144825776012,4.695863282821895,1.1810891939662633,30.627080822487564,IV,IV
21,target_rv,FITB,89,0.5425242474065879,0.1026486431176216,0.25227946210986,0.09746133856287215,0.2609717121656058,0.09943687263743481,0.1578560025741397,0.07255567413449789,0.2127257018405122,0.06918835295155308,-1.641508651304643,4.608883327537624,1.2044405154965512,27.15276762729801,IV,MEAN
21,target_rv,FOXA,84,0.21900738060787184,0.09309525239137599,0.1847199542261801,0.0927392268234278,0.17932456957461124,0.09085862990810177,0.1918319885898875,0.08997717424962018,0.18685328749719826,0.07764083033670222,-1.077272812229917,4.132946699303793,1.1551994322606638,30.76285532140713,GARCH,MEAN
21,target_rv,FRT,74,0.1595689070195225,0.05001550144078841,0.40094610754607457,0.11851177866820364,0.4235887046235011,0.12299502344995088,0.11567605336861934,0.051976100980905424,0.08187302831055236,0.03501406133652498,-0.960075031523194,3.845758710103441,1.2232723981032645,21.070273440870825,MEAN,MEAN
21,target_rv,FSLR,109,0.7202001220061811,0.2900411764127143,0.4254218694420949,0.3154663683040111,0.3405655796848578,0.25466248378927714,0.1509249572401901,0.1351965367184248,0.309385210198873,0.24732872312047624,-2.708359043953857,7.3897654236154,1.1531107791834847,55.65394031073849,IV,IV
21,target_rv,FTNT,109,1.113604813444134,0.3780324055566848,1.1258458923633319,0.44313806018015806,1.08215506237506,0.3583664796584112,0.3607372538273887,0.2145264163023495,1.5058973100039768,0.3319967411877489,-1.905010492892658,-0.7353394075756655,0.9818196652845901,39.711628103555135,IV,IV
21,target_rv,GD,109,0.5174500639044455,0.08311749397397784,0.5944229488904009,0.16823637347338055,0.5564567797284778,0.15278377449931824,0.12009190474222152,0.04065427988438849,0.26409325660649585,0.058974086465190804,-3.2229246303745898,2.268092244635105,1.1385417276356455,18.639277181782862,IV,IV
21,target_rv,GDDY,109,0.9763759655806677,0.1751582178982289,1.0639694341310728,0.43135162859087745,1.3262776707770183,0.5480447633191607,0.25286849244064147,0.12214234409176453,0.9714498423701984,0.1456900361910112,-1.2757977651792298,5.442299314070068,1.191774482210476,33.820940994338265,IV,IV
21,target_rv,GE,109,0.045630197618029444,0.03475094000878218,0.19165601938503657,0.09407710161954876,0.26502907040805834,0.12232327794461922,0.18360428906420204,0.09788319610739488,0.03977693394332937,0.033543382297290064,2.5168024676666896,8.26182815726006,1.3585627734988495,31.303339345499975,MEAN,MEAN
21,target_rv,GEHC,109,0.22129111012238492,0.08435376766785206,0.1846014941823246,0.13716681369125122,0.138194240658459,0.09492595193154567,0.08434507165649084,0.07054969942134107,0.15001619654587897,0.06594651517106362,-1.3574755648870382,2.6275767688158442,1.0886565281395884,32.26529013244731,IV,MEAN
21,target_rv,GEN,78,0.22832774388251606,0.08700568387192943,0.21694655606548763,0.09215256774918268,0.2122173846775568,0.0903949431700628,0.21445624718206174,0.10669413114466526,0.1906597007295609,0.07003731983347636,-0.11471183469487921,8.631205795363268,1.3848003665609039,31.061552919258684,MEAN,MEAN
21,target_rv,GEV,109,0.4135423261853972,0.18414289538222364,0.8589136165327859,0.6074692576274583,0.8694866799125723,0.6140102852782517,0.10108213746727042,0.11667609643576086,0.34654819490383637,0.16680243652866625,-2.246272168259482,1.283159942333998,1.0265678167606807,49.58069051823785,IV,IV
21,target_rv,GILD,109,0.17060189556524563,0.08144801464876163,0.13127297193614582,0.07570883711428918,0.14208208214591295,0.07900845092677594,0.09952918124950826,0.06746498126876202,0.12530773263175968,0.06656078179613448,-0.9911412874753163,3.82849436543307,1.1503425399634597,29.29363793932494,IV,MEAN
21,target_rv,GIS,88,0.1549193707327066,0.05684152625930972,0.12860945442136826,0.058698068372710785,0.11786015648581664,0.05559948100514784,0.23005291914399512,0.08803595774038722,0.10478646637534884,0.05225441496934337,1.7076918291790117,7.8723438624757485,1.4040537281266092,27.355752415530805,MEAN,MEAN
21,target_rv,GL,89,0.5227219559280756,0.12211047470893166,0.2995991140509606,0.09842632848698663,0.31820291639241616,0.10383615676317999,0.2622808895544434,0.09050756498049606,0.5710852073502518,0.11040779447054684,-1.0391752523615931,5.742061330712178,1.2763981492394447,26.516662559093806,IV,IV
21,target_rv,GLW,109,0.7283145520269663,0.15358444146681036,0.22470136156296047,0.16576126136599778,0.13570863404656397,0.10698853135182025,0.09211703442553743,0.07344925048299192,0.7325272403451821,0.13760948115152663,-1.7655086383794962,-1.4098659764530985,0.9607523361897999,34.512424411865396,IV,IV
21,target_rv,GM,109,1.5262930699751158,0.2391151373195311,0.4562130909219722,0.17807031210464258,0.4200838729374343,0.164553060030117,0.16803462284818343,0.09330561366807484,0.5520827259483031,0.1663367695265683,-2.014835456627779,0.0571785637739155,1.0017943551074617,31.922980118955195,IV,IV
21,target_rv,GNRC,109,0.8999533710159363,0.2682994008929208,0.3802165378967387,0.22349058712353992,0.3105067960849933,0.18634439419434853,0.219106767224096,0.14151411272299955,0.5121115498845998,0.18769496051985782,-2.0339046104464624,-7.838630714816701,0.8429560028116699,42.07496582600785,IV,IV
21,target_rv,GOOG,109,0.35860147235679224,0.11105680747598805,0.18861718881611025,0.10149970308882106,0.2104740361020131,0.10090426913902259,0.17047352293155454,0.09503523132699833,0.2233395665501201,0.08307159957345778,-1.4476382372266405,5.25605049682859,1.1851081885430093,33.6505290890458,IV,MEAN
21,target_rv,GOOGL,109,0.36438036662433665,0.11381483648019565,0.1860789156153756,0.10226677654728603,0.20090563146088264,0.1004920053753812,0.16600250177426076,0.09409967652882993,0.2138150136575562,0.08400929668788756,-1.5813577755600003,4.977349999758554,1.1721910339408064,33.88332661100078,IV,MEAN
21,target_rv,GPC,88,0.15300566067100083,0.06610013892575113,0.12646953554559143,0.06260423160830439,0.13000798451339596,0.06373744756333535,0.09687857664136311,0.055657216922223605,0.14148487972589785,0.05779358736744833,-0.6230740392944195,3.7318535667322865,1.17609172982833,24.92452156068309,IV,IV
21,target_rv,GPN,89,0.3676365585533944,0.1421850593435554,0.3083911759634812,0.17852739115344157,0.24265980557331873,0.1424818676473046,0.15086879101168724,0.11117928373605376,0.19083897355520324,0.10247499612585713,-2.1104778837727505,7.699255898606296,1.2347142180422688,40.50193808303094,IV,MEAN
21,target_rv,GRMN,88,0.8101054496729275,0.1827851933952451,0.4135566211370687,0.1848828629757455,0.38587498689319377,0.15816415044393253,0.09915379299019965,0.06945905245222199,0.4387174364538575,0.11913061071778906,-3.3618105532288394,1.463435879518924,1.051951033364498,29.632959847429056,IV,IV
21,target_rv,GS,109,0.09561382796415814,0.04682526798483507,0.1922014325335494,0.09245312711434285,0.2662138757577611,0.11809896189578177,0.10004583744824187,0.062350163914676064,0.05679793541245912,0.037534501936274535,0.1319830793735601,4.951654253937729,1.2136233882431422,28.131018155337184,MEAN,MEAN
21,target_rv,GWW,88,0.7618919556446457,0.1431395869684828,0.401082577918004,0.1697321130173264,0.408184938869822,0.11421375095282676,0.2553646052885194,0.09028837422677392,0.6277004497390717,0.11835341958970326,-1.6020430769826706,-1.2325873497056223,0.9478321228054606,22.394736896385105,IV,IV
21,target_rv,HAL,109,0.26476305709812387,0.15136686014455156,0.18901280254123562,0.12565808526730082,0.2014083718755682,0.13211148360282324,0.10531794348849949,0.08763693733803475,0.18900820418550848,0.12086613866663078,-3.754260156977097,3.2798384077549683,1.091953347281924,38.94834319528772,IV,IV
21,target_rv,HAS,88,0.09688572805193982,0.054910816445525396,0.47813868760384876,0.17429753014819555,0.46209784971867246,0.17435271686098242,0.23434383153842153,0.11391200057827239,0.07873694304543831,0.05104033271940778,2.674432372799403,9.174456873070753,1.4144983157945037,31.30833902283366,MEAN,MEAN
21,target_rv,HBAN,85,0.40125298622723354,0.09011241953841875,0.23853511303294042,0.1014646369127011,0.23483799779551698,0.09999042026234871,0.13210699293937497,0.06895472743574228,0.1328393302754196,0.0575619199582896,-1.1923269294894872,4.51909870394527,1.194233755454539,27.785387786241174,IV,MEAN
21,target_rv,HCA,89,0.1596065156336274,0.059069249977119355,0.09425744277474453,0.05995317043156388,0.08662174154085064,0.045933112929399424,0.06438250787599584,0.05052180962801556,0.114371305023269,0.049018144475206235,-1.8791064295761943,3.1079933924730683,1.128115148645761,27.36736806694415,IV,GARCH
21,target_rv,HD,109,0.4387147530056546,0.09021867837647213,0.19612036389537124,0.07077231508249289,0.2379581366875406,0.07569777513706404,0.06561369133153816,0.03912654625198761,0.2695234816062281,0.07301494269865173,-1.8970606422082696,1.8271269693301764,1.0850807740943467,23.302330842111854,IV,IV
21,target_rv,HIG,87,0.18162379788679045,0.04892167771658691,0.14833883552714885,0.05739048279176416,0.15293782929713245,0.058698278228507525,0.08603472934448626,0.04084275732301265,0.09127579066887306,0.039348898205246875,-1.49583493429629,2.597744603490642,1.1457809185933217,20.41725506176571,IV,MEAN
21,target_rv,HII,87,0.4816364584853359,0.12201404542321002,0.42166909517251944,0.16757751644314253,0.40448783474568106,0.10588148587021437,0.13126546635176428,0.06953827781767902,0.2911224392817415,0.09511487557159065,-3.7134085264356775,5.245877325517928,1.1944213908698715,32.227874018613605,IV,IV
21,target_rv,HLT,109,0.09011841688710932,0.039906785457977434,0.12682309383782325,0.06509587649495018,0.10285847232757196,0.056496296081036394,0.06230458904988661,0.04376662997765863,0.053647955131428324,0.033609846922575085,-0.6289039841234118,3.2000868094030195,1.1484183938972294,24.76134162003574,MEAN,MEAN
21,target_rv,HON,107,0.7952106882789896,0.11319946486480498,0.34216063841193967,0.10681647805138605,0.3262950833100804,0.10073871589777493,0.0855220095576356,0.04231448612833037,0.3871497567946062,0.08081341229047764,-2.217312882612279,1.3018630867217194,1.0646461226418302,21.44016424879839,IV,IV
21,target_rv,HPE,109,0.5134652766961117,0.15163427964710743,0.4053862672549412,0.23067515021768273,0.4765225103697373,0.2654192547490665,0.20529404753436856,0.1388563005234468,0.24599106214242494,0.12377512940582895,-1.061655484265769,7.752777961985517,1.2255834737163276,42.12044609947801,IV,MEAN
21,target_rv,HPQ,109,0.28091822389545346,0.10186033985924509,0.4035617329424993,0.21841394133824837,0.18494943146156423,0.11632316968000274,0.14588994360462604,0.09701148037467522,0.1866481923237185,0.09109775223727691,-1.283645393454539,2.6285933888923507,1.0798845302854034,35.533504759106066,IV,MEAN
21,target_rv,HRL,105,2.0395004175428344,0.24735658083976111,0.8791171047235193,0.2365083222812979,0.8195060400093989,0.16578826850424,0.48305734483874707,0.14413313603410474,0.8338624014031967,0.15683927189945202,-2.9094371639528602,-1.5688368503838257,0.9451363163655195,27.02634208138316,IV,IV
21,target_rv,HSIC,79,1.0295928972471997,0.16158755996480562,0.22893694216753413,0.09731041070460628,0.227921217543141,0.09715657524383478,0.12106528373195133,0.07576121108104682,0.8294694202227527,0.1281460690342741,-2.243503610694334,3.342181289219509,1.1144511966474697,32.54398421587681,IV,IV
21,target_rv,HST,82,0.2908907675964988,0.08684391015733202,0.22593648526898683,0.09749147712810324,0.22676211520823816,0.09668503321987675,0.10813702798040377,0.060875260470457396,0.15326082188388088,0.06347679338532708,-2.173575922763342,4.575045711646155,1.19250935627622,28.340361850783303,IV,IV
21,target_rv,HSY,109,0.1753672602237571,0.07795950548691782,0.11278315725315131,0.06486839035190328,0.11599799255030235,0.06604599372841234,0.07631063687431515,0.05148102290745725,0.13184480030981485,0.07060459945011369,-6.1333201344576755,3.0327683596316595,1.1236344683066302,27.56288848851015,IV,IV
21,target_rv,HUBB,87,0.12802818260179213,0.06042234508447451,0.15798066931527965,0.09248893132240196,0.09293098267096267,0.05877937977855154,0.06941120535354271,0.05715419549321905,0.08610353655016781,0.04912560388876972,-1.3360840928245248,5.090605626659846,1.1938286120109294,31.354043071967535,IV,MEAN
21,target_rv,HUM,109,0.6087655542344647,0.1794754340966233,0.10087026182844101,0.09855071507571622,0.10678982575055591,0.1002884067606662,0.13126353577048955,0.09498406681247896,0.6094936680580985,0.16299772966790513,-1.8155228384239142,-4.028998543512731,0.9144571362504137,43.07017918926698,ARCH,IV
21,target_rv,HWM,109,0.11760798747122059,0.06462209857199017,0.22348439218463154,0.11339490992211299,0.224177031106993,0.11461074687968309,0.2174199756335265,0.11744340501125164,0.07966257765827542,0.05525507916190777,2.0657216281777666,10.68422911175697,1.4134494466941971,36.52591108082111,MEAN,MEAN
21,target_rv,IBM,109,0.40215449262021286,0.11175690615146179,0.16219339726031523,0.08308308109936269,0.16226549357117118,0.08314393527960634,0.09393599856231626,0.05997908282893421,0.26241300944804674,0.08402957000761742,-2.657346336289895,3.3573161768719744,1.1249099540388614,30.235207556348826,IV,IV
21,target_rv,ICE,88,0.2139866484025072,0.05229628724861165,0.17093711155409744,0.05776272383871522,0.1699044207963401,0.05704849786066023,0.12318808427127599,0.048586229775098015,0.32595459652440745,0.05678618616933232,-1.06909877108927,3.5396553733841136,1.2054384181102904,20.769418948977066,IV,IV
21,target_rv,IDXX,88,6.846190295693043,0.4796278610612474,1.145065296109583,0.5354230953774838,1.5585140418658754,0.581502375712317,0.8255885741971037,0.25386776110706977,7.102210299182696,0.36747175060824994,-1.6175124197174522,-10.903983869221264,0.740098352033698,31.050285965324132,IV,IV
21,target_rv,IEX,83,0.6897614077707382,0.1531391318892389,0.29121652898171996,0.12482240560846881,0.30850913547996556,0.12070106811330075,0.340992574689004,0.10941105194504519,0.7259487575444142,0.13897718800274675,-1.4857906920321946,-0.7050960632676757,0.9730691867197186,25.476662947476242,ARCH,IV
21,target_rv,IFF,89,0.28946627438198397,0.09307235590196428,0.13320802213360292,0.07701838181729384,0.10053087891537182,0.062344790240317194,0.13876593975003756,0.08535448310953934,0.16889387114424773,0.06850251074113667,-1.4018426855229773,6.785885387431352,1.2587268244627208,33.01387856719966,GARCH,GARCH
21,target_rv,INCY,79,0.2847528183924101,0.11540064635649154,0.1503825506117873,0.09291858848620753,0.14158396894473554,0.08928024940866734,0.23399358083367494,0.1539716727267199,0.15797107134143346,0.09463482787787397,-0.4612859333403532,9.618659338490767,1.3075913790863583,40.88955960579076,GARCH,GARCH
21,target_rv,INTC,109,0.3089265222843518,0.2445565738834231,0.19074907118855933,0.21765379109501007,0.16606879580316047,0.20829587342910907,0.4063428466733611,0.23412480972368385,0.2213806225336448,0.18145854474609135,0.7222229145486868,-4.967590373721852,0.9168971075192984,54.80879316040665,GARCH,MEAN
21,target_rv,INTU,109,0.2731560329182579,0.08145366664966895,0.30928447573774653,0.1332995262670807,0.5762609383391188,0.23544065061061842,0.13011875716630095,0.07954646584423108,0.29343883114971975,0.07261222997419237,-1.2149400574042684,5.716716196367104,1.2367090364234188,29.867531402852038,IV,MEAN
21,target_rv,INVH,65,0.28310527858621276,0.056372325925935135,0.10602196753452746,0.04859777451959433,0.10419697931888228,0.047939359393871075,0.1383512883811292,0.061027432687748705,0.1319122961250458,0.04209390699026116,-1.388134860159587,4.848888597127164,1.2573745466036328,23.688702639013187,GARCH,MEAN
21,target_rv,IP,109,1.6238435408909389,0.2723128578697158,0.4440403557382531,0.1851207017184192,0.497621291136239,0.19914039585783797,0.25727293988301014,0.12965475320171704,0.8651548922903928,0.20180734551561258,-2.283066402903359,-2.5102715018658834,0.9331671534066065,35.050174144542154,IV,IV
21,target_rv,IQV,88,0.6643089963450852,0.2170788923782793,0.6602222915264074,0.265411660102841,0.45170648697504956,0.18479967483332985,0.20454201493569865,0.11990970742801654,0.5820610335564115,0.18499131373658867,-1.372955949183351,2.327960025765993,1.0724209046276985,34.47282258628732,IV,IV
21,target_rv,IR,87,0.6040657989077335,0.16303031718530975,0.2202066253873652,0.11405543426353287,0.2310985722488916,0.11646238616991654,0.22946294344244958,0.11121360986414752,0.5617406080960895,0.13630532372744528,-1.4010704801595648,0.5974087520355723,1.0197788884169485,30.80177309455664,ARCH,IV
21,target_rv,IRM,109,0.4807879860474783,0.1097132733397371,0.13992674550918058,0.08551120104641512,0.37801917630338516,0.1092883348270373,0.11365968047085646,0.0725840647910147,0.32736737992996334,0.09674619223795536,-2.022525928543328,2.0443179328083687,1.0675505158291574,32.30786081941889,IV,IV
21,target_rv,ISRG,109,0.6408335450483349,0.18200346924198588,0.34943052451603174,0.14502513434652425,0.3722008941610258,0.15350556608220045,0.15992201334890502,0.09296298266121408,0.5228266376644132,0.1390506011350889,-1.8869810245222973,1.7898892106692563,1.0587833643937326,32.23879646750006,IV,IV
21,target_rv,IT,87,4.5761447529969725,0.538896536781342,2.96690953227179,0.53122889085087,3.5111831969882927,0.6837576371789644,1.4177556098684145,0.35874268129796905,5.743048083451294,0.44736276839496514,-1.4933390208015431,-9.64569072369175,0.8074048029179755,40.437026134422474,IV,IV
21,target_rv,ITW,87,0.3520560107616981,0.06637635798288416,0.19590732198254712,0.06824939444789768,0.21405962312591703,0.0730150166398973,0.07996232144372736,0.03700675306293041,0.1066136433113103,0.03975635128630247,-1.833918862619791,1.773731383919725,1.0987712063212842,19.731711750688856,IV,IV
21,target_rv,IVZ,88,0.8037811979639979,0.19914606094630088,0.5060619412966719,0.21341000274637525,0.6910738643330542,0.2837830150420953,0.27433510278516526,0.12832539207895668,0.58102417698516,0.16773059515808583,-2.332144768670448,4.95283719137465,1.162795028837309,35.37659906388436,IV,IV
21,target_rv,J,86,0.44270103818204964,0.12917688530939983,0.4767060520827633,0.1292920051624822,0.45622079434141444,0.1292224539724251,0.1603297686599067,0.08224915552819341,0.7918344792456552,0.14107539483962217,-2.5157552882375165,-1.7808874103762,0.935776749723899,25.948749484673687,IV,IV
21,target_rv,JBHT,89,1.162507512946192,0.2921234276823931,0.54802420322159,0.22419966782413664,0.5171499818403457,0.20961672101922676,0.28592739687330987,0.15795968642884164,0.705006557852455,0.20105535750504017,-1.7945493620522455,-3.395431263595465,0.9094350940884148,34.09625748072117,IV,IV
21,target_rv,JBL,88,0.14962580159992875,0.08556755554073418,0.1184305429923881,0.10636307334131705,0.0780926878732471,0.0787570433710927,0.0571008884212334,0.07744809596303075,0.08782824474710683,0.07245301460429443,-1.322464630664755,3.1498723011615595,1.0859855880578968,39.78243331872006,IV,MEAN
21,target_rv,JCI,89,0.9122006835064106,0.13859770239808267,0.6375877254716713,0.2394876469050135,0.3775819737094274,0.13660649615554,0.16112392410653026,0.07210819003835503,0.5339818296321927,0.09840417811066493,-2.7124702115907606,6.134553722798043,1.2613243450300295,29.60941873046924,IV,IV
21,target_rv,JKHY,74,0.18541109945867004,0.05752916773091792,0.1634507724566451,0.07679514719172016,0.0871036928595159,0.047941376481241756,0.08798478445808611,0.051887389198963685,0.15294549323517842,0.04744519184739106,-1.7469674969247906,3.5874164492154614,1.1710761128056653,24.557126307485426,GARCH,MEAN
21,target_rv,JNJ,109,0.3954674722538437,0.07611048319047856,0.7911884132638406,0.19955248213187696,0.35687661165833473,0.08931243346054556,0.14769420650536624,0.047546421724349246,0.3122313724048258,0.06382170337222635,-1.975128772339141,1.3175499946594316,1.0840708399282821,16.98945235442392,IV,IV
21,target_rv,JPM,109,0.1205903358935889,0.04280313111555011,0.19637259423474626,0.07451150161868535,0.20312251040103235,0.07639886839006313,0.1269239049584031,0.05754777840498472,0.11612236458799123,0.04421735125624485,0.14778308566414183,4.138179178709994,1.2151773892396973,23.369656953079023,MEAN,RV
21,target_rv,KDP,85,1.2001335753402376,0.21392095822424445,0.7953821863880411,0.23815386847243067,1.0718741008642643,0.15756489206766375,0.7609892500261969,0.14162550244168057,1.4842752032463857,0.1701504693488471,-4.434998879622303,-3.607789203574602,0.8793367281749082,26.291857548954194,IV,IV
21,target_rv,KEY,109,0.3835017616505608,0.08877556181596838,0.34666208146079175,0.13934248876744934,0.28494365114555625,0.11790802402023266,0.12483313479946127,0.0691205840105732,0.11799687049007958,0.05554678645154428,-1.2407039421238188,4.786238092828262,1.2012391646374934,28.570068151207106,MEAN,MEAN
21,target_rv,KEYS,89,0.5967667431893591,0.1272080455418691,0.3080031914696907,0.15855649991049398,0.25200273021070196,0.11341716132946017,0.09556965027996248,0.06114400519820132,0.5322976144172418,0.1237082493011036,-2.825334807765325,1.0372250417437276,1.0344610822466187,31.135671582710987,IV,IV
21,target_rv,KHC,109,0.30212491705351,0.08551052975778788,0.1493713951122458,0.06836074012573384,0.15030735671978018,0.06814508101139359,0.18083767640361453,0.07997470381699597,0.3681295725532275,0.08427188442301413,-0.9329169050956625,3.283737564569743,1.138322295210234,27.02349375917918,ARCH,GARCH
21,target_rv,KIM,63,0.24214299151021204,0.062492516043078726,0.24608733856647244,0.07964640880682056,0.187992703728769,0.06693450766445752,0.17545631658729796,0.06421144321898747,0.11910864779580478,0.04688655305445052,-0.8358933169245206,5.039154731224963,1.2866073215725249,22.62124127240854,MEAN,MEAN
21,target_rv,KKR,109,0.14976536857345701,0.0869391095542317,0.2831017409668392,0.16833552305687702,0.2845932504908563,0.171418709845498,0.10789839443469577,0.09151162928918251,0.08112165256873555,0.062086373673904474,-0.8572874065163045,4.580155583507042,1.1410918579212166,37.042380200781146,MEAN,MEAN
21,target_rv,KLAC,89,0.19606114038114578,0.10538952318765908,0.0724345439207551,0.07854842370336883,0.08143047287219997,0.08472132308842577,0.07197163638906803,0.07818852667456795,0.16714186779190424,0.09402112217196273,-1.7084908651503583,1.347582196591743,1.0348278706994951,40.040220291497604,IV,IV
21,target_rv,KMB,109,2.2693724683495926,0.2633752611029369,1.2393088373368577,0.22596321593351476,1.309598411855511,0.24979296186565042,0.6936451403089838,0.16025060267127325,1.5066788646803058,0.18346394112882405,-1.7998658562944894,-2.981646241939737,0.8835006927672858,22.612035924630806,IV,IV
21,target_rv,KMI,109,0.19891716790180114,0.059626219897614116,0.3599749400992658,0.11776043662098504,0.26960326852952043,0.0891067501772481,0.13590482578016377,0.05743538301799097,0.10081252007477173,0.04462821532662581,-1.461704102200081,4.883437494176709,1.254986764989525,24.035166778546895,MEAN,MEAN
21,target_rv,KMX,52,1.4355215084456556,0.3294908634872143,0.8266185128110032,0.4005864761037339,0.6919852132757625,0.26966495128602797,0.34880533028611393,0.20181910689651217,0.9803625647735933,0.2717952008659235,-1.6000274861842392,-6.84885953482603,0.8552348836595853,40.46129161181461,IV,IV
21,target_rv,KO,109,0.2454884374884309,0.047420037906357744,0.1496043879458524,0.04814899992791514,0.23314559390850567,0.05487370365341207,0.08848268034350426,0.034953433525287216,0.12115011562394111,0.035301327475684055,-1.1018334591810097,2.2219573168903084,1.146243152258054,17.4155392561632,IV,IV
21,target_rv,KR,109,0.21283249443176433,0.08302466979692143,0.09342818343929843,0.05418627465645911,0.09340821023318777,0.05418102661663539,0.1248634990760581,0.06684492308300634,0.16571497763845683,0.0847281358971432,-1.23271272041757,3.0726628867090677,1.1348107782718753,25.8650755268347,GARCH,GARCH
21,target_rv,KVUE,80,0.5305240835596547,0.16527110991178495,0.635822818524044,0.19003088630459186,0.4948932834166736,0.1754355883812469,0.3863054541579426,0.1734166548425317,1.1958903894488255,0.21638992959461875,-1.7035221138451342,-0.8514031206014974,0.9787899654795911,39.29012139140503,IV,RV
21,target_rv,L,59,0.144689659933972,0.03872521045130917,0.3529370899471312,0.08483719134678762,0.2984477159302262,0.07538864515546528,0.21004820184726483,0.06258317724331763,0.07181656152256721,0.02696128579899818,1.8521830603354021,5.464181255789569,1.3886253446390626,19.524461500415537,MEAN,MEAN
21,target_rv,LDOS,88,0.35522603826638,0.08590372689118586,0.177194072018011,0.07906869213625375,0.1635001684317647,0.05751689449045982,0.1377649607004998,0.07470003323274207,0.15056553238628287,0.054888968654561276,-1.630382739530509,6.09396557245603,1.2766942121437561,28.11815438812203,IV,MEAN
21,target_rv,LEN,109,0.2285393656153884,0.10027710763825252,0.08173341964485867,0.0708081998898581,0.09363480678071133,0.07771993013095624,0.08753838434394257,0.07786203185292681,0.10122157099736782,0.08188552283618464,-1.0893882659313128,3.245131057697753,1.0913621100919018,38.764571824044644,ARCH,ARCH
21,target_rv,LH,88,0.6562980450375765,0.13155818867903707,0.3200608150768408,0.11290754101590153,0.2908350587657738,0.09745368731538559,0.12325901468445956,0.057196698615935106,0.4446435026908199,0.09249570409836981,-4.112289206695688,-0.09767626536002348,0.9956294760929298,22.25119252860966,IV,IV
21,target_rv,LHX,99,0.47240504905572794,0.06951035466438997,0.21994960323874968,0.0683356433275678,0.21703767284677694,0.06788355308291746,0.1788880279138016,0.06003257579445251,0.5262473951600969,0.08350424597179748,-1.0482597290926028,2.999420694408995,1.1475372273731597,23.329345201006134,IV,IV
21,target_rv,LII,87,0.2976330045775563,0.12194981714754624,0.13246799728799047,0.09367131205817476,0.11101785211521653,0.08336888211439848,0.10325218740951027,0.06945401097677842,0.1964738197669288,0.09029617784957589,-1.7637501996357337,-1.2556223247043503,0.9620474711465362,31.82840033824809,IV,IV
21,target_rv,LIN,89,0.1558023301960116,0.03447903015705138,0.20682548033536885,0.05909515258448851,0.19152933737312222,0.055991079845480206,0.1668309312831233,0.051791520715641304,0.18883884105813575,0.04179323408270197,0.11076461767118055,4.298327743912651,1.2795249738208467,19.675586116066317,RV,RV
21,target_rv,LKQ,75,1.971496039291999,0.30232635340606406,0.6842845434382584,0.38095604998422283,0.9156486057340849,0.2727617864546838,0.5337954452879472,0.18191865875263344,1.957966674217208,0.2599680913915285,-1.5397825189154655,-3.126131987805931,0.9129344832366768,32.7793803668032,IV,IV
21,target_rv,LLY,109,0.8830982891033949,0.2334105720845276,0.49300877630390344,0.2866101273691436,0.3964141840820668,0.20022666960796845,0.15110967043616055,0.10806857312120746,0.8031810014938465,0.18675052888227153,-1.857070975055448,-0.9634294314871469,0.9742076101813346,36.38981461687718,IV,IV
21,target_rv,LMT,109,0.43876818381384475,0.13507767436026308,0.40138462217029236,0.12483290163171952,0.38526446145069293,0.12073999676990409,0.18757419377493967,0.07732820224596686,0.36676296708652745,0.12130164751528832,-1.3814296790889242,2.0575206544867775,1.094411700943437,23.850589034003114,IV,IV
21,target_rv,LNT,71,0.08462401052863458,0.02833161176545996,0.18493774647960598,0.055158803451467425,0.16285354948160205,0.050377868271202934,0.30906774805863996,0.0819969960296617,0.05459489825826949,0.024166640853704287,5.272420843964163,7.676661835475569,1.5455758174400824,21.747413489197186,MEAN,MEAN
21,target_rv,LOW,109,0.21569673161438765,0.068471185231315,0.11543659427590412,0.057079084889319925,0.13092687580639265,0.061520498697948185,0.06964970658165633,0.044175776313649315,0.1196879857220851,0.05452522874522712,-1.5099235273389415,3.2751704291367103,1.1476856185912876,25.451807940474758,IV,IV
21,target_rv,LRCX,109,0.16864560413338484,0.08959022713559171,0.09168093188667059,0.09810407516380075,0.08479596466211223,0.09324286836938711,0.09141712693375037,0.08105076648333251,0.31466301715919365,0.134886469079445,-0.8595676410861431,-1.6774333805185293,0.9622390084220109,42.74495359663651,GARCH,IV
21,target_rv,LULU,109,0.7022614612881781,0.30562170254103294,0.3749988095374457,0.304873763930858,0.4028957326898096,0.26208710341127983,0.12017894782850802,0.1375500866091513,0.4159837122724673,0.23740254031605518,-2.036224305912817,5.0682309572691375,1.113799823273682,49.6046002720117,IV,IV
21,target_rv,LUV,109,0.3430269062829712,0.14805288863479257,0.1772772966468969,0.14766915980363382,0.14635303721430099,0.11431205149209143,0.1219038949453846,0.09770314515224005,0.26806673822579413,0.12698651377122655,-2.3799688320832773,2.7384776017015144,1.072219441943437,40.65731950920768,IV,IV
21,target_rv,LVS,109,0.7345974749784586,0.21034232326316663,0.4296117835898437,0.1773711043163919,0.43758315480428817,0.18063038893129,0.22699330346597835,0.1173835942236251,0.5849409136081006,0.17833652351917867,-2.1018734758101987,2.8735254890907744,1.089795386395116,34.87433983434843,IV,IV
21,target_rv,LW,88,1.73034601210084,0.3127285212864693,0.707702706133027,0.2769377253127835,0.7911879085433065,0.334744144660499,0.3250452815127112,0.20029709602457063,1.3184968505775254,0.2751334212923925,-2.074423028581837,-3.332148848602951,0.9202154115812177,38.43216822868514,IV,IV
21,target_rv,LYB,88,0.2791846685174289,0.1615649074609483,0.15984075173640727,0.11789533718868944,0.15168545136786646,0.11593328926696687,0.20764309901088993,0.1355035596208728,0.28034645051546875,0.14910919468978617,-1.3621540162519794,1.5568787733976492,1.0363179177278423,44.42494144881076,GARCH,GARCH
21,target_rv,LYV,89,0.39127769671165535,0.12034906470538216,0.3016499304592843,0.13515403916833643,0.276384221336216,0.12523257228702006,0.14126400256849075,0.08808229188197658,0.35630117117628757,0.10745940320418766,-1.1241317484793028,3.758398295958558,1.1299540989118715,32.6793659870763,IV,IV
21,target_rv,MA,109,0.1546463264427914,0.06396484294551744,0.22507525849794557,0.0766611822533461,0.25254994727572444,0.08357672163127312,0.1584583865392681,0.06328274696785748,0.19902037175685178,0.07690804573599018,0.06239053659504824,4.8640651066485345,1.281707025647344,22.130461269368432,RV,IV
21,target_rv,MAA,85,0.36571680008075613,0.06675178467162832,0.18657375664884024,0.06415239495860119,0.20446508636731556,0.06860024931459427,0.18576161371624964,0.0645612271508409,0.21312861934999686,0.052112508883347654,-1.2363942144766387,4.542052710832924,1.2579873844854572,22.147769051931622,IV,MEAN
21,target_rv,MAR,109,0.09493764476018555,0.04677383564795322,0.12340584734742112,0.07348020965403762,0.08548870940141272,0.05769577392844804,0.043770257964659894,0.040565600212543004,0.09090781983299624,0.0466127829373554,-2.1003968467369662,2.561862917238109,1.1049145730146734,26.980424072510672,IV,IV
21,target_rv,MAS,80,0.10431182203225639,0.060706010195611934,0.1814327806871392,0.10269233682059822,0.16764412831508743,0.09731401771762392,0.08847175774216605,0.06489901325513561,0.03843738446162208,0.03659598245444164,-0.4908435246414882,5.278798251140071,1.2044068479093353,31.103756197174697,MEAN,MEAN
21,target_rv,MCD,109,0.14035019481874011,0.038270197699413665,0.198621983899019,0.06031662429500069,0.20016686108303447,0.05823270873064473,0.12462615813742914,0.04559768627881446,0.11800109043115471,0.03727110730184542,-0.269604836146395,3.6967595059938447,1.235693636716756,19.381355651609837,MEAN,MEAN
21,target_rv,MCHP,109,0.47479045360617983,0.14945894178344582,0.5777773520206677,0.378344975643264,0.2715045614603334,0.18919101967599095,0.12685498529930145,0.1090589282887418,0.2057835079038852,0.11672035980753148,-1.9645335091294007,6.1575599881307825,1.1503170834986531,47.1213669275195,IV,IV
21,target_rv,MCK,109,0.27601968343353883,0.08526156072501784,0.12228955041090554,0.058510706371668594,0.10776089027769059,0.05469544774966336,0.09630009956156642,0.057541926151011384,0.20053010251049255,0.06599918393482548,-2.967077762063276,1.14839439174851,1.0466248594984426,25.778911332756387,IV,GARCH
21,target_rv,MCO,89,0.2247716505791837,0.06614896141534107,0.24490320349627015,0.09144124514196329,0.2401830668664284,0.08918628351321448,0.14004321406167042,0.05799910167005729,0.13752773820126987,0.052288526867790924,-1.1694058006733234,2.4840452930197463,1.1213190705354557,22.959352942972227,MEAN,MEAN
21,target_rv,MDLZ,107,0.32665827797775626,0.08930727620093107,0.16008782158166573,0.06365833451137996,0.22179153260568069,0.06726554528715216,0.1596839527901155,0.06656967829079817,0.22083883492983808,0.06774924039337492,-2.0467714629027434,3.2145394655096338,1.156804709623219,23.71481317051346,IV,ARCH
21,target_rv,MDT,109,0.39397120483413367,0.07462202160120347,0.20140874105024556,0.06976268128423734,0.23770422309440817,0.058207803546928796,0.08060775710982254,0.03865334791153842,0.26476898593565223,0.057376645959928266,-2.694280177422374,2.314597451717037,1.125006328918035,20.830439583475673,IV,IV
21,target_rv,MET,89,0.242237263098468,0.06695130225810998,0.12274144726507166,0.06298338658876464,0.15187004511868005,0.07475998397168891,0.06404063580692324,0.043049007179056055,0.22948852571193956,0.05867469185670238,-2.2445054282562715,3.1886324309181133,1.145719738027128,25.07058524038925,IV,IV
21,target_rv,META,109,1.0602561880808754,0.20979369195362874,0.4240225002023833,0.20180148815238985,0.48798696652012713,0.1922335358587624,0.10478464802714893,0.07007349610717123,0.49471971506484114,0.14092920853094876,-3.98080283199581,2.527423813879056,1.0794697214003284,34.33103114184704,IV,IV
21,target_rv,MGM,108,0.07611631551356864,0.07076813165841458,0.20859788585053116,0.13680307239909506,0.2461957419509175,0.15372262857489594,0.11952033049480154,0.10176720196483789,0.06893807053535995,0.07040652608970979,1.1810669463224193,7.691278540610911,1.2425560791664403,39.4005581721192,MEAN,MEAN
21,target_rv,MHK,81,0.08703676511855464,0.07349316600132695,0.03486084204358039,0.04807782037169659,0.037021906723542275,0.050174534988866905,0.056218466636888675,0.06564831171146014,0.042822000727267065,0.05139945512169045,-1.2811701121393189,3.4813917889606762,1.097580701611075,39.15844402861745,ARCH,ARCH
21,target_rv,MKC,88,0.10046110318911952,0.0513551560332507,0.0762565748494552,0.04701020488711588,0.07692417953440624,0.047202635673727865,0.06569920310468384,0.04588620730019202,0.07493854124787153,0.04591695441252661,-0.9289298512330598,3.627111622752733,1.1688530953739704,25.107982996295025,IV,IV
21,target_rv,MLM,88,0.06085392545450383,0.03547590608161168,0.11474508976390112,0.05550876486035102,0.11244693298529886,0.05478736068427881,0.1286717054260204,0.061336599339999895,0.03822316614767747,0.02777555244476537,1.483391638368304,5.291312616582845,1.2734430781145978,24.642004003860503,MEAN,MEAN
21,target_rv,MMM,109,0.2707581903432658,0.09145195391493871,0.1891028283718941,0.08975844004914936,0.1946865453575186,0.09217278553221102,0.07152679452315186,0.05043595024920316,0.13210572095827708,0.06085320581137144,-2.09033529117491,3.424900122502319,1.1411061871379031,27.69669281969403,IV,IV
21,target_rv,MO,109,0.5363036789792726,0.11644161802930546,0.31512284895206627,0.08311228518597945,0.3076881366879287,0.08145494850398594,0.14650658341260409,0.05605439798610096,0.34757224544820764,0.0791795577180041,-3.1828929177540446,1.032798573985292,1.0528032983229358,20.59215578816661,IV,IV
21,target_rv,MOH,88,1.9044389315724268,0.4246115520086907,0.9884683986331556,0.7187882017675118,1.0580635840503034,0.6612183867686448,0.4714108806315805,0.23271901747332624,1.7309541535086914,0.3810710934025904,-1.794566621912278,-2.1634728894337636,0.9582528774723248,49.65980877505828,IV,IV
21,target_rv,MOS,106,0.8863332280739888,0.2200522812664514,0.21565849299579362,0.12601004218527692,0.20337887827204118,0.12262323543818367,0.20236217164506837,0.12281596950664744,0.46278996192399907,0.14785375840699463,-2.9952993211619883,-1.7483081856367397,0.9560038395135152,37.98943634263402,IV,GARCH
21,target_rv,MPC,97,0.29318621375938164,0.08642865052731846,0.3250987581959549,0.13882370453789625,0.3185791289758569,0.13496456421001177,0.11503986663054497,0.06489029668638423,0.18989808765894156,0.07186314343069618,-1.3437644975903444,4.643311776158996,1.1813159521958763,30.252265207585783,IV,IV
21,target_rv,MPWR,88,0.6944496546416242,0.21032952450318787,0.45348745118031886,0.2957623847849346,0.37649287392238084,0.23667834053308034,0.16681700468726274,0.1291653357121327,0.2515059375077696,0.13877979307627122,-2.9450138273372093,6.090502547017258,1.1455886878474981,47.924127377793674,IV,IV
21,target_rv,MRK,109,0.43924599470641007,0.11553950120102684,0.1265055941050626,0.07469698443051441,0.12633246288481204,0.07472486040293544,0.13142518079330984,0.07497536438325224,0.15794746769401422,0.07344774043176687,-2.355395149182014,1.5071475919181219,1.0528918200645208,30.002056447003984,GARCH,MEAN
21,target_rv,MRNA,109,0.1354767900065591,0.13801849252410184,0.12705775213822157,0.17210396615118237,0.15286139895657644,0.1394272172343748,0.08491283292903343,0.14165377062937207,0.12822960963150687,0.12997898805560043,-0.8118210615036765,11.40484092834448,1.1954931313196264,69.74367284207477,IV,MEAN
21,target_rv,MS,109,0.1461955901107287,0.049778873502098094,0.28996692247644856,0.10977836466475106,0.28860743768793706,0.11101308621110811,0.13135695736186345,0.06594794004867867,0.13023463971036858,0.0478987095642363,-0.17936387197222345,5.687706912627355,1.2709498879985481,26.67943698729645,MEAN,MEAN
21,target_rv,MSCI,89,0.5932516673182979,0.15321429791240207,0.2848031316334907,0.1041777297407223,0.26946018853630066,0.10095268780144319,0.1607267394307428,0.06947147532997497,0.36493646769611315,0.10581764552975217,-3.3308035808204965,-0.9430261094262666,0.9633986285120093,24.821749118619035,IV,IV
21,target_rv,MSFT,109,0.2418264315524966,0.05207785632332603,0.33782986996221664,0.11148685355960132,0.22569830215469014,0.07882908488858537,0.13398798295977543,0.05921308058333424,0.2059122930354373,0.047567234562955134,-1.142318660021182,5.106668917255035,1.2832726537858825,23.13406707590336,IV,MEAN
21,target_rv,MSI,88,0.33523273383412905,0.09489844338833252,0.2672688475525327,0.08412871187853209,0.2884245746282725,0.08923231342433295,0.16831905992824733,0.06439807064777493,0.3462460436730186,0.07234638932822313,-1.2822658012264212,3.0617859688708324,1.159533830205463,22.253865573100054,IV,IV
21,target_rv,MTB,88,0.16788288276667468,0.053446102373118656,0.14972355056174533,0.0693594381969194,0.17198729154217826,0.07631736543464021,0.1314562997984296,0.06496147848316955,0.04868049339209774,0.03224618966856267,-0.5684835276776299,5.3516597122978755,1.2571982703926792,26.159185766525205,MEAN,MEAN
21,target_rv,MTCH,106,0.33069301847930366,0.12524376157914113,0.22418698229072542,0.11225507171231672,0.22668520105782655,0.11315151332680728,0.22560608391292047,0.12936643133121822,0.20589679351341092,0.09745554970123708,-0.6518417247115195,8.914693458053245,1.3067214432005205,37.97915456984199,MEAN,MEAN
21,target_rv,MTD,88,0.10499292200205895,0.06287465170418266,0.1958795112750111,0.10736045674236976,0.1854123741206389,0.10325131742821923,0.07470489866885069,0.05939382871457083,0.07033416224147362,0.04991945226378644,-1.0749468965744016,3.0923985426320617,1.1146150040521114,30.073146553826653,MEAN,MEAN
21,target_rv,MU,109,0.09124353233965868,0.10112987609450884,0.09794351564570684,0.1312195389013058,0.07416732099312742,0.11001372119585402,0.02847268454148871,0.06593436369174722,0.31637523681415725,0.17860364233592685,-3.067321995794667,-2.389104061458695,0.9579001801492772,54.35945376919141,IV,IV
21,target_rv,NCLH,107,0.726335996322158,0.21577163359821774,0.2525898859043402,0.17918587791579346,0.28446447195955055,0.19048009521943185,0.12862226288029915,0.11648169021412771,0.22632619522978642,0.14164894394163866,-1.4828554400307619,4.307865681243405,1.0988352873082765,47.894177802811626,IV,IV
21,target_rv,NDAQ,89,0.6898951055873287,0.09061655062030942,0.3214870335062948,0.10495102057463641,0.26014279048398165,0.0871118210122069,0.1358383112848155,0.0504994850632929,0.28984308745202697,0.06113016307986859,-2.1096775993503183,2.14953811727756,1.1123443937122768,21.283008388902395,IV,IV
21,target_rv,NDSN,85,0.09194446718011282,0.04601916468066396,0.3105712520413361,0.10233934268250663,0.31356485184025,0.1033365914620099,0.23526869900778197,0.08809436343259769,0.10360520938452429,0.047546248562401305,1.2146576726839329,7.0779549612429795,1.37652491944073,25.87605993595804,RV,RV
21,target_rv,NEE,109,0.0997897646204908,0.05618120918950319,0.21870613900353786,0.0961777729055145,0.2214193723560955,0.09698079419650324,0.09999078025012774,0.059048723232016466,0.0915498172053973,0.05364502726887113,0.004817745576671537,4.4441723676858045,1.198961645548265,26.78100193822593,MEAN,MEAN
21,target_rv,NEM,109,0.6886776307878597,0.19713548220849167,0.29196290340963715,0.14627435398839805,0.3291981987458485,0.15664532718364332,0.12723657396853463,0.10190179612422395,0.41777069584219023,0.1654397402912118,-1.8119421313146904,-2.0036360905267827,0.9508942515591199,38.79883926404433,IV,IV
21,target_rv,NFLX,109,0.3711616925325594,0.10867361627940102,0.23454684172914814,0.12416991610173696,0.33520757976531823,0.11094627308879797,0.07760255631268219,0.06521741852720403,0.2796974215859204,0.1003691175866758,-1.5031641998335676,1.9189576918958866,1.0625448049090263,32.600285976268765,IV,IV
21,target_rv,NI,67,0.12725848783000032,0.050052887846469135,0.1098415638413656,0.04843867112260119,0.06466682106092417,0.035362597669882034,0.17668727315779462,0.0681745874620589,0.11067453749100999,0.04247491400810699,0.7995900734080732,4.920684817225146,1.2710518723770634,23.074718486396534,GARCH,GARCH
21,target_rv,NKE,109,0.3360656481723135,0.16008587709670774,0.45464082413551066,0.22806071594387678,0.404314231451831,0.20201850153944775,0.08459155633172813,0.07325154567297214,0.3627238530679977,0.19122033615908432,-2.278904054882635,5.432269546311759,1.1828806597977246,35.136173460045015,IV,IV
21,target_rv,NOC,89,0.4883306550261398,0.11166920320385376,1.139413275018035,0.33725681696858273,0.5234348133848776,0.1427538966888005,0.1671798465075687,0.05997803186679484,0.326664247602051,0.09782899091121641,-2.8014215061663785,3.075264382823239,1.1609254302182153,22.185136443772073,IV,IV
21,target_rv,NOW,109,0.25801501627433787,0.09304175818735146,0.7046682959063946,0.3209820455311028,0.7993358755049095,0.3567714751082344,0.22799408214422273,0.13609975075037,0.25223050490247567,0.090412539135609,-0.202560599794914,8.804023944656866,1.2944015429707676,38.70883984954854,IV,MEAN
21,target_rv,NRG,109,0.3589054321647329,0.17261236955580392,0.2799414738609567,0.2062511476313646,0.26948357342116064,0.2025638655128309,0.0771916142198404,0.09055607149423486,0.293366707473962,0.13120644822151276,-1.74365802655455,4.148917118193833,1.099478531756237,45.855575277970146,IV,IV
21,target_rv,NSC,109,0.15568501307216448,0.045309865989382456,0.47431066023379503,0.12338070521751493,0.3115665864656892,0.08747473755284979,0.22114967880795627,0.06984659936300806,0.17955741288325952,0.048535867926567194,0.6184315071330566,6.043876340388897,1.384956880468153,21.744014841716186,RV,RV
21,target_rv,NTAP,109,0.1864167071067146,0.07129755971935466,0.4102873501094694,0.18724777468649012,0.477210933995521,0.20880666186053878,0.16541207582017514,0.10306457569480064,0.11147759096213428,0.05716118212944995,-0.2833576480247131,6.994950188899268,1.260396217947803,33.85766825764412,MEAN,MEAN
21,target_rv,NTRS,88,0.2365363169160538,0.08349744488099421,0.27751283716282193,0.11090084790019683,0.2860725696144778,0.10864932429556322,0.15028062157008612,0.07111868660113935,0.23916753337849342,0.10121831153720978,-0.9441378396640382,6.1243962595327055,1.2887436142014153,27.334895672553778,IV,IV
21,target_rv,NUE,108,0.11394196772472741,0.07758720514977445,0.18801579695014167,0.11260705410638833,0.19773853468037178,0.11682874560363302,0.0967011808602466,0.07389247253837515,0.10129947591415514,0.07583390320107615,-0.5522490230738988,6.4441819329712695,1.222930661707538,35.350846828737666,IV,IV
21,target_rv,NVDA,109,0.10730657356311928,0.07530913520264923,0.6726176650318652,0.33132007858719864,0.3048557647026473,0.16143546388593763,0.15700745116398346,0.11378685264964876,0.14123099238459605,0.07848437842612285,0.7322854948041021,8.68469873706844,1.268661126354681,41.010546748302765,RV,RV
21,target_rv,NXPI,109,0.5458691767739279,0.13718091195677196,0.2575363129420976,0.1548105556903519,0.2627113834657971,0.1534510318644746,0.13381065472356554,0.09443472387525997,0.15271775480958172,0.08783957099883379,-1.6375262750053325,4.87869356441103,1.141542089172153,39.34684076320814,IV,MEAN
21,target_rv,O,88,0.3172661577403431,0.05517401659392226,0.18922798409684055,0.055948981535074646,0.16394355524740975,0.049901928166298286,0.0813573122642852,0.03135690202271487,0.16526623050511094,0.0423060647721076,-2.7790717169166546,0.9507519988141959,1.0636797290540785,15.880966259097729,IV,IV
21,target_rv,ODFL,89,0.3173973014197822,0.1346372152388086,0.13631298285836618,0.10512365258330576,0.15382617903136073,0.1133398640885544,0.12465915741476247,0.1006576640775857,0.25363456724793215,0.11358313137282157,-1.7701936052685985,3.8481994401532646,1.1066735293226881,39.92274824890627,IV,IV
21,target_rv,OKE,89,0.14789764591795534,0.06253800257749895,0.23939198205747586,0.10238953078653987,0.24930094601487598,0.1060072391058957,0.15846944252091386,0.07755902784259751,0.09271778812697307,0.04991737611282319,0.18376157085021724,6.966635700734784,1.3094395670246737,29.480355480401137,MEAN,MEAN
21,target_rv,OMC,88,0.22512086805836218,0.1007030422261666,0.11818453666711072,0.08121274344604852,0.12824775517334935,0.08330458658644509,0.08329262603042414,0.061916239891784734,0.12243659245396567,0.0742633836208955,-3.015180413340821,1.4230361342206939,1.048488096064273,30.77119062422992,IV,IV
21,target_rv,ON,109,0.7746405893600468,0.27545084294230854,0.26237667087477656,0.21594693559438877,0.26303346516984566,0.21175797448223674,0.16479512434174157,0.1574886790821402,0.24053102542897944,0.17026213837059664,-2.9621067296562273,4.164438935651385,1.083967838130476,53.76008208154677,IV,IV
21,target_rv,ORCL,109,1.993917331190397,0.4887088264406682,0.9225411389788947,0.43689980090042735,0.6964193422043073,0.3267440009957704,0.49596036494733414,0.29131030796582913,1.1681219975866814,0.3649182034961973,-1.8068317180556366,-10.909819938994513,0.815717831125528,48.291892335327525,IV,IV
21,target_rv,ORLY,89,0.07164539947959722,0.03504227526864305,0.05777588633234988,0.03477361980347189,0.05592016366698053,0.034242553944046523,0.10503412580564488,0.056711556989489494,0.06103399886171662,0.03486490690854251,1.5306825237635024,4.968771344943302,1.2580060030184634,24.227126913467526,GARCH,GARCH
21,target_rv,OTIS,85,1.146969930225933,0.18319553281938697,1.0208247607555805,0.2961965631735159,1.0042144197366134,0.22837575889715006,0.4531060046540983,0.1116346803794261,1.2276820409295433,0.1665502143545749,-1.5100687846019,-0.00800921593189176,0.9996096067054241,20.507752819867967,IV,IV
21,target_rv,OXY,109,0.2358433113636193,0.10239528730666131,0.21637937876202687,0.11326649136282166,0.22291287165697407,0.11578634034263978,0.1534980250255619,0.08803875469829203,0.14330916037734617,0.08256819679134625,-1.4180444622061896,4.4959482480148125,1.162210454455646,32.21270832431537,MEAN,MEAN
21,target_rv,PANW,109,0.3841873006345894,0.129561936728575,0.2312307016425875,0.11621411225669248,0.23856906653033283,0.11940541358639448,0.22813053573344882,0.11319164361133742,0.3050322331964704,0.11512037620275732,-3.623071668237176,5.763441878071923,1.1959717899113689,35.17299047013471,IV,IV
21,target_rv,PAYC,89,0.3779545490056471,0.1555736022184177,0.18570137800541606,0.10502475308588699,0.22233071913104677,0.11966645083934671,0.15064118763231224,0.10392823748017473,0.18326413000738365,0.09519037911376088,-1.7873953166265106,8.21928673392572,1.2607320137884674,39.743174477891294,IV,MEAN
21,target_rv,PAYX,88,0.20999511334219448,0.08871965589858548,0.2841625502942,0.15055487010738303,0.16720792696703388,0.07649406209145972,0.15988804088001027,0.07676135819776748,0.22441131230861214,0.0997802903735703,-0.4832805196953158,4.588782307608912,1.225722186845951,24.918118877171008,IV,GARCH
21,target_rv,PCAR,89,0.1494453922057299,0.06647809988314694,0.0707603992359341,0.05433408181052238,0.07418712128979534,0.05589148263597815,0.07268332482072791,0.05556256071178154,0.08224174281508573,0.046847547783961344,-2.2030826601422753,2.186761013687781,1.0833239158322432,28.430859023800615,ARCH,MEAN
21,target_rv,PCG,106,0.19115095354852812,0.07989103720604059,0.14808582363014808,0.08490434594030964,0.08586677739002331,0.05797038570045826,0.2986888143438966,0.15870451829431606,0.10938889194889675,0.07030730470842182,1.2307511794188037,13.713392382543152,1.5102958659269365,40.58680699983229,GARCH,GARCH
21,target_rv,PEG,88,0.10566647735566552,0.042557246230926556,0.10650710541139173,0.05006586322889159,0.06859839268518812,0.03542996096721358,0.12476290533007006,0.05766704914118904,0.06304863905956687,0.030616695608652083,0.47889192827112487,5.066606190764421,1.275107551139167,23.483425975552542,MEAN,MEAN
21,target_rv,PEP,109,0.2991668077716681,0.09060655164105053,0.16601616197962268,0.06720598279651022,0.17274184420876357,0.06805431197757521,0.10236165450880091,0.0510036291365955,0.24556884249254782,0.07699878969434293,-2.293294172421308,2.352304179189743,1.1132164165118341,23.129363298914345,IV,IV
21,target_rv,PFE,109,0.5139039120298213,0.12488646928864974,0.20387685072289644,0.08970733258209443,0.16462042756768844,0.07602548029577427,0.24342307948113148,0.08656260658471386,0.26781690283215265,0.08411806173938974,-5.679323583766411,-2.2244888782365866,0.9176916240111979,24.801787020333197,GARCH,GARCH
21,target_rv,PFG,61,0.1540168609894199,0.05533770798163673,0.125247848931054,0.0656787316331658,0.13309978507616066,0.0681251876392784,0.11166676037223179,0.06479205823177682,0.13265772126470834,0.04772850565567537,-0.7226203354927655,5.323206919292916,1.2437605501719522,27.161059334451416,IV,MEAN
21,target_rv,PG,109,0.09285148919843406,0.03242308561593125,0.16117157941876234,0.05542125013678098,0.16040891557960668,0.04930305859948375,0.12827757139578216,0.05044943989903174,0.07373743610518362,0.02945325577460528,0.5306046034607483,3.72049009244241,1.2345174802454608,19.584936907018076,MEAN,MEAN
21,target_rv,PGR,109,0.4656000693370345,0.08979171985548724,0.31316549645820296,0.10826940642447622,0.32139862770499195,0.11051905519470759,0.15848958228570725,0.06674596653428592,0.1771552740063687,0.06267915769534395,-1.171565239934036,4.939986525618455,1.237692882623197,25.723051088176586,IV,MEAN
21,target_rv,PH,88,0.3792480080493293,0.09633571843668264,0.26512582913544075,0.10574215531188927,0.3947896148251733,0.14777176794572694,0.09727947481033822,0.05270525804810481,0.209038095865686,0.06636922064253498,-3.916262687655428,4.018216690563781,1.1782883114278417,26.555962762549377,IV,IV
21,target_rv,PHM,109,0.33558940918345787,0.11950555311917416,0.16300779241737937,0.09943750808875858,0.17634441835487166,0.10561965758120422,0.12829896488301817,0.08963271736381027,0.20591061144683426,0.1104198376862991,-1.6549178658706607,2.7322018716216596,1.0845269879559405,35.05562824339557,IV,IV
21,target_rv,PKG,88,0.33043986157931793,0.08965755637881344,0.1477255746008545,0.0752347828856024,0.14528820275227572,0.07450954864313938,0.09782236008578572,0.05373635522670053,0.13133409205553995,0.059159936407908134,-3.9459751896622786,0.6766669647488984,1.0273977898599365,25.37453377109225,IV,IV
21,target_rv,PLD,89,0.3570418960703579,0.09747769013140546,0.3173208636476556,0.103836157840744,0.3391921554708444,0.10967469473185615,0.20513150218655776,0.07369565918676226,0.2533115169662575,0.07462255920633876,-1.3780037153351063,4.581425637203836,1.2160250390840435,25.789271063962254,IV,IV
21,target_rv,PLTR,109,0.20793570360141483,0.15814147886583788,0.4069217550136504,0.3118808104329593,0.2149007966365913,0.18205538730456425,0.11800817865261808,0.13623474973064795,0.11334806089061714,0.11867839051360991,-1.6244759899781633,11.08338870376119,1.2372402369759636,57.801385806774185,MEAN,MEAN
21,target_rv,PM,109,0.3555145087408315,0.10317904131156547,0.09813296179624147,0.06063257524745766,0.09812545584925703,0.06063017151981857,0.05156458907939471,0.047011276276710624,0.3208909033058954,0.08238395698974384,-1.5829290010312007,2.1438903100145525,1.0842141739837665,27.601485018808035,IV,IV
21,target_rv,PNC,109,0.2655374720166141,0.06406473359925817,0.22114323011783485,0.08329894604764934,0.22618510264854852,0.08457060512143921,0.1292519652705317,0.0596282627842671,0.0781446809886899,0.03803496830325016,-1.2002906870148542,4.7928271007516345,1.2449178563190193,24.361947836924962,MEAN,MEAN
21,target_rv,PNR,83,0.235972409979344,0.06304513066900147,0.2456791667765465,0.09596695943847199,0.18694753490331448,0.08038077836750834,0.16110090446244274,0.0714694180949142,0.10689150024995986,0.04566301005617863,-0.8577830025630443,4.171930502088827,1.2011988158979585,24.90729359788701,MEAN,MEAN
21,target_rv,PNW,76,0.11542258486952794,0.036130727588612424,0.11470804902225881,0.0398420645391532,0.06574000270754903,0.02869199437128967,0.21864287768823404,0.0647770939573145,0.09473021307682265,0.03126042577206205,1.3168514146340518,5.370908470959077,1.3698755317086566,19.89176213799652,GARCH,GARCH
21,target_rv,PODD,88,0.8101696506931937,0.17269272725115245,1.1121912167728836,0.5419553947478198,1.111895551364485,0.5413227455936239,0.17870309473834767,0.11153080787851688,0.47506673593401094,0.13657510123707595,-1.9410497805903195,5.2178970421092785,1.1561811865946774,38.62715174095344,IV,IV
21,target_rv,POOL,88,0.18597773457482053,0.09146884237677838,0.11248273723869479,0.07484546954427862,0.1171744023777853,0.07619800459390574,0.14302701913856433,0.08470966526337821,0.09557016066464726,0.06438341777763817,-1.0388232863449351,3.71155018170065,1.127712059530809,32.77341164831713,MEAN,MEAN
21,target_rv,PPG,109,0.223132648456214,0.07864861804155326,0.21630124535099945,0.09365524485969122,0.21883218010546204,0.09420995222387148,0.08108760257147526,0.05050937200016552,0.10536852675383537,0.05464578738381079,-2.2832427561591198,3.195082078482552,1.1390138568357107,26.178992828175364,IV,IV
21,target_rv,PPL,85,0.15390922394636383,0.03937981243263041,0.12859011400406137,0.04549859381385884,0.16261643321692584,0.04693189427929993,0.13246369338581857,0.047389140108948985,0.09100594481196114,0.032721899371591735,-0.24481118802746454,3.6053399248219353,1.231830876825585,19.156935010813708,MEAN,MEAN
21,target_rv,PRU,89,0.10700530348216022,0.04450650112896894,0.1259761542024022,0.062157197242686306,0.15124449493879571,0.07033540993380863,0.09734105347177349,0.05630877103166487,0.08278816556444964,0.03797456033161638,-0.22963926988079977,4.1574277727801565,1.2023259974976326,24.705591746758888,MEAN,MEAN
21,target_rv,PSA,87,0.2828913438453211,0.06942619118451675,0.08018293447388646,0.045980951079916,0.08582998131692043,0.04673080736134818,0.0544864537343145,0.0367342985815923,0.19678449739271492,0.054246976549084044,-1.7316426876255122,2.0561342961873423,1.098726850886782,22.8826295983141,IV,IV
21,target_rv,PSX,109,0.05481448704880583,0.04191754241855472,0.30299046556243503,0.14109456310717225,0.288629607640714,0.13695031933281648,0.07352201832431177,0.055767944008141924,0.05546107233154978,0.042850844517378174,1.1890905873669957,4.59445642660175,1.179403768385489,30.204043493521887,RV,RV
21,target_rv,PTC,84,1.7658319079404368,0.2512342139847202,1.7409884392123973,0.6380033392053793,1.7956529498665341,0.6256331859786242,0.38182637528418556,0.12991379314907317,1.420750530886277,0.22809203283985974,-2.392742753541731,0.24522526504781442,1.0090224569039488,27.424658501296555,IV,IV
21,target_rv,PWR,89,0.16034077778523845,0.06927205748886414,0.33107207500444696,0.17089967416428062,0.40419006018353015,0.10063683764764111,0.12668673946494952,0.08578620540698091,0.25604968787055876,0.0896543996123843,-0.318878643427383,5.819687436759224,1.1906547594433239,36.344429928116995,IV,RV
21,target_rv,PYPL,109,0.4775864068541592,0.150746239417763,0.20237742236082112,0.12125958922486514,0.265259962905066,0.12835988689883146,0.12693792114996946,0.08817366758253345,0.21332792716632837,0.1076431740738458,-2.6588594997199135,3.2465282670763673,1.0946826902671118,37.53503715837939,IV,IV
21,target_rv,QCOM,109,0.9307455539206093,0.1850132374360471,0.29533723387539107,0.1385486999157054,0.3063164339712308,0.14042825706793927,0.16497328438324196,0.09305605605771938,0.5358847593302893,0.1413271082711096,-2.7824676085797635,1.5492225004037854,1.0475179593773734,34.15210614067808,IV,IV
21,target_rv,RCL,109,0.429723255249413,0.13481611687006126,0.23910472835762606,0.15307690331093918,0.25127550234471957,0.1520978966927507,0.08951582801625206,0.07804030793760462,0.18816098479884272,0.10267821281178983,-1.3259728392647094,3.7187955025352215,1.1023314727065125,40.05947744699201,IV,IV
21,target_rv,REGN,109,0.1358770660164563,0.10825664747875231,0.21054016206380322,0.13942760719037947,0.32266790136599005,0.2001169254847509,0.09892118405019289,0.08473668365052824,0.210695743754044,0.12420481943900588,-0.6279568760110137,3.087094711441142,1.0897210823624088,37.49477939553232,IV,IV
21,target_rv,RF,87,0.33595783305596333,0.08493427399575204,0.18981083160470086,0.0880843707404366,0.19916921266142326,0.09095009814077185,0.11236570865357463,0.06297582903198774,0.10098386564109518,0.053275602950804614,-1.3309321881504705,3.98935383361927,1.1689721632518837,27.59888665159245,MEAN,MEAN
21,target_rv,RJF,89,0.11534860410270384,0.04846615438977503,0.10270736951485854,0.058552741421050124,0.12052114264615486,0.06523415691162447,0.09480265860885191,0.05682299520216119,0.07836544800704773,0.038548706710658305,-0.6851694846684399,2.716294891433855,1.123062258701519,24.788820782755852,MEAN,MEAN
21,target_rv,RL,89,0.30953703945497013,0.09183073946811812,0.32040121833160107,0.1707293059188154,0.4569775454974603,0.22292368332380494,0.14782349705961362,0.09785181217307476,0.1570294980135498,0.06956592764471659,-1.0164762182618305,8.186845727425165,1.2798183611899063,37.44456024126633,IV,MEAN
21,target_rv,RMD,89,0.37845855246261145,0.06452918618018876,0.34402133427831194,0.13555019108535576,0.2018859328617359,0.08527712697075725,0.22621184057278934,0.10809170962714168,0.45160692552983694,0.06604872416618401,-0.5649297720618446,8.62843712209018,1.4064402016743118,29.857727646368364,GARCH,RV
21,target_rv,ROK,89,0.23817822877300254,0.07547779362980278,0.3579564810080605,0.14099781494221544,0.32220172644123474,0.13188951268992047,0.1606854108736405,0.08564926834623726,0.17744145519532026,0.06004453955624064,-1.058309076060486,7.5444253174735545,1.3248677526612136,30.767491490314704,IV,MEAN
21,target_rv,ROL,74,0.42003166571208783,0.09711186145106782,0.17977954564395796,0.06522942439054552,0.17897338873822943,0.06530776354599015,0.14854048619174465,0.060206730660094604,0.29508926981292755,0.07335604025142095,-7.448543706550347,0.4608022568077982,1.0209091660288494,22.499091884046127,IV,IV
21,target_rv,ROP,88,0.3838370304074423,0.09151600092245807,0.2566126808847049,0.07835377183835426,0.2932911041419939,0.08766004492538347,0.1680403523995884,0.061594643759756464,0.28812067655911605,0.06593264945569591,-1.664534767551477,2.9148626103674866,1.1576378359223467,21.405744531655525,IV,IV
21,target_rv,ROST,109,0.3709944656864369,0.08414067630410438,0.17339447077320091,0.0746919977989646,0.2240542631621569,0.0916064165191673,0.15100226806243233,0.07634247008199975,0.16036605449326388,0.0586798176841737,-1.257188096648754,4.824396659767682,1.2144473849527682,27.321274674065954,IV,MEAN
21,target_rv,RSG,88,0.2845240163284659,0.07113654873986072,0.19089953840743357,0.06063782209016342,0.20834851750477731,0.0653280429696875,0.09076475654975004,0.04017061199986173,0.19486739182538743,0.054931983166784125,-2.847646646880664,2.4521991410948605,1.1405957500582453,19.89368752235088,IV,IV
21,target_rv,RTX,109,0.3997002625720741,0.09719581084451934,1.0225050790530255,0.3280434972216397,1.1797468354261382,0.37995505687734366,0.08087991985358463,0.045289310141935456,0.25728957138413955,0.07193329912182375,-2.5946768201272414,1.2746415761250078,1.0591255193421818,22.832872105114856,IV,IV
21,target_rv,RVTY,86,0.1941134423704903,0.10234745497505703,0.07153414709195433,0.07748339849280086,0.0727418874507853,0.07703507483402475,0.11184952128924684,0.10005170269589168,0.19801470978633806,0.09601631251082995,-0.7037759767320199,2.671546138036784,1.0730756229560718,39.23019634130278,ARCH,GARCH
21,target_rv,SBAC,87,0.24243632611216018,0.07537926711859126,0.18010980471955024,0.07411237624574656,0.15489413641271427,0.06695007713378859,0.22584027004211693,0.08849866834004427,0.2554270882427591,0.07094304793619151,-0.1788157888307873,5.497885721961299,1.2573841777961292,26.858506133974736,GARCH,GARCH
21,target_rv,SBUX,109,0.12712501937404616,0.05923220152101357,0.12241756534614436,0.08325994784115935,0.142655562604579,0.09207656647849957,0.09141495175783584,0.0786735619085773,0.059490021011301915,0.04379219288937763,-0.6806445420731676,6.050478851002786,1.2170823748770805,33.922289514714144,MEAN,MEAN
21,target_rv,SCHW,109,0.2340571642341731,0.06621406806751835,0.28691305981077114,0.10868426793576609,0.2637511828264824,0.10034881407255662,0.2413999296293173,0.09411657156156163,0.27908496722208964,0.06360067204076064,0.10420886033609637,5.860232033543198,1.2852939113058643,26.401266389023814,RV,MEAN
21,target_rv,SHW,88,0.19877157504539644,0.06963143752989209,0.11670581531874401,0.05881230483699986,0.11070394806117913,0.056527637938891644,0.0811535395683409,0.04399343102161018,0.08700415089073231,0.04860466735387172,-2.591956323968074,1.4396690376876262,1.0675381508254038,22.756051261556713,IV,IV
21,target_rv,SJM,88,0.2275668879788995,0.13300297414847384,0.17015675435740854,0.08999887609800451,0.23999468655072997,0.11914288734813439,0.09242298222816826,0.05430493992064575,0.3143858661377697,0.16975924655771013,-1.7579108105267718,0.921778294130448,1.0370399418602458,25.80784041616019,IV,IV
21,target_rv,SLB,109,0.06619590899474213,0.054057352740040504,0.0987469058184307,0.07735513772706742,0.10414268087151002,0.07976925696681023,0.06192614199018427,0.059438646955321556,0.05204498473478195,0.05261131272778043,-0.21658113256703504,5.081406612684821,1.1739347616297038,34.29584635476935,MEAN,MEAN
21,target_rv,SMCI,109,0.4167439567631551,0.28949860207309247,0.3776883920395109,0.3699016657840907,0.3741511596893134,0.3609176933612515,0.09862040786963422,0.14227321188322925,0.17532449604541256,0.19289237249855057,-3.6275344993335827,7.488236997018582,1.1191627339443035,70.32866327087822,IV,IV
21,target_rv,SNA,88,0.27387815215510797,0.07553537634696612,0.27668073431371076,0.09793919069248398,0.2391186135759216,0.08360653131584306,0.10593912041347382,0.051702549394794156,0.2836826654278222,0.07061026337110737,-1.0313972591962117,2.5926041324692473,1.1308038551714972,22.4131524570586,IV,IV
21,target_rv,SNPS,109,7.679120193513049,0.796426699431288,2.9116317104673914,0.6044567852411609,3.095488053174178,0.64530567677966,3.0290662685086844,0.5746311672527779,4.3801022416921915,0.6212643363409293,-1.3629339126246198,-21.863117096321606,0.652748268023524,41.097309254561765,ARCH,IV
21,target_rv,SO,109,0.10390524191288807,0.02706582458618844,0.21008685463640062,0.05708854242810759,0.2627770782025077,0.060303959247496625,0.18192976399818706,0.05407714719999508,0.08418670847999356,0.02621250348682721,1.0654537198994518,4.64617126756613,1.3397493203972453,18.321463574652114,MEAN,MEAN
21,target_rv,SOLV,86,0.4429917339911965,0.09796640019125201,0.2615043526488881,0.11526248325429966,0.25075456095199206,0.11105601274197804,0.1597613813692308,0.08452770534561706,0.17815821572871157,0.06928155148704995,-1.0335096325945838,6.2226324198508625,1.2476875124344542,31.345547817120067,IV,MEAN
21,target_rv,SPG,88,0.12889444953831442,0.04517419984358688,0.49533399433412745,0.13672569354240666,0.6195940311679645,0.16750211862375192,0.17696185192974054,0.06421503344604453,0.10192204022489787,0.03709135629729372,0.7627500505449171,5.65760666811336,1.328928948142427,22.857694103602935,MEAN,MEAN
21,target_rv,SPGI,109,0.5553050030558678,0.0928607108013034,0.20753686468119992,0.07287021972641153,0.21107493508639702,0.07374290298610231,0.2236840486962431,0.06611935567327333,0.2932751359636604,0.0689334898905187,-2.5150925100423978,1.5177874410853645,1.0741022425407685,22.000128987636142,ARCH,IV
21,target_rv,SRE,85,0.32295382097778724,0.06377763129573792,0.6442610995319382,0.18321274074186802,0.3343825852694429,0.11343690392270046,0.22756819859167265,0.08213765654886503,0.09648211978524789,0.04129639505755813,-0.6187391829694949,6.082130055574458,1.3226888491776507,24.93041090281886,MEAN,MEAN
21,target_rv,STE,84,0.7064363526512167,0.11019905892886499,0.4185541462298284,0.1464550101471683,0.27847151488379634,0.10086301356196438,0.11796524828415789,0.05786882915981271,0.551808654579552,0.08433494090923578,-2.961121414757792,2.961892639708617,1.138002625920513,24.42447438373001,IV,IV
21,target_rv,STLD,89,0.07853780196830604,0.06724646400330594,0.12816202074454158,0.09257438520762475,0.12319349806668528,0.08977299836904191,0.08516585118419848,0.07253915496046674,0.0628008873662962,0.057034345245170835,0.23417156465060796,4.324536747509133,1.140443273385032,35.116589960717945,MEAN,MEAN
21,target_rv,STT,89,0.4234271571041258,0.10390303242879828,0.21752494695018032,0.08951160560122771,0.22998288602372094,0.09350067123864632,0.13680814382039522,0.06752017307655707,0.21324425489713827,0.0763500766415952,-2.0662707097497406,4.718184459530044,1.2072199373754258,27.487154083249138,IV,IV
21,target_rv,STX,109,0.26002033998043317,0.20174257897074727,0.23882950363183197,0.18980885839554634,0.2766772075938207,0.1915210008604343,0.10897803036030064,0.12867460248882326,0.7847551763654136,0.2548135656380315,-3.273478748870927,-4.197119590847191,0.9232839942151154,50.51270983661431,IV,IV
21,target_rv,STZ,109,0.14066855334862025,0.07459865408527225,0.27038105971830617,0.13589975930354917,0.08559865870510075,0.056054703656014344,0.19557055742859894,0.10421353934727857,0.09574420268487026,0.06022569421366439,0.7862854258670887,6.023593952787384,1.2258781690509846,32.69104029386231,GARCH,GARCH
21,target_rv,SW,79,0.623733462752403,0.1795930486908099,0.21352798647782667,0.13940132738447295,0.2213296000503525,0.14093167742373655,0.12785417770853352,0.09604020589504614,0.27393472284433495,0.12373384493695266,-1.8107980326611812,2.248892183306413,1.0611804573688624,39.00723430794367,IV,IV
21,target_rv,SWK,88,0.1497069514215614,0.09240540305221559,0.1656604439489045,0.1362634666323966,0.12847608231122157,0.11388168433319475,0.052562295646253414,0.06520368835750552,0.11801014874233794,0.0767471163599065,-2.846465316711046,2.2588269881144365,1.0603435376589296,39.691617237861685,IV,IV
21,target_rv,SWKS,89,0.21113144969771727,0.11147356202669652,1.0298998477317414,0.4910931868340635,0.6029524829975245,0.2946319736357848,0.1977573979057843,0.12551837518817527,0.3018122384431355,0.11146401565977987,-0.11360471746000403,8.848289362327884,1.2683016969031562,41.827168976055,IV,MEAN
21,target_rv,SYF,89,0.10085649378126632,0.05358568784906638,0.41893157842038675,0.1812581238711698,0.49298895165388157,0.20727717564078652,0.15075038441913496,0.0918857762933074,0.04149657470492919,0.03588394175489144,1.409813446206437,8.339711961522733,1.3294971242336147,33.65013608410122,MEAN,MEAN
21,target_rv,SYK,88,0.20248720444914434,0.05719435542938311,0.16485560252433948,0.07017633818551809,0.1790320895377628,0.07333398985538192,0.06688635968725459,0.03858000791546389,0.1893754448128771,0.048294207321365044,-3.1696456471320067,3.3111108973148147,1.173932765334187,22.347839779035255,IV,IV
21,target_rv,SYY,89,0.08774870286892514,0.03816374722185775,0.0895143831559028,0.04495084566560518,0.09170581099702173,0.04564569192936639,0.0364580548031849,0.02767621513859996,0.06562704467554985,0.03069271896846015,-4.045287119573434,1.7083968055048229,1.0925832561302804,20.16094294517423,IV,IV
21,target_rv,T,109,0.16516461287937434,0.057212305239598846,0.25178364456923097,0.0850911686101827,0.19756538872712356,0.06745112759110963,0.18074617116613662,0.07119411821065412,0.13992794947430082,0.047826209296825,0.1932642344082224,5.5536792284007825,1.30121814847743,23.991078357480493,MEAN,MEAN
21,target_rv,TAP,88,0.15342107277008624,0.06066008641041966,0.0770125451346067,0.05274430227181458,0.17538851354545495,0.05873629699026918,0.08704697024756002,0.06154824555361866,0.1191187037209143,0.05154926472010336,-1.1168860854754525,4.695104025603818,1.1928730299215424,29.03808255149574,ARCH,MEAN
21,target_rv,TDG,89,1.729455908322863,0.1883369890633481,0.4877555195399944,0.1653597554788694,0.6849048111140558,0.2299401742121464,0.4337864424878179,0.12719912837096634,1.2789862879871274,0.1606452851443389,-1.6095771361472893,-0.4224383884530906,0.984020553094284,26.01392020052818,IV,IV
21,target_rv,TDY,87,0.14129452980175694,0.0469777284360158,0.118881110810041,0.055658760316501465,0.11590346732926207,0.054714911683068995,0.06397416768311263,0.03788488664056152,0.18731757283394074,0.051189049912689084,-2.4642396708352945,2.0900490688322027,1.1040456013496598,22.17786673455268,IV,IV
21,target_rv,TECH,81,0.139857038218263,0.10928541049924878,0.0956976563945583,0.09553205908853935,0.08673115648821729,0.08866294959133794,0.16476607362507129,0.1401960009687548,0.1338086582971827,0.09915150267113632,0.337337691930991,8.707796417802122,1.216814727320677,48.87018079736026,GARCH,GARCH
21,target_rv,TEL,89,0.9538887717601625,0.16647270257638336,0.3798887327706533,0.12996944091389454,0.39900841359943956,0.13923999045869112,0.21671848542866692,0.08452062997292079,0.8626618280448104,0.1427753702628976,-2.546746655848483,0.3551536072416465,1.013270312440739,27.11817134534295,IV,IV
21,target_rv,TER,89,0.6298898829395374,0.28024354006208707,0.20324625392644746,0.23461919130291917,0.17583721755863121,0.19025941101154806,0.18218732596003415,0.15326598132285496,0.4424573023257452,0.21261952494193678,-2.772212910653436,-10.144206575698243,0.8254472738206271,47.97122248539768,GARCH,IV
21,target_rv,TFC,103,0.4651390568732,0.09538374046601215,0.33889031251795976,0.11522237990928699,0.3488213089835566,0.11746562129363673,0.1722413039007751,0.07410481948443703,0.16442061263461366,0.06026294132739475,-1.2170031052341517,4.890922919726714,1.2348776306764087,25.714203985878804,MEAN,MEAN
21,target_rv,TGT,109,0.18264977783618194,0.08072878999268503,0.1431645228330951,0.08932997002306434,0.15409392838844085,0.09416925777611214,0.185754081933792,0.12457884105603616,0.08073834886058409,0.059044410195800166,0.042988317287669435,10.97809755282118,1.3835982316775681,39.59683623889721,MEAN,MEAN
21,target_rv,TJX,109,0.13346893384879216,0.03764069006818774,0.09932568578964279,0.040761434760340144,0.08462736586260561,0.0366423452501033,0.14430238157570804,0.057565179567604055,0.08240578804711705,0.02858909499886701,0.20455168828009754,4.810580612537229,1.3066107400580615,20.500117814092103,MEAN,MEAN
21,target_rv,TMO,109,0.5463752594413899,0.16601078196092248,0.3428839522635501,0.13285695507157896,0.33929834923188973,0.13176879763354624,0.2216978589705804,0.10064147270670569,0.4175881881030088,0.13453209055883497,-2.9817430177897575,2.236577917374199,1.0795539270702368,30.35056298060763,IV,IV
21,target_rv,TMUS,109,0.16179221737919613,0.06193051348832971,0.3042201799947366,0.11638256976367922,0.22916305201845646,0.09637926461499056,0.07718207659526971,0.048374140016348294,0.08653429976961194,0.04812897959051863,-1.8084027687107156,4.204919054155155,1.1955197886510796,25.711279526235842,IV,MEAN
21,target_rv,TPL,89,0.23266184029178935,0.11141512930295137,0.11090753926261504,0.10916720651189206,0.11873328858658748,0.11381829309430717,0.05805381584301235,0.071232058130376,0.13512856263972198,0.09070591429346635,-2.0005846511498286,2.5446814413346086,1.06228694370514,43.39885231510308,IV,IV
21,target_rv,TPR,109,0.7532300022999475,0.257060718683229,0.4353745528620026,0.3034319584485047,0.307463302782211,0.18410567155357027,0.1434373630754294,0.11711474801677817,0.3960277830916531,0.17099871343817344,-3.205264068538651,-0.4217585922501435,0.989868038878698,41.20479200350897,IV,IV
21,target_rv,TRGP,89,0.19692875948545807,0.07636372813180936,0.23585792305976383,0.12060487061782771,0.24000155654876038,0.12294363354934378,0.13933029824141926,0.08443670495964323,0.14324683570568764,0.07107268892835472,-0.5539742863280994,5.036543434898688,1.1834948458386119,32.484417580249065,IV,MEAN
21,target_rv,TRMB,84,0.12752564937996272,0.06173470631881629,0.11494743972370498,0.06848472337932236,0.13568157386642957,0.0811012002520488,0.10928573123377874,0.07066840554101766,0.1996251669904041,0.06796604274448063,-0.37438609493902114,4.800535139719029,1.1886321909174926,30.24971810456491,IV,RV
21,target_rv,TROW,89,0.1532280367297887,0.05943671847172203,0.13925453655774597,0.0728080106431688,0.16402720790867842,0.08166944808509399,0.09561611310981545,0.055017027142702304,0.07249075244024732,0.042366172903601666,-2.1058995354890233,2.287849823993083,1.0985252778689998,25.508792443764456,MEAN,MEAN
21,target_rv,TRV,88,0.18744407283029005,0.06109505896918181,0.22852346046697125,0.07473627561613326,0.2371058980112126,0.07678806525427309,0.10553895262787685,0.045555649815622414,0.16252666469658159,0.05616821686382106,-2.5425286096720168,4.027216140701035,1.2262367214300074,21.82811121752863,IV,IV
21,target_rv,TSCO,106,0.0866888093166111,0.045431701884766196,0.1915109030535691,0.0867888249041625,0.18901993518666396,0.08373712242933003,0.1947350883523597,0.0947701824083988,0.05995009683655764,0.041632821243896896,2.251948994571043,7.893849944704197,1.3660651330491964,29.45790844694709,MEAN,MEAN
21,target_rv,TSLA,109,0.12234305176480971,0.11816782038641634,0.2903997825650364,0.24702642765651192,0.22043602126985765,0.21296860758183284,0.07039429087365884,0.0979346403338271,0.10856574508091021,0.13291234382200773,-1.314461164835951,7.04050976230738,1.1520627676075619,53.34053358192685,IV,IV
21,target_rv,TSN,88,0.24617538997364832,0.06966107705387065,0.16551111195211668,0.0668224397724757,0.15257457361458585,0.06286572777657681,0.12200024726721988,0.061462369669829445,0.2915072295986565,0.07238300912876383,-1.5626372250817533,3.2974038071009875,1.1500541601210539,25.2721614842014,IV,IV
21,target_rv,TT,89,0.779401376929865,0.12231925788176254,0.38647230163208673,0.1795461541593182,0.20907166431480115,0.09400657275951965,0.10596279294832352,0.0618424173871917,0.8718435033715712,0.10233740041391132,-1.5086835533771417,2.7014124326395663,1.1113306529876483,26.966180132684187,IV,IV
21,target_rv,TTWO,109,0.4314862384841678,0.10503634191178512,0.4090585685369912,0.1656171192191673,0.29364301723471914,0.09825848168850558,0.17661313530336686,0.09412026515806934,0.22829948375189255,0.07391554804004795,-1.4647375911749019,7.903376718656979,1.3242751587832646,32.275816310736104,IV,MEAN
21,target_rv,TXN,109,0.9180993014601216,0.19059212156634983,0.37543464589680686,0.23069161018706213,0.35254665453372397,0.18613245159584352,0.17277131302211213,0.1042370281346217,0.5979567625835607,0.14861626820952942,-1.6365544618442525,0.1562984745546526,1.0048450180036341,32.415925670454605,IV,IV
21,target_rv,TXT,87,0.3985146451021736,0.0926991561619341,0.2505564190606342,0.10079013091899702,0.24191052002656518,0.09571467873716535,0.13152914822178532,0.06408585942117025,0.33289427194627363,0.07471858444572459,-1.4322924132101407,3.775127018696854,1.1730288417095762,25.593033105320856,IV,IV
21,target_rv,TYL,87,0.27535223677195236,0.09078289810607505,0.09990598200948789,0.060413617380727924,0.0985219589154503,0.06018128046796199,0.08836228632002925,0.059871002873939205,0.17618833805323508,0.0693619074586924,-2.751328674274852,2.3458665037833093,1.0890325329561328,28.694285737673226,IV,IV
21,target_rv,UAL,109,0.3036484274668377,0.148688574695781,0.27208501553591063,0.2007559528867774,0.44452538209015285,0.3069307379161615,0.13055287534157406,0.11356193540186885,0.16537094990388573,0.13360943884163912,-1.7929648896683896,7.459397790779714,1.1805462502564652,48.775114844906646,IV,IV
21,target_rv,UBER,109,0.1097529489349058,0.06960299885577474,0.15338522654443926,0.10512797285129144,0.15491087911260568,0.1057849386314773,0.15934674649010933,0.11249316062438315,0.07785712973433107,0.06140365171883655,0.9254786635073222,7.745179007582302,1.249581163681418,38.77788553614375,MEAN,MEAN
21,target_rv,UHS,88,0.15043568704469304,0.08188190199198214,0.2213797223199024,0.11092049042841359,0.19066421518271479,0.10388851102970248,0.13205345113562358,0.08275534638916832,0.11802351292483172,0.07147600299338205,-0.3279522780824468,6.909953170124615,1.2642623548644512,33.05803307226941,MEAN,MEAN
21,target_rv,ULTA,109,0.8881944107727688,0.1721670034243975,0.7206628853485485,0.3284469874855356,0.7271344202936221,0.3410745429691817,0.08231770898579215,0.059064388291285234,0.7071471711082407,0.1471612741712755,-2.9444315560275243,2.4141651400103887,1.0794635142082245,32.79496523506234,IV,IV
21,target_rv,UNH,109,0.34616782243152977,0.16109388227961657,0.4311166222563359,0.22617639672245252,0.5337563589407561,0.27891250041813,0.19812575831680201,0.12038970006600773,0.4667805447250196,0.17329737070024187,-1.3505959951165531,3.0087691471105282,1.0826230346083503,39.424390545824636,IV,IV
21,target_rv,UNP,109,0.21196714383668375,0.06030239290903823,0.46255558745717573,0.14049902985463525,0.20851224028752724,0.07284207911417039,0.15037867386979129,0.06031251789235754,0.16538374036232736,0.048827746004669666,-0.5168924817620653,4.652696449287688,1.2624426742591515,22.38112595268976,IV,MEAN
21,target_rv,UPS,109,0.9384680222198325,0.1827295057620494,0.3575367200971905,0.1506421907444399,0.5368339536974095,0.26420085122415193,0.15864522095511552,0.08228358281565971,0.6160307820254733,0.14188055794092772,-3.1084177092355523,3.7550933107555924,1.1313608664503003,32.34118148318945,IV,IV
21,target_rv,URI,109,0.3462461207268065,0.11804543232667591,0.19448546242905437,0.11452424539219472,0.19057948771205405,0.1102190454808486,0.06181952607846123,0.05580835626302793,0.2140184600688803,0.08920734931941354,-2.9720843774102725,2.6277874904445016,1.087024965218012,32.82357652479163,IV,IV
21,target_rv,USB,109,0.13602379276172002,0.0508593943847187,0.21193950196532846,0.0883278932310542,0.2858278872445752,0.10936998777967523,0.11033793803880866,0.05993549855833465,0.04299781192641068,0.03035786509511187,-0.7366979330371001,4.389594389408811,1.2133515522247165,24.964061008641043,MEAN,MEAN
21,target_rv,V,109,0.1600371427555008,0.060005078823197396,0.28402127337645894,0.09632954171064018,0.3175368208416427,0.10667259924788781,0.16029419936084482,0.0646503992897199,0.16000227810326945,0.06651722115597096,0.003800398326071469,4.787459159595841,1.2702725434283848,22.500909067852596,MEAN,RV
21,target_rv,VICI,80,0.1198665152888427,0.03964055522502836,0.14335001460094832,0.04917824282835976,0.138756419443959,0.04792937131996095,0.14880492037289592,0.05035003771645149,0.08314072985565626,0.0316244028894704,0.7650086890615323,3.7703978236890388,1.2501321072767602,18.844023775743494,MEAN,MEAN
21,target_rv,VLO,109,0.15669675662522956,0.08404633453201162,0.20588364870799492,0.1185438837022145,0.22328029818042672,0.1258090860933266,0.06088508969885208,0.052800574810325844,0.10801240377045068,0.06944239636035088,-2.976769069575105,2.095320116825871,1.0704042885285612,31.85657700355451,IV,IV
21,target_rv,VLTO,67,0.25669742580658794,0.06132957248418945,0.18995201374679455,0.06661199962561534,0.18121282026213892,0.0636587000539536,0.17505697968793893,0.06555758429607401,0.21269592736542786,0.05497506207319159,-0.6162684975041023,3.0115207239864805,1.1623713929564987,21.558634653059592,IV,MEAN
21,target_rv,VMC,88,0.03897562495444906,0.026964183335469034,0.15956798487125187,0.06941856901657838,0.10360132353751057,0.054596912957342245,0.12114929058843395,0.0600646592506776,0.01868830515714319,0.019204035887816183,3.9374925515770496,5.445432806143851,1.2855357452586051,24.516364892814863,MEAN,MEAN
21,target_rv,VRSK,87,1.0337872347807657,0.19864996361790888,0.4942454293147255,0.126500710490357,0.4815148966758681,0.12430962267042209,0.2543117045579001,0.09749120959254946,0.7103176468858248,0.13620497123949615,-2.63488165994548,-1.7777851582243458,0.9312296292622964,24.07324834870521,IV,IV
21,target_rv,VRSN,89,1.2235772406904475,0.1845125042452224,0.44784450424365824,0.12049291132886235,0.49162057039282847,0.12709350403804084,0.2897210596249689,0.09933123345289771,0.9180274572400945,0.14262885985997462,-2.3449593354911293,1.0222202275354046,1.0414297828480394,25.69578009833679,IV,IV
21,target_rv,VRTX,109,2.9379273924358893,0.40504265511656795,1.1682271516019005,0.3436892857088864,2.243962476505953,0.5436125054940001,0.8065835009631501,0.2372688861261647,3.2895129764619737,0.32652929570091715,-1.7508199015087273,-4.866608846624545,0.860910861243502,30.12252754557402,IV,IV
21,target_rv,VST,109,0.10227334418075343,0.0922253611993116,0.45960135532730284,0.34800057542635865,0.1973554887486069,0.11309521608137904,0.10733068934299671,0.12717486683910356,0.08948264146719341,0.08552241031617262,0.12306296962146093,10.410656044368055,1.2284572907929874,55.98003143279237,MEAN,MEAN
21,target_rv,VTR,82,0.3902094427734424,0.08578581895159143,0.3110483383692657,0.08676526254825277,0.3422868747002761,0.06926327857526388,0.20068919903304583,0.06752173763650281,0.29278177183772647,0.05894209068104124,-1.5003943720824409,4.778322038206548,1.2807584953146731,21.797654019064392,IV,MEAN
21,target_rv,VTRS,70,0.7132608577252177,0.15243191614769716,0.8201733971803847,0.37235531030935165,0.7292502541069563,0.3413649298192,0.19050758014258726,0.110217853765027,0.24632933743119848,0.09998912363520517,-1.512204492212413,7.527229755672149,1.25085119990739,37.53398180011554,IV,MEAN
21,target_rv,VZ,109,0.27588129154407676,0.0658899037630789,0.18296570129085918,0.06598072414081604,0.17452245083012394,0.06361444903558304,0.052895887709935877,0.03267897254203204,0.19387341963650237,0.054002420011141215,-2.106086712495924,0.9407179256754716,1.0498054506002406,19.828568840348794,IV,IV
21,target_rv,WAB,88,0.3864222376329272,0.08128171442388966,0.19417506642304874,0.08950310733712669,0.20208393967526003,0.09179266415719115,0.08064426035922141,0.04990059787390068,0.2994762725532871,0.06177597338884676,-1.5669845495092987,2.12536936291336,1.0948294605629076,24.53791236692465,IV,IV
21,target_rv,WAT,88,0.8565768380687154,0.19368715566348246,0.2634213187897359,0.1334164286738714,0.2596910986321305,0.13312401957369183,0.1835763015067216,0.10762895777026929,0.750182409694727,0.16067725870585642,-1.3298039807462745,0.7047117353736412,1.0213646405687367,33.689668028289844,IV,IV
21,target_rv,WBD,108,0.7076220353202127,0.39145751208552104,0.7422133299877666,0.45444292423147997,0.5535263151711783,0.31297972568815285,0.9610592674665256,0.34007457243167893,0.8878112674137777,0.3291014676142407,0.7328098475692374,-4.586509437443523,0.9198139817303085,52.61185926091978,GARCH,GARCH
21,target_rv,WDAY,109,0.1769606515243325,0.08483325481596686,0.07904807427046744,0.06936397484019766,0.09609613730010469,0.0793438767247739,0.09516050689248011,0.08483024085085561,0.17278077690832808,0.07684253595926485,-1.3836864408788685,4.171919344290763,1.1294037272856208,36.41148022712733,ARCH,ARCH
21,target_rv,WDC,109,0.3817343495071483,0.1667094243338168,0.1901694559037578,0.20418802279021336,0.16249125039030576,0.15210608934043948,0.09099268055408659,0.10206955590699579,0.783952724720939,0.24161933770601582,-2.763776159517119,-2.945414073734864,0.9468670899254795,52.48942037451619,IV,IV
21,target_rv,WEC,84,0.014127220347510714,0.01213289540923444,0.09420934125372663,0.03790983949287982,0.032544801537203356,0.02104151808956546,0.11948936073566833,0.04520821803613711,0.006602417123274721,0.008272556075059797,4.694655143187372,4.1055642710002145,1.2852485854144533,18.49849899856429,MEAN,MEAN
21,target_rv,WELL,88,0.21767188476033086,0.0567126463311675,0.1114275332793875,0.050897425777374654,0.12118321479827689,0.052092151294979044,0.09455579154636616,0.047132179301023466,0.09012371909753586,0.038514895139999256,-1.8249102741140262,3.6409585454732767,1.1884665335202964,22.959818384751713,MEAN,MEAN
21,target_rv,WFC,109,0.33341305409761257,0.10328969880921363,0.20233026436119814,0.09097519640183273,0.210835344828031,0.09361046948961606,0.10326457883504586,0.05914671946386954,0.14372163433849167,0.06564461858542783,-2.0651694032696546,2.8655345096817584,1.1186500763722278,27.016673702310833,IV,IV
21,target_rv,WM,88,0.3200454562005654,0.06686955550031828,0.14140404968728035,0.052150323261266174,0.11926485243444623,0.04615377899834397,0.0540660512643881,0.030633443155786453,0.1648804735378799,0.048264943830102464,-1.9078193383412616,1.5187715386654528,1.084232381217309,19.54950409919005,IV,IV
21,target_rv,WMB,109,0.2824046625136075,0.08391052547863917,0.2803323670602049,0.10459555745416076,0.3106629901352044,0.09066311416974382,0.1623676286728694,0.07231731992904075,0.2242698286540028,0.08122839190348914,-1.3975946909255454,4.476375772081052,1.2055963448386038,26.249018547394385,IV,IV
21,target_rv,WMT,109,0.47321211423057186,0.08153844207403856,0.257790856667528,0.09541071317971504,0.21885240588169808,0.08080930118111646,0.08657017686815587,0.04416510473513222,0.2396411503125843,0.06357136770702078,-3.4120316609534846,2.913223601995994,1.1380738414972151,24.01224982163477,IV,IV
21,target_rv,WRB,84,0.21583370500942478,0.06387443514948812,0.1863827937680632,0.07059629316638033,0.21724684455000182,0.07407783941548857,0.20337234353701023,0.07322030304039169,0.294599119883763,0.07421533090937042,-0.14964762333405285,1.4419983929501798,1.0679126074465912,22.675145626830272,ARCH,RV
21,target_rv,WST,87,1.8287826477068858,0.3513497821362759,0.812893339484109,0.3893493650064135,0.7227261525001825,0.3659503644045544,0.18556793595815227,0.13701480327631327,1.5016539544642533,0.2676606986817337,-1.7223362674740688,-3.523402693659352,0.9080838413890582,34.809386088050296,IV,IV
21,target_rv,WTW,88,0.18688512292988302,0.05654089571988466,0.121017487542237,0.05077588282831446,0.12360624073623114,0.05172893956886351,0.1563121758421188,0.0633411089572838,0.0852792466365826,0.03652488208477709,-0.4490982939517925,5.643172731948887,1.3136319250719852,23.636152020181935,MEAN,MEAN
21,target_rv,WY,87,0.11347805715466082,0.05894027411003463,0.08561684112557148,0.055532027823869345,0.08646086152890145,0.055986459008811225,0.13385888604977705,0.0749178404300923,0.08227624039573148,0.05129246447880836,0.792107971769101,4.407264748730479,1.1783449887760578,29.11928373494676,MEAN,MEAN
21,target_rv,WYNN,109,0.34664335502840593,0.13080021275951306,0.1906321113199541,0.1183915172860953,0.20762464786070672,0.12662084683106278,0.1704072916357473,0.10846392295826879,0.2230418396131132,0.1155101548207018,-2.11790676475098,5.026254524409308,1.1461034324895647,39.42828354428415,IV,IV
21,target_rv,XEL,81,0.6121681808563477,0.09108381644991619,0.2595459694734208,0.07550616778710764,0.23478333129513163,0.06694310751010715,0.19624601894873717,0.060145216686391174,0.2200655159336869,0.05594822240069106,-1.6949128800889322,2.5587788207110997,1.1492240573994894,19.70600605271809,IV,MEAN
21,target_rv,XOM,109,0.07944971572012388,0.039060844853846484,0.1759241124379494,0.06922148454285108,0.18626303761339252,0.07197064534662473,0.1126026633351402,0.05309098850934593,0.07515189450847734,0.04184353866756254,0.8311887275267205,4.12125657623547,1.2285136148669342,22.156315794196406,MEAN,RV
21,target_rv,XYL,86,1.0317206747855552,0.1354988918714878,0.7648024276755617,0.195627055533178,0.45975793608944887,0.12153303299390292,0.27887004398922366,0.08931466564270579,0.7401637858698875,0.1080780635692308,-1.1906192061294556,3.1390425623879157,1.1607759915236815,22.663366639876504,IV,IV
21,target_rv,YUM,88,0.23184073305901895,0.07623858184781014,0.09875936612334418,0.054728321531596305,0.09924348146991792,0.05493500433663207,0.03496202029780127,0.029957436668033244,0.14945204619672597,0.0559312802190588,-4.427723637957983,-1.0422714683691927,0.9542167629576884,21.72307968856083,IV,IV
21,target_rv,ZBH,88,1.3059056313578654,0.252989446658223,0.5458926490128596,0.16495280535344092,0.5349584722907864,0.16640498816049282,0.23081489067932212,0.12164224834095393,0.8695158969891476,0.17534360417177944,-2.2676941080749122,-2.099006679018398,0.9323365265045781,28.92226034417727,IV,IV
21,target_rv,ZBRA,88,0.9814987120568065,0.24397681306748414,0.27636261385722816,0.1622015287035533,0.2880507356752931,0.16856055957765645,0.1557909875327985,0.10950782123345298,0.617988721708911,0.17537313830023799,-4.165192917442061,-0.34495192182159384,0.9913070516427461,39.336857706524974,IV,IV
21,target_rv,ZTS,88,2.0101512403819815,0.22035276790890154,0.6025565071682538,0.15330135652965812,0.597014312709402,0.1529762328884619,0.3250694822505894,0.1235796423692868,0.9629944613157426,0.16087802144429036,-1.4263190450910763,1.9352933853981287,1.0716020995042934,28.96373806504172,IV,IV
21,target_iv,A,89,0.15525936356968134,0.06538561568774123,0.031024414859795894,0.03981892221210935,0.035016585033885314,0.04266765304522872,0.052564748937993476,0.051258347521421756,0.09448100030909468,0.05513774980886131,-2.261941146600965,3.4531021953672267,1.1226431308513922,31.608794009459828,ARCH,ARCH
21,target_iv,AAPL,109,0.17683378052768933,0.05691273297939531,0.19226142724292267,0.09560676933799123,0.20737120932050712,0.10074166756472579,0.06986504819706008,0.047207568881616535,0.13691115223309402,0.05242904629802494,-1.4847218495448742,3.819303219315577,1.1752142672549133,25.617204036142333,IV,IV
21,target_iv,ABBV,109,0.2465377981679437,0.06557325172622776,0.14379437380741786,0.08204003484803905,0.08661981782996934,0.05598447276337977,0.10153651850958795,0.05473554118211498,0.0988848348222057,0.04536580662617059,-1.3943727467011642,1.265976223492243,1.0547353641735462,24.395012498436788,GARCH,MEAN
21,target_iv,ABNB,109,0.87949619941081,0.15162687316131485,0.17075527652263225,0.12104758147428488,0.17046297484115508,0.1201882616019133,0.20880727582070038,0.12041889600429405,0.254326904484059,0.10556584249829505,-1.7524872069030473,11.119592717975866,1.4296376324735485,37.00092125513668,GARCH,MEAN
21,target_iv,ABT,109,0.28719871427793064,0.08668839540258501,0.06341103464515269,0.04288551436067812,0.050141219849865686,0.037277850142248145,0.09522660628264519,0.04707824085118065,0.04411525808057035,0.036349075890597105,-3.2608296672743884,1.8549505080511883,1.0941278009747128,21.561673589253473,MEAN,MEAN
21,target_iv,ACGL,87,0.15061574310401168,0.05776456544449201,0.07341428531206322,0.04902033787930725,0.07624077564271634,0.05030284897311423,0.11472641395483482,0.06255854040973204,0.08612209883574244,0.048405438946561116,-0.5842052340256761,6.181186725532194,1.3139431912651682,25.870056869912368,ARCH,MEAN
21,target_iv,ACN,109,0.27728711524837424,0.10409319010808882,0.14240484316011973,0.08408979890562113,0.1657495286538448,0.08950533567351575,0.20205559272357013,0.1078861854847115,0.1766326007288271,0.09124946311128998,-1.2232924951990383,5.398917924178867,1.1967315736008608,32.84198578237872,ARCH,ARCH
21,target_iv,ADBE,109,0.7682942127734184,0.16042676069694345,0.1338580838763475,0.0949450263208046,0.1807481508815393,0.10481138541147997,0.3765390781282348,0.16027018672789065,0.5165000937196202,0.14711248548404124,-1.6390208802900728,10.382274119038899,1.390346847228366,36.9798352182449,ARCH,ARCH
21,target_iv,ADI,109,0.6781512945826027,0.11058626149611207,0.25905399292357645,0.1652893235095011,0.17691736428089364,0.11768997013905665,0.13191606232403086,0.08418967494970586,0.332752619546421,0.10107082388135803,-1.46546979477552,5.085395559846216,1.1867936810549446,32.31006146463323,IV,IV
21,target_iv,ADM,108,0.2345806090816826,0.08175602070573215,0.05350083688967469,0.048884125407046876,0.05515322991671745,0.04998793683828425,0.10233579306674973,0.06699841972139024,0.08080120669496706,0.055138318780993685,-1.4199223807894432,3.5477742977650752,1.137637442893529,29.324003666611258,ARCH,ARCH
21,target_iv,ADP,109,0.31829163087789314,0.06752959786657531,0.05956853780948322,0.03589001473848715,0.056488171673561405,0.034762415777404146,0.09834796706603763,0.045272374958520496,0.11241309738266868,0.04442719468929991,-2.112983672357489,3.4327879096887837,1.1949886190994783,21.03785596721199,GARCH,GARCH
21,target_iv,ADSK,109,0.6014354735227102,0.11240910376536299,0.13057701975177227,0.09387167757174665,0.15514501829206775,0.10220991300356873,0.25096456474116713,0.10826306634576907,0.2833523445453482,0.08464719973269304,-1.2737938240869717,5.297000164438445,1.2158804401388823,29.833730592775215,ARCH,MEAN
21,target_iv,AEE,86,0.3086151440543157,0.052315049885262296,0.04678700386693541,0.028683315212663197,0.3323385234395646,0.05627185653229426,0.0646355956880314,0.0331380095962374,0.26153677508026035,0.05050073627456156,-2.928507964760861,3.6965273853305316,1.257711829677638,18.040173891408166,ARCH,ARCH
21,target_iv,AEP,87,0.2482131878544405,0.05473920516087259,0.04469106254892374,0.03006113555707475,0.04185615818530757,0.028915532645609598,0.06249193446548091,0.03431618246606012,0.14388082074310754,0.04134341292017018,-2.0820720130297734,1.313692478672684,1.0747946208177288,18.87768925157024,GARCH,GARCH
21,target_iv,AES,109,0.5440475677759382,0.21223340966242474,0.16542043848825475,0.16041801221550966,0.1648740554004427,0.1595061796253496,0.15248008890361017,0.15267409452518854,0.14359625876919951,0.1383973100223052,-1.934982383779653,14.154581445678543,1.3867634217071205,50.7520998542244,MEAN,MEAN
21,target_iv,AFL,109,0.2161652637080192,0.054830900940974474,0.12483578088115814,0.05404752201885161,0.13126495184724946,0.05607576034646354,0.19937500881096704,0.06469776261248596,0.12002986012821908,0.04383954838473463,-0.21326017076418344,3.643876273569401,1.2186497672887784,20.309232558887558,MEAN,MEAN
21,target_iv,AIG,109,0.23972198882250795,0.07029357310569946,0.06848488630881953,0.0453876069604414,0.07249440283362099,0.04746191411834039,0.13046277546025525,0.0636694921000985,0.16332077626379835,0.05971602129774702,-1.4081670831999231,2.114041289179361,1.0949610139581467,24.376243439959953,ARCH,ARCH
21,target_iv,AIZ,74,0.24899199226874413,0.10446426175887384,0.12830691293687035,0.06830243104895102,0.1425364094269766,0.07387962585603229,0.09828874614081554,0.0538972036504948,0.06766579552125335,0.04211092677899091,-1.837717941081936,0.18726772924109175,1.0080309561963,23.50550339928089,MEAN,MEAN
21,target_iv,AJG,89,0.3537252532439943,0.08533360924001905,0.029526340564345933,0.030880221270934538,0.03191520516496752,0.03310085980117207,0.030005117126145137,0.03274168557905432,0.09444590840578881,0.04883558927062669,-2.669759417324981,1.6170168034041938,1.0666334295041584,25.88436752265962,ARCH,ARCH
21,target_iv,AKAM,99,0.9416398188748258,0.19073289054936554,1.0998418522619289,0.5933905918296363,1.1314532728886606,0.6197636803440622,0.29706174101794264,0.160134558729682,0.9079908913486616,0.16445376909988846,-1.9785880632228328,8.465829898248273,1.2732250434859975,39.45065394744692,IV,IV
21,target_iv,ALB,109,0.09034954017422811,0.14457778635411994,0.04411209306500166,0.09854898176921417,0.02867197382120115,0.07280769789489511,0.04459500701996625,0.08714279209180237,0.03511247995359806,0.08052487026111306,-1.446417241338385,-5.788981508918354,0.910294864049028,58.744464068627124,GARCH,GARCH
21,target_iv,ALGN,109,0.6919341759127953,0.5517565185236457,0.3597889475453348,0.5371757965070804,0.49044817401389335,0.36582158638914375,0.29971348463236636,0.18839786020055477,0.29932239420968126,0.23253400130453325,-1.947103546715921,-10.10750940279711,0.8267887321366062,48.246138875838966,MEAN,IV
21,target_iv,ALL,88,0.06801647160853458,0.04483794399789054,0.10286133867375448,0.061130776182883345,0.09765558219446602,0.058419917931519766,0.05446923836469592,0.040141526374458954,0.04204286088145352,0.035331928948114065,-0.7651619410654272,1.4367523402131055,1.063691905858182,23.99460048205103,MEAN,MEAN
21,target_iv,ALLE,85,0.18673278340079333,0.06631835979369448,0.3977481244068779,0.1608135083022874,0.10074034383538495,0.06143750226582445,0.06411164929898883,0.04168573794507329,0.02956415368653218,0.028864261667157262,-3.6148431500694005,2.4918066280597913,1.121051673198597,23.076459134033424,MEAN,MEAN
21,target_iv,AMAT,109,0.12530840906516585,0.10462734158258391,0.08226953691694087,0.08963518121562614,0.08561948392223344,0.09099512565046596,0.10813191178272147,0.0859018283428866,0.058259422331555635,0.06304213009397924,-1.0770117549851292,-4.842905292465131,0.8897762083753457,39.09411793167424,MEAN,MEAN
21,target_iv,AMD,109,0.32786944498022436,0.23083613766702157,0.13466075521285667,0.15701116229638876,0.10294858552521964,0.1271472766254246,0.14233913353579572,0.13198119553988777,0.10904822385668612,0.11436815770338446,-1.604895536673861,-6.300546822231147,0.8915791539397943,51.81140351924179,GARCH,MEAN
21,target_iv,AME,87,0.2880092905099693,0.07711716586245429,0.07066469154639456,0.04435591929133754,0.08107689396029995,0.048158036741991386,0.09793769195233952,0.048917540526659115,0.16211178436150614,0.048924705301308706,-2.8768036946737676,1.6358830003822524,1.0821304909578355,21.553978963330874,ARCH,ARCH
21,target_iv,AMGN,109,0.23414413554897892,0.08016335575327778,0.0671500409134165,0.04972595560872714,0.06827190090263034,0.05026260275531848,0.08483059537039823,0.05159681816184055,0.06732038668399819,0.049641155294759653,-2.3525681425716893,-0.8391454371507019,0.9680694316675724,25.441170917209316,ARCH,MEAN
21,target_iv,AMP,88,0.1275747505214348,0.052317973711522504,0.11784334882262565,0.06772546081530462,0.12997199423943712,0.0725826539736497,0.045051072568092786,0.03692088505316462,0.06563245798450766,0.037528664944363396,-2.94632353070446,1.5106212708706828,1.067805529488535,23.789354027114566,IV,IV
21,target_iv,AMT,89,0.14482503621919338,0.05103658045042195,0.07849618820934949,0.058006405514364937,0.08261063931750005,0.04292345207481099,0.030123828612159304,0.029375583560702124,0.11062874502608876,0.04627713788665873,-2.285063232365331,3.746620243492249,1.1820038109471878,24.332014714047638,IV,IV
21,target_iv,AMZN,109,0.29238118686677067,0.1217166744622452,0.11085165480458108,0.08055716744585698,0.109781652756328,0.0843942444076893,0.19101119716477022,0.09640722605815491,0.12818286268192872,0.07301090164278354,-1.933008845883778,1.2581574916576874,1.0407063612313356,32.166287169659135,GARCH,MEAN
21,target_iv,ANET,109,0.25897449174965714,0.1517030129234629,0.21271123454376548,0.20615723543881856,0.1203512102102144,0.1158142386855203,0.17721379952117589,0.15223053031284428,0.0732576775648753,0.09731108320750231,-0.7502240616445232,3.1399900136821404,1.0652671575759551,51.249791793052715,MEAN,MEAN
21,target_iv,AON,89,0.2632268209647376,0.06532929681040636,0.0850793528862881,0.05256812190065276,0.06863758329753206,0.043635087844230945,0.10682129275903195,0.05437489193277708,0.06529034435563831,0.03808359184533566,-1.3632205702404552,3.782727694039295,1.1993337590615556,22.759581950177388,MEAN,MEAN
21,target_iv,AOS,85,0.13802503053713663,0.05889403914249598,0.053653180200041284,0.04249466115238923,0.07412357943286105,0.05247194855191989,0.07802072467419816,0.05009234375001914,0.04540967367170755,0.03533241784901069,-2.1743968249445667,2.8907346587588183,1.1324552478409016,24.714971190564743,MEAN,MEAN
21,target_iv,APA,109,0.03477026665387768,0.060006635660874746,0.09376149157192752,0.11151392541220895,0.10666418807765245,0.12096300127698208,0.049124518498712626,0.07368845456899284,0.03451550259539803,0.05916899509797128,2.1870129511605554,2.1280988091386144,1.0484745465406025,46.029464804509104,MEAN,MEAN
21,target_iv,APD,88,0.3755553086188987,0.08579267620511435,0.06670882164512913,0.04923631593227894,0.07051659137436812,0.051315101450210995,0.10759396858295603,0.06052671309307752,0.4175266665462356,0.08820109749309352,-2.0631376578553327,0.3758307183482516,1.0144547405551376,26.37634708283421,ARCH,ARCH
21,target_iv,APH,89,0.44099171299376505,0.10897073755004126,0.10407644239078072,0.10172710817994508,0.06158649022942326,0.059416962361997144,0.04914659241439352,0.05389696775340539,0.8401793356756028,0.14812328202939798,-3.260271411663192,4.954769806075096,1.1642008716669674,35.1298215934028,IV,IV
21,target_iv,APO,109,0.3306308791940862,0.10623783966476895,0.1218590924710594,0.10417562445188885,0.1227015364521654,0.10101609515928216,0.07412630591838161,0.07111256436011187,0.14763168968110635,0.08303159640263078,-1.3939308994328388,4.974218177095614,1.1562409978490389,36.81104875021908,IV,IV
21,target_iv,APTV,89,0.4577622810411514,0.11268621756168798,0.041492243459973405,0.05223090048511085,0.06295352874473141,0.06473908794605197,0.06890874592778232,0.0699034066803116,0.06680094838887139,0.06025574349786955,-1.4708886565141421,7.727723153302422,1.2618664339516703,37.23789380285057,ARCH,ARCH
21,target_iv,ARE,88,0.4477651419221935,0.23538085752968463,0.06937481282739427,0.063812593811488,0.0679436397737299,0.0638281596085058,0.058303629672164604,0.06328940766838972,0.18149890701728313,0.09123351176202098,-2.4760422230226027,-7.503642193995665,0.8278157530002374,36.075502383649734,IV,IV
21,target_iv,ATO,79,0.1617037610479553,0.04022888035908824,0.030462412776192674,0.021961589824572886,0.134454321938134,0.03764837387844261,0.058941050134492946,0.030136300213394685,0.09603410385420265,0.03355673301387756,-2.3314121133067545,2.321139957714331,1.1536785732381352,17.425001926276273,ARCH,ARCH
21,target_iv,AVGO,109,0.25096598866326914,0.12005784251406318,0.22492188016830333,0.23348778661261535,0.12637645747787113,0.1166628118757587,0.10557333405006175,0.10559140795791706,0.26299801078467744,0.13180616979099016,-1.977135021178033,0.5026501884106577,1.0113272009015888,44.87814884670273,IV,IV
21,target_iv,AVY,88,0.23559729591675058,0.08959198251084763,0.037733984954131404,0.034188035686439966,0.036983745110693855,0.03380246852837845,0.03479914801271436,0.030939564160432136,0.07196938510688658,0.039584205462251804,-2.402194917374079,0.934478195011103,1.0408688523493637,23.799769028793378,IV,IV
21,target_iv,AWK,87,0.13676463399935945,0.053546802839907814,0.09159511940503774,0.054281512960896054,0.08538201930348123,0.05181198485665711,0.03064855513489773,0.02703282403560631,0.06408820560553967,0.03302180441578378,-3.2601804465140334,0.5885424268212368,1.027817669078683,21.7456862966592,IV,IV
21,target_iv,AXON,88,0.3835672608474099,0.18493495204723018,0.16000951157577448,0.14946891325606376,0.32529245925403044,0.3094963726225873,0.1991490362141388,0.155031785497826,0.19542211991604494,0.11125522097088907,-2.075438574320277,2.230727309079441,1.0486918152368359,48.043915793206295,ARCH,MEAN
21,target_iv,AXP,109,0.1769268032441393,0.06682958249817024,0.09338696204998219,0.06664572671977505,0.10050273902830895,0.07080576311380209,0.07355718977620031,0.0534532078438618,0.10278877853759985,0.05305151387074658,-1.628352089773047,3.072779145378534,1.1289338454891562,26.904994291997784,IV,MEAN
21,target_iv,AZO,88,0.2648612293095844,0.06894581952745006,0.1067906909602954,0.0531031944618382,0.10689386319183,0.05312239115618909,0.06691364114471136,0.049140803992676375,0.15568794096610594,0.060950297377809944,-1.5776724019517312,3.094061859123004,1.1387612070446358,25.391805767676146,IV,IV
21,target_iv,BA,109,0.19686062287339373,0.08466604556535404,0.09769553477757384,0.07997652893655705,0.10843392651544909,0.08663573108724211,0.08149893668454118,0.06633801870168692,0.09137000197668187,0.0626890193992109,-1.8510738315841724,2.3687702486648305,1.0796850653621821,32.09542276376738,IV,MEAN
21,target_iv,BAC,109,0.32715559802798133,0.07247087220052022,0.09730669900373401,0.06927852236938152,0.07465258086331215,0.05557304553985384,0.052508139573446404,0.04085280198219366,0.23045656393829173,0.06679754945526169,-2.1317617995551736,5.383714505093737,1.2749352996542582,24.965465236498414,IV,IV
21,target_iv,BALL,89,0.38323778641964956,0.0919641585294805,0.05619855088122198,0.04701124934845479,0.05531314197645358,0.04677703665588085,0.09333056828708454,0.06506987563587405,0.20393499462946604,0.07607647857239028,-2.1664408130641144,4.912232242587006,1.202942581623946,29.11726700305632,GARCH,GARCH
21,target_iv,BAX,98,0.7005620111887608,0.3082723730616033,0.7190334854332073,0.5557977786353144,0.7329308039356579,0.5639704563487938,0.18937159531895337,0.1303025013317852,0.14862976586342388,0.10941840468016074,-4.666482336471742,-5.787302410530551,0.8792713257167973,42.14913394057873,MEAN,MEAN
21,target_iv,BBY,109,0.23939711991180643,0.10739925538185184,0.25478244899228086,0.20507871255868498,0.17012536210452958,0.13904651556237993,0.23033863661301884,0.1362324189128819,0.13850921560922527,0.09341528976194338,-0.09142131958572625,8.060495152243481,1.2511079077924334,40.16022161289449,MEAN,MEAN
21,target_iv,BDX,88,0.3918190221294724,0.09566926148408424,0.21557085939783402,0.10685308556940945,0.2959555428805633,0.13729299918713697,0.18058221519792825,0.08399711862978813,0.2529366184837832,0.06611074298803896,-1.4853614147637266,3.271188658447239,1.1368066252691356,27.182228434568646,IV,MEAN
21,target_iv,BEN,83,0.16946660170275807,0.06423041088838058,0.08540974488695781,0.0629486268986592,0.10295262245531869,0.07098094851484234,0.048232455896604694,0.044030670755847746,0.13267846450542098,0.05896226825875726,-2.101990997111044,3.9725377071160834,1.1685692095130518,27.538749582888766,IV,IV
21,target_iv,BG,89,0.14021598881236344,0.10023919303653518,0.07118255694801787,0.06199153800442323,0.07961863234590358,0.0678878757189116,0.07726119498152807,0.06470036269642594,0.07730074255265902,0.06505077903429721,-1.098449985221111,-0.060433407333711726,0.9980589225581153,31.073516238195992,ARCH,ARCH
21,target_iv,BIIB,109,0.11919925878760601,0.07557475954729308,0.08839182769392652,0.07268706756362125,0.08700452230734648,0.0723624450669677,0.10779684604746606,0.08708014683996375,0.15515114369436933,0.08843125922667439,-0.41283569109254703,6.241176470600597,1.1967517834742256,37.962243290908226,GARCH,GARCH
21,target_iv,BK,96,0.5023097554643187,0.08778031012951587,0.09992737155036836,0.06771173707151636,0.06111099893613111,0.0449997934582038,0.09576896367138177,0.05176530618273936,0.4281162365411997,0.08445535538331829,-2.8593579366198583,7.296966383926924,1.4334765997637247,24.13055414369132,GARCH,GARCH
21,target_iv,BKNG,109,0.4330188245528705,0.09469759901811711,0.0926749176499622,0.06135260409146077,0.13016446887698752,0.07030667298753036,0.1532519794597728,0.07692053792933908,0.3370221230147586,0.08656287255724104,-1.4797932424956437,4.06283967197677,1.1669390335109089,28.400105717735162,ARCH,ARCH
21,target_iv,BKR,89,0.2714068297200397,0.10769726996392583,0.20825244911169885,0.14507466910417235,0.10978833275003326,0.08721084284871042,0.04212920288570717,0.04358579955858663,0.04104526805740391,0.04117316175959713,-2.372217548874893,1.0377534726834339,1.0354283498874386,30.329365302772395,MEAN,MEAN
21,target_iv,BLDR,89,0.04647023854300368,0.06652723941207642,0.016199814600016616,0.04263551658840898,0.022661301978187037,0.05278775121196332,0.03697595367194444,0.06610199740192856,0.016352965604914643,0.04267449766343919,-0.6060166805302326,3.439821408293637,1.0765100428587213,48.39890494514902,ARCH,ARCH
21,target_iv,BLK,109,0.21285487571181042,0.06686449187526478,0.2088370603377531,0.11941550780815641,0.10964049404903493,0.0675166314148137,0.04108641218140022,0.03204856678603474,0.06530422312591794,0.03790144406492152,-2.8367240751116896,1.444966428633409,1.0669592069237719,23.024768445679324,IV,IV
21,target_iv,BMY,109,0.4928101138518502,0.10884288767600611,0.08426358166074022,0.060670399121978615,0.08409970611075934,0.06056725126929338,0.10500975277592633,0.07590280985780622,0.19942435604374853,0.0818076127470041,-1.5439230151430126,4.801547659442554,1.1700524514423218,33.03723387694548,GARCH,GARCH
21,target_iv,BR,83,0.5106403643172379,0.08176884594751949,0.3090409207258879,0.13139450232773145,0.5821589494146117,0.23369010339264804,0.10047781608260828,0.050691099248106296,0.16474501575620126,0.048686331634215436,-2.334540602046836,4.8075395148995925,1.266944604518479,22.81704198666353,IV,MEAN
21,target_iv,BRO,82,0.5253339964335928,0.12219496220632825,0.04122459197740835,0.03687913295693123,0.08820716281857224,0.062035064692536675,0.08292550591336842,0.04911609318386331,0.04293001164426909,0.03710907229399159,-2.616915465403922,-0.4598790943373567,0.9820843353089782,25.209226812060876,ARCH,ARCH
21,target_iv,BSX,109,0.4143292626575424,0.08391160704411733,0.2634781771780811,0.14707226108329496,0.17261105043317154,0.09938142151092715,0.20085439161673693,0.0802530474719608,0.28542759753045044,0.07741823149084917,-1.3193384033958435,5.369385908410879,1.2656333555904595,25.58290877896908,GARCH,MEAN
21,target_iv,BX,109,0.1353054985533395,0.07063161814537301,0.2234205657156883,0.14693440455309292,0.09106117874148059,0.08014594934033907,0.06331021770487016,0.05651394656312935,0.06320020726663532,0.05286565505007131,-1.6307831484915065,4.670326571689365,1.1703563283953995,32.08537252671532,MEAN,MEAN
21,target_iv,BXP,88,0.038182195211152896,0.03680256530317117,0.0326883638624486,0.04116160346290372,0.035533440106368205,0.043199283001844245,0.03281516386789056,0.03818970709837287,0.011590579642610604,0.02287706762267628,-0.3425790340797682,3.5652331188337745,1.1335375997583783,30.263579691519453,MEAN,MEAN
21,target_iv,C,109,0.28735068150801313,0.08077856366454246,0.07619814025939396,0.06780861891952139,0.06982708022971305,0.06385740039875953,0.039760626876793305,0.041624124519765944,0.15439843432005837,0.06767005982466215,-1.982486389980329,6.335587350804994,1.2770276216517251,29.205463332955212,IV,IV
21,target_iv,CAG,109,0.17959961723977477,0.07592282579968276,0.107747749206094,0.06388578714483029,0.10113242377106156,0.062314808523583176,0.08648963170620122,0.06490738684053292,0.10437043960049958,0.06273650071706952,-1.6621816607743787,6.9578349762470975,1.28642396538453,31.249918799980463,IV,GARCH
21,target_iv,CAH,109,0.4137202105486609,0.1494161589086297,0.10241409799484379,0.060763653273067486,0.13571811080227475,0.07196386141328827,0.13530726036807234,0.06915195281349816,0.15181688177245636,0.06310594728409126,-2.835587347475079,-1.645368886367632,0.9428506533781413,27.145316985416347,ARCH,ARCH
21,target_iv,CARR,88,0.3901426443572204,0.11319781292285741,0.22316090373963918,0.19167330525120732,0.09552882973442224,0.09640671868453156,0.08140173743797235,0.06165736957509436,0.1392212348529437,0.05940685184619316,-2.0166646067078338,1.009066580072533,1.0325375832366785,32.021406148521,IV,MEAN
21,target_iv,CAT,109,0.24657259035207463,0.10973539255536852,0.09384861637213457,0.06684687835821461,0.09059748621533026,0.0652458897216038,0.1411038552505266,0.07562296329632133,0.3166968948772224,0.09419648539844673,-2.2931653250592587,-0.3182411415255697,0.9892436981588715,29.26824185477006,GARCH,GARCH
21,target_iv,CB,89,0.20134682993300768,0.05247964962857007,0.10916394828728612,0.0487030398325306,0.07694387980963041,0.03976449506628848,0.04804172167938468,0.02918051030873299,0.034979108399027195,0.02255337483292918,-2.790868721791332,2.452720081883493,1.153234708016764,18.459016002877824,MEAN,MEAN
21,target_iv,CBOE,109,0.09370050852997308,0.04088376509485439,0.035396433366012996,0.02967429114123666,0.03499896525400762,0.029500109864252645,0.045649212320651646,0.03439853686216295,0.08052665487448131,0.038013361493944325,-1.7660618470322902,3.0457558386351447,1.1607435104742339,21.99367995482126,GARCH,GARCH
21,target_iv,CBRE,88,0.19293740921842098,0.066896541394584,0.06477321694346191,0.05482491526482865,0.055327161252149044,0.04952058462721617,0.03739258463054762,0.03876483741530294,0.031345957496762306,0.03162587578607286,-2.173736731203473,4.6828346886748635,1.2000320347658784,28.093258394836468,MEAN,MEAN
21,target_iv,CCI,88,0.26112110276573836,0.06759286777481428,0.03829707483044114,0.037280799450587494,0.09348064498566265,0.04797061847833403,0.03306540522651922,0.03399688771003133,0.14373678100333864,0.053790141332769284,-2.2256135272795903,4.27645236393713,1.20193232290476,25.45410387817288,IV,IV
21,target_iv,CCL,109,0.3795600584004933,0.1391674411191306,0.06612790849194171,0.08677998779078551,0.08656711578014421,0.1016948885838991,0.06437919072222749,0.07552525730843337,0.15373682103290642,0.10152974724573201,-3.5873036800510434,5.269929195629231,1.1455930720195033,41.46622014911138,IV,IV
21,target_iv,CDNS,109,0.26040216242942404,0.094295612136453,0.30916980198720645,0.24597305149621296,0.13015409624577648,0.10390329272049642,0.12328645813808707,0.08780150628698258,0.17632889683952468,0.08496243552888695,-1.6314942944419712,3.349276636198745,1.104490571461445,35.40266278726006,IV,MEAN
21,target_iv,CDW,87,0.23651679092809796,0.09718651205102338,0.06292055269851968,0.05991379012510616,0.05938247203533317,0.057326829079124834,0.10028356693565736,0.07115807926867329,0.21515904925149093,0.08557484834335106,-2.3875306257555455,4.047132097560029,1.1412095527640995,32.707601721177134,GARCH,GARCH
21,target_iv,CEG,109,0.32418753510239967,0.1368875916356672,0.6298542553966365,0.4721727944621125,0.826345541497946,0.19090233940850632,0.08001138820204899,0.09727051171726783,0.34219477054652003,0.1501249296200836,-1.6142186109025465,8.368534928548412,1.203859507896285,49.41903590790891,IV,IV
21,target_iv,CF,109,0.306984241747465,0.09631706680002693,0.06385181307764687,0.06235778854661908,0.06723102492623736,0.05796675399369616,0.10706330618126404,0.07558022722407627,0.05297410867630494,0.05413232131182748,-1.2109202146655862,3.3718492608784083,1.113622609714755,33.047714560428325,MEAN,MEAN
21,target_iv,CFG,89,0.2111446514508219,0.07424625372494921,0.12555132276478181,0.08588510670227557,0.17610752420154216,0.10687158781847188,0.03908457063964939,0.04056383567048292,0.08777573996975337,0.05125718111398223,-1.7579094956864623,3.601878301143567,1.144061083008693,28.604316335891784,IV,IV
21,target_iv,CHD,88,0.23215172381815075,0.06495353329646315,0.05284954380515714,0.03698238218761525,0.06209100394679794,0.03872345290164348,0.10838872070227676,0.05162039145847785,0.35537912108745423,0.07122185010189555,-1.7163553941999394,1.4528807053739197,1.0679086968440055,22.847499846886297,ARCH,ARCH
21,target_iv,CHRW,89,0.8756263958087006,0.2775075241559115,0.5373199376811356,0.28493379559878834,0.48923147906467285,0.21422214879628965,0.2474128120489068,0.09609349310848625,0.1889203471717975,0.09074272261267284,-4.4643159248837,-9.45414758971199,0.7378109811339248,26.6043709195667,MEAN,MEAN
21,target_iv,CHTR,109,1.634912677097268,0.2917988886542292,0.2609082900220384,0.2954374794448285,0.19581470869680068,0.20993217095159317,0.19443541943655637,0.145523013803464,0.1313067398324303,0.11370584506815944,-1.849430427757017,8.254577783992705,1.2147539374281964,46.691953521295055,MEAN,MEAN
21,target_iv,CI,109,0.8325391300188676,0.23844148495286094,0.2511964719253418,0.20937765513914539,0.26042153821587716,0.23756492287330472,0.0778471781197017,0.05907138361288014,0.06925969311354428,0.05113476964126665,-2.531220498279903,-6.116970820023213,0.8326184495849854,30.42810123156481,MEAN,MEAN
21,target_iv,CINF,87,0.14018964506990472,0.05143337343334637,0.14265431056096567,0.06815259802768803,0.16750863556246937,0.07592629649129844,0.06544921671582711,0.040877498878501915,0.046076573730174514,0.02879673903073168,-2.1299255586325145,2.783122566524578,1.1445210066597133,22.040686784006628,MEAN,MEAN
21,target_iv,CL,109,0.22373734303549025,0.06132183581973629,0.05952130515561631,0.03881478199743095,0.20095559369564356,0.06022943361427799,0.10360598481731506,0.052755519942760114,0.2234780722801354,0.06184216590960767,-1.5352629148846901,4.707687323607139,1.2559633213896568,23.099726065910197,ARCH,ARCH
21,target_iv,CLX,88,0.2272447763916756,0.07162045937240562,0.0785494567466354,0.04927837341700675,0.2945689441054,0.079703383665681,0.08409021087829113,0.058200758361046365,0.2046936200344243,0.07086580028827916,-1.7231971569594229,5.066611439290238,1.2245963054893516,27.62535935925748,ARCH,ARCH
21,target_iv,CMCSA,109,0.9502237343436273,0.12515614598924762,0.15218181738628453,0.09583196427346065,0.405138924268188,0.10222597555437199,0.13091000908484082,0.07877332906548674,0.466010167929525,0.11001805612649994,-1.645113059629217,6.610934762398372,1.2796840083081258,30.24809157515097,IV,IV
21,target_iv,CME,89,0.20620042087093537,0.05056967002339196,0.026289515803861553,0.022877485773002915,0.02545693080844479,0.022422084322641197,0.037059152064045114,0.029406688237274773,0.16599390914541154,0.04865363946831292,-2.6968353381468604,4.372421264152311,1.2597077713957607,21.208348971103035,GARCH,GARCH
21,target_iv,CMG,109,0.9922008166161208,0.2692028197616269,0.1564161545003525,0.15003917687517723,0.1812528710522468,0.1319161134719787,0.19434202623567146,0.11846619641288218,0.0915055456062683,0.08245847240427275,-2.3997485877444853,-4.477431609852523,0.8924053963549131,37.1364733460304,MEAN,MEAN
21,target_iv,CMI,89,0.2514873839490518,0.08621250666227934,0.0784850564125169,0.06117766172112562,0.1106727770363967,0.07313271657103708,0.07679300838679737,0.05680909962877271,0.1935013827465764,0.06977522775027137,-2.245735640737609,1.2853397164940412,1.0484588982981573,27.8096677890314,IV,IV
21,target_iv,CMS,45,0.26759031592770427,0.05526768286467299,0.05270394646109609,0.030016047390009914,0.22224470031393098,0.051423811427147,0.08829510256621395,0.04023989841213507,0.2860131225720856,0.05697921486654305,-5.719313125785451,3.860922468078866,1.252952628929975,19.124343466750062,ARCH,ARCH
21,target_iv,CNC,109,0.6661382256299645,0.6269005542232875,1.0376146674791638,0.8237174915972189,1.0126068780618458,0.8116811347869382,0.10410438571499975,0.12678727249995467,0.7963984460822391,0.608031384441767,-1.910854211925048,-0.01660042980679245,0.9996878796724729,53.1693933768564,IV,IV
21,target_iv,CNP,87,0.5137664415591057,0.0705418626507462,0.10228601432441027,0.04149127054138158,0.19675514199559704,0.05169299155720526,0.06031482979492125,0.040135564668477404,0.2695099590586544,0.05847741273306727,-2.582174377616951,6.511744955819484,1.4387508328880676,21.353300726679386,IV,IV
21,target_iv,COF,109,0.210818556284629,0.07963973586383966,0.10818464233728377,0.08369625764280095,0.0900137906688794,0.07322687678835277,0.08131354969626704,0.06441764755641108,0.18982380137807467,0.07895321877703919,-1.8851986886208596,4.60842624023099,1.172108961440835,31.384639411531843,IV,IV
21,target_iv,COO,88,0.2969848149987548,0.13620315889718324,0.3917393964170887,0.2619565293302769,0.12857823862494822,0.10615698477477979,0.11980186189769357,0.08980668729522989,0.07898401164846171,0.07564587615193238,-2.4541144164842854,0.5488806722249667,1.01614351661916,34.54894925539387,MEAN,MEAN
21,target_iv,COP,109,0.09786009169214561,0.049163150196622665,0.08795863858485486,0.07121006817603048,0.08156796727477313,0.06772583866331497,0.034034885524676706,0.03876092930736295,0.04966142513785473,0.04168402946719677,-1.1778312660987962,3.9709486468939015,1.1553201559383934,29.53716458907303,IV,IV
21,target_iv,COR,89,0.1861639970240592,0.057943802172937826,0.07817164278451609,0.04545336745479767,0.07987890005368732,0.04588561461911262,0.06498361958525231,0.04686660003025689,0.19533386249620394,0.06268998875969052,-2.1769039941514015,3.1619024729251652,1.139509929985931,25.826256710964195,IV,ARCH
21,target_iv,COST,109,0.3612995229097008,0.06773117429332985,0.04749512103795702,0.03571365071102733,0.057757880183485016,0.037832136630371854,0.10555083168544781,0.05270686551748409,0.3720540847282652,0.07321730602443227,-1.8280402591359723,5.007893000675581,1.2909229021115167,22.221707947275956,ARCH,ARCH
21,target_iv,CPAY,88,0.20210624326433158,0.09663370240774079,0.13027910285302532,0.09081991983533866,0.15046627461024642,0.09989826323301888,0.07570858641419602,0.061167612474055694,0.0671406034402664,0.05878235282826751,-1.8134225750647646,1.1564729185306293,1.039134312355935,30.70785248570601,MEAN,MEAN
21,target_iv,CPB,105,0.29795612903816815,0.09207049881710769,0.09809800627065467,0.06446274897102262,0.09545042578204704,0.06349920530322639,0.09381896040879419,0.07001445779657423,0.24995006219378124,0.08721261437040713,-2.7818352899838477,4.5110221984149295,1.163134036771943,32.163266252923435,IV,GARCH
21,target_iv,CPRT,89,0.6341592739043552,0.11460966210606677,0.06879098907921984,0.05600587267355347,0.06902344547528433,0.055394481764627176,0.1347854670447099,0.08272096945824772,0.8062309256934351,0.12616549417511522,-2.669205950775131,9.85380745034305,1.472261710018818,30.718949047256384,ARCH,GARCH
21,target_iv,CPT,62,0.3719840527340205,0.06455492213360416,0.0558264703408772,0.03866202454795964,0.058741910788183,0.03996560240443525,0.06560117565913949,0.03921949762886675,0.16931931165612968,0.05166021180102309,-1.887248195036611,3.8602849035141826,1.2084300931082845,22.38105052783635,ARCH,ARCH
21,target_iv,CRL,88,0.321320379202583,0.135431582411389,0.7099245959852026,0.5193409809913754,0.7275947038086357,0.5358445493964367,0.1300820507108733,0.1236081523157898,0.1900229939859651,0.10341770221555859,-1.5748413377426649,5.163378479942198,1.1277979104859015,45.56606159354287,IV,MEAN
21,target_iv,CRM,109,0.6089195525495331,0.13763712517220159,0.15015692032135927,0.0928009813425016,0.1642806107878509,0.09492651428466091,0.2832990436931625,0.13907170981619443,0.6191745439015898,0.14872178678636566,-1.1917117535305992,6.753088293813504,1.2208195596340625,37.33501819623959,ARCH,ARCH
21,target_iv,CRWD,109,0.18759283769139395,0.10854186891361728,0.10061660554434246,0.11275703394653015,0.05061208637589078,0.07105344347882891,0.16501820304241158,0.12657758858667048,0.19173954672994364,0.11246616694766519,-0.3985243099250948,7.386234884971429,1.2060398689209422,43.234805958395775,GARCH,GARCH
21,target_iv,CSCO,109,0.5962007258645217,0.09793422808998374,0.18374313587752547,0.10029205628870899,0.09908237819065162,0.05486686159863558,0.2401907980766205,0.08527807853115071,0.36103525579541995,0.08345282064391787,-1.6414180312403972,4.0882673246188785,1.1948642157485978,25.06834983444884,GARCH,GARCH
21,target_iv,CSGP,88,0.3261184064381622,0.105424419385876,0.07851795868427211,0.06892721018139436,0.06697176030887869,0.059326034334501905,0.09658569430037342,0.07025897201028979,0.19411993579867665,0.08253320540630893,-1.7905684583580126,2.813625496783855,1.0963930092201513,32.002728726851515,GARCH,GARCH
21,target_iv,CSX,107,0.2252816130038511,0.06930053996854871,0.06920559395627689,0.0512458031939072,0.06955111390496574,0.0499859557588591,0.13924814240554037,0.0950968842304664,0.2425281390908595,0.07309821459651988,-1.6847003327200702,5.650148803847946,1.2651544391958187,26.959046444725303,ARCH,GARCH
21,target_iv,CTAS,109,0.35655263928982156,0.07603516302776864,0.12874371424601885,0.06745813526453831,0.13023394965941548,0.06106525434451542,0.21598235632132337,0.0776955813867914,0.2875693638581485,0.07460429422277703,-1.21425035729916,6.391466031063088,1.354199700583762,24.436275274349345,ARCH,GARCH
21,target_iv,CTSH,88,0.39353592232143375,0.09644916779396794,0.12854201468557053,0.06966477499739875,0.12503952746008376,0.068720623212977,0.14732685912997312,0.0825694553396306,0.25386464605537246,0.08657536161519554,-1.2249545546093097,5.746288969950326,1.2397722987852227,29.711897170160288,GARCH,GARCH
21,target_iv,CTVA,89,0.460028111728149,0.10546887854438722,0.1007999442944754,0.062388834294186506,0.07605434601533327,0.05108364891252696,0.15063037227720805,0.07067507139518792,0.5455133548533517,0.09319767270262468,-2.5310426785670055,2.856558338621125,1.121695628199966,26.329532519150717,GARCH,GARCH
21,target_iv,CVS,109,0.3666975254904199,0.09384405286460633,0.33714931090625644,0.1941918527682862,0.1942212742900071,0.08449955497310145,0.16631418819138852,0.09133245244000006,0.14840792686911777,0.06883778851253469,-1.423855574311057,7.157493954938926,1.2827126360066,32.474699637856574,MEAN,MEAN
21,target_iv,CVX,109,0.1082943459113542,0.04263049199312506,0.06934117292854312,0.04597923439894713,0.09913036501516546,0.05740282265648068,0.0535842805554334,0.0376016698356691,0.043549832585623276,0.029975357140689215,-1.552537527738633,4.628975902942967,1.2581119882186995,22.562958492782258,MEAN,MEAN
21,target_iv,D,88,0.12326014387279266,0.04088071799326609,0.06682192654008862,0.04275353053673727,0.14451670139142517,0.052831090986830864,0.03872016370479568,0.029424115416981037,0.06186443683612586,0.03195278127642477,-1.88594254652092,3.0365042141176746,1.1712319905564461,20.769780596936442,IV,IV
21,target_iv,DAL,109,0.2967579215069604,0.1111085841094685,0.07025085400514972,0.09464654720026823,0.11164233188141989,0.1274884324798928,0.0507646235801816,0.06943219254533298,0.023647225826372204,0.04474917004660385,-1.40040704594781,6.000448897263045,1.1592444756547555,43.6811839594458,MEAN,MEAN
21,target_iv,DD,97,0.31330916926045344,0.10232813428920243,0.10302508476337809,0.07858220224977264,0.09624538831983084,0.07459438269220862,0.11134342126068789,0.07651452992877555,0.16781436845425363,0.07655274844983455,-1.4247135311270172,4.753699514563202,1.1783527293465446,31.407059583567953,GARCH,GARCH
21,target_iv,DE,109,0.5254785343096295,0.10586318412823562,0.09001353554374365,0.06109486123325958,0.09037956979605627,0.06300759091904139,0.17826003977468943,0.08919796663500273,0.2124284287285572,0.07430631881200243,-1.4756741433110832,4.629873721615893,1.1941984692904883,28.47081200774823,ARCH,ARCH
21,target_iv,DECK,109,0.5279324014188722,0.22395492119880786,1.4697126408698176,1.0073210133780632,1.5287606351662149,1.0548916240649364,0.3320790890349427,0.19943118165732893,0.19026699177043746,0.130691650976419,-1.3717097992856353,3.909289031916769,1.0867271473943108,48.98501386975698,MEAN,MEAN
21,target_iv,DELL,109,0.21367977283825088,0.11810348270406461,0.08441024987233404,0.1070235613203416,0.13038057241092382,0.14341998539363657,0.2172808382199942,0.1451637001054288,0.2847266886125074,0.14185185883460064,0.05789354581021425,2.019716708118531,1.04566675394284,46.247005353301574,ARCH,ARCH
21,target_iv,DG,109,0.5154230821480377,0.13534094961933602,0.14740647012808195,0.10805189244951093,0.11094110341497988,0.08690794207038498,0.360394796719465,0.15232632138123522,0.319854801081208,0.11710160345363634,-1.2067635987673258,3.220979206701518,1.0990916163562792,35.72604194703094,GARCH,GARCH
21,target_iv,DGX,89,0.23404397936576568,0.070721683888675,0.07172763092706273,0.047670571866019716,0.05074578365152866,0.03676674013492065,0.07207151088087317,0.04369586812226708,0.10494973210354712,0.035273690378299014,-2.2180235014931515,0.6139116904082885,1.0292083463009023,21.63227692354446,GARCH,MEAN
21,target_iv,DHI,109,0.19369144656038773,0.15255017829114298,0.09146646787461783,0.12111414478663314,0.07864668761470517,0.08633399349226793,0.05435315550345808,0.059800267088052306,0.08136799048793127,0.08837948369728799,-1.7919814500378939,-2.655859500605761,0.9307969173696914,35.721903449546105,IV,IV
21,target_iv,DHR,109,0.17648645613096353,0.08894885727274028,0.28017963346916763,0.16915539974727292,0.14514365247776667,0.09455627127066879,0.10422358425475957,0.07434280823784768,0.1251036430459793,0.06562802514121363,-2.941451720658919,2.426133297753798,1.086565952152687,30.452548272945585,IV,MEAN
21,target_iv,DIS,109,1.3338496582778236,0.13758323157173244,0.36094008007768974,0.17407510240583438,0.36567892736803465,0.1135096521556219,0.2720023749411494,0.10660488228120091,0.8132786102802074,0.11962013155827707,-1.735558385219105,7.4933474389855315,1.365087956313395,28.018120468072194,IV,IV
21,target_iv,DLR,109,0.3580698708298428,0.08524188651322986,0.04838235848179238,0.046057265124518736,0.6564411968008724,0.10932543394754937,0.09653725482366758,0.061559300353073276,0.5431158161196036,0.10572399635669105,-2.5389380134525825,6.601853750586241,1.2909286032998197,29.294203955088545,ARCH,ARCH
21,target_iv,DLTR,109,0.6609899160102435,0.13328162692795592,0.10291118025784753,0.10004431258335111,0.09150669824522652,0.0987093947690818,0.2172258671938474,0.12727005176132736,0.3080608057014841,0.12381015919302218,-1.5533530961738309,5.654151948016348,1.1713766398274377,38.646699553743765,GARCH,GARCH
21,target_iv,DOC,59,0.23008979147147388,0.07284702950154358,0.05785736307712269,0.0486334620794827,0.036085424818222314,0.03300133233388238,0.06752845814587258,0.04560109624119262,0.0742349351567128,0.041897760453542474,-2.5745370010018838,1.747369839895213,1.0755914488774894,24.863342160086738,GARCH,GARCH
21,target_iv,DOV,87,0.27194624590842653,0.08102275333372845,0.07348753581635722,0.05289685405987847,0.10010091060676206,0.06758337990265706,0.06940535352602176,0.04752532766731255,0.2259847327376078,0.06601153291205585,-2.6996534420519347,3.1765653287550926,1.1426181437392784,25.449785590001774,IV,IV
21,target_iv,DOW,109,0.2795268049471055,0.1994125940411747,0.08121946969655114,0.12019936777755522,0.06520399389650385,0.10221069954547242,0.05756430005435438,0.08619087276574826,0.049056156462984904,0.08100297622366127,-3.0691581493471314,0.42415978825809014,1.0085812505942249,49.85282797603482,MEAN,MEAN
21,target_iv,DPZ,88,0.1958615249968976,0.07066172959976938,0.03996635354798738,0.04081758393224578,0.23603175122353798,0.07793282490262787,0.08936396626382498,0.06338859177880772,0.1387638913487175,0.06493647393663295,-1.6456931647771733,6.364005246074687,1.2827814441267056,28.869036528195057,ARCH,ARCH
21,target_iv,DRI,88,0.616078503483017,0.1047182455658746,0.07603861415794154,0.05177061963825431,0.15358802436338007,0.06098408592395306,0.1434371638974251,0.07399345515706185,0.4258524364282879,0.09622607802397547,-5.427467810484916,4.061331440971147,1.1776231442506557,26.92620897765035,ARCH,ARCH
21,target_iv,DTE,86,0.18874344100584692,0.04225586725560242,0.02025485366067644,0.01884356921329461,0.08085708459428359,0.031130906436425368,0.02768419791677117,0.021394166148839353,0.1313447023407188,0.037967781007743714,-2.6107808496574005,3.585806540377276,1.2490401921039804,17.98431189842051,ARCH,ARCH
21,target_iv,DUK,88,0.29239949045000224,0.0491292007406869,0.024440357591335723,0.019893893226444314,0.02378035910612358,0.019463289812070104,0.038005620071249586,0.02534297686007626,0.25741031796868113,0.04821171732570293,-2.8989729004497784,3.8879957337877675,1.2759940584144063,17.975240061163564,GARCH,GARCH
21,target_iv,DVA,88,0.49067908201942034,0.12564523011040318,0.45168609048707076,0.2646799611564944,0.12002871092230466,0.09718449018648528,0.19120867291883356,0.10779975686891932,0.29632369422380833,0.08780725493643018,-1.926450943560991,6.496079719666915,1.230677583759202,34.656942226567374,GARCH,MEAN
21,target_iv,DVN,109,0.10138182168416156,0.06463921537129237,0.08563409254210454,0.08110469437064774,0.09851820586438922,0.08871735721080234,0.0550805279483318,0.059310159466677705,0.05041668345339489,0.05139148300425692,-0.946130341198625,5.383841299701555,1.179430985371083,35.388922576868794,MEAN,MEAN
21,target_iv,DXCM,109,0.23855980368220306,0.15791553778786524,0.14790248174887627,0.12375059494745858,0.15693417618788175,0.1306265191292783,0.33045745624411094,0.18489017122309076,0.1648624790049446,0.12215679754979111,0.9818440284826155,1.5474095786904543,1.0350566947129527,45.687611367843466,ARCH,MEAN
21,target_iv,EBAY,109,0.6021848010997943,0.2508123469560231,0.5143631895549887,0.37831292032597463,0.4011833825345618,0.30379735321397056,0.28219914028913223,0.1130175720833667,0.11938051235809825,0.07338538819232888,-2.5684005510957597,-8.930601378834625,0.7793196668304858,31.53789552149699,MEAN,MEAN
21,target_iv,ECL,86,0.2043777715961605,0.05740110467598022,0.10615088416059408,0.057517649822957956,0.10461368416073412,0.056803874182577464,0.0779443252346528,0.040633541291594556,0.13223850795975559,0.045030445337345806,-1.6964569884034817,1.4211408676478614,1.073002099848936,20.88826401326472,IV,IV
21,target_iv,ED,89,0.27166449083170097,0.057699299186373995,0.05076755549344123,0.0326379686833241,0.10396688811677521,0.04017240549728221,0.06911846720768787,0.04051299266530188,0.2427508529540327,0.055255082597765535,-2.22279996253759,4.62177342786558,1.2866800179152156,20.74348801919246,ARCH,ARCH
21,target_iv,EFX,88,0.07381860200034705,0.05883388431934372,0.6678224877619084,0.3596510294275576,1.354819821937578,0.6666594398960323,0.06163197490576804,0.056164319324965066,0.03644435240295333,0.039961033374372866,-0.612453290289894,2.060505722228116,1.0681096547966704,32.31327573522258,MEAN,MEAN
21,target_iv,EG,88,0.29094335982011044,0.13007063460128693,0.057270477569259966,0.04371064516384012,0.05746169968050279,0.04378715864345212,0.06853774123850954,0.047509740162941155,0.12693814657277055,0.0520912902651109,-2.0678417822935966,-0.02645516285064081,0.998925686547849,24.598725502694823,ARCH,ARCH
21,target_iv,EIX,88,0.25274562927952005,0.09088430728134415,0.07721089093851091,0.06999017980160532,0.035869346846697604,0.04241271846204434,0.039167861816741235,0.049730048211621546,0.049518754934359,0.049261668378101996,-2.3979252765709025,11.50738016692928,1.4779311791594127,35.5848638480913,GARCH,GARCH
21,target_iv,EL,109,0.1466575338532148,0.10815345356874455,0.13183573403218787,0.12614655406119737,0.1395230128330009,0.1312598678321631,0.28286012558028617,0.16518684012416468,0.09312088040389149,0.09574060906513297,2.2643732618129353,6.544855827152846,1.1672360641721662,45.68028908163937,MEAN,MEAN
21,target_iv,ELV,89,0.3253769592625282,0.17552302075970724,0.5192578049547745,0.36347949089957965,0.5195506368908881,0.36363832567965104,0.054795384302139746,0.06455560515922129,0.1480531893846684,0.10684688363540697,-3.649996436995902,3.689321253178358,1.1075510496115086,37.99229892289677,IV,IV
21,target_iv,EMN,54,0.34559641993092827,0.24415540641995762,0.2565826832499965,0.3595549547017352,0.129184026992746,0.1366823120468626,0.08697700917873329,0.07407128813843424,0.04370862079180839,0.05860625868099807,-3.0736441607684446,-12.040870459043648,0.7432519202658858,34.856736220285974,MEAN,MEAN
21,target_iv,EMR,109,0.14746561576840758,0.06462017617833676,0.13102167332456394,0.07642495718080955,0.1225699807089519,0.07294914305375635,0.18846001539597312,0.08116985637541138,0.2074861687547301,0.07334955638666588,1.6596470837998027,1.968303652821233,1.078666144255351,26.98927895869232,GARCH,RV
21,target_iv,EOG,109,0.25816913980703055,0.0685835828694323,0.025697990399793175,0.03256008542272953,0.031681603688147604,0.03695132680504266,0.04437144155385293,0.040863060836363,0.07091037199654855,0.045959409054404446,-2.44930620327987,6.310619356472309,1.2978961938824372,27.49457365352769,ARCH,ARCH
21,target_iv,EPAM,88,0.23742720872226045,0.11634518826384045,0.05403378355105781,0.07242612327569595,0.05348290517846987,0.07213109158872134,0.11007079523276281,0.11161449802912414,0.30545922193219543,0.13237200199337082,-1.1769213680743706,11.122308059485796,1.3194430922497586,45.940115454080384,GARCH,GARCH
21,target_iv,EQIX,88,0.5456396777955653,0.14172389556660642,0.3948350515515976,0.21467133222495316,0.48534112255464373,0.2370816513678922,0.05077400029565592,0.04258455787432539,0.21342039610322186,0.1406751721757506,-3.502893442135001,7.3868245952740965,1.381436631744529,26.752622162985134,IV,IV
21,target_iv,EQT,109,0.29290529168703017,0.11304368501395817,0.08151304565422805,0.08773553777242162,0.05838772221642189,0.06875251323675996,0.039474230368781296,0.05169120296249633,0.025661255640627698,0.041008925116444335,-1.9295163790970695,2.664422571160204,1.0799361292342662,35.99631638042457,MEAN,MEAN
21,target_iv,ERIE,87,0.20424308532469332,0.08586667732020889,0.09241407368086389,0.08055624680757462,0.04785430194417834,0.052182571576278605,0.05301747858756305,0.05189692254341231,0.18771714470897266,0.07804595317740459,-5.5918658709228275,4.29422572069149,1.1533650164073679,32.294260026332466,GARCH,IV
21,target_iv,ES,87,0.23700675790122178,0.10088621444637437,0.09207273499126174,0.05798303187976298,0.09437194026922353,0.06019200579407144,0.06777625384235103,0.0415561201776536,0.17848440973672863,0.05383483905148611,-2.0824522248802064,-3.662278510866632,0.8603919069116321,22.57028745182806,IV,IV
21,target_iv,ESS,85,0.28686534049160983,0.07810505365596325,0.11730013485068151,0.06651285064007668,0.10294748811171514,0.06019007429934046,0.03850406275064468,0.031099316850431904,0.049853292077009906,0.029747247469839404,-2.9365815105898485,1.6720939410033233,1.0804972642661481,22.44415316869181,IV,MEAN
21,target_iv,ETN,109,0.23792206936052773,0.08300956153396946,0.3095814736644449,0.1790668763742475,0.27903716797927086,0.09542760778710847,0.08248433059509014,0.06354589602825701,0.10648089318468591,0.06454211278434331,-1.5506079563447555,2.4550134976926286,1.0846841309002602,31.44525608026238,IV,IV
21,target_iv,ETR,87,0.317942268603599,0.06466283489101604,0.05033739379285301,0.03731594977109768,0.27775536561861613,0.06445422380001917,0.07742959271600826,0.04553972864316809,0.26608534610119167,0.0631730697255641,-1.8245917881548352,5.663671351222903,1.3295623758448187,22.849101989973235,ARCH,ARCH
21,target_iv,EVRG,62,0.35565232237186223,0.058167236258162815,0.04251276947203398,0.027013372817566255,0.08669624974104564,0.03531906310674427,0.06254040821591461,0.03576001548326559,0.1908321933952121,0.047574171252673395,-2.3655791811665408,5.148242366062707,1.36452619523862,19.271349109304154,ARCH,ARCH
21,target_iv,EW,89,0.8743955227110563,0.11616121753527597,0.1520273583322204,0.07096528526743034,0.21177215517411835,0.07775171757827254,0.25852140193612533,0.10467011269149368,0.3626741127652964,0.09093855833143874,-1.371527823643092,6.415472390163435,1.304592781354567,27.477929489878434,ARCH,ARCH
21,target_iv,EXC,88,0.2848184477947846,0.05462234683368054,0.03581773078464623,0.02729155552094023,0.04148713102910924,0.028066121355606943,0.04412892160911608,0.030704367184351173,0.16123743235618634,0.04597464059678588,-1.813602222657046,4.101966077977155,1.2557605459591528,20.140272778465153,ARCH,ARCH
21,target_iv,EXPD,72,0.36449686373623136,0.12045994328498758,0.22082155315310897,0.11540878690343874,0.13469222766977884,0.07593920612279145,0.06486759229267874,0.04416439676678645,0.13486662833500912,0.049695165016043104,-2.8747041701405616,-0.660659221688786,0.9740232753763142,24.772078402453154,IV,IV
21,target_iv,EXPE,109,0.7696138166497215,0.21947510338029058,0.2197186860555659,0.14717208199027648,0.22800633125454062,0.15157252657418208,0.384291343037914,0.1753664837420155,0.4120078888041671,0.1413060310135051,-1.5541614114971458,2.0150845398256765,1.0512655612806743,41.32187236163974,ARCH,MEAN
21,target_iv,EXR,87,0.3370642298250644,0.10893035543209433,0.0948392878937779,0.06628688479929329,0.12058339497121473,0.07782684046523666,0.04860378033496096,0.03979449157208798,0.11522317521945133,0.045301275069097854,-5.140797404317197,0.10628988397512906,1.0042132533091386,25.333798456644995,IV,IV
21,target_iv,F,109,0.492395405913193,0.1435814248461721,0.21602999751297267,0.1381230182333158,0.14768759640292775,0.09747270074713317,0.16888734831169758,0.09309965804178374,0.1317526391503769,0.07001956156254897,-1.8067685403235074,2.282747038059118,1.0783556118263844,31.415912931997784,MEAN,MEAN
21,target_iv,FANG,97,0.09001220141547905,0.06072481929459049,0.05692825042921509,0.06407942827138366,0.06534593314171282,0.06978470339411601,0.03321361982168416,0.04532646467854919,0.033576192960834146,0.04141654183395333,-1.6475652725766146,7.340510818222368,1.2638380227777342,35.1625462509479,IV,MEAN
21,target_iv,FAST,87,0.25581784609119695,0.08188363520923109,0.07316986478809576,0.04876511406006547,0.0778430178037642,0.049305629611289724,0.11055465981858076,0.06145271076686555,0.21654479921202568,0.06879748749265822,-2.8216398123104884,4.085696283733517,1.1852993000508778,26.1348690685833,ARCH,ARCH
21,target_iv,FCX,109,0.23337692364577953,0.16801208746882848,0.17179979787751026,0.17233057057980486,0.1339354756604963,0.1277245653395423,0.07416670213703495,0.07515539471666256,0.05423612944967173,0.06795109122932746,-1.8996007275341154,-4.29423819654333,0.9029033088968836,39.93217310291957,MEAN,MEAN
21,target_iv,FDS,87,0.4048188842687188,0.11558607799905073,0.2985341105349577,0.11212211910134955,0.2731951911697742,0.10944148427159775,0.12639997536483408,0.08857813586204026,0.5587173469651697,0.13589827621525855,-3.267978350882287,-0.6088928611463259,0.9812267254839524,31.82513246703102,IV,IV
21,target_iv,FDX,109,0.2534310081891873,0.09579023715383012,0.0863681307969343,0.0714837869373046,0.08609604205683816,0.07190075400054458,0.24429329121357682,0.11494893321839299,0.1992382613144119,0.09253389219103773,-0.09944129205876936,6.52549808881187,1.2511315396850737,32.509881002224674,GARCH,ARCH
21,target_iv,FE,81,0.6513626640105291,0.06758315700373231,0.2604089537372078,0.09763235455306038,0.46217936519407654,0.07261862421299584,0.09855215748199335,0.04563107031756466,0.37825378380832525,0.060414069865736664,-2.029765102601653,5.809504280384988,1.4346327802981274,19.1759702804876,IV,IV
21,target_iv,FFIV,89,0.4162642893170099,0.14186566960597907,0.22206391436943226,0.151783981193597,0.3182465182827162,0.1998159464381196,0.17934052113431231,0.0925874267468228,0.3181633827191499,0.09529310580010932,-2.556417909522973,0.8179224964016253,1.0269901674933062,31.122384171360927,IV,IV
21,target_iv,FICO,89,0.18868495625412443,0.1562677925839127,0.08419053527582049,0.09676332058268056,0.11281185854697877,0.11717784407750761,0.057419872300946515,0.07448008812905071,0.06855672672890949,0.07551753937966893,-2.2555746130687275,0.23191600793944217,1.005444850943727,42.825553618278434,IV,IV
21,target_iv,FIS,107,0.5161657505247996,0.12310852338183134,0.12506812323783212,0.07999737419097394,0.12137954914863681,0.07827714252999143,0.24588837830592608,0.10584739705439204,0.2617732616483334,0.08948883232807474,-1.945778979333285,4.695863282821895,1.1810891939662633,30.627080822487564,GARCH,GARCH
21,target_iv,FITB,89,0.39969839435178245,0.08488459744465231,0.0623938368580296,0.05029386512753022,0.06493079254453081,0.05143831373354007,0.07423423330593605,0.04967045622687082,0.2211873337142436,0.07042511648696725,-2.169622854624723,4.608883327537624,1.2044405154965512,27.15276762729801,ARCH,IV
21,target_iv,FOXA,84,0.10412359598761996,0.0596270338578281,0.05816822351860708,0.05522483657421175,0.05837986230333746,0.05500253414205623,0.12935048620576947,0.07595785476902231,0.13518565964290763,0.06654989939416085,0.4873785569760842,4.132946699303793,1.1551994322606638,30.76285532140713,ARCH,GARCH
21,target_iv,FRT,74,0.28039320596424505,0.060745507802694734,0.22555726225959233,0.0945187708966882,0.2398673711077203,0.0979494414925503,0.10375693216906778,0.04814535288684784,0.13541128863213217,0.047041194211082264,-1.768114576300159,3.845758710103441,1.2232723981032645,21.070273440870825,IV,MEAN
21,target_iv,FSLR,109,0.43259873485823136,0.20215320298737946,0.22364599985897715,0.25099194778626305,0.1381887493801784,0.173551523796767,0.04733737090639447,0.08592680654065721,0.11442995549481656,0.1744117086236935,-1.866141997968582,7.3897654236154,1.1531107791834847,55.65394031073849,IV,IV
21,target_iv,FTNT,109,0.6894232539672519,0.2944817043448478,0.4484803252502063,0.3508119447438566,0.3396243129901078,0.21052422364821838,0.34083352407511097,0.16680993350568288,0.2763839969776961,0.1352943262517853,-2.148991911818528,-0.7353394075756655,0.9818196652845901,39.711628103555135,MEAN,MEAN
21,target_iv,GD,109,0.7164259214580285,0.07453653189491813,0.4083070411525604,0.15952924797539364,0.37151636833869867,0.14271153719482713,0.1155731955367352,0.0434868491141007,0.0868961416967027,0.035755767525233,-1.691167497214437,2.268092244635105,1.1385417276356455,18.639277181782862,MEAN,MEAN
21,target_iv,GDDY,109,0.5642632804164721,0.1393930141766285,0.7506274448827375,0.3825696693013631,1.0223176340591207,0.5128885451184981,0.21332144577960963,0.10767511052105724,0.3797615120874297,0.09817627306472777,-2.0812500284667355,5.442299314070068,1.191774482210476,33.820940994338265,IV,MEAN
21,target_iv,GE,109,0.3361324866978103,0.09323050050112117,0.04677910519608867,0.049636560861692026,0.07512678866518224,0.0723649857174455,0.08875514042950365,0.06868464012292824,0.22424300232211491,0.08197783994791673,-2.286480506858564,8.26182815726006,1.3585627734988495,31.303339345499975,ARCH,ARCH
21,target_iv,GEHC,109,0.15148670157416763,0.07412058898909962,0.2096985456235439,0.14535980960615796,0.14483875027447557,0.09776663558647772,0.146814043926223,0.08807181945324044,0.10788241671016255,0.06336044749524102,-0.12471242738143003,2.6275767688158442,1.0886565281395884,32.26529013244731,MEAN,MEAN
21,target_iv,GEN,78,0.8339937959932983,0.12972483072889018,0.12321152517319493,0.07705212048082286,0.12435353286218898,0.0763288369630941,0.21950401573624745,0.11083624226979692,0.3253494267425193,0.09928235900667644,-1.5975687207632772,8.631205795363268,1.3848003665609039,31.061552919258684,ARCH,GARCH
21,target_iv,GEV,109,0.23656780617827833,0.13183419379342046,0.7720812161665269,0.5889599197913223,0.7823035545993035,0.5953149158458481,0.04764234193778056,0.07649175959275958,0.1341208634600907,0.10401564431312005,-3.6226389653566535,1.283159942333998,1.0265678167606807,49.58069051823785,IV,IV
21,target_iv,GILD,109,0.29910698006572517,0.08543860412077325,0.058503692224360686,0.05194755837015371,0.0658274019974445,0.05564206781920594,0.1212228935036422,0.07198900472523043,0.04889164250261977,0.04398485765806724,-1.3341162277901455,3.82849436543307,1.1503425399634597,29.29363793932494,MEAN,MEAN
21,target_iv,GIS,88,0.31719734788703774,0.0745459876132481,0.05367292203720182,0.04067400326734597,0.06377500238754656,0.04364945213020266,0.049643678620671976,0.04311116741774339,0.13642985627530016,0.05855358246837179,-1.9778158839112625,7.8723438624757485,1.4040537281266092,27.355752415530805,IV,ARCH
21,target_iv,GL,89,0.45751910475014573,0.09320936269024416,0.04454255162070015,0.041828551729579326,0.04609165083304162,0.04164169028116445,0.05932408479402031,0.0461184028510585,0.0885435249245711,0.041519695881087545,-2.116036301218312,5.742061330712178,1.2763981492394447,26.516662559093806,ARCH,MEAN
21,target_iv,GLW,109,0.4394071807300102,0.13844451089246987,0.21668274684455174,0.1595211641436697,0.19086676140630512,0.12218301048983085,0.22258480098724953,0.10343337070541302,0.2784986915853886,0.11308424532555439,-2.3494737036203217,-1.4098659764530985,0.9607523361897999,34.512424411865396,GARCH,IV
21,target_iv,GM,109,0.7372150523135151,0.1779222350252256,0.17974787707339812,0.12054340454171864,0.1606246203625153,0.10668229211230387,0.1431511470790413,0.08699711361812133,0.055682130256516374,0.0554330091672661,-2.376798796526895,0.0571785637739155,1.0017943551074617,31.922980118955195,MEAN,MEAN
21,target_iv,GNRC,109,0.4295990247118382,0.20838716039358585,0.199347416513657,0.17804311214511764,0.14439907445914613,0.133583841581071,0.2307190267457199,0.13424289565088088,0.05139518441929519,0.070654465070807,-1.8814932000481384,-7.838630714816701,0.8429560028116699,42.07496582600785,MEAN,MEAN
21,target_iv,GOOG,109,0.2564428470205491,0.08569542849702583,0.061514662316093094,0.0604133344094613,0.06579974694860387,0.05775870979985375,0.10518110690365406,0.07521463206540795,0.27131586529317375,0.09461874623313428,-2.0365520716982624,5.25605049682859,1.1851081885430093,33.6505290890458,ARCH,GARCH
21,target_iv,GOOGL,109,0.23332785384157242,0.08352216427752786,0.05750856721945339,0.05855208704033659,0.06008248232512753,0.05664500227346608,0.10138198504230662,0.07433978106516928,0.22982388968640483,0.08969618011798294,-1.8983111809023354,4.977349999758554,1.1721910339408064,33.88332661100078,ARCH,GARCH
21,target_iv,GPC,88,0.19821137384633547,0.06907329155978369,0.03728878316305542,0.035309234871293775,0.03894354516926271,0.036233615216018346,0.06641610702060598,0.044914621578431534,0.04097044504959953,0.033266567080276525,-3.1209950930726698,3.7318535667322865,1.17609172982833,24.92452156068309,ARCH,MEAN
21,target_iv,GPN,89,0.5580615779880174,0.14294108449991474,0.17452967535652747,0.15862961509537546,0.10687828359139344,0.10443834119064457,0.1491561230784396,0.11353577866843606,0.12772337291031083,0.09076250853398346,-1.2878357332147514,7.699255898606296,1.2347142180422688,40.50193808303094,GARCH,MEAN
21,target_iv,GRMN,88,0.3833047064904492,0.13427334020764214,0.3138803919739268,0.1752231688907404,0.26672389005686176,0.13641405419728997,0.17749463794554565,0.092108994194849,0.10533692270674297,0.0585499169578127,-2.1977197855407837,1.463435879518924,1.051951033364498,29.632959847429056,MEAN,MEAN
21,target_iv,GS,109,0.20976390934307831,0.07052443274533735,0.04757572951749525,0.04851172160298066,0.08807564305004136,0.07252852926638104,0.04439186447155798,0.04193062608705644,0.19550090332622602,0.07181220807984434,-2.521756181462654,4.951654253937729,1.2136233882431422,28.131018155337184,IV,IV
21,target_iv,GWW,88,0.17182825659926096,0.09303506949153699,0.13832676653344692,0.14505254583335256,0.09881265512241305,0.057321936994333196,0.0788616227458668,0.045728293494338795,0.05828505112574045,0.03819503245017501,-1.3278038306461941,-1.2325873497056223,0.9478321228054606,22.394736896385105,MEAN,MEAN
21,target_iv,HAL,109,0.1867247060298406,0.11953435612288033,0.07333159989137755,0.08026457032967999,0.08373712094126308,0.08748521167804253,0.05711122368045214,0.06812989219428356,0.05926090451032747,0.06930377869286647,-2.717370594497931,3.2798384077549683,1.091953347281924,38.94834319528772,IV,IV
21,target_iv,HAS,88,0.3565824280024803,0.09568943948633989,0.18069773192940225,0.11292522433940125,0.1807529093862078,0.11732155127876284,0.1458890378629557,0.08618353729256371,0.2221046838769836,0.0833178865727548,-1.6286656502549508,9.174456873070753,1.4144983157945037,31.30833902283366,IV,MEAN
21,target_iv,HBAN,85,0.3123432875931623,0.07908871484059483,0.07965850282863049,0.06069450781031513,0.07556288644950772,0.05861084211304724,0.05888046040343649,0.049566090640925854,0.14533912714845448,0.061983383151945674,-1.5260452410542886,4.51909870394527,1.194233755454539,27.785387786241174,IV,IV
21,target_iv,HCA,89,0.17291588239205474,0.0618741642111046,0.04377851833863279,0.04226242782194336,0.1313863637882002,0.057185036079894086,0.08300787287786425,0.05809428313345402,0.10912818561052694,0.0511589696918248,-2.2262843638460006,3.1079933924730683,1.128115148645761,27.36736806694415,ARCH,ARCH
21,target_iv,HD,109,0.4417063399430098,0.08257737836976599,0.05862075665301816,0.04007518415954817,0.08717588132675806,0.04796559575211156,0.11997554111579194,0.057375728979332456,0.15304374740624124,0.05517894678117424,-1.7060059410284543,1.8271269693301764,1.0850807740943467,23.302330842111854,ARCH,ARCH
21,target_iv,HIG,87,0.19293568372675654,0.04941080749628016,0.06623968581224234,0.039698716507879137,0.06822885592684454,0.04055487522804703,0.06657571532848265,0.038674255737466356,0.03911069853351788,0.02676264452537157,-1.3658382184788547,2.597744603490642,1.1457809185933217,20.41725506176571,MEAN,MEAN
21,target_iv,HII,87,1.050301606408652,0.1313481788411956,0.2022727353331427,0.12547048942449848,0.4808995183155682,0.11261662309039469,0.16963178440545662,0.09543640908173517,0.1946568959297637,0.08208255351497426,-1.427814542058209,5.245877325517928,1.1944213908698715,32.227874018613605,IV,MEAN
21,target_iv,HLT,109,0.16327165647260294,0.05765650748293774,0.062201468360729116,0.04686059514185591,0.05705627958530736,0.043394800715814336,0.0745689012955513,0.04767241879443094,0.1191346781131357,0.05169178827539902,-1.791680587843738,3.2000868094030195,1.1484183938972294,24.76134162003574,GARCH,GARCH
21,target_iv,HON,107,0.45465540645986485,0.0883706356564514,0.2055796550839535,0.08894046844097143,0.17480956457407676,0.07745567175761406,0.13568137059036461,0.05459254535425003,0.07914354572374277,0.039333886832337905,-2.2234594747245633,1.3018630867217194,1.0646461226418302,21.44016424879839,MEAN,MEAN
21,target_iv,HPE,109,0.4301051821208761,0.13604934865897017,0.14644104263886493,0.15402133850476193,0.18890545327581448,0.18372751960326333,0.22939364379756644,0.13731379725095103,0.2058238800978555,0.1145682474822842,-1.0181903270072314,7.752777961985517,1.2255834737163276,42.12044609947801,ARCH,MEAN
21,target_iv,HPQ,109,0.28422120094612185,0.10708478494321717,0.27143878760899537,0.179733127850427,0.09842811261767688,0.08559926796840958,0.18499841104261597,0.11076247269301591,0.20114336323240492,0.09547734987578131,-1.1198601398905024,2.6285933888923507,1.0798845302854034,35.533504759106066,GARCH,GARCH
21,target_iv,HRL,105,0.8167093460792146,0.16675675198609735,0.19912554025698354,0.17441533718095548,0.1358879642374275,0.07481059698973025,0.20445527342565611,0.0935949193120675,0.20888425511037262,0.07168261480633673,-2.37112708716411,-1.5688368503838257,0.9451363163655195,27.02634208138316,GARCH,MEAN
21,target_iv,HSIC,79,0.7964702216538732,0.1352947904821434,0.13285199880902093,0.07696536723139574,0.13151111195732698,0.07669091918458663,0.18589868619014802,0.09886858401426903,0.6090409240411039,0.11223231925231064,-1.7135874531506676,3.342181289219509,1.1144511966474697,32.54398421587681,GARCH,GARCH
21,target_iv,HST,82,0.4157457807430601,0.08956588537505782,0.07350448352519393,0.05894982260366969,0.08713299497679708,0.06223131375130905,0.07849899758469732,0.058060821143935036,0.1340956976042676,0.062463802521864946,-1.5615118783068378,4.575045711646155,1.19250935627622,28.340361850783303,ARCH,IV
21,target_iv,HSY,109,0.18414088748443047,0.07422596934873549,0.05225313478025175,0.04548571111083367,0.051815519097880125,0.045182965869795415,0.06378555745589279,0.049273042850929594,0.053110633334630085,0.04664087361341223,-1.8841420205310346,3.0327683596316595,1.1236344683066302,27.56288848851015,GARCH,GARCH
21,target_iv,HUBB,87,0.20315086306532976,0.07663347091263581,0.06748035355535158,0.06305504964649034,0.12215685148805658,0.06656112264584037,0.06238705048133479,0.055583312757761655,0.19850952617074621,0.07717323341702964,-2.0534111793818512,5.090605626659846,1.1938286120109294,31.354043071967535,IV,IV
21,target_iv,HUM,109,0.18743563277597297,0.11209554353797009,0.04820003595020596,0.0656705109514183,0.04632444045179796,0.06361839337165313,0.164456399123908,0.1156699306429036,0.13532231094640793,0.07938368994407977,-0.3496195490179127,-4.028998543512731,0.9144571362504137,43.07017918926698,GARCH,GARCH
21,target_iv,HWM,109,0.4302168297724063,0.11254288736057898,0.060702475154728125,0.06452798030293706,0.06102210889540714,0.06499480687388079,0.10848657000115577,0.08720492684462952,0.14885310379536928,0.08076654218274004,-1.591831434582075,10.68422911175697,1.4134494466941971,36.52591108082111,ARCH,ARCH
21,target_iv,IBM,109,0.378833219882676,0.1049373987919015,0.1117643797285375,0.07337501561173065,0.11162916724481729,0.07340054584786161,0.25168835036407633,0.10131973619501163,0.14567034883759902,0.0716783400621424,-1.0614325196484253,3.3573161768719744,1.1249099540388614,30.235207556348826,GARCH,MEAN
21,target_iv,ICE,88,0.4531261739205061,0.06762711134073883,0.05384042970388622,0.034007947650455304,0.06204772748542809,0.03554692863278189,0.06773576511760565,0.03874878439619296,0.6877779244166529,0.07931092681739627,-2.844682774734996,3.5396553733841136,1.2054384181102904,20.769418948977066,ARCH,ARCH
21,target_iv,IDXX,88,1.0738785656331127,0.3196993816251025,0.6176002822126347,0.4853649562678611,0.7463766989984252,0.5135840303233618,0.26011693108737094,0.11361129747903788,0.4347095978589106,0.10945317431726331,-3.7332917244421084,-10.903983869221264,0.740098352033698,31.050285965324132,IV,MEAN
21,target_iv,IEX,83,0.2097561537101456,0.10596837082740286,0.145899870423518,0.09707879220250308,0.1099039133418724,0.07157032247826113,0.036981084040434174,0.035024916815383174,0.044372535456040134,0.03749942734425589,-3.4554082413802263,-0.7050960632676757,0.9730691867197186,25.476662947476242,IV,IV
21,target_iv,IFF,89,0.4323747222125918,0.10795775681783834,0.07071732808336956,0.05959166537784429,0.08734832091894722,0.06313090059140808,0.10836533263509159,0.08015851164615732,0.28643881450600844,0.09624148079172211,-2.0317214994694344,6.785885387431352,1.2587268244627208,33.01387856719966,ARCH,ARCH
21,target_iv,INCY,79,1.10965593720523,0.20064718343022522,0.25392653399482856,0.1319056262691802,0.25581440085106166,0.1321154452923139,0.18373570054654514,0.13048063416081598,0.3846041252085812,0.1509543714188183,-1.761041791299423,9.618659338490767,1.3075913790863583,40.88955960579076,IV,IV
21,target_iv,INTC,109,0.12070953197872754,0.1617442154017305,0.1819663976201521,0.21083942787295715,0.19302421905638206,0.21845474021562872,0.17268298385414765,0.1537015342083755,0.09744609537392292,0.11862618386249318,0.7755389229731233,-4.967590373721852,0.9168971075192984,54.80879316040665,MEAN,MEAN
21,target_iv,INTU,109,0.7163210049589219,0.12255674422436581,0.12346620421613319,0.08852948526016981,0.32345867272889783,0.19394956282059653,0.2293665600405181,0.09944020921164412,0.6554046415164896,0.11628093628745889,-2.1744978225151135,5.716716196367104,1.2367090364234188,29.867531402852038,ARCH,ARCH
21,target_iv,INVH,65,0.43629879035921476,0.07437063563102572,0.05374321922616494,0.03727052233532052,0.052567176595278625,0.03696558550802606,0.06885275314264007,0.04486300766551578,0.31524919153430786,0.0709819469179218,-2.1967466862296687,4.848888597127164,1.2573745466036328,23.688702639013187,GARCH,GARCH
21,target_iv,IP,109,0.7692817927329815,0.19274690074330597,0.10829425198560008,0.09813061779871288,0.11754219086655374,0.10396195534332234,0.09425634281217224,0.07497586673991917,0.11429299534898266,0.0671698539463854,-3.005178925573629,-2.5102715018658834,0.9331671534066065,35.050174144542154,IV,MEAN
21,target_iv,IQV,88,0.26155918396801553,0.15915041973932162,0.30947990639395884,0.20495354274725644,0.14360963072093344,0.11212833816985714,0.07958609089601375,0.07536705093075376,0.10183911257486011,0.0876600764733995,-2.522356020992561,2.327960025765993,1.0724209046276985,34.47282258628732,IV,IV
21,target_iv,IR,87,0.25747311800086475,0.11809632371743492,0.08439270835385997,0.07094962235169124,0.08211591676648745,0.06860872109592887,0.11022202024755064,0.07565385558776261,0.060459755587689755,0.04760008139202748,-2.012954360133417,0.5974087520355723,1.0197788884169485,30.80177309455664,MEAN,MEAN
21,target_iv,IRM,109,0.3068761572591308,0.09252821985685244,0.05166237673747461,0.05419340439747201,0.140845089855483,0.06767032362015458,0.0750660051032315,0.06175003290886683,0.30698841110667763,0.0945917125841054,-2.5650281508814916,2.0443179328083687,1.0675505158291574,32.30786081941889,ARCH,ARCH
21,target_iv,ISRG,109,0.434289767270278,0.14839914071422186,0.13275865562977857,0.09097895447837802,0.1481479454273624,0.09988157157433651,0.23775848405791877,0.11625315847393299,0.346819317745179,0.10500803978092967,-1.4356658711108357,1.7898892106692563,1.0587833643937326,32.23879646750006,ARCH,ARCH
21,target_iv,IT,87,0.5950718557121448,0.3580630777326012,0.3769364691485948,0.3271520308397191,0.7237809475172875,0.5127783442613468,0.13240563189308466,0.11250201831717427,0.38598221702693175,0.1308067043910574,-2.2801589736658023,-9.64569072369175,0.8074048029179755,40.437026134422474,IV,IV
21,target_iv,ITW,87,0.19868047973427838,0.04726098541317664,0.08882061344653731,0.0478601363625714,0.10318165121646537,0.052879330320930854,0.049662354919856315,0.030983438251125126,0.057604812495494435,0.029105263069520104,-1.5181746403364247,1.773731383919725,1.0987712063212842,19.731711750688856,IV,MEAN
21,target_iv,IVZ,88,0.8135412352350698,0.1726015511419432,0.17979073537844695,0.13594766381488507,0.3229455268346891,0.20454088536377213,0.0841967319556733,0.07633126104529514,0.09274634129814417,0.07515064828323453,-1.934011317294712,4.95283719137465,1.162795028837309,35.37659906388436,IV,MEAN
21,target_iv,J,86,0.4316064717507508,0.1049941261163398,0.13211023995754048,0.06637610067430905,0.1313812948318496,0.0682704240962516,0.17726597586273254,0.07658052392161174,0.33292822674548733,0.0834526941998899,-1.6688784873669147,-1.7808874103762,0.935776749723899,25.948749484673687,GARCH,ARCH
21,target_iv,JBHT,89,0.283145526120039,0.1943333156975252,0.15046587164063557,0.12124222690392807,0.1128073977776374,0.10025143843271798,0.08123700417115264,0.07192777252967514,0.09158399160626282,0.06561869185028385,-1.5145703211425072,-3.395431263595465,0.9094350940884148,34.09625748072117,IV,MEAN
21,target_iv,JBL,88,0.1627840684725645,0.09467352298867107,0.08178983142842712,0.0889276493806071,0.06496771086163994,0.07464170914052702,0.11762286281714535,0.10130136764191842,0.18308211983129297,0.10832830988156382,-1.028432039217937,3.1498723011615595,1.0859855880578968,39.78243331872006,GARCH,GARCH
21,target_iv,JCI,89,0.8336519971897577,0.12516766780061295,0.3587274261553434,0.19767668251358095,0.14412955227987345,0.0926724805158586,0.14088867752095313,0.0856871987687036,0.3920340823619835,0.09323031161465672,-2.1349333781297366,6.134553722798043,1.2613243450300295,29.60941873046924,IV,IV
21,target_iv,JKHY,74,0.23341506856209127,0.06482966744250145,0.09407721173608459,0.06198963945222447,0.06909494341215426,0.04445593895375348,0.09264060388761579,0.0548016621892445,0.26290774548487816,0.06699319051989315,-2.151493755589523,3.5874164492154614,1.1710761128056653,24.557126307485426,GARCH,GARCH
21,target_iv,JNJ,109,0.3730961761889156,0.06675390776955605,0.5675903745823464,0.1794405866847494,0.1541401105962352,0.0604163360639711,0.06530740314466084,0.02931476567205621,0.05174666583954353,0.02785883126082895,-3.554498130759349,1.3175499946594316,1.0840708399282821,16.98945235442392,MEAN,MEAN
21,target_iv,JPM,109,0.3218934350218597,0.06852784612536214,0.03674057642055333,0.03453790473043134,0.03927898131575691,0.03606903383451096,0.05122246736831501,0.03767721683477918,0.25645046901788654,0.06627294585661969,-2.8099410173334274,4.138179178709994,1.2151773892396973,23.369656953079023,ARCH,ARCH
21,target_iv,KDP,85,0.2539739269948018,0.1167493332434528,0.15657351624084095,0.18954567684340975,0.12466174907236979,0.055099913510430296,0.12042947865861828,0.06516979289067908,0.2547282629146035,0.07298416862235678,-2.118706939793288,-3.607789203574602,0.8793367281749082,26.291857548954194,IV,GARCH
21,target_iv,KEY,109,0.31160242572232166,0.08028465552097742,0.15543571453891203,0.09683580559268182,0.11029548481159249,0.07580055277241309,0.0675040887363792,0.05330522719696463,0.15001915582944697,0.06481544836310021,-1.567484555920722,4.786238092828262,1.2012391646374934,28.570068151207106,IV,IV
21,target_iv,KEYS,89,0.6212065165479179,0.12219435751030928,0.18776284760683973,0.1358065460661476,0.09515340526735423,0.07231766932011982,0.15300144173705033,0.08794326460197946,0.43063508720572174,0.10445469820803897,-1.89663086941995,1.0372250417437276,1.0344610822466187,31.135671582710987,GARCH,GARCH
21,target_iv,KHC,109,0.164106259530128,0.05559746614727428,0.049366632821656764,0.04098985908385028,0.04881843201412327,0.040619119016179345,0.08814077360424691,0.059329303010710724,0.1981393527307483,0.057703814825214514,-0.8680401861824438,3.283737564569743,1.138322295210234,27.02349375917918,GARCH,GARCH
21,target_iv,KIM,63,0.33815412967961117,0.062371058957897116,0.0426181286691655,0.035379672421940414,0.04735721203326585,0.03461335255406153,0.03971285621106313,0.03214684021064484,0.08953303956000977,0.041232055255849984,-1.5232723200803748,5.039154731224963,1.2866073215725249,22.62124127240854,IV,IV
21,target_iv,KKR,109,0.1625116113290956,0.08534805009995311,0.166729394707654,0.13198921257151006,0.16565380501463942,0.13389388877157568,0.07727446358901503,0.07440209724228736,0.15449954580909803,0.08703997995696523,-1.307976290787922,4.580155583507042,1.1410918579212166,37.042380200781146,IV,IV
21,target_iv,KLAC,89,0.08214507793801964,0.06892286870692885,0.03821906620899537,0.057669683181131276,0.04003237445142347,0.05945195325516816,0.0479588944327919,0.05925892743607937,0.13809012343572186,0.08930169359373383,-1.2013638400762683,1.347582196591743,1.0348278706994951,40.040220291497604,ARCH,ARCH
21,target_iv,KMB,109,0.5154361884484295,0.1595871883412031,0.1639218506117331,0.133940052198856,0.21411785125105187,0.15798424997413454,0.10167288107795633,0.04965063574228965,0.20221268458908934,0.06284652807046912,-2.6173849640959217,-2.981646241939737,0.8835006927672858,22.612035924630806,IV,IV
21,target_iv,KMI,109,0.3243334896170189,0.06432507703732247,0.1320894082196089,0.07604446698612269,0.1580815228038605,0.060151425704439446,0.03150661574348147,0.030534901716793697,0.06374790253732801,0.036850143876309166,-1.8545028444052287,4.883437494176709,1.254986764989525,24.035166778546895,IV,IV
21,target_iv,KMX,52,0.3296695976592004,0.1626709630975634,0.1604514228890019,0.2656986537744953,0.06966883649587587,0.0920111192943644,0.10170885284296298,0.0908051189686512,0.1788125695123011,0.11193031405181846,-1.8620793941814333,-6.84885953482603,0.8552348836595853,40.46129161181461,GARCH,IV
21,target_iv,KO,109,0.2017297721431114,0.04621744700562645,0.05278873192668985,0.02922909201001279,0.04698510007876842,0.02528472312435372,0.058491637167271106,0.031155202921351422,0.0997491203393252,0.03287678362196318,-2.2743049160448328,2.2219573168903084,1.146243152258054,17.4155392561632,GARCH,GARCH
21,target_iv,KR,109,0.3209516647916185,0.09258567619225581,0.07788998080917249,0.05233430432100025,0.07777876084693147,0.052296371255919474,0.2091896258690989,0.08616068147157047,0.13152121943156075,0.07441127504407936,-1.0358080174137394,3.0726628867090677,1.1348107782718753,25.8650755268347,GARCH,GARCH
21,target_iv,KVUE,80,0.5948076317359507,0.16306878569719965,0.6460286071116974,0.19443215351284804,0.48058433442992426,0.17640175899102745,0.2809542396929804,0.15878565770439912,1.334228772066714,0.22887079378811404,-1.58979999642835,-0.8514031206014974,0.9787899654795911,39.29012139140503,IV,IV
21,target_iv,L,59,0.27155094552379727,0.05198733200265393,0.08823439641056816,0.04415520972040444,0.07875273938605935,0.04150923458651805,0.10353113682749591,0.045837348289815665,0.2065362493185522,0.048957065851302065,-1.614780122560822,5.464181255789569,1.3886253446390626,19.524461500415537,GARCH,GARCH
21,target_iv,LDOS,88,0.5110899860131322,0.0940151685594133,0.08381612079330229,0.0575034079931753,0.34631210274602625,0.08573626206312907,0.19468008390298472,0.08839346359317163,0.2122554639801857,0.0735415368428414,-1.368784642403894,6.09396557245603,1.2766942121437561,28.11815438812203,ARCH,ARCH
21,target_iv,LEN,109,0.17073859832892652,0.08428592305626614,0.03808186915560413,0.0503032019800477,0.0286955992519512,0.04462056722201738,0.036794795430314185,0.053962024300366764,0.020825356372614182,0.03870670503823124,-1.4022544108674553,3.245131057697753,1.0913621100919018,38.764571824044644,MEAN,MEAN
21,target_iv,LH,88,0.286394974246812,0.08997923464086545,0.13349085056575113,0.08540189007847593,0.09677196033939506,0.06385493405371968,0.045263916606727045,0.03421530721937677,0.04943891268650916,0.029310477760467513,-6.559897625286727,-0.09767626536002348,0.9956294760929298,22.25119252860966,IV,MEAN
21,target_iv,LHX,99,0.9296233673340124,0.09162640381792155,0.08012910049840498,0.0462630269610993,0.06726905020060486,0.0428987343917307,0.09780174004354666,0.052053675670267904,0.5623749608790897,0.08573921681117024,-1.6120656816817474,2.999420694408995,1.1475372273731597,23.329345201006134,GARCH,GARCH
21,target_iv,LII,87,0.07569416431201648,0.06849612959870324,0.07987218409593073,0.07385761334911932,0.06775527839055624,0.06680032353723692,0.04433064260892564,0.047452054256949004,0.03206430974433976,0.03707906615558202,-0.7904335978819903,-1.2556223247043503,0.9620474711465362,31.82840033824809,MEAN,MEAN
21,target_iv,LIN,89,0.5582346886207681,0.06493873245788834,0.04476099272676655,0.028871384648096098,0.05460454380288957,0.03139829930514847,0.04165306103178104,0.027384529754735612,0.5691973219439065,0.07302954862857529,-1.9268185469174837,4.298327743912651,1.2795249738208467,19.675586116066317,IV,IV
21,target_iv,LKQ,75,0.6875751626206508,0.2381784490816646,0.5367428066344552,0.36395506055315074,0.2556362481406685,0.1766074549583365,0.14130069554968777,0.09357885280601295,0.15764009068938672,0.0986761490021219,-3.2569974580617798,-3.126131987805931,0.9129344832366768,32.7793803668032,IV,IV
21,target_iv,LLY,109,0.30978591757397317,0.15996132905620689,0.38323287822034463,0.2632468309140564,0.1950244938372596,0.15322531541611373,0.14663037987144037,0.09918712053195394,0.11514059578017204,0.07243297987064765,-2.126203579403817,-0.9634294314871469,0.9742076101813346,36.38981461687718,MEAN,MEAN
21,target_iv,LMT,109,0.4891639671295077,0.11997767299761473,0.14088224779519765,0.07597862735295376,0.13126412798574802,0.07184091874034844,0.08813825396853243,0.05038214104587356,0.1221327716485872,0.07304439174646504,-3.421474394560178,2.0575206544867775,1.094411700943437,23.850589034003114,IV,IV
21,target_iv,LNT,71,0.6137759440054892,0.0783394175638224,0.060160328553095735,0.03442061861314978,0.23635808263797192,0.05333791570116025,0.07998083681195664,0.04485423653170481,0.36605943958888737,0.06727133266968413,-2.9563853034668734,7.676661835475569,1.5455758174400824,21.747413489197186,ARCH,ARCH
21,target_iv,LOW,109,0.2892192163646748,0.07500940721356833,0.047147718664675285,0.038560429898006114,0.05281459367331253,0.04124236247103031,0.11691801692444845,0.06266147356619352,0.08574720428828551,0.047093750807860046,-1.3903868638868235,3.2751704291367103,1.1476856185912876,25.451807940474758,ARCH,ARCH
21,target_iv,LRCX,109,0.09845332681646976,0.07539065008298788,0.08436667715463944,0.09581678372125678,0.07362126321217002,0.0876409498868086,0.09002623662411827,0.08128109585435517,0.28454705905036565,0.13085906439402992,-0.1483518173089259,-1.6774333805185293,0.9622390084220109,42.74495359663651,GARCH,RV
21,target_iv,LULU,109,0.8386369341868949,0.28072498390216827,0.2075900604081218,0.25521245050991237,0.15388617558387493,0.16319996921577595,0.39245697737600743,0.2202360881144953,0.138703505067925,0.15031521912417314,-2.0585445236650166,5.0682309572691375,1.113799823273682,49.6046002720117,MEAN,MEAN
21,target_iv,LUV,109,0.2681306728103854,0.12539644428698996,0.08719582334047615,0.12078223546736566,0.05768103498302764,0.07611983518710651,0.06924854345635328,0.07623444462627017,0.03745366155024741,0.05245706136219207,-2.0441224309121298,2.7384776017015144,1.072219441943437,40.65731950920768,MEAN,MEAN
21,target_iv,LVS,109,0.5765490767095123,0.17167237746721445,0.1385592736321154,0.1047455832673402,0.14520635394255646,0.10882740828947608,0.14395973379755678,0.09253605887423391,0.1741774637138271,0.10016405068144402,-2.5222714135666173,2.8735254890907744,1.089795386395116,34.87433983434843,ARCH,IV
21,target_iv,LW,88,0.46858572621977984,0.15428477906219998,0.1285010810863919,0.11880837472334885,0.25273449113232754,0.20784240590569983,0.3194115730079165,0.15641419610469975,0.13513255759169673,0.08716420152915214,-0.8353069734143244,-3.332148848602951,0.9202154115812177,38.43216822868514,ARCH,MEAN
21,target_iv,LYB,88,0.285336104126943,0.14532325697294723,0.05057785203696521,0.0695375783740287,0.05040466627972128,0.06940481374666728,0.06365665714818261,0.08346489911866731,0.04104682152264549,0.05968194676468606,-1.8368815155194116,1.5568787733976492,1.0363179177278423,44.42494144881076,MEAN,MEAN
21,target_iv,LYV,89,0.3710720259500125,0.11389168116907643,0.09582442829661426,0.08544337257943449,0.10141940213992419,0.08679192998509967,0.08972075529487639,0.06681562802820948,0.25559445128333186,0.08954527973854139,-2.3674461893283745,3.758398295958558,1.1299540989118715,32.6793659870763,IV,IV
21,target_iv,MA,109,0.322846310006839,0.0718688834527616,0.07607558231814232,0.04601078202109939,0.08994955370739034,0.051581637222459606,0.10225628962107854,0.04943522076242011,0.14306714154708305,0.06335613610278493,-1.7710315416703672,4.8640651066485345,1.281707025647344,22.130461269368432,ARCH,ARCH
21,target_iv,MAA,85,0.31194329660126696,0.0590279758743267,0.02394803536398458,0.025185450613098858,0.027580440857844408,0.027599478062470196,0.031968740411890836,0.02710721474247781,0.15846495506536545,0.049073586469972126,-2.45363033611345,4.542052710832924,1.2579873844854572,22.147769051931622,ARCH,ARCH
21,target_iv,MAR,109,0.16618070688858985,0.06567735010164291,0.08972560795136326,0.06290196391018961,0.0695304123107872,0.05253432727445373,0.08755313753582543,0.05805242448881323,0.17132723621825122,0.0653070483406553,-1.7614978503978913,2.561862917238109,1.1049145730146734,26.980424072510672,GARCH,GARCH
21,target_iv,MAS,80,0.12417981678740601,0.06069180053835177,0.07295282290584995,0.06993751748378947,0.06514742018097835,0.0648727019331915,0.0499926005341087,0.04960784677115784,0.06296112644844322,0.04945316577154129,-1.1893537107006449,5.278798251140071,1.2044068479093353,31.103756197174697,IV,MEAN
21,target_iv,MCD,109,0.3806792084065668,0.057768133924765645,0.05730788031963333,0.033629569475732396,0.051635752717371246,0.03080727079562663,0.09594130288497482,0.04349424971998421,0.11967108737670583,0.039745377118081744,-1.4913334740607558,3.6967595059938447,1.235693636716756,19.381355651609837,GARCH,GARCH
21,target_iv,MCHP,109,0.5785180270387186,0.15455467090071948,0.4133613910867882,0.350198214898217,0.11970335129626498,0.13044249197138524,0.07617891043042796,0.09188590320283875,0.22134574033713536,0.1243055671402433,-1.582435879764259,6.1575599881307825,1.1503170834986531,47.1213669275195,IV,IV
21,target_iv,MCK,109,0.2094123886014414,0.06408703726548594,0.051366851409077485,0.03810912035817341,0.051345832618913935,0.03839469492580401,0.10534597001321333,0.05838858988594932,0.2182608160778092,0.05958579054054425,-1.4165336148978163,1.14839439174851,1.0466248594984426,25.778911332756387,GARCH,ARCH
21,target_iv,MCO,89,0.15306747440756296,0.05009333474219145,0.113129819039644,0.06508998463335659,0.10790371605674666,0.062391976406726085,0.0533885302048627,0.036805506235073296,0.08981061232314451,0.04209316685997552,-1.4128450785458835,2.4840452930197463,1.1213190705354557,22.959352942972227,IV,IV
21,target_iv,MDLZ,107,0.4170261291422246,0.08160330607748659,0.0584456949738272,0.04103560171782962,0.16107880893029486,0.05845975019157552,0.09042471240961125,0.0534245184254605,0.0960705785220992,0.04791775058889897,-1.628467422395581,3.2145394655096338,1.156804709623219,23.71481317051346,ARCH,ARCH
21,target_iv,MDT,109,0.35540319597840037,0.06734340432126994,0.07594534501143868,0.043842798320514756,0.15903553375421556,0.049072512189536954,0.10452871007302991,0.050128308732400116,0.2378966186137923,0.05682445252729048,-2.342168180170747,2.314597451717037,1.125006328918035,20.830439583475673,ARCH,ARCH
21,target_iv,MET,89,0.2955270821756327,0.06874996726564891,0.04959949448714896,0.04191250852480369,0.07351074128035284,0.05512960114410989,0.06188922009746849,0.044733962052619765,0.2699373642200423,0.06573246897076528,-1.927762832106327,3.1886324309181133,1.145719738027128,25.07058524038925,ARCH,ARCH
21,target_iv,META,109,0.8079730740238409,0.16974444977331335,0.20097141516765626,0.15921368380543824,0.1738830188384413,0.13751151394846192,0.20858473404895755,0.10706879630591834,0.1098121144283347,0.07292447534599511,-2.007868780098791,2.527423813879056,1.0794697214003284,34.33103114184704,MEAN,MEAN
21,target_iv,MGM,108,0.1696248481689897,0.09810301991007167,0.09290372872065919,0.09453444143190744,0.1150198512025527,0.10897856258094175,0.09498154509780807,0.08624692071070658,0.09552664454190421,0.08176922960122665,-1.4704829823611758,7.691278540610911,1.2425560791664403,39.4005581721192,ARCH,MEAN
21,target_iv,MHK,81,0.07640399207914834,0.06323986377210546,0.024562551248215228,0.04164637649942177,0.025012705587549654,0.04231100821423959,0.06200421287629513,0.06992545892230433,0.025557009714394643,0.04160321133699572,-0.3431476369627309,3.4813917889606762,1.097580701611075,39.15844402861745,ARCH,MEAN
21,target_iv,MKC,88,0.1713109258264862,0.06004279505200023,0.03755960690199811,0.03458988543487723,0.03678327669425435,0.03418563326705427,0.05648788317839814,0.043795601130078306,0.06940062866906183,0.04375870861112693,-1.35947718555698,3.627111622752733,1.1688530953739704,25.107982996295025,GARCH,GARCH
21,target_iv,MLM,88,0.15575625749227245,0.053265819615556605,0.017609266107519086,0.023140112217242857,0.01727891250865876,0.02281892529663375,0.02857468505735593,0.029675985618215935,0.0731969036451437,0.04062800716031564,-2.903775104862093,5.291312616582845,1.2734430781145978,24.642004003860503,GARCH,GARCH
21,target_iv,MMM,109,0.17715142177716098,0.07657055851734253,0.09872466276463347,0.06729707580015754,0.09880626165152952,0.06829066848821011,0.12958557161060877,0.07640308682466912,0.11643244002425931,0.05982915899922542,-0.9881785960443923,3.424900122502319,1.1411061871379031,27.69669281969403,ARCH,MEAN
21,target_iv,MO,109,0.3161479548399955,0.08176019194920157,0.06391048896961676,0.038414491464522,0.05770621264297752,0.03590247306297336,0.07768186599661442,0.04066102310826751,0.06322638829891856,0.03328378756501448,-1.8437190680077757,1.032798573985292,1.0528032983229358,20.59215578816661,GARCH,MEAN
21,target_iv,MOH,88,0.5699306159939209,0.3347697474156343,0.6885871250696269,0.6798294183356066,0.6233128073864634,0.579396250078404,0.05347391292240284,0.08517754486153463,0.3273213027994299,0.2396045601826899,-3.6590238751520903,-2.1634728894337636,0.9582528774723248,49.65980877505828,IV,IV
21,target_iv,MOS,106,0.48852157542621166,0.15405101554445344,0.05126804853359718,0.06359914395049435,0.04902723206885355,0.06212290839766072,0.10837732228649383,0.08987801642762855,0.11648897807680843,0.0771341095231463,-1.8401643613971843,-1.7483081856367397,0.9560038395135152,37.98943634263402,GARCH,GARCH
21,target_iv,MPC,97,0.4047117078472156,0.09198424782986798,0.10839275235638997,0.08731568738903465,0.08929724556133242,0.07676403665841915,0.025516498744970306,0.03443726761907119,0.2132310948541388,0.07705357096550342,-1.8706576672204465,4.643311776158996,1.1813159521958763,30.252265207585783,IV,IV
21,target_iv,MPWR,88,0.3954513618533609,0.14991640534455292,0.25922985679082433,0.24514278458110464,0.15377447229915472,0.163758568311257,0.07832434623341025,0.09290409723771355,0.1171140680075525,0.09676559849308157,-2.118177111853152,6.090502547017258,1.1455886878474981,47.924127377793674,IV,IV
21,target_iv,MRK,109,0.18956712038307613,0.07980833142062393,0.048281722683780615,0.04646220649398416,0.04844841920451333,0.04659845201526412,0.04531008381319407,0.04634328744789054,0.06951816999923598,0.04759926353815778,-1.8648546891055788,1.5071475919181219,1.0528918200645208,30.002056447003984,IV,IV
21,target_iv,MRNA,109,0.32593372620310873,0.21490602551937604,0.06360310911950168,0.1269720429264678,0.373639738080012,0.22217677931820326,0.08343760002198503,0.14358562864767827,0.2901208280294522,0.20416575761070999,-1.8816659890133762,11.40484092834448,1.1954931313196264,69.74367284207477,ARCH,ARCH
21,target_iv,MS,109,0.350846396110505,0.08052108280630098,0.07225335623666557,0.05785729529427332,0.08156134870741988,0.062219609768306136,0.06241671432493983,0.04676026459517151,0.5020998431332353,0.09442040803117031,-3.4793529397874634,5.687706912627355,1.2709498879985481,26.67943698729645,IV,IV
21,target_iv,MSCI,89,0.24582810585301612,0.11049668260330901,0.11220104509282959,0.06806921621969649,0.11242806186336528,0.06773060710224428,0.08845762633040653,0.05433290916245767,0.06935004824037529,0.0504131523028308,-2.1624044020901723,-0.9430261094262666,0.9633986285120093,24.821749118619035,MEAN,MEAN
21,target_iv,MSFT,109,0.5640781042759836,0.08244128971317045,0.13509862061325167,0.07664088848348007,0.08900670918617226,0.05275282655198416,0.12356292332811171,0.056913199547120326,0.5604713879711151,0.08519222643500003,-3.116027202733955,5.106668917255035,1.2832726537858825,23.13406707590336,GARCH,GARCH
21,target_iv,MSI,88,0.2726724736397616,0.06918522817356748,0.06684390127787687,0.04310252753486383,0.07496196679130467,0.04636216401765754,0.12520382845493924,0.05415164119601861,0.3795791682485808,0.0704695040037454,-1.859653144166603,3.0617859688708324,1.159533830205463,22.253865573100054,ARCH,ARCH
21,target_iv,MTB,88,0.25593658863052776,0.06664708048739858,0.03166785488841313,0.03391501562018644,0.036848017820812255,0.037730124774634236,0.04337243709411526,0.037994909840912285,0.13056533904072865,0.056366024302832066,-1.6975852292230806,5.3516597122978755,1.2571982703926792,26.159185766525205,ARCH,ARCH
21,target_iv,MTCH,106,0.5012456139573959,0.1331275798193873,0.11288189854691053,0.08768402853706198,0.11271386034861931,0.08774616178362826,0.2611055327952209,0.142563299243889,0.1249618151527859,0.08576592036271716,-0.9179874081518234,8.914693458053245,1.3067214432005205,37.97915456984199,GARCH,MEAN
21,target_iv,MTD,88,0.08306535382772283,0.05555103455494026,0.13976035313627658,0.09353776093546559,0.1301121424085834,0.08914396685987717,0.08466324767154154,0.06417011931010534,0.04228430317675958,0.03991319916374703,0.05537612423603764,3.0923985426320617,1.1146150040521114,30.073146553826653,MEAN,MEAN
21,target_iv,MU,109,0.15121004248130696,0.13313693948616778,0.07372573808991009,0.11526910108027275,0.07117886912503077,0.11173896912492265,0.08211246153582673,0.1099039345217514,0.41706833157214135,0.1985608471924047,-2.43827720528623,-2.389104061458695,0.9579001801492772,54.35945376919141,GARCH,IV
21,target_iv,NCLH,107,0.29739210140969363,0.16027080663181875,0.10122897613034108,0.1199837001022827,0.11220420138866495,0.12825565451169946,0.09189821660738447,0.10623366422407579,0.0490665910018077,0.06925408811000752,-1.825064477507044,4.307865681243405,1.0988352873082765,47.894177802811626,MEAN,MEAN
21,target_iv,NDAQ,89,0.5700442134116036,0.07038990091790005,0.16242502648430093,0.07917696099208747,0.10536480111212596,0.058674926748659116,0.0666135054731502,0.040636547051881064,0.13806022032071277,0.045345155855582624,-1.50395193289245,2.14953811727756,1.1123443937122768,21.283008388902395,IV,IV
21,target_iv,NDSN,85,0.35487073877697883,0.07939720826503474,0.0635718110042217,0.05043794858357067,0.06404889561848437,0.05124184517151691,0.0746254470038615,0.052517534374682685,0.11183683092042938,0.05377019565658795,-1.8640954331063715,7.0779549612429795,1.37652491944073,25.87605993595804,ARCH,ARCH
21,target_iv,NEE,109,0.13948386467375673,0.05919941009319434,0.0790510497226384,0.06071663912633701,0.08078309874829047,0.061482100611098246,0.03583135596878905,0.035376172292018254,0.025245069508391706,0.029584719536247313,-2.2444914954328126,4.4441723676858045,1.198961645548265,26.78100193822593,MEAN,MEAN
21,target_iv,NEM,109,0.5118381049454365,0.16471545216036199,0.08037711370911303,0.0775775584081451,0.10271061764432371,0.08946405366376169,0.079853171304265,0.07404030548187622,0.11747101259831999,0.08705903633766367,-2.0790799298234455,-2.0036360905267827,0.9508942515591199,38.79883926404433,IV,IV
21,target_iv,NFLX,109,0.3771055725292765,0.11256407765242624,0.13721979684153643,0.10129857617163844,0.2628645867704926,0.10169629798126004,0.22757361782082977,0.11111776738231098,0.20584264438085195,0.08954041868909357,-1.339710507872086,1.9189576918958866,1.0625448049090263,32.600285976268765,ARCH,MEAN
21,target_iv,NI,67,0.23334833369145042,0.0605733904031872,0.05521850310384258,0.03725087309649915,0.1138210678351044,0.049111841178859854,0.06929426676146518,0.04333938654690744,0.23725016325039686,0.06385731927015335,-2.9870729863467247,4.920684817225146,1.2710518723770634,23.074718486396534,ARCH,ARCH
21,target_iv,NKE,109,0.5262980970824612,0.1762080857712007,0.2235436629745671,0.17829628570093525,0.19703387566271027,0.15179025168797977,0.22128073610499588,0.12061708429949491,0.19916026100998532,0.14773023789399117,-2.979547151311526,5.432269546311759,1.1828806597977246,35.136173460045015,GARCH,IV
21,target_iv,NOC,89,0.7769316768829946,0.10502191702044086,0.8038813397923987,0.2991197841033478,0.2832731628159095,0.11491635912039784,0.09839972608685477,0.04814716529572181,0.10840005395042406,0.059982690206698316,-2.136075210323452,3.075264382823239,1.1609254302182153,22.185136443772073,IV,IV
21,target_iv,NOW,109,0.3525378044057456,0.11967178842615928,0.3771710925436529,0.2508196263844949,0.4480257733876011,0.2799167309618162,0.15012958799868795,0.10608803979525588,0.3271097715339456,0.11676248993568833,-2.3248049258608416,8.804023944656866,1.2944015429707676,38.70883984954854,IV,IV
21,target_iv,NRG,109,0.28784450384766075,0.13778804774904657,0.16577490428097244,0.16474164536678268,0.149898763033331,0.15788577198292136,0.06192191084798592,0.0804682535544221,0.11743467315193028,0.08745298737816899,-2.144024131656849,4.148917118193833,1.099478531756237,45.855575277970146,IV,IV
21,target_iv,NSC,109,0.22420889589019102,0.051017530437767675,0.18867405138862953,0.08664692572674046,0.07839122647517277,0.04828848391486169,0.0712952272259571,0.04471614614668639,0.07682765319557555,0.03307655277289132,-2.7273096818887086,6.043876340388897,1.384956880468153,21.744014841716186,IV,MEAN
21,target_iv,NTAP,109,0.6261478412649226,0.12799966350721176,0.20091546627980741,0.12947238090777943,0.24623134325593318,0.14884968542652008,0.3226163484212304,0.13805394372591862,0.46367280628973295,0.12479588471372721,-1.284201504679631,6.994950188899268,1.260396217947803,33.85766825764412,ARCH,MEAN
21,target_iv,NTRS,88,0.3563810407084408,0.09172096538878502,0.09242016353744273,0.07344331138216739,0.08150892661584123,0.06156800654220159,0.06114892532125616,0.048994988105655786,0.09345001061117243,0.06833253075609894,-1.7701702314907704,6.1243962595327055,1.2887436142014153,27.334895672553778,IV,IV
21,target_iv,NUE,108,0.20109524487763586,0.08981300865915098,0.051942312484874804,0.06122329423091088,0.05824516124603153,0.06573973168338004,0.039019850799699815,0.04980514439901798,0.09072901005317105,0.06929493564676302,-1.992508910890394,6.4441819329712695,1.222930661707538,35.350846828737666,IV,IV
21,target_iv,NVDA,109,0.3696071202210016,0.13276711485356713,0.3234317175790185,0.2396974033844389,0.5327111161219807,0.16144894221374667,0.110113018807777,0.09672195576861906,0.45989420026139266,0.14417581675013985,-3.5195455457846885,8.68469873706844,1.268661126354681,41.010546748302765,IV,IV
21,target_iv,NXPI,109,0.4191512668976199,0.1131017647013241,0.09997960291803269,0.10282038845083995,0.10022477985985766,0.0995868536089918,0.059445312147759014,0.06803145845928028,0.1255930419832825,0.08348837324154677,-1.474603247427356,4.87869356441103,1.141542089172153,39.34684076320814,IV,IV
21,target_iv,O,88,0.20967153670259178,0.04573686314843075,0.11168783885190488,0.044746010384377664,0.08818360676627789,0.037715086746680615,0.04248449461093917,0.023625991170707527,0.040032269045370696,0.020884714032964966,-2.4476226021026806,0.9507519988141959,1.0636797290540785,15.880966259097729,MEAN,MEAN
21,target_iv,ODFL,89,0.27798633091945013,0.11421563323301526,0.06518426908846814,0.07748110799286793,0.061242435792219586,0.07498050845810587,0.07180037225618828,0.07737323120287033,0.07058020116956355,0.06515468298557835,-1.5731046692752841,3.8481994401532646,1.1066735293226881,39.92274824890627,GARCH,MEAN
21,target_iv,OKE,89,0.31565470539762763,0.0813599961545663,0.04120583934834028,0.04529997285594689,0.046611406107149284,0.04920045587778899,0.035444809793165874,0.03933272398197366,0.1126279522775892,0.05776753011923137,-2.149450404874159,6.966635700734784,1.3094395670246737,29.480355480401137,IV,IV
21,target_iv,OMC,88,0.164342123637154,0.07749783596964321,0.055226778119662215,0.05900736067555494,0.05127875688172994,0.05548599853275858,0.04439559016050868,0.04715071476782929,0.020138207608975726,0.030771238854914333,-1.631745873472089,1.4230361342206939,1.048488096064273,30.77119062422992,MEAN,MEAN
21,target_iv,ON,109,0.5846851623944348,0.2074392717988886,0.14495826870116146,0.17366922981841082,0.14014800412899514,0.16198025503954638,0.12582171018969168,0.13807736281662272,0.054480299018476605,0.08658375338065481,-1.4943274841859093,4.164438935651385,1.083967838130476,53.76008208154677,MEAN,MEAN
21,target_iv,ORCL,109,0.4723530805271158,0.33819425519829094,0.2525679564522421,0.2864864331270623,0.06613281472131133,0.09999885587371937,0.18204048662974745,0.13821003234772375,0.10630157941291458,0.11617956819499571,-2.0063083703176625,-10.909819938994513,0.815717831125528,48.291892335327525,GARCH,GARCH
21,target_iv,ORLY,89,0.3331285516642267,0.07080726672181328,0.09344954091285912,0.0473731948450254,0.1060570566270082,0.0494588475566642,0.09656638167396189,0.05295772958490143,0.16286453631252779,0.05839763387736878,-1.473593120075412,4.968771344943302,1.2580060030184634,24.227126913467526,ARCH,ARCH
21,target_iv,OTIS,85,0.49214384460782296,0.14806609225640702,0.6968031233081582,0.27160177622976756,0.5170499080369075,0.17842326755500362,0.12106358632274544,0.05117466867673959,0.1565511843399182,0.07567977296260704,-2.5347987268509606,-0.00800921593189176,0.9996096067054241,20.507752819867967,IV,IV
21,target_iv,OXY,109,0.12083746050847546,0.06622032508022681,0.0753290114282995,0.06904570978715718,0.08039539862165712,0.07187551702711369,0.03776630284517524,0.04479737337921033,0.0371350495682678,0.04270354885725909,-1.6727148979274549,4.4959482480148125,1.162210454455646,32.21270832431537,MEAN,MEAN
21,target_iv,PANW,109,0.6723008062608475,0.14545154106570918,0.10213164993441681,0.08148578990157704,0.11076288491707739,0.08612242436420614,0.24821404997825716,0.12499258668219278,0.22530164973976005,0.09816956927036562,-1.4319848436550406,5.763441878071923,1.1959717899113689,35.17299047013471,ARCH,ARCH
21,target_iv,PAYC,89,0.365644544707088,0.13770097986140625,0.10659893780006062,0.08476895473001245,0.1066974412386361,0.08574654003426134,0.20810810517844192,0.13030257356050715,0.21266720925660648,0.10666408858417277,-1.0261213477657045,8.21928673392572,1.2607320137884674,39.743174477891294,ARCH,ARCH
21,target_iv,PAYX,88,0.39293000213547186,0.10945264763470165,0.178750798807349,0.1319624514273023,0.1180986622060536,0.06847149554940302,0.11804876927261697,0.059739608472974645,0.2011886829900108,0.09575033977505355,-2.5904704095475646,4.588782307608912,1.225722186845951,24.918118877171008,IV,IV
21,target_iv,PCAR,89,0.11698345780917016,0.05804660279849821,0.03982024694845823,0.0414631940455621,0.042811672683430196,0.043214884274210934,0.055700927841489244,0.04876756053517504,0.08161711411972959,0.049076956551922374,-1.9863589175000802,2.186761013687781,1.0833239158322432,28.430859023800615,ARCH,ARCH
21,target_iv,PCG,106,0.7049343893326256,0.1507032263958414,0.15794487151132355,0.10216874126405642,0.32873309719089866,0.12975318588706816,0.13026269299585064,0.11549684500531483,0.3070508140445802,0.1253225329221413,-1.3690544100757014,13.713392382543152,1.5102958659269365,40.58680699983229,IV,ARCH
21,target_iv,PEG,88,0.23260387121494494,0.06030059367188949,0.031265194345124876,0.0285964250152952,0.212982498329394,0.059273774250174376,0.04872247120918088,0.03723632032155643,0.22603048724865846,0.06154006937879171,-2.082015753563616,5.066606190764421,1.275107551139167,23.483425975552542,ARCH,ARCH
21,target_iv,PEP,109,0.1290925619671488,0.06105493843627539,0.05662055658689726,0.040950592670244985,0.04864651864689097,0.036392388653491856,0.09377412189345458,0.04988747118049229,0.03835909538344163,0.03103341000513893,-1.0329424332500379,2.352304179189743,1.1132164165118341,23.129363298914345,MEAN,MEAN
21,target_iv,PFE,109,0.19984633353131734,0.08025852037566227,0.08198790541149135,0.057168327682261,0.06005740251240002,0.04460623748876802,0.10608831091329045,0.05628674185150403,0.06999762921411848,0.041737780182136586,-3.247361249604144,-2.2244888782365866,0.9176916240111979,24.801787020333197,GARCH,MEAN
21,target_iv,PFG,61,0.27390336019124895,0.07250898000467168,0.0647209459069257,0.048637030945831626,0.0674762614768462,0.05004065275429616,0.09742684182726462,0.059455402442124446,0.26217449621164957,0.07225657996622747,-1.8905201736964388,5.323206919292916,1.2437605501719522,27.161059334451416,ARCH,ARCH
21,target_iv,PG,109,0.2623779212967427,0.05336906152419538,0.04203263334879012,0.03002965483111537,0.20640242527846736,0.052763559634956436,0.06576967560493234,0.03541306129733928,0.20469387780846354,0.050060362133377286,-2.1572295814497977,3.72049009244241,1.2345174802454608,19.584936907018076,ARCH,ARCH
21,target_iv,PGR,109,0.40108890935671593,0.08268279054516564,0.06276389225387817,0.05280766730119739,0.06565488926766022,0.05443399089327998,0.049631406198824446,0.04128266788731036,0.18731580456495842,0.06833147744345573,-2.1648888615254682,4.939986525618455,1.237692882623197,25.723051088176586,IV,IV
21,target_iv,PH,88,0.4141698254461048,0.09355370240376054,0.13434804479000453,0.07854359391575058,0.23965126027083336,0.11993136519939529,0.0996050806381548,0.06125508876077714,0.23568168358808192,0.07050025344155575,-2.325757015898592,4.018216690563781,1.1782883114278417,26.555962762549377,IV,IV
21,target_iv,PHM,109,0.2200967677830448,0.09921959674496877,0.02703134433539253,0.042582151037837836,0.035778108872540945,0.05189506880756188,0.04582428186931103,0.053263285827477996,0.024030235685177155,0.04125511323359735,-2.013869381349282,2.7322018716216596,1.0845269879559405,35.05562824339557,MEAN,MEAN
21,target_iv,PKG,88,0.1700372666723008,0.05911437673941371,0.06569585581087707,0.05202844822795234,0.06521707005812476,0.05201844135686077,0.031667925551213366,0.0319622388549732,0.029047880122216964,0.028207353247466815,-1.9193472428740952,0.6766669647488984,1.0273977898599365,25.37453377109225,MEAN,MEAN
21,target_iv,PLD,89,0.17817870111442913,0.05814442338652462,0.07610136876029397,0.054739872409317304,0.09067670369535608,0.0610381177942199,0.024538203594062547,0.02808541807483317,0.11996697937918832,0.049177963092695155,-3.15975256583115,4.581425637203836,1.2160250390840435,25.789271063962254,IV,IV
21,target_iv,PLTR,109,0.2755071896380782,0.1649643760962332,0.22744673231982357,0.23970212196305823,0.1721408683157408,0.15215375544723267,0.11766902906620436,0.14046710235225893,0.09357535547661346,0.10862777129149899,-1.5503503514832264,11.08338870376119,1.2372402369759636,57.801385806774185,MEAN,MEAN
21,target_iv,PM,109,0.2043535343780912,0.08170475131427114,0.0441166319819623,0.04082216615689496,0.04411562934850633,0.040821705699746365,0.10002557718907992,0.06404870587373916,0.062179413594656154,0.04136262576367411,-1.7621527456457482,2.1438903100145525,1.0842141739837665,27.601485018808035,GARCH,GARCH
21,target_iv,PNC,109,0.29266174317481436,0.06696655905630447,0.049862774699069586,0.041659545931649444,0.052295374208391525,0.042910956773249145,0.0502875780374085,0.03793811350779092,0.1681247798567765,0.058015339334794594,-2.328631809873803,4.7928271007516345,1.2449178563190193,24.361947836924962,ARCH,IV
21,target_iv,PNR,83,0.2458816960971035,0.06192044916444081,0.09536244753881451,0.06332315243458907,0.06323830149049678,0.04807023400022848,0.05489796340022626,0.04208984798568839,0.11942744858208976,0.051366938484001035,-1.8340555084505925,4.171930502088827,1.2011988158979585,24.90729359788701,IV,IV
21,target_iv,PNW,76,0.3030819746476981,0.056046612919466075,0.0529602533523153,0.03011271993351181,0.14793227847568444,0.04468864791022341,0.05837390999527443,0.03507936761725854,0.2331098249185559,0.05260701753453407,-2.9713487320939445,5.370908470959077,1.3698755317086566,19.89176213799652,ARCH,ARCH
21,target_iv,PODD,88,0.6138672942568127,0.14886554592396892,0.8605958407022753,0.4875046324652153,0.8603563351937044,0.4869036957023476,0.3016676012883856,0.14083509606623795,0.48796632437652065,0.13445857926141572,-1.6883338262833116,5.2178970421092785,1.1561811865946774,38.62715174095344,IV,MEAN
21,target_iv,POOL,88,0.10949397891574529,0.05873630039429432,0.030369584538364428,0.04256786250215954,0.020646594025818008,0.033432276540394865,0.045104759012061964,0.05034573698384359,0.019626344072171585,0.030597013678391835,-0.895864138032407,3.71155018170065,1.127712059530809,32.77341164831713,MEAN,MEAN
21,target_iv,PPG,109,0.20152171719826578,0.07152217632773857,0.10163205103201974,0.06798329286280942,0.10125651627984451,0.0673725296016172,0.1027775719947695,0.05710398020721306,0.06108359940693254,0.04483142945187834,-1.7181123157251792,3.195082078482552,1.1390138568357107,26.178992828175364,MEAN,MEAN
21,target_iv,PPL,85,0.265991899345745,0.051578697754478785,0.021585853954906496,0.01973472085394912,0.12801705017318937,0.03943694254803443,0.034292719403053715,0.02521473073832961,0.13111639109677165,0.0405028395735512,-2.900395420472152,3.6053399248219353,1.231830876825585,19.156935010813708,ARCH,ARCH
21,target_iv,PRU,89,0.16107611808418884,0.05512502093857131,0.07029338243422108,0.047423212912249914,0.08371998172337286,0.0532684148220181,0.08685584840362572,0.05182659236115387,0.14425799424521396,0.05371527863411071,-1.306789545657879,4.1574277727801565,1.2023259974976326,24.705591746758888,ARCH,ARCH
21,target_iv,PSA,87,0.17418934846336057,0.055288956355771114,0.021629839997710548,0.02504065904223849,0.020392631850086235,0.023615780169766183,0.0356260672292992,0.03050020497887676,0.10009711847830575,0.04016876131633433,-3.078952663704078,2.0561342961873423,1.098726850886782,22.8826295983141,GARCH,GARCH
21,target_iv,PSX,109,0.15164808328262916,0.06469144920728596,0.14326281561837906,0.10020401051813424,0.1334064020757345,0.09659194535831368,0.023195962338274378,0.03228203935597064,0.06146133833050313,0.045973731399721,-1.9597414693077033,4.59445642660175,1.179403768385489,30.204043493521887,IV,IV
21,target_iv,PTC,84,0.6544399180313438,0.2019257486901369,1.4179613381982101,0.6065022002714953,1.3680013375481928,0.586811289233378,0.06941880731400235,0.05273649671683661,0.25542894127632426,0.1287256142105043,-4.132822198012449,0.24522526504781442,1.0090224569039488,27.424658501296555,IV,IV
21,target_iv,PWR,89,0.43184218044148176,0.10925632300303961,0.12427936336980093,0.1101339402238682,0.7734041776301287,0.13879802687230644,0.058202723525745445,0.06089257014598879,0.5535566034122137,0.129234595147482,-2.0345153047206908,5.819687436759224,1.1906547594433239,36.344429928116995,IV,IV
21,target_iv,PYPL,109,0.5605287238927624,0.14988794664736954,0.16132696278745498,0.115990122518167,0.18638244788593522,0.11369996410719381,0.2555143975920255,0.13055961942194635,0.12070430102989148,0.08665208263123013,-1.3844529713960334,3.2465282670763673,1.0946826902671118,37.53503715837939,MEAN,MEAN
21,target_iv,QCOM,109,0.7028784859474339,0.15856945085070198,0.14409550184771755,0.10225125125555956,0.15524084740509791,0.10572112092549878,0.16326721716472692,0.09738201253689309,0.2288532299927753,0.09263805755252026,-1.849791988379234,1.5492225004037854,1.0475179593773734,34.15210614067808,ARCH,MEAN
21,target_iv,RCL,109,0.258648072047328,0.11587195430215222,0.09615510785876925,0.10273632640361176,0.0912237828178584,0.09879387606476793,0.06655774678390955,0.07430249221562857,0.1316074478303985,0.08769766954231316,-2.019682604883916,3.7187955025352215,1.1023314727065125,40.05947744699201,IV,IV
21,target_iv,REGN,109,0.287529467054031,0.1296860886230542,0.15057703953073873,0.11732161777438571,0.24554011190870964,0.17121913605125233,0.122449426280092,0.09577289816533363,0.17036125526736426,0.09997545667512378,-2.7654795021046024,3.087094711441142,1.0897210823624088,37.49477939553232,IV,IV
21,target_iv,RF,87,0.24719409385657773,0.06933236696924833,0.04524926916368433,0.04626352175327347,0.04875582959765504,0.048088061790762554,0.02832256948502824,0.033396540978135984,0.05914500774892862,0.04228730879918719,-1.8549777136227321,3.98935383361927,1.1689721632518837,27.59888665159245,IV,IV
21,target_iv,RJF,89,0.0980248304112938,0.04510718204233165,0.05469668865044963,0.044182118439963766,0.06610625916002112,0.049999887180076384,0.0612192877877303,0.043922204936563264,0.10863441970226517,0.04883123900548061,-1.7425867186023245,2.716294891433855,1.123062258701519,24.788820782755852,ARCH,IV
21,target_iv,RL,89,0.3654068112526216,0.10755720330065395,0.12052249678264224,0.11298784797474429,0.21091008333136485,0.16072498258247728,0.07692555771838354,0.0761422635406657,0.3291374322589789,0.11021733692675345,-2.4370249072771637,8.186845727425165,1.2798183611899063,37.44456024126633,IV,IV
21,target_iv,RMD,89,0.8063907813599697,0.11383244127276625,0.1448254595135017,0.10158650683408044,0.14120179100540628,0.0742459036517221,0.20072594890384432,0.10122679213111163,0.9990302377031434,0.12473288544284462,-2.1183798330502763,8.62843712209018,1.4064402016743118,29.857727646368364,GARCH,GARCH
21,target_iv,ROK,89,0.5727841099065936,0.1090027935915531,0.16313236960022723,0.09894369609334985,0.13338071903191398,0.08713735968504804,0.18785437509970432,0.09730682393298289,0.5344207734441424,0.10924472694173826,-1.666008963748628,7.5444253174735545,1.3248677526612136,30.767491490314704,GARCH,GARCH
21,target_iv,ROL,74,0.23828989336658807,0.07233529620913523,0.06102670131577723,0.037879863659963285,0.061860532024697795,0.038294891686159245,0.13376744831616103,0.059798004711413597,0.1435446959336601,0.04969469731568368,-1.714819094374118,0.4608022568077982,1.0209091660288494,22.499091884046127,ARCH,ARCH
21,target_iv,ROP,88,0.1894424510126083,0.05953515974239034,0.04420327652924782,0.03418874069996579,0.0692842153752281,0.0459841263235472,0.03098387598379829,0.026185365511771138,0.24067278076712528,0.056907178695305996,-4.013652246737734,2.9148626103674866,1.1576378359223467,21.405744531655525,IV,IV
21,target_iv,ROST,109,0.4748291332327022,0.10132052547969461,0.13984732106617534,0.07006737164915543,0.15304425969008878,0.0758469044703662,0.2900454678118443,0.10928709271574692,0.38341124784300223,0.09302615798947891,-1.1646100467122946,4.824396659767682,1.2144473849527682,27.321274674065954,ARCH,ARCH
21,target_iv,RSG,88,0.39210972411848943,0.06597358951507452,0.05157827615075925,0.03273201471836272,0.06250491311666916,0.0370217574227686,0.09693579967270427,0.04503703191663913,0.06377349019700025,0.032040580599792874,-1.5973726202688052,2.4521991410948605,1.1405957500582453,19.89368752235088,ARCH,MEAN
21,target_iv,RTX,109,0.3973423842856315,0.08314757249330681,0.8807446645954975,0.3096014734873723,1.0386794465740976,0.36215757611440863,0.13035751054730932,0.060007392798712145,0.12217181245236908,0.049920438145733034,-1.6098422593716601,1.2746415761250078,1.0591255193421818,22.832872105114856,MEAN,MEAN
21,target_iv,RVTY,86,0.11340555464458486,0.09041774980103912,0.0685984043236007,0.0784383716948057,0.06215323136462366,0.07406879971599066,0.08177236426262265,0.08487956909403503,0.07090065633415259,0.06725651049847567,-1.0810459147713507,2.671546138036784,1.0730756229560718,39.23019634130278,GARCH,MEAN
21,target_iv,SBAC,87,0.3243584285032721,0.0732182511754648,0.031088958970336058,0.03398662064902355,0.03085593947812664,0.03270943136769117,0.05721575988851387,0.04596820781320794,0.21083234864737102,0.06738834479695899,-1.9671543596401901,5.497885721961299,1.2573841777961292,26.858506133974736,GARCH,GARCH
21,target_iv,SBUX,109,0.3114214489501744,0.09764271155833333,0.08238389651436821,0.07085088882324768,0.09112069361532717,0.07596471292101041,0.14748054136602337,0.09500250763144803,0.20953814297712522,0.08945565672560715,-1.116056269568815,6.050478851002786,1.2170823748770805,33.922289514714144,ARCH,ARCH
21,target_iv,SCHW,109,0.36215836869779217,0.07612745417388549,0.07417966799689106,0.059189106742139466,0.058298239603654115,0.04998885791036898,0.09057213542217785,0.056664503501516125,0.5422820574891652,0.0930501112185619,-3.0194542639810944,5.860232033543198,1.2852939113058643,26.401266389023814,GARCH,GARCH
21,target_iv,SHW,88,0.08781360429179258,0.04905316496386784,0.06939011273341102,0.04686582486814133,0.06108176611132354,0.04321035428407716,0.06680916676448612,0.04289144343605594,0.05641677288702321,0.041262812911313014,-0.8052998859124876,1.4396690376876262,1.0675381508254038,22.756051261556713,MEAN,MEAN
21,target_iv,SJM,88,0.14883618385944702,0.12488951528688957,0.14654082227939103,0.08425713439204335,0.21626433423366562,0.11436826369654039,0.09388790940933946,0.05803913048247032,0.2931987074434158,0.16574827881629775,-0.6710204910417643,0.921778294130448,1.0370399418602458,25.80784041616019,IV,IV
21,target_iv,SLB,109,0.12155718288043363,0.06981867050962981,0.027886337983274216,0.04253842480712805,0.029375333249485054,0.0438171546847138,0.028636149935997765,0.04149095915033506,0.028675191721440924,0.039615422880581036,-2.0164113713371075,5.081406612684821,1.1739347616297038,34.29584635476935,ARCH,MEAN
21,target_iv,SMCI,109,0.45175171528587893,0.24811128662358,0.23360986300046263,0.30508197207532306,0.21991025395364375,0.2916649707063394,0.12711157123688704,0.17155675317898833,0.05575895787649899,0.11264982029550596,-1.5045743642037892,7.488236997018582,1.1191627339443035,70.32866327087822,MEAN,MEAN
21,target_iv,SNA,88,0.1287694648737575,0.06051598949779772,0.1573759032319062,0.07897986786750483,0.12568434515276558,0.0637539090844839,0.11184566117264927,0.056561277441798646,0.06820137972731596,0.039204327558608566,-0.3276926573211021,2.5926041324692473,1.1308038551714972,22.4131524570586,MEAN,MEAN
21,target_iv,SNPS,109,0.5215406708893815,0.5386971733143388,0.19264333103417997,0.22854450079609234,0.3005927548300337,0.28446795680766496,0.09734075199842857,0.10349533833590101,0.18284350681830455,0.15250402228855164,-1.5060065311320117,-21.863117096321606,0.652748268023524,41.097309254561765,IV,IV
21,target_iv,SO,109,0.43918096118161365,0.05795656548921721,0.04392044469458681,0.027660410071400125,0.14130965185244737,0.03914128166598726,0.06695433023629915,0.03445914699427401,0.4115957017038372,0.05955204326762448,-2.0968678273030497,4.64617126756613,1.3397493203972453,18.321463574652114,ARCH,ARCH
21,target_iv,SOLV,86,0.34701609792958527,0.09672484473477996,0.0816965934912854,0.06830927515471921,0.0704457206857535,0.061036784242965596,0.07395149096314024,0.06216530338115427,0.3436927282006829,0.09179232320088347,-3.066097649163443,6.2226324198508625,1.2476875124344542,31.345547817120067,GARCH,GARCH
21,target_iv,SPG,88,0.22185198358013325,0.056395521472583254,0.20985924751030668,0.09577142795657397,0.305289830901751,0.1267940333561563,0.06117132701109778,0.03985110316125777,0.20771396101703754,0.0551806717378339,-1.9769022777859415,5.65760666811336,1.328928948142427,22.857694103602935,IV,IV
21,target_iv,SPGI,109,0.3370405162000685,0.06819744466982398,0.08834346107924795,0.04820537116706781,0.09491094002983506,0.05043758628700013,0.1293928614743724,0.05415279005503562,0.2068786119988633,0.05697270749652967,-1.7995995211400309,1.5177874410853645,1.0741022425407685,22.000128987636142,ARCH,ARCH
21,target_iv,SRE,85,0.3390097349724343,0.0633400571163577,0.30051233290481394,0.13217382148398227,0.41644866846021095,0.10535798246602417,0.051690673684170275,0.040576365597420054,0.14548979842694784,0.05424423714398059,-1.8627753748467706,6.082130055574458,1.3226888491776507,24.93041090281886,IV,IV
21,target_iv,STE,84,0.5408342448265477,0.09071982073345519,0.22493108607666315,0.11453598279816056,0.15320629936691152,0.07779691503318562,0.24504825994434082,0.08573195540784771,0.5304092502087879,0.08032895617561163,-1.251593654259607,2.961892639708617,1.138002625920513,24.42447438373001,GARCH,GARCH
21,target_iv,STLD,89,0.060224435763114294,0.05506835133848877,0.03649140214358222,0.05238856367646589,0.03259535022553425,0.04855834705195393,0.019802128548735535,0.036465968108541885,0.048322775091230015,0.05088978407839017,-2.509452181003861,4.324536747509133,1.140443273385032,35.116589960717945,IV,IV
21,target_iv,STT,89,0.35788335866196735,0.08762458704875543,0.03416334740977484,0.037875213563106434,0.03902404145949021,0.04117321813070622,0.06374434554637605,0.050091966652435135,0.06430193995365803,0.045044918727413535,-2.0460136458264455,4.718184459530044,1.2072199373754258,27.487154083249138,ARCH,ARCH
21,target_iv,STX,109,0.2659239891371563,0.17732415390762693,0.13233964043834154,0.13732228797730237,0.13871084010041412,0.12858546329676177,0.12244291030900654,0.11095182805173193,0.5976906540014344,0.2086244446374119,-3.077120073555257,-4.197119590847191,0.9232839942151154,50.51270983661431,IV,IV
21,target_iv,STZ,109,0.34529335071202194,0.10300078006834354,0.08547743711393699,0.08337223159263153,0.17209382483928704,0.08419453020228895,0.0777639566099579,0.06402682602261693,0.13772917117522918,0.07705507508396497,-2.0441472691223765,6.023593952787384,1.2258781690509846,32.69104029386231,IV,IV
21,target_iv,SW,79,0.3310326940220639,0.12766202320206596,0.062132366649319655,0.08316468487781725,0.06191897371217556,0.08168378272936325,0.04216260173974649,0.055938888391149987,0.10612784665161218,0.07403518453748319,-1.9489275578394958,2.248892183306413,1.0611804573688624,39.00723430794367,IV,IV
21,target_iv,SWK,88,0.08858942401430751,0.0699885585589354,0.1520349480870422,0.1343064958507139,0.10943907659753921,0.10681575400873977,0.06218517946250854,0.07225005661529457,0.06083424705784537,0.05896589130896662,-0.9396644649873941,2.2588269881144365,1.0603435376589296,39.691617237861685,MEAN,MEAN
21,target_iv,SWKS,89,0.4746842081852224,0.1420097073739892,0.6428159595527209,0.41198765057680825,0.2742072144323523,0.21011194283996085,0.11802789858880283,0.10193912769152781,0.674447781147145,0.1609012784000122,-2.3831108823366014,8.848289362327884,1.2683016969031562,41.827168976055,IV,IV
21,target_iv,SYF,89,0.3401171617272192,0.10009156719582349,0.15536622815431012,0.11635436996837213,0.19924528667153954,0.1388759489788049,0.08677343723434236,0.07151813098767121,0.25533881014291543,0.09444327670610062,-1.6652178380908556,8.339711961522733,1.3294971242336147,33.65013608410122,IV,IV
21,target_iv,SYK,88,0.27994428438097924,0.06151698761368612,0.07696143886158727,0.05134292914181957,0.07587922817870567,0.050954697117439496,0.06912227060609905,0.041574745209005004,0.3034155473218955,0.06380338384211291,-2.2847141321858886,3.3111108973148147,1.173932765334187,22.347839779035255,IV,IV
21,target_iv,SYY,89,0.079761745941206,0.036625928905621156,0.07229819637795376,0.04144050121388744,0.07406741761738236,0.042075555868222765,0.07505084658384914,0.03994617088342145,0.053994832620278974,0.03018534540373932,-0.19132324358845135,1.7083968055048229,1.0925832561302804,20.16094294517423,MEAN,MEAN
21,target_iv,T,109,0.2883522557705551,0.0678410994665491,0.06029486124356482,0.04475564347297127,0.13347969187572653,0.0541801304861201,0.09006476827771016,0.052354514313153425,0.24708210400952854,0.06447816272340086,-1.821987619714763,5.5536792284007825,1.30121814847743,23.991078357480493,ARCH,ARCH
21,target_iv,TAP,88,0.2980383538675282,0.08505145981915374,0.05641604848246915,0.04748511000431251,0.43554271807764877,0.09619954788256152,0.09301320199357911,0.06282321059485134,0.3458950437371843,0.08942190061020427,-2.3797545155809305,4.695104025603818,1.1928730299215424,29.03808255149574,ARCH,ARCH
21,target_iv,TDG,89,0.47667113273247613,0.12905492424301526,0.18637172194503857,0.129735642391086,0.4208974321168889,0.20530260888223423,0.08624576394571745,0.05662048034902953,0.10575895875551443,0.04739511796144518,-3.480842525672366,-0.4224383884530906,0.984020553094284,26.01392020052818,IV,MEAN
21,target_iv,TDY,87,0.19587545303058204,0.05255429086840325,0.03532892295071026,0.031388544297401386,0.03409507114804823,0.030708896361120182,0.03241374682470768,0.028128070707948084,0.28511208750262257,0.0610875532299138,-2.839076185104195,2.0900490688322027,1.1040456013496598,22.17786673455268,IV,IV
21,target_iv,TECH,81,0.1715565490179955,0.11022400661710229,0.04335049171810521,0.06827139694719694,0.04405622581910404,0.06851602119633105,0.06514050341524083,0.08911660429567532,0.0976267512495522,0.08916120503935084,-2.4837364270619204,8.707796417802122,1.216814727320677,48.87018079736026,ARCH,ARCH
21,target_iv,TEL,89,0.8667266064278836,0.1397985103664588,0.11253028352279024,0.07678689174481701,0.1255583672065154,0.08789126302400067,0.08282107338281378,0.05407594403052085,0.15744334318599212,0.06865944966775228,-2.258469733889088,0.3551536072416465,1.013270312440739,27.11817134534295,IV,IV
21,target_iv,TER,89,0.2852295046491941,0.22312577582541349,0.22754479767629288,0.24443067088588033,0.22199256304716067,0.22051264456349096,0.12193439660801768,0.11511789655848344,0.04479909698236498,0.07138604245026427,-3.195383600394097,-10.144206575698243,0.8254472738206271,47.97122248539768,MEAN,MEAN
21,target_iv,TFC,103,0.31956639318844,0.07783914786115453,0.11071169997544084,0.06979620596714237,0.11746064602622662,0.07210291009858297,0.07542858020509675,0.05130681119168363,0.13229766145690114,0.055962139568054556,-1.9495592013878758,4.890922919726714,1.2348776306764087,25.714203985878804,IV,IV
21,target_iv,TGT,109,0.7871698372191568,0.15380396351942,0.13207667524852193,0.09521362196333948,0.13124777829428155,0.09522717933618255,0.298940020275038,0.1562572149413297,0.24645819516664963,0.1165438009862682,-1.0550845991065578,10.97809755282118,1.3835982316775681,39.59683623889721,GARCH,ARCH
21,target_iv,TJX,109,0.5193527404820745,0.07358917600182,0.1041357769022126,0.044308951555370006,0.13862884528297964,0.04849247893239101,0.19952425289652298,0.06573879615793601,0.41590324240727294,0.06964148095121149,-1.6383998448140784,4.810580612537229,1.3066107400580615,20.500117814092103,ARCH,ARCH
21,target_iv,TMO,109,0.2575576626451167,0.11615236293101239,0.11923729210217658,0.08311875106383979,0.11774334525560833,0.08202619825976062,0.10249092037098229,0.07457403359174904,0.07416666927315288,0.060478361573751915,-3.8261406613832025,2.236577917374199,1.0795539270702368,30.35056298060763,MEAN,MEAN
21,target_iv,TMUS,109,0.2555391132420594,0.07112752768312569,0.15101624687814816,0.08596399286313634,0.1082166244104697,0.07067274275600689,0.0906861247602554,0.05319772907474188,0.06477533397188341,0.043095179276198,-1.8455850421722393,4.204919054155155,1.1955197886510796,25.711279526235842,MEAN,MEAN
21,target_iv,TPL,89,0.1544880810320178,0.09165035719789726,0.053929942985994295,0.07815931557348514,0.057833900947007584,0.08175731303555817,0.029424747239807276,0.0524093048293584,0.10523428729521532,0.07910204129076362,-2.1196752194041895,2.5446814413346086,1.06228694370514,43.39885231510308,IV,IV
21,target_iv,TPR,109,0.38249648755803833,0.17388454963560093,0.2263538750375398,0.2529718691515649,0.1293868568963432,0.12503116759046204,0.14492941925215658,0.10932188847109878,0.05560695793970549,0.06457936029989984,-1.7249664603409984,-0.4217585922501435,0.989868038878698,41.20479200350897,MEAN,MEAN
21,target_iv,TRGP,89,0.27480685360255974,0.0881552786225822,0.10415571513371949,0.08123717001264989,0.10844105510734273,0.08400064813484429,0.06850927990775121,0.06173339919649786,0.11903414386148743,0.06455546614861551,-1.5213734727586092,5.036543434898688,1.1834948458386119,32.484417580249065,IV,IV
21,target_iv,TRMB,84,0.3092173283297527,0.08820017864377505,0.07369417639640978,0.05722878788401005,0.0874700204080834,0.06745503474949241,0.13703520220456625,0.0793104499089365,0.5409290747290224,0.10948138464982578,-1.6278942082179002,4.800535139719029,1.1886321909174926,30.24971810456491,ARCH,ARCH
21,target_iv,TROW,89,0.08029285814379386,0.03865079217949542,0.07111105274341248,0.052669010129228186,0.08956925467761812,0.06084857512812604,0.039816709461295965,0.03669711129994447,0.045717558485677184,0.03416135935837749,-1.4799076865963166,2.287849823993083,1.0985252778689998,25.508792443764456,IV,MEAN
21,target_iv,TRV,88,0.17148072098001965,0.05526837567890344,0.06862153368183631,0.04345317020398824,0.07353356062187028,0.04533824635257324,0.07570387968869348,0.04447976178032835,0.035350536281079294,0.028215615529134718,-1.624347188154753,4.027216140701035,1.2262367214300074,21.82811121752863,MEAN,MEAN
21,target_iv,TSCO,106,0.45632872978710753,0.10093773368339728,0.08579480396897884,0.06130719745218188,0.17778447691410892,0.07509897145458141,0.16808514405645944,0.08043991840524638,0.1952707284331048,0.07734682163326696,-2.09897391621759,7.893849944704197,1.3660651330491964,29.45790844694709,ARCH,ARCH
21,target_iv,TSLA,109,0.18513421556502,0.13740473626330962,0.18045374905236222,0.19992479329669832,0.1395852857826557,0.1783347581830959,0.07231973974123974,0.09843904173013092,0.08436295367166337,0.12222031410775173,-1.416380359405811,7.04050976230738,1.1520627676075619,53.34053358192685,IV,IV
21,target_iv,TSN,88,0.5509473611412059,0.0892702958706975,0.08691152828484698,0.05074651347215911,0.08715640274307705,0.0499032096186187,0.1590695266729978,0.07557944093684689,0.3734864185827267,0.07705388485043872,-1.5393539112048804,3.2974038071009875,1.1500541601210539,25.2721614842014,ARCH,GARCH
21,target_iv,TT,89,0.4542465199293022,0.09613137479843045,0.23691546942241307,0.15252200053751774,0.06861523089105416,0.05578187563155665,0.07786681085094029,0.05476431824664627,0.30688257972855787,0.06761792836498202,-2.7660196128853145,2.7014124326395663,1.1113306529876483,26.966180132684187,GARCH,IV
21,target_iv,TTWO,109,0.5563912154917867,0.12368688797455878,0.22549011090532967,0.13164919053972,0.4118822231730528,0.1153982199757229,0.27615039970796823,0.12508265022170462,0.5940654503417468,0.12438182707006275,-2.1357613955047756,7.903376718656979,1.3242751587832646,32.275816310736104,ARCH,GARCH
21,target_iv,TXN,109,0.37656046859747744,0.14908039703488876,0.310328656046221,0.22542016604306483,0.2862350625930317,0.1775143548756013,0.13768601066860178,0.08354953390899185,0.04335502065598051,0.04842952710388628,-3.125044552550771,0.1562984745546526,1.0048450180036341,32.415925670454605,MEAN,MEAN
21,target_iv,TXT,87,0.2156052662244759,0.07053574208048007,0.1266674539699951,0.07784093070455755,0.11002479618932234,0.06779700951686778,0.07809415080812274,0.05149927304134384,0.10939179815014824,0.04700787983379117,-3.0517537359907654,3.775127018696854,1.1730288417095762,25.593033105320856,IV,MEAN
21,target_iv,TYL,87,0.19772121160596137,0.07250826922780385,0.0559654886201437,0.04686751095693063,0.05440045127133159,0.04672222342627031,0.09602643410860787,0.06046691515117217,0.13702060530417956,0.0643222022052237,-1.2022896989814542,2.3458665037833093,1.0890325329561328,28.694285737673226,GARCH,GARCH
21,target_iv,UAL,109,0.2990426865320365,0.13421460464046334,0.09050958688782311,0.1276615870339721,0.24262526858168648,0.2522978541583065,0.05526052183443412,0.08340828189385142,0.03422559861915627,0.06494058975435707,-1.6168411195501486,7.459397790779714,1.1805462502564652,48.775114844906646,MEAN,MEAN
21,target_iv,UBER,109,0.2350822789522747,0.10113654693936047,0.06319116142033718,0.06923361489277165,0.06329210260858757,0.06933910134574134,0.11282495459667762,0.09550969133884397,0.17370151815503845,0.09221157626202119,-1.6036460841368916,7.745179007582302,1.249581163681418,38.77788553614375,ARCH,ARCH
21,target_iv,UHS,88,0.18950403150011866,0.0779044899608899,0.0660723851194481,0.06254793298664013,0.0520270722432259,0.05833777715319648,0.05899191325694157,0.06171947171629021,0.027027967263117045,0.03517797846254875,-1.523334299711937,6.909953170124615,1.2642623548644512,33.05803307226941,MEAN,MEAN
21,target_iv,ULTA,109,0.964697963285947,0.15809360700871025,0.4873361180380347,0.28083515138875526,0.48739097107508605,0.28875101326293423,0.33729371284512666,0.13881926890541801,0.424511591913296,0.11772552365709511,-2.1780870874929112,2.4141651400103887,1.0794635142082245,32.79496523506234,IV,MEAN
21,target_iv,UNH,109,0.1787569628737455,0.11312296510788743,0.3100541112677253,0.2019660064478062,0.4468084672437149,0.27794617450762943,0.0839767802158555,0.08474121917740078,0.062277138617456644,0.06152482796865273,-1.5440619124355037,3.0087691471105282,1.0826230346083503,39.424390545824636,MEAN,MEAN
21,target_iv,UNP,109,0.291450744630937,0.06340882455400684,0.20587248398288766,0.10407181617501667,0.04570350743793125,0.03645255006354172,0.045704601254848355,0.033572916592038,0.11584687926860955,0.04442239372322099,-2.1362848789725417,4.652696449287688,1.2624426742591515,22.38112595268976,GARCH,IV
21,target_iv,UPS,109,0.8534161295484504,0.15532386964547013,0.21776724853938415,0.12974246077463433,0.36202280273859017,0.2525127777183749,0.2317480295636856,0.11526069440557174,0.11362746894806174,0.0684756361543709,-1.8321102335800168,3.7550933107555924,1.1313608664503003,32.34118148318945,MEAN,MEAN
21,target_iv,URI,109,0.21609709687533846,0.0949141573502744,0.10402856877055501,0.08726971225907049,0.0796568153992958,0.07539934744925876,0.07314769798904683,0.061874375453699,0.051262238953246025,0.0475190824769861,-2.8467312552437263,2.6277874904445016,1.087024965218012,32.82357652479163,MEAN,MEAN
21,target_iv,USB,109,0.13315876220606973,0.050940939897994725,0.07611765084865528,0.0546063823431798,0.1238769306423577,0.0744260272034442,0.058232013085588626,0.04360879015407444,0.09514865271201288,0.04701633549466629,-1.8295993911548472,4.389594389408811,1.2133515522247165,24.964061008641043,IV,IV
21,target_iv,V,109,0.2329856462706753,0.06335788316203718,0.09976193763885896,0.05890047741938827,0.1411820010071789,0.07573261969550667,0.08599071049554087,0.04727349410337909,0.10862231159627443,0.05411351546707954,-1.6080563094117364,4.787459159595841,1.2702725434283848,22.500909067852596,IV,IV
21,target_iv,VICI,80,0.18894319353632416,0.04481398505242833,0.026101680289196204,0.022294000810070325,0.024328115969387464,0.021293497283711663,0.033394906475732,0.024173542521081653,0.11130158106453662,0.0376356322869028,-2.0304539160819965,3.7703978236890388,1.2501321072767602,18.844023775743494,GARCH,GARCH
21,target_iv,VLO,109,0.12767404086650858,0.0686386757017862,0.10047357737401572,0.08720792473717083,0.11507496373794389,0.09501756765740568,0.02172636697566391,0.03247318156874685,0.02576263678818937,0.03459548302345251,-2.3486279545198006,2.095320116825871,1.0704042885285612,31.85657700355451,IV,IV
21,target_iv,VLTO,67,0.2647549618084424,0.05897679907855278,0.05255197964948491,0.0370055962238868,0.050972358578941765,0.03550361506843043,0.08797053080296749,0.04593603113950148,0.2515351857600088,0.05977016216198112,-2.1798263829364237,3.0115207239864805,1.1623713929564987,21.558634653059592,GARCH,GARCH
21,target_iv,VMC,88,0.1396316936199891,0.05221356600388889,0.0331136274037733,0.033207452121987606,0.04566406416125361,0.036689230892806894,0.0475437043214159,0.03862690492431076,0.10276718398805927,0.04696607583198255,-2.1995066662156857,5.445432806143851,1.2855357452586051,24.516364892814863,ARCH,ARCH
21,target_iv,VRSK,87,0.3635622064518926,0.13175961208911746,0.07568698428948366,0.04947446965339105,0.06541080135405176,0.043917368467016424,0.10814427412893377,0.0539318646577611,0.10558015111000901,0.047770493636302515,-3.357400964122077,-1.7777851582243458,0.9312296292622964,24.07324834870521,GARCH,GARCH
21,target_iv,VRSN,89,0.5355024056123041,0.12514886321421612,0.0473518888094587,0.043160841260176705,0.052324242924308546,0.047573491433218935,0.05694967612447604,0.0432793244316829,0.08394475288171134,0.04396851060523981,-3.008366030203928,1.0222202275354046,1.0414297828480394,25.69578009833679,ARCH,ARCH
21,target_iv,VRTX,109,0.7602264754768555,0.27476058340257375,0.32945937350719506,0.23267263421821097,0.7935109847255964,0.42713605756438766,0.15540676894635572,0.0852607756791119,0.24242223955521797,0.1028134681882044,-2.70369043523718,-4.866608846624545,0.860910861243502,30.12252754557402,IV,IV
21,target_iv,VST,109,0.2674771915390934,0.1466167541019116,0.2506215057296949,0.264046603708047,0.5346448938080112,0.18982709347597568,0.05308011870600577,0.09176262219281003,0.3073886564294758,0.1606307475654173,-2.189290836916862,10.410656044368055,1.2284572907929874,55.98003143279237,IV,IV
21,target_iv,VTR,82,0.5305955181849595,0.08331077256325833,0.08026866481157517,0.04626210554885401,0.2848880105711983,0.06190583286680955,0.09044230886666153,0.04804526572470115,0.4860293173923385,0.07341668152748984,-3.17819466062044,4.778322038206548,1.2807584953146731,21.797654019064392,ARCH,ARCH
21,target_iv,VTRS,70,0.512191264299651,0.12957421200996036,0.5078086416806167,0.3072737300966512,0.43391394232746644,0.27856780865697706,0.1509237680930449,0.10838835856381972,0.18946162647743992,0.09187903536361197,-2.2199675877930676,7.527229755672149,1.25085119990739,37.53398180011554,IV,MEAN
21,target_iv,VZ,109,0.2948641155509645,0.06629983538499766,0.1087234685759835,0.05290767156264595,0.09740888462258197,0.04904858175402522,0.1042026111729361,0.04488179577963347,0.10017878764629694,0.03912231814673362,-1.7125886835985928,0.9407179256754716,1.0498054506002406,19.828568840348794,GARCH,MEAN
21,target_iv,WAB,88,0.2541382388997632,0.06610641841873333,0.11704914314921623,0.07192988373954524,0.12428534645731215,0.07455833702930542,0.060969947679835365,0.04190110106814155,0.17093982496824173,0.05311987954445328,-2.4811405816259637,2.12536936291336,1.0948294605629076,24.53791236692465,IV,IV
21,target_iv,WAT,88,0.27372568859498864,0.14525941638034698,0.10976478576770049,0.08741351215957892,0.11180770951322888,0.08847565643530961,0.07510482762204491,0.06937707346416812,0.18709522787393548,0.08985859357175409,-1.4007913809184265,0.7047117353736412,1.0213646405687367,33.689668028289844,IV,IV
21,target_iv,WBD,108,0.2417727684531597,0.2674384363616631,0.33902911003041836,0.32827069192841274,0.1953413756091136,0.17568557560799214,0.27811043192754537,0.18732097932417294,0.2820559328087945,0.18765709951929313,0.32080004717491367,-4.586509437443523,0.9198139817303085,52.61185926091978,GARCH,GARCH
21,target_iv,WDAY,109,0.3806827834049179,0.11599588712881513,0.08576407439106416,0.07493854502164306,0.08427773303117443,0.07505074956455556,0.30350670421141285,0.1373135239326838,0.5264546348847314,0.13159865554678413,-0.5547021887555359,4.171919344290763,1.1294037272856208,36.41148022712733,GARCH,ARCH
21,target_iv,WDC,109,0.378730389862374,0.17174196311197412,0.1743765069719567,0.1921193716031711,0.169876838918927,0.15236520243592427,0.19205928863108906,0.1383964349495894,0.8555914922873165,0.2528907518334442,-1.966618946430235,-2.945414073734864,0.9468670899254795,52.48942037451619,GARCH,IV
21,target_iv,WEC,84,0.14262968310487778,0.039923458153619806,0.025862400398883826,0.020647614931844124,0.21510728977757493,0.04697763082396733,0.04733116001592195,0.02826465904474526,0.12739539773684944,0.038502553908093984,-2.6497664368555003,4.1055642710002145,1.2852485854144533,18.49849899856429,ARCH,ARCH
21,target_iv,WELL,88,0.2937808844345488,0.05812000512817142,0.02665256293763971,0.026578796601776342,0.03638470451587787,0.02949985863301991,0.04453512776909143,0.03388465159518248,0.13068585421709403,0.04811020360167764,-1.4887938094251276,3.6409585454732767,1.1884665335202964,22.959818384751713,ARCH,ARCH
21,target_iv,WFC,109,0.20176048679580913,0.07171868219125173,0.05399041593857292,0.04975946190721374,0.06062099418774617,0.05294653491399685,0.049698417245368616,0.04247252460706373,0.0409807407346326,0.036594921201831505,-2.189131676410825,2.8655345096817584,1.1186500763722278,27.016673702310833,MEAN,MEAN
21,target_iv,WM,88,0.21666858664107316,0.056576053178191595,0.0556149950021067,0.03486721676291347,0.03915031239687904,0.027391510259338676,0.07108076552170389,0.03735734650273013,0.07364586609208366,0.03286491489275583,-1.5944375619602824,1.5187715386654528,1.084232381217309,19.54950409919005,GARCH,GARCH
21,target_iv,WMB,109,0.3814207635400968,0.08242924348728184,0.08037515418312582,0.05884319038852374,0.22645663088480572,0.0721240334704328,0.06431525299965056,0.04800630388174822,0.09684936932844192,0.05261677044305207,-1.9207030978698483,4.476375772081052,1.2055963448386038,26.249018547394385,IV,IV
21,target_iv,WMT,109,0.569370122370543,0.0838143548549482,0.10828493914434727,0.06569144616734887,0.08585753712022393,0.05228660153662167,0.14766125459332433,0.06786503629171771,0.33029988633846447,0.07428019906415594,-1.6994661655218597,2.913223601995994,1.1380738414972151,24.01224982163477,GARCH,GARCH
21,target_iv,WRB,84,0.20005903327034627,0.053599447114890904,0.037490915643827366,0.03427894939587994,0.029724845066357104,0.027843772474560533,0.049007784589658945,0.038141243665901214,0.15340267912653796,0.05007586930277129,-1.772084158853007,1.4419983929501798,1.0679126074465912,22.675145626830272,GARCH,GARCH
21,target_iv,WST,87,0.7779590731119324,0.2664129021909531,0.8858006983146688,0.41269486820997564,0.8126003974358413,0.39479038415728884,0.2512369561262715,0.1286327774605443,0.18469367100910603,0.12107664712239785,-2.270244741045434,-3.523402693659352,0.9080838413890582,34.809386088050296,MEAN,MEAN
21,target_iv,WTW,88,0.3107005099466462,0.06540959453041667,0.03834569151364726,0.031066205974183123,0.03932038915285992,0.031480158099629806,0.07733113304296121,0.04832191437718686,0.1504630287427888,0.05244575979344592,-1.6395284916712052,5.643172731948887,1.3136319250719852,23.636152020181935,ARCH,ARCH
21,target_iv,WY,87,0.1419190499075037,0.05632788243746163,0.017243012704326793,0.026675403075184664,0.01743165760352682,0.02690722644030637,0.03517644320529656,0.0418084672230526,0.034653605581910676,0.03485089272571485,-1.3733845636353132,4.407264748730479,1.1783449887760578,29.11928373494676,ARCH,ARCH
21,target_iv,WYNN,109,0.32829916312372764,0.12235145595753298,0.08818095477425791,0.08420869526763725,0.09478668673289077,0.08980950091672686,0.13363083430158376,0.10087634376400417,0.19896634857102233,0.10875966346114749,-1.981331851030487,5.026254524409308,1.1461034324895647,39.42828354428415,ARCH,ARCH
21,target_iv,XEL,81,0.28687832694544835,0.05526380131198313,0.04457207137243594,0.0334872534934859,0.06120553846459843,0.03195301810413159,0.051896658785551136,0.03134161911426855,0.0908254004172529,0.036829969557616145,-2.7537088792314486,2.5587788207110997,1.1492240573994894,19.70600605271809,ARCH,IV
21,target_iv,XOM,109,0.09703846578482428,0.0400971891763483,0.05330077946782216,0.039326521602825036,0.05884601107535401,0.04176919585261759,0.04128587252643474,0.03240757631800499,0.03519253717235411,0.028952383867822708,-1.6437170383289765,4.12125657623547,1.2285136148669342,22.156315794196406,MEAN,MEAN
21,target_iv,XYL,86,0.46950684262762954,0.1025720700287356,0.2916103511916569,0.13765997420898957,0.10103823125322467,0.06448072618418867,0.11550755850052002,0.05444911769756208,0.07208367924543538,0.036448761961395994,-8.115228814923455,3.1390425623879157,1.1607759915236815,22.663366639876504,MEAN,MEAN
21,target_iv,YUM,88,0.15936248224562832,0.0656271849354825,0.08922670256291489,0.05159767272822724,0.09022093427848384,0.0519655940938054,0.07718070365608587,0.04496979623757146,0.05084738837429788,0.032280982114759126,-2.4081416825713142,-1.0422714683691927,0.9542167629576884,21.72307968856083,MEAN,MEAN
21,target_iv,ZBH,88,0.49860454485615385,0.18141823400461252,0.09648764250332563,0.06862708558203033,0.10454857185634561,0.07230298947256412,0.1672811652169547,0.08221804417140387,0.1823284176841832,0.06953308735948922,-2.2913806346902454,-2.099006679018398,0.9323365265045781,28.92226034417727,ARCH,ARCH
21,target_iv,ZBRA,88,0.3930139020247013,0.16567358441463212,0.11254214442413714,0.10739409403882001,0.13029151729527752,0.11814092274876364,0.08081413839169536,0.07789953584787607,0.161023074602314,0.08290247181627203,-4.908233874454287,-0.34495192182159384,0.9913070516427461,39.336857706524974,IV,IV
21,target_iv,ZTS,88,0.730847023284036,0.15643774156393309,0.048077036601994715,0.04377016349209228,0.04730056661690871,0.043497242282834254,0.07164110805825315,0.05486428523507224,0.20905564162571472,0.073675100825445,-2.3819491448066974,1.9352933853981287,1.0716020995042934,28.96373806504172,GARCH,GARCH
