15:42:36 level_book 659 symbols, history from 2017-04-24, forward to 2025-10-08
15:42:37 level_book reference paths: 1067053 rows (1s)
15:42:37 voltium.loaders vega convention for /Users/andrew/Projects/quant-research/data_store/option_greeks_2017/A.parquet: per_1.00_iv (per-unit share 1.00, per-point share 0.00, median dP/vega ratio 0.0100, theta/day share 1.00)
15:42:37 voltium.loaders vega convention for /Users/andrew/Projects/quant-research/data_store/option_greeks_2017/AAL.parquet: per_1.00_iv (per-unit share 1.00, per-point share 0.00, median dP/vega ratio 0.0100, theta/day share 1.00)
15:42:38 voltium.loaders vega convention for /Users/andrew/Projects/quant-research/data_store/option_greeks_2017/AAP.parquet: per_1.00_iv (per-unit share 1.00, per-point share 0.00, median dP/vega ratio 0.0100, theta/day share 1.00)
15:42:38 voltium.loaders vega convention for /Users/andrew/Projects/quant-research/data_store/option_greeks_2017/AAPL.parquet: per_1.00_iv (per-unit share 1.00, per-point share 0.00, median dP/vega ratio 0.0100, theta/day share 1.00)
15:42:39 voltium.loaders vega convention for /Users/andrew/Projects/quant-research/data_store/option_greeks_2017/ABBV.parquet: per_1.00_iv (per-unit share 1.00, per-point share 0.00, median dP/vega ratio 0.0100, theta/day share 1.00)
15:42:39 voltium.loaders vega convention for /Users/andrew/Projects/quant-research/data_store/option_greeks_2018/ABMD.parquet: per_1.00_iv (per-unit share 1.00, per-point share 0.00, median dP/vega ratio 0.0100, theta/day share 1.00)
15:42:40 voltium.loaders vega convention for /Users/andrew/Projects/quant-research/data_store/option_greeks_2023/ABNB.parquet: per_1.00_iv (per-unit share 1.00, per-point share 0.00, median dP/vega ratio 0.0100, theta/day share 1.00)
15:42:40 voltium.loaders vega convention for /Users/andrew/Projects/quant-research/data_store/option_greeks_2017/ABT.parquet: per_1.00_iv (per-unit share 1.00, per-point share 0.00, median dP/vega ratio 0.0101, theta/day share 1.00)
15:42:40 voltium.loaders vega convention for /Users/andrew/Projects/quant-research/data_store/option_greeks_2022/ACGL.parquet: per_1.00_iv (per-unit share 1.00, per-point share 0.00, median dP/vega ratio 0.0100, theta/day share 1.00)
15:42:41 voltium.loaders vega convention for /Users/andrew/Projects/quant-research/data_store/option_greeks_2017/ACN.parquet: per_1.00_iv (per-unit share 1.00, per-point share 0.00, median dP/vega ratio 0.0100, theta/day share 1.00)
15:42:41 voltium.loaders vega convention for /Users/andrew/Projects/quant-research/data_store/option_greeks_2017/ADBE.parquet: per_1.00_iv (per-unit share 1.00, per-point share 0.00, median dP/vega ratio 0.0100, theta/day share 1.00)
15:42:42 voltium.loaders vega convention for /Users/andrew/Projects/quant-research/data_store/option_greeks_2017/ADI.parquet: per_1.00_iv (per-unit share 1.00, per-point share 0.00, median dP/vega ratio 0.0100, theta/day share 1.00)
15:42:43 voltium.loaders vega convention for /Users/andrew/Projects/quant-research/data_store/option_greeks_2017/ADM.parquet: per_1.00_iv (per-unit share 1.00, per-point share 0.00, median dP/vega ratio 0.0100, theta/day share 1.00)
15:42:43 voltium.loaders vega convention for /Users/andrew/Projects/quant-research/data_store/option_greeks_2017/ADP.parquet: per_1.00_iv (per-unit share 1.00, per-point share 0.00, median dP/vega ratio 0.0099, theta/day share 1.00)
15:42:44 voltium.loaders vega convention for /Users/andrew/Projects/quant-research/data_store/option_greeks_2017/ADS.parquet: per_1.00_iv (per-unit share 1.00, per-point share 0.00, median dP/vega ratio 0.0101, theta/day share 1.00)
15:42:44 voltium.loaders vega convention for /Users/andrew/Projects/quant-research/data_store/option_greeks_2017/ADSK.parquet: per_1.00_iv (per-unit share 1.00, per-point share 0.00, median dP/vega ratio 0.0100, theta/day share 1.00)
15:42:44 voltium.loaders vega convention for /Users/andrew/Projects/quant-research/data_store/option_greeks_2017/AEE.parquet: per_1.00_iv (per-unit share 1.00, per-point share 0.00, median dP/vega ratio 0.0102, theta/day share 1.00)
15:42:45 voltium.loaders vega convention for /Users/andrew/Projects/quant-research/data_store/option_greeks_2017/AEP.parquet: per_1.00_iv (per-unit share 1.00, per-point share 0.00, median dP/vega ratio 0.0101, theta/day share 1.00)
15:42:45 voltium.loaders vega convention for /Users/andrew/Projects/quant-research/data_store/option_greeks_2017/AES.parquet: per_1.00_iv (per-unit share 1.00, per-point share 0.00, median dP/vega ratio 0.0101, theta/day share 1.00)
15:42:45 voltium.loaders vega convention for /Users/andrew/Projects/quant-research/data_store/option_greeks_2017/AET.parquet: per_1.00_iv (per-unit share 1.00, per-point share 0.00, median dP/vega ratio 0.0100, theta/day share 1.00)
15:42:46 voltium.loaders vega convention for /Users/andrew/Projects/quant-research/data_store/option_greeks_2017/AFL.parquet: per_1.00_iv (per-unit share 1.00, per-point share 0.00, median dP/vega ratio 0.0100, theta/day share 1.00)
15:42:46 voltium.loaders vega convention for /Users/andrew/Projects/quant-research/data_store/option_greeks_2017/AGN.parquet: per_1.00_iv (per-unit share 1.00, per-point share 0.00, median dP/vega ratio 0.0100, theta/day share 1.00)
15:42:46 voltium.loaders vega convention for /Users/andrew/Projects/quant-research/data_store/option_greeks_2017/AIG.parquet: per_1.00_iv (per-unit share 1.00, per-point share 0.00, median dP/vega ratio 0.0100, theta/day share 1.00)
15:42:47 voltium.loaders vega convention for /Users/andrew/Projects/quant-research/data_store/option_greeks_2017/AIV.parquet: per_1.00_iv (per-unit share 1.00, per-point share 0.00, median dP/vega ratio 0.0100, theta/day share 1.00)
15:42:47 voltium.loaders vega convention for /Users/andrew/Projects/quant-research/data_store/option_greeks_2017/AIZ.parquet: per_1.00_iv (per-unit share 1.00, per-point share 0.00, median dP/vega ratio 0.0100, theta/day share 1.00)
15:42:47 voltium.loaders vega convention for /Users/andrew/Projects/quant-research/data_store/option_greeks_2017/AJG.parquet: per_1.00_iv (per-unit share 1.00, per-point share 0.00, median dP/vega ratio 0.0102, theta/day share 1.00)
15:42:47 voltium.loaders vega convention for /Users/andrew/Projects/quant-research/data_store/option_greeks_2017/AKAM.parquet: per_1.00_iv (per-unit share 1.00, per-point share 0.00, median dP/vega ratio 0.0100, theta/day share 1.00)
15:42:48 voltium.loaders vega convention for /Users/andrew/Projects/quant-research/data_store/option_greeks_2017/ALB.parquet: per_1.00_iv (per-unit share 1.00, per-point share 0.00, median dP/vega ratio 0.0100, theta/day share 1.00)
15:42:48 voltium.loaders vega convention for /Users/andrew/Projects/quant-research/data_store/option_greeks_2017/ALGN.parquet: per_1.00_iv (per-unit share 1.00, per-point share 0.00, median dP/vega ratio 0.0100, theta/day share 1.00)
15:42:49 voltium.loaders vega convention for /Users/andrew/Projects/quant-research/data_store/option_greeks_2017/ALK.parquet: per_1.00_iv (per-unit share 1.00, per-point share 0.00, median dP/vega ratio 0.0100, theta/day share 1.00)
15:42:50 voltium.loaders vega convention for /Users/andrew/Projects/quant-research/data_store/option_greeks_2017/ALL.parquet: per_1.00_iv (per-unit share 1.00, per-point share 0.00, median dP/vega ratio 0.0100, theta/day share 1.00)
15:42:50 voltium.loaders vega convention for /Users/andrew/Projects/quant-research/data_store/option_greeks_2017/ALLE.parquet: per_1.00_iv (per-unit share 1.00, per-point share 0.00, median dP/vega ratio 0.0100, theta/day share 1.00)
15:42:50 voltium.loaders vega convention for /Users/andrew/Projects/quant-research/data_store/option_greeks_2017/ALXN.parquet: per_1.00_iv (per-unit share 1.00, per-point share 0.00, median dP/vega ratio 0.0100, theta/day share 1.00)
15:42:51 voltium.loaders vega convention for /Users/andrew/Projects/quant-research/data_store/option_greeks_2017/AMAT.parquet: per_1.00_iv (per-unit share 1.00, per-point share 0.00, median dP/vega ratio 0.0100, theta/day share 1.00)
15:42:51 voltium.loaders vega convention for /Users/andrew/Projects/quant-research/data_store/option_greeks_2019/AMCR.parquet: per_1.00_iv (per-unit share 1.00, per-point share 0.00, median dP/vega ratio 0.0100, theta/day share 1.00)
15:42:51 voltium.loaders vega convention for /Users/andrew/Projects/quant-research/data_store/option_greeks_2017/AMD.parquet: per_1.00_iv (per-unit share 1.00, per-point share 0.00, median dP/vega ratio 0.0100, theta/day share 1.00)
15:42:52 voltium.loaders vega convention for /Users/andrew/Projects/quant-research/data_store/option_greeks_2017/AME.parquet: per_1.00_iv (per-unit share 1.00, per-point share 0.00, median dP/vega ratio 0.0100, theta/day share 1.00)
15:42:52 voltium.loaders vega convention for /Users/andrew/Projects/quant-research/data_store/option_greeks_2017/AMG.parquet: per_1.00_iv (per-unit share 1.00, per-point share 0.00, median dP/vega ratio 0.0100, theta/day share 1.00)
15:42:52 voltium.loaders vega convention for /Users/andrew/Projects/quant-research/data_store/option_greeks_2017/AMGN.parquet: per_1.00_iv (per-unit share 1.00, per-point share 0.00, median dP/vega ratio 0.0100, theta/day share 1.00)
15:42:53 voltium.loaders vega convention for /Users/andrew/Projects/quant-research/data_store/option_greeks_2017/AMP.parquet: per_1.00_iv (per-unit share 1.00, per-point share 0.00, median dP/vega ratio 0.0100, theta/day share 1.00)
15:42:53 voltium.loaders vega convention for /Users/andrew/Projects/quant-research/data_store/option_greeks_2017/AMT.parquet: per_1.00_iv (per-unit share 1.00, per-point share 0.00, median dP/vega ratio 0.0100, theta/day share 1.00)
15:42:53 voltium.loaders vega convention for /Users/andrew/Projects/quant-research/data_store/option_greeks_2024/AMTM.parquet: per_1.00_iv (per-unit share 1.00, per-point share 0.00, median dP/vega ratio 0.0100, theta/day share 1.00)
15:42:53 voltium.loaders vega convention for /Users/andrew/Projects/quant-research/data_store/option_greeks_2017/AMZN.parquet: per_1.00_iv (per-unit share 1.00, per-point share 0.00, median dP/vega ratio 0.0100, theta/day share 1.00)
15:42:55 voltium.loaders vega convention for /Users/andrew/Projects/quant-research/data_store/option_greeks_2017/AN.parquet: per_1.00_iv (per-unit share 1.00, per-point share 0.00, median dP/vega ratio 0.0099, theta/day share 1.00)
15:42:55 voltium.loaders vega convention for /Users/andrew/Projects/quant-research/data_store/option_greeks_2017/ANDV.parquet: per_1.00_iv (per-unit share 1.00, per-point share 0.00, median dP/vega ratio 0.0100, theta/day share 1.00)
15:42:55 voltium.loaders vega convention for /Users/andrew/Projects/quant-research/data_store/option_greeks_2018/ANET.parquet: per_1.00_iv (per-unit share 1.00, per-point share 0.00, median dP/vega ratio 0.0100, theta/day share 1.00)
15:42:55 voltium.loaders vega convention for /Users/andrew/Projects/quant-research/data_store/option_greeks_2017/ANSS.parquet: per_1.00_iv (per-unit share 1.00, per-point share 0.00, median dP/vega ratio 0.0100, theta/day share 1.00)
15:42:56 voltium.loaders vega convention for /Users/andrew/Projects/quant-research/data_store/option_greeks_2017/AON.parquet: per_1.00_iv (per-unit share 1.00, per-point share 0.00, median dP/vega ratio 0.0100, theta/day share 1.00)
15:42:56 voltium.loaders vega convention for /Users/andrew/Projects/quant-research/data_store/option_greeks_2017/AOS.parquet: per_1.00_iv (per-unit share 1.00, per-point share 0.00, median dP/vega ratio 0.0101, theta/day share 1.00)
15:42:56 voltium.loaders vega convention for /Users/andrew/Projects/quant-research/data_store/option_greeks_2017/APA.parquet: per_1.00_iv (per-unit share 1.00, per-point share 0.00, median dP/vega ratio 0.0100, theta/day share 1.00)
15:42:57 voltium.loaders vega convention for /Users/andrew/Projects/quant-research/data_store/option_greeks_2017/APC.parquet: per_1.00_iv (per-unit share 1.00, per-point share 0.00, median dP/vega ratio 0.0100, theta/day share 1.00)
15:42:57 voltium.loaders vega convention for /Users/andrew/Projects/quant-research/data_store/option_greeks_2017/APD.parquet: per_1.00_iv (per-unit share 1.00, per-point share 0.00, median dP/vega ratio 0.0100, theta/day share 1.00)
15:42:57 voltium.loaders vega convention for /Users/andrew/Projects/quant-research/data_store/option_greeks_2017/APH.parquet: per_1.00_iv (per-unit share 1.00, per-point share 0.00, median dP/vega ratio 0.0101, theta/day share 1.00)
15:42:57 voltium.loaders vega convention for /Users/andrew/Projects/quant-research/data_store/option_greeks_2024/APO.parquet: per_1.00_iv (per-unit share 1.00, per-point share 0.00, median dP/vega ratio 0.0100, theta/day share 1.00)
15:42:58 voltium.loaders vega convention for /Users/andrew/Projects/quant-research/data_store/option_greeks/APP.parquet: per_1.00_iv (per-unit share 1.00, per-point share 0.00, median dP/vega ratio 0.0100, theta/day share 1.00)
15:42:58 voltium.loaders vega convention for /Users/andrew/Projects/quant-research/data_store/option_greeks_2017/APTV.parquet: per_1.00_iv (per-unit share 1.00, per-point share 0.00, median dP/vega ratio 0.0100, theta/day share 1.00)
15:42:58 voltium.loaders vega convention for /Users/andrew/Projects/quant-research/data_store/option_greeks_2017/ARE.parquet: per_1.00_iv (per-unit share 1.00, per-point share 0.00, median dP/vega ratio 0.0100, theta/day share 1.00)
15:42:58 voltium.loaders vega convention for /Users/andrew/Projects/quant-research/data_store/option_greeks_2017/ARNC.parquet: per_1.00_iv (per-unit share 1.00, per-point share 0.00, median dP/vega ratio 0.0100, theta/day share 1.00)
15:42:59 voltium.loaders vega convention for /Users/andrew/Projects/quant-research/data_store/option_greeks_2019/ATO.parquet: per_1.00_iv (per-unit share 1.00, per-point share 0.00, median dP/vega ratio 0.0101, theta/day share 1.00)
15:42:59 voltium.loaders vega convention for /Users/andrew/Projects/quant-research/data_store/option_greeks_2017/ATVI.parquet: per_1.00_iv (per-unit share 1.00, per-point share 0.00, median dP/vega ratio 0.0100, theta/day share 1.00)
15:42:59 voltium.loaders vega convention for /Users/andrew/Projects/quant-research/data_store/option_greeks_2017/AVB.parquet: per_1.00_iv (per-unit share 1.00, per-point share 0.00, median dP/vega ratio 0.0100, theta/day share 1.00)
15:43:00 voltium.loaders vega convention for /Users/andrew/Projects/quant-research/data_store/option_greeks_2017/AVGO.parquet: per_1.00_iv (per-unit share 1.00, per-point share 0.00, median dP/vega ratio 0.0100, theta/day share 1.00)
15:43:00 voltium.loaders vega convention for /Users/andrew/Projects/quant-research/data_store/option_greeks_2017/AVY.parquet: per_1.00_iv (per-unit share 1.00, per-point share 0.00, median dP/vega ratio 0.0101, theta/day share 1.00)
15:43:01 voltium.loaders vega convention for /Users/andrew/Projects/quant-research/data_store/option_greeks_2017/AWK.parquet: per_1.00_iv (per-unit share 1.00, per-point share 0.00, median dP/vega ratio 0.0101, theta/day share 1.00)
15:43:01 voltium.loaders vega convention for /Users/andrew/Projects/quant-research/data_store/option_greeks_2023/AXON.parquet: per_1.00_iv (per-unit share 1.00, per-point share 0.00, median dP/vega ratio 0.0100, theta/day share 1.00)
15:43:01 voltium.loaders vega convention for /Users/andrew/Projects/quant-research/data_store/option_greeks_2017/AXP.parquet: per_1.00_iv (per-unit share 1.00, per-point share 0.00, median dP/vega ratio 0.0100, theta/day share 1.00)
15:43:01 voltium.loaders vega convention for /Users/andrew/Projects/quant-research/data_store/option_greeks_2017/AYI.parquet: per_1.00_iv (per-unit share 1.00, per-point share 0.00, median dP/vega ratio 0.0100, theta/day share 1.00)
15:43:01 voltium.loaders vega convention for /Users/andrew/Projects/quant-research/data_store/option_greeks_2017/AZO.parquet: per_1.00_iv (per-unit share 1.00, per-point share 0.00, median dP/vega ratio 0.0100, theta/day share 1.00)
15:43:02 voltium.loaders vega convention for /Users/andrew/Projects/quant-research/data_store/option_greeks_2017/BA.parquet: per_1.00_iv (per-unit share 1.00, per-point share 0.00, median dP/vega ratio 0.0100, theta/day share 1.00)
15:43:03 voltium.loaders vega convention for /Users/andrew/Projects/quant-research/data_store/option_greeks_2017/BAC.parquet: per_1.00_iv (per-unit share 1.00, per-point share 0.00, median dP/vega ratio 0.0100, theta/day share 1.00)
15:43:03 voltium.loaders vega convention for /Users/andrew/Projects/quant-research/data_store/option_greeks_2022/BALL.parquet: per_1.00_iv (per-unit share 1.00, per-point share 0.00, median dP/vega ratio 0.0101, theta/day share 1.00)
15:43:03 voltium.loaders vega convention for /Users/andrew/Projects/quant-research/data_store/option_greeks_2017/BAX.parquet: per_1.00_iv (per-unit share 1.00, per-point share 0.00, median dP/vega ratio 0.0100, theta/day share 1.00)
15:43:04 voltium.loaders vega convention for /Users/andrew/Projects/quant-research/data_store/option_greeks_2017/BBBY.parquet: per_1.00_iv (per-unit share 1.00, per-point share 0.00, median dP/vega ratio 0.0100, theta/day share 1.00)
15:43:04 voltium.loaders vega convention for /Users/andrew/Projects/quant-research/data_store/option_greeks_2021/BBWI.parquet: per_1.00_iv (per-unit share 1.00, per-point share 0.00, median dP/vega ratio 0.0100, theta/day share 1.00)
15:43:04 voltium.loaders vega convention for /Users/andrew/Projects/quant-research/data_store/option_greeks_2017/BBY.parquet: per_1.00_iv (per-unit share 1.00, per-point share 0.00, median dP/vega ratio 0.0100, theta/day share 1.00)
15:43:04 voltium.loaders vega convention for /Users/andrew/Projects/quant-research/data_store/option_greeks_2017/BCR.parquet: per_1.00_iv (per-unit share 1.00, per-point share 0.00, median dP/vega ratio 0.0100, theta/day share 1.00)
15:43:04 voltium.loaders vega convention for /Users/andrew/Projects/quant-research/data_store/option_greeks_2017/BDX.parquet: per_1.00_iv (per-unit share 1.00, per-point share 0.00, median dP/vega ratio 0.0100, theta/day share 1.00)
15:43:05 voltium.loaders vega convention for /Users/andrew/Projects/quant-research/data_store/option_greeks_2017/BEN.parquet: per_1.00_iv (per-unit share 1.00, per-point share 0.00, median dP/vega ratio 0.0100, theta/day share 1.00)
15:43:05 voltium.loaders vega convention for /Users/andrew/Projects/quant-research/data_store/option_greeks_2017/BFB.parquet: per_1.00_iv (per-unit share 1.00, per-point share 0.00, median dP/vega ratio 0.0101, theta/day share 1.00)
15:43:05 voltium.loaders vega convention for /Users/andrew/Projects/quant-research/data_store/option_greeks_2023/BG.parquet: per_1.00_iv (per-unit share 1.00, per-point share 0.00, median dP/vega ratio 0.0101, theta/day share 1.00)
15:43:05 voltium.loaders vega convention for /Users/andrew/Projects/quant-research/data_store/option_greeks_2017/BHF.parquet: per_1.00_iv (per-unit share 1.00, per-point share 0.00, median dP/vega ratio 0.0100, theta/day share 1.00)
15:43:05 voltium.loaders vega convention for /Users/andrew/Projects/quant-research/data_store/option_greeks_2017/BHI.parquet: per_1.00_iv (per-unit share 1.00, per-point share 0.00, median dP/vega ratio 0.0100, theta/day share 1.00)
15:43:06 voltium.loaders vega convention for /Users/andrew/Projects/quant-research/data_store/option_greeks_2017/BIIB.parquet: per_1.00_iv (per-unit share 1.00, per-point share 0.00, median dP/vega ratio 0.0100, theta/day share 1.00)
15:43:06 voltium.loaders vega convention for /Users/andrew/Projects/quant-research/data_store/option_greeks_2020/BIO.parquet: per_1.00_iv (per-unit share 1.00, per-point share 0.00, median dP/vega ratio 0.0100, theta/day share 1.00)
15:43:06 voltium.loaders vega convention for /Users/andrew/Projects/quant-research/data_store/option_greeks_2017/BK.parquet: per_1.00_iv (per-unit share 1.00, per-point share 0.00, median dP/vega ratio 0.0100, theta/day share 1.00)
15:43:07 voltium.loaders vega convention for /Users/andrew/Projects/quant-research/data_store/option_greeks_2018/BKNG.parquet: per_1.00_iv (per-unit share 1.00, per-point share 0.00, median dP/vega ratio 0.0101, theta/day share 1.00)
15:43:08 voltium.loaders vega convention for /Users/andrew/Projects/quant-research/data_store/option_greeks_2019/BKR.parquet: per_1.00_iv (per-unit share 1.00, per-point share 0.00, median dP/vega ratio 0.0100, theta/day share 1.00)
15:43:08 voltium.loaders vega convention for /Users/andrew/Projects/quant-research/data_store/option_greeks_2023/BLDR.parquet: per_1.00_iv (per-unit share 1.00, per-point share 0.00, median dP/vega ratio 0.0101, theta/day share 1.00)
15:43:08 voltium.loaders vega convention for /Users/andrew/Projects/quant-research/data_store/option_greeks_2017/BLK.parquet: per_1.00_iv (per-unit share 1.00, per-point share 0.00, median dP/vega ratio 0.0100, theta/day share 1.00)
15:43:09 voltium.loaders vega convention for /Users/andrew/Projects/quant-research/data_store/option_greeks_2019/BMS.parquet: per_1.00_iv (per-unit share 1.00, per-point share 0.00, median dP/vega ratio 0.0102, theta/day share 1.00)
15:43:09 voltium.loaders vega convention for /Users/andrew/Projects/quant-research/data_store/option_greeks_2017/BMY.parquet: per_1.00_iv (per-unit share 1.00, per-point share 0.00, median dP/vega ratio 0.0100, theta/day share 1.00)
15:43:09 voltium.loaders vega convention for /Users/andrew/Projects/quant-research/data_store/option_greeks_2018/BR.parquet: per_1.00_iv (per-unit share 1.00, per-point share 0.00, median dP/vega ratio 0.0100, theta/day share 1.00)
15:43:10 voltium.loaders vega convention for /Users/andrew/Projects/quant-research/data_store/option_greeks_2017/BRKB.parquet: per_1.00_iv (per-unit share 1.00, per-point share 0.00, median dP/vega ratio 0.0100, theta/day share 1.00)
15:43:10 voltium.loaders vega convention for /Users/andrew/Projects/quant-research/data_store/option_greeks_2021/BRO.parquet: per_1.00_iv (per-unit share 1.00, per-point share 0.00, median dP/vega ratio 0.0101, theta/day share 1.00)
15:43:10 voltium.loaders vega convention for /Users/andrew/Projects/quant-research/data_store/option_greeks_2017/BSX.parquet: per_1.00_iv (per-unit share 1.00, per-point share 0.00, median dP/vega ratio 0.0100, theta/day share 1.00)
15:43:11 voltium.loaders vega convention for /Users/andrew/Projects/quant-research/data_store/option_greeks_2017/BWA.parquet: per_1.00_iv (per-unit share 1.00, per-point share 0.00, median dP/vega ratio 0.0100, theta/day share 1.00)
15:43:11 voltium.loaders vega convention for /Users/andrew/Projects/quant-research/data_store/option_greeks_2023/BX.parquet: per_1.00_iv (per-unit share 1.00, per-point share 0.00, median dP/vega ratio 0.0100, theta/day share 1.00)
15:43:11 voltium.loaders vega convention for /Users/andrew/Projects/quant-research/data_store/option_greeks_2017/BXP.parquet: per_1.00_iv (per-unit share 1.00, per-point share 0.00, median dP/vega ratio 0.0100, theta/day share 1.00)
15:43:11 voltium.loaders vega convention for /Users/andrew/Projects/quant-research/data_store/option_greeks_2017/C.parquet: per_1.00_iv (per-unit share 1.00, per-point share 0.00, median dP/vega ratio 0.0100, theta/day share 1.00)
15:43:12 voltium.loaders vega convention for /Users/andrew/Projects/quant-research/data_store/option_greeks_2017/CA.parquet: per_1.00_iv (per-unit share 1.00, per-point share 0.00, median dP/vega ratio 0.0101, theta/day share 1.00)
15:43:12 voltium.providers.base materialize: 100/659 symbols
15:43:12 voltium.loaders vega convention for /Users/andrew/Projects/quant-research/data_store/option_greeks_2017/CAG.parquet: per_1.00_iv (per-unit share 1.00, per-point share 0.00, median dP/vega ratio 0.0100, theta/day share 1.00)
15:43:12 voltium.loaders vega convention for /Users/andrew/Projects/quant-research/data_store/option_greeks_2017/CAH.parquet: per_1.00_iv (per-unit share 1.00, per-point share 0.00, median dP/vega ratio 0.0100, theta/day share 1.00)
15:43:12 voltium.loaders vega convention for /Users/andrew/Projects/quant-research/data_store/option_greeks_2020/CARR.parquet: per_1.00_iv (per-unit share 1.00, per-point share 0.00, median dP/vega ratio 0.0101, theta/day share 1.00)
15:43:13 voltium.loaders vega convention for /Users/andrew/Projects/quant-research/data_store/option_greeks_2017/CAT.parquet: per_1.00_iv (per-unit share 1.00, per-point share 0.00, median dP/vega ratio 0.0100, theta/day share 1.00)
15:43:13 voltium.loaders vega convention for /Users/andrew/Projects/quant-research/data_store/option_greeks_2017/CB.parquet: per_1.00_iv (per-unit share 1.00, per-point share 0.00, median dP/vega ratio 0.0100, theta/day share 1.00)
15:43:13 voltium.loaders vega convention for /Users/andrew/Projects/quant-research/data_store/option_greeks_2017/CBOE.parquet: per_1.00_iv (per-unit share 1.00, per-point share 0.00, median dP/vega ratio 0.0100, theta/day share 1.00)
15:43:14 voltium.loaders vega convention for /Users/andrew/Projects/quant-research/data_store/option_greeks_2018/CBRE.parquet: per_1.00_iv (per-unit share 1.00, per-point share 0.00, median dP/vega ratio 0.0099, theta/day share 1.00)
15:43:14 voltium.loaders vega convention for /Users/andrew/Projects/quant-research/data_store/option_greeks_2017/CCI.parquet: per_1.00_iv (per-unit share 1.00, per-point share 0.00, median dP/vega ratio 0.0100, theta/day share 1.00)
15:43:14 voltium.loaders vega convention for /Users/andrew/Projects/quant-research/data_store/option_greeks_2017/CCL.parquet: per_1.00_iv (per-unit share 1.00, per-point share 0.00, median dP/vega ratio 0.0100, theta/day share 1.00)
15:43:15 voltium.loaders vega convention for /Users/andrew/Projects/quant-research/data_store/option_greeks_2021/CDAY.parquet: per_1.00_iv (per-unit share 1.00, per-point share 0.00, median dP/vega ratio 0.0100, theta/day share 1.00)
15:43:15 voltium.loaders vega convention for /Users/andrew/Projects/quant-research/data_store/option_greeks_2017/CDNS.parquet: per_1.00_iv (per-unit share 1.00, per-point share 0.00, median dP/vega ratio 0.0100, theta/day share 1.00)
15:43:15 voltium.loaders vega convention for /Users/andrew/Projects/quant-research/data_store/option_greeks_2019/CDW.parquet: per_1.00_iv (per-unit share 1.00, per-point share 0.00, median dP/vega ratio 0.0100, theta/day share 1.00)
15:43:16 voltium.loaders vega convention for /Users/andrew/Projects/quant-research/data_store/option_greeks_2018/CE.parquet: per_1.00_iv (per-unit share 1.00, per-point share 0.00, median dP/vega ratio 0.0101, theta/day share 1.00)
15:43:16 voltium.loaders vega convention for /Users/andrew/Projects/quant-research/data_store/option_greeks_2022/CEG.parquet: per_1.00_iv (per-unit share 1.00, per-point share 0.00, median dP/vega ratio 0.0101, theta/day share 1.00)
15:43:16 voltium.loaders vega convention for /Users/andrew/Projects/quant-research/data_store/option_greeks_2017/CELG.parquet: per_1.00_iv (per-unit share 1.00, per-point share 0.00, median dP/vega ratio 0.0100, theta/day share 1.00)
15:43:16 voltium.loaders vega convention for /Users/andrew/Projects/quant-research/data_store/option_greeks_2017/CERN.parquet: per_1.00_iv (per-unit share 1.00, per-point share 0.00, median dP/vega ratio 0.0100, theta/day share 1.00)
15:43:17 voltium.loaders vega convention for /Users/andrew/Projects/quant-research/data_store/option_greeks_2017/CF.parquet: per_1.00_iv (per-unit share 1.00, per-point share 0.00, median dP/vega ratio 0.0100, theta/day share 1.00)
15:43:17 voltium.loaders vega convention for /Users/andrew/Projects/quant-research/data_store/option_greeks_2017/CFG.parquet: per_1.00_iv (per-unit share 1.00, per-point share 0.00, median dP/vega ratio 0.0100, theta/day share 1.00)
15:43:17 voltium.loaders vega convention for /Users/andrew/Projects/quant-research/data_store/option_greeks_2017/CHD.parquet: per_1.00_iv (per-unit share 1.00, per-point share 0.00, median dP/vega ratio 0.0100, theta/day share 1.00)
15:43:18 voltium.loaders vega convention for /Users/andrew/Projects/quant-research/data_store/option_greeks_2017/CHK.parquet: per_1.00_iv (per-unit share 1.00, per-point share 0.00, median dP/vega ratio 0.0100, theta/day share 1.00)
15:43:18 voltium.loaders vega convention for /Users/andrew/Projects/quant-research/data_store/option_greeks_2017/CHRW.parquet: per_1.00_iv (per-unit share 1.00, per-point share 0.00, median dP/vega ratio 0.0100, theta/day share 1.00)
15:43:18 voltium.loaders vega convention for /Users/andrew/Projects/quant-research/data_store/option_greeks_2017/CHTR.parquet: per_1.00_iv (per-unit share 1.00, per-point share 0.00, median dP/vega ratio 0.0100, theta/day share 1.00)
15:43:19 voltium.loaders vega convention for /Users/andrew/Projects/quant-research/data_store/option_greeks_2017/CI.parquet: per_1.00_iv (per-unit share 1.00, per-point share 0.00, median dP/vega ratio 0.0100, theta/day share 1.00)
15:43:19 voltium.loaders vega convention for /Users/andrew/Projects/quant-research/data_store/option_greeks_2017/CINF.parquet: per_1.00_iv (per-unit share 1.00, per-point share 0.00, median dP/vega ratio 0.0100, theta/day share 1.00)
15:43:19 voltium.loaders vega convention for /Users/andrew/Projects/quant-research/data_store/option_greeks_2017/CL.parquet: per_1.00_iv (per-unit share 1.00, per-point share 0.00, median dP/vega ratio 0.0101, theta/day share 1.00)
15:43:20 voltium.loaders vega convention for /Users/andrew/Projects/quant-research/data_store/option_greeks_2017/CLX.parquet: per_1.00_iv (per-unit share 1.00, per-point share 0.00, median dP/vega ratio 0.0101, theta/day share 1.00)
15:43:20 voltium.loaders vega convention for /Users/andrew/Projects/quant-research/data_store/option_greeks_2017/CMA.parquet: per_1.00_iv (per-unit share 1.00, per-point share 0.00, median dP/vega ratio 0.0100, theta/day share 1.00)
15:43:20 voltium.loaders vega convention for /Users/andrew/Projects/quant-research/data_store/option_greeks_2017/CMCSA.parquet: per_1.00_iv (per-unit share 1.00, per-point share 0.00, median dP/vega ratio 0.0100, theta/day share 1.00)
15:43:21 voltium.loaders vega convention for /Users/andrew/Projects/quant-research/data_store/option_greeks_2017/CME.parquet: per_1.00_iv (per-unit share 1.00, per-point share 0.00, median dP/vega ratio 0.0100, theta/day share 1.00)
15:43:21 voltium.loaders vega convention for /Users/andrew/Projects/quant-research/data_store/option_greeks_2017/CMG.parquet: per_1.00_iv (per-unit share 1.00, per-point share 0.00, median dP/vega ratio 0.0100, theta/day share 1.00)
15:43:22 voltium.loaders vega convention for /Users/andrew/Projects/quant-research/data_store/option_greeks_2017/CMI.parquet: per_1.00_iv (per-unit share 1.00, per-point share 0.00, median dP/vega ratio 0.0100, theta/day share 1.00)
15:43:22 voltium.loaders vega convention for /Users/andrew/Projects/quant-research/data_store/option_greeks_2017/CMS.parquet: per_1.00_iv (per-unit share 1.00, per-point share 0.00, median dP/vega ratio 0.0102, theta/day share 1.00)
15:43:22 voltium.loaders vega convention for /Users/andrew/Projects/quant-research/data_store/option_greeks_2017/CNC.parquet: per_1.00_iv (per-unit share 1.00, per-point share 0.00, median dP/vega ratio 0.0100, theta/day share 1.00)
15:43:23 voltium.loaders vega convention for /Users/andrew/Projects/quant-research/data_store/option_greeks_2017/CNP.parquet: per_1.00_iv (per-unit share 1.00, per-point share 0.00, median dP/vega ratio 0.0101, theta/day share 1.00)
15:43:23 voltium.loaders vega convention for /Users/andrew/Projects/quant-research/data_store/option_greeks_2017/COF.parquet: per_1.00_iv (per-unit share 1.00, per-point share 0.00, median dP/vega ratio 0.0100, theta/day share 1.00)
15:43:24 voltium.loaders vega convention for /Users/andrew/Projects/quant-research/data_store/option_greeks/COIN.parquet: per_1.00_iv (per-unit share 1.00, per-point share 0.00, median dP/vega ratio 0.0100, theta/day share 1.00)
15:43:24 voltium.loaders vega convention for /Users/andrew/Projects/quant-research/data_store/option_greeks_2017/COL.parquet: per_1.00_iv (per-unit share 1.00, per-point share 0.00, median dP/vega ratio 0.0100, theta/day share 1.00)
15:43:24 voltium.loaders vega convention for /Users/andrew/Projects/quant-research/data_store/option_greeks_2017/COO.parquet: per_1.00_iv (per-unit share 1.00, per-point share 0.00, median dP/vega ratio 0.0100, theta/day share 1.00)
15:43:24 voltium.loaders vega convention for /Users/andrew/Projects/quant-research/data_store/option_greeks_2017/COP.parquet: per_1.00_iv (per-unit share 1.00, per-point share 0.00, median dP/vega ratio 0.0100, theta/day share 1.00)
15:43:24 voltium.loaders vega convention for /Users/andrew/Projects/quant-research/data_store/option_greeks_2017/COR.parquet: per_1.00_iv (per-unit share 1.00, per-point share 0.00, median dP/vega ratio 0.0100, theta/day share 1.00)
15:43:25 voltium.loaders vega convention for /Users/andrew/Projects/quant-research/data_store/option_greeks_2017/COST.parquet: per_1.00_iv (per-unit share 1.00, per-point share 0.00, median dP/vega ratio 0.0100, theta/day share 1.00)
15:43:25 voltium.loaders vega convention for /Users/andrew/Projects/quant-research/data_store/option_greeks_2017/COTY.parquet: per_1.00_iv (per-unit share 1.00, per-point share 0.00, median dP/vega ratio 0.0100, theta/day share 1.00)
15:43:26 voltium.loaders vega convention for /Users/andrew/Projects/quant-research/data_store/option_greeks_2024/CPAY.parquet: per_1.00_iv (per-unit share 1.00, per-point share 0.00, median dP/vega ratio 0.0100, theta/day share 1.00)
15:43:26 voltium.loaders vega convention for /Users/andrew/Projects/quant-research/data_store/option_greeks_2017/CPB.parquet: per_1.00_iv (per-unit share 1.00, per-point share 0.00, median dP/vega ratio 0.0100, theta/day share 1.00)
15:43:26 voltium.loaders vega convention for /Users/andrew/Projects/quant-research/data_store/option_greeks_2019/CPRI.parquet: per_1.00_iv (per-unit share 1.00, per-point share 0.00, median dP/vega ratio 0.0100, theta/day share 1.00)
15:43:26 voltium.loaders vega convention for /Users/andrew/Projects/quant-research/data_store/option_greeks_2018/CPRT.parquet: per_1.00_iv (per-unit share 1.00, per-point share 0.00, median dP/vega ratio 0.0100, theta/day share 1.00)
15:43:26 voltium.loaders vega convention for /Users/andrew/Projects/quant-research/data_store/option_greeks_2022/CPT.parquet: per_1.00_iv (per-unit share 1.00, per-point share 0.00, median dP/vega ratio 0.0099, theta/day share 1.00)
15:43:27 voltium.loaders vega convention for /Users/andrew/Projects/quant-research/data_store/option_greeks_2021/CRL.parquet: per_1.00_iv (per-unit share 1.00, per-point share 0.00, median dP/vega ratio 0.0100, theta/day share 1.00)
15:43:27 voltium.loaders vega convention for /Users/andrew/Projects/quant-research/data_store/option_greeks_2017/CRM.parquet: per_1.00_iv (per-unit share 1.00, per-point share 0.00, median dP/vega ratio 0.0100, theta/day share 1.00)
15:43:27 voltium.loaders vega convention for /Users/andrew/Projects/quant-research/data_store/option_greeks_2024/CRWD.parquet: per_1.00_iv (per-unit share 1.00, per-point share 0.00, median dP/vega ratio 0.0100, theta/day share 1.00)
15:43:27 voltium.loaders vega convention for /Users/andrew/Projects/quant-research/data_store/option_greeks_2017/CSCO.parquet: per_1.00_iv (per-unit share 1.00, per-point share 0.00, median dP/vega ratio 0.0101, theta/day share 1.00)
15:43:28 voltium.loaders vega convention for /Users/andrew/Projects/quant-research/data_store/option_greeks_2022/CSGP.parquet: per_1.00_iv (per-unit share 1.00, per-point share 0.00, median dP/vega ratio 0.0100, theta/day share 1.00)
15:43:28 voltium.loaders vega convention for /Users/andrew/Projects/quant-research/data_store/option_greeks_2017/CSRA.parquet: per_1.00_iv (per-unit share 1.00, per-point share 0.00, median dP/vega ratio 0.0101, theta/day share 1.00)
15:43:28 voltium.loaders vega convention for /Users/andrew/Projects/quant-research/data_store/option_greeks_2017/CSX.parquet: per_1.00_iv (per-unit share 1.00, per-point share 0.00, median dP/vega ratio 0.0100, theta/day share 1.00)
15:43:28 voltium.loaders vega convention for /Users/andrew/Projects/quant-research/data_store/option_greeks_2017/CTAS.parquet: per_1.00_iv (per-unit share 1.00, per-point share 0.00, median dP/vega ratio 0.0100, theta/day share 1.00)
15:43:29 voltium.loaders vega convention for /Users/andrew/Projects/quant-research/data_store/option_greeks_2020/CTLT.parquet: per_1.00_iv (per-unit share 1.00, per-point share 0.00, median dP/vega ratio 0.0100, theta/day share 1.00)
15:43:29 voltium.loaders vega convention for /Users/andrew/Projects/quant-research/data_store/option_greeks_2019/CTRA.parquet: per_1.00_iv (per-unit share 1.00, per-point share 0.00, median dP/vega ratio 0.0100, theta/day share 1.00)
15:43:29 voltium.loaders vega convention for /Users/andrew/Projects/quant-research/data_store/option_greeks_2017/CTSH.parquet: per_1.00_iv (per-unit share 1.00, per-point share 0.00, median dP/vega ratio 0.0100, theta/day share 1.00)
15:43:29 voltium.loaders vega convention for /Users/andrew/Projects/quant-research/data_store/option_greeks_2019/CTVA.parquet: per_1.00_iv (per-unit share 1.00, per-point share 0.00, median dP/vega ratio 0.0100, theta/day share 1.00)
15:43:29 voltium.loaders vega convention for /Users/andrew/Projects/quant-research/data_store/option_greeks_2017/CTXS.parquet: per_1.00_iv (per-unit share 1.00, per-point share 0.00, median dP/vega ratio 0.0100, theta/day share 1.00)
15:43:30 voltium.loaders vega convention for /Users/andrew/Projects/quant-research/data_store/option_greeks_2017/CVS.parquet: per_1.00_iv (per-unit share 1.00, per-point share 0.00, median dP/vega ratio 0.0100, theta/day share 1.00)
15:43:30 voltium.loaders vega convention for /Users/andrew/Projects/quant-research/data_store/option_greeks_2017/CVX.parquet: per_1.00_iv (per-unit share 1.00, per-point share 0.00, median dP/vega ratio 0.0100, theta/day share 1.00)
15:43:31 voltium.loaders vega convention for /Users/andrew/Projects/quant-research/data_store/option_greeks_2017/CXO.parquet: per_1.00_iv (per-unit share 1.00, per-point share 0.00, median dP/vega ratio 0.0100, theta/day share 1.00)
15:43:31 voltium.loaders vega convention for /Users/andrew/Projects/quant-research/data_store/option_greeks_2021/CZR.parquet: per_1.00_iv (per-unit share 1.00, per-point share 0.00, median dP/vega ratio 0.0100, theta/day share 1.00)
15:43:31 voltium.loaders vega convention for /Users/andrew/Projects/quant-research/data_store/option_greeks_2017/D.parquet: per_1.00_iv (per-unit share 1.00, per-point share 0.00, median dP/vega ratio 0.0100, theta/day share 1.00)
15:43:31 voltium.loaders vega convention for /Users/andrew/Projects/quant-research/data_store/option_greeks_2017/DAL.parquet: per_1.00_iv (per-unit share 1.00, per-point share 0.00, median dP/vega ratio 0.0100, theta/day share 1.00)
15:43:32 voltium.loaders vega convention for /Users/andrew/Projects/quant-research/data_store/option_greeks/DASH.parquet: per_1.00_iv (per-unit share 1.00, per-point share 0.00, median dP/vega ratio 0.0100, theta/day share 1.00)
15:43:32 voltium.loaders vega convention for /Users/andrew/Projects/quant-research/data_store/option_greeks_2024/DAY.parquet: per_1.00_iv (per-unit share 1.00, per-point share 0.00, median dP/vega ratio 0.0100, theta/day share 1.00)
15:43:32 voltium.loaders vega convention for /Users/andrew/Projects/quant-research/data_store/option_greeks_2017/DD.parquet: per_1.00_iv (per-unit share 1.00, per-point share 0.00, median dP/vega ratio 0.0100, theta/day share 1.00)
15:43:32 voltium.loaders vega convention for /Users/andrew/Projects/quant-research/data_store/option_greeks/DDOG.parquet: per_1.00_iv (per-unit share 1.00, per-point share 0.00, median dP/vega ratio 0.0100, theta/day share 1.00)
15:43:32 voltium.loaders vega convention for /Users/andrew/Projects/quant-research/data_store/option_greeks_2017/DE.parquet: per_1.00_iv (per-unit share 1.00, per-point share 0.00, median dP/vega ratio 0.0100, theta/day share 1.00)
15:43:33 voltium.loaders vega convention for /Users/andrew/Projects/quant-research/data_store/option_greeks_2024/DECK.parquet: per_1.00_iv (per-unit share 1.00, per-point share 0.00, median dP/vega ratio 0.0100, theta/day share 1.00)
15:43:33 voltium.loaders vega convention for /Users/andrew/Projects/quant-research/data_store/option_greeks_2024/DELL.parquet: per_1.00_iv (per-unit share 1.00, per-point share 0.00, median dP/vega ratio 0.0100, theta/day share 1.00)
15:43:33 voltium.loaders vega convention for /Users/andrew/Projects/quant-research/data_store/option_greeks_2017/DFS.parquet: per_1.00_iv (per-unit share 1.00, per-point share 0.00, median dP/vega ratio 0.0100, theta/day share 1.00)
15:43:33 voltium.loaders vega convention for /Users/andrew/Projects/quant-research/data_store/option_greeks_2017/DG.parquet: per_1.00_iv (per-unit share 1.00, per-point share 0.00, median dP/vega ratio 0.0100, theta/day share 1.00)
15:43:34 voltium.loaders vega convention for /Users/andrew/Projects/quant-research/data_store/option_greeks_2017/DGX.parquet: per_1.00_iv (per-unit share 1.00, per-point share 0.00, median dP/vega ratio 0.0101, theta/day share 1.00)
15:43:34 voltium.loaders vega convention for /Users/andrew/Projects/quant-research/data_store/option_greeks_2017/DHI.parquet: per_1.00_iv (per-unit share 1.00, per-point share 0.00, median dP/vega ratio 0.0100, theta/day share 1.00)
15:43:34 voltium.loaders vega convention for /Users/andrew/Projects/quant-research/data_store/option_greeks_2017/DHR.parquet: per_1.00_iv (per-unit share 1.00, per-point share 0.00, median dP/vega ratio 0.0100, theta/day share 1.00)
15:43:35 voltium.loaders vega convention for /Users/andrew/Projects/quant-research/data_store/option_greeks_2017/DIS.parquet: per_1.00_iv (per-unit share 1.00, per-point share 0.00, median dP/vega ratio 0.0100, theta/day share 1.00)
15:43:35 voltium.loaders vega convention for /Users/andrew/Projects/quant-research/data_store/option_greeks_2017/DISCA.parquet: per_1.00_iv (per-unit share 1.00, per-point share 0.00, median dP/vega ratio 0.0101, theta/day share 1.00)
15:43:35 voltium.loaders vega convention for /Users/andrew/Projects/quant-research/data_store/option_greeks_2017/DISCK.parquet: per_1.00_iv (per-unit share 1.00, per-point share 0.00, median dP/vega ratio 0.0101, theta/day share 1.00)
15:43:36 voltium.loaders vega convention for /Users/andrew/Projects/quant-research/data_store/option_greeks_2017/DISH.parquet: per_1.00_iv (per-unit share 1.00, per-point share 0.00, median dP/vega ratio 0.0100, theta/day share 1.00)
15:43:36 voltium.loaders vega convention for /Users/andrew/Projects/quant-research/data_store/option_greeks_2017/DLR.parquet: per_1.00_iv (per-unit share 1.00, per-point share 0.00, median dP/vega ratio 0.0100, theta/day share 1.00)
15:43:36 voltium.loaders vega convention for /Users/andrew/Projects/quant-research/data_store/option_greeks_2017/DLTR.parquet: per_1.00_iv (per-unit share 1.00, per-point share 0.00, median dP/vega ratio 0.0100, theta/day share 1.00)
15:43:37 voltium.loaders vega convention for /Users/andrew/Projects/quant-research/data_store/option_greeks_2017/DOC.parquet: per_1.00_iv (per-unit share 1.00, per-point share 0.00, median dP/vega ratio 0.0102, theta/day share 1.00)
15:43:37 voltium.loaders vega convention for /Users/andrew/Projects/quant-research/data_store/option_greeks_2017/DOV.parquet: per_1.00_iv (per-unit share 1.00, per-point share 0.00, median dP/vega ratio 0.0101, theta/day share 1.00)
15:43:37 voltium.loaders vega convention for /Users/andrew/Projects/quant-research/data_store/option_greeks_2017/DOW.parquet: per_1.00_iv (per-unit share 1.00, per-point share 0.00, median dP/vega ratio 0.0100, theta/day share 1.00)
15:43:37 voltium.loaders vega convention for /Users/andrew/Projects/quant-research/data_store/option_greeks_2017/DPS.parquet: per_1.00_iv (per-unit share 1.00, per-point share 0.00, median dP/vega ratio 0.0100, theta/day share 1.00)
15:43:37 voltium.loaders vega convention for /Users/andrew/Projects/quant-research/data_store/option_greeks_2020/DPZ.parquet: per_1.00_iv (per-unit share 1.00, per-point share 0.00, median dP/vega ratio 0.0100, theta/day share 1.00)
15:43:38 voltium.loaders vega convention for /Users/andrew/Projects/quant-research/data_store/option_greeks_2017/DRE.parquet: per_1.00_iv (per-unit share 1.00, per-point share 0.00, median dP/vega ratio 0.0100, theta/day share 1.00)
15:43:38 voltium.loaders vega convention for /Users/andrew/Projects/quant-research/data_store/option_greeks_2017/DRI.parquet: per_1.00_iv (per-unit share 1.00, per-point share 0.00, median dP/vega ratio 0.0101, theta/day share 1.00)
15:43:38 voltium.loaders vega convention for /Users/andrew/Projects/quant-research/data_store/option_greeks_2017/DTE.parquet: per_1.00_iv (per-unit share 1.00, per-point share 0.00, median dP/vega ratio 0.0101, theta/day share 1.00)
15:43:38 voltium.loaders vega convention for /Users/andrew/Projects/quant-research/data_store/option_greeks_2017/DUK.parquet: per_1.00_iv (per-unit share 1.00, per-point share 0.00, median dP/vega ratio 0.0101, theta/day share 1.00)
15:43:39 voltium.loaders vega convention for /Users/andrew/Projects/quant-research/data_store/option_greeks_2017/DVA.parquet: per_1.00_iv (per-unit share 1.00, per-point share 0.00, median dP/vega ratio 0.0100, theta/day share 1.00)
15:43:39 voltium.loaders vega convention for /Users/andrew/Projects/quant-research/data_store/option_greeks_2017/DVN.parquet: per_1.00_iv (per-unit share 1.00, per-point share 0.00, median dP/vega ratio 0.0100, theta/day share 1.00)
15:43:39 voltium.loaders vega convention for /Users/andrew/Projects/quant-research/data_store/option_greeks_2017/DWDP.parquet: per_1.00_iv (per-unit share 1.00, per-point share 0.00, median dP/vega ratio 0.0100, theta/day share 1.00)
15:43:39 voltium.loaders vega convention for /Users/andrew/Projects/quant-research/data_store/option_greeks_2017/DXC.parquet: per_1.00_iv (per-unit share 1.00, per-point share 0.00, median dP/vega ratio 0.0100, theta/day share 1.00)
15:43:40 voltium.loaders vega convention for /Users/andrew/Projects/quant-research/data_store/option_greeks_2020/DXCM.parquet: per_1.00_iv (per-unit share 1.00, per-point share 0.00, median dP/vega ratio 0.0100, theta/day share 1.00)
15:43:40 voltium.loaders vega convention for /Users/andrew/Projects/quant-research/data_store/option_greeks_2017/EA.parquet: per_1.00_iv (per-unit share 1.00, per-point share 0.00, median dP/vega ratio 0.0100, theta/day share 1.00)
15:43:40 voltium.loaders vega convention for /Users/andrew/Projects/quant-research/data_store/option_greeks_2017/EBAY.parquet: per_1.00_iv (per-unit share 1.00, per-point share 0.00, median dP/vega ratio 0.0100, theta/day share 1.00)
15:43:41 voltium.providers.base materialize: 200/659 symbols
15:43:41 voltium.loaders vega convention for /Users/andrew/Projects/quant-research/data_store/option_greeks_2017/ECL.parquet: per_1.00_iv (per-unit share 1.00, per-point share 0.00, median dP/vega ratio 0.0100, theta/day share 1.00)
15:43:41 voltium.loaders vega convention for /Users/andrew/Projects/quant-research/data_store/option_greeks_2017/ED.parquet: per_1.00_iv (per-unit share 1.00, per-point share 0.00, median dP/vega ratio 0.0101, theta/day share 1.00)
15:43:41 voltium.loaders vega convention for /Users/andrew/Projects/quant-research/data_store/option_greeks_2017/EFX.parquet: per_1.00_iv (per-unit share 1.00, per-point share 0.00, median dP/vega ratio 0.0100, theta/day share 1.00)
15:43:42 voltium.loaders vega convention for /Users/andrew/Projects/quant-research/data_store/option_greeks_2023/EG.parquet: per_1.00_iv (per-unit share 1.00, per-point share 0.00, median dP/vega ratio 0.0100, theta/day share 1.00)
15:43:42 voltium.loaders vega convention for /Users/andrew/Projects/quant-research/data_store/option_greeks_2017/EIX.parquet: per_1.00_iv (per-unit share 1.00, per-point share 0.00, median dP/vega ratio 0.0100, theta/day share 1.00)
15:43:42 voltium.loaders vega convention for /Users/andrew/Projects/quant-research/data_store/option_greeks_2017/EL.parquet: per_1.00_iv (per-unit share 1.00, per-point share 0.00, median dP/vega ratio 0.0100, theta/day share 1.00)
15:43:43 voltium.loaders vega convention for /Users/andrew/Projects/quant-research/data_store/option_greeks_2022/ELV.parquet: per_1.00_iv (per-unit share 1.00, per-point share 0.00, median dP/vega ratio 0.0100, theta/day share 1.00)
15:43:43 voltium.loaders vega convention for /Users/andrew/Projects/quant-research/data_store/option_greeks/EME.parquet: per_1.00_iv (per-unit share 1.00, per-point share 0.00, median dP/vega ratio 0.0100, theta/day share 1.00)
15:43:43 voltium.loaders vega convention for /Users/andrew/Projects/quant-research/data_store/option_greeks_2017/EMN.parquet: per_1.00_iv (per-unit share 1.00, per-point share 0.00, median dP/vega ratio 0.0100, theta/day share 1.00)
15:43:43 voltium.loaders vega convention for /Users/andrew/Projects/quant-research/data_store/option_greeks_2017/EMR.parquet: per_1.00_iv (per-unit share 1.00, per-point share 0.00, median dP/vega ratio 0.0100, theta/day share 1.00)
15:43:44 voltium.loaders vega convention for /Users/andrew/Projects/quant-research/data_store/option_greeks_2021/ENPH.parquet: per_1.00_iv (per-unit share 1.00, per-point share 0.00, median dP/vega ratio 0.0100, theta/day share 1.00)
15:43:44 voltium.loaders vega convention for /Users/andrew/Projects/quant-research/data_store/option_greeks_2017/EOG.parquet: per_1.00_iv (per-unit share 1.00, per-point share 0.00, median dP/vega ratio 0.0100, theta/day share 1.00)
15:43:45 voltium.loaders vega convention for /Users/andrew/Projects/quant-research/data_store/option_greeks_2021/EPAM.parquet: per_1.00_iv (per-unit share 1.00, per-point share 0.00, median dP/vega ratio 0.0100, theta/day share 1.00)
15:43:45 voltium.loaders vega convention for /Users/andrew/Projects/quant-research/data_store/option_greeks_2017/EQIX.parquet: per_1.00_iv (per-unit share 1.00, per-point share 0.00, median dP/vega ratio 0.0100, theta/day share 1.00)
15:43:46 voltium.loaders vega convention for /Users/andrew/Projects/quant-research/data_store/option_greeks_2017/EQT.parquet: per_1.00_iv (per-unit share 1.00, per-point share 0.00, median dP/vega ratio 0.0100, theta/day share 1.00)
15:43:46 voltium.loaders vega convention for /Users/andrew/Projects/quant-research/data_store/option_greeks_2024/ERIE.parquet: per_1.00_iv (per-unit share 1.00, per-point share 0.00, median dP/vega ratio 0.0100, theta/day share 1.00)
15:43:46 voltium.loaders vega convention for /Users/andrew/Projects/quant-research/data_store/option_greeks_2017/ES.parquet: per_1.00_iv (per-unit share 1.00, per-point share 0.00, median dP/vega ratio 0.0100, theta/day share 1.00)
15:43:46 voltium.loaders vega convention for /Users/andrew/Projects/quant-research/data_store/option_greeks_2017/ESRX.parquet: per_1.00_iv (per-unit share 1.00, per-point share 0.00, median dP/vega ratio 0.0100, theta/day share 1.00)
15:43:46 voltium.loaders vega convention for /Users/andrew/Projects/quant-research/data_store/option_greeks_2017/ESS.parquet: per_1.00_iv (per-unit share 1.00, per-point share 0.00, median dP/vega ratio 0.0100, theta/day share 1.00)
15:43:47 voltium.loaders vega convention for /Users/andrew/Projects/quant-research/data_store/option_greeks_2017/ETFC.parquet: per_1.00_iv (per-unit share 1.00, per-point share 0.00, median dP/vega ratio 0.0100, theta/day share 1.00)
15:43:47 voltium.loaders vega convention for /Users/andrew/Projects/quant-research/data_store/option_greeks_2017/ETN.parquet: per_1.00_iv (per-unit share 1.00, per-point share 0.00, median dP/vega ratio 0.0100, theta/day share 1.00)
15:43:47 voltium.loaders vega convention for /Users/andrew/Projects/quant-research/data_store/option_greeks_2017/ETR.parquet: per_1.00_iv (per-unit share 1.00, per-point share 0.00, median dP/vega ratio 0.0101, theta/day share 1.00)
15:43:48 voltium.loaders vega convention for /Users/andrew/Projects/quant-research/data_store/option_greeks_2020/ETSY.parquet: per_1.00_iv (per-unit share 1.00, per-point share 0.00, median dP/vega ratio 0.0100, theta/day share 1.00)
15:43:48 voltium.loaders vega convention for /Users/andrew/Projects/quant-research/data_store/option_greeks_2017/EVHC.parquet: per_1.00_iv (per-unit share 1.00, per-point share 0.00, median dP/vega ratio 0.0100, theta/day share 1.00)
15:43:48 voltium.loaders vega convention for /Users/andrew/Projects/quant-research/data_store/option_greeks_2018/EVRG.parquet: per_1.00_iv (per-unit share 1.00, per-point share 0.00, median dP/vega ratio 0.0100, theta/day share 1.00)
15:43:48 voltium.loaders vega convention for /Users/andrew/Projects/quant-research/data_store/option_greeks_2017/EW.parquet: per_1.00_iv (per-unit share 1.00, per-point share 0.00, median dP/vega ratio 0.0100, theta/day share 1.00)
15:43:48 voltium.loaders vega convention for /Users/andrew/Projects/quant-research/data_store/option_greeks_2017/EXC.parquet: per_1.00_iv (per-unit share 1.00, per-point share 0.00, median dP/vega ratio 0.0101, theta/day share 1.00)
15:43:49 voltium.loaders vega convention for /Users/andrew/Projects/quant-research/data_store/option_greeks/EXE.parquet: per_1.00_iv (per-unit share 1.00, per-point share 0.00, median dP/vega ratio 0.0101, theta/day share 1.00)
15:43:49 voltium.loaders vega convention for /Users/andrew/Projects/quant-research/data_store/option_greeks_2017/EXPD.parquet: per_1.00_iv (per-unit share 1.00, per-point share 0.00, median dP/vega ratio 0.0100, theta/day share 1.00)
15:43:49 voltium.loaders vega convention for /Users/andrew/Projects/quant-research/data_store/option_greeks_2017/EXPE.parquet: per_1.00_iv (per-unit share 1.00, per-point share 0.00, median dP/vega ratio 0.0100, theta/day share 1.00)
15:43:50 voltium.loaders vega convention for /Users/andrew/Projects/quant-research/data_store/option_greeks_2017/EXR.parquet: per_1.00_iv (per-unit share 1.00, per-point share 0.00, median dP/vega ratio 0.0101, theta/day share 1.00)
15:43:50 voltium.loaders vega convention for /Users/andrew/Projects/quant-research/data_store/option_greeks_2017/F.parquet: per_1.00_iv (per-unit share 1.00, per-point share 0.00, median dP/vega ratio 0.0101, theta/day share 1.00)
15:43:50 voltium.loaders vega convention for /Users/andrew/Projects/quant-research/data_store/option_greeks_2018/FANG.parquet: per_1.00_iv (per-unit share 1.00, per-point share 0.00, median dP/vega ratio 0.0100, theta/day share 1.00)
15:43:50 voltium.loaders vega convention for /Users/andrew/Projects/quant-research/data_store/option_greeks_2017/FAST.parquet: per_1.00_iv (per-unit share 1.00, per-point share 0.00, median dP/vega ratio 0.0100, theta/day share 1.00)
15:43:51 voltium.loaders vega convention for /Users/andrew/Projects/quant-research/data_store/option_greeks_2017/FBHS.parquet: per_1.00_iv (per-unit share 1.00, per-point share 0.00, median dP/vega ratio 0.0100, theta/day share 1.00)
15:43:51 voltium.loaders vega convention for /Users/andrew/Projects/quant-research/data_store/option_greeks_2017/FCX.parquet: per_1.00_iv (per-unit share 1.00, per-point share 0.00, median dP/vega ratio 0.0100, theta/day share 1.00)
15:43:51 voltium.loaders vega convention for /Users/andrew/Projects/quant-research/data_store/option_greeks_2021/FDS.parquet: per_1.00_iv (per-unit share 1.00, per-point share 0.00, median dP/vega ratio 0.0100, theta/day share 1.00)
15:43:52 voltium.loaders vega convention for /Users/andrew/Projects/quant-research/data_store/option_greeks_2017/FDX.parquet: per_1.00_iv (per-unit share 1.00, per-point share 0.00, median dP/vega ratio 0.0100, theta/day share 1.00)
15:43:52 voltium.loaders vega convention for /Users/andrew/Projects/quant-research/data_store/option_greeks_2017/FE.parquet: per_1.00_iv (per-unit share 1.00, per-point share 0.00, median dP/vega ratio 0.0101, theta/day share 1.00)
15:43:52 voltium.loaders vega convention for /Users/andrew/Projects/quant-research/data_store/option_greeks_2017/FFIV.parquet: per_1.00_iv (per-unit share 1.00, per-point share 0.00, median dP/vega ratio 0.0100, theta/day share 1.00)
15:43:53 voltium.loaders vega convention for /Users/andrew/Projects/quant-research/data_store/option_greeks_2023/FICO.parquet: per_1.00_iv (per-unit share 1.00, per-point share 0.00, median dP/vega ratio 0.0101, theta/day share 1.00)
15:43:53 voltium.loaders vega convention for /Users/andrew/Projects/quant-research/data_store/option_greeks_2017/FIS.parquet: per_1.00_iv (per-unit share 1.00, per-point share 0.00, median dP/vega ratio 0.0101, theta/day share 1.00)
15:43:53 voltium.loaders vega convention for /Users/andrew/Projects/quant-research/data_store/option_greeks_2017/FISV.parquet: per_1.00_iv (per-unit share 1.00, per-point share 0.00, median dP/vega ratio 0.0100, theta/day share 1.00)
15:43:53 voltium.loaders vega convention for /Users/andrew/Projects/quant-research/data_store/option_greeks_2017/FITB.parquet: per_1.00_iv (per-unit share 1.00, per-point share 0.00, median dP/vega ratio 0.0100, theta/day share 1.00)
15:43:54 voltium.loaders vega convention for /Users/andrew/Projects/quant-research/data_store/option_greeks_2017/FL.parquet: per_1.00_iv (per-unit share 1.00, per-point share 0.00, median dP/vega ratio 0.0100, theta/day share 1.00)
15:43:54 voltium.loaders vega convention for /Users/andrew/Projects/quant-research/data_store/option_greeks_2017/FLIR.parquet: per_1.00_iv (per-unit share 1.00, per-point share 0.00, median dP/vega ratio 0.0100, theta/day share 1.00)
15:43:54 voltium.loaders vega convention for /Users/andrew/Projects/quant-research/data_store/option_greeks_2017/FLR.parquet: per_1.00_iv (per-unit share 1.00, per-point share 0.00, median dP/vega ratio 0.0100, theta/day share 1.00)
15:43:54 voltium.loaders vega convention for /Users/andrew/Projects/quant-research/data_store/option_greeks_2017/FLS.parquet: per_1.00_iv (per-unit share 1.00, per-point share 0.00, median dP/vega ratio 0.0100, theta/day share 1.00)
15:43:54 voltium.loaders vega convention for /Users/andrew/Projects/quant-research/data_store/option_greeks_2018/FLT.parquet: per_1.00_iv (per-unit share 1.00, per-point share 0.00, median dP/vega ratio 0.0099, theta/day share 1.00)
15:43:54 voltium.loaders vega convention for /Users/andrew/Projects/quant-research/data_store/option_greeks_2017/FMC.parquet: per_1.00_iv (per-unit share 1.00, per-point share 0.00, median dP/vega ratio 0.0100, theta/day share 1.00)
15:43:55 voltium.loaders vega convention for /Users/andrew/Projects/quant-research/data_store/option_greeks_2017/FOX.parquet: per_1.00_iv (per-unit share 1.00, per-point share 0.00, median dP/vega ratio 0.0101, theta/day share 1.00)
15:43:55 voltium.loaders vega convention for /Users/andrew/Projects/quant-research/data_store/option_greeks_2017/FOXA.parquet: per_1.00_iv (per-unit share 1.00, per-point share 0.00, median dP/vega ratio 0.0100, theta/day share 1.00)
15:43:55 voltium.loaders vega convention for /Users/andrew/Projects/quant-research/data_store/option_greeks_2019/FRC.parquet: per_1.00_iv (per-unit share 1.00, per-point share 0.00, median dP/vega ratio 0.0100, theta/day share 1.00)
15:43:55 voltium.loaders vega convention for /Users/andrew/Projects/quant-research/data_store/option_greeks_2017/FRT.parquet: per_1.00_iv (per-unit share 1.00, per-point share 0.00, median dP/vega ratio 0.0100, theta/day share 1.00)
15:43:56 voltium.loaders vega convention for /Users/andrew/Projects/quant-research/data_store/option_greeks_2017/FSLR.parquet: per_1.00_iv (per-unit share 1.00, per-point share 0.00, median dP/vega ratio 0.0100, theta/day share 1.00)
15:43:56 voltium.loaders vega convention for /Users/andrew/Projects/quant-research/data_store/option_greeks_2017/FTI.parquet: per_1.00_iv (per-unit share 1.00, per-point share 0.00, median dP/vega ratio 0.0100, theta/day share 1.00)
15:43:56 voltium.loaders vega convention for /Users/andrew/Projects/quant-research/data_store/option_greeks_2018/FTNT.parquet: per_1.00_iv (per-unit share 1.00, per-point share 0.00, median dP/vega ratio 0.0100, theta/day share 1.00)
15:43:56 voltium.loaders vega convention for /Users/andrew/Projects/quant-research/data_store/option_greeks_2017/FTV.parquet: per_1.00_iv (per-unit share 1.00, per-point share 0.00, median dP/vega ratio 0.0100, theta/day share 1.00)
15:43:57 voltium.loaders vega convention for /Users/andrew/Projects/quant-research/data_store/option_greeks_2017/GD.parquet: per_1.00_iv (per-unit share 1.00, per-point share 0.00, median dP/vega ratio 0.0100, theta/day share 1.00)
15:43:57 voltium.loaders vega convention for /Users/andrew/Projects/quant-research/data_store/option_greeks_2024/GDDY.parquet: per_1.00_iv (per-unit share 1.00, per-point share 0.00, median dP/vega ratio 0.0100, theta/day share 1.00)
15:43:57 voltium.loaders vega convention for /Users/andrew/Projects/quant-research/data_store/option_greeks_2017/GE.parquet: per_1.00_iv (per-unit share 1.00, per-point share 0.00, median dP/vega ratio 0.0101, theta/day share 1.00)
15:43:58 voltium.loaders vega convention for /Users/andrew/Projects/quant-research/data_store/option_greeks_2023/GEHC.parquet: per_1.00_iv (per-unit share 1.00, per-point share 0.00, median dP/vega ratio 0.0100, theta/day share 1.00)
15:43:58 voltium.loaders vega convention for /Users/andrew/Projects/quant-research/data_store/option_greeks_2017/GEN.parquet: per_1.00_iv (per-unit share 1.00, per-point share 0.00, median dP/vega ratio 0.0101, theta/day share 1.00)
15:43:58 voltium.loaders vega convention for /Users/andrew/Projects/quant-research/data_store/option_greeks_2024/GEV.parquet: per_1.00_iv (per-unit share 1.00, per-point share 0.00, median dP/vega ratio 0.0100, theta/day share 1.00)
15:43:58 voltium.loaders vega convention for /Users/andrew/Projects/quant-research/data_store/option_greeks_2017/GGP.parquet: per_1.00_iv (per-unit share 1.00, per-point share 0.00, median dP/vega ratio 0.0100, theta/day share 1.00)
15:43:58 voltium.loaders vega convention for /Users/andrew/Projects/quant-research/data_store/option_greeks_2017/GILD.parquet: per_1.00_iv (per-unit share 1.00, per-point share 0.00, median dP/vega ratio 0.0100, theta/day share 1.00)
15:43:58 voltium.loaders vega convention for /Users/andrew/Projects/quant-research/data_store/option_greeks_2017/GIS.parquet: per_1.00_iv (per-unit share 1.00, per-point share 0.00, median dP/vega ratio 0.0101, theta/day share 1.00)
15:43:59 voltium.loaders vega convention for /Users/andrew/Projects/quant-research/data_store/option_greeks_2019/GL.parquet: per_1.00_iv (per-unit share 1.00, per-point share 0.00, median dP/vega ratio 0.0100, theta/day share 1.00)
15:43:59 voltium.loaders vega convention for /Users/andrew/Projects/quant-research/data_store/option_greeks_2017/GLW.parquet: per_1.00_iv (per-unit share 1.00, per-point share 0.00, median dP/vega ratio 0.0100, theta/day share 1.00)
15:43:59 voltium.loaders vega convention for /Users/andrew/Projects/quant-research/data_store/option_greeks_2017/GM.parquet: per_1.00_iv (per-unit share 1.00, per-point share 0.00, median dP/vega ratio 0.0100, theta/day share 1.00)
15:44:00 voltium.loaders vega convention for /Users/andrew/Projects/quant-research/data_store/option_greeks_2021/GNRC.parquet: per_1.00_iv (per-unit share 1.00, per-point share 0.00, median dP/vega ratio 0.0100, theta/day share 1.00)
15:44:00 voltium.loaders vega convention for /Users/andrew/Projects/quant-research/data_store/option_greeks_2017/GOOG.parquet: per_1.00_iv (per-unit share 1.00, per-point share 0.00, median dP/vega ratio 0.0100, theta/day share 1.00)
15:44:01 voltium.loaders vega convention for /Users/andrew/Projects/quant-research/data_store/option_greeks_2017/GOOGL.parquet: per_1.00_iv (per-unit share 1.00, per-point share 0.00, median dP/vega ratio 0.0100, theta/day share 1.00)
15:44:02 voltium.loaders vega convention for /Users/andrew/Projects/quant-research/data_store/option_greeks_2017/GPC.parquet: per_1.00_iv (per-unit share 1.00, per-point share 0.00, median dP/vega ratio 0.0100, theta/day share 1.00)
15:44:02 voltium.loaders vega convention for /Users/andrew/Projects/quant-research/data_store/option_greeks_2017/GPN.parquet: per_1.00_iv (per-unit share 1.00, per-point share 0.00, median dP/vega ratio 0.0100, theta/day share 1.00)
15:44:03 voltium.loaders vega convention for /Users/andrew/Projects/quant-research/data_store/option_greeks_2017/GPS.parquet: per_1.00_iv (per-unit share 1.00, per-point share 0.00, median dP/vega ratio 0.0100, theta/day share 1.00)
15:44:03 voltium.loaders vega convention for /Users/andrew/Projects/quant-research/data_store/option_greeks_2017/GRMN.parquet: per_1.00_iv (per-unit share 1.00, per-point share 0.00, median dP/vega ratio 0.0100, theta/day share 1.00)
15:44:03 voltium.loaders vega convention for /Users/andrew/Projects/quant-research/data_store/option_greeks_2017/GS.parquet: per_1.00_iv (per-unit share 1.00, per-point share 0.00, median dP/vega ratio 0.0100, theta/day share 1.00)
15:44:04 voltium.loaders vega convention for /Users/andrew/Projects/quant-research/data_store/option_greeks_2017/GT.parquet: per_1.00_iv (per-unit share 1.00, per-point share 0.00, median dP/vega ratio 0.0100, theta/day share 1.00)
15:44:04 voltium.loaders vega convention for /Users/andrew/Projects/quant-research/data_store/option_greeks_2017/GWW.parquet: per_1.00_iv (per-unit share 1.00, per-point share 0.00, median dP/vega ratio 0.0100, theta/day share 1.00)
15:44:04 voltium.loaders vega convention for /Users/andrew/Projects/quant-research/data_store/option_greeks_2017/HAL.parquet: per_1.00_iv (per-unit share 1.00, per-point share 0.00, median dP/vega ratio 0.0100, theta/day share 1.00)
15:44:05 voltium.loaders vega convention for /Users/andrew/Projects/quant-research/data_store/option_greeks_2017/HAS.parquet: per_1.00_iv (per-unit share 1.00, per-point share 0.00, median dP/vega ratio 0.0100, theta/day share 1.00)
15:44:05 voltium.loaders vega convention for /Users/andrew/Projects/quant-research/data_store/option_greeks_2017/HBAN.parquet: per_1.00_iv (per-unit share 1.00, per-point share 0.00, median dP/vega ratio 0.0101, theta/day share 1.00)
15:44:05 voltium.loaders vega convention for /Users/andrew/Projects/quant-research/data_store/option_greeks_2017/HBI.parquet: per_1.00_iv (per-unit share 1.00, per-point share 0.00, median dP/vega ratio 0.0100, theta/day share 1.00)
15:44:06 voltium.loaders vega convention for /Users/andrew/Projects/quant-research/data_store/option_greeks_2017/HCA.parquet: per_1.00_iv (per-unit share 1.00, per-point share 0.00, median dP/vega ratio 0.0100, theta/day share 1.00)
15:44:06 voltium.loaders vega convention for /Users/andrew/Projects/quant-research/data_store/option_greeks_2017/HD.parquet: per_1.00_iv (per-unit share 1.00, per-point share 0.00, median dP/vega ratio 0.0100, theta/day share 1.00)
15:44:07 voltium.loaders vega convention for /Users/andrew/Projects/quant-research/data_store/option_greeks_2017/HES.parquet: per_1.00_iv (per-unit share 1.00, per-point share 0.00, median dP/vega ratio 0.0100, theta/day share 1.00)
15:44:07 voltium.loaders vega convention for /Users/andrew/Projects/quant-research/data_store/option_greeks_2018/HFC.parquet: per_1.00_iv (per-unit share 1.00, per-point share 0.00, median dP/vega ratio 0.0100, theta/day share 1.00)
15:44:07 voltium.loaders vega convention for /Users/andrew/Projects/quant-research/data_store/option_greeks_2017/HIG.parquet: per_1.00_iv (per-unit share 1.00, per-point share 0.00, median dP/vega ratio 0.0100, theta/day share 1.00)
15:44:08 voltium.loaders vega convention for /Users/andrew/Projects/quant-research/data_store/option_greeks_2018/HII.parquet: per_1.00_iv (per-unit share 1.00, per-point share 0.00, median dP/vega ratio 0.0100, theta/day share 1.00)
15:44:08 voltium.loaders vega convention for /Users/andrew/Projects/quant-research/data_store/option_greeks_2017/HLT.parquet: per_1.00_iv (per-unit share 1.00, per-point share 0.00, median dP/vega ratio 0.0101, theta/day share 1.00)
15:44:08 voltium.loaders vega convention for /Users/andrew/Projects/quant-research/data_store/option_greeks_2017/HOG.parquet: per_1.00_iv (per-unit share 1.00, per-point share 0.00, median dP/vega ratio 0.0100, theta/day share 1.00)
15:44:08 voltium.loaders vega convention for /Users/andrew/Projects/quant-research/data_store/option_greeks_2017/HOLX.parquet: per_1.00_iv (per-unit share 1.00, per-point share 0.00, median dP/vega ratio 0.0100, theta/day share 1.00)
15:44:09 voltium.loaders vega convention for /Users/andrew/Projects/quant-research/data_store/option_greeks_2017/HON.parquet: per_1.00_iv (per-unit share 1.00, per-point share 0.00, median dP/vega ratio 0.0100, theta/day share 1.00)
15:44:09 voltium.loaders vega convention for /Users/andrew/Projects/quant-research/data_store/option_greeks/HOOD.parquet: per_1.00_iv (per-unit share 1.00, per-point share 0.00, median dP/vega ratio 0.0100, theta/day share 1.00)
15:44:09 voltium.loaders vega convention for /Users/andrew/Projects/quant-research/data_store/option_greeks_2017/HP.parquet: per_1.00_iv (per-unit share 1.00, per-point share 0.00, median dP/vega ratio 0.0100, theta/day share 1.00)
15:44:09 voltium.loaders vega convention for /Users/andrew/Projects/quant-research/data_store/option_greeks_2017/HPE.parquet: per_1.00_iv (per-unit share 1.00, per-point share 0.00, median dP/vega ratio 0.0100, theta/day share 1.00)
15:44:10 voltium.loaders vega convention for /Users/andrew/Projects/quant-research/data_store/option_greeks_2017/HPQ.parquet: per_1.00_iv (per-unit share 1.00, per-point share 0.00, median dP/vega ratio 0.0100, theta/day share 1.00)
15:44:10 voltium.loaders vega convention for /Users/andrew/Projects/quant-research/data_store/option_greeks_2017/HRB.parquet: per_1.00_iv (per-unit share 1.00, per-point share 0.00, median dP/vega ratio 0.0101, theta/day share 1.00)
15:44:10 voltium.loaders vega convention for /Users/andrew/Projects/quant-research/data_store/option_greeks_2017/HRL.parquet: per_1.00_iv (per-unit share 1.00, per-point share 0.00, median dP/vega ratio 0.0100, theta/day share 1.00)
15:44:10 voltium.providers.base materialize: 300/659 symbols
15:44:10 voltium.loaders vega convention for /Users/andrew/Projects/quant-research/data_store/option_greeks_2017/HSIC.parquet: per_1.00_iv (per-unit share 1.00, per-point share 0.00, median dP/vega ratio 0.0100, theta/day share 1.00)
15:44:11 voltium.loaders vega convention for /Users/andrew/Projects/quant-research/data_store/option_greeks_2017/HST.parquet: per_1.00_iv (per-unit share 1.00, per-point share 0.00, median dP/vega ratio 0.0101, theta/day share 1.00)
15:44:11 voltium.loaders vega convention for /Users/andrew/Projects/quant-research/data_store/option_greeks_2017/HSY.parquet: per_1.00_iv (per-unit share 1.00, per-point share 0.00, median dP/vega ratio 0.0100, theta/day share 1.00)
15:44:11 voltium.loaders vega convention for /Users/andrew/Projects/quant-research/data_store/option_greeks_2023/HUBB.parquet: per_1.00_iv (per-unit share 1.00, per-point share 0.00, median dP/vega ratio 0.0101, theta/day share 1.00)
15:44:12 voltium.loaders vega convention for /Users/andrew/Projects/quant-research/data_store/option_greeks_2017/HUM.parquet: per_1.00_iv (per-unit share 1.00, per-point share 0.00, median dP/vega ratio 0.0100, theta/day share 1.00)
15:44:12 voltium.loaders vega convention for /Users/andrew/Projects/quant-research/data_store/option_greeks_2020/HWM.parquet: per_1.00_iv (per-unit share 1.00, per-point share 0.00, median dP/vega ratio 0.0100, theta/day share 1.00)
15:44:12 voltium.loaders vega convention for /Users/andrew/Projects/quant-research/data_store/option_greeks/IBKR.parquet: per_1.00_iv (per-unit share 1.00, per-point share 0.00, median dP/vega ratio 0.0101, theta/day share 1.00)
15:44:12 voltium.loaders vega convention for /Users/andrew/Projects/quant-research/data_store/option_greeks_2017/IBM.parquet: per_1.00_iv (per-unit share 1.00, per-point share 0.00, median dP/vega ratio 0.0101, theta/day share 1.00)
15:44:13 voltium.loaders vega convention for /Users/andrew/Projects/quant-research/data_store/option_greeks_2017/ICE.parquet: per_1.00_iv (per-unit share 1.00, per-point share 0.00, median dP/vega ratio 0.0100, theta/day share 1.00)
15:44:13 voltium.loaders vega convention for /Users/andrew/Projects/quant-research/data_store/option_greeks_2017/IDXX.parquet: per_1.00_iv (per-unit share 1.00, per-point share 0.00, median dP/vega ratio 0.0100, theta/day share 1.00)
15:44:13 voltium.loaders vega convention for /Users/andrew/Projects/quant-research/data_store/option_greeks_2019/IEX.parquet: per_1.00_iv (per-unit share 1.00, per-point share 0.00, median dP/vega ratio 0.0100, theta/day share 1.00)
15:44:14 voltium.loaders vega convention for /Users/andrew/Projects/quant-research/data_store/option_greeks_2017/IFF.parquet: per_1.00_iv (per-unit share 1.00, per-point share 0.00, median dP/vega ratio 0.0100, theta/day share 1.00)
15:44:14 voltium.loaders vega convention for /Users/andrew/Projects/quant-research/data_store/option_greeks_2017/ILMN.parquet: per_1.00_iv (per-unit share 1.00, per-point share 0.00, median dP/vega ratio 0.0100, theta/day share 1.00)
15:44:14 voltium.loaders vega convention for /Users/andrew/Projects/quant-research/data_store/option_greeks_2017/INCY.parquet: per_1.00_iv (per-unit share 1.00, per-point share 0.00, median dP/vega ratio 0.0100, theta/day share 1.00)
15:44:15 voltium.loaders vega convention for /Users/andrew/Projects/quant-research/data_store/option_greeks_2017/INFO.parquet: per_1.00_iv (per-unit share 1.00, per-point share 0.00, median dP/vega ratio 0.0101, theta/day share 1.00)
15:44:15 voltium.loaders vega convention for /Users/andrew/Projects/quant-research/data_store/option_greeks_2017/INTC.parquet: per_1.00_iv (per-unit share 1.00, per-point share 0.00, median dP/vega ratio 0.0100, theta/day share 1.00)
15:44:15 voltium.loaders vega convention for /Users/andrew/Projects/quant-research/data_store/option_greeks_2017/INTU.parquet: per_1.00_iv (per-unit share 1.00, per-point share 0.00, median dP/vega ratio 0.0100, theta/day share 1.00)
15:44:16 voltium.loaders vega convention for /Users/andrew/Projects/quant-research/data_store/option_greeks_2022/INVH.parquet: per_1.00_iv (per-unit share 1.00, per-point share 0.00, median dP/vega ratio 0.0100, theta/day share 1.00)
15:44:16 voltium.loaders vega convention for /Users/andrew/Projects/quant-research/data_store/option_greeks_2017/IP.parquet: per_1.00_iv (per-unit share 1.00, per-point share 0.00, median dP/vega ratio 0.0100, theta/day share 1.00)
15:44:16 voltium.loaders vega convention for /Users/andrew/Projects/quant-research/data_store/option_greeks_2017/IPG.parquet: per_1.00_iv (per-unit share 1.00, per-point share 0.00, median dP/vega ratio 0.0101, theta/day share 1.00)
15:44:16 voltium.loaders vega convention for /Users/andrew/Projects/quant-research/data_store/option_greeks_2018/IPGP.parquet: per_1.00_iv (per-unit share 1.00, per-point share 0.00, median dP/vega ratio 0.0100, theta/day share 1.00)
15:44:17 voltium.loaders vega convention for /Users/andrew/Projects/quant-research/data_store/option_greeks_2017/IQV.parquet: per_1.00_iv (per-unit share 1.00, per-point share 0.00, median dP/vega ratio 0.0099, theta/day share 1.00)
15:44:17 voltium.loaders vega convention for /Users/andrew/Projects/quant-research/data_store/option_greeks_2020/IR.parquet: per_1.00_iv (per-unit share 1.00, per-point share 0.00, median dP/vega ratio 0.0100, theta/day share 1.00)
15:44:17 voltium.loaders vega convention for /Users/andrew/Projects/quant-research/data_store/option_greeks_2017/IRM.parquet: per_1.00_iv (per-unit share 1.00, per-point share 0.00, median dP/vega ratio 0.0101, theta/day share 1.00)
15:44:17 voltium.loaders vega convention for /Users/andrew/Projects/quant-research/data_store/option_greeks_2017/ISRG.parquet: per_1.00_iv (per-unit share 1.00, per-point share 0.00, median dP/vega ratio 0.0100, theta/day share 1.00)
15:44:18 voltium.loaders vega convention for /Users/andrew/Projects/quant-research/data_store/option_greeks_2017/IT.parquet: per_1.00_iv (per-unit share 1.00, per-point share 0.00, median dP/vega ratio 0.0100, theta/day share 1.00)
15:44:18 voltium.loaders vega convention for /Users/andrew/Projects/quant-research/data_store/option_greeks_2017/ITW.parquet: per_1.00_iv (per-unit share 1.00, per-point share 0.00, median dP/vega ratio 0.0100, theta/day share 1.00)
15:44:19 voltium.loaders vega convention for /Users/andrew/Projects/quant-research/data_store/option_greeks_2017/IVZ.parquet: per_1.00_iv (per-unit share 1.00, per-point share 0.00, median dP/vega ratio 0.0100, theta/day share 1.00)
15:44:19 voltium.loaders vega convention for /Users/andrew/Projects/quant-research/data_store/option_greeks_2019/J.parquet: per_1.00_iv (per-unit share 1.00, per-point share 0.00, median dP/vega ratio 0.0100, theta/day share 1.00)
15:44:19 voltium.loaders vega convention for /Users/andrew/Projects/quant-research/data_store/option_greeks_2017/JBHT.parquet: per_1.00_iv (per-unit share 1.00, per-point share 0.00, median dP/vega ratio 0.0100, theta/day share 1.00)
15:44:19 voltium.loaders vega convention for /Users/andrew/Projects/quant-research/data_store/option_greeks_2023/JBL.parquet: per_1.00_iv (per-unit share 1.00, per-point share 0.00, median dP/vega ratio 0.0101, theta/day share 1.00)
15:44:19 voltium.loaders vega convention for /Users/andrew/Projects/quant-research/data_store/option_greeks_2017/JCI.parquet: per_1.00_iv (per-unit share 1.00, per-point share 0.00, median dP/vega ratio 0.0100, theta/day share 1.00)
15:44:20 voltium.loaders vega convention for /Users/andrew/Projects/quant-research/data_store/option_greeks_2018/JEF.parquet: per_1.00_iv (per-unit share 1.00, per-point share 0.00, median dP/vega ratio 0.0100, theta/day share 1.00)
15:44:20 voltium.loaders vega convention for /Users/andrew/Projects/quant-research/data_store/option_greeks_2018/JKHY.parquet: per_1.00_iv (per-unit share 1.00, per-point share 0.00, median dP/vega ratio 0.0100, theta/day share 1.00)
15:44:20 voltium.loaders vega convention for /Users/andrew/Projects/quant-research/data_store/option_greeks_2017/JNJ.parquet: per_1.00_iv (per-unit share 1.00, per-point share 0.00, median dP/vega ratio 0.0101, theta/day share 1.00)
15:44:20 voltium.loaders vega convention for /Users/andrew/Projects/quant-research/data_store/option_greeks_2017/JNPR.parquet: per_1.00_iv (per-unit share 1.00, per-point share 0.00, median dP/vega ratio 0.0100, theta/day share 1.00)
15:44:21 voltium.loaders vega convention for /Users/andrew/Projects/quant-research/data_store/option_greeks_2017/JPM.parquet: per_1.00_iv (per-unit share 1.00, per-point share 0.00, median dP/vega ratio 0.0100, theta/day share 1.00)
15:44:21 voltium.loaders vega convention for /Users/andrew/Projects/quant-research/data_store/option_greeks_2017/JWN.parquet: per_1.00_iv (per-unit share 1.00, per-point share 0.00, median dP/vega ratio 0.0101, theta/day share 1.00)
15:44:21 voltium.loaders vega convention for /Users/andrew/Projects/quant-research/data_store/option_greeks_2017/K.parquet: per_1.00_iv (per-unit share 1.00, per-point share 0.00, median dP/vega ratio 0.0101, theta/day share 1.00)
15:44:22 voltium.loaders vega convention for /Users/andrew/Projects/quant-research/data_store/option_greeks_2022/KDP.parquet: per_1.00_iv (per-unit share 1.00, per-point share 0.00, median dP/vega ratio 0.0101, theta/day share 1.00)
15:44:22 voltium.loaders vega convention for /Users/andrew/Projects/quant-research/data_store/option_greeks_2017/KEY.parquet: per_1.00_iv (per-unit share 1.00, per-point share 0.00, median dP/vega ratio 0.0100, theta/day share 1.00)
15:44:22 voltium.loaders vega convention for /Users/andrew/Projects/quant-research/data_store/option_greeks_2018/KEYS.parquet: per_1.00_iv (per-unit share 1.00, per-point share 0.00, median dP/vega ratio 0.0100, theta/day share 1.00)
15:44:23 voltium.loaders vega convention for /Users/andrew/Projects/quant-research/data_store/option_greeks_2017/KHC.parquet: per_1.00_iv (per-unit share 1.00, per-point share 0.00, median dP/vega ratio 0.0100, theta/day share 1.00)
15:44:23 voltium.loaders vega convention for /Users/andrew/Projects/quant-research/data_store/option_greeks_2017/KIM.parquet: per_1.00_iv (per-unit share 1.00, per-point share 0.00, median dP/vega ratio 0.0100, theta/day share 1.00)
15:44:23 voltium.loaders vega convention for /Users/andrew/Projects/quant-research/data_store/option_greeks_2024/KKR.parquet: per_1.00_iv (per-unit share 1.00, per-point share 0.00, median dP/vega ratio 0.0100, theta/day share 1.00)
15:44:23 voltium.loaders vega convention for /Users/andrew/Projects/quant-research/data_store/option_greeks_2017/KLAC.parquet: per_1.00_iv (per-unit share 1.00, per-point share 0.00, median dP/vega ratio 0.0100, theta/day share 1.00)
15:44:24 voltium.loaders vega convention for /Users/andrew/Projects/quant-research/data_store/option_greeks_2017/KMB.parquet: per_1.00_iv (per-unit share 1.00, per-point share 0.00, median dP/vega ratio 0.0101, theta/day share 1.00)
15:44:24 voltium.loaders vega convention for /Users/andrew/Projects/quant-research/data_store/option_greeks_2017/KMI.parquet: per_1.00_iv (per-unit share 1.00, per-point share 0.00, median dP/vega ratio 0.0100, theta/day share 1.00)
15:44:24 voltium.loaders vega convention for /Users/andrew/Projects/quant-research/data_store/option_greeks_2017/KMX.parquet: per_1.00_iv (per-unit share 1.00, per-point share 0.00, median dP/vega ratio 0.0100, theta/day share 1.00)
15:44:25 voltium.loaders vega convention for /Users/andrew/Projects/quant-research/data_store/option_greeks_2017/KO.parquet: per_1.00_iv (per-unit share 1.00, per-point share 0.00, median dP/vega ratio 0.0100, theta/day share 1.00)
15:44:25 voltium.loaders vega convention for /Users/andrew/Projects/quant-research/data_store/option_greeks_2017/KR.parquet: per_1.00_iv (per-unit share 1.00, per-point share 0.00, median dP/vega ratio 0.0101, theta/day share 1.00)
15:44:25 voltium.loaders vega convention for /Users/andrew/Projects/quant-research/data_store/option_greeks_2017/KSS.parquet: per_1.00_iv (per-unit share 1.00, per-point share 0.00, median dP/vega ratio 0.0101, theta/day share 1.00)
15:44:26 voltium.loaders vega convention for /Users/andrew/Projects/quant-research/data_store/option_greeks_2017/KSU.parquet: per_1.00_iv (per-unit share 1.00, per-point share 0.00, median dP/vega ratio 0.0100, theta/day share 1.00)
15:44:26 voltium.loaders vega convention for /Users/andrew/Projects/quant-research/data_store/option_greeks_2023/KVUE.parquet: per_1.00_iv (per-unit share 1.00, per-point share 0.00, median dP/vega ratio 0.0100, theta/day share 1.00)
15:44:26 voltium.loaders vega convention for /Users/andrew/Projects/quant-research/data_store/option_greeks_2017/L.parquet: per_1.00_iv (per-unit share 1.00, per-point share 0.00, median dP/vega ratio 0.0100, theta/day share 1.00)
15:44:26 voltium.loaders vega convention for /Users/andrew/Projects/quant-research/data_store/option_greeks_2019/LDOS.parquet: per_1.00_iv (per-unit share 1.00, per-point share 0.00, median dP/vega ratio 0.0101, theta/day share 1.00)
15:44:26 voltium.loaders vega convention for /Users/andrew/Projects/quant-research/data_store/option_greeks_2017/LEG.parquet: per_1.00_iv (per-unit share 1.00, per-point share 0.00, median dP/vega ratio 0.0101, theta/day share 1.00)
15:44:26 voltium.loaders vega convention for /Users/andrew/Projects/quant-research/data_store/option_greeks_2017/LEN.parquet: per_1.00_iv (per-unit share 1.00, per-point share 0.00, median dP/vega ratio 0.0100, theta/day share 1.00)
15:44:27 voltium.loaders vega convention for /Users/andrew/Projects/quant-research/data_store/option_greeks_2017/LH.parquet: per_1.00_iv (per-unit share 1.00, per-point share 0.00, median dP/vega ratio 0.0100, theta/day share 1.00)
15:44:27 voltium.loaders vega convention for /Users/andrew/Projects/quant-research/data_store/option_greeks_2019/LHX.parquet: per_1.00_iv (per-unit share 1.00, per-point share 0.00, median dP/vega ratio 0.0100, theta/day share 1.00)
15:44:27 voltium.loaders vega convention for /Users/andrew/Projects/quant-research/data_store/option_greeks_2024/LII.parquet: per_1.00_iv (per-unit share 1.00, per-point share 0.00, median dP/vega ratio 0.0100, theta/day share 1.00)
15:44:27 voltium.loaders vega convention for /Users/andrew/Projects/quant-research/data_store/option_greeks_2018/LIN.parquet: per_1.00_iv (per-unit share 1.00, per-point share 0.00, median dP/vega ratio 0.0100, theta/day share 1.00)
15:44:28 voltium.loaders vega convention for /Users/andrew/Projects/quant-research/data_store/option_greeks_2017/LKQ.parquet: per_1.00_iv (per-unit share 1.00, per-point share 0.00, median dP/vega ratio 0.0100, theta/day share 1.00)
15:44:28 voltium.loaders vega convention for /Users/andrew/Projects/quant-research/data_store/option_greeks_2017/LLL.parquet: per_1.00_iv (per-unit share 1.00, per-point share 0.00, median dP/vega ratio 0.0100, theta/day share 1.00)
15:44:28 voltium.loaders vega convention for /Users/andrew/Projects/quant-research/data_store/option_greeks_2017/LLY.parquet: per_1.00_iv (per-unit share 1.00, per-point share 0.00, median dP/vega ratio 0.0100, theta/day share 1.00)
15:44:29 voltium.loaders vega convention for /Users/andrew/Projects/quant-research/data_store/option_greeks_2017/LMT.parquet: per_1.00_iv (per-unit share 1.00, per-point share 0.00, median dP/vega ratio 0.0100, theta/day share 1.00)
15:44:29 voltium.loaders vega convention for /Users/andrew/Projects/quant-research/data_store/option_greeks_2017/LNC.parquet: per_1.00_iv (per-unit share 1.00, per-point share 0.00, median dP/vega ratio 0.0100, theta/day share 1.00)
15:44:29 voltium.loaders vega convention for /Users/andrew/Projects/quant-research/data_store/option_greeks_2017/LNT.parquet: per_1.00_iv (per-unit share 1.00, per-point share 0.00, median dP/vega ratio 0.0100, theta/day share 1.00)
15:44:30 voltium.loaders vega convention for /Users/andrew/Projects/quant-research/data_store/option_greeks_2017/LOW.parquet: per_1.00_iv (per-unit share 1.00, per-point share 0.00, median dP/vega ratio 0.0100, theta/day share 1.00)
15:44:30 voltium.loaders vega convention for /Users/andrew/Projects/quant-research/data_store/option_greeks_2017/LRCX.parquet: per_1.00_iv (per-unit share 1.00, per-point share 0.00, median dP/vega ratio 0.0100, theta/day share 1.00)
15:44:30 voltium.loaders vega convention for /Users/andrew/Projects/quant-research/data_store/option_greeks_2023/LULU.parquet: per_1.00_iv (per-unit share 1.00, per-point share 0.00, median dP/vega ratio 0.0100, theta/day share 1.00)
15:44:31 voltium.loaders vega convention for /Users/andrew/Projects/quant-research/data_store/option_greeks_2020/LUMN.parquet: per_1.00_iv (per-unit share 1.00, per-point share 0.00, median dP/vega ratio 0.0100, theta/day share 1.00)
15:44:31 voltium.loaders vega convention for /Users/andrew/Projects/quant-research/data_store/option_greeks_2017/LUV.parquet: per_1.00_iv (per-unit share 1.00, per-point share 0.00, median dP/vega ratio 0.0100, theta/day share 1.00)
15:44:31 voltium.loaders vega convention for /Users/andrew/Projects/quant-research/data_store/option_greeks_2017/LVLT.parquet: per_1.00_iv (per-unit share 1.00, per-point share 0.00, median dP/vega ratio 0.0100, theta/day share 1.00)
15:44:31 voltium.loaders vega convention for /Users/andrew/Projects/quant-research/data_store/option_greeks_2019/LVS.parquet: per_1.00_iv (per-unit share 1.00, per-point share 0.00, median dP/vega ratio 0.0100, theta/day share 1.00)
15:44:31 voltium.loaders vega convention for /Users/andrew/Projects/quant-research/data_store/option_greeks_2018/LW.parquet: per_1.00_iv (per-unit share 1.00, per-point share 0.00, median dP/vega ratio 0.0101, theta/day share 1.00)
15:44:32 voltium.loaders vega convention for /Users/andrew/Projects/quant-research/data_store/option_greeks_2017/LYB.parquet: per_1.00_iv (per-unit share 1.00, per-point share 0.00, median dP/vega ratio 0.0100, theta/day share 1.00)
15:44:32 voltium.loaders vega convention for /Users/andrew/Projects/quant-research/data_store/option_greeks_2019/LYV.parquet: per_1.00_iv (per-unit share 1.00, per-point share 0.00, median dP/vega ratio 0.0100, theta/day share 1.00)
15:44:32 voltium.loaders vega convention for /Users/andrew/Projects/quant-research/data_store/option_greeks_2017/M.parquet: per_1.00_iv (per-unit share 1.00, per-point share 0.00, median dP/vega ratio 0.0100, theta/day share 1.00)
15:44:33 voltium.loaders vega convention for /Users/andrew/Projects/quant-research/data_store/option_greeks_2017/MA.parquet: per_1.00_iv (per-unit share 1.00, per-point share 0.00, median dP/vega ratio 0.0100, theta/day share 1.00)
15:44:33 voltium.loaders vega convention for /Users/andrew/Projects/quant-research/data_store/option_greeks_2017/MAA.parquet: per_1.00_iv (per-unit share 1.00, per-point share 0.00, median dP/vega ratio 0.0101, theta/day share 1.00)
15:44:33 voltium.loaders vega convention for /Users/andrew/Projects/quant-research/data_store/option_greeks_2017/MAC.parquet: per_1.00_iv (per-unit share 1.00, per-point share 0.00, median dP/vega ratio 0.0101, theta/day share 1.00)
15:44:33 voltium.loaders vega convention for /Users/andrew/Projects/quant-research/data_store/option_greeks_2017/MAR.parquet: per_1.00_iv (per-unit share 1.00, per-point share 0.00, median dP/vega ratio 0.0100, theta/day share 1.00)
15:44:34 voltium.loaders vega convention for /Users/andrew/Projects/quant-research/data_store/option_greeks_2017/MAS.parquet: per_1.00_iv (per-unit share 1.00, per-point share 0.00, median dP/vega ratio 0.0100, theta/day share 1.00)
15:44:34 voltium.loaders vega convention for /Users/andrew/Projects/quant-research/data_store/option_greeks_2017/MAT.parquet: per_1.00_iv (per-unit share 1.00, per-point share 0.00, median dP/vega ratio 0.0100, theta/day share 1.00)
15:44:34 voltium.loaders vega convention for /Users/andrew/Projects/quant-research/data_store/option_greeks_2017/MCD.parquet: per_1.00_iv (per-unit share 1.00, per-point share 0.00, median dP/vega ratio 0.0100, theta/day share 1.00)
15:44:35 voltium.loaders vega convention for /Users/andrew/Projects/quant-research/data_store/option_greeks_2017/MCHP.parquet: per_1.00_iv (per-unit share 1.00, per-point share 0.00, median dP/vega ratio 0.0100, theta/day share 1.00)
15:44:35 voltium.loaders vega convention for /Users/andrew/Projects/quant-research/data_store/option_greeks_2017/MCK.parquet: per_1.00_iv (per-unit share 1.00, per-point share 0.00, median dP/vega ratio 0.0100, theta/day share 1.00)
15:44:35 voltium.loaders vega convention for /Users/andrew/Projects/quant-research/data_store/option_greeks_2017/MCO.parquet: per_1.00_iv (per-unit share 1.00, per-point share 0.00, median dP/vega ratio 0.0100, theta/day share 1.00)
15:44:36 voltium.loaders vega convention for /Users/andrew/Projects/quant-research/data_store/option_greeks_2017/MDLZ.parquet: per_1.00_iv (per-unit share 1.00, per-point share 0.00, median dP/vega ratio 0.0100, theta/day share 1.00)
15:44:36 voltium.loaders vega convention for /Users/andrew/Projects/quant-research/data_store/option_greeks_2017/MDT.parquet: per_1.00_iv (per-unit share 1.00, per-point share 0.00, median dP/vega ratio 0.0100, theta/day share 1.00)
15:44:36 voltium.loaders vega convention for /Users/andrew/Projects/quant-research/data_store/option_greeks_2017/MET.parquet: per_1.00_iv (per-unit share 1.00, per-point share 0.00, median dP/vega ratio 0.0100, theta/day share 1.00)
15:44:37 voltium.loaders vega convention for /Users/andrew/Projects/quant-research/data_store/option_greeks_2021/META.parquet: per_1.00_iv (per-unit share 1.00, per-point share 0.00, median dP/vega ratio 0.0100, theta/day share 1.00)
15:44:37 voltium.loaders vega convention for /Users/andrew/Projects/quant-research/data_store/option_greeks_2017/MGM.parquet: per_1.00_iv (per-unit share 1.00, per-point share 0.00, median dP/vega ratio 0.0100, theta/day share 1.00)
15:44:38 voltium.loaders vega convention for /Users/andrew/Projects/quant-research/data_store/option_greeks_2017/MHK.parquet: per_1.00_iv (per-unit share 1.00, per-point share 0.00, median dP/vega ratio 0.0099, theta/day share 1.00)
15:44:38 voltium.loaders vega convention for /Users/andrew/Projects/quant-research/data_store/option_greeks_2017/MJN.parquet: per_1.00_iv (per-unit share 1.00, per-point share 0.00, median dP/vega ratio 0.0100, theta/day share 1.00)
15:44:38 voltium.loaders vega convention for /Users/andrew/Projects/quant-research/data_store/option_greeks_2017/MKC.parquet: per_1.00_iv (per-unit share 1.00, per-point share 0.00, median dP/vega ratio 0.0100, theta/day share 1.00)
15:44:38 voltium.loaders vega convention for /Users/andrew/Projects/quant-research/data_store/option_greeks_2019/MKTX.parquet: per_1.00_iv (per-unit share 1.00, per-point share 0.00, median dP/vega ratio 0.0100, theta/day share 1.00)
15:44:39 voltium.loaders vega convention for /Users/andrew/Projects/quant-research/data_store/option_greeks_2017/MLM.parquet: per_1.00_iv (per-unit share 1.00, per-point share 0.00, median dP/vega ratio 0.0100, theta/day share 1.00)
15:44:39 voltium.loaders vega convention for /Users/andrew/Projects/quant-research/data_store/option_greeks_2017/MMM.parquet: per_1.00_iv (per-unit share 1.00, per-point share 0.00, median dP/vega ratio 0.0100, theta/day share 1.00)
15:44:39 voltium.providers.base materialize: 400/659 symbols
15:44:39 voltium.loaders vega convention for /Users/andrew/Projects/quant-research/data_store/option_greeks_2017/MNK.parquet: per_1.00_iv (per-unit share 1.00, per-point share 0.00, median dP/vega ratio 0.0100, theta/day share 1.00)
15:44:39 voltium.loaders vega convention for /Users/andrew/Projects/quant-research/data_store/option_greeks_2017/MNST.parquet: per_1.00_iv (per-unit share 1.00, per-point share 0.00, median dP/vega ratio 0.0100, theta/day share 1.00)
15:44:40 voltium.loaders vega convention for /Users/andrew/Projects/quant-research/data_store/option_greeks_2017/MO.parquet: per_1.00_iv (per-unit share 1.00, per-point share 0.00, median dP/vega ratio 0.0100, theta/day share 1.00)
15:44:40 voltium.loaders vega convention for /Users/andrew/Projects/quant-research/data_store/option_greeks_2022/MOH.parquet: per_1.00_iv (per-unit share 1.00, per-point share 0.00, median dP/vega ratio 0.0100, theta/day share 1.00)
15:44:40 voltium.loaders vega convention for /Users/andrew/Projects/quant-research/data_store/option_greeks_2017/MON.parquet: per_1.00_iv (per-unit share 1.00, per-point share 0.00, median dP/vega ratio 0.0100, theta/day share 1.00)
15:44:40 voltium.loaders vega convention for /Users/andrew/Projects/quant-research/data_store/option_greeks_2017/MOS.parquet: per_1.00_iv (per-unit share 1.00, per-point share 0.00, median dP/vega ratio 0.0100, theta/day share 1.00)
15:44:41 voltium.loaders vega convention for /Users/andrew/Projects/quant-research/data_store/option_greeks_2017/MPC.parquet: per_1.00_iv (per-unit share 1.00, per-point share 0.00, median dP/vega ratio 0.0100, theta/day share 1.00)
15:44:41 voltium.loaders vega convention for /Users/andrew/Projects/quant-research/data_store/option_greeks_2021/MPWR.parquet: per_1.00_iv (per-unit share 1.00, per-point share 0.00, median dP/vega ratio 0.0100, theta/day share 1.00)
15:44:41 voltium.loaders vega convention for /Users/andrew/Projects/quant-research/data_store/option_greeks_2017/MRK.parquet: per_1.00_iv (per-unit share 1.00, per-point share 0.00, median dP/vega ratio 0.0100, theta/day share 1.00)
15:44:42 voltium.loaders vega convention for /Users/andrew/Projects/quant-research/data_store/option_greeks_2021/MRNA.parquet: per_1.00_iv (per-unit share 1.00, per-point share 0.00, median dP/vega ratio 0.0100, theta/day share 1.00)
15:44:42 voltium.loaders vega convention for /Users/andrew/Projects/quant-research/data_store/option_greeks_2017/MRO.parquet: per_1.00_iv (per-unit share 1.00, per-point share 0.00, median dP/vega ratio 0.0100, theta/day share 1.00)
15:44:42 voltium.loaders vega convention for /Users/andrew/Projects/quant-research/data_store/option_greeks_2017/MS.parquet: per_1.00_iv (per-unit share 1.00, per-point share 0.00, median dP/vega ratio 0.0100, theta/day share 1.00)
15:44:43 voltium.loaders vega convention for /Users/andrew/Projects/quant-research/data_store/option_greeks_2018/MSCI.parquet: per_1.00_iv (per-unit share 1.00, per-point share 0.00, median dP/vega ratio 0.0100, theta/day share 1.00)
15:44:43 voltium.loaders vega convention for /Users/andrew/Projects/quant-research/data_store/option_greeks_2017/MSFT.parquet: per_1.00_iv (per-unit share 1.00, per-point share 0.00, median dP/vega ratio 0.0100, theta/day share 1.00)
15:44:44 voltium.loaders vega convention for /Users/andrew/Projects/quant-research/data_store/option_greeks_2017/MSI.parquet: per_1.00_iv (per-unit share 1.00, per-point share 0.00, median dP/vega ratio 0.0100, theta/day share 1.00)
15:44:44 voltium.loaders vega convention for /Users/andrew/Projects/quant-research/data_store/option_greeks_2017/MTB.parquet: per_1.00_iv (per-unit share 1.00, per-point share 0.00, median dP/vega ratio 0.0100, theta/day share 1.00)
15:44:45 voltium.loaders vega convention for /Users/andrew/Projects/quant-research/data_store/option_greeks_2021/MTCH.parquet: per_1.00_iv (per-unit share 1.00, per-point share 0.00, median dP/vega ratio 0.0100, theta/day share 1.00)
15:44:45 voltium.loaders vega convention for /Users/andrew/Projects/quant-research/data_store/option_greeks_2017/MTD.parquet: per_1.00_iv (per-unit share 1.00, per-point share 0.00, median dP/vega ratio 0.0100, theta/day share 1.00)
15:44:45 voltium.loaders vega convention for /Users/andrew/Projects/quant-research/data_store/option_greeks_2017/MU.parquet: per_1.00_iv (per-unit share 1.00, per-point share 0.00, median dP/vega ratio 0.0100, theta/day share 1.00)
15:44:46 voltium.loaders vega convention for /Users/andrew/Projects/quant-research/data_store/option_greeks_2017/MUR.parquet: per_1.00_iv (per-unit share 1.00, per-point share 0.00, median dP/vega ratio 0.0100, theta/day share 1.00)
15:44:46 voltium.loaders vega convention for /Users/andrew/Projects/quant-research/data_store/option_greeks_2018/MXIM.parquet: per_1.00_iv (per-unit share 1.00, per-point share 0.00, median dP/vega ratio 0.0100, theta/day share 1.00)
15:44:46 voltium.loaders vega convention for /Users/andrew/Projects/quant-research/data_store/option_greeks_2017/NAVI.parquet: per_1.00_iv (per-unit share 1.00, per-point share 0.00, median dP/vega ratio 0.0101, theta/day share 1.00)
15:44:46 voltium.loaders vega convention for /Users/andrew/Projects/quant-research/data_store/option_greeks_2017/NBL.parquet: per_1.00_iv (per-unit share 1.00, per-point share 0.00, median dP/vega ratio 0.0100, theta/day share 1.00)
15:44:46 voltium.loaders vega convention for /Users/andrew/Projects/quant-research/data_store/option_greeks_2017/NCLH.parquet: per_1.00_iv (per-unit share 1.00, per-point share 0.00, median dP/vega ratio 0.0100, theta/day share 1.00)
15:44:46 voltium.loaders vega convention for /Users/andrew/Projects/quant-research/data_store/option_greeks_2017/NDAQ.parquet: per_1.00_iv (per-unit share 1.00, per-point share 0.00, median dP/vega ratio 0.0100, theta/day share 1.00)
15:44:47 voltium.loaders vega convention for /Users/andrew/Projects/quant-research/data_store/option_greeks_2022/NDSN.parquet: per_1.00_iv (per-unit share 1.00, per-point share 0.00, median dP/vega ratio 0.0100, theta/day share 1.00)
15:44:47 voltium.loaders vega convention for /Users/andrew/Projects/quant-research/data_store/option_greeks_2017/NEE.parquet: per_1.00_iv (per-unit share 1.00, per-point share 0.00, median dP/vega ratio 0.0101, theta/day share 1.00)
15:44:47 voltium.loaders vega convention for /Users/andrew/Projects/quant-research/data_store/option_greeks_2017/NEM.parquet: per_1.00_iv (per-unit share 1.00, per-point share 0.00, median dP/vega ratio 0.0100, theta/day share 1.00)
15:44:47 voltium.loaders vega convention for /Users/andrew/Projects/quant-research/data_store/option_greeks_2017/NFLX.parquet: per_1.00_iv (per-unit share 1.00, per-point share 0.00, median dP/vega ratio 0.0100, theta/day share 1.00)
15:44:48 voltium.loaders vega convention for /Users/andrew/Projects/quant-research/data_store/option_greeks_2017/NFX.parquet: per_1.00_iv (per-unit share 1.00, per-point share 0.00, median dP/vega ratio 0.0100, theta/day share 1.00)
15:44:48 voltium.loaders vega convention for /Users/andrew/Projects/quant-research/data_store/option_greeks_2017/NI.parquet: per_1.00_iv (per-unit share 1.00, per-point share 0.00, median dP/vega ratio 0.0101, theta/day share 1.00)
15:44:49 voltium.loaders vega convention for /Users/andrew/Projects/quant-research/data_store/option_greeks_2017/NKE.parquet: per_1.00_iv (per-unit share 1.00, per-point share 0.00, median dP/vega ratio 0.0100, theta/day share 1.00)
15:44:50 voltium.loaders vega convention for /Users/andrew/Projects/quant-research/data_store/option_greeks_2018/NKTR.parquet: per_1.00_iv (per-unit share 1.00, per-point share 0.00, median dP/vega ratio 0.0100, theta/day share 1.00)
15:44:50 voltium.loaders vega convention for /Users/andrew/Projects/quant-research/data_store/option_greeks_2017/NLSN.parquet: per_1.00_iv (per-unit share 1.00, per-point share 0.00, median dP/vega ratio 0.0100, theta/day share 1.00)
15:44:50 voltium.loaders vega convention for /Users/andrew/Projects/quant-research/data_store/option_greeks_2017/NOC.parquet: per_1.00_iv (per-unit share 1.00, per-point share 0.00, median dP/vega ratio 0.0100, theta/day share 1.00)
15:44:51 voltium.loaders vega convention for /Users/andrew/Projects/quant-research/data_store/option_greeks_2017/NOV.parquet: per_1.00_iv (per-unit share 1.00, per-point share 0.00, median dP/vega ratio 0.0100, theta/day share 1.00)
15:44:51 voltium.loaders vega convention for /Users/andrew/Projects/quant-research/data_store/option_greeks_2019/NOW.parquet: per_1.00_iv (per-unit share 1.00, per-point share 0.00, median dP/vega ratio 0.0100, theta/day share 1.00)
15:44:52 voltium.loaders vega convention for /Users/andrew/Projects/quant-research/data_store/option_greeks_2017/NRG.parquet: per_1.00_iv (per-unit share 1.00, per-point share 0.00, median dP/vega ratio 0.0101, theta/day share 1.00)
15:44:52 voltium.loaders vega convention for /Users/andrew/Projects/quant-research/data_store/option_greeks_2017/NSC.parquet: per_1.00_iv (per-unit share 1.00, per-point share 0.00, median dP/vega ratio 0.0100, theta/day share 1.00)
15:44:53 voltium.loaders vega convention for /Users/andrew/Projects/quant-research/data_store/option_greeks_2017/NTAP.parquet: per_1.00_iv (per-unit share 1.00, per-point share 0.00, median dP/vega ratio 0.0100, theta/day share 1.00)
15:44:53 voltium.loaders vega convention for /Users/andrew/Projects/quant-research/data_store/option_greeks_2017/NTRS.parquet: per_1.00_iv (per-unit share 1.00, per-point share 0.00, median dP/vega ratio 0.0100, theta/day share 1.00)
15:44:54 voltium.loaders vega convention for /Users/andrew/Projects/quant-research/data_store/option_greeks_2017/NUE.parquet: per_1.00_iv (per-unit share 1.00, per-point share 0.00, median dP/vega ratio 0.0100, theta/day share 1.00)
15:44:54 voltium.loaders vega convention for /Users/andrew/Projects/quant-research/data_store/option_greeks_2017/NVDA.parquet: per_1.00_iv (per-unit share 1.00, per-point share 0.00, median dP/vega ratio 0.0100, theta/day share 1.00)
15:44:55 voltium.loaders vega convention for /Users/andrew/Projects/quant-research/data_store/option_greeks_2017/NWL.parquet: per_1.00_iv (per-unit share 1.00, per-point share 0.00, median dP/vega ratio 0.0100, theta/day share 1.00)
15:44:55 voltium.loaders vega convention for /Users/andrew/Projects/quant-research/data_store/option_greeks_2017/NWS.parquet: per_1.00_iv (per-unit share 1.00, per-point share 0.00, median dP/vega ratio 0.0100, theta/day share 1.00)
15:44:56 voltium.loaders vega convention for /Users/andrew/Projects/quant-research/data_store/option_greeks_2017/NWSA.parquet: per_1.00_iv (per-unit share 1.00, per-point share 0.00, median dP/vega ratio 0.0101, theta/day share 1.00)
15:44:56 voltium.loaders vega convention for /Users/andrew/Projects/quant-research/data_store/option_greeks_2021/NXPI.parquet: per_1.00_iv (per-unit share 1.00, per-point share 0.00, median dP/vega ratio 0.0100, theta/day share 1.00)
15:44:56 voltium.loaders vega convention for /Users/andrew/Projects/quant-research/data_store/option_greeks_2017/O.parquet: per_1.00_iv (per-unit share 1.00, per-point share 0.00, median dP/vega ratio 0.0101, theta/day share 1.00)
15:44:56 voltium.loaders vega convention for /Users/andrew/Projects/quant-research/data_store/option_greeks_2019/ODFL.parquet: per_1.00_iv (per-unit share 1.00, per-point share 0.00, median dP/vega ratio 0.0100, theta/day share 1.00)
15:44:57 voltium.loaders vega convention for /Users/andrew/Projects/quant-research/data_store/option_greeks_2021/OGN.parquet: per_1.00_iv (per-unit share 1.00, per-point share 0.00, median dP/vega ratio 0.0100, theta/day share 1.00)
15:44:57 voltium.loaders vega convention for /Users/andrew/Projects/quant-research/data_store/option_greeks_2017/OKE.parquet: per_1.00_iv (per-unit share 1.00, per-point share 0.00, median dP/vega ratio 0.0100, theta/day share 1.00)
15:44:57 voltium.loaders vega convention for /Users/andrew/Projects/quant-research/data_store/option_greeks_2017/OMC.parquet: per_1.00_iv (per-unit share 1.00, per-point share 0.00, median dP/vega ratio 0.0100, theta/day share 1.00)
15:44:57 voltium.loaders vega convention for /Users/andrew/Projects/quant-research/data_store/option_greeks_2022/ON.parquet: per_1.00_iv (per-unit share 1.00, per-point share 0.00, median dP/vega ratio 0.0100, theta/day share 1.00)
15:44:58 voltium.loaders vega convention for /Users/andrew/Projects/quant-research/data_store/option_greeks_2017/ORCL.parquet: per_1.00_iv (per-unit share 1.00, per-point share 0.00, median dP/vega ratio 0.0100, theta/day share 1.00)
15:44:58 voltium.loaders vega convention for /Users/andrew/Projects/quant-research/data_store/option_greeks_2017/ORLY.parquet: per_1.00_iv (per-unit share 1.00, per-point share 0.00, median dP/vega ratio 0.0100, theta/day share 1.00)
15:44:58 voltium.loaders vega convention for /Users/andrew/Projects/quant-research/data_store/option_greeks_2020/OTIS.parquet: per_1.00_iv (per-unit share 1.00, per-point share 0.00, median dP/vega ratio 0.0100, theta/day share 1.00)
15:44:59 voltium.loaders vega convention for /Users/andrew/Projects/quant-research/data_store/option_greeks_2017/OXY.parquet: per_1.00_iv (per-unit share 1.00, per-point share 0.00, median dP/vega ratio 0.0100, theta/day share 1.00)
15:44:59 voltium.loaders vega convention for /Users/andrew/Projects/quant-research/data_store/option_greeks_2023/PANW.parquet: per_1.00_iv (per-unit share 1.00, per-point share 0.00, median dP/vega ratio 0.0100, theta/day share 1.00)
15:44:59 voltium.loaders vega convention for /Users/andrew/Projects/quant-research/data_store/option_greeks_2020/PAYC.parquet: per_1.00_iv (per-unit share 1.00, per-point share 0.00, median dP/vega ratio 0.0100, theta/day share 1.00)
15:45:00 voltium.loaders vega convention for /Users/andrew/Projects/quant-research/data_store/option_greeks_2017/PAYX.parquet: per_1.00_iv (per-unit share 1.00, per-point share 0.00, median dP/vega ratio 0.0101, theta/day share 1.00)
15:45:00 voltium.loaders vega convention for /Users/andrew/Projects/quant-research/data_store/option_greeks_2017/PBCT.parquet: per_1.00_iv (per-unit share 1.00, per-point share 0.00, median dP/vega ratio 0.0101, theta/day share 1.00)
15:45:00 voltium.loaders vega convention for /Users/andrew/Projects/quant-research/data_store/option_greeks_2017/PCAR.parquet: per_1.00_iv (per-unit share 1.00, per-point share 0.00, median dP/vega ratio 0.0100, theta/day share 1.00)
15:45:00 voltium.loaders vega convention for /Users/andrew/Projects/quant-research/data_store/option_greeks_2017/PCG.parquet: per_1.00_iv (per-unit share 1.00, per-point share 0.00, median dP/vega ratio 0.0100, theta/day share 1.00)
15:45:01 voltium.loaders vega convention for /Users/andrew/Projects/quant-research/data_store/option_greeks_2017/PDCO.parquet: per_1.00_iv (per-unit share 1.00, per-point share 0.00, median dP/vega ratio 0.0100, theta/day share 1.00)
15:45:01 voltium.loaders vega convention for /Users/andrew/Projects/quant-research/data_store/option_greeks_2017/PEG.parquet: per_1.00_iv (per-unit share 1.00, per-point share 0.00, median dP/vega ratio 0.0102, theta/day share 1.00)
15:45:01 voltium.loaders vega convention for /Users/andrew/Projects/quant-research/data_store/option_greeks_2021/PENN.parquet: per_1.00_iv (per-unit share 1.00, per-point share 0.00, median dP/vega ratio 0.0100, theta/day share 1.00)
15:45:01 voltium.loaders vega convention for /Users/andrew/Projects/quant-research/data_store/option_greeks_2017/PEP.parquet: per_1.00_iv (per-unit share 1.00, per-point share 0.00, median dP/vega ratio 0.0100, theta/day share 1.00)
15:45:01 voltium.loaders vega convention for /Users/andrew/Projects/quant-research/data_store/option_greeks_2017/PFE.parquet: per_1.00_iv (per-unit share 1.00, per-point share 0.00, median dP/vega ratio 0.0101, theta/day share 1.00)
15:45:02 voltium.loaders vega convention for /Users/andrew/Projects/quant-research/data_store/option_greeks_2017/PFG.parquet: per_1.00_iv (per-unit share 1.00, per-point share 0.00, median dP/vega ratio 0.0101, theta/day share 1.00)
15:45:02 voltium.loaders vega convention for /Users/andrew/Projects/quant-research/data_store/option_greeks_2017/PG.parquet: per_1.00_iv (per-unit share 1.00, per-point share 0.00, median dP/vega ratio 0.0101, theta/day share 1.00)
15:45:02 voltium.loaders vega convention for /Users/andrew/Projects/quant-research/data_store/option_greeks_2017/PGR.parquet: per_1.00_iv (per-unit share 1.00, per-point share 0.00, median dP/vega ratio 0.0101, theta/day share 1.00)
15:45:03 voltium.loaders vega convention for /Users/andrew/Projects/quant-research/data_store/option_greeks_2017/PH.parquet: per_1.00_iv (per-unit share 1.00, per-point share 0.00, median dP/vega ratio 0.0101, theta/day share 1.00)
15:45:03 voltium.loaders vega convention for /Users/andrew/Projects/quant-research/data_store/option_greeks_2017/PHM.parquet: per_1.00_iv (per-unit share 1.00, per-point share 0.00, median dP/vega ratio 0.0100, theta/day share 1.00)
15:45:03 voltium.loaders vega convention for /Users/andrew/Projects/quant-research/data_store/option_greeks_2017/PKG.parquet: per_1.00_iv (per-unit share 1.00, per-point share 0.00, median dP/vega ratio 0.0100, theta/day share 1.00)
15:45:04 voltium.loaders vega convention for /Users/andrew/Projects/quant-research/data_store/option_greeks_2017/PLD.parquet: per_1.00_iv (per-unit share 1.00, per-point share 0.00, median dP/vega ratio 0.0099, theta/day share 1.00)
15:45:04 voltium.loaders vega convention for /Users/andrew/Projects/quant-research/data_store/option_greeks_2024/PLTR.parquet: per_1.00_iv (per-unit share 1.00, per-point share 0.00, median dP/vega ratio 0.0100, theta/day share 1.00)
15:45:04 voltium.loaders vega convention for /Users/andrew/Projects/quant-research/data_store/option_greeks_2017/PM.parquet: per_1.00_iv (per-unit share 1.00, per-point share 0.00, median dP/vega ratio 0.0100, theta/day share 1.00)
15:45:05 voltium.loaders vega convention for /Users/andrew/Projects/quant-research/data_store/option_greeks_2017/PNC.parquet: per_1.00_iv (per-unit share 1.00, per-point share 0.00, median dP/vega ratio 0.0101, theta/day share 1.00)
15:45:05 voltium.loaders vega convention for /Users/andrew/Projects/quant-research/data_store/option_greeks_2017/PNR.parquet: per_1.00_iv (per-unit share 1.00, per-point share 0.00, median dP/vega ratio 0.0101, theta/day share 1.00)
15:45:05 voltium.loaders vega convention for /Users/andrew/Projects/quant-research/data_store/option_greeks_2017/PNW.parquet: per_1.00_iv (per-unit share 1.00, per-point share 0.00, median dP/vega ratio 0.0102, theta/day share 1.00)
15:45:05 voltium.loaders vega convention for /Users/andrew/Projects/quant-research/data_store/option_greeks_2023/PODD.parquet: per_1.00_iv (per-unit share 1.00, per-point share 0.00, median dP/vega ratio 0.0100, theta/day share 1.00)
15:45:05 voltium.loaders vega convention for /Users/andrew/Projects/quant-research/data_store/option_greeks_2020/POOL.parquet: per_1.00_iv (per-unit share 1.00, per-point share 0.00, median dP/vega ratio 0.0100, theta/day share 1.00)
15:45:06 voltium.loaders vega convention for /Users/andrew/Projects/quant-research/data_store/option_greeks_2017/PPG.parquet: per_1.00_iv (per-unit share 1.00, per-point share 0.00, median dP/vega ratio 0.0101, theta/day share 1.00)
15:45:06 voltium.loaders vega convention for /Users/andrew/Projects/quant-research/data_store/option_greeks_2017/PPL.parquet: per_1.00_iv (per-unit share 1.00, per-point share 0.00, median dP/vega ratio 0.0100, theta/day share 1.00)
15:45:06 voltium.loaders vega convention for /Users/andrew/Projects/quant-research/data_store/option_greeks_2017/PRGO.parquet: per_1.00_iv (per-unit share 1.00, per-point share 0.00, median dP/vega ratio 0.0100, theta/day share 1.00)
15:45:07 voltium.loaders vega convention for /Users/andrew/Projects/quant-research/data_store/option_greeks_2017/PRU.parquet: per_1.00_iv (per-unit share 1.00, per-point share 0.00, median dP/vega ratio 0.0100, theta/day share 1.00)
15:45:07 voltium.loaders vega convention for /Users/andrew/Projects/quant-research/data_store/option_greeks_2017/PSA.parquet: per_1.00_iv (per-unit share 1.00, per-point share 0.00, median dP/vega ratio 0.0100, theta/day share 1.00)
15:45:07 voltium.loaders vega convention for /Users/andrew/Projects/quant-research/data_store/option_greeks/PSKY.parquet: per_1.00_iv (per-unit share 1.00, per-point share 0.00, median dP/vega ratio 0.0100, theta/day share 1.00)
15:45:07 voltium.loaders vega convention for /Users/andrew/Projects/quant-research/data_store/option_greeks_2017/PSX.parquet: per_1.00_iv (per-unit share 1.00, per-point share 0.00, median dP/vega ratio 0.0100, theta/day share 1.00)
15:45:08 voltium.loaders vega convention for /Users/andrew/Projects/quant-research/data_store/option_greeks_2021/PTC.parquet: per_1.00_iv (per-unit share 1.00, per-point share 0.00, median dP/vega ratio 0.0100, theta/day share 1.00)
15:45:08 voltium.loaders vega convention for /Users/andrew/Projects/quant-research/data_store/option_greeks_2017/PVH.parquet: per_1.00_iv (per-unit share 1.00, per-point share 0.00, median dP/vega ratio 0.0100, theta/day share 1.00)
15:45:08 voltium.loaders vega convention for /Users/andrew/Projects/quant-research/data_store/option_greeks_2017/PWR.parquet: per_1.00_iv (per-unit share 1.00, per-point share 0.00, median dP/vega ratio 0.0100, theta/day share 1.00)
15:45:08 voltium.loaders vega convention for /Users/andrew/Projects/quant-research/data_store/option_greeks_2017/PXD.parquet: per_1.00_iv (per-unit share 1.00, per-point share 0.00, median dP/vega ratio 0.0100, theta/day share 1.00)
15:45:09 voltium.loaders vega convention for /Users/andrew/Projects/quant-research/data_store/option_greeks_2017/PYPL.parquet: per_1.00_iv (per-unit share 1.00, per-point share 0.00, median dP/vega ratio 0.0100, theta/day share 1.00)
15:45:09 voltium.loaders vega convention for /Users/andrew/Projects/quant-research/data_store/option_greeks_2017/Q.parquet: per_1.00_iv (per-unit share 1.00, per-point share 0.00, median dP/vega ratio 0.0100, theta/day share 1.00)
15:45:09 voltium.loaders vega convention for /Users/andrew/Projects/quant-research/data_store/option_greeks_2017/QCOM.parquet: per_1.00_iv (per-unit share 1.00, per-point share 0.00, median dP/vega ratio 0.0100, theta/day share 1.00)
15:45:10 voltium.loaders vega convention for /Users/andrew/Projects/quant-research/data_store/option_greeks_2017/QRVO.parquet: per_1.00_iv (per-unit share 1.00, per-point share 0.00, median dP/vega ratio 0.0100, theta/day share 1.00)
15:45:10 voltium.loaders vega convention for /Users/andrew/Projects/quant-research/data_store/option_greeks_2017/R.parquet: per_1.00_iv (per-unit share 1.00, per-point share 0.00, median dP/vega ratio 0.0100, theta/day share 1.00)
15:45:10 voltium.loaders vega convention for /Users/andrew/Projects/quant-research/data_store/option_greeks_2017/RAI.parquet: per_1.00_iv (per-unit share 1.00, per-point share 0.00, median dP/vega ratio 0.0100, theta/day share 1.00)
15:45:10 voltium.loaders vega convention for /Users/andrew/Projects/quant-research/data_store/option_greeks_2017/RCL.parquet: per_1.00_iv (per-unit share 1.00, per-point share 0.00, median dP/vega ratio 0.0100, theta/day share 1.00)
15:45:11 voltium.providers.base materialize: 500/659 symbols
15:45:11 voltium.loaders vega convention for /Users/andrew/Projects/quant-research/data_store/option_greeks_2017/REG.parquet: per_1.00_iv (per-unit share 1.00, per-point share 0.00, median dP/vega ratio 0.0100, theta/day share 1.00)
15:45:11 voltium.loaders vega convention for /Users/andrew/Projects/quant-research/data_store/option_greeks_2017/REGN.parquet: per_1.00_iv (per-unit share 1.00, per-point share 0.00, median dP/vega ratio 0.0100, theta/day share 1.00)
15:45:12 voltium.loaders vega convention for /Users/andrew/Projects/quant-research/data_store/option_greeks_2017/RF.parquet: per_1.00_iv (per-unit share 1.00, per-point share 0.00, median dP/vega ratio 0.0101, theta/day share 1.00)
15:45:12 voltium.loaders vega convention for /Users/andrew/Projects/quant-research/data_store/option_greeks_2017/RHI.parquet: per_1.00_iv (per-unit share 1.00, per-point share 0.00, median dP/vega ratio 0.0100, theta/day share 1.00)
15:45:12 voltium.loaders vega convention for /Users/andrew/Projects/quant-research/data_store/option_greeks_2017/RHT.parquet: per_1.00_iv (per-unit share 1.00, per-point share 0.00, median dP/vega ratio 0.0100, theta/day share 1.00)
15:45:12 voltium.loaders vega convention for /Users/andrew/Projects/quant-research/data_store/option_greeks_2017/RIG.parquet: per_1.00_iv (per-unit share 1.00, per-point share 0.00, median dP/vega ratio 0.0100, theta/day share 1.00)
15:45:12 voltium.loaders vega convention for /Users/andrew/Projects/quant-research/data_store/option_greeks_2017/RJF.parquet: per_1.00_iv (per-unit share 1.00, per-point share 0.00, median dP/vega ratio 0.0100, theta/day share 1.00)
15:45:13 voltium.loaders vega convention for /Users/andrew/Projects/quant-research/data_store/option_greeks_2017/RL.parquet: per_1.00_iv (per-unit share 1.00, per-point share 0.00, median dP/vega ratio 0.0100, theta/day share 1.00)
15:45:13 voltium.loaders vega convention for /Users/andrew/Projects/quant-research/data_store/option_greeks_2017/RMD.parquet: per_1.00_iv (per-unit share 1.00, per-point share 0.00, median dP/vega ratio 0.0101, theta/day share 1.00)
15:45:13 voltium.loaders vega convention for /Users/andrew/Projects/quant-research/data_store/option_greeks_2017/ROK.parquet: per_1.00_iv (per-unit share 1.00, per-point share 0.00, median dP/vega ratio 0.0100, theta/day share 1.00)
15:45:13 voltium.loaders vega convention for /Users/andrew/Projects/quant-research/data_store/option_greeks_2018/ROL.parquet: per_1.00_iv (per-unit share 1.00, per-point share 0.00, median dP/vega ratio 0.0101, theta/day share 1.00)
15:45:14 voltium.loaders vega convention for /Users/andrew/Projects/quant-research/data_store/option_greeks_2017/ROP.parquet: per_1.00_iv (per-unit share 1.00, per-point share 0.00, median dP/vega ratio 0.0100, theta/day share 1.00)
15:45:14 voltium.loaders vega convention for /Users/andrew/Projects/quant-research/data_store/option_greeks_2017/ROST.parquet: per_1.00_iv (per-unit share 1.00, per-point share 0.00, median dP/vega ratio 0.0100, theta/day share 1.00)
15:45:14 voltium.loaders vega convention for /Users/andrew/Projects/quant-research/data_store/option_greeks_2017/RRC.parquet: per_1.00_iv (per-unit share 1.00, per-point share 0.00, median dP/vega ratio 0.0100, theta/day share 1.00)
15:45:14 voltium.loaders vega convention for /Users/andrew/Projects/quant-research/data_store/option_greeks_2017/RSG.parquet: per_1.00_iv (per-unit share 1.00, per-point share 0.00, median dP/vega ratio 0.0102, theta/day share 1.00)
15:45:15 voltium.loaders vega convention for /Users/andrew/Projects/quant-research/data_store/option_greeks_2017/RTN.parquet: per_1.00_iv (per-unit share 1.00, per-point share 0.00, median dP/vega ratio 0.0100, theta/day share 1.00)
15:45:15 voltium.loaders vega convention for /Users/andrew/Projects/quant-research/data_store/option_greeks_2020/RTX.parquet: per_1.00_iv (per-unit share 1.00, per-point share 0.00, median dP/vega ratio 0.0100, theta/day share 1.00)
15:45:15 voltium.loaders vega convention for /Users/andrew/Projects/quant-research/data_store/option_greeks_2023/RVTY.parquet: per_1.00_iv (per-unit share 1.00, per-point share 0.00, median dP/vega ratio 0.0100, theta/day share 1.00)
15:45:15 voltium.loaders vega convention for /Users/andrew/Projects/quant-research/data_store/option_greeks_2017/SBAC.parquet: per_1.00_iv (per-unit share 1.00, per-point share 0.00, median dP/vega ratio 0.0100, theta/day share 1.00)
15:45:15 voltium.loaders vega convention for /Users/andrew/Projects/quant-research/data_store/option_greeks_2021/SBNY.parquet: per_1.00_iv (per-unit share 1.00, per-point share 0.00, median dP/vega ratio 0.0100, theta/day share 1.00)
15:45:16 voltium.loaders vega convention for /Users/andrew/Projects/quant-research/data_store/option_greeks_2017/SBUX.parquet: per_1.00_iv (per-unit share 1.00, per-point share 0.00, median dP/vega ratio 0.0100, theta/day share 1.00)
15:45:16 voltium.loaders vega convention for /Users/andrew/Projects/quant-research/data_store/option_greeks_2017/SCG.parquet: per_1.00_iv (per-unit share 1.00, per-point share 0.00, median dP/vega ratio 0.0101, theta/day share 1.00)
15:45:16 voltium.loaders vega convention for /Users/andrew/Projects/quant-research/data_store/option_greeks_2017/SCHW.parquet: per_1.00_iv (per-unit share 1.00, per-point share 0.00, median dP/vega ratio 0.0100, theta/day share 1.00)
15:45:16 voltium.loaders vega convention for /Users/andrew/Projects/quant-research/data_store/option_greeks_2021/SEDG.parquet: per_1.00_iv (per-unit share 1.00, per-point share 0.00, median dP/vega ratio 0.0100, theta/day share 1.00)
15:45:17 voltium.loaders vega convention for /Users/andrew/Projects/quant-research/data_store/option_greeks_2017/SEE.parquet: per_1.00_iv (per-unit share 1.00, per-point share 0.00, median dP/vega ratio 0.0100, theta/day share 1.00)
15:45:17 voltium.loaders vega convention for /Users/andrew/Projects/quant-research/data_store/option_greeks_2017/SHW.parquet: per_1.00_iv (per-unit share 1.00, per-point share 0.00, median dP/vega ratio 0.0100, theta/day share 1.00)
15:45:17 voltium.loaders vega convention for /Users/andrew/Projects/quant-research/data_store/option_greeks_2017/SIG.parquet: per_1.00_iv (per-unit share 1.00, per-point share 0.00, median dP/vega ratio 0.0100, theta/day share 1.00)
15:45:17 voltium.loaders vega convention for /Users/andrew/Projects/quant-research/data_store/option_greeks_2018/SIVB.parquet: per_1.00_iv (per-unit share 1.00, per-point share 0.00, median dP/vega ratio 0.0100, theta/day share 1.00)
15:45:17 voltium.loaders vega convention for /Users/andrew/Projects/quant-research/data_store/option_greeks_2017/SJM.parquet: per_1.00_iv (per-unit share 1.00, per-point share 0.00, median dP/vega ratio 0.0101, theta/day share 1.00)
15:45:18 voltium.loaders vega convention for /Users/andrew/Projects/quant-research/data_store/option_greeks_2017/SLB.parquet: per_1.00_iv (per-unit share 1.00, per-point share 0.00, median dP/vega ratio 0.0100, theta/day share 1.00)
15:45:18 voltium.loaders vega convention for /Users/andrew/Projects/quant-research/data_store/option_greeks_2017/SLG.parquet: per_1.00_iv (per-unit share 1.00, per-point share 0.00, median dP/vega ratio 0.0100, theta/day share 1.00)
15:45:18 voltium.loaders vega convention for /Users/andrew/Projects/quant-research/data_store/option_greeks_2024/SMCI.parquet: per_1.00_iv (per-unit share 1.00, per-point share 0.00, median dP/vega ratio 0.0100, theta/day share 1.00)
15:45:19 voltium.loaders vega convention for /Users/andrew/Projects/quant-research/data_store/option_greeks_2017/SNA.parquet: per_1.00_iv (per-unit share 1.00, per-point share 0.00, median dP/vega ratio 0.0100, theta/day share 1.00)
15:45:19 voltium.loaders vega convention for /Users/andrew/Projects/quant-research/data_store/option_greeks_2017/SNI.parquet: per_1.00_iv (per-unit share 1.00, per-point share 0.00, median dP/vega ratio 0.0100, theta/day share 1.00)
15:45:19 voltium.loaders vega convention for /Users/andrew/Projects/quant-research/data_store/option_greeks_2017/SNPS.parquet: per_1.00_iv (per-unit share 1.00, per-point share 0.00, median dP/vega ratio 0.0100, theta/day share 1.00)
15:45:19 voltium.loaders vega convention for /Users/andrew/Projects/quant-research/data_store/option_greeks_2017/SO.parquet: per_1.00_iv (per-unit share 1.00, per-point share 0.00, median dP/vega ratio 0.0100, theta/day share 1.00)
15:45:20 voltium.loaders vega convention for /Users/andrew/Projects/quant-research/data_store/option_greeks_2024/SOLV.parquet: per_1.00_iv (per-unit share 1.00, per-point share 0.00, median dP/vega ratio 0.0100, theta/day share 1.00)
15:45:20 voltium.loaders vega convention for /Users/andrew/Projects/quant-research/data_store/option_greeks_2017/SPG.parquet: per_1.00_iv (per-unit share 1.00, per-point share 0.00, median dP/vega ratio 0.0100, theta/day share 1.00)
15:45:20 voltium.loaders vega convention for /Users/andrew/Projects/quant-research/data_store/option_greeks_2017/SPGI.parquet: per_1.00_iv (per-unit share 1.00, per-point share 0.00, median dP/vega ratio 0.0100, theta/day share 1.00)
15:45:21 voltium.loaders vega convention for /Users/andrew/Projects/quant-research/data_store/option_greeks_2017/SPLS.parquet: per_1.00_iv (per-unit share 1.00, per-point share 0.00, median dP/vega ratio 0.0100, theta/day share 1.00)
15:45:21 voltium.loaders vega convention for /Users/andrew/Projects/quant-research/data_store/option_greeks_2017/SRCL.parquet: per_1.00_iv (per-unit share 1.00, per-point share 0.00, median dP/vega ratio 0.0100, theta/day share 1.00)
15:45:21 voltium.loaders vega convention for /Users/andrew/Projects/quant-research/data_store/option_greeks_2017/SRE.parquet: per_1.00_iv (per-unit share 1.00, per-point share 0.00, median dP/vega ratio 0.0101, theta/day share 1.00)
15:45:21 voltium.loaders vega convention for /Users/andrew/Projects/quant-research/data_store/option_greeks_2019/STE.parquet: per_1.00_iv (per-unit share 1.00, per-point share 0.00, median dP/vega ratio 0.0100, theta/day share 1.00)
15:45:21 voltium.loaders vega convention for /Users/andrew/Projects/quant-research/data_store/option_greeks_2017/STI.parquet: per_1.00_iv (per-unit share 1.00, per-point share 0.00, median dP/vega ratio 0.0100, theta/day share 1.00)
15:45:21 voltium.loaders vega convention for /Users/andrew/Projects/quant-research/data_store/option_greeks_2022/STLD.parquet: per_1.00_iv (per-unit share 1.00, per-point share 0.00, median dP/vega ratio 0.0100, theta/day share 1.00)
15:45:21 voltium.loaders vega convention for /Users/andrew/Projects/quant-research/data_store/option_greeks_2017/STT.parquet: per_1.00_iv (per-unit share 1.00, per-point share 0.00, median dP/vega ratio 0.0100, theta/day share 1.00)
15:45:22 voltium.loaders vega convention for /Users/andrew/Projects/quant-research/data_store/option_greeks_2017/STX.parquet: per_1.00_iv (per-unit share 1.00, per-point share 0.00, median dP/vega ratio 0.0100, theta/day share 1.00)
15:45:22 voltium.loaders vega convention for /Users/andrew/Projects/quant-research/data_store/option_greeks_2017/STZ.parquet: per_1.00_iv (per-unit share 1.00, per-point share 0.00, median dP/vega ratio 0.0100, theta/day share 1.00)
15:45:23 voltium.loaders vega convention for /Users/andrew/Projects/quant-research/data_store/option_greeks_2024/SW.parquet: per_1.00_iv (per-unit share 1.00, per-point share 0.00, median dP/vega ratio 0.0100, theta/day share 1.00)
15:45:23 voltium.loaders vega convention for /Users/andrew/Projects/quant-research/data_store/option_greeks_2017/SWK.parquet: per_1.00_iv (per-unit share 1.00, per-point share 0.00, median dP/vega ratio 0.0100, theta/day share 1.00)
15:45:23 voltium.loaders vega convention for /Users/andrew/Projects/quant-research/data_store/option_greeks_2017/SWKS.parquet: per_1.00_iv (per-unit share 1.00, per-point share 0.00, median dP/vega ratio 0.0100, theta/day share 1.00)
15:45:23 voltium.loaders vega convention for /Users/andrew/Projects/quant-research/data_store/option_greeks_2017/SYF.parquet: per_1.00_iv (per-unit share 1.00, per-point share 0.00, median dP/vega ratio 0.0100, theta/day share 1.00)
15:45:24 voltium.loaders vega convention for /Users/andrew/Projects/quant-research/data_store/option_greeks_2017/SYK.parquet: per_1.00_iv (per-unit share 1.00, per-point share 0.00, median dP/vega ratio 0.0100, theta/day share 1.00)
15:45:24 voltium.loaders vega convention for /Users/andrew/Projects/quant-research/data_store/option_greeks_2017/SYY.parquet: per_1.00_iv (per-unit share 1.00, per-point share 0.00, median dP/vega ratio 0.0100, theta/day share 1.00)
15:45:24 voltium.loaders vega convention for /Users/andrew/Projects/quant-research/data_store/option_greeks_2017/T.parquet: per_1.00_iv (per-unit share 1.00, per-point share 0.00, median dP/vega ratio 0.0101, theta/day share 1.00)
15:45:25 voltium.loaders vega convention for /Users/andrew/Projects/quant-research/data_store/option_greeks_2017/TAP.parquet: per_1.00_iv (per-unit share 1.00, per-point share 0.00, median dP/vega ratio 0.0100, theta/day share 1.00)
15:45:25 voltium.loaders vega convention for /Users/andrew/Projects/quant-research/data_store/option_greeks_2017/TDC.parquet: per_1.00_iv (per-unit share 1.00, per-point share 0.00, median dP/vega ratio 0.0101, theta/day share 1.00)
15:45:25 voltium.loaders vega convention for /Users/andrew/Projects/quant-research/data_store/option_greeks_2017/TDG.parquet: per_1.00_iv (per-unit share 1.00, per-point share 0.00, median dP/vega ratio 0.0100, theta/day share 1.00)
15:45:26 voltium.loaders vega convention for /Users/andrew/Projects/quant-research/data_store/option_greeks_2020/TDY.parquet: per_1.00_iv (per-unit share 1.00, per-point share 0.00, median dP/vega ratio 0.0100, theta/day share 1.00)
15:45:26 voltium.loaders vega convention for /Users/andrew/Projects/quant-research/data_store/option_greeks_2021/TECH.parquet: per_1.00_iv (per-unit share 1.00, per-point share 0.00, median dP/vega ratio 0.0100, theta/day share 1.00)
15:45:26 voltium.loaders vega convention for /Users/andrew/Projects/quant-research/data_store/option_greeks_2017/TEL.parquet: per_1.00_iv (per-unit share 1.00, per-point share 0.00, median dP/vega ratio 0.0100, theta/day share 1.00)
15:45:26 voltium.loaders vega convention for /Users/andrew/Projects/quant-research/data_store/option_greeks_2020/TER.parquet: per_1.00_iv (per-unit share 1.00, per-point share 0.00, median dP/vega ratio 0.0100, theta/day share 1.00)
15:45:26 voltium.loaders vega convention for /Users/andrew/Projects/quant-research/data_store/option_greeks_2019/TFC.parquet: per_1.00_iv (per-unit share 1.00, per-point share 0.00, median dP/vega ratio 0.0100, theta/day share 1.00)
15:45:27 voltium.loaders vega convention for /Users/andrew/Projects/quant-research/data_store/option_greeks_2019/TFX.parquet: per_1.00_iv (per-unit share 1.00, per-point share 0.00, median dP/vega ratio 0.0100, theta/day share 1.00)
15:45:27 voltium.loaders vega convention for /Users/andrew/Projects/quant-research/data_store/option_greeks_2017/TGNA.parquet: per_1.00_iv (per-unit share 1.00, per-point share 0.00, median dP/vega ratio 0.0101, theta/day share 1.00)
15:45:27 voltium.loaders vega convention for /Users/andrew/Projects/quant-research/data_store/option_greeks_2017/TGT.parquet: per_1.00_iv (per-unit share 1.00, per-point share 0.00, median dP/vega ratio 0.0100, theta/day share 1.00)
15:45:27 voltium.loaders vega convention for /Users/andrew/Projects/quant-research/data_store/option_greeks_2017/TIF.parquet: per_1.00_iv (per-unit share 1.00, per-point share 0.00, median dP/vega ratio 0.0100, theta/day share 1.00)
15:45:28 voltium.loaders vega convention for /Users/andrew/Projects/quant-research/data_store/option_greeks_2017/TJX.parquet: per_1.00_iv (per-unit share 1.00, per-point share 0.00, median dP/vega ratio 0.0100, theta/day share 1.00)
15:45:28 voltium.loaders vega convention for /Users/andrew/Projects/quant-research/data_store/option_greeks/TKO.parquet: per_1.00_iv (per-unit share 1.00, per-point share 0.00, median dP/vega ratio 0.0101, theta/day share 1.00)
15:45:28 voltium.loaders vega convention for /Users/andrew/Projects/quant-research/data_store/option_greeks_2017/TMO.parquet: per_1.00_iv (per-unit share 1.00, per-point share 0.00, median dP/vega ratio 0.0100, theta/day share 1.00)
15:45:28 voltium.loaders vega convention for /Users/andrew/Projects/quant-research/data_store/option_greeks_2019/TMUS.parquet: per_1.00_iv (per-unit share 1.00, per-point share 0.00, median dP/vega ratio 0.0100, theta/day share 1.00)
15:45:29 voltium.loaders vega convention for /Users/andrew/Projects/quant-research/data_store/option_greeks_2024/TPL.parquet: per_1.00_iv (per-unit share 1.00, per-point share 0.00, median dP/vega ratio 0.0100, theta/day share 1.00)
15:45:29 voltium.loaders vega convention for /Users/andrew/Projects/quant-research/data_store/option_greeks_2017/TPR.parquet: per_1.00_iv (per-unit share 1.00, per-point share 0.00, median dP/vega ratio 0.0100, theta/day share 1.00)
15:45:29 voltium.loaders vega convention for /Users/andrew/Projects/quant-research/data_store/option_greeks_2022/TRGP.parquet: per_1.00_iv (per-unit share 1.00, per-point share 0.00, median dP/vega ratio 0.0100, theta/day share 1.00)
15:45:29 voltium.loaders vega convention for /Users/andrew/Projects/quant-research/data_store/option_greeks_2017/TRIP.parquet: per_1.00_iv (per-unit share 1.00, per-point share 0.00, median dP/vega ratio 0.0100, theta/day share 1.00)
15:45:29 voltium.loaders vega convention for /Users/andrew/Projects/quant-research/data_store/option_greeks_2021/TRMB.parquet: per_1.00_iv (per-unit share 1.00, per-point share 0.00, median dP/vega ratio 0.0100, theta/day share 1.00)
15:45:30 voltium.loaders vega convention for /Users/andrew/Projects/quant-research/data_store/option_greeks_2017/TROW.parquet: per_1.00_iv (per-unit share 1.00, per-point share 0.00, median dP/vega ratio 0.0101, theta/day share 1.00)
15:45:30 voltium.loaders vega convention for /Users/andrew/Projects/quant-research/data_store/option_greeks_2017/TRV.parquet: per_1.00_iv (per-unit share 1.00, per-point share 0.00, median dP/vega ratio 0.0101, theta/day share 1.00)
15:45:30 voltium.loaders vega convention for /Users/andrew/Projects/quant-research/data_store/option_greeks_2017/TSCO.parquet: per_1.00_iv (per-unit share 1.00, per-point share 0.00, median dP/vega ratio 0.0100, theta/day share 1.00)
15:45:31 voltium.loaders vega convention for /Users/andrew/Projects/quant-research/data_store/option_greeks_2020/TSLA.parquet: per_1.00_iv (per-unit share 1.00, per-point share 0.00, median dP/vega ratio 0.0100, theta/day share 1.00)
15:45:32 voltium.loaders vega convention for /Users/andrew/Projects/quant-research/data_store/option_greeks_2017/TSN.parquet: per_1.00_iv (per-unit share 1.00, per-point share 0.00, median dP/vega ratio 0.0100, theta/day share 1.00)
15:45:32 voltium.loaders vega convention for /Users/andrew/Projects/quant-research/data_store/option_greeks_2017/TSS.parquet: per_1.00_iv (per-unit share 1.00, per-point share 0.00, median dP/vega ratio 0.0101, theta/day share 1.00)
15:45:32 voltium.loaders vega convention for /Users/andrew/Projects/quant-research/data_store/option_greeks_2020/TT.parquet: per_1.00_iv (per-unit share 1.00, per-point share 0.00, median dP/vega ratio 0.0100, theta/day share 1.00)
15:45:32 voltium.loaders vega convention for /Users/andrew/Projects/quant-research/data_store/option_greeks/TTD.parquet: per_1.00_iv (per-unit share 1.00, per-point share 0.00, median dP/vega ratio 0.0100, theta/day share 1.00)
15:45:33 voltium.loaders vega convention for /Users/andrew/Projects/quant-research/data_store/option_greeks_2018/TTWO.parquet: per_1.00_iv (per-unit share 1.00, per-point share 0.00, median dP/vega ratio 0.0100, theta/day share 1.00)
15:45:33 voltium.loaders vega convention for /Users/andrew/Projects/quant-research/data_store/option_greeks_2018/TWTR.parquet: per_1.00_iv (per-unit share 1.00, per-point share 0.00, median dP/vega ratio 0.0100, theta/day share 1.00)
15:45:33 voltium.loaders vega convention for /Users/andrew/Projects/quant-research/data_store/option_greeks_2017/TWX.parquet: per_1.00_iv (per-unit share 1.00, per-point share 0.00, median dP/vega ratio 0.0100, theta/day share 1.00)
15:45:33 voltium.loaders vega convention for /Users/andrew/Projects/quant-research/data_store/option_greeks_2017/TXN.parquet: per_1.00_iv (per-unit share 1.00, per-point share 0.00, median dP/vega ratio 0.0100, theta/day share 1.00)
15:45:34 voltium.loaders vega convention for /Users/andrew/Projects/quant-research/data_store/option_greeks_2017/TXT.parquet: per_1.00_iv (per-unit share 1.00, per-point share 0.00, median dP/vega ratio 0.0099, theta/day share 1.00)
15:45:34 voltium.loaders vega convention for /Users/andrew/Projects/quant-research/data_store/option_greeks_2020/TYL.parquet: per_1.00_iv (per-unit share 1.00, per-point share 0.00, median dP/vega ratio 0.0100, theta/day share 1.00)
15:45:34 voltium.loaders vega convention for /Users/andrew/Projects/quant-research/data_store/option_greeks_2017/UA.parquet: per_1.00_iv (per-unit share 1.00, per-point share 0.00, median dP/vega ratio 0.0100, theta/day share 1.00)
15:45:34 voltium.loaders vega convention for /Users/andrew/Projects/quant-research/data_store/option_greeks_2017/UAA.parquet: per_1.00_iv (per-unit share 1.00, per-point share 0.00, median dP/vega ratio 0.0101, theta/day share 1.00)
15:45:35 voltium.loaders vega convention for /Users/andrew/Projects/quant-research/data_store/option_greeks_2017/UAL.parquet: per_1.00_iv (per-unit share 1.00, per-point share 0.00, median dP/vega ratio 0.0100, theta/day share 1.00)
15:45:35 voltium.loaders vega convention for /Users/andrew/Projects/quant-research/data_store/option_greeks_2023/UBER.parquet: per_1.00_iv (per-unit share 1.00, per-point share 0.00, median dP/vega ratio 0.0100, theta/day share 1.00)
15:45:35 voltium.loaders vega convention for /Users/andrew/Projects/quant-research/data_store/option_greeks_2017/UDR.parquet: per_1.00_iv (per-unit share 1.00, per-point share 0.00, median dP/vega ratio 0.0100, theta/day share 1.00)
15:45:35 voltium.loaders vega convention for /Users/andrew/Projects/quant-research/data_store/option_greeks_2017/UHS.parquet: per_1.00_iv (per-unit share 1.00, per-point share 0.00, median dP/vega ratio 0.0100, theta/day share 1.00)
15:45:36 voltium.loaders vega convention for /Users/andrew/Projects/quant-research/data_store/option_greeks_2017/ULTA.parquet: per_1.00_iv (per-unit share 1.00, per-point share 0.00, median dP/vega ratio 0.0100, theta/day share 1.00)
15:45:36 voltium.loaders vega convention for /Users/andrew/Projects/quant-research/data_store/option_greeks_2017/UNH.parquet: per_1.00_iv (per-unit share 1.00, per-point share 0.00, median dP/vega ratio 0.0100, theta/day share 1.00)
15:45:37 voltium.loaders vega convention for /Users/andrew/Projects/quant-research/data_store/option_greeks_2017/UNM.parquet: per_1.00_iv (per-unit share 1.00, per-point share 0.00, median dP/vega ratio 0.0100, theta/day share 1.00)
15:45:37 voltium.loaders vega convention for /Users/andrew/Projects/quant-research/data_store/option_greeks_2017/UNP.parquet: per_1.00_iv (per-unit share 1.00, per-point share 0.00, median dP/vega ratio 0.0100, theta/day share 1.00)
15:45:37 voltium.providers.base materialize: 600/659 symbols
15:45:37 voltium.loaders vega convention for /Users/andrew/Projects/quant-research/data_store/option_greeks_2017/UPS.parquet: per_1.00_iv (per-unit share 1.00, per-point share 0.00, median dP/vega ratio 0.0100, theta/day share 1.00)
15:45:38 voltium.loaders vega convention for /Users/andrew/Projects/quant-research/data_store/option_greeks_2017/URI.parquet: per_1.00_iv (per-unit share 1.00, per-point share 0.00, median dP/vega ratio 0.0100, theta/day share 1.00)
15:45:38 voltium.loaders vega convention for /Users/andrew/Projects/quant-research/data_store/option_greeks_2017/USB.parquet: per_1.00_iv (per-unit share 1.00, per-point share 0.00, median dP/vega ratio 0.0100, theta/day share 1.00)
15:45:38 voltium.loaders vega convention for /Users/andrew/Projects/quant-research/data_store/option_greeks_2017/V.parquet: per_1.00_iv (per-unit share 1.00, per-point share 0.00, median dP/vega ratio 0.0100, theta/day share 1.00)
15:45:39 voltium.loaders vega convention for /Users/andrew/Projects/quant-research/data_store/option_greeks_2017/VAR.parquet: per_1.00_iv (per-unit share 1.00, per-point share 0.00, median dP/vega ratio 0.0100, theta/day share 1.00)
15:45:39 voltium.loaders vega convention for /Users/andrew/Projects/quant-research/data_store/option_greeks_2017/VFC.parquet: per_1.00_iv (per-unit share 1.00, per-point share 0.00, median dP/vega ratio 0.0100, theta/day share 1.00)
15:45:39 voltium.loaders vega convention for /Users/andrew/Projects/quant-research/data_store/option_greeks_2017/VIAB.parquet: per_1.00_iv (per-unit share 1.00, per-point share 0.00, median dP/vega ratio 0.0100, theta/day share 1.00)
15:45:39 voltium.loaders vega convention for /Users/andrew/Projects/quant-research/data_store/option_greeks_2022/VICI.parquet: per_1.00_iv (per-unit share 1.00, per-point share 0.00, median dP/vega ratio 0.0102, theta/day share 1.00)
15:45:40 voltium.loaders vega convention for /Users/andrew/Projects/quant-research/data_store/option_greeks_2017/VLO.parquet: per_1.00_iv (per-unit share 1.00, per-point share 0.00, median dP/vega ratio 0.0100, theta/day share 1.00)
15:45:40 voltium.loaders vega convention for /Users/andrew/Projects/quant-research/data_store/option_greeks_2023/VLTO.parquet: per_1.00_iv (per-unit share 1.00, per-point share 0.00, median dP/vega ratio 0.0100, theta/day share 1.00)
15:45:40 voltium.loaders vega convention for /Users/andrew/Projects/quant-research/data_store/option_greeks_2017/VMC.parquet: per_1.00_iv (per-unit share 1.00, per-point share 0.00, median dP/vega ratio 0.0100, theta/day share 1.00)
15:45:40 voltium.loaders vega convention for /Users/andrew/Projects/quant-research/data_store/option_greeks_2017/VNO.parquet: per_1.00_iv (per-unit share 1.00, per-point share 0.00, median dP/vega ratio 0.0100, theta/day share 1.00)
15:45:41 voltium.loaders vega convention for /Users/andrew/Projects/quant-research/data_store/option_greeks_2020/VNT.parquet: per_1.00_iv (per-unit share 1.00, per-point share 0.00, median dP/vega ratio 0.0100, theta/day share 1.00)
15:45:41 voltium.loaders vega convention for /Users/andrew/Projects/quant-research/data_store/option_greeks_2017/VRSK.parquet: per_1.00_iv (per-unit share 1.00, per-point share 0.00, median dP/vega ratio 0.0100, theta/day share 1.00)
15:45:41 voltium.loaders vega convention for /Users/andrew/Projects/quant-research/data_store/option_greeks_2017/VRSN.parquet: per_1.00_iv (per-unit share 1.00, per-point share 0.00, median dP/vega ratio 0.0100, theta/day share 1.00)
15:45:41 voltium.loaders vega convention for /Users/andrew/Projects/quant-research/data_store/option_greeks_2017/VRTX.parquet: per_1.00_iv (per-unit share 1.00, per-point share 0.00, median dP/vega ratio 0.0100, theta/day share 1.00)
15:45:42 voltium.loaders vega convention for /Users/andrew/Projects/quant-research/data_store/option_greeks_2024/VST.parquet: per_1.00_iv (per-unit share 1.00, per-point share 0.00, median dP/vega ratio 0.0100, theta/day share 1.00)
15:45:42 voltium.loaders vega convention for /Users/andrew/Projects/quant-research/data_store/option_greeks_2017/VTR.parquet: per_1.00_iv (per-unit share 1.00, per-point share 0.00, median dP/vega ratio 0.0101, theta/day share 1.00)
15:45:42 voltium.loaders vega convention for /Users/andrew/Projects/quant-research/data_store/option_greeks_2020/VTRS.parquet: per_1.00_iv (per-unit share 1.00, per-point share 0.00, median dP/vega ratio 0.0100, theta/day share 1.00)
15:45:42 voltium.loaders vega convention for /Users/andrew/Projects/quant-research/data_store/option_greeks_2017/VZ.parquet: per_1.00_iv (per-unit share 1.00, per-point share 0.00, median dP/vega ratio 0.0101, theta/day share 1.00)
15:45:42 voltium.loaders vega convention for /Users/andrew/Projects/quant-research/data_store/option_greeks_2019/WAB.parquet: per_1.00_iv (per-unit share 1.00, per-point share 0.00, median dP/vega ratio 0.0100, theta/day share 1.00)
15:45:43 voltium.loaders vega convention for /Users/andrew/Projects/quant-research/data_store/option_greeks_2017/WAT.parquet: per_1.00_iv (per-unit share 1.00, per-point share 0.00, median dP/vega ratio 0.0100, theta/day share 1.00)
15:45:43 voltium.loaders vega convention for /Users/andrew/Projects/quant-research/data_store/option_greeks_2017/WBA.parquet: per_1.00_iv (per-unit share 1.00, per-point share 0.00, median dP/vega ratio 0.0100, theta/day share 1.00)
15:45:43 voltium.loaders vega convention for /Users/andrew/Projects/quant-research/data_store/option_greeks_2022/WBD.parquet: per_1.00_iv (per-unit share 1.00, per-point share 0.00, median dP/vega ratio 0.0100, theta/day share 1.00)
15:45:44 voltium.loaders vega convention for /Users/andrew/Projects/quant-research/data_store/option_greeks_2018/WCG.parquet: per_1.00_iv (per-unit share 1.00, per-point share 0.00, median dP/vega ratio 0.0100, theta/day share 1.00)
15:45:44 voltium.loaders vega convention for /Users/andrew/Projects/quant-research/data_store/option_greeks_2024/WDAY.parquet: per_1.00_iv (per-unit share 1.00, per-point share 0.00, median dP/vega ratio 0.0100, theta/day share 1.00)
15:45:44 voltium.loaders vega convention for /Users/andrew/Projects/quant-research/data_store/option_greeks_2017/WDC.parquet: per_1.00_iv (per-unit share 1.00, per-point share 0.00, median dP/vega ratio 0.0100, theta/day share 1.00)
15:45:44 voltium.loaders vega convention for /Users/andrew/Projects/quant-research/data_store/option_greeks_2017/WEC.parquet: per_1.00_iv (per-unit share 1.00, per-point share 0.00, median dP/vega ratio 0.0101, theta/day share 1.00)
15:45:44 voltium.loaders vega convention for /Users/andrew/Projects/quant-research/data_store/option_greeks_2018/WELL.parquet: per_1.00_iv (per-unit share 1.00, per-point share 0.00, median dP/vega ratio 0.0102, theta/day share 1.00)
15:45:45 voltium.loaders vega convention for /Users/andrew/Projects/quant-research/data_store/option_greeks_2017/WFC.parquet: per_1.00_iv (per-unit share 1.00, per-point share 0.00, median dP/vega ratio 0.0100, theta/day share 1.00)
15:45:45 voltium.loaders vega convention for /Users/andrew/Projects/quant-research/data_store/option_greeks_2017/WFM.parquet: per_1.00_iv (per-unit share 1.00, per-point share 0.00, median dP/vega ratio 0.0101, theta/day share 1.00)
15:45:45 voltium.loaders vega convention for /Users/andrew/Projects/quant-research/data_store/option_greeks_2017/WHR.parquet: per_1.00_iv (per-unit share 1.00, per-point share 0.00, median dP/vega ratio 0.0100, theta/day share 1.00)
15:45:46 voltium.loaders vega convention for /Users/andrew/Projects/quant-research/data_store/option_greeks_2017/WLTW.parquet: per_1.00_iv (per-unit share 1.00, per-point share 0.00, median dP/vega ratio 0.0100, theta/day share 1.00)
15:45:46 voltium.loaders vega convention for /Users/andrew/Projects/quant-research/data_store/option_greeks_2017/WM.parquet: per_1.00_iv (per-unit share 1.00, per-point share 0.00, median dP/vega ratio 0.0100, theta/day share 1.00)
15:45:46 voltium.loaders vega convention for /Users/andrew/Projects/quant-research/data_store/option_greeks_2017/WMB.parquet: per_1.00_iv (per-unit share 1.00, per-point share 0.00, median dP/vega ratio 0.0100, theta/day share 1.00)
15:45:47 voltium.loaders vega convention for /Users/andrew/Projects/quant-research/data_store/option_greeks_2017/WMT.parquet: per_1.00_iv (per-unit share 1.00, per-point share 0.00, median dP/vega ratio 0.0100, theta/day share 1.00)
15:45:47 voltium.loaders vega convention for /Users/andrew/Projects/quant-research/data_store/option_greeks_2019/WRB.parquet: per_1.00_iv (per-unit share 1.00, per-point share 0.00, median dP/vega ratio 0.0100, theta/day share 1.00)
15:45:47 voltium.loaders vega convention for /Users/andrew/Projects/quant-research/data_store/option_greeks/WSM.parquet: per_1.00_iv (per-unit share 1.00, per-point share 0.00, median dP/vega ratio 0.0101, theta/day share 1.00)
15:45:47 voltium.loaders vega convention for /Users/andrew/Projects/quant-research/data_store/option_greeks_2020/WST.parquet: per_1.00_iv (per-unit share 1.00, per-point share 0.00, median dP/vega ratio 0.0100, theta/day share 1.00)
15:45:47 voltium.loaders vega convention for /Users/andrew/Projects/quant-research/data_store/option_greeks_2022/WTW.parquet: per_1.00_iv (per-unit share 1.00, per-point share 0.00, median dP/vega ratio 0.0099, theta/day share 1.00)
15:45:48 voltium.loaders vega convention for /Users/andrew/Projects/quant-research/data_store/option_greeks_2017/WU.parquet: per_1.00_iv (per-unit share 1.00, per-point share 0.00, median dP/vega ratio 0.0100, theta/day share 1.00)
15:45:48 voltium.loaders vega convention for /Users/andrew/Projects/quant-research/data_store/option_greeks_2017/WY.parquet: per_1.00_iv (per-unit share 1.00, per-point share 0.00, median dP/vega ratio 0.0100, theta/day share 1.00)
15:45:48 voltium.loaders vega convention for /Users/andrew/Projects/quant-research/data_store/option_greeks_2017/WYN.parquet: per_1.00_iv (per-unit share 1.00, per-point share 0.00, median dP/vega ratio 0.0100, theta/day share 1.00)
15:45:48 voltium.loaders vega convention for /Users/andrew/Projects/quant-research/data_store/option_greeks_2017/WYNN.parquet: per_1.00_iv (per-unit share 1.00, per-point share 0.00, median dP/vega ratio 0.0100, theta/day share 1.00)
15:45:49 voltium.loaders vega convention for /Users/andrew/Projects/quant-research/data_store/option_greeks_2017/XEC.parquet: per_1.00_iv (per-unit share 1.00, per-point share 0.00, median dP/vega ratio 0.0100, theta/day share 1.00)
15:45:49 voltium.loaders vega convention for /Users/andrew/Projects/quant-research/data_store/option_greeks_2017/XEL.parquet: per_1.00_iv (per-unit share 1.00, per-point share 0.00, median dP/vega ratio 0.0100, theta/day share 1.00)
15:45:49 voltium.loaders vega convention for /Users/andrew/Projects/quant-research/data_store/option_greeks_2017/XL.parquet: per_1.00_iv (per-unit share 1.00, per-point share 0.00, median dP/vega ratio 0.0100, theta/day share 1.00)
15:45:49 voltium.loaders vega convention for /Users/andrew/Projects/quant-research/data_store/option_greeks_2017/XLNX.parquet: per_1.00_iv (per-unit share 1.00, per-point share 0.00, median dP/vega ratio 0.0100, theta/day share 1.00)
15:45:49 voltium.loaders vega convention for /Users/andrew/Projects/quant-research/data_store/option_greeks_2017/XOM.parquet: per_1.00_iv (per-unit share 1.00, per-point share 0.00, median dP/vega ratio 0.0100, theta/day share 1.00)
15:45:50 voltium.loaders vega convention for /Users/andrew/Projects/quant-research/data_store/option_greeks_2017/XRAY.parquet: per_1.00_iv (per-unit share 1.00, per-point share 0.00, median dP/vega ratio 0.0101, theta/day share 1.00)
15:45:50 voltium.loaders vega convention for /Users/andrew/Projects/quant-research/data_store/option_greeks_2017/XRX.parquet: per_1.00_iv (per-unit share 1.00, per-point share 0.00, median dP/vega ratio 0.0100, theta/day share 1.00)
15:45:50 voltium.loaders vega convention for /Users/andrew/Projects/quant-research/data_store/option_greeks_2017/XYL.parquet: per_1.00_iv (per-unit share 1.00, per-point share 0.00, median dP/vega ratio 0.0101, theta/day share 1.00)
15:45:51 voltium.loaders vega convention for /Users/andrew/Projects/quant-research/data_store/option_greeks/XYZ.parquet: per_1.00_iv (per-unit share 1.00, per-point share 0.00, median dP/vega ratio 0.0100, theta/day share 1.00)
15:45:51 voltium.loaders vega convention for /Users/andrew/Projects/quant-research/data_store/option_greeks_2017/YHOO.parquet: per_1.00_iv (per-unit share 1.00, per-point share 0.00, median dP/vega ratio 0.0100, theta/day share 1.00)
15:45:51 voltium.loaders vega convention for /Users/andrew/Projects/quant-research/data_store/option_greeks_2017/YUM.parquet: per_1.00_iv (per-unit share 1.00, per-point share 0.00, median dP/vega ratio 0.0101, theta/day share 1.00)
15:45:51 voltium.loaders vega convention for /Users/andrew/Projects/quant-research/data_store/option_greeks_2017/ZBH.parquet: per_1.00_iv (per-unit share 1.00, per-point share 0.00, median dP/vega ratio 0.0100, theta/day share 1.00)
15:45:51 voltium.loaders vega convention for /Users/andrew/Projects/quant-research/data_store/option_greeks_2019/ZBRA.parquet: per_1.00_iv (per-unit share 1.00, per-point share 0.00, median dP/vega ratio 0.0100, theta/day share 1.00)
15:45:52 voltium.loaders vega convention for /Users/andrew/Projects/quant-research/data_store/option_greeks_2017/ZION.parquet: per_1.00_iv (per-unit share 1.00, per-point share 0.00, median dP/vega ratio 0.0100, theta/day share 1.00)
15:45:52 voltium.loaders vega convention for /Users/andrew/Projects/quant-research/data_store/option_greeks_2017/ZTS.parquet: per_1.00_iv (per-unit share 1.00, per-point share 0.00, median dP/vega ratio 0.0100, theta/day share 1.00)
15:45:52 voltium.providers.base materialize: 659/659 symbols
15:45:52 voltium.loaders vega convention for /Users/andrew/Projects/quant-research/data_store/index_greeks_2017/SPX.parquet: per_1.00_iv (per-unit share 1.00, per-point share 0.00, median dP/vega ratio 0.0100, theta/day share 1.00)
15:45:54 level_book surface: 1067345 rows (198s)
15:45:54 voltium.loaders vega convention for /Users/andrew/Projects/quant-research/data_store/option_greeks_2017/A.parquet: per_1.00_iv (per-unit share 1.00, per-point share 0.00, median dP/vega ratio 0.0100, theta/day share 1.00)
15:45:54 voltium.loaders vega convention for /Users/andrew/Projects/quant-research/data_store/option_greeks_2017/AAL.parquet: per_1.00_iv (per-unit share 1.00, per-point share 0.00, median dP/vega ratio 0.0100, theta/day share 1.00)
15:45:54 voltium.loaders vega convention for /Users/andrew/Projects/quant-research/data_store/option_greeks_2017/AAP.parquet: per_1.00_iv (per-unit share 1.00, per-point share 0.00, median dP/vega ratio 0.0100, theta/day share 1.00)
15:45:54 voltium.loaders vega convention for /Users/andrew/Projects/quant-research/data_store/option_greeks_2017/AAPL.parquet: per_1.00_iv (per-unit share 1.00, per-point share 0.00, median dP/vega ratio 0.0100, theta/day share 1.00)
15:45:54 voltium.loaders vega convention for /Users/andrew/Projects/quant-research/data_store/option_greeks_2017/ABBV.parquet: per_1.00_iv (per-unit share 1.00, per-point share 0.00, median dP/vega ratio 0.0100, theta/day share 1.00)
15:45:54 voltium.loaders vega convention for /Users/andrew/Projects/quant-research/data_store/option_greeks_2018/ABMD.parquet: per_1.00_iv (per-unit share 1.00, per-point share 0.00, median dP/vega ratio 0.0100, theta/day share 1.00)
15:45:55 voltium.loaders vega convention for /Users/andrew/Projects/quant-research/data_store/option_greeks_2023/ABNB.parquet: per_1.00_iv (per-unit share 1.00, per-point share 0.00, median dP/vega ratio 0.0100, theta/day share 1.00)
15:45:55 voltium.loaders vega convention for /Users/andrew/Projects/quant-research/data_store/option_greeks_2017/ABT.parquet: per_1.00_iv (per-unit share 1.00, per-point share 0.00, median dP/vega ratio 0.0101, theta/day share 1.00)
15:45:55 voltium.loaders vega convention for /Users/andrew/Projects/quant-research/data_store/option_greeks_2022/ACGL.parquet: per_1.00_iv (per-unit share 1.00, per-point share 0.00, median dP/vega ratio 0.0100, theta/day share 1.00)
15:45:55 voltium.loaders vega convention for /Users/andrew/Projects/quant-research/data_store/option_greeks_2017/ACN.parquet: per_1.00_iv (per-unit share 1.00, per-point share 0.00, median dP/vega ratio 0.0100, theta/day share 1.00)
15:45:55 voltium.loaders vega convention for /Users/andrew/Projects/quant-research/data_store/option_greeks_2017/ADBE.parquet: per_1.00_iv (per-unit share 1.00, per-point share 0.00, median dP/vega ratio 0.0100, theta/day share 1.00)
15:45:56 voltium.loaders vega convention for /Users/andrew/Projects/quant-research/data_store/option_greeks_2017/ADI.parquet: per_1.00_iv (per-unit share 1.00, per-point share 0.00, median dP/vega ratio 0.0100, theta/day share 1.00)
15:45:56 voltium.loaders vega convention for /Users/andrew/Projects/quant-research/data_store/option_greeks_2017/ADM.parquet: per_1.00_iv (per-unit share 1.00, per-point share 0.00, median dP/vega ratio 0.0100, theta/day share 1.00)
15:45:56 voltium.loaders vega convention for /Users/andrew/Projects/quant-research/data_store/option_greeks_2017/ADP.parquet: per_1.00_iv (per-unit share 1.00, per-point share 0.00, median dP/vega ratio 0.0099, theta/day share 1.00)
15:45:56 voltium.loaders vega convention for /Users/andrew/Projects/quant-research/data_store/option_greeks_2017/ADS.parquet: per_1.00_iv (per-unit share 1.00, per-point share 0.00, median dP/vega ratio 0.0101, theta/day share 1.00)
15:45:56 voltium.loaders vega convention for /Users/andrew/Projects/quant-research/data_store/option_greeks_2017/ADSK.parquet: per_1.00_iv (per-unit share 1.00, per-point share 0.00, median dP/vega ratio 0.0100, theta/day share 1.00)
15:45:56 voltium.loaders vega convention for /Users/andrew/Projects/quant-research/data_store/option_greeks_2017/AEE.parquet: per_1.00_iv (per-unit share 1.00, per-point share 0.00, median dP/vega ratio 0.0102, theta/day share 1.00)
15:45:56 voltium.loaders vega convention for /Users/andrew/Projects/quant-research/data_store/option_greeks_2017/AEP.parquet: per_1.00_iv (per-unit share 1.00, per-point share 0.00, median dP/vega ratio 0.0101, theta/day share 1.00)
15:45:56 voltium.loaders vega convention for /Users/andrew/Projects/quant-research/data_store/option_greeks_2017/AES.parquet: per_1.00_iv (per-unit share 1.00, per-point share 0.00, median dP/vega ratio 0.0101, theta/day share 1.00)
15:45:57 voltium.loaders vega convention for /Users/andrew/Projects/quant-research/data_store/option_greeks_2017/AET.parquet: per_1.00_iv (per-unit share 1.00, per-point share 0.00, median dP/vega ratio 0.0100, theta/day share 1.00)
15:45:57 voltium.loaders vega convention for /Users/andrew/Projects/quant-research/data_store/option_greeks_2017/AFL.parquet: per_1.00_iv (per-unit share 1.00, per-point share 0.00, median dP/vega ratio 0.0100, theta/day share 1.00)
15:45:57 voltium.loaders vega convention for /Users/andrew/Projects/quant-research/data_store/option_greeks_2017/AGN.parquet: per_1.00_iv (per-unit share 1.00, per-point share 0.00, median dP/vega ratio 0.0100, theta/day share 1.00)
15:45:57 voltium.loaders vega convention for /Users/andrew/Projects/quant-research/data_store/option_greeks_2017/AIG.parquet: per_1.00_iv (per-unit share 1.00, per-point share 0.00, median dP/vega ratio 0.0100, theta/day share 1.00)
15:45:57 voltium.loaders vega convention for /Users/andrew/Projects/quant-research/data_store/option_greeks_2017/AIV.parquet: per_1.00_iv (per-unit share 1.00, per-point share 0.00, median dP/vega ratio 0.0100, theta/day share 1.00)
15:45:57 voltium.loaders vega convention for /Users/andrew/Projects/quant-research/data_store/option_greeks_2017/AIZ.parquet: per_1.00_iv (per-unit share 1.00, per-point share 0.00, median dP/vega ratio 0.0100, theta/day share 1.00)
15:45:57 voltium.loaders vega convention for /Users/andrew/Projects/quant-research/data_store/option_greeks_2017/AJG.parquet: per_1.00_iv (per-unit share 1.00, per-point share 0.00, median dP/vega ratio 0.0102, theta/day share 1.00)
15:45:57 voltium.loaders vega convention for /Users/andrew/Projects/quant-research/data_store/option_greeks_2017/AKAM.parquet: per_1.00_iv (per-unit share 1.00, per-point share 0.00, median dP/vega ratio 0.0100, theta/day share 1.00)
15:45:57 voltium.loaders vega convention for /Users/andrew/Projects/quant-research/data_store/option_greeks_2017/ALB.parquet: per_1.00_iv (per-unit share 1.00, per-point share 0.00, median dP/vega ratio 0.0100, theta/day share 1.00)
15:45:57 voltium.loaders vega convention for /Users/andrew/Projects/quant-research/data_store/option_greeks_2017/ALGN.parquet: per_1.00_iv (per-unit share 1.00, per-point share 0.00, median dP/vega ratio 0.0100, theta/day share 1.00)
15:45:58 voltium.loaders vega convention for /Users/andrew/Projects/quant-research/data_store/option_greeks_2017/ALK.parquet: per_1.00_iv (per-unit share 1.00, per-point share 0.00, median dP/vega ratio 0.0100, theta/day share 1.00)
15:45:58 voltium.loaders vega convention for /Users/andrew/Projects/quant-research/data_store/option_greeks_2017/ALL.parquet: per_1.00_iv (per-unit share 1.00, per-point share 0.00, median dP/vega ratio 0.0100, theta/day share 1.00)
15:45:58 voltium.loaders vega convention for /Users/andrew/Projects/quant-research/data_store/option_greeks_2017/ALLE.parquet: per_1.00_iv (per-unit share 1.00, per-point share 0.00, median dP/vega ratio 0.0100, theta/day share 1.00)
15:45:58 voltium.loaders vega convention for /Users/andrew/Projects/quant-research/data_store/option_greeks_2017/ALXN.parquet: per_1.00_iv (per-unit share 1.00, per-point share 0.00, median dP/vega ratio 0.0100, theta/day share 1.00)
15:45:58 voltium.loaders vega convention for /Users/andrew/Projects/quant-research/data_store/option_greeks_2017/AMAT.parquet: per_1.00_iv (per-unit share 1.00, per-point share 0.00, median dP/vega ratio 0.0100, theta/day share 1.00)
15:45:58 voltium.loaders vega convention for /Users/andrew/Projects/quant-research/data_store/option_greeks_2019/AMCR.parquet: per_1.00_iv (per-unit share 1.00, per-point share 0.00, median dP/vega ratio 0.0100, theta/day share 1.00)
15:45:58 voltium.loaders vega convention for /Users/andrew/Projects/quant-research/data_store/option_greeks_2017/AMD.parquet: per_1.00_iv (per-unit share 1.00, per-point share 0.00, median dP/vega ratio 0.0100, theta/day share 1.00)
15:45:58 voltium.loaders vega convention for /Users/andrew/Projects/quant-research/data_store/option_greeks_2017/AME.parquet: per_1.00_iv (per-unit share 1.00, per-point share 0.00, median dP/vega ratio 0.0100, theta/day share 1.00)
15:45:58 voltium.loaders vega convention for /Users/andrew/Projects/quant-research/data_store/option_greeks_2017/AMG.parquet: per_1.00_iv (per-unit share 1.00, per-point share 0.00, median dP/vega ratio 0.0100, theta/day share 1.00)
15:45:59 voltium.loaders vega convention for /Users/andrew/Projects/quant-research/data_store/option_greeks_2017/AMGN.parquet: per_1.00_iv (per-unit share 1.00, per-point share 0.00, median dP/vega ratio 0.0100, theta/day share 1.00)
15:45:59 voltium.loaders vega convention for /Users/andrew/Projects/quant-research/data_store/option_greeks_2017/AMP.parquet: per_1.00_iv (per-unit share 1.00, per-point share 0.00, median dP/vega ratio 0.0100, theta/day share 1.00)
15:45:59 voltium.loaders vega convention for /Users/andrew/Projects/quant-research/data_store/option_greeks_2017/AMT.parquet: per_1.00_iv (per-unit share 1.00, per-point share 0.00, median dP/vega ratio 0.0100, theta/day share 1.00)
15:45:59 voltium.loaders vega convention for /Users/andrew/Projects/quant-research/data_store/option_greeks_2024/AMTM.parquet: per_1.00_iv (per-unit share 1.00, per-point share 0.00, median dP/vega ratio 0.0100, theta/day share 1.00)
15:45:59 voltium.loaders vega convention for /Users/andrew/Projects/quant-research/data_store/option_greeks_2017/AMZN.parquet: per_1.00_iv (per-unit share 1.00, per-point share 0.00, median dP/vega ratio 0.0100, theta/day share 1.00)
15:46:00 voltium.loaders vega convention for /Users/andrew/Projects/quant-research/data_store/option_greeks_2017/AN.parquet: per_1.00_iv (per-unit share 1.00, per-point share 0.00, median dP/vega ratio 0.0099, theta/day share 1.00)
15:46:00 voltium.loaders vega convention for /Users/andrew/Projects/quant-research/data_store/option_greeks_2017/ANDV.parquet: per_1.00_iv (per-unit share 1.00, per-point share 0.00, median dP/vega ratio 0.0100, theta/day share 1.00)
15:46:00 voltium.loaders vega convention for /Users/andrew/Projects/quant-research/data_store/option_greeks_2018/ANET.parquet: per_1.00_iv (per-unit share 1.00, per-point share 0.00, median dP/vega ratio 0.0100, theta/day share 1.00)
15:46:00 voltium.loaders vega convention for /Users/andrew/Projects/quant-research/data_store/option_greeks_2017/ANSS.parquet: per_1.00_iv (per-unit share 1.00, per-point share 0.00, median dP/vega ratio 0.0100, theta/day share 1.00)
15:46:00 voltium.loaders vega convention for /Users/andrew/Projects/quant-research/data_store/option_greeks_2017/AON.parquet: per_1.00_iv (per-unit share 1.00, per-point share 0.00, median dP/vega ratio 0.0100, theta/day share 1.00)
15:46:01 voltium.loaders vega convention for /Users/andrew/Projects/quant-research/data_store/option_greeks_2017/AOS.parquet: per_1.00_iv (per-unit share 1.00, per-point share 0.00, median dP/vega ratio 0.0101, theta/day share 1.00)
15:46:01 voltium.loaders vega convention for /Users/andrew/Projects/quant-research/data_store/option_greeks_2017/APA.parquet: per_1.00_iv (per-unit share 1.00, per-point share 0.00, median dP/vega ratio 0.0100, theta/day share 1.00)
15:46:01 voltium.loaders vega convention for /Users/andrew/Projects/quant-research/data_store/option_greeks_2017/APC.parquet: per_1.00_iv (per-unit share 1.00, per-point share 0.00, median dP/vega ratio 0.0100, theta/day share 1.00)
15:46:01 voltium.loaders vega convention for /Users/andrew/Projects/quant-research/data_store/option_greeks_2017/APD.parquet: per_1.00_iv (per-unit share 1.00, per-point share 0.00, median dP/vega ratio 0.0100, theta/day share 1.00)
15:46:01 voltium.loaders vega convention for /Users/andrew/Projects/quant-research/data_store/option_greeks_2017/APH.parquet: per_1.00_iv (per-unit share 1.00, per-point share 0.00, median dP/vega ratio 0.0101, theta/day share 1.00)
15:46:01 voltium.loaders vega convention for /Users/andrew/Projects/quant-research/data_store/option_greeks_2024/APO.parquet: per_1.00_iv (per-unit share 1.00, per-point share 0.00, median dP/vega ratio 0.0100, theta/day share 1.00)
15:46:02 voltium.loaders vega convention for /Users/andrew/Projects/quant-research/data_store/option_greeks/APP.parquet: per_1.00_iv (per-unit share 1.00, per-point share 0.00, median dP/vega ratio 0.0100, theta/day share 1.00)
15:46:02 voltium.loaders vega convention for /Users/andrew/Projects/quant-research/data_store/option_greeks_2017/APTV.parquet: per_1.00_iv (per-unit share 1.00, per-point share 0.00, median dP/vega ratio 0.0100, theta/day share 1.00)
15:46:02 voltium.loaders vega convention for /Users/andrew/Projects/quant-research/data_store/option_greeks_2017/ARE.parquet: per_1.00_iv (per-unit share 1.00, per-point share 0.00, median dP/vega ratio 0.0100, theta/day share 1.00)
15:46:02 voltium.loaders vega convention for /Users/andrew/Projects/quant-research/data_store/option_greeks_2017/ARNC.parquet: per_1.00_iv (per-unit share 1.00, per-point share 0.00, median dP/vega ratio 0.0100, theta/day share 1.00)
15:46:02 voltium.loaders vega convention for /Users/andrew/Projects/quant-research/data_store/option_greeks_2019/ATO.parquet: per_1.00_iv (per-unit share 1.00, per-point share 0.00, median dP/vega ratio 0.0101, theta/day share 1.00)
15:46:02 voltium.loaders vega convention for /Users/andrew/Projects/quant-research/data_store/option_greeks_2017/ATVI.parquet: per_1.00_iv (per-unit share 1.00, per-point share 0.00, median dP/vega ratio 0.0100, theta/day share 1.00)
15:46:02 voltium.loaders vega convention for /Users/andrew/Projects/quant-research/data_store/option_greeks_2017/AVB.parquet: per_1.00_iv (per-unit share 1.00, per-point share 0.00, median dP/vega ratio 0.0100, theta/day share 1.00)
15:46:03 voltium.loaders vega convention for /Users/andrew/Projects/quant-research/data_store/option_greeks_2017/AVGO.parquet: per_1.00_iv (per-unit share 1.00, per-point share 0.00, median dP/vega ratio 0.0100, theta/day share 1.00)
15:46:03 voltium.loaders vega convention for /Users/andrew/Projects/quant-research/data_store/option_greeks_2017/AVY.parquet: per_1.00_iv (per-unit share 1.00, per-point share 0.00, median dP/vega ratio 0.0101, theta/day share 1.00)
15:46:03 voltium.loaders vega convention for /Users/andrew/Projects/quant-research/data_store/option_greeks_2017/AWK.parquet: per_1.00_iv (per-unit share 1.00, per-point share 0.00, median dP/vega ratio 0.0101, theta/day share 1.00)
15:46:03 voltium.loaders vega convention for /Users/andrew/Projects/quant-research/data_store/option_greeks_2023/AXON.parquet: per_1.00_iv (per-unit share 1.00, per-point share 0.00, median dP/vega ratio 0.0100, theta/day share 1.00)
15:46:03 voltium.loaders vega convention for /Users/andrew/Projects/quant-research/data_store/option_greeks_2017/AXP.parquet: per_1.00_iv (per-unit share 1.00, per-point share 0.00, median dP/vega ratio 0.0100, theta/day share 1.00)
15:46:03 voltium.loaders vega convention for /Users/andrew/Projects/quant-research/data_store/option_greeks_2017/AYI.parquet: per_1.00_iv (per-unit share 1.00, per-point share 0.00, median dP/vega ratio 0.0100, theta/day share 1.00)
15:46:04 voltium.loaders vega convention for /Users/andrew/Projects/quant-research/data_store/option_greeks_2017/AZO.parquet: per_1.00_iv (per-unit share 1.00, per-point share 0.00, median dP/vega ratio 0.0100, theta/day share 1.00)
15:46:04 voltium.loaders vega convention for /Users/andrew/Projects/quant-research/data_store/option_greeks_2017/BA.parquet: per_1.00_iv (per-unit share 1.00, per-point share 0.00, median dP/vega ratio 0.0100, theta/day share 1.00)
15:46:04 voltium.loaders vega convention for /Users/andrew/Projects/quant-research/data_store/option_greeks_2017/BAC.parquet: per_1.00_iv (per-unit share 1.00, per-point share 0.00, median dP/vega ratio 0.0100, theta/day share 1.00)
15:46:05 voltium.loaders vega convention for /Users/andrew/Projects/quant-research/data_store/option_greeks_2022/BALL.parquet: per_1.00_iv (per-unit share 1.00, per-point share 0.00, median dP/vega ratio 0.0101, theta/day share 1.00)
15:46:05 voltium.loaders vega convention for /Users/andrew/Projects/quant-research/data_store/option_greeks_2017/BAX.parquet: per_1.00_iv (per-unit share 1.00, per-point share 0.00, median dP/vega ratio 0.0100, theta/day share 1.00)
15:46:05 voltium.loaders vega convention for /Users/andrew/Projects/quant-research/data_store/option_greeks_2017/BBBY.parquet: per_1.00_iv (per-unit share 1.00, per-point share 0.00, median dP/vega ratio 0.0100, theta/day share 1.00)
15:46:05 voltium.loaders vega convention for /Users/andrew/Projects/quant-research/data_store/option_greeks_2021/BBWI.parquet: per_1.00_iv (per-unit share 1.00, per-point share 0.00, median dP/vega ratio 0.0100, theta/day share 1.00)
15:46:05 voltium.loaders vega convention for /Users/andrew/Projects/quant-research/data_store/option_greeks_2017/BBY.parquet: per_1.00_iv (per-unit share 1.00, per-point share 0.00, median dP/vega ratio 0.0100, theta/day share 1.00)
15:46:05 voltium.loaders vega convention for /Users/andrew/Projects/quant-research/data_store/option_greeks_2017/BCR.parquet: per_1.00_iv (per-unit share 1.00, per-point share 0.00, median dP/vega ratio 0.0100, theta/day share 1.00)
15:46:05 voltium.loaders vega convention for /Users/andrew/Projects/quant-research/data_store/option_greeks_2017/BDX.parquet: per_1.00_iv (per-unit share 1.00, per-point share 0.00, median dP/vega ratio 0.0100, theta/day share 1.00)
15:46:06 voltium.loaders vega convention for /Users/andrew/Projects/quant-research/data_store/option_greeks_2017/BEN.parquet: per_1.00_iv (per-unit share 1.00, per-point share 0.00, median dP/vega ratio 0.0100, theta/day share 1.00)
15:46:06 voltium.loaders vega convention for /Users/andrew/Projects/quant-research/data_store/option_greeks_2017/BFB.parquet: per_1.00_iv (per-unit share 1.00, per-point share 0.00, median dP/vega ratio 0.0101, theta/day share 1.00)
15:46:06 voltium.loaders vega convention for /Users/andrew/Projects/quant-research/data_store/option_greeks_2023/BG.parquet: per_1.00_iv (per-unit share 1.00, per-point share 0.00, median dP/vega ratio 0.0101, theta/day share 1.00)
15:46:06 voltium.loaders vega convention for /Users/andrew/Projects/quant-research/data_store/option_greeks_2017/BHF.parquet: per_1.00_iv (per-unit share 1.00, per-point share 0.00, median dP/vega ratio 0.0100, theta/day share 1.00)
15:46:06 voltium.loaders vega convention for /Users/andrew/Projects/quant-research/data_store/option_greeks_2017/BHI.parquet: per_1.00_iv (per-unit share 1.00, per-point share 0.00, median dP/vega ratio 0.0100, theta/day share 1.00)
15:46:06 voltium.loaders vega convention for /Users/andrew/Projects/quant-research/data_store/option_greeks_2017/BIIB.parquet: per_1.00_iv (per-unit share 1.00, per-point share 0.00, median dP/vega ratio 0.0100, theta/day share 1.00)
15:46:06 voltium.loaders vega convention for /Users/andrew/Projects/quant-research/data_store/option_greeks_2020/BIO.parquet: per_1.00_iv (per-unit share 1.00, per-point share 0.00, median dP/vega ratio 0.0100, theta/day share 1.00)
15:46:06 voltium.loaders vega convention for /Users/andrew/Projects/quant-research/data_store/option_greeks_2017/BK.parquet: per_1.00_iv (per-unit share 1.00, per-point share 0.00, median dP/vega ratio 0.0100, theta/day share 1.00)
15:46:07 voltium.loaders vega convention for /Users/andrew/Projects/quant-research/data_store/option_greeks_2018/BKNG.parquet: per_1.00_iv (per-unit share 1.00, per-point share 0.00, median dP/vega ratio 0.0101, theta/day share 1.00)
15:46:07 voltium.loaders vega convention for /Users/andrew/Projects/quant-research/data_store/option_greeks_2019/BKR.parquet: per_1.00_iv (per-unit share 1.00, per-point share 0.00, median dP/vega ratio 0.0100, theta/day share 1.00)
15:46:07 voltium.loaders vega convention for /Users/andrew/Projects/quant-research/data_store/option_greeks_2023/BLDR.parquet: per_1.00_iv (per-unit share 1.00, per-point share 0.00, median dP/vega ratio 0.0101, theta/day share 1.00)
15:46:07 voltium.loaders vega convention for /Users/andrew/Projects/quant-research/data_store/option_greeks_2017/BLK.parquet: per_1.00_iv (per-unit share 1.00, per-point share 0.00, median dP/vega ratio 0.0100, theta/day share 1.00)
15:46:08 voltium.loaders vega convention for /Users/andrew/Projects/quant-research/data_store/option_greeks_2019/BMS.parquet: per_1.00_iv (per-unit share 1.00, per-point share 0.00, median dP/vega ratio 0.0102, theta/day share 1.00)
15:46:08 voltium.loaders vega convention for /Users/andrew/Projects/quant-research/data_store/option_greeks_2017/BMY.parquet: per_1.00_iv (per-unit share 1.00, per-point share 0.00, median dP/vega ratio 0.0100, theta/day share 1.00)
15:46:08 voltium.loaders vega convention for /Users/andrew/Projects/quant-research/data_store/option_greeks_2018/BR.parquet: per_1.00_iv (per-unit share 1.00, per-point share 0.00, median dP/vega ratio 0.0100, theta/day share 1.00)
15:46:08 voltium.loaders vega convention for /Users/andrew/Projects/quant-research/data_store/option_greeks_2017/BRKB.parquet: per_1.00_iv (per-unit share 1.00, per-point share 0.00, median dP/vega ratio 0.0100, theta/day share 1.00)
15:46:08 voltium.loaders vega convention for /Users/andrew/Projects/quant-research/data_store/option_greeks_2021/BRO.parquet: per_1.00_iv (per-unit share 1.00, per-point share 0.00, median dP/vega ratio 0.0101, theta/day share 1.00)
15:46:08 voltium.loaders vega convention for /Users/andrew/Projects/quant-research/data_store/option_greeks_2017/BSX.parquet: per_1.00_iv (per-unit share 1.00, per-point share 0.00, median dP/vega ratio 0.0100, theta/day share 1.00)
15:46:08 voltium.loaders vega convention for /Users/andrew/Projects/quant-research/data_store/option_greeks_2017/BWA.parquet: per_1.00_iv (per-unit share 1.00, per-point share 0.00, median dP/vega ratio 0.0100, theta/day share 1.00)
15:46:08 voltium.loaders vega convention for /Users/andrew/Projects/quant-research/data_store/option_greeks_2023/BX.parquet: per_1.00_iv (per-unit share 1.00, per-point share 0.00, median dP/vega ratio 0.0100, theta/day share 1.00)
15:46:08 voltium.loaders vega convention for /Users/andrew/Projects/quant-research/data_store/option_greeks_2017/BXP.parquet: per_1.00_iv (per-unit share 1.00, per-point share 0.00, median dP/vega ratio 0.0100, theta/day share 1.00)
15:46:09 voltium.loaders vega convention for /Users/andrew/Projects/quant-research/data_store/option_greeks_2017/C.parquet: per_1.00_iv (per-unit share 1.00, per-point share 0.00, median dP/vega ratio 0.0100, theta/day share 1.00)
15:46:09 voltium.loaders vega convention for /Users/andrew/Projects/quant-research/data_store/option_greeks_2017/CA.parquet: per_1.00_iv (per-unit share 1.00, per-point share 0.00, median dP/vega ratio 0.0101, theta/day share 1.00)
15:46:09 voltium.providers.base materialize: 100/659 symbols
15:46:09 voltium.loaders vega convention for /Users/andrew/Projects/quant-research/data_store/option_greeks_2017/CAG.parquet: per_1.00_iv (per-unit share 1.00, per-point share 0.00, median dP/vega ratio 0.0100, theta/day share 1.00)
15:46:09 voltium.loaders vega convention for /Users/andrew/Projects/quant-research/data_store/option_greeks_2017/CAH.parquet: per_1.00_iv (per-unit share 1.00, per-point share 0.00, median dP/vega ratio 0.0100, theta/day share 1.00)
15:46:09 voltium.loaders vega convention for /Users/andrew/Projects/quant-research/data_store/option_greeks_2020/CARR.parquet: per_1.00_iv (per-unit share 1.00, per-point share 0.00, median dP/vega ratio 0.0101, theta/day share 1.00)
15:46:09 voltium.loaders vega convention for /Users/andrew/Projects/quant-research/data_store/option_greeks_2017/CAT.parquet: per_1.00_iv (per-unit share 1.00, per-point share 0.00, median dP/vega ratio 0.0100, theta/day share 1.00)
15:46:09 voltium.loaders vega convention for /Users/andrew/Projects/quant-research/data_store/option_greeks_2017/CB.parquet: per_1.00_iv (per-unit share 1.00, per-point share 0.00, median dP/vega ratio 0.0100, theta/day share 1.00)
15:46:09 voltium.loaders vega convention for /Users/andrew/Projects/quant-research/data_store/option_greeks_2017/CBOE.parquet: per_1.00_iv (per-unit share 1.00, per-point share 0.00, median dP/vega ratio 0.0100, theta/day share 1.00)
15:46:09 voltium.loaders vega convention for /Users/andrew/Projects/quant-research/data_store/option_greeks_2018/CBRE.parquet: per_1.00_iv (per-unit share 1.00, per-point share 0.00, median dP/vega ratio 0.0099, theta/day share 1.00)
15:46:10 voltium.loaders vega convention for /Users/andrew/Projects/quant-research/data_store/option_greeks_2017/CCI.parquet: per_1.00_iv (per-unit share 1.00, per-point share 0.00, median dP/vega ratio 0.0100, theta/day share 1.00)
15:46:10 voltium.loaders vega convention for /Users/andrew/Projects/quant-research/data_store/option_greeks_2017/CCL.parquet: per_1.00_iv (per-unit share 1.00, per-point share 0.00, median dP/vega ratio 0.0100, theta/day share 1.00)
15:46:10 voltium.loaders vega convention for /Users/andrew/Projects/quant-research/data_store/option_greeks_2021/CDAY.parquet: per_1.00_iv (per-unit share 1.00, per-point share 0.00, median dP/vega ratio 0.0100, theta/day share 1.00)
15:46:10 voltium.loaders vega convention for /Users/andrew/Projects/quant-research/data_store/option_greeks_2017/CDNS.parquet: per_1.00_iv (per-unit share 1.00, per-point share 0.00, median dP/vega ratio 0.0100, theta/day share 1.00)
15:46:10 voltium.loaders vega convention for /Users/andrew/Projects/quant-research/data_store/option_greeks_2019/CDW.parquet: per_1.00_iv (per-unit share 1.00, per-point share 0.00, median dP/vega ratio 0.0100, theta/day share 1.00)
15:46:10 voltium.loaders vega convention for /Users/andrew/Projects/quant-research/data_store/option_greeks_2018/CE.parquet: per_1.00_iv (per-unit share 1.00, per-point share 0.00, median dP/vega ratio 0.0101, theta/day share 1.00)
15:46:10 voltium.loaders vega convention for /Users/andrew/Projects/quant-research/data_store/option_greeks_2022/CEG.parquet: per_1.00_iv (per-unit share 1.00, per-point share 0.00, median dP/vega ratio 0.0101, theta/day share 1.00)
15:46:10 voltium.loaders vega convention for /Users/andrew/Projects/quant-research/data_store/option_greeks_2017/CELG.parquet: per_1.00_iv (per-unit share 1.00, per-point share 0.00, median dP/vega ratio 0.0100, theta/day share 1.00)
15:46:10 voltium.loaders vega convention for /Users/andrew/Projects/quant-research/data_store/option_greeks_2017/CERN.parquet: per_1.00_iv (per-unit share 1.00, per-point share 0.00, median dP/vega ratio 0.0100, theta/day share 1.00)
15:46:10 voltium.loaders vega convention for /Users/andrew/Projects/quant-research/data_store/option_greeks_2017/CF.parquet: per_1.00_iv (per-unit share 1.00, per-point share 0.00, median dP/vega ratio 0.0100, theta/day share 1.00)
15:46:11 voltium.loaders vega convention for /Users/andrew/Projects/quant-research/data_store/option_greeks_2017/CFG.parquet: per_1.00_iv (per-unit share 1.00, per-point share 0.00, median dP/vega ratio 0.0100, theta/day share 1.00)
15:46:11 voltium.loaders vega convention for /Users/andrew/Projects/quant-research/data_store/option_greeks_2017/CHD.parquet: per_1.00_iv (per-unit share 1.00, per-point share 0.00, median dP/vega ratio 0.0100, theta/day share 1.00)
15:46:11 voltium.loaders vega convention for /Users/andrew/Projects/quant-research/data_store/option_greeks_2017/CHK.parquet: per_1.00_iv (per-unit share 1.00, per-point share 0.00, median dP/vega ratio 0.0100, theta/day share 1.00)
15:46:11 voltium.loaders vega convention for /Users/andrew/Projects/quant-research/data_store/option_greeks_2017/CHRW.parquet: per_1.00_iv (per-unit share 1.00, per-point share 0.00, median dP/vega ratio 0.0100, theta/day share 1.00)
15:46:11 voltium.loaders vega convention for /Users/andrew/Projects/quant-research/data_store/option_greeks_2017/CHTR.parquet: per_1.00_iv (per-unit share 1.00, per-point share 0.00, median dP/vega ratio 0.0100, theta/day share 1.00)
15:46:11 voltium.loaders vega convention for /Users/andrew/Projects/quant-research/data_store/option_greeks_2017/CI.parquet: per_1.00_iv (per-unit share 1.00, per-point share 0.00, median dP/vega ratio 0.0100, theta/day share 1.00)
15:46:11 voltium.loaders vega convention for /Users/andrew/Projects/quant-research/data_store/option_greeks_2017/CINF.parquet: per_1.00_iv (per-unit share 1.00, per-point share 0.00, median dP/vega ratio 0.0100, theta/day share 1.00)
15:46:11 voltium.loaders vega convention for /Users/andrew/Projects/quant-research/data_store/option_greeks_2017/CL.parquet: per_1.00_iv (per-unit share 1.00, per-point share 0.00, median dP/vega ratio 0.0101, theta/day share 1.00)
15:46:12 voltium.loaders vega convention for /Users/andrew/Projects/quant-research/data_store/option_greeks_2017/CLX.parquet: per_1.00_iv (per-unit share 1.00, per-point share 0.00, median dP/vega ratio 0.0101, theta/day share 1.00)
15:46:12 voltium.loaders vega convention for /Users/andrew/Projects/quant-research/data_store/option_greeks_2017/CMA.parquet: per_1.00_iv (per-unit share 1.00, per-point share 0.00, median dP/vega ratio 0.0100, theta/day share 1.00)
15:46:12 voltium.loaders vega convention for /Users/andrew/Projects/quant-research/data_store/option_greeks_2017/CMCSA.parquet: per_1.00_iv (per-unit share 1.00, per-point share 0.00, median dP/vega ratio 0.0100, theta/day share 1.00)
15:46:12 voltium.loaders vega convention for /Users/andrew/Projects/quant-research/data_store/option_greeks_2017/CME.parquet: per_1.00_iv (per-unit share 1.00, per-point share 0.00, median dP/vega ratio 0.0100, theta/day share 1.00)
15:46:12 voltium.loaders vega convention for /Users/andrew/Projects/quant-research/data_store/option_greeks_2017/CMG.parquet: per_1.00_iv (per-unit share 1.00, per-point share 0.00, median dP/vega ratio 0.0100, theta/day share 1.00)
15:46:13 voltium.loaders vega convention for /Users/andrew/Projects/quant-research/data_store/option_greeks_2017/CMI.parquet: per_1.00_iv (per-unit share 1.00, per-point share 0.00, median dP/vega ratio 0.0100, theta/day share 1.00)
15:46:13 voltium.loaders vega convention for /Users/andrew/Projects/quant-research/data_store/option_greeks_2017/CMS.parquet: per_1.00_iv (per-unit share 1.00, per-point share 0.00, median dP/vega ratio 0.0102, theta/day share 1.00)
15:46:13 voltium.loaders vega convention for /Users/andrew/Projects/quant-research/data_store/option_greeks_2017/CNC.parquet: per_1.00_iv (per-unit share 1.00, per-point share 0.00, median dP/vega ratio 0.0100, theta/day share 1.00)
15:46:13 voltium.loaders vega convention for /Users/andrew/Projects/quant-research/data_store/option_greeks_2017/CNP.parquet: per_1.00_iv (per-unit share 1.00, per-point share 0.00, median dP/vega ratio 0.0101, theta/day share 1.00)
15:46:13 voltium.loaders vega convention for /Users/andrew/Projects/quant-research/data_store/option_greeks_2017/COF.parquet: per_1.00_iv (per-unit share 1.00, per-point share 0.00, median dP/vega ratio 0.0100, theta/day share 1.00)
15:46:13 voltium.loaders vega convention for /Users/andrew/Projects/quant-research/data_store/option_greeks/COIN.parquet: per_1.00_iv (per-unit share 1.00, per-point share 0.00, median dP/vega ratio 0.0100, theta/day share 1.00)
15:46:13 voltium.loaders vega convention for /Users/andrew/Projects/quant-research/data_store/option_greeks_2017/COL.parquet: per_1.00_iv (per-unit share 1.00, per-point share 0.00, median dP/vega ratio 0.0100, theta/day share 1.00)
15:46:13 voltium.loaders vega convention for /Users/andrew/Projects/quant-research/data_store/option_greeks_2017/COO.parquet: per_1.00_iv (per-unit share 1.00, per-point share 0.00, median dP/vega ratio 0.0100, theta/day share 1.00)
15:46:14 voltium.loaders vega convention for /Users/andrew/Projects/quant-research/data_store/option_greeks_2017/COP.parquet: per_1.00_iv (per-unit share 1.00, per-point share 0.00, median dP/vega ratio 0.0100, theta/day share 1.00)
15:46:14 voltium.loaders vega convention for /Users/andrew/Projects/quant-research/data_store/option_greeks_2017/COR.parquet: per_1.00_iv (per-unit share 1.00, per-point share 0.00, median dP/vega ratio 0.0100, theta/day share 1.00)
15:46:14 voltium.loaders vega convention for /Users/andrew/Projects/quant-research/data_store/option_greeks_2017/COST.parquet: per_1.00_iv (per-unit share 1.00, per-point share 0.00, median dP/vega ratio 0.0100, theta/day share 1.00)
15:46:14 voltium.loaders vega convention for /Users/andrew/Projects/quant-research/data_store/option_greeks_2017/COTY.parquet: per_1.00_iv (per-unit share 1.00, per-point share 0.00, median dP/vega ratio 0.0100, theta/day share 1.00)
15:46:14 voltium.loaders vega convention for /Users/andrew/Projects/quant-research/data_store/option_greeks_2024/CPAY.parquet: per_1.00_iv (per-unit share 1.00, per-point share 0.00, median dP/vega ratio 0.0100, theta/day share 1.00)
15:46:14 voltium.loaders vega convention for /Users/andrew/Projects/quant-research/data_store/option_greeks_2017/CPB.parquet: per_1.00_iv (per-unit share 1.00, per-point share 0.00, median dP/vega ratio 0.0100, theta/day share 1.00)
15:46:14 voltium.loaders vega convention for /Users/andrew/Projects/quant-research/data_store/option_greeks_2019/CPRI.parquet: per_1.00_iv (per-unit share 1.00, per-point share 0.00, median dP/vega ratio 0.0100, theta/day share 1.00)
15:46:14 voltium.loaders vega convention for /Users/andrew/Projects/quant-research/data_store/option_greeks_2018/CPRT.parquet: per_1.00_iv (per-unit share 1.00, per-point share 0.00, median dP/vega ratio 0.0100, theta/day share 1.00)
15:46:14 voltium.loaders vega convention for /Users/andrew/Projects/quant-research/data_store/option_greeks_2022/CPT.parquet: per_1.00_iv (per-unit share 1.00, per-point share 0.00, median dP/vega ratio 0.0099, theta/day share 1.00)
15:46:14 voltium.loaders vega convention for /Users/andrew/Projects/quant-research/data_store/option_greeks_2021/CRL.parquet: per_1.00_iv (per-unit share 1.00, per-point share 0.00, median dP/vega ratio 0.0100, theta/day share 1.00)
15:46:15 voltium.loaders vega convention for /Users/andrew/Projects/quant-research/data_store/option_greeks_2017/CRM.parquet: per_1.00_iv (per-unit share 1.00, per-point share 0.00, median dP/vega ratio 0.0100, theta/day share 1.00)
15:46:15 voltium.loaders vega convention for /Users/andrew/Projects/quant-research/data_store/option_greeks_2024/CRWD.parquet: per_1.00_iv (per-unit share 1.00, per-point share 0.00, median dP/vega ratio 0.0100, theta/day share 1.00)
15:46:15 voltium.loaders vega convention for /Users/andrew/Projects/quant-research/data_store/option_greeks_2017/CSCO.parquet: per_1.00_iv (per-unit share 1.00, per-point share 0.00, median dP/vega ratio 0.0101, theta/day share 1.00)
15:46:15 voltium.loaders vega convention for /Users/andrew/Projects/quant-research/data_store/option_greeks_2022/CSGP.parquet: per_1.00_iv (per-unit share 1.00, per-point share 0.00, median dP/vega ratio 0.0100, theta/day share 1.00)
15:46:15 voltium.loaders vega convention for /Users/andrew/Projects/quant-research/data_store/option_greeks_2017/CSRA.parquet: per_1.00_iv (per-unit share 1.00, per-point share 0.00, median dP/vega ratio 0.0101, theta/day share 1.00)
15:46:15 voltium.loaders vega convention for /Users/andrew/Projects/quant-research/data_store/option_greeks_2017/CSX.parquet: per_1.00_iv (per-unit share 1.00, per-point share 0.00, median dP/vega ratio 0.0100, theta/day share 1.00)
15:46:15 voltium.loaders vega convention for /Users/andrew/Projects/quant-research/data_store/option_greeks_2017/CTAS.parquet: per_1.00_iv (per-unit share 1.00, per-point share 0.00, median dP/vega ratio 0.0100, theta/day share 1.00)
15:46:15 voltium.loaders vega convention for /Users/andrew/Projects/quant-research/data_store/option_greeks_2020/CTLT.parquet: per_1.00_iv (per-unit share 1.00, per-point share 0.00, median dP/vega ratio 0.0100, theta/day share 1.00)
15:46:15 voltium.loaders vega convention for /Users/andrew/Projects/quant-research/data_store/option_greeks_2019/CTRA.parquet: per_1.00_iv (per-unit share 1.00, per-point share 0.00, median dP/vega ratio 0.0100, theta/day share 1.00)
15:46:16 voltium.loaders vega convention for /Users/andrew/Projects/quant-research/data_store/option_greeks_2017/CTSH.parquet: per_1.00_iv (per-unit share 1.00, per-point share 0.00, median dP/vega ratio 0.0100, theta/day share 1.00)
15:46:16 voltium.loaders vega convention for /Users/andrew/Projects/quant-research/data_store/option_greeks_2019/CTVA.parquet: per_1.00_iv (per-unit share 1.00, per-point share 0.00, median dP/vega ratio 0.0100, theta/day share 1.00)
15:46:16 voltium.loaders vega convention for /Users/andrew/Projects/quant-research/data_store/option_greeks_2017/CTXS.parquet: per_1.00_iv (per-unit share 1.00, per-point share 0.00, median dP/vega ratio 0.0100, theta/day share 1.00)
15:46:16 voltium.loaders vega convention for /Users/andrew/Projects/quant-research/data_store/option_greeks_2017/CVS.parquet: per_1.00_iv (per-unit share 1.00, per-point share 0.00, median dP/vega ratio 0.0100, theta/day share 1.00)
15:46:16 voltium.loaders vega convention for /Users/andrew/Projects/quant-research/data_store/option_greeks_2017/CVX.parquet: per_1.00_iv (per-unit share 1.00, per-point share 0.00, median dP/vega ratio 0.0100, theta/day share 1.00)
15:46:16 voltium.loaders vega convention for /Users/andrew/Projects/quant-research/data_store/option_greeks_2017/CXO.parquet: per_1.00_iv (per-unit share 1.00, per-point share 0.00, median dP/vega ratio 0.0100, theta/day share 1.00)
15:46:17 voltium.loaders vega convention for /Users/andrew/Projects/quant-research/data_store/option_greeks_2021/CZR.parquet: per_1.00_iv (per-unit share 1.00, per-point share 0.00, median dP/vega ratio 0.0100, theta/day share 1.00)
15:46:17 voltium.loaders vega convention for /Users/andrew/Projects/quant-research/data_store/option_greeks_2017/D.parquet: per_1.00_iv (per-unit share 1.00, per-point share 0.00, median dP/vega ratio 0.0100, theta/day share 1.00)
15:46:17 voltium.loaders vega convention for /Users/andrew/Projects/quant-research/data_store/option_greeks_2017/DAL.parquet: per_1.00_iv (per-unit share 1.00, per-point share 0.00, median dP/vega ratio 0.0100, theta/day share 1.00)
15:46:17 voltium.loaders vega convention for /Users/andrew/Projects/quant-research/data_store/option_greeks/DASH.parquet: per_1.00_iv (per-unit share 1.00, per-point share 0.00, median dP/vega ratio 0.0100, theta/day share 1.00)
15:46:17 voltium.loaders vega convention for /Users/andrew/Projects/quant-research/data_store/option_greeks_2024/DAY.parquet: per_1.00_iv (per-unit share 1.00, per-point share 0.00, median dP/vega ratio 0.0100, theta/day share 1.00)
15:46:17 voltium.loaders vega convention for /Users/andrew/Projects/quant-research/data_store/option_greeks_2017/DD.parquet: per_1.00_iv (per-unit share 1.00, per-point share 0.00, median dP/vega ratio 0.0100, theta/day share 1.00)
15:46:17 voltium.loaders vega convention for /Users/andrew/Projects/quant-research/data_store/option_greeks/DDOG.parquet: per_1.00_iv (per-unit share 1.00, per-point share 0.00, median dP/vega ratio 0.0100, theta/day share 1.00)
15:46:17 voltium.loaders vega convention for /Users/andrew/Projects/quant-research/data_store/option_greeks_2017/DE.parquet: per_1.00_iv (per-unit share 1.00, per-point share 0.00, median dP/vega ratio 0.0100, theta/day share 1.00)
15:46:18 voltium.loaders vega convention for /Users/andrew/Projects/quant-research/data_store/option_greeks_2024/DECK.parquet: per_1.00_iv (per-unit share 1.00, per-point share 0.00, median dP/vega ratio 0.0100, theta/day share 1.00)
15:46:18 voltium.loaders vega convention for /Users/andrew/Projects/quant-research/data_store/option_greeks_2024/DELL.parquet: per_1.00_iv (per-unit share 1.00, per-point share 0.00, median dP/vega ratio 0.0100, theta/day share 1.00)
15:46:18 voltium.loaders vega convention for /Users/andrew/Projects/quant-research/data_store/option_greeks_2017/DFS.parquet: per_1.00_iv (per-unit share 1.00, per-point share 0.00, median dP/vega ratio 0.0100, theta/day share 1.00)
15:46:18 voltium.loaders vega convention for /Users/andrew/Projects/quant-research/data_store/option_greeks_2017/DG.parquet: per_1.00_iv (per-unit share 1.00, per-point share 0.00, median dP/vega ratio 0.0100, theta/day share 1.00)
15:46:18 voltium.loaders vega convention for /Users/andrew/Projects/quant-research/data_store/option_greeks_2017/DGX.parquet: per_1.00_iv (per-unit share 1.00, per-point share 0.00, median dP/vega ratio 0.0101, theta/day share 1.00)
15:46:18 voltium.loaders vega convention for /Users/andrew/Projects/quant-research/data_store/option_greeks_2017/DHI.parquet: per_1.00_iv (per-unit share 1.00, per-point share 0.00, median dP/vega ratio 0.0100, theta/day share 1.00)
15:46:18 voltium.loaders vega convention for /Users/andrew/Projects/quant-research/data_store/option_greeks_2017/DHR.parquet: per_1.00_iv (per-unit share 1.00, per-point share 0.00, median dP/vega ratio 0.0100, theta/day share 1.00)
15:46:19 voltium.loaders vega convention for /Users/andrew/Projects/quant-research/data_store/option_greeks_2017/DIS.parquet: per_1.00_iv (per-unit share 1.00, per-point share 0.00, median dP/vega ratio 0.0100, theta/day share 1.00)
15:46:19 voltium.loaders vega convention for /Users/andrew/Projects/quant-research/data_store/option_greeks_2017/DISCA.parquet: per_1.00_iv (per-unit share 1.00, per-point share 0.00, median dP/vega ratio 0.0101, theta/day share 1.00)
15:46:19 voltium.loaders vega convention for /Users/andrew/Projects/quant-research/data_store/option_greeks_2017/DISCK.parquet: per_1.00_iv (per-unit share 1.00, per-point share 0.00, median dP/vega ratio 0.0101, theta/day share 1.00)
15:46:19 voltium.loaders vega convention for /Users/andrew/Projects/quant-research/data_store/option_greeks_2017/DISH.parquet: per_1.00_iv (per-unit share 1.00, per-point share 0.00, median dP/vega ratio 0.0100, theta/day share 1.00)
15:46:19 voltium.loaders vega convention for /Users/andrew/Projects/quant-research/data_store/option_greeks_2017/DLR.parquet: per_1.00_iv (per-unit share 1.00, per-point share 0.00, median dP/vega ratio 0.0100, theta/day share 1.00)
15:46:19 voltium.loaders vega convention for /Users/andrew/Projects/quant-research/data_store/option_greeks_2017/DLTR.parquet: per_1.00_iv (per-unit share 1.00, per-point share 0.00, median dP/vega ratio 0.0100, theta/day share 1.00)
15:46:19 voltium.loaders vega convention for /Users/andrew/Projects/quant-research/data_store/option_greeks_2017/DOC.parquet: per_1.00_iv (per-unit share 1.00, per-point share 0.00, median dP/vega ratio 0.0102, theta/day share 1.00)
15:46:19 voltium.loaders vega convention for /Users/andrew/Projects/quant-research/data_store/option_greeks_2017/DOV.parquet: per_1.00_iv (per-unit share 1.00, per-point share 0.00, median dP/vega ratio 0.0101, theta/day share 1.00)
15:46:19 voltium.loaders vega convention for /Users/andrew/Projects/quant-research/data_store/option_greeks_2017/DOW.parquet: per_1.00_iv (per-unit share 1.00, per-point share 0.00, median dP/vega ratio 0.0100, theta/day share 1.00)
15:46:19 voltium.loaders vega convention for /Users/andrew/Projects/quant-research/data_store/option_greeks_2017/DPS.parquet: per_1.00_iv (per-unit share 1.00, per-point share 0.00, median dP/vega ratio 0.0100, theta/day share 1.00)
15:46:19 voltium.loaders vega convention for /Users/andrew/Projects/quant-research/data_store/option_greeks_2020/DPZ.parquet: per_1.00_iv (per-unit share 1.00, per-point share 0.00, median dP/vega ratio 0.0100, theta/day share 1.00)
15:46:20 voltium.loaders vega convention for /Users/andrew/Projects/quant-research/data_store/option_greeks_2017/DRE.parquet: per_1.00_iv (per-unit share 1.00, per-point share 0.00, median dP/vega ratio 0.0100, theta/day share 1.00)
15:46:20 voltium.loaders vega convention for /Users/andrew/Projects/quant-research/data_store/option_greeks_2017/DRI.parquet: per_1.00_iv (per-unit share 1.00, per-point share 0.00, median dP/vega ratio 0.0101, theta/day share 1.00)
15:46:20 voltium.loaders vega convention for /Users/andrew/Projects/quant-research/data_store/option_greeks_2017/DTE.parquet: per_1.00_iv (per-unit share 1.00, per-point share 0.00, median dP/vega ratio 0.0101, theta/day share 1.00)
15:46:20 voltium.loaders vega convention for /Users/andrew/Projects/quant-research/data_store/option_greeks_2017/DUK.parquet: per_1.00_iv (per-unit share 1.00, per-point share 0.00, median dP/vega ratio 0.0101, theta/day share 1.00)
15:46:20 voltium.loaders vega convention for /Users/andrew/Projects/quant-research/data_store/option_greeks_2017/DVA.parquet: per_1.00_iv (per-unit share 1.00, per-point share 0.00, median dP/vega ratio 0.0100, theta/day share 1.00)
15:46:20 voltium.loaders vega convention for /Users/andrew/Projects/quant-research/data_store/option_greeks_2017/DVN.parquet: per_1.00_iv (per-unit share 1.00, per-point share 0.00, median dP/vega ratio 0.0100, theta/day share 1.00)
15:46:20 voltium.loaders vega convention for /Users/andrew/Projects/quant-research/data_store/option_greeks_2017/DWDP.parquet: per_1.00_iv (per-unit share 1.00, per-point share 0.00, median dP/vega ratio 0.0100, theta/day share 1.00)
15:46:20 voltium.loaders vega convention for /Users/andrew/Projects/quant-research/data_store/option_greeks_2017/DXC.parquet: per_1.00_iv (per-unit share 1.00, per-point share 0.00, median dP/vega ratio 0.0100, theta/day share 1.00)
15:46:20 voltium.loaders vega convention for /Users/andrew/Projects/quant-research/data_store/option_greeks_2020/DXCM.parquet: per_1.00_iv (per-unit share 1.00, per-point share 0.00, median dP/vega ratio 0.0100, theta/day share 1.00)
15:46:20 voltium.loaders vega convention for /Users/andrew/Projects/quant-research/data_store/option_greeks_2017/EA.parquet: per_1.00_iv (per-unit share 1.00, per-point share 0.00, median dP/vega ratio 0.0100, theta/day share 1.00)
15:46:21 voltium.loaders vega convention for /Users/andrew/Projects/quant-research/data_store/option_greeks_2017/EBAY.parquet: per_1.00_iv (per-unit share 1.00, per-point share 0.00, median dP/vega ratio 0.0100, theta/day share 1.00)
15:46:21 voltium.providers.base materialize: 200/659 symbols
15:46:21 voltium.loaders vega convention for /Users/andrew/Projects/quant-research/data_store/option_greeks_2017/ECL.parquet: per_1.00_iv (per-unit share 1.00, per-point share 0.00, median dP/vega ratio 0.0100, theta/day share 1.00)
15:46:21 voltium.loaders vega convention for /Users/andrew/Projects/quant-research/data_store/option_greeks_2017/ED.parquet: per_1.00_iv (per-unit share 1.00, per-point share 0.00, median dP/vega ratio 0.0101, theta/day share 1.00)
15:46:21 voltium.loaders vega convention for /Users/andrew/Projects/quant-research/data_store/option_greeks_2017/EFX.parquet: per_1.00_iv (per-unit share 1.00, per-point share 0.00, median dP/vega ratio 0.0100, theta/day share 1.00)
15:46:21 voltium.loaders vega convention for /Users/andrew/Projects/quant-research/data_store/option_greeks_2023/EG.parquet: per_1.00_iv (per-unit share 1.00, per-point share 0.00, median dP/vega ratio 0.0100, theta/day share 1.00)
15:46:21 voltium.loaders vega convention for /Users/andrew/Projects/quant-research/data_store/option_greeks_2017/EIX.parquet: per_1.00_iv (per-unit share 1.00, per-point share 0.00, median dP/vega ratio 0.0100, theta/day share 1.00)
15:46:21 voltium.loaders vega convention for /Users/andrew/Projects/quant-research/data_store/option_greeks_2017/EL.parquet: per_1.00_iv (per-unit share 1.00, per-point share 0.00, median dP/vega ratio 0.0100, theta/day share 1.00)
15:46:21 voltium.loaders vega convention for /Users/andrew/Projects/quant-research/data_store/option_greeks_2022/ELV.parquet: per_1.00_iv (per-unit share 1.00, per-point share 0.00, median dP/vega ratio 0.0100, theta/day share 1.00)
15:46:21 voltium.loaders vega convention for /Users/andrew/Projects/quant-research/data_store/option_greeks/EME.parquet: per_1.00_iv (per-unit share 1.00, per-point share 0.00, median dP/vega ratio 0.0100, theta/day share 1.00)
15:46:21 voltium.loaders vega convention for /Users/andrew/Projects/quant-research/data_store/option_greeks_2017/EMN.parquet: per_1.00_iv (per-unit share 1.00, per-point share 0.00, median dP/vega ratio 0.0100, theta/day share 1.00)
15:46:22 voltium.loaders vega convention for /Users/andrew/Projects/quant-research/data_store/option_greeks_2017/EMR.parquet: per_1.00_iv (per-unit share 1.00, per-point share 0.00, median dP/vega ratio 0.0100, theta/day share 1.00)
15:46:22 voltium.loaders vega convention for /Users/andrew/Projects/quant-research/data_store/option_greeks_2021/ENPH.parquet: per_1.00_iv (per-unit share 1.00, per-point share 0.00, median dP/vega ratio 0.0100, theta/day share 1.00)
15:46:22 voltium.loaders vega convention for /Users/andrew/Projects/quant-research/data_store/option_greeks_2017/EOG.parquet: per_1.00_iv (per-unit share 1.00, per-point share 0.00, median dP/vega ratio 0.0100, theta/day share 1.00)
15:46:22 voltium.loaders vega convention for /Users/andrew/Projects/quant-research/data_store/option_greeks_2021/EPAM.parquet: per_1.00_iv (per-unit share 1.00, per-point share 0.00, median dP/vega ratio 0.0100, theta/day share 1.00)
15:46:22 voltium.loaders vega convention for /Users/andrew/Projects/quant-research/data_store/option_greeks_2017/EQIX.parquet: per_1.00_iv (per-unit share 1.00, per-point share 0.00, median dP/vega ratio 0.0100, theta/day share 1.00)
15:46:22 voltium.loaders vega convention for /Users/andrew/Projects/quant-research/data_store/option_greeks_2017/EQT.parquet: per_1.00_iv (per-unit share 1.00, per-point share 0.00, median dP/vega ratio 0.0100, theta/day share 1.00)
15:46:22 voltium.loaders vega convention for /Users/andrew/Projects/quant-research/data_store/option_greeks_2024/ERIE.parquet: per_1.00_iv (per-unit share 1.00, per-point share 0.00, median dP/vega ratio 0.0100, theta/day share 1.00)
15:46:22 voltium.loaders vega convention for /Users/andrew/Projects/quant-research/data_store/option_greeks_2017/ES.parquet: per_1.00_iv (per-unit share 1.00, per-point share 0.00, median dP/vega ratio 0.0100, theta/day share 1.00)
15:46:23 voltium.loaders vega convention for /Users/andrew/Projects/quant-research/data_store/option_greeks_2017/ESRX.parquet: per_1.00_iv (per-unit share 1.00, per-point share 0.00, median dP/vega ratio 0.0100, theta/day share 1.00)
15:46:23 voltium.loaders vega convention for /Users/andrew/Projects/quant-research/data_store/option_greeks_2017/ESS.parquet: per_1.00_iv (per-unit share 1.00, per-point share 0.00, median dP/vega ratio 0.0100, theta/day share 1.00)
15:46:23 voltium.loaders vega convention for /Users/andrew/Projects/quant-research/data_store/option_greeks_2017/ETFC.parquet: per_1.00_iv (per-unit share 1.00, per-point share 0.00, median dP/vega ratio 0.0100, theta/day share 1.00)
15:46:23 voltium.loaders vega convention for /Users/andrew/Projects/quant-research/data_store/option_greeks_2017/ETN.parquet: per_1.00_iv (per-unit share 1.00, per-point share 0.00, median dP/vega ratio 0.0100, theta/day share 1.00)
15:46:23 voltium.loaders vega convention for /Users/andrew/Projects/quant-research/data_store/option_greeks_2017/ETR.parquet: per_1.00_iv (per-unit share 1.00, per-point share 0.00, median dP/vega ratio 0.0101, theta/day share 1.00)
15:46:23 voltium.loaders vega convention for /Users/andrew/Projects/quant-research/data_store/option_greeks_2020/ETSY.parquet: per_1.00_iv (per-unit share 1.00, per-point share 0.00, median dP/vega ratio 0.0100, theta/day share 1.00)
15:46:23 voltium.loaders vega convention for /Users/andrew/Projects/quant-research/data_store/option_greeks_2017/EVHC.parquet: per_1.00_iv (per-unit share 1.00, per-point share 0.00, median dP/vega ratio 0.0100, theta/day share 1.00)
15:46:23 voltium.loaders vega convention for /Users/andrew/Projects/quant-research/data_store/option_greeks_2018/EVRG.parquet: per_1.00_iv (per-unit share 1.00, per-point share 0.00, median dP/vega ratio 0.0100, theta/day share 1.00)
15:46:23 voltium.loaders vega convention for /Users/andrew/Projects/quant-research/data_store/option_greeks_2017/EW.parquet: per_1.00_iv (per-unit share 1.00, per-point share 0.00, median dP/vega ratio 0.0100, theta/day share 1.00)
15:46:23 voltium.loaders vega convention for /Users/andrew/Projects/quant-research/data_store/option_greeks_2017/EXC.parquet: per_1.00_iv (per-unit share 1.00, per-point share 0.00, median dP/vega ratio 0.0101, theta/day share 1.00)
15:46:23 voltium.loaders vega convention for /Users/andrew/Projects/quant-research/data_store/option_greeks/EXE.parquet: per_1.00_iv (per-unit share 1.00, per-point share 0.00, median dP/vega ratio 0.0101, theta/day share 1.00)
15:46:23 voltium.loaders vega convention for /Users/andrew/Projects/quant-research/data_store/option_greeks_2017/EXPD.parquet: per_1.00_iv (per-unit share 1.00, per-point share 0.00, median dP/vega ratio 0.0100, theta/day share 1.00)
15:46:24 voltium.loaders vega convention for /Users/andrew/Projects/quant-research/data_store/option_greeks_2017/EXPE.parquet: per_1.00_iv (per-unit share 1.00, per-point share 0.00, median dP/vega ratio 0.0100, theta/day share 1.00)
15:46:24 voltium.loaders vega convention for /Users/andrew/Projects/quant-research/data_store/option_greeks_2017/EXR.parquet: per_1.00_iv (per-unit share 1.00, per-point share 0.00, median dP/vega ratio 0.0101, theta/day share 1.00)
15:46:24 voltium.loaders vega convention for /Users/andrew/Projects/quant-research/data_store/option_greeks_2017/F.parquet: per_1.00_iv (per-unit share 1.00, per-point share 0.00, median dP/vega ratio 0.0101, theta/day share 1.00)
15:46:24 voltium.loaders vega convention for /Users/andrew/Projects/quant-research/data_store/option_greeks_2018/FANG.parquet: per_1.00_iv (per-unit share 1.00, per-point share 0.00, median dP/vega ratio 0.0100, theta/day share 1.00)
15:46:24 voltium.loaders vega convention for /Users/andrew/Projects/quant-research/data_store/option_greeks_2017/FAST.parquet: per_1.00_iv (per-unit share 1.00, per-point share 0.00, median dP/vega ratio 0.0100, theta/day share 1.00)
15:46:24 voltium.loaders vega convention for /Users/andrew/Projects/quant-research/data_store/option_greeks_2017/FBHS.parquet: per_1.00_iv (per-unit share 1.00, per-point share 0.00, median dP/vega ratio 0.0100, theta/day share 1.00)
15:46:24 voltium.loaders vega convention for /Users/andrew/Projects/quant-research/data_store/option_greeks_2017/FCX.parquet: per_1.00_iv (per-unit share 1.00, per-point share 0.00, median dP/vega ratio 0.0100, theta/day share 1.00)
15:46:24 voltium.loaders vega convention for /Users/andrew/Projects/quant-research/data_store/option_greeks_2021/FDS.parquet: per_1.00_iv (per-unit share 1.00, per-point share 0.00, median dP/vega ratio 0.0100, theta/day share 1.00)
15:46:24 voltium.loaders vega convention for /Users/andrew/Projects/quant-research/data_store/option_greeks_2017/FDX.parquet: per_1.00_iv (per-unit share 1.00, per-point share 0.00, median dP/vega ratio 0.0100, theta/day share 1.00)
15:46:25 voltium.loaders vega convention for /Users/andrew/Projects/quant-research/data_store/option_greeks_2017/FE.parquet: per_1.00_iv (per-unit share 1.00, per-point share 0.00, median dP/vega ratio 0.0101, theta/day share 1.00)
15:46:25 voltium.loaders vega convention for /Users/andrew/Projects/quant-research/data_store/option_greeks_2017/FFIV.parquet: per_1.00_iv (per-unit share 1.00, per-point share 0.00, median dP/vega ratio 0.0100, theta/day share 1.00)
15:46:25 voltium.loaders vega convention for /Users/andrew/Projects/quant-research/data_store/option_greeks_2023/FICO.parquet: per_1.00_iv (per-unit share 1.00, per-point share 0.00, median dP/vega ratio 0.0101, theta/day share 1.00)
15:46:25 voltium.loaders vega convention for /Users/andrew/Projects/quant-research/data_store/option_greeks_2017/FIS.parquet: per_1.00_iv (per-unit share 1.00, per-point share 0.00, median dP/vega ratio 0.0101, theta/day share 1.00)
15:46:25 voltium.loaders vega convention for /Users/andrew/Projects/quant-research/data_store/option_greeks_2017/FISV.parquet: per_1.00_iv (per-unit share 1.00, per-point share 0.00, median dP/vega ratio 0.0100, theta/day share 1.00)
15:46:25 voltium.loaders vega convention for /Users/andrew/Projects/quant-research/data_store/option_greeks_2017/FITB.parquet: per_1.00_iv (per-unit share 1.00, per-point share 0.00, median dP/vega ratio 0.0100, theta/day share 1.00)
15:46:25 voltium.loaders vega convention for /Users/andrew/Projects/quant-research/data_store/option_greeks_2017/FL.parquet: per_1.00_iv (per-unit share 1.00, per-point share 0.00, median dP/vega ratio 0.0100, theta/day share 1.00)
15:46:25 voltium.loaders vega convention for /Users/andrew/Projects/quant-research/data_store/option_greeks_2017/FLIR.parquet: per_1.00_iv (per-unit share 1.00, per-point share 0.00, median dP/vega ratio 0.0100, theta/day share 1.00)
15:46:25 voltium.loaders vega convention for /Users/andrew/Projects/quant-research/data_store/option_greeks_2017/FLR.parquet: per_1.00_iv (per-unit share 1.00, per-point share 0.00, median dP/vega ratio 0.0100, theta/day share 1.00)
15:46:25 voltium.loaders vega convention for /Users/andrew/Projects/quant-research/data_store/option_greeks_2017/FLS.parquet: per_1.00_iv (per-unit share 1.00, per-point share 0.00, median dP/vega ratio 0.0100, theta/day share 1.00)
15:46:25 voltium.loaders vega convention for /Users/andrew/Projects/quant-research/data_store/option_greeks_2018/FLT.parquet: per_1.00_iv (per-unit share 1.00, per-point share 0.00, median dP/vega ratio 0.0099, theta/day share 1.00)
15:46:25 voltium.loaders vega convention for /Users/andrew/Projects/quant-research/data_store/option_greeks_2017/FMC.parquet: per_1.00_iv (per-unit share 1.00, per-point share 0.00, median dP/vega ratio 0.0100, theta/day share 1.00)
15:46:25 voltium.loaders vega convention for /Users/andrew/Projects/quant-research/data_store/option_greeks_2017/FOX.parquet: per_1.00_iv (per-unit share 1.00, per-point share 0.00, median dP/vega ratio 0.0101, theta/day share 1.00)
15:46:26 voltium.loaders vega convention for /Users/andrew/Projects/quant-research/data_store/option_greeks_2017/FOXA.parquet: per_1.00_iv (per-unit share 1.00, per-point share 0.00, median dP/vega ratio 0.0100, theta/day share 1.00)
15:46:26 voltium.loaders vega convention for /Users/andrew/Projects/quant-research/data_store/option_greeks_2019/FRC.parquet: per_1.00_iv (per-unit share 1.00, per-point share 0.00, median dP/vega ratio 0.0100, theta/day share 1.00)
15:46:26 voltium.loaders vega convention for /Users/andrew/Projects/quant-research/data_store/option_greeks_2017/FRT.parquet: per_1.00_iv (per-unit share 1.00, per-point share 0.00, median dP/vega ratio 0.0100, theta/day share 1.00)
15:46:26 voltium.loaders vega convention for /Users/andrew/Projects/quant-research/data_store/option_greeks_2017/FSLR.parquet: per_1.00_iv (per-unit share 1.00, per-point share 0.00, median dP/vega ratio 0.0100, theta/day share 1.00)
15:46:26 voltium.loaders vega convention for /Users/andrew/Projects/quant-research/data_store/option_greeks_2017/FTI.parquet: per_1.00_iv (per-unit share 1.00, per-point share 0.00, median dP/vega ratio 0.0100, theta/day share 1.00)
15:46:26 voltium.loaders vega convention for /Users/andrew/Projects/quant-research/data_store/option_greeks_2018/FTNT.parquet: per_1.00_iv (per-unit share 1.00, per-point share 0.00, median dP/vega ratio 0.0100, theta/day share 1.00)
15:46:26 voltium.loaders vega convention for /Users/andrew/Projects/quant-research/data_store/option_greeks_2017/FTV.parquet: per_1.00_iv (per-unit share 1.00, per-point share 0.00, median dP/vega ratio 0.0100, theta/day share 1.00)
15:46:26 voltium.loaders vega convention for /Users/andrew/Projects/quant-research/data_store/option_greeks_2017/GD.parquet: per_1.00_iv (per-unit share 1.00, per-point share 0.00, median dP/vega ratio 0.0100, theta/day share 1.00)
15:46:26 voltium.loaders vega convention for /Users/andrew/Projects/quant-research/data_store/option_greeks_2024/GDDY.parquet: per_1.00_iv (per-unit share 1.00, per-point share 0.00, median dP/vega ratio 0.0100, theta/day share 1.00)
15:46:26 voltium.loaders vega convention for /Users/andrew/Projects/quant-research/data_store/option_greeks_2017/GE.parquet: per_1.00_iv (per-unit share 1.00, per-point share 0.00, median dP/vega ratio 0.0101, theta/day share 1.00)
15:46:27 voltium.loaders vega convention for /Users/andrew/Projects/quant-research/data_store/option_greeks_2023/GEHC.parquet: per_1.00_iv (per-unit share 1.00, per-point share 0.00, median dP/vega ratio 0.0100, theta/day share 1.00)
15:46:27 voltium.loaders vega convention for /Users/andrew/Projects/quant-research/data_store/option_greeks_2017/GEN.parquet: per_1.00_iv (per-unit share 1.00, per-point share 0.00, median dP/vega ratio 0.0101, theta/day share 1.00)
15:46:27 voltium.loaders vega convention for /Users/andrew/Projects/quant-research/data_store/option_greeks_2024/GEV.parquet: per_1.00_iv (per-unit share 1.00, per-point share 0.00, median dP/vega ratio 0.0100, theta/day share 1.00)
15:46:27 voltium.loaders vega convention for /Users/andrew/Projects/quant-research/data_store/option_greeks_2017/GGP.parquet: per_1.00_iv (per-unit share 1.00, per-point share 0.00, median dP/vega ratio 0.0100, theta/day share 1.00)
15:46:27 voltium.loaders vega convention for /Users/andrew/Projects/quant-research/data_store/option_greeks_2017/GILD.parquet: per_1.00_iv (per-unit share 1.00, per-point share 0.00, median dP/vega ratio 0.0100, theta/day share 1.00)
15:46:27 voltium.loaders vega convention for /Users/andrew/Projects/quant-research/data_store/option_greeks_2017/GIS.parquet: per_1.00_iv (per-unit share 1.00, per-point share 0.00, median dP/vega ratio 0.0101, theta/day share 1.00)
15:46:27 voltium.loaders vega convention for /Users/andrew/Projects/quant-research/data_store/option_greeks_2019/GL.parquet: per_1.00_iv (per-unit share 1.00, per-point share 0.00, median dP/vega ratio 0.0100, theta/day share 1.00)
15:46:27 voltium.loaders vega convention for /Users/andrew/Projects/quant-research/data_store/option_greeks_2017/GLW.parquet: per_1.00_iv (per-unit share 1.00, per-point share 0.00, median dP/vega ratio 0.0100, theta/day share 1.00)
15:46:27 voltium.loaders vega convention for /Users/andrew/Projects/quant-research/data_store/option_greeks_2017/GM.parquet: per_1.00_iv (per-unit share 1.00, per-point share 0.00, median dP/vega ratio 0.0100, theta/day share 1.00)
15:46:28 voltium.loaders vega convention for /Users/andrew/Projects/quant-research/data_store/option_greeks_2021/GNRC.parquet: per_1.00_iv (per-unit share 1.00, per-point share 0.00, median dP/vega ratio 0.0100, theta/day share 1.00)
15:46:28 voltium.loaders vega convention for /Users/andrew/Projects/quant-research/data_store/option_greeks_2017/GOOG.parquet: per_1.00_iv (per-unit share 1.00, per-point share 0.00, median dP/vega ratio 0.0100, theta/day share 1.00)
15:46:28 voltium.loaders vega convention for /Users/andrew/Projects/quant-research/data_store/option_greeks_2017/GOOGL.parquet: per_1.00_iv (per-unit share 1.00, per-point share 0.00, median dP/vega ratio 0.0100, theta/day share 1.00)
15:46:29 voltium.loaders vega convention for /Users/andrew/Projects/quant-research/data_store/option_greeks_2017/GPC.parquet: per_1.00_iv (per-unit share 1.00, per-point share 0.00, median dP/vega ratio 0.0100, theta/day share 1.00)
15:46:29 voltium.loaders vega convention for /Users/andrew/Projects/quant-research/data_store/option_greeks_2017/GPN.parquet: per_1.00_iv (per-unit share 1.00, per-point share 0.00, median dP/vega ratio 0.0100, theta/day share 1.00)
15:46:29 voltium.loaders vega convention for /Users/andrew/Projects/quant-research/data_store/option_greeks_2017/GPS.parquet: per_1.00_iv (per-unit share 1.00, per-point share 0.00, median dP/vega ratio 0.0100, theta/day share 1.00)
15:46:29 voltium.loaders vega convention for /Users/andrew/Projects/quant-research/data_store/option_greeks_2017/GRMN.parquet: per_1.00_iv (per-unit share 1.00, per-point share 0.00, median dP/vega ratio 0.0100, theta/day share 1.00)
15:46:29 voltium.loaders vega convention for /Users/andrew/Projects/quant-research/data_store/option_greeks_2017/GS.parquet: per_1.00_iv (per-unit share 1.00, per-point share 0.00, median dP/vega ratio 0.0100, theta/day share 1.00)
15:46:29 voltium.loaders vega convention for /Users/andrew/Projects/quant-research/data_store/option_greeks_2017/GT.parquet: per_1.00_iv (per-unit share 1.00, per-point share 0.00, median dP/vega ratio 0.0100, theta/day share 1.00)
15:46:30 voltium.loaders vega convention for /Users/andrew/Projects/quant-research/data_store/option_greeks_2017/GWW.parquet: per_1.00_iv (per-unit share 1.00, per-point share 0.00, median dP/vega ratio 0.0100, theta/day share 1.00)
15:46:30 voltium.loaders vega convention for /Users/andrew/Projects/quant-research/data_store/option_greeks_2017/HAL.parquet: per_1.00_iv (per-unit share 1.00, per-point share 0.00, median dP/vega ratio 0.0100, theta/day share 1.00)
15:46:30 voltium.loaders vega convention for /Users/andrew/Projects/quant-research/data_store/option_greeks_2017/HAS.parquet: per_1.00_iv (per-unit share 1.00, per-point share 0.00, median dP/vega ratio 0.0100, theta/day share 1.00)
15:46:30 voltium.loaders vega convention for /Users/andrew/Projects/quant-research/data_store/option_greeks_2017/HBAN.parquet: per_1.00_iv (per-unit share 1.00, per-point share 0.00, median dP/vega ratio 0.0101, theta/day share 1.00)
15:46:30 voltium.loaders vega convention for /Users/andrew/Projects/quant-research/data_store/option_greeks_2017/HBI.parquet: per_1.00_iv (per-unit share 1.00, per-point share 0.00, median dP/vega ratio 0.0100, theta/day share 1.00)
15:46:30 voltium.loaders vega convention for /Users/andrew/Projects/quant-research/data_store/option_greeks_2017/HCA.parquet: per_1.00_iv (per-unit share 1.00, per-point share 0.00, median dP/vega ratio 0.0100, theta/day share 1.00)
15:46:30 voltium.loaders vega convention for /Users/andrew/Projects/quant-research/data_store/option_greeks_2017/HD.parquet: per_1.00_iv (per-unit share 1.00, per-point share 0.00, median dP/vega ratio 0.0100, theta/day share 1.00)
15:46:30 voltium.loaders vega convention for /Users/andrew/Projects/quant-research/data_store/option_greeks_2017/HES.parquet: per_1.00_iv (per-unit share 1.00, per-point share 0.00, median dP/vega ratio 0.0100, theta/day share 1.00)
15:46:31 voltium.loaders vega convention for /Users/andrew/Projects/quant-research/data_store/option_greeks_2018/HFC.parquet: per_1.00_iv (per-unit share 1.00, per-point share 0.00, median dP/vega ratio 0.0100, theta/day share 1.00)
15:46:31 voltium.loaders vega convention for /Users/andrew/Projects/quant-research/data_store/option_greeks_2017/HIG.parquet: per_1.00_iv (per-unit share 1.00, per-point share 0.00, median dP/vega ratio 0.0100, theta/day share 1.00)
15:46:31 voltium.loaders vega convention for /Users/andrew/Projects/quant-research/data_store/option_greeks_2018/HII.parquet: per_1.00_iv (per-unit share 1.00, per-point share 0.00, median dP/vega ratio 0.0100, theta/day share 1.00)
15:46:31 voltium.loaders vega convention for /Users/andrew/Projects/quant-research/data_store/option_greeks_2017/HLT.parquet: per_1.00_iv (per-unit share 1.00, per-point share 0.00, median dP/vega ratio 0.0101, theta/day share 1.00)
15:46:31 voltium.loaders vega convention for /Users/andrew/Projects/quant-research/data_store/option_greeks_2017/HOG.parquet: per_1.00_iv (per-unit share 1.00, per-point share 0.00, median dP/vega ratio 0.0100, theta/day share 1.00)
15:46:31 voltium.loaders vega convention for /Users/andrew/Projects/quant-research/data_store/option_greeks_2017/HOLX.parquet: per_1.00_iv (per-unit share 1.00, per-point share 0.00, median dP/vega ratio 0.0100, theta/day share 1.00)
15:46:31 voltium.loaders vega convention for /Users/andrew/Projects/quant-research/data_store/option_greeks_2017/HON.parquet: per_1.00_iv (per-unit share 1.00, per-point share 0.00, median dP/vega ratio 0.0100, theta/day share 1.00)
15:46:31 voltium.loaders vega convention for /Users/andrew/Projects/quant-research/data_store/option_greeks/HOOD.parquet: per_1.00_iv (per-unit share 1.00, per-point share 0.00, median dP/vega ratio 0.0100, theta/day share 1.00)
15:46:32 voltium.loaders vega convention for /Users/andrew/Projects/quant-research/data_store/option_greeks_2017/HP.parquet: per_1.00_iv (per-unit share 1.00, per-point share 0.00, median dP/vega ratio 0.0100, theta/day share 1.00)
15:46:32 voltium.loaders vega convention for /Users/andrew/Projects/quant-research/data_store/option_greeks_2017/HPE.parquet: per_1.00_iv (per-unit share 1.00, per-point share 0.00, median dP/vega ratio 0.0100, theta/day share 1.00)
15:46:32 voltium.loaders vega convention for /Users/andrew/Projects/quant-research/data_store/option_greeks_2017/HPQ.parquet: per_1.00_iv (per-unit share 1.00, per-point share 0.00, median dP/vega ratio 0.0100, theta/day share 1.00)
15:46:32 voltium.loaders vega convention for /Users/andrew/Projects/quant-research/data_store/option_greeks_2017/HRB.parquet: per_1.00_iv (per-unit share 1.00, per-point share 0.00, median dP/vega ratio 0.0101, theta/day share 1.00)
15:46:32 voltium.loaders vega convention for /Users/andrew/Projects/quant-research/data_store/option_greeks_2017/HRL.parquet: per_1.00_iv (per-unit share 1.00, per-point share 0.00, median dP/vega ratio 0.0100, theta/day share 1.00)
15:46:32 voltium.providers.base materialize: 300/659 symbols
15:46:32 voltium.loaders vega convention for /Users/andrew/Projects/quant-research/data_store/option_greeks_2017/HSIC.parquet: per_1.00_iv (per-unit share 1.00, per-point share 0.00, median dP/vega ratio 0.0100, theta/day share 1.00)
15:46:32 voltium.loaders vega convention for /Users/andrew/Projects/quant-research/data_store/option_greeks_2017/HST.parquet: per_1.00_iv (per-unit share 1.00, per-point share 0.00, median dP/vega ratio 0.0101, theta/day share 1.00)
15:46:32 voltium.loaders vega convention for /Users/andrew/Projects/quant-research/data_store/option_greeks_2017/HSY.parquet: per_1.00_iv (per-unit share 1.00, per-point share 0.00, median dP/vega ratio 0.0100, theta/day share 1.00)
15:46:32 voltium.loaders vega convention for /Users/andrew/Projects/quant-research/data_store/option_greeks_2023/HUBB.parquet: per_1.00_iv (per-unit share 1.00, per-point share 0.00, median dP/vega ratio 0.0101, theta/day share 1.00)
15:46:32 voltium.loaders vega convention for /Users/andrew/Projects/quant-research/data_store/option_greeks_2017/HUM.parquet: per_1.00_iv (per-unit share 1.00, per-point share 0.00, median dP/vega ratio 0.0100, theta/day share 1.00)
15:46:33 voltium.loaders vega convention for /Users/andrew/Projects/quant-research/data_store/option_greeks_2020/HWM.parquet: per_1.00_iv (per-unit share 1.00, per-point share 0.00, median dP/vega ratio 0.0100, theta/day share 1.00)
15:46:33 voltium.loaders vega convention for /Users/andrew/Projects/quant-research/data_store/option_greeks/IBKR.parquet: per_1.00_iv (per-unit share 1.00, per-point share 0.00, median dP/vega ratio 0.0101, theta/day share 1.00)
15:46:33 voltium.loaders vega convention for /Users/andrew/Projects/quant-research/data_store/option_greeks_2017/IBM.parquet: per_1.00_iv (per-unit share 1.00, per-point share 0.00, median dP/vega ratio 0.0101, theta/day share 1.00)
15:46:33 voltium.loaders vega convention for /Users/andrew/Projects/quant-research/data_store/option_greeks_2017/ICE.parquet: per_1.00_iv (per-unit share 1.00, per-point share 0.00, median dP/vega ratio 0.0100, theta/day share 1.00)
15:46:33 voltium.loaders vega convention for /Users/andrew/Projects/quant-research/data_store/option_greeks_2017/IDXX.parquet: per_1.00_iv (per-unit share 1.00, per-point share 0.00, median dP/vega ratio 0.0100, theta/day share 1.00)
15:46:33 voltium.loaders vega convention for /Users/andrew/Projects/quant-research/data_store/option_greeks_2019/IEX.parquet: per_1.00_iv (per-unit share 1.00, per-point share 0.00, median dP/vega ratio 0.0100, theta/day share 1.00)
15:46:33 voltium.loaders vega convention for /Users/andrew/Projects/quant-research/data_store/option_greeks_2017/IFF.parquet: per_1.00_iv (per-unit share 1.00, per-point share 0.00, median dP/vega ratio 0.0100, theta/day share 1.00)
15:46:33 voltium.loaders vega convention for /Users/andrew/Projects/quant-research/data_store/option_greeks_2017/ILMN.parquet: per_1.00_iv (per-unit share 1.00, per-point share 0.00, median dP/vega ratio 0.0100, theta/day share 1.00)
15:46:33 voltium.loaders vega convention for /Users/andrew/Projects/quant-research/data_store/option_greeks_2017/INCY.parquet: per_1.00_iv (per-unit share 1.00, per-point share 0.00, median dP/vega ratio 0.0100, theta/day share 1.00)
15:46:33 voltium.loaders vega convention for /Users/andrew/Projects/quant-research/data_store/option_greeks_2017/INFO.parquet: per_1.00_iv (per-unit share 1.00, per-point share 0.00, median dP/vega ratio 0.0101, theta/day share 1.00)
15:46:34 voltium.loaders vega convention for /Users/andrew/Projects/quant-research/data_store/option_greeks_2017/INTC.parquet: per_1.00_iv (per-unit share 1.00, per-point share 0.00, median dP/vega ratio 0.0100, theta/day share 1.00)
15:46:34 voltium.loaders vega convention for /Users/andrew/Projects/quant-research/data_store/option_greeks_2017/INTU.parquet: per_1.00_iv (per-unit share 1.00, per-point share 0.00, median dP/vega ratio 0.0100, theta/day share 1.00)
15:46:34 voltium.loaders vega convention for /Users/andrew/Projects/quant-research/data_store/option_greeks_2022/INVH.parquet: per_1.00_iv (per-unit share 1.00, per-point share 0.00, median dP/vega ratio 0.0100, theta/day share 1.00)
15:46:34 voltium.loaders vega convention for /Users/andrew/Projects/quant-research/data_store/option_greeks_2017/IP.parquet: per_1.00_iv (per-unit share 1.00, per-point share 0.00, median dP/vega ratio 0.0100, theta/day share 1.00)
15:46:34 voltium.loaders vega convention for /Users/andrew/Projects/quant-research/data_store/option_greeks_2017/IPG.parquet: per_1.00_iv (per-unit share 1.00, per-point share 0.00, median dP/vega ratio 0.0101, theta/day share 1.00)
15:46:34 voltium.loaders vega convention for /Users/andrew/Projects/quant-research/data_store/option_greeks_2018/IPGP.parquet: per_1.00_iv (per-unit share 1.00, per-point share 0.00, median dP/vega ratio 0.0100, theta/day share 1.00)
15:46:34 voltium.loaders vega convention for /Users/andrew/Projects/quant-research/data_store/option_greeks_2017/IQV.parquet: per_1.00_iv (per-unit share 1.00, per-point share 0.00, median dP/vega ratio 0.0099, theta/day share 1.00)
15:46:34 voltium.loaders vega convention for /Users/andrew/Projects/quant-research/data_store/option_greeks_2020/IR.parquet: per_1.00_iv (per-unit share 1.00, per-point share 0.00, median dP/vega ratio 0.0100, theta/day share 1.00)
15:46:34 voltium.loaders vega convention for /Users/andrew/Projects/quant-research/data_store/option_greeks_2017/IRM.parquet: per_1.00_iv (per-unit share 1.00, per-point share 0.00, median dP/vega ratio 0.0101, theta/day share 1.00)
15:46:34 voltium.loaders vega convention for /Users/andrew/Projects/quant-research/data_store/option_greeks_2017/ISRG.parquet: per_1.00_iv (per-unit share 1.00, per-point share 0.00, median dP/vega ratio 0.0100, theta/day share 1.00)
15:46:35 voltium.loaders vega convention for /Users/andrew/Projects/quant-research/data_store/option_greeks_2017/IT.parquet: per_1.00_iv (per-unit share 1.00, per-point share 0.00, median dP/vega ratio 0.0100, theta/day share 1.00)
15:46:35 voltium.loaders vega convention for /Users/andrew/Projects/quant-research/data_store/option_greeks_2017/ITW.parquet: per_1.00_iv (per-unit share 1.00, per-point share 0.00, median dP/vega ratio 0.0100, theta/day share 1.00)
15:46:35 voltium.loaders vega convention for /Users/andrew/Projects/quant-research/data_store/option_greeks_2017/IVZ.parquet: per_1.00_iv (per-unit share 1.00, per-point share 0.00, median dP/vega ratio 0.0100, theta/day share 1.00)
15:46:35 voltium.loaders vega convention for /Users/andrew/Projects/quant-research/data_store/option_greeks_2019/J.parquet: per_1.00_iv (per-unit share 1.00, per-point share 0.00, median dP/vega ratio 0.0100, theta/day share 1.00)
15:46:35 voltium.loaders vega convention for /Users/andrew/Projects/quant-research/data_store/option_greeks_2017/JBHT.parquet: per_1.00_iv (per-unit share 1.00, per-point share 0.00, median dP/vega ratio 0.0100, theta/day share 1.00)
15:46:35 voltium.loaders vega convention for /Users/andrew/Projects/quant-research/data_store/option_greeks_2023/JBL.parquet: per_1.00_iv (per-unit share 1.00, per-point share 0.00, median dP/vega ratio 0.0101, theta/day share 1.00)
15:46:35 voltium.loaders vega convention for /Users/andrew/Projects/quant-research/data_store/option_greeks_2017/JCI.parquet: per_1.00_iv (per-unit share 1.00, per-point share 0.00, median dP/vega ratio 0.0100, theta/day share 1.00)
15:46:35 voltium.loaders vega convention for /Users/andrew/Projects/quant-research/data_store/option_greeks_2018/JEF.parquet: per_1.00_iv (per-unit share 1.00, per-point share 0.00, median dP/vega ratio 0.0100, theta/day share 1.00)
15:46:35 voltium.loaders vega convention for /Users/andrew/Projects/quant-research/data_store/option_greeks_2018/JKHY.parquet: per_1.00_iv (per-unit share 1.00, per-point share 0.00, median dP/vega ratio 0.0100, theta/day share 1.00)
15:46:35 voltium.loaders vega convention for /Users/andrew/Projects/quant-research/data_store/option_greeks_2017/JNJ.parquet: per_1.00_iv (per-unit share 1.00, per-point share 0.00, median dP/vega ratio 0.0101, theta/day share 1.00)
15:46:35 voltium.loaders vega convention for /Users/andrew/Projects/quant-research/data_store/option_greeks_2017/JNPR.parquet: per_1.00_iv (per-unit share 1.00, per-point share 0.00, median dP/vega ratio 0.0100, theta/day share 1.00)
15:46:36 voltium.loaders vega convention for /Users/andrew/Projects/quant-research/data_store/option_greeks_2017/JPM.parquet: per_1.00_iv (per-unit share 1.00, per-point share 0.00, median dP/vega ratio 0.0100, theta/day share 1.00)
15:46:36 voltium.loaders vega convention for /Users/andrew/Projects/quant-research/data_store/option_greeks_2017/JWN.parquet: per_1.00_iv (per-unit share 1.00, per-point share 0.00, median dP/vega ratio 0.0101, theta/day share 1.00)
15:46:36 voltium.loaders vega convention for /Users/andrew/Projects/quant-research/data_store/option_greeks_2017/K.parquet: per_1.00_iv (per-unit share 1.00, per-point share 0.00, median dP/vega ratio 0.0101, theta/day share 1.00)
15:46:36 voltium.loaders vega convention for /Users/andrew/Projects/quant-research/data_store/option_greeks_2022/KDP.parquet: per_1.00_iv (per-unit share 1.00, per-point share 0.00, median dP/vega ratio 0.0101, theta/day share 1.00)
15:46:36 voltium.loaders vega convention for /Users/andrew/Projects/quant-research/data_store/option_greeks_2017/KEY.parquet: per_1.00_iv (per-unit share 1.00, per-point share 0.00, median dP/vega ratio 0.0100, theta/day share 1.00)
15:46:36 voltium.loaders vega convention for /Users/andrew/Projects/quant-research/data_store/option_greeks_2018/KEYS.parquet: per_1.00_iv (per-unit share 1.00, per-point share 0.00, median dP/vega ratio 0.0100, theta/day share 1.00)
15:46:36 voltium.loaders vega convention for /Users/andrew/Projects/quant-research/data_store/option_greeks_2017/KHC.parquet: per_1.00_iv (per-unit share 1.00, per-point share 0.00, median dP/vega ratio 0.0100, theta/day share 1.00)
15:46:36 voltium.loaders vega convention for /Users/andrew/Projects/quant-research/data_store/option_greeks_2017/KIM.parquet: per_1.00_iv (per-unit share 1.00, per-point share 0.00, median dP/vega ratio 0.0100, theta/day share 1.00)
15:46:36 voltium.loaders vega convention for /Users/andrew/Projects/quant-research/data_store/option_greeks_2024/KKR.parquet: per_1.00_iv (per-unit share 1.00, per-point share 0.00, median dP/vega ratio 0.0100, theta/day share 1.00)
15:46:36 voltium.loaders vega convention for /Users/andrew/Projects/quant-research/data_store/option_greeks_2017/KLAC.parquet: per_1.00_iv (per-unit share 1.00, per-point share 0.00, median dP/vega ratio 0.0100, theta/day share 1.00)
15:46:37 voltium.loaders vega convention for /Users/andrew/Projects/quant-research/data_store/option_greeks_2017/KMB.parquet: per_1.00_iv (per-unit share 1.00, per-point share 0.00, median dP/vega ratio 0.0101, theta/day share 1.00)
15:46:37 voltium.loaders vega convention for /Users/andrew/Projects/quant-research/data_store/option_greeks_2017/KMI.parquet: per_1.00_iv (per-unit share 1.00, per-point share 0.00, median dP/vega ratio 0.0100, theta/day share 1.00)
15:46:37 voltium.loaders vega convention for /Users/andrew/Projects/quant-research/data_store/option_greeks_2017/KMX.parquet: per_1.00_iv (per-unit share 1.00, per-point share 0.00, median dP/vega ratio 0.0100, theta/day share 1.00)
15:46:37 voltium.loaders vega convention for /Users/andrew/Projects/quant-research/data_store/option_greeks_2017/KO.parquet: per_1.00_iv (per-unit share 1.00, per-point share 0.00, median dP/vega ratio 0.0100, theta/day share 1.00)
15:46:37 voltium.loaders vega convention for /Users/andrew/Projects/quant-research/data_store/option_greeks_2017/KR.parquet: per_1.00_iv (per-unit share 1.00, per-point share 0.00, median dP/vega ratio 0.0101, theta/day share 1.00)
15:46:37 voltium.loaders vega convention for /Users/andrew/Projects/quant-research/data_store/option_greeks_2017/KSS.parquet: per_1.00_iv (per-unit share 1.00, per-point share 0.00, median dP/vega ratio 0.0101, theta/day share 1.00)
15:46:37 voltium.loaders vega convention for /Users/andrew/Projects/quant-research/data_store/option_greeks_2017/KSU.parquet: per_1.00_iv (per-unit share 1.00, per-point share 0.00, median dP/vega ratio 0.0100, theta/day share 1.00)
15:46:38 voltium.loaders vega convention for /Users/andrew/Projects/quant-research/data_store/option_greeks_2023/KVUE.parquet: per_1.00_iv (per-unit share 1.00, per-point share 0.00, median dP/vega ratio 0.0100, theta/day share 1.00)
15:46:38 voltium.loaders vega convention for /Users/andrew/Projects/quant-research/data_store/option_greeks_2017/L.parquet: per_1.00_iv (per-unit share 1.00, per-point share 0.00, median dP/vega ratio 0.0100, theta/day share 1.00)
15:46:38 voltium.loaders vega convention for /Users/andrew/Projects/quant-research/data_store/option_greeks_2019/LDOS.parquet: per_1.00_iv (per-unit share 1.00, per-point share 0.00, median dP/vega ratio 0.0101, theta/day share 1.00)
15:46:38 voltium.loaders vega convention for /Users/andrew/Projects/quant-research/data_store/option_greeks_2017/LEG.parquet: per_1.00_iv (per-unit share 1.00, per-point share 0.00, median dP/vega ratio 0.0101, theta/day share 1.00)
15:46:38 voltium.loaders vega convention for /Users/andrew/Projects/quant-research/data_store/option_greeks_2017/LEN.parquet: per_1.00_iv (per-unit share 1.00, per-point share 0.00, median dP/vega ratio 0.0100, theta/day share 1.00)
15:46:38 voltium.loaders vega convention for /Users/andrew/Projects/quant-research/data_store/option_greeks_2017/LH.parquet: per_1.00_iv (per-unit share 1.00, per-point share 0.00, median dP/vega ratio 0.0100, theta/day share 1.00)
15:46:38 voltium.loaders vega convention for /Users/andrew/Projects/quant-research/data_store/option_greeks_2019/LHX.parquet: per_1.00_iv (per-unit share 1.00, per-point share 0.00, median dP/vega ratio 0.0100, theta/day share 1.00)
15:46:38 voltium.loaders vega convention for /Users/andrew/Projects/quant-research/data_store/option_greeks_2024/LII.parquet: per_1.00_iv (per-unit share 1.00, per-point share 0.00, median dP/vega ratio 0.0100, theta/day share 1.00)
15:46:38 voltium.loaders vega convention for /Users/andrew/Projects/quant-research/data_store/option_greeks_2018/LIN.parquet: per_1.00_iv (per-unit share 1.00, per-point share 0.00, median dP/vega ratio 0.0100, theta/day share 1.00)
15:46:38 voltium.loaders vega convention for /Users/andrew/Projects/quant-research/data_store/option_greeks_2017/LKQ.parquet: per_1.00_iv (per-unit share 1.00, per-point share 0.00, median dP/vega ratio 0.0100, theta/day share 1.00)
15:46:38 voltium.loaders vega convention for /Users/andrew/Projects/quant-research/data_store/option_greeks_2017/LLL.parquet: per_1.00_iv (per-unit share 1.00, per-point share 0.00, median dP/vega ratio 0.0100, theta/day share 1.00)
15:46:38 voltium.loaders vega convention for /Users/andrew/Projects/quant-research/data_store/option_greeks_2017/LLY.parquet: per_1.00_iv (per-unit share 1.00, per-point share 0.00, median dP/vega ratio 0.0100, theta/day share 1.00)
15:46:38 voltium.loaders vega convention for /Users/andrew/Projects/quant-research/data_store/option_greeks_2017/LMT.parquet: per_1.00_iv (per-unit share 1.00, per-point share 0.00, median dP/vega ratio 0.0100, theta/day share 1.00)
15:46:39 voltium.loaders vega convention for /Users/andrew/Projects/quant-research/data_store/option_greeks_2017/LNC.parquet: per_1.00_iv (per-unit share 1.00, per-point share 0.00, median dP/vega ratio 0.0100, theta/day share 1.00)
15:46:39 voltium.loaders vega convention for /Users/andrew/Projects/quant-research/data_store/option_greeks_2017/LNT.parquet: per_1.00_iv (per-unit share 1.00, per-point share 0.00, median dP/vega ratio 0.0100, theta/day share 1.00)
15:46:39 voltium.loaders vega convention for /Users/andrew/Projects/quant-research/data_store/option_greeks_2017/LOW.parquet: per_1.00_iv (per-unit share 1.00, per-point share 0.00, median dP/vega ratio 0.0100, theta/day share 1.00)
15:46:39 voltium.loaders vega convention for /Users/andrew/Projects/quant-research/data_store/option_greeks_2017/LRCX.parquet: per_1.00_iv (per-unit share 1.00, per-point share 0.00, median dP/vega ratio 0.0100, theta/day share 1.00)
15:46:39 voltium.loaders vega convention for /Users/andrew/Projects/quant-research/data_store/option_greeks_2023/LULU.parquet: per_1.00_iv (per-unit share 1.00, per-point share 0.00, median dP/vega ratio 0.0100, theta/day share 1.00)
15:46:39 voltium.loaders vega convention for /Users/andrew/Projects/quant-research/data_store/option_greeks_2020/LUMN.parquet: per_1.00_iv (per-unit share 1.00, per-point share 0.00, median dP/vega ratio 0.0100, theta/day share 1.00)
15:46:39 voltium.loaders vega convention for /Users/andrew/Projects/quant-research/data_store/option_greeks_2017/LUV.parquet: per_1.00_iv (per-unit share 1.00, per-point share 0.00, median dP/vega ratio 0.0100, theta/day share 1.00)
15:46:40 voltium.loaders vega convention for /Users/andrew/Projects/quant-research/data_store/option_greeks_2017/LVLT.parquet: per_1.00_iv (per-unit share 1.00, per-point share 0.00, median dP/vega ratio 0.0100, theta/day share 1.00)
15:46:40 voltium.loaders vega convention for /Users/andrew/Projects/quant-research/data_store/option_greeks_2019/LVS.parquet: per_1.00_iv (per-unit share 1.00, per-point share 0.00, median dP/vega ratio 0.0100, theta/day share 1.00)
15:46:40 voltium.loaders vega convention for /Users/andrew/Projects/quant-research/data_store/option_greeks_2018/LW.parquet: per_1.00_iv (per-unit share 1.00, per-point share 0.00, median dP/vega ratio 0.0101, theta/day share 1.00)
15:46:40 voltium.loaders vega convention for /Users/andrew/Projects/quant-research/data_store/option_greeks_2017/LYB.parquet: per_1.00_iv (per-unit share 1.00, per-point share 0.00, median dP/vega ratio 0.0100, theta/day share 1.00)
15:46:40 voltium.loaders vega convention for /Users/andrew/Projects/quant-research/data_store/option_greeks_2019/LYV.parquet: per_1.00_iv (per-unit share 1.00, per-point share 0.00, median dP/vega ratio 0.0100, theta/day share 1.00)
15:46:40 voltium.loaders vega convention for /Users/andrew/Projects/quant-research/data_store/option_greeks_2017/M.parquet: per_1.00_iv (per-unit share 1.00, per-point share 0.00, median dP/vega ratio 0.0100, theta/day share 1.00)
15:46:40 voltium.loaders vega convention for /Users/andrew/Projects/quant-research/data_store/option_greeks_2017/MA.parquet: per_1.00_iv (per-unit share 1.00, per-point share 0.00, median dP/vega ratio 0.0100, theta/day share 1.00)
15:46:40 voltium.loaders vega convention for /Users/andrew/Projects/quant-research/data_store/option_greeks_2017/MAA.parquet: per_1.00_iv (per-unit share 1.00, per-point share 0.00, median dP/vega ratio 0.0101, theta/day share 1.00)
15:46:40 voltium.loaders vega convention for /Users/andrew/Projects/quant-research/data_store/option_greeks_2017/MAC.parquet: per_1.00_iv (per-unit share 1.00, per-point share 0.00, median dP/vega ratio 0.0101, theta/day share 1.00)
15:46:40 voltium.loaders vega convention for /Users/andrew/Projects/quant-research/data_store/option_greeks_2017/MAR.parquet: per_1.00_iv (per-unit share 1.00, per-point share 0.00, median dP/vega ratio 0.0100, theta/day share 1.00)
15:46:40 voltium.loaders vega convention for /Users/andrew/Projects/quant-research/data_store/option_greeks_2017/MAS.parquet: per_1.00_iv (per-unit share 1.00, per-point share 0.00, median dP/vega ratio 0.0100, theta/day share 1.00)
15:46:41 voltium.loaders vega convention for /Users/andrew/Projects/quant-research/data_store/option_greeks_2017/MAT.parquet: per_1.00_iv (per-unit share 1.00, per-point share 0.00, median dP/vega ratio 0.0100, theta/day share 1.00)
15:46:41 voltium.loaders vega convention for /Users/andrew/Projects/quant-research/data_store/option_greeks_2017/MCD.parquet: per_1.00_iv (per-unit share 1.00, per-point share 0.00, median dP/vega ratio 0.0100, theta/day share 1.00)
15:46:41 voltium.loaders vega convention for /Users/andrew/Projects/quant-research/data_store/option_greeks_2017/MCHP.parquet: per_1.00_iv (per-unit share 1.00, per-point share 0.00, median dP/vega ratio 0.0100, theta/day share 1.00)
15:46:41 voltium.loaders vega convention for /Users/andrew/Projects/quant-research/data_store/option_greeks_2017/MCK.parquet: per_1.00_iv (per-unit share 1.00, per-point share 0.00, median dP/vega ratio 0.0100, theta/day share 1.00)
15:46:41 voltium.loaders vega convention for /Users/andrew/Projects/quant-research/data_store/option_greeks_2017/MCO.parquet: per_1.00_iv (per-unit share 1.00, per-point share 0.00, median dP/vega ratio 0.0100, theta/day share 1.00)
15:46:41 voltium.loaders vega convention for /Users/andrew/Projects/quant-research/data_store/option_greeks_2017/MDLZ.parquet: per_1.00_iv (per-unit share 1.00, per-point share 0.00, median dP/vega ratio 0.0100, theta/day share 1.00)
15:46:41 voltium.loaders vega convention for /Users/andrew/Projects/quant-research/data_store/option_greeks_2017/MDT.parquet: per_1.00_iv (per-unit share 1.00, per-point share 0.00, median dP/vega ratio 0.0100, theta/day share 1.00)
15:46:42 voltium.loaders vega convention for /Users/andrew/Projects/quant-research/data_store/option_greeks_2017/MET.parquet: per_1.00_iv (per-unit share 1.00, per-point share 0.00, median dP/vega ratio 0.0100, theta/day share 1.00)
15:46:42 voltium.loaders vega convention for /Users/andrew/Projects/quant-research/data_store/option_greeks_2021/META.parquet: per_1.00_iv (per-unit share 1.00, per-point share 0.00, median dP/vega ratio 0.0100, theta/day share 1.00)
15:46:42 voltium.loaders vega convention for /Users/andrew/Projects/quant-research/data_store/option_greeks_2017/MGM.parquet: per_1.00_iv (per-unit share 1.00, per-point share 0.00, median dP/vega ratio 0.0100, theta/day share 1.00)
15:46:42 voltium.loaders vega convention for /Users/andrew/Projects/quant-research/data_store/option_greeks_2017/MHK.parquet: per_1.00_iv (per-unit share 1.00, per-point share 0.00, median dP/vega ratio 0.0099, theta/day share 1.00)
15:46:42 voltium.loaders vega convention for /Users/andrew/Projects/quant-research/data_store/option_greeks_2017/MJN.parquet: per_1.00_iv (per-unit share 1.00, per-point share 0.00, median dP/vega ratio 0.0100, theta/day share 1.00)
15:46:42 voltium.loaders vega convention for /Users/andrew/Projects/quant-research/data_store/option_greeks_2017/MKC.parquet: per_1.00_iv (per-unit share 1.00, per-point share 0.00, median dP/vega ratio 0.0100, theta/day share 1.00)
15:46:42 voltium.loaders vega convention for /Users/andrew/Projects/quant-research/data_store/option_greeks_2019/MKTX.parquet: per_1.00_iv (per-unit share 1.00, per-point share 0.00, median dP/vega ratio 0.0100, theta/day share 1.00)
15:46:42 voltium.loaders vega convention for /Users/andrew/Projects/quant-research/data_store/option_greeks_2017/MLM.parquet: per_1.00_iv (per-unit share 1.00, per-point share 0.00, median dP/vega ratio 0.0100, theta/day share 1.00)
15:46:43 voltium.loaders vega convention for /Users/andrew/Projects/quant-research/data_store/option_greeks_2017/MMM.parquet: per_1.00_iv (per-unit share 1.00, per-point share 0.00, median dP/vega ratio 0.0100, theta/day share 1.00)
15:46:43 voltium.providers.base materialize: 400/659 symbols
15:46:43 voltium.loaders vega convention for /Users/andrew/Projects/quant-research/data_store/option_greeks_2017/MNK.parquet: per_1.00_iv (per-unit share 1.00, per-point share 0.00, median dP/vega ratio 0.0100, theta/day share 1.00)
15:46:43 voltium.loaders vega convention for /Users/andrew/Projects/quant-research/data_store/option_greeks_2017/MNST.parquet: per_1.00_iv (per-unit share 1.00, per-point share 0.00, median dP/vega ratio 0.0100, theta/day share 1.00)
15:46:43 voltium.loaders vega convention for /Users/andrew/Projects/quant-research/data_store/option_greeks_2017/MO.parquet: per_1.00_iv (per-unit share 1.00, per-point share 0.00, median dP/vega ratio 0.0100, theta/day share 1.00)
15:46:43 voltium.loaders vega convention for /Users/andrew/Projects/quant-research/data_store/option_greeks_2022/MOH.parquet: per_1.00_iv (per-unit share 1.00, per-point share 0.00, median dP/vega ratio 0.0100, theta/day share 1.00)
15:46:43 voltium.loaders vega convention for /Users/andrew/Projects/quant-research/data_store/option_greeks_2017/MON.parquet: per_1.00_iv (per-unit share 1.00, per-point share 0.00, median dP/vega ratio 0.0100, theta/day share 1.00)
15:46:43 voltium.loaders vega convention for /Users/andrew/Projects/quant-research/data_store/option_greeks_2017/MOS.parquet: per_1.00_iv (per-unit share 1.00, per-point share 0.00, median dP/vega ratio 0.0100, theta/day share 1.00)
15:46:43 voltium.loaders vega convention for /Users/andrew/Projects/quant-research/data_store/option_greeks_2017/MPC.parquet: per_1.00_iv (per-unit share 1.00, per-point share 0.00, median dP/vega ratio 0.0100, theta/day share 1.00)
15:46:43 voltium.loaders vega convention for /Users/andrew/Projects/quant-research/data_store/option_greeks_2021/MPWR.parquet: per_1.00_iv (per-unit share 1.00, per-point share 0.00, median dP/vega ratio 0.0100, theta/day share 1.00)
15:46:44 voltium.loaders vega convention for /Users/andrew/Projects/quant-research/data_store/option_greeks_2017/MRK.parquet: per_1.00_iv (per-unit share 1.00, per-point share 0.00, median dP/vega ratio 0.0100, theta/day share 1.00)
15:46:44 voltium.loaders vega convention for /Users/andrew/Projects/quant-research/data_store/option_greeks_2021/MRNA.parquet: per_1.00_iv (per-unit share 1.00, per-point share 0.00, median dP/vega ratio 0.0100, theta/day share 1.00)
15:46:44 voltium.loaders vega convention for /Users/andrew/Projects/quant-research/data_store/option_greeks_2017/MRO.parquet: per_1.00_iv (per-unit share 1.00, per-point share 0.00, median dP/vega ratio 0.0100, theta/day share 1.00)
15:46:44 voltium.loaders vega convention for /Users/andrew/Projects/quant-research/data_store/option_greeks_2017/MS.parquet: per_1.00_iv (per-unit share 1.00, per-point share 0.00, median dP/vega ratio 0.0100, theta/day share 1.00)
15:46:44 voltium.loaders vega convention for /Users/andrew/Projects/quant-research/data_store/option_greeks_2018/MSCI.parquet: per_1.00_iv (per-unit share 1.00, per-point share 0.00, median dP/vega ratio 0.0100, theta/day share 1.00)
15:46:44 voltium.loaders vega convention for /Users/andrew/Projects/quant-research/data_store/option_greeks_2017/MSFT.parquet: per_1.00_iv (per-unit share 1.00, per-point share 0.00, median dP/vega ratio 0.0100, theta/day share 1.00)
15:46:45 voltium.loaders vega convention for /Users/andrew/Projects/quant-research/data_store/option_greeks_2017/MSI.parquet: per_1.00_iv (per-unit share 1.00, per-point share 0.00, median dP/vega ratio 0.0100, theta/day share 1.00)
15:46:45 voltium.loaders vega convention for /Users/andrew/Projects/quant-research/data_store/option_greeks_2017/MTB.parquet: per_1.00_iv (per-unit share 1.00, per-point share 0.00, median dP/vega ratio 0.0100, theta/day share 1.00)
15:46:45 voltium.loaders vega convention for /Users/andrew/Projects/quant-research/data_store/option_greeks_2021/MTCH.parquet: per_1.00_iv (per-unit share 1.00, per-point share 0.00, median dP/vega ratio 0.0100, theta/day share 1.00)
15:46:45 voltium.loaders vega convention for /Users/andrew/Projects/quant-research/data_store/option_greeks_2017/MTD.parquet: per_1.00_iv (per-unit share 1.00, per-point share 0.00, median dP/vega ratio 0.0100, theta/day share 1.00)
15:46:45 voltium.loaders vega convention for /Users/andrew/Projects/quant-research/data_store/option_greeks_2017/MU.parquet: per_1.00_iv (per-unit share 1.00, per-point share 0.00, median dP/vega ratio 0.0100, theta/day share 1.00)
15:46:45 voltium.loaders vega convention for /Users/andrew/Projects/quant-research/data_store/option_greeks_2017/MUR.parquet: per_1.00_iv (per-unit share 1.00, per-point share 0.00, median dP/vega ratio 0.0100, theta/day share 1.00)
15:46:45 voltium.loaders vega convention for /Users/andrew/Projects/quant-research/data_store/option_greeks_2018/MXIM.parquet: per_1.00_iv (per-unit share 1.00, per-point share 0.00, median dP/vega ratio 0.0100, theta/day share 1.00)
15:46:45 voltium.loaders vega convention for /Users/andrew/Projects/quant-research/data_store/option_greeks_2017/NAVI.parquet: per_1.00_iv (per-unit share 1.00, per-point share 0.00, median dP/vega ratio 0.0101, theta/day share 1.00)
15:46:45 voltium.loaders vega convention for /Users/andrew/Projects/quant-research/data_store/option_greeks_2017/NBL.parquet: per_1.00_iv (per-unit share 1.00, per-point share 0.00, median dP/vega ratio 0.0100, theta/day share 1.00)
15:46:45 voltium.loaders vega convention for /Users/andrew/Projects/quant-research/data_store/option_greeks_2017/NCLH.parquet: per_1.00_iv (per-unit share 1.00, per-point share 0.00, median dP/vega ratio 0.0100, theta/day share 1.00)
15:46:45 voltium.loaders vega convention for /Users/andrew/Projects/quant-research/data_store/option_greeks_2017/NDAQ.parquet: per_1.00_iv (per-unit share 1.00, per-point share 0.00, median dP/vega ratio 0.0100, theta/day share 1.00)
15:46:45 voltium.loaders vega convention for /Users/andrew/Projects/quant-research/data_store/option_greeks_2022/NDSN.parquet: per_1.00_iv (per-unit share 1.00, per-point share 0.00, median dP/vega ratio 0.0100, theta/day share 1.00)
15:46:46 voltium.loaders vega convention for /Users/andrew/Projects/quant-research/data_store/option_greeks_2017/NEE.parquet: per_1.00_iv (per-unit share 1.00, per-point share 0.00, median dP/vega ratio 0.0101, theta/day share 1.00)
15:46:46 voltium.loaders vega convention for /Users/andrew/Projects/quant-research/data_store/option_greeks_2017/NEM.parquet: per_1.00_iv (per-unit share 1.00, per-point share 0.00, median dP/vega ratio 0.0100, theta/day share 1.00)
15:46:46 voltium.loaders vega convention for /Users/andrew/Projects/quant-research/data_store/option_greeks_2017/NFLX.parquet: per_1.00_iv (per-unit share 1.00, per-point share 0.00, median dP/vega ratio 0.0100, theta/day share 1.00)
15:46:46 voltium.loaders vega convention for /Users/andrew/Projects/quant-research/data_store/option_greeks_2017/NFX.parquet: per_1.00_iv (per-unit share 1.00, per-point share 0.00, median dP/vega ratio 0.0100, theta/day share 1.00)
15:46:46 voltium.loaders vega convention for /Users/andrew/Projects/quant-research/data_store/option_greeks_2017/NI.parquet: per_1.00_iv (per-unit share 1.00, per-point share 0.00, median dP/vega ratio 0.0101, theta/day share 1.00)
15:46:46 voltium.loaders vega convention for /Users/andrew/Projects/quant-research/data_store/option_greeks_2017/NKE.parquet: per_1.00_iv (per-unit share 1.00, per-point share 0.00, median dP/vega ratio 0.0100, theta/day share 1.00)
15:46:47 voltium.loaders vega convention for /Users/andrew/Projects/quant-research/data_store/option_greeks_2018/NKTR.parquet: per_1.00_iv (per-unit share 1.00, per-point share 0.00, median dP/vega ratio 0.0100, theta/day share 1.00)
15:46:47 voltium.loaders vega convention for /Users/andrew/Projects/quant-research/data_store/option_greeks_2017/NLSN.parquet: per_1.00_iv (per-unit share 1.00, per-point share 0.00, median dP/vega ratio 0.0100, theta/day share 1.00)
15:46:47 voltium.loaders vega convention for /Users/andrew/Projects/quant-research/data_store/option_greeks_2017/NOC.parquet: per_1.00_iv (per-unit share 1.00, per-point share 0.00, median dP/vega ratio 0.0100, theta/day share 1.00)
15:46:47 voltium.loaders vega convention for /Users/andrew/Projects/quant-research/data_store/option_greeks_2017/NOV.parquet: per_1.00_iv (per-unit share 1.00, per-point share 0.00, median dP/vega ratio 0.0100, theta/day share 1.00)
15:46:47 voltium.loaders vega convention for /Users/andrew/Projects/quant-research/data_store/option_greeks_2019/NOW.parquet: per_1.00_iv (per-unit share 1.00, per-point share 0.00, median dP/vega ratio 0.0100, theta/day share 1.00)
15:46:47 voltium.loaders vega convention for /Users/andrew/Projects/quant-research/data_store/option_greeks_2017/NRG.parquet: per_1.00_iv (per-unit share 1.00, per-point share 0.00, median dP/vega ratio 0.0101, theta/day share 1.00)
15:46:48 voltium.loaders vega convention for /Users/andrew/Projects/quant-research/data_store/option_greeks_2017/NSC.parquet: per_1.00_iv (per-unit share 1.00, per-point share 0.00, median dP/vega ratio 0.0100, theta/day share 1.00)
15:46:48 voltium.loaders vega convention for /Users/andrew/Projects/quant-research/data_store/option_greeks_2017/NTAP.parquet: per_1.00_iv (per-unit share 1.00, per-point share 0.00, median dP/vega ratio 0.0100, theta/day share 1.00)
15:46:48 voltium.loaders vega convention for /Users/andrew/Projects/quant-research/data_store/option_greeks_2017/NTRS.parquet: per_1.00_iv (per-unit share 1.00, per-point share 0.00, median dP/vega ratio 0.0100, theta/day share 1.00)
15:46:48 voltium.loaders vega convention for /Users/andrew/Projects/quant-research/data_store/option_greeks_2017/NUE.parquet: per_1.00_iv (per-unit share 1.00, per-point share 0.00, median dP/vega ratio 0.0100, theta/day share 1.00)
15:46:48 voltium.loaders vega convention for /Users/andrew/Projects/quant-research/data_store/option_greeks_2017/NVDA.parquet: per_1.00_iv (per-unit share 1.00, per-point share 0.00, median dP/vega ratio 0.0100, theta/day share 1.00)
15:46:49 voltium.loaders vega convention for /Users/andrew/Projects/quant-research/data_store/option_greeks_2017/NWL.parquet: per_1.00_iv (per-unit share 1.00, per-point share 0.00, median dP/vega ratio 0.0100, theta/day share 1.00)
15:46:49 voltium.loaders vega convention for /Users/andrew/Projects/quant-research/data_store/option_greeks_2017/NWS.parquet: per_1.00_iv (per-unit share 1.00, per-point share 0.00, median dP/vega ratio 0.0100, theta/day share 1.00)
15:46:49 voltium.loaders vega convention for /Users/andrew/Projects/quant-research/data_store/option_greeks_2017/NWSA.parquet: per_1.00_iv (per-unit share 1.00, per-point share 0.00, median dP/vega ratio 0.0101, theta/day share 1.00)
15:46:49 voltium.loaders vega convention for /Users/andrew/Projects/quant-research/data_store/option_greeks_2021/NXPI.parquet: per_1.00_iv (per-unit share 1.00, per-point share 0.00, median dP/vega ratio 0.0100, theta/day share 1.00)
15:46:49 voltium.loaders vega convention for /Users/andrew/Projects/quant-research/data_store/option_greeks_2017/O.parquet: per_1.00_iv (per-unit share 1.00, per-point share 0.00, median dP/vega ratio 0.0101, theta/day share 1.00)
15:46:49 voltium.loaders vega convention for /Users/andrew/Projects/quant-research/data_store/option_greeks_2019/ODFL.parquet: per_1.00_iv (per-unit share 1.00, per-point share 0.00, median dP/vega ratio 0.0100, theta/day share 1.00)
15:46:49 voltium.loaders vega convention for /Users/andrew/Projects/quant-research/data_store/option_greeks_2021/OGN.parquet: per_1.00_iv (per-unit share 1.00, per-point share 0.00, median dP/vega ratio 0.0100, theta/day share 1.00)
15:46:49 voltium.loaders vega convention for /Users/andrew/Projects/quant-research/data_store/option_greeks_2017/OKE.parquet: per_1.00_iv (per-unit share 1.00, per-point share 0.00, median dP/vega ratio 0.0100, theta/day share 1.00)
15:46:49 voltium.loaders vega convention for /Users/andrew/Projects/quant-research/data_store/option_greeks_2017/OMC.parquet: per_1.00_iv (per-unit share 1.00, per-point share 0.00, median dP/vega ratio 0.0100, theta/day share 1.00)
15:46:49 voltium.loaders vega convention for /Users/andrew/Projects/quant-research/data_store/option_greeks_2022/ON.parquet: per_1.00_iv (per-unit share 1.00, per-point share 0.00, median dP/vega ratio 0.0100, theta/day share 1.00)
15:46:49 voltium.loaders vega convention for /Users/andrew/Projects/quant-research/data_store/option_greeks_2017/ORCL.parquet: per_1.00_iv (per-unit share 1.00, per-point share 0.00, median dP/vega ratio 0.0100, theta/day share 1.00)
15:46:49 voltium.loaders vega convention for /Users/andrew/Projects/quant-research/data_store/option_greeks_2017/ORLY.parquet: per_1.00_iv (per-unit share 1.00, per-point share 0.00, median dP/vega ratio 0.0100, theta/day share 1.00)
15:46:50 voltium.loaders vega convention for /Users/andrew/Projects/quant-research/data_store/option_greeks_2020/OTIS.parquet: per_1.00_iv (per-unit share 1.00, per-point share 0.00, median dP/vega ratio 0.0100, theta/day share 1.00)
15:46:50 voltium.loaders vega convention for /Users/andrew/Projects/quant-research/data_store/option_greeks_2017/OXY.parquet: per_1.00_iv (per-unit share 1.00, per-point share 0.00, median dP/vega ratio 0.0100, theta/day share 1.00)
15:46:50 voltium.loaders vega convention for /Users/andrew/Projects/quant-research/data_store/option_greeks_2023/PANW.parquet: per_1.00_iv (per-unit share 1.00, per-point share 0.00, median dP/vega ratio 0.0100, theta/day share 1.00)
15:46:50 voltium.loaders vega convention for /Users/andrew/Projects/quant-research/data_store/option_greeks_2020/PAYC.parquet: per_1.00_iv (per-unit share 1.00, per-point share 0.00, median dP/vega ratio 0.0100, theta/day share 1.00)
15:46:50 voltium.loaders vega convention for /Users/andrew/Projects/quant-research/data_store/option_greeks_2017/PAYX.parquet: per_1.00_iv (per-unit share 1.00, per-point share 0.00, median dP/vega ratio 0.0101, theta/day share 1.00)
15:46:50 voltium.loaders vega convention for /Users/andrew/Projects/quant-research/data_store/option_greeks_2017/PBCT.parquet: per_1.00_iv (per-unit share 1.00, per-point share 0.00, median dP/vega ratio 0.0101, theta/day share 1.00)
15:46:50 voltium.loaders vega convention for /Users/andrew/Projects/quant-research/data_store/option_greeks_2017/PCAR.parquet: per_1.00_iv (per-unit share 1.00, per-point share 0.00, median dP/vega ratio 0.0100, theta/day share 1.00)
15:46:50 voltium.loaders vega convention for /Users/andrew/Projects/quant-research/data_store/option_greeks_2017/PCG.parquet: per_1.00_iv (per-unit share 1.00, per-point share 0.00, median dP/vega ratio 0.0100, theta/day share 1.00)
15:46:50 voltium.loaders vega convention for /Users/andrew/Projects/quant-research/data_store/option_greeks_2017/PDCO.parquet: per_1.00_iv (per-unit share 1.00, per-point share 0.00, median dP/vega ratio 0.0100, theta/day share 1.00)
15:46:50 voltium.loaders vega convention for /Users/andrew/Projects/quant-research/data_store/option_greeks_2017/PEG.parquet: per_1.00_iv (per-unit share 1.00, per-point share 0.00, median dP/vega ratio 0.0102, theta/day share 1.00)
15:46:50 voltium.loaders vega convention for /Users/andrew/Projects/quant-research/data_store/option_greeks_2021/PENN.parquet: per_1.00_iv (per-unit share 1.00, per-point share 0.00, median dP/vega ratio 0.0100, theta/day share 1.00)
15:46:51 voltium.loaders vega convention for /Users/andrew/Projects/quant-research/data_store/option_greeks_2017/PEP.parquet: per_1.00_iv (per-unit share 1.00, per-point share 0.00, median dP/vega ratio 0.0100, theta/day share 1.00)
15:46:51 voltium.loaders vega convention for /Users/andrew/Projects/quant-research/data_store/option_greeks_2017/PFE.parquet: per_1.00_iv (per-unit share 1.00, per-point share 0.00, median dP/vega ratio 0.0101, theta/day share 1.00)
15:46:51 voltium.loaders vega convention for /Users/andrew/Projects/quant-research/data_store/option_greeks_2017/PFG.parquet: per_1.00_iv (per-unit share 1.00, per-point share 0.00, median dP/vega ratio 0.0101, theta/day share 1.00)
15:46:51 voltium.loaders vega convention for /Users/andrew/Projects/quant-research/data_store/option_greeks_2017/PG.parquet: per_1.00_iv (per-unit share 1.00, per-point share 0.00, median dP/vega ratio 0.0101, theta/day share 1.00)
15:46:51 voltium.loaders vega convention for /Users/andrew/Projects/quant-research/data_store/option_greeks_2017/PGR.parquet: per_1.00_iv (per-unit share 1.00, per-point share 0.00, median dP/vega ratio 0.0101, theta/day share 1.00)
15:46:51 voltium.loaders vega convention for /Users/andrew/Projects/quant-research/data_store/option_greeks_2017/PH.parquet: per_1.00_iv (per-unit share 1.00, per-point share 0.00, median dP/vega ratio 0.0101, theta/day share 1.00)
15:46:51 voltium.loaders vega convention for /Users/andrew/Projects/quant-research/data_store/option_greeks_2017/PHM.parquet: per_1.00_iv (per-unit share 1.00, per-point share 0.00, median dP/vega ratio 0.0100, theta/day share 1.00)
15:46:51 voltium.loaders vega convention for /Users/andrew/Projects/quant-research/data_store/option_greeks_2017/PKG.parquet: per_1.00_iv (per-unit share 1.00, per-point share 0.00, median dP/vega ratio 0.0100, theta/day share 1.00)
15:46:51 voltium.loaders vega convention for /Users/andrew/Projects/quant-research/data_store/option_greeks_2017/PLD.parquet: per_1.00_iv (per-unit share 1.00, per-point share 0.00, median dP/vega ratio 0.0099, theta/day share 1.00)
15:46:51 voltium.loaders vega convention for /Users/andrew/Projects/quant-research/data_store/option_greeks_2024/PLTR.parquet: per_1.00_iv (per-unit share 1.00, per-point share 0.00, median dP/vega ratio 0.0100, theta/day share 1.00)
15:46:52 voltium.loaders vega convention for /Users/andrew/Projects/quant-research/data_store/option_greeks_2017/PM.parquet: per_1.00_iv (per-unit share 1.00, per-point share 0.00, median dP/vega ratio 0.0100, theta/day share 1.00)
15:46:52 voltium.loaders vega convention for /Users/andrew/Projects/quant-research/data_store/option_greeks_2017/PNC.parquet: per_1.00_iv (per-unit share 1.00, per-point share 0.00, median dP/vega ratio 0.0101, theta/day share 1.00)
15:46:52 voltium.loaders vega convention for /Users/andrew/Projects/quant-research/data_store/option_greeks_2017/PNR.parquet: per_1.00_iv (per-unit share 1.00, per-point share 0.00, median dP/vega ratio 0.0101, theta/day share 1.00)
15:46:52 voltium.loaders vega convention for /Users/andrew/Projects/quant-research/data_store/option_greeks_2017/PNW.parquet: per_1.00_iv (per-unit share 1.00, per-point share 0.00, median dP/vega ratio 0.0102, theta/day share 1.00)
15:46:52 voltium.loaders vega convention for /Users/andrew/Projects/quant-research/data_store/option_greeks_2023/PODD.parquet: per_1.00_iv (per-unit share 1.00, per-point share 0.00, median dP/vega ratio 0.0100, theta/day share 1.00)
15:46:52 voltium.loaders vega convention for /Users/andrew/Projects/quant-research/data_store/option_greeks_2020/POOL.parquet: per_1.00_iv (per-unit share 1.00, per-point share 0.00, median dP/vega ratio 0.0100, theta/day share 1.00)
15:46:52 voltium.loaders vega convention for /Users/andrew/Projects/quant-research/data_store/option_greeks_2017/PPG.parquet: per_1.00_iv (per-unit share 1.00, per-point share 0.00, median dP/vega ratio 0.0101, theta/day share 1.00)
15:46:52 voltium.loaders vega convention for /Users/andrew/Projects/quant-research/data_store/option_greeks_2017/PPL.parquet: per_1.00_iv (per-unit share 1.00, per-point share 0.00, median dP/vega ratio 0.0100, theta/day share 1.00)
15:46:52 voltium.loaders vega convention for /Users/andrew/Projects/quant-research/data_store/option_greeks_2017/PRGO.parquet: per_1.00_iv (per-unit share 1.00, per-point share 0.00, median dP/vega ratio 0.0100, theta/day share 1.00)
15:46:53 voltium.loaders vega convention for /Users/andrew/Projects/quant-research/data_store/option_greeks_2017/PRU.parquet: per_1.00_iv (per-unit share 1.00, per-point share 0.00, median dP/vega ratio 0.0100, theta/day share 1.00)
15:46:53 voltium.loaders vega convention for /Users/andrew/Projects/quant-research/data_store/option_greeks_2017/PSA.parquet: per_1.00_iv (per-unit share 1.00, per-point share 0.00, median dP/vega ratio 0.0100, theta/day share 1.00)
15:46:53 voltium.loaders vega convention for /Users/andrew/Projects/quant-research/data_store/option_greeks/PSKY.parquet: per_1.00_iv (per-unit share 1.00, per-point share 0.00, median dP/vega ratio 0.0100, theta/day share 1.00)
15:46:53 voltium.loaders vega convention for /Users/andrew/Projects/quant-research/data_store/option_greeks_2017/PSX.parquet: per_1.00_iv (per-unit share 1.00, per-point share 0.00, median dP/vega ratio 0.0100, theta/day share 1.00)
15:46:53 voltium.loaders vega convention for /Users/andrew/Projects/quant-research/data_store/option_greeks_2021/PTC.parquet: per_1.00_iv (per-unit share 1.00, per-point share 0.00, median dP/vega ratio 0.0100, theta/day share 1.00)
15:46:53 voltium.loaders vega convention for /Users/andrew/Projects/quant-research/data_store/option_greeks_2017/PVH.parquet: per_1.00_iv (per-unit share 1.00, per-point share 0.00, median dP/vega ratio 0.0100, theta/day share 1.00)
15:46:53 voltium.loaders vega convention for /Users/andrew/Projects/quant-research/data_store/option_greeks_2017/PWR.parquet: per_1.00_iv (per-unit share 1.00, per-point share 0.00, median dP/vega ratio 0.0100, theta/day share 1.00)
15:46:53 voltium.loaders vega convention for /Users/andrew/Projects/quant-research/data_store/option_greeks_2017/PXD.parquet: per_1.00_iv (per-unit share 1.00, per-point share 0.00, median dP/vega ratio 0.0100, theta/day share 1.00)
15:46:53 voltium.loaders vega convention for /Users/andrew/Projects/quant-research/data_store/option_greeks_2017/PYPL.parquet: per_1.00_iv (per-unit share 1.00, per-point share 0.00, median dP/vega ratio 0.0100, theta/day share 1.00)
15:46:54 voltium.loaders vega convention for /Users/andrew/Projects/quant-research/data_store/option_greeks_2017/Q.parquet: per_1.00_iv (per-unit share 1.00, per-point share 0.00, median dP/vega ratio 0.0100, theta/day share 1.00)
15:46:54 voltium.loaders vega convention for /Users/andrew/Projects/quant-research/data_store/option_greeks_2017/QCOM.parquet: per_1.00_iv (per-unit share 1.00, per-point share 0.00, median dP/vega ratio 0.0100, theta/day share 1.00)
15:46:54 voltium.loaders vega convention for /Users/andrew/Projects/quant-research/data_store/option_greeks_2017/QRVO.parquet: per_1.00_iv (per-unit share 1.00, per-point share 0.00, median dP/vega ratio 0.0100, theta/day share 1.00)
15:46:54 voltium.loaders vega convention for /Users/andrew/Projects/quant-research/data_store/option_greeks_2017/R.parquet: per_1.00_iv (per-unit share 1.00, per-point share 0.00, median dP/vega ratio 0.0100, theta/day share 1.00)
15:46:54 voltium.loaders vega convention for /Users/andrew/Projects/quant-research/data_store/option_greeks_2017/RAI.parquet: per_1.00_iv (per-unit share 1.00, per-point share 0.00, median dP/vega ratio 0.0100, theta/day share 1.00)
15:46:54 voltium.loaders vega convention for /Users/andrew/Projects/quant-research/data_store/option_greeks_2017/RCL.parquet: per_1.00_iv (per-unit share 1.00, per-point share 0.00, median dP/vega ratio 0.0100, theta/day share 1.00)
15:46:54 voltium.providers.base materialize: 500/659 symbols
15:46:54 voltium.loaders vega convention for /Users/andrew/Projects/quant-research/data_store/option_greeks_2017/REG.parquet: per_1.00_iv (per-unit share 1.00, per-point share 0.00, median dP/vega ratio 0.0100, theta/day share 1.00)
15:46:54 voltium.loaders vega convention for /Users/andrew/Projects/quant-research/data_store/option_greeks_2017/REGN.parquet: per_1.00_iv (per-unit share 1.00, per-point share 0.00, median dP/vega ratio 0.0100, theta/day share 1.00)
15:46:54 voltium.loaders vega convention for /Users/andrew/Projects/quant-research/data_store/option_greeks_2017/RF.parquet: per_1.00_iv (per-unit share 1.00, per-point share 0.00, median dP/vega ratio 0.0101, theta/day share 1.00)
15:46:55 voltium.loaders vega convention for /Users/andrew/Projects/quant-research/data_store/option_greeks_2017/RHI.parquet: per_1.00_iv (per-unit share 1.00, per-point share 0.00, median dP/vega ratio 0.0100, theta/day share 1.00)
15:46:55 voltium.loaders vega convention for /Users/andrew/Projects/quant-research/data_store/option_greeks_2017/RHT.parquet: per_1.00_iv (per-unit share 1.00, per-point share 0.00, median dP/vega ratio 0.0100, theta/day share 1.00)
15:46:55 voltium.loaders vega convention for /Users/andrew/Projects/quant-research/data_store/option_greeks_2017/RIG.parquet: per_1.00_iv (per-unit share 1.00, per-point share 0.00, median dP/vega ratio 0.0100, theta/day share 1.00)
15:46:55 voltium.loaders vega convention for /Users/andrew/Projects/quant-research/data_store/option_greeks_2017/RJF.parquet: per_1.00_iv (per-unit share 1.00, per-point share 0.00, median dP/vega ratio 0.0100, theta/day share 1.00)
15:46:55 voltium.loaders vega convention for /Users/andrew/Projects/quant-research/data_store/option_greeks_2017/RL.parquet: per_1.00_iv (per-unit share 1.00, per-point share 0.00, median dP/vega ratio 0.0100, theta/day share 1.00)
15:46:55 voltium.loaders vega convention for /Users/andrew/Projects/quant-research/data_store/option_greeks_2017/RMD.parquet: per_1.00_iv (per-unit share 1.00, per-point share 0.00, median dP/vega ratio 0.0101, theta/day share 1.00)
15:46:55 voltium.loaders vega convention for /Users/andrew/Projects/quant-research/data_store/option_greeks_2017/ROK.parquet: per_1.00_iv (per-unit share 1.00, per-point share 0.00, median dP/vega ratio 0.0100, theta/day share 1.00)
15:46:55 voltium.loaders vega convention for /Users/andrew/Projects/quant-research/data_store/option_greeks_2018/ROL.parquet: per_1.00_iv (per-unit share 1.00, per-point share 0.00, median dP/vega ratio 0.0101, theta/day share 1.00)
15:46:55 voltium.loaders vega convention for /Users/andrew/Projects/quant-research/data_store/option_greeks_2017/ROP.parquet: per_1.00_iv (per-unit share 1.00, per-point share 0.00, median dP/vega ratio 0.0100, theta/day share 1.00)
15:46:55 voltium.loaders vega convention for /Users/andrew/Projects/quant-research/data_store/option_greeks_2017/ROST.parquet: per_1.00_iv (per-unit share 1.00, per-point share 0.00, median dP/vega ratio 0.0100, theta/day share 1.00)
15:46:55 voltium.loaders vega convention for /Users/andrew/Projects/quant-research/data_store/option_greeks_2017/RRC.parquet: per_1.00_iv (per-unit share 1.00, per-point share 0.00, median dP/vega ratio 0.0100, theta/day share 1.00)
15:46:55 voltium.loaders vega convention for /Users/andrew/Projects/quant-research/data_store/option_greeks_2017/RSG.parquet: per_1.00_iv (per-unit share 1.00, per-point share 0.00, median dP/vega ratio 0.0102, theta/day share 1.00)
15:46:55 voltium.loaders vega convention for /Users/andrew/Projects/quant-research/data_store/option_greeks_2017/RTN.parquet: per_1.00_iv (per-unit share 1.00, per-point share 0.00, median dP/vega ratio 0.0100, theta/day share 1.00)
15:46:56 voltium.loaders vega convention for /Users/andrew/Projects/quant-research/data_store/option_greeks_2020/RTX.parquet: per_1.00_iv (per-unit share 1.00, per-point share 0.00, median dP/vega ratio 0.0100, theta/day share 1.00)
15:46:56 voltium.loaders vega convention for /Users/andrew/Projects/quant-research/data_store/option_greeks_2023/RVTY.parquet: per_1.00_iv (per-unit share 1.00, per-point share 0.00, median dP/vega ratio 0.0100, theta/day share 1.00)
15:46:56 voltium.loaders vega convention for /Users/andrew/Projects/quant-research/data_store/option_greeks_2017/SBAC.parquet: per_1.00_iv (per-unit share 1.00, per-point share 0.00, median dP/vega ratio 0.0100, theta/day share 1.00)
15:46:56 voltium.loaders vega convention for /Users/andrew/Projects/quant-research/data_store/option_greeks_2021/SBNY.parquet: per_1.00_iv (per-unit share 1.00, per-point share 0.00, median dP/vega ratio 0.0100, theta/day share 1.00)
15:46:56 voltium.loaders vega convention for /Users/andrew/Projects/quant-research/data_store/option_greeks_2017/SBUX.parquet: per_1.00_iv (per-unit share 1.00, per-point share 0.00, median dP/vega ratio 0.0100, theta/day share 1.00)
15:46:56 voltium.loaders vega convention for /Users/andrew/Projects/quant-research/data_store/option_greeks_2017/SCG.parquet: per_1.00_iv (per-unit share 1.00, per-point share 0.00, median dP/vega ratio 0.0101, theta/day share 1.00)
15:46:56 voltium.loaders vega convention for /Users/andrew/Projects/quant-research/data_store/option_greeks_2017/SCHW.parquet: per_1.00_iv (per-unit share 1.00, per-point share 0.00, median dP/vega ratio 0.0100, theta/day share 1.00)
15:46:56 voltium.loaders vega convention for /Users/andrew/Projects/quant-research/data_store/option_greeks_2021/SEDG.parquet: per_1.00_iv (per-unit share 1.00, per-point share 0.00, median dP/vega ratio 0.0100, theta/day share 1.00)
15:46:57 voltium.loaders vega convention for /Users/andrew/Projects/quant-research/data_store/option_greeks_2017/SEE.parquet: per_1.00_iv (per-unit share 1.00, per-point share 0.00, median dP/vega ratio 0.0100, theta/day share 1.00)
15:46:57 voltium.loaders vega convention for /Users/andrew/Projects/quant-research/data_store/option_greeks_2017/SHW.parquet: per_1.00_iv (per-unit share 1.00, per-point share 0.00, median dP/vega ratio 0.0100, theta/day share 1.00)
15:46:57 voltium.loaders vega convention for /Users/andrew/Projects/quant-research/data_store/option_greeks_2017/SIG.parquet: per_1.00_iv (per-unit share 1.00, per-point share 0.00, median dP/vega ratio 0.0100, theta/day share 1.00)
15:46:57 voltium.loaders vega convention for /Users/andrew/Projects/quant-research/data_store/option_greeks_2018/SIVB.parquet: per_1.00_iv (per-unit share 1.00, per-point share 0.00, median dP/vega ratio 0.0100, theta/day share 1.00)
15:46:57 voltium.loaders vega convention for /Users/andrew/Projects/quant-research/data_store/option_greeks_2017/SJM.parquet: per_1.00_iv (per-unit share 1.00, per-point share 0.00, median dP/vega ratio 0.0101, theta/day share 1.00)
15:46:57 voltium.loaders vega convention for /Users/andrew/Projects/quant-research/data_store/option_greeks_2017/SLB.parquet: per_1.00_iv (per-unit share 1.00, per-point share 0.00, median dP/vega ratio 0.0100, theta/day share 1.00)
15:46:57 voltium.loaders vega convention for /Users/andrew/Projects/quant-research/data_store/option_greeks_2017/SLG.parquet: per_1.00_iv (per-unit share 1.00, per-point share 0.00, median dP/vega ratio 0.0100, theta/day share 1.00)
15:46:58 voltium.loaders vega convention for /Users/andrew/Projects/quant-research/data_store/option_greeks_2024/SMCI.parquet: per_1.00_iv (per-unit share 1.00, per-point share 0.00, median dP/vega ratio 0.0100, theta/day share 1.00)
15:46:58 voltium.loaders vega convention for /Users/andrew/Projects/quant-research/data_store/option_greeks_2017/SNA.parquet: per_1.00_iv (per-unit share 1.00, per-point share 0.00, median dP/vega ratio 0.0100, theta/day share 1.00)
15:46:58 voltium.loaders vega convention for /Users/andrew/Projects/quant-research/data_store/option_greeks_2017/SNI.parquet: per_1.00_iv (per-unit share 1.00, per-point share 0.00, median dP/vega ratio 0.0100, theta/day share 1.00)
15:46:58 voltium.loaders vega convention for /Users/andrew/Projects/quant-research/data_store/option_greeks_2017/SNPS.parquet: per_1.00_iv (per-unit share 1.00, per-point share 0.00, median dP/vega ratio 0.0100, theta/day share 1.00)
15:46:58 voltium.loaders vega convention for /Users/andrew/Projects/quant-research/data_store/option_greeks_2017/SO.parquet: per_1.00_iv (per-unit share 1.00, per-point share 0.00, median dP/vega ratio 0.0100, theta/day share 1.00)
15:46:58 voltium.loaders vega convention for /Users/andrew/Projects/quant-research/data_store/option_greeks_2024/SOLV.parquet: per_1.00_iv (per-unit share 1.00, per-point share 0.00, median dP/vega ratio 0.0100, theta/day share 1.00)
15:46:58 voltium.loaders vega convention for /Users/andrew/Projects/quant-research/data_store/option_greeks_2017/SPG.parquet: per_1.00_iv (per-unit share 1.00, per-point share 0.00, median dP/vega ratio 0.0100, theta/day share 1.00)
15:46:59 voltium.loaders vega convention for /Users/andrew/Projects/quant-research/data_store/option_greeks_2017/SPGI.parquet: per_1.00_iv (per-unit share 1.00, per-point share 0.00, median dP/vega ratio 0.0100, theta/day share 1.00)
15:46:59 voltium.loaders vega convention for /Users/andrew/Projects/quant-research/data_store/option_greeks_2017/SPLS.parquet: per_1.00_iv (per-unit share 1.00, per-point share 0.00, median dP/vega ratio 0.0100, theta/day share 1.00)
15:46:59 voltium.loaders vega convention for /Users/andrew/Projects/quant-research/data_store/option_greeks_2017/SRCL.parquet: per_1.00_iv (per-unit share 1.00, per-point share 0.00, median dP/vega ratio 0.0100, theta/day share 1.00)
15:46:59 voltium.loaders vega convention for /Users/andrew/Projects/quant-research/data_store/option_greeks_2017/SRE.parquet: per_1.00_iv (per-unit share 1.00, per-point share 0.00, median dP/vega ratio 0.0101, theta/day share 1.00)
15:46:59 voltium.loaders vega convention for /Users/andrew/Projects/quant-research/data_store/option_greeks_2019/STE.parquet: per_1.00_iv (per-unit share 1.00, per-point share 0.00, median dP/vega ratio 0.0100, theta/day share 1.00)
15:46:59 voltium.loaders vega convention for /Users/andrew/Projects/quant-research/data_store/option_greeks_2017/STI.parquet: per_1.00_iv (per-unit share 1.00, per-point share 0.00, median dP/vega ratio 0.0100, theta/day share 1.00)
15:46:59 voltium.loaders vega convention for /Users/andrew/Projects/quant-research/data_store/option_greeks_2022/STLD.parquet: per_1.00_iv (per-unit share 1.00, per-point share 0.00, median dP/vega ratio 0.0100, theta/day share 1.00)
15:46:59 voltium.loaders vega convention for /Users/andrew/Projects/quant-research/data_store/option_greeks_2017/STT.parquet: per_1.00_iv (per-unit share 1.00, per-point share 0.00, median dP/vega ratio 0.0100, theta/day share 1.00)
15:46:59 voltium.loaders vega convention for /Users/andrew/Projects/quant-research/data_store/option_greeks_2017/STX.parquet: per_1.00_iv (per-unit share 1.00, per-point share 0.00, median dP/vega ratio 0.0100, theta/day share 1.00)
15:47:00 voltium.loaders vega convention for /Users/andrew/Projects/quant-research/data_store/option_greeks_2017/STZ.parquet: per_1.00_iv (per-unit share 1.00, per-point share 0.00, median dP/vega ratio 0.0100, theta/day share 1.00)
15:47:00 voltium.loaders vega convention for /Users/andrew/Projects/quant-research/data_store/option_greeks_2024/SW.parquet: per_1.00_iv (per-unit share 1.00, per-point share 0.00, median dP/vega ratio 0.0100, theta/day share 1.00)
15:47:00 voltium.loaders vega convention for /Users/andrew/Projects/quant-research/data_store/option_greeks_2017/SWK.parquet: per_1.00_iv (per-unit share 1.00, per-point share 0.00, median dP/vega ratio 0.0100, theta/day share 1.00)
15:47:00 voltium.loaders vega convention for /Users/andrew/Projects/quant-research/data_store/option_greeks_2017/SWKS.parquet: per_1.00_iv (per-unit share 1.00, per-point share 0.00, median dP/vega ratio 0.0100, theta/day share 1.00)
15:47:00 voltium.loaders vega convention for /Users/andrew/Projects/quant-research/data_store/option_greeks_2017/SYF.parquet: per_1.00_iv (per-unit share 1.00, per-point share 0.00, median dP/vega ratio 0.0100, theta/day share 1.00)
15:47:00 voltium.loaders vega convention for /Users/andrew/Projects/quant-research/data_store/option_greeks_2017/SYK.parquet: per_1.00_iv (per-unit share 1.00, per-point share 0.00, median dP/vega ratio 0.0100, theta/day share 1.00)
15:47:01 voltium.loaders vega convention for /Users/andrew/Projects/quant-research/data_store/option_greeks_2017/SYY.parquet: per_1.00_iv (per-unit share 1.00, per-point share 0.00, median dP/vega ratio 0.0100, theta/day share 1.00)
15:47:01 voltium.loaders vega convention for /Users/andrew/Projects/quant-research/data_store/option_greeks_2017/T.parquet: per_1.00_iv (per-unit share 1.00, per-point share 0.00, median dP/vega ratio 0.0101, theta/day share 1.00)
15:47:01 voltium.loaders vega convention for /Users/andrew/Projects/quant-research/data_store/option_greeks_2017/TAP.parquet: per_1.00_iv (per-unit share 1.00, per-point share 0.00, median dP/vega ratio 0.0100, theta/day share 1.00)
15:47:01 voltium.loaders vega convention for /Users/andrew/Projects/quant-research/data_store/option_greeks_2017/TDC.parquet: per_1.00_iv (per-unit share 1.00, per-point share 0.00, median dP/vega ratio 0.0101, theta/day share 1.00)
15:47:01 voltium.loaders vega convention for /Users/andrew/Projects/quant-research/data_store/option_greeks_2017/TDG.parquet: per_1.00_iv (per-unit share 1.00, per-point share 0.00, median dP/vega ratio 0.0100, theta/day share 1.00)
15:47:01 voltium.loaders vega convention for /Users/andrew/Projects/quant-research/data_store/option_greeks_2020/TDY.parquet: per_1.00_iv (per-unit share 1.00, per-point share 0.00, median dP/vega ratio 0.0100, theta/day share 1.00)
15:47:01 voltium.loaders vega convention for /Users/andrew/Projects/quant-research/data_store/option_greeks_2021/TECH.parquet: per_1.00_iv (per-unit share 1.00, per-point share 0.00, median dP/vega ratio 0.0100, theta/day share 1.00)
15:47:01 voltium.loaders vega convention for /Users/andrew/Projects/quant-research/data_store/option_greeks_2017/TEL.parquet: per_1.00_iv (per-unit share 1.00, per-point share 0.00, median dP/vega ratio 0.0100, theta/day share 1.00)
15:47:01 voltium.loaders vega convention for /Users/andrew/Projects/quant-research/data_store/option_greeks_2020/TER.parquet: per_1.00_iv (per-unit share 1.00, per-point share 0.00, median dP/vega ratio 0.0100, theta/day share 1.00)
15:47:01 voltium.loaders vega convention for /Users/andrew/Projects/quant-research/data_store/option_greeks_2019/TFC.parquet: per_1.00_iv (per-unit share 1.00, per-point share 0.00, median dP/vega ratio 0.0100, theta/day share 1.00)
15:47:01 voltium.loaders vega convention for /Users/andrew/Projects/quant-research/data_store/option_greeks_2019/TFX.parquet: per_1.00_iv (per-unit share 1.00, per-point share 0.00, median dP/vega ratio 0.0100, theta/day share 1.00)
15:47:02 voltium.loaders vega convention for /Users/andrew/Projects/quant-research/data_store/option_greeks_2017/TGNA.parquet: per_1.00_iv (per-unit share 1.00, per-point share 0.00, median dP/vega ratio 0.0101, theta/day share 1.00)
15:47:02 voltium.loaders vega convention for /Users/andrew/Projects/quant-research/data_store/option_greeks_2017/TGT.parquet: per_1.00_iv (per-unit share 1.00, per-point share 0.00, median dP/vega ratio 0.0100, theta/day share 1.00)
15:47:02 voltium.loaders vega convention for /Users/andrew/Projects/quant-research/data_store/option_greeks_2017/TIF.parquet: per_1.00_iv (per-unit share 1.00, per-point share 0.00, median dP/vega ratio 0.0100, theta/day share 1.00)
15:47:02 voltium.loaders vega convention for /Users/andrew/Projects/quant-research/data_store/option_greeks_2017/TJX.parquet: per_1.00_iv (per-unit share 1.00, per-point share 0.00, median dP/vega ratio 0.0100, theta/day share 1.00)
15:47:02 voltium.loaders vega convention for /Users/andrew/Projects/quant-research/data_store/option_greeks/TKO.parquet: per_1.00_iv (per-unit share 1.00, per-point share 0.00, median dP/vega ratio 0.0101, theta/day share 1.00)
15:47:02 voltium.loaders vega convention for /Users/andrew/Projects/quant-research/data_store/option_greeks_2017/TMO.parquet: per_1.00_iv (per-unit share 1.00, per-point share 0.00, median dP/vega ratio 0.0100, theta/day share 1.00)
15:47:02 voltium.loaders vega convention for /Users/andrew/Projects/quant-research/data_store/option_greeks_2019/TMUS.parquet: per_1.00_iv (per-unit share 1.00, per-point share 0.00, median dP/vega ratio 0.0100, theta/day share 1.00)
15:47:02 voltium.loaders vega convention for /Users/andrew/Projects/quant-research/data_store/option_greeks_2024/TPL.parquet: per_1.00_iv (per-unit share 1.00, per-point share 0.00, median dP/vega ratio 0.0100, theta/day share 1.00)
15:47:03 voltium.loaders vega convention for /Users/andrew/Projects/quant-research/data_store/option_greeks_2017/TPR.parquet: per_1.00_iv (per-unit share 1.00, per-point share 0.00, median dP/vega ratio 0.0100, theta/day share 1.00)
15:47:03 voltium.loaders vega convention for /Users/andrew/Projects/quant-research/data_store/option_greeks_2022/TRGP.parquet: per_1.00_iv (per-unit share 1.00, per-point share 0.00, median dP/vega ratio 0.0100, theta/day share 1.00)
15:47:03 voltium.loaders vega convention for /Users/andrew/Projects/quant-research/data_store/option_greeks_2017/TRIP.parquet: per_1.00_iv (per-unit share 1.00, per-point share 0.00, median dP/vega ratio 0.0100, theta/day share 1.00)
15:47:03 voltium.loaders vega convention for /Users/andrew/Projects/quant-research/data_store/option_greeks_2021/TRMB.parquet: per_1.00_iv (per-unit share 1.00, per-point share 0.00, median dP/vega ratio 0.0100, theta/day share 1.00)
15:47:03 voltium.loaders vega convention for /Users/andrew/Projects/quant-research/data_store/option_greeks_2017/TROW.parquet: per_1.00_iv (per-unit share 1.00, per-point share 0.00, median dP/vega ratio 0.0101, theta/day share 1.00)
15:47:03 voltium.loaders vega convention for /Users/andrew/Projects/quant-research/data_store/option_greeks_2017/TRV.parquet: per_1.00_iv (per-unit share 1.00, per-point share 0.00, median dP/vega ratio 0.0101, theta/day share 1.00)
15:47:03 voltium.loaders vega convention for /Users/andrew/Projects/quant-research/data_store/option_greeks_2017/TSCO.parquet: per_1.00_iv (per-unit share 1.00, per-point share 0.00, median dP/vega ratio 0.0100, theta/day share 1.00)
15:47:04 voltium.loaders vega convention for /Users/andrew/Projects/quant-research/data_store/option_greeks_2020/TSLA.parquet: per_1.00_iv (per-unit share 1.00, per-point share 0.00, median dP/vega ratio 0.0100, theta/day share 1.00)
15:47:04 voltium.loaders vega convention for /Users/andrew/Projects/quant-research/data_store/option_greeks_2017/TSN.parquet: per_1.00_iv (per-unit share 1.00, per-point share 0.00, median dP/vega ratio 0.0100, theta/day share 1.00)
15:47:04 voltium.loaders vega convention for /Users/andrew/Projects/quant-research/data_store/option_greeks_2017/TSS.parquet: per_1.00_iv (per-unit share 1.00, per-point share 0.00, median dP/vega ratio 0.0101, theta/day share 1.00)
15:47:04 voltium.loaders vega convention for /Users/andrew/Projects/quant-research/data_store/option_greeks_2020/TT.parquet: per_1.00_iv (per-unit share 1.00, per-point share 0.00, median dP/vega ratio 0.0100, theta/day share 1.00)
15:47:04 voltium.loaders vega convention for /Users/andrew/Projects/quant-research/data_store/option_greeks/TTD.parquet: per_1.00_iv (per-unit share 1.00, per-point share 0.00, median dP/vega ratio 0.0100, theta/day share 1.00)
15:47:04 voltium.loaders vega convention for /Users/andrew/Projects/quant-research/data_store/option_greeks_2018/TTWO.parquet: per_1.00_iv (per-unit share 1.00, per-point share 0.00, median dP/vega ratio 0.0100, theta/day share 1.00)
15:47:04 voltium.loaders vega convention for /Users/andrew/Projects/quant-research/data_store/option_greeks_2018/TWTR.parquet: per_1.00_iv (per-unit share 1.00, per-point share 0.00, median dP/vega ratio 0.0100, theta/day share 1.00)
15:47:05 voltium.loaders vega convention for /Users/andrew/Projects/quant-research/data_store/option_greeks_2017/TWX.parquet: per_1.00_iv (per-unit share 1.00, per-point share 0.00, median dP/vega ratio 0.0100, theta/day share 1.00)
15:47:05 voltium.loaders vega convention for /Users/andrew/Projects/quant-research/data_store/option_greeks_2017/TXN.parquet: per_1.00_iv (per-unit share 1.00, per-point share 0.00, median dP/vega ratio 0.0100, theta/day share 1.00)
15:47:05 voltium.loaders vega convention for /Users/andrew/Projects/quant-research/data_store/option_greeks_2017/TXT.parquet: per_1.00_iv (per-unit share 1.00, per-point share 0.00, median dP/vega ratio 0.0099, theta/day share 1.00)
15:47:05 voltium.loaders vega convention for /Users/andrew/Projects/quant-research/data_store/option_greeks_2020/TYL.parquet: per_1.00_iv (per-unit share 1.00, per-point share 0.00, median dP/vega ratio 0.0100, theta/day share 1.00)
15:47:05 voltium.loaders vega convention for /Users/andrew/Projects/quant-research/data_store/option_greeks_2017/UA.parquet: per_1.00_iv (per-unit share 1.00, per-point share 0.00, median dP/vega ratio 0.0100, theta/day share 1.00)
15:47:05 voltium.loaders vega convention for /Users/andrew/Projects/quant-research/data_store/option_greeks_2017/UAA.parquet: per_1.00_iv (per-unit share 1.00, per-point share 0.00, median dP/vega ratio 0.0101, theta/day share 1.00)
15:47:05 voltium.loaders vega convention for /Users/andrew/Projects/quant-research/data_store/option_greeks_2017/UAL.parquet: per_1.00_iv (per-unit share 1.00, per-point share 0.00, median dP/vega ratio 0.0100, theta/day share 1.00)
15:47:05 voltium.loaders vega convention for /Users/andrew/Projects/quant-research/data_store/option_greeks_2023/UBER.parquet: per_1.00_iv (per-unit share 1.00, per-point share 0.00, median dP/vega ratio 0.0100, theta/day share 1.00)
15:47:05 voltium.loaders vega convention for /Users/andrew/Projects/quant-research/data_store/option_greeks_2017/UDR.parquet: per_1.00_iv (per-unit share 1.00, per-point share 0.00, median dP/vega ratio 0.0100, theta/day share 1.00)
15:47:05 voltium.loaders vega convention for /Users/andrew/Projects/quant-research/data_store/option_greeks_2017/UHS.parquet: per_1.00_iv (per-unit share 1.00, per-point share 0.00, median dP/vega ratio 0.0100, theta/day share 1.00)
15:47:06 voltium.loaders vega convention for /Users/andrew/Projects/quant-research/data_store/option_greeks_2017/ULTA.parquet: per_1.00_iv (per-unit share 1.00, per-point share 0.00, median dP/vega ratio 0.0100, theta/day share 1.00)
15:47:06 voltium.loaders vega convention for /Users/andrew/Projects/quant-research/data_store/option_greeks_2017/UNH.parquet: per_1.00_iv (per-unit share 1.00, per-point share 0.00, median dP/vega ratio 0.0100, theta/day share 1.00)
15:47:06 voltium.loaders vega convention for /Users/andrew/Projects/quant-research/data_store/option_greeks_2017/UNM.parquet: per_1.00_iv (per-unit share 1.00, per-point share 0.00, median dP/vega ratio 0.0100, theta/day share 1.00)
15:47:06 voltium.loaders vega convention for /Users/andrew/Projects/quant-research/data_store/option_greeks_2017/UNP.parquet: per_1.00_iv (per-unit share 1.00, per-point share 0.00, median dP/vega ratio 0.0100, theta/day share 1.00)
15:47:06 voltium.providers.base materialize: 600/659 symbols
15:47:06 voltium.loaders vega convention for /Users/andrew/Projects/quant-research/data_store/option_greeks_2017/UPS.parquet: per_1.00_iv (per-unit share 1.00, per-point share 0.00, median dP/vega ratio 0.0100, theta/day share 1.00)
15:47:06 voltium.loaders vega convention for /Users/andrew/Projects/quant-research/data_store/option_greeks_2017/URI.parquet: per_1.00_iv (per-unit share 1.00, per-point share 0.00, median dP/vega ratio 0.0100, theta/day share 1.00)
15:47:07 voltium.loaders vega convention for /Users/andrew/Projects/quant-research/data_store/option_greeks_2017/USB.parquet: per_1.00_iv (per-unit share 1.00, per-point share 0.00, median dP/vega ratio 0.0100, theta/day share 1.00)
15:47:07 voltium.loaders vega convention for /Users/andrew/Projects/quant-research/data_store/option_greeks_2017/V.parquet: per_1.00_iv (per-unit share 1.00, per-point share 0.00, median dP/vega ratio 0.0100, theta/day share 1.00)
15:47:07 voltium.loaders vega convention for /Users/andrew/Projects/quant-research/data_store/option_greeks_2017/VAR.parquet: per_1.00_iv (per-unit share 1.00, per-point share 0.00, median dP/vega ratio 0.0100, theta/day share 1.00)
15:47:07 voltium.loaders vega convention for /Users/andrew/Projects/quant-research/data_store/option_greeks_2017/VFC.parquet: per_1.00_iv (per-unit share 1.00, per-point share 0.00, median dP/vega ratio 0.0100, theta/day share 1.00)
15:47:07 voltium.loaders vega convention for /Users/andrew/Projects/quant-research/data_store/option_greeks_2017/VIAB.parquet: per_1.00_iv (per-unit share 1.00, per-point share 0.00, median dP/vega ratio 0.0100, theta/day share 1.00)
15:47:07 voltium.loaders vega convention for /Users/andrew/Projects/quant-research/data_store/option_greeks_2022/VICI.parquet: per_1.00_iv (per-unit share 1.00, per-point share 0.00, median dP/vega ratio 0.0102, theta/day share 1.00)
15:47:07 voltium.loaders vega convention for /Users/andrew/Projects/quant-research/data_store/option_greeks_2017/VLO.parquet: per_1.00_iv (per-unit share 1.00, per-point share 0.00, median dP/vega ratio 0.0100, theta/day share 1.00)
15:47:08 voltium.loaders vega convention for /Users/andrew/Projects/quant-research/data_store/option_greeks_2023/VLTO.parquet: per_1.00_iv (per-unit share 1.00, per-point share 0.00, median dP/vega ratio 0.0100, theta/day share 1.00)
15:47:08 voltium.loaders vega convention for /Users/andrew/Projects/quant-research/data_store/option_greeks_2017/VMC.parquet: per_1.00_iv (per-unit share 1.00, per-point share 0.00, median dP/vega ratio 0.0100, theta/day share 1.00)
15:47:08 voltium.loaders vega convention for /Users/andrew/Projects/quant-research/data_store/option_greeks_2017/VNO.parquet: per_1.00_iv (per-unit share 1.00, per-point share 0.00, median dP/vega ratio 0.0100, theta/day share 1.00)
15:47:08 voltium.loaders vega convention for /Users/andrew/Projects/quant-research/data_store/option_greeks_2020/VNT.parquet: per_1.00_iv (per-unit share 1.00, per-point share 0.00, median dP/vega ratio 0.0100, theta/day share 1.00)
15:47:08 voltium.loaders vega convention for /Users/andrew/Projects/quant-research/data_store/option_greeks_2017/VRSK.parquet: per_1.00_iv (per-unit share 1.00, per-point share 0.00, median dP/vega ratio 0.0100, theta/day share 1.00)
15:47:08 voltium.loaders vega convention for /Users/andrew/Projects/quant-research/data_store/option_greeks_2017/VRSN.parquet: per_1.00_iv (per-unit share 1.00, per-point share 0.00, median dP/vega ratio 0.0100, theta/day share 1.00)
15:47:08 voltium.loaders vega convention for /Users/andrew/Projects/quant-research/data_store/option_greeks_2017/VRTX.parquet: per_1.00_iv (per-unit share 1.00, per-point share 0.00, median dP/vega ratio 0.0100, theta/day share 1.00)
15:47:08 voltium.loaders vega convention for /Users/andrew/Projects/quant-research/data_store/option_greeks_2024/VST.parquet: per_1.00_iv (per-unit share 1.00, per-point share 0.00, median dP/vega ratio 0.0100, theta/day share 1.00)
15:47:08 voltium.loaders vega convention for /Users/andrew/Projects/quant-research/data_store/option_greeks_2017/VTR.parquet: per_1.00_iv (per-unit share 1.00, per-point share 0.00, median dP/vega ratio 0.0101, theta/day share 1.00)
15:47:08 voltium.loaders vega convention for /Users/andrew/Projects/quant-research/data_store/option_greeks_2020/VTRS.parquet: per_1.00_iv (per-unit share 1.00, per-point share 0.00, median dP/vega ratio 0.0100, theta/day share 1.00)
15:47:08 voltium.loaders vega convention for /Users/andrew/Projects/quant-research/data_store/option_greeks_2017/VZ.parquet: per_1.00_iv (per-unit share 1.00, per-point share 0.00, median dP/vega ratio 0.0101, theta/day share 1.00)
15:47:09 voltium.loaders vega convention for /Users/andrew/Projects/quant-research/data_store/option_greeks_2019/WAB.parquet: per_1.00_iv (per-unit share 1.00, per-point share 0.00, median dP/vega ratio 0.0100, theta/day share 1.00)
15:47:09 voltium.loaders vega convention for /Users/andrew/Projects/quant-research/data_store/option_greeks_2017/WAT.parquet: per_1.00_iv (per-unit share 1.00, per-point share 0.00, median dP/vega ratio 0.0100, theta/day share 1.00)
15:47:09 voltium.loaders vega convention for /Users/andrew/Projects/quant-research/data_store/option_greeks_2017/WBA.parquet: per_1.00_iv (per-unit share 1.00, per-point share 0.00, median dP/vega ratio 0.0100, theta/day share 1.00)
15:47:09 voltium.loaders vega convention for /Users/andrew/Projects/quant-research/data_store/option_greeks_2022/WBD.parquet: per_1.00_iv (per-unit share 1.00, per-point share 0.00, median dP/vega ratio 0.0100, theta/day share 1.00)
15:47:09 voltium.loaders vega convention for /Users/andrew/Projects/quant-research/data_store/option_greeks_2018/WCG.parquet: per_1.00_iv (per-unit share 1.00, per-point share 0.00, median dP/vega ratio 0.0100, theta/day share 1.00)
15:47:09 voltium.loaders vega convention for /Users/andrew/Projects/quant-research/data_store/option_greeks_2024/WDAY.parquet: per_1.00_iv (per-unit share 1.00, per-point share 0.00, median dP/vega ratio 0.0100, theta/day share 1.00)
15:47:09 voltium.loaders vega convention for /Users/andrew/Projects/quant-research/data_store/option_greeks_2017/WDC.parquet: per_1.00_iv (per-unit share 1.00, per-point share 0.00, median dP/vega ratio 0.0100, theta/day share 1.00)
15:47:09 voltium.loaders vega convention for /Users/andrew/Projects/quant-research/data_store/option_greeks_2017/WEC.parquet: per_1.00_iv (per-unit share 1.00, per-point share 0.00, median dP/vega ratio 0.0101, theta/day share 1.00)
15:47:09 voltium.loaders vega convention for /Users/andrew/Projects/quant-research/data_store/option_greeks_2018/WELL.parquet: per_1.00_iv (per-unit share 1.00, per-point share 0.00, median dP/vega ratio 0.0102, theta/day share 1.00)
15:47:09 voltium.loaders vega convention for /Users/andrew/Projects/quant-research/data_store/option_greeks_2017/WFC.parquet: per_1.00_iv (per-unit share 1.00, per-point share 0.00, median dP/vega ratio 0.0100, theta/day share 1.00)
15:47:10 voltium.loaders vega convention for /Users/andrew/Projects/quant-research/data_store/option_greeks_2017/WFM.parquet: per_1.00_iv (per-unit share 1.00, per-point share 0.00, median dP/vega ratio 0.0101, theta/day share 1.00)
15:47:10 voltium.loaders vega convention for /Users/andrew/Projects/quant-research/data_store/option_greeks_2017/WHR.parquet: per_1.00_iv (per-unit share 1.00, per-point share 0.00, median dP/vega ratio 0.0100, theta/day share 1.00)
15:47:10 voltium.loaders vega convention for /Users/andrew/Projects/quant-research/data_store/option_greeks_2017/WLTW.parquet: per_1.00_iv (per-unit share 1.00, per-point share 0.00, median dP/vega ratio 0.0100, theta/day share 1.00)
15:47:10 voltium.loaders vega convention for /Users/andrew/Projects/quant-research/data_store/option_greeks_2017/WM.parquet: per_1.00_iv (per-unit share 1.00, per-point share 0.00, median dP/vega ratio 0.0100, theta/day share 1.00)
15:47:10 voltium.loaders vega convention for /Users/andrew/Projects/quant-research/data_store/option_greeks_2017/WMB.parquet: per_1.00_iv (per-unit share 1.00, per-point share 0.00, median dP/vega ratio 0.0100, theta/day share 1.00)
15:47:10 voltium.loaders vega convention for /Users/andrew/Projects/quant-research/data_store/option_greeks_2017/WMT.parquet: per_1.00_iv (per-unit share 1.00, per-point share 0.00, median dP/vega ratio 0.0100, theta/day share 1.00)
15:47:10 voltium.loaders vega convention for /Users/andrew/Projects/quant-research/data_store/option_greeks_2019/WRB.parquet: per_1.00_iv (per-unit share 1.00, per-point share 0.00, median dP/vega ratio 0.0100, theta/day share 1.00)
15:47:10 voltium.loaders vega convention for /Users/andrew/Projects/quant-research/data_store/option_greeks/WSM.parquet: per_1.00_iv (per-unit share 1.00, per-point share 0.00, median dP/vega ratio 0.0101, theta/day share 1.00)
15:47:10 voltium.loaders vega convention for /Users/andrew/Projects/quant-research/data_store/option_greeks_2020/WST.parquet: per_1.00_iv (per-unit share 1.00, per-point share 0.00, median dP/vega ratio 0.0100, theta/day share 1.00)
15:47:10 voltium.loaders vega convention for /Users/andrew/Projects/quant-research/data_store/option_greeks_2022/WTW.parquet: per_1.00_iv (per-unit share 1.00, per-point share 0.00, median dP/vega ratio 0.0099, theta/day share 1.00)
15:47:11 voltium.loaders vega convention for /Users/andrew/Projects/quant-research/data_store/option_greeks_2017/WU.parquet: per_1.00_iv (per-unit share 1.00, per-point share 0.00, median dP/vega ratio 0.0100, theta/day share 1.00)
15:47:11 voltium.loaders vega convention for /Users/andrew/Projects/quant-research/data_store/option_greeks_2017/WY.parquet: per_1.00_iv (per-unit share 1.00, per-point share 0.00, median dP/vega ratio 0.0100, theta/day share 1.00)
15:47:11 voltium.loaders vega convention for /Users/andrew/Projects/quant-research/data_store/option_greeks_2017/WYN.parquet: per_1.00_iv (per-unit share 1.00, per-point share 0.00, median dP/vega ratio 0.0100, theta/day share 1.00)
15:47:11 voltium.loaders vega convention for /Users/andrew/Projects/quant-research/data_store/option_greeks_2017/WYNN.parquet: per_1.00_iv (per-unit share 1.00, per-point share 0.00, median dP/vega ratio 0.0100, theta/day share 1.00)
15:47:11 voltium.loaders vega convention for /Users/andrew/Projects/quant-research/data_store/option_greeks_2017/XEC.parquet: per_1.00_iv (per-unit share 1.00, per-point share 0.00, median dP/vega ratio 0.0100, theta/day share 1.00)
15:47:11 voltium.loaders vega convention for /Users/andrew/Projects/quant-research/data_store/option_greeks_2017/XEL.parquet: per_1.00_iv (per-unit share 1.00, per-point share 0.00, median dP/vega ratio 0.0100, theta/day share 1.00)
15:47:11 voltium.loaders vega convention for /Users/andrew/Projects/quant-research/data_store/option_greeks_2017/XL.parquet: per_1.00_iv (per-unit share 1.00, per-point share 0.00, median dP/vega ratio 0.0100, theta/day share 1.00)
15:47:11 voltium.loaders vega convention for /Users/andrew/Projects/quant-research/data_store/option_greeks_2017/XLNX.parquet: per_1.00_iv (per-unit share 1.00, per-point share 0.00, median dP/vega ratio 0.0100, theta/day share 1.00)
15:47:11 voltium.loaders vega convention for /Users/andrew/Projects/quant-research/data_store/option_greeks_2017/XOM.parquet: per_1.00_iv (per-unit share 1.00, per-point share 0.00, median dP/vega ratio 0.0100, theta/day share 1.00)
15:47:11 voltium.loaders vega convention for /Users/andrew/Projects/quant-research/data_store/option_greeks_2017/XRAY.parquet: per_1.00_iv (per-unit share 1.00, per-point share 0.00, median dP/vega ratio 0.0101, theta/day share 1.00)
15:47:11 voltium.loaders vega convention for /Users/andrew/Projects/quant-research/data_store/option_greeks_2017/XRX.parquet: per_1.00_iv (per-unit share 1.00, per-point share 0.00, median dP/vega ratio 0.0100, theta/day share 1.00)
15:47:11 voltium.loaders vega convention for /Users/andrew/Projects/quant-research/data_store/option_greeks_2017/XYL.parquet: per_1.00_iv (per-unit share 1.00, per-point share 0.00, median dP/vega ratio 0.0101, theta/day share 1.00)
15:47:11 voltium.loaders vega convention for /Users/andrew/Projects/quant-research/data_store/option_greeks/XYZ.parquet: per_1.00_iv (per-unit share 1.00, per-point share 0.00, median dP/vega ratio 0.0100, theta/day share 1.00)
15:47:12 voltium.loaders vega convention for /Users/andrew/Projects/quant-research/data_store/option_greeks_2017/YHOO.parquet: per_1.00_iv (per-unit share 1.00, per-point share 0.00, median dP/vega ratio 0.0100, theta/day share 1.00)
15:47:12 voltium.loaders vega convention for /Users/andrew/Projects/quant-research/data_store/option_greeks_2017/YUM.parquet: per_1.00_iv (per-unit share 1.00, per-point share 0.00, median dP/vega ratio 0.0101, theta/day share 1.00)
15:47:12 voltium.loaders vega convention for /Users/andrew/Projects/quant-research/data_store/option_greeks_2017/ZBH.parquet: per_1.00_iv (per-unit share 1.00, per-point share 0.00, median dP/vega ratio 0.0100, theta/day share 1.00)
15:47:12 voltium.loaders vega convention for /Users/andrew/Projects/quant-research/data_store/option_greeks_2019/ZBRA.parquet: per_1.00_iv (per-unit share 1.00, per-point share 0.00, median dP/vega ratio 0.0100, theta/day share 1.00)
15:47:12 voltium.loaders vega convention for /Users/andrew/Projects/quant-research/data_store/option_greeks_2017/ZION.parquet: per_1.00_iv (per-unit share 1.00, per-point share 0.00, median dP/vega ratio 0.0100, theta/day share 1.00)
15:47:12 voltium.loaders vega convention for /Users/andrew/Projects/quant-research/data_store/option_greeks_2017/ZTS.parquet: per_1.00_iv (per-unit share 1.00, per-point share 0.00, median dP/vega ratio 0.0100, theta/day share 1.00)
15:47:12 voltium.providers.base materialize: 659/659 symbols
15:47:12 voltium.loaders vega convention for /Users/andrew/Projects/quant-research/data_store/index_greeks_2017/SPX.parquet: per_1.00_iv (per-unit share 1.00, per-point share 0.00, median dP/vega ratio 0.0100, theta/day share 1.00)
15:47:19 level_book HAR: 1046279 forecasts, last fit [{'date': datetime.date(2025, 10, 1), 'rows': 1043953, 'const': -1.131449256807854, 'residual_var': 0.5294040664610805, 'b_rv_1': 0.025852336886258424, 'b_rv_5': 0.19588718583422726, 'b_rv_22': 0.8056671009823344}] (283s)
15:47:19 voltium.loaders vega convention for /Users/andrew/Projects/quant-research/data_store/option_greeks_2017/A.parquet: per_1.00_iv (per-unit share 1.00, per-point share 0.00, median dP/vega ratio 0.0100, theta/day share 1.00)
15:47:19 voltium.loaders vega convention for /Users/andrew/Projects/quant-research/data_store/option_greeks_2017/AAL.parquet: per_1.00_iv (per-unit share 1.00, per-point share 0.00, median dP/vega ratio 0.0100, theta/day share 1.00)
15:47:19 voltium.loaders vega convention for /Users/andrew/Projects/quant-research/data_store/option_greeks_2017/AAP.parquet: per_1.00_iv (per-unit share 1.00, per-point share 0.00, median dP/vega ratio 0.0100, theta/day share 1.00)
15:47:19 voltium.loaders vega convention for /Users/andrew/Projects/quant-research/data_store/option_greeks_2017/AAPL.parquet: per_1.00_iv (per-unit share 1.00, per-point share 0.00, median dP/vega ratio 0.0100, theta/day share 1.00)
15:47:20 voltium.loaders vega convention for /Users/andrew/Projects/quant-research/data_store/option_greeks_2017/ABBV.parquet: per_1.00_iv (per-unit share 1.00, per-point share 0.00, median dP/vega ratio 0.0100, theta/day share 1.00)
15:47:20 voltium.loaders vega convention for /Users/andrew/Projects/quant-research/data_store/option_greeks_2018/ABMD.parquet: per_1.00_iv (per-unit share 1.00, per-point share 0.00, median dP/vega ratio 0.0100, theta/day share 1.00)
15:47:20 voltium.loaders vega convention for /Users/andrew/Projects/quant-research/data_store/option_greeks_2023/ABNB.parquet: per_1.00_iv (per-unit share 1.00, per-point share 0.00, median dP/vega ratio 0.0100, theta/day share 1.00)
15:47:20 voltium.loaders vega convention for /Users/andrew/Projects/quant-research/data_store/option_greeks_2017/ABT.parquet: per_1.00_iv (per-unit share 1.00, per-point share 0.00, median dP/vega ratio 0.0101, theta/day share 1.00)
15:47:20 voltium.loaders vega convention for /Users/andrew/Projects/quant-research/data_store/option_greeks_2022/ACGL.parquet: per_1.00_iv (per-unit share 1.00, per-point share 0.00, median dP/vega ratio 0.0100, theta/day share 1.00)
15:47:20 voltium.loaders vega convention for /Users/andrew/Projects/quant-research/data_store/option_greeks_2017/ACN.parquet: per_1.00_iv (per-unit share 1.00, per-point share 0.00, median dP/vega ratio 0.0100, theta/day share 1.00)
15:47:21 voltium.loaders vega convention for /Users/andrew/Projects/quant-research/data_store/option_greeks_2017/ADBE.parquet: per_1.00_iv (per-unit share 1.00, per-point share 0.00, median dP/vega ratio 0.0100, theta/day share 1.00)
15:47:21 voltium.loaders vega convention for /Users/andrew/Projects/quant-research/data_store/option_greeks_2017/ADI.parquet: per_1.00_iv (per-unit share 1.00, per-point share 0.00, median dP/vega ratio 0.0100, theta/day share 1.00)
15:47:21 voltium.loaders vega convention for /Users/andrew/Projects/quant-research/data_store/option_greeks_2017/ADM.parquet: per_1.00_iv (per-unit share 1.00, per-point share 0.00, median dP/vega ratio 0.0100, theta/day share 1.00)
15:47:21 voltium.loaders vega convention for /Users/andrew/Projects/quant-research/data_store/option_greeks_2017/ADP.parquet: per_1.00_iv (per-unit share 1.00, per-point share 0.00, median dP/vega ratio 0.0099, theta/day share 1.00)
15:47:21 voltium.loaders vega convention for /Users/andrew/Projects/quant-research/data_store/option_greeks_2017/ADS.parquet: per_1.00_iv (per-unit share 1.00, per-point share 0.00, median dP/vega ratio 0.0101, theta/day share 1.00)
15:47:21 voltium.loaders vega convention for /Users/andrew/Projects/quant-research/data_store/option_greeks_2017/ADSK.parquet: per_1.00_iv (per-unit share 1.00, per-point share 0.00, median dP/vega ratio 0.0100, theta/day share 1.00)
15:47:21 voltium.loaders vega convention for /Users/andrew/Projects/quant-research/data_store/option_greeks_2017/AEE.parquet: per_1.00_iv (per-unit share 1.00, per-point share 0.00, median dP/vega ratio 0.0102, theta/day share 1.00)
15:47:22 voltium.loaders vega convention for /Users/andrew/Projects/quant-research/data_store/option_greeks_2017/AEP.parquet: per_1.00_iv (per-unit share 1.00, per-point share 0.00, median dP/vega ratio 0.0101, theta/day share 1.00)
15:47:22 voltium.loaders vega convention for /Users/andrew/Projects/quant-research/data_store/option_greeks_2017/AES.parquet: per_1.00_iv (per-unit share 1.00, per-point share 0.00, median dP/vega ratio 0.0101, theta/day share 1.00)
15:47:22 voltium.loaders vega convention for /Users/andrew/Projects/quant-research/data_store/option_greeks_2017/AET.parquet: per_1.00_iv (per-unit share 1.00, per-point share 0.00, median dP/vega ratio 0.0100, theta/day share 1.00)
15:47:22 voltium.loaders vega convention for /Users/andrew/Projects/quant-research/data_store/option_greeks_2017/AFL.parquet: per_1.00_iv (per-unit share 1.00, per-point share 0.00, median dP/vega ratio 0.0100, theta/day share 1.00)
15:47:22 voltium.loaders vega convention for /Users/andrew/Projects/quant-research/data_store/option_greeks_2017/AGN.parquet: per_1.00_iv (per-unit share 1.00, per-point share 0.00, median dP/vega ratio 0.0100, theta/day share 1.00)
15:47:22 voltium.loaders vega convention for /Users/andrew/Projects/quant-research/data_store/option_greeks_2017/AIG.parquet: per_1.00_iv (per-unit share 1.00, per-point share 0.00, median dP/vega ratio 0.0100, theta/day share 1.00)
15:47:22 voltium.loaders vega convention for /Users/andrew/Projects/quant-research/data_store/option_greeks_2017/AIV.parquet: per_1.00_iv (per-unit share 1.00, per-point share 0.00, median dP/vega ratio 0.0100, theta/day share 1.00)
15:47:22 voltium.loaders vega convention for /Users/andrew/Projects/quant-research/data_store/option_greeks_2017/AIZ.parquet: per_1.00_iv (per-unit share 1.00, per-point share 0.00, median dP/vega ratio 0.0100, theta/day share 1.00)
15:47:22 voltium.loaders vega convention for /Users/andrew/Projects/quant-research/data_store/option_greeks_2017/AJG.parquet: per_1.00_iv (per-unit share 1.00, per-point share 0.00, median dP/vega ratio 0.0102, theta/day share 1.00)
15:47:22 voltium.loaders vega convention for /Users/andrew/Projects/quant-research/data_store/option_greeks_2017/AKAM.parquet: per_1.00_iv (per-unit share 1.00, per-point share 0.00, median dP/vega ratio 0.0100, theta/day share 1.00)
15:47:22 voltium.loaders vega convention for /Users/andrew/Projects/quant-research/data_store/option_greeks_2017/ALB.parquet: per_1.00_iv (per-unit share 1.00, per-point share 0.00, median dP/vega ratio 0.0100, theta/day share 1.00)
15:47:23 voltium.loaders vega convention for /Users/andrew/Projects/quant-research/data_store/option_greeks_2017/ALGN.parquet: per_1.00_iv (per-unit share 1.00, per-point share 0.00, median dP/vega ratio 0.0100, theta/day share 1.00)
15:47:23 voltium.loaders vega convention for /Users/andrew/Projects/quant-research/data_store/option_greeks_2017/ALK.parquet: per_1.00_iv (per-unit share 1.00, per-point share 0.00, median dP/vega ratio 0.0100, theta/day share 1.00)
15:47:23 voltium.loaders vega convention for /Users/andrew/Projects/quant-research/data_store/option_greeks_2017/ALL.parquet: per_1.00_iv (per-unit share 1.00, per-point share 0.00, median dP/vega ratio 0.0100, theta/day share 1.00)
15:47:23 voltium.loaders vega convention for /Users/andrew/Projects/quant-research/data_store/option_greeks_2017/ALLE.parquet: per_1.00_iv (per-unit share 1.00, per-point share 0.00, median dP/vega ratio 0.0100, theta/day share 1.00)
15:47:23 voltium.loaders vega convention for /Users/andrew/Projects/quant-research/data_store/option_greeks_2017/ALXN.parquet: per_1.00_iv (per-unit share 1.00, per-point share 0.00, median dP/vega ratio 0.0100, theta/day share 1.00)
15:47:23 voltium.loaders vega convention for /Users/andrew/Projects/quant-research/data_store/option_greeks_2017/AMAT.parquet: per_1.00_iv (per-unit share 1.00, per-point share 0.00, median dP/vega ratio 0.0100, theta/day share 1.00)
15:47:23 voltium.loaders vega convention for /Users/andrew/Projects/quant-research/data_store/option_greeks_2019/AMCR.parquet: per_1.00_iv (per-unit share 1.00, per-point share 0.00, median dP/vega ratio 0.0100, theta/day share 1.00)
15:47:24 voltium.loaders vega convention for /Users/andrew/Projects/quant-research/data_store/option_greeks_2017/AMD.parquet: per_1.00_iv (per-unit share 1.00, per-point share 0.00, median dP/vega ratio 0.0100, theta/day share 1.00)
15:47:24 voltium.loaders vega convention for /Users/andrew/Projects/quant-research/data_store/option_greeks_2017/AME.parquet: per_1.00_iv (per-unit share 1.00, per-point share 0.00, median dP/vega ratio 0.0100, theta/day share 1.00)
15:47:24 voltium.loaders vega convention for /Users/andrew/Projects/quant-research/data_store/option_greeks_2017/AMG.parquet: per_1.00_iv (per-unit share 1.00, per-point share 0.00, median dP/vega ratio 0.0100, theta/day share 1.00)
15:47:24 voltium.loaders vega convention for /Users/andrew/Projects/quant-research/data_store/option_greeks_2017/AMGN.parquet: per_1.00_iv (per-unit share 1.00, per-point share 0.00, median dP/vega ratio 0.0100, theta/day share 1.00)
15:47:24 voltium.loaders vega convention for /Users/andrew/Projects/quant-research/data_store/option_greeks_2017/AMP.parquet: per_1.00_iv (per-unit share 1.00, per-point share 0.00, median dP/vega ratio 0.0100, theta/day share 1.00)
15:47:24 voltium.loaders vega convention for /Users/andrew/Projects/quant-research/data_store/option_greeks_2017/AMT.parquet: per_1.00_iv (per-unit share 1.00, per-point share 0.00, median dP/vega ratio 0.0100, theta/day share 1.00)
15:47:24 voltium.loaders vega convention for /Users/andrew/Projects/quant-research/data_store/option_greeks_2024/AMTM.parquet: per_1.00_iv (per-unit share 1.00, per-point share 0.00, median dP/vega ratio 0.0100, theta/day share 1.00)
15:47:24 voltium.loaders vega convention for /Users/andrew/Projects/quant-research/data_store/option_greeks_2017/AMZN.parquet: per_1.00_iv (per-unit share 1.00, per-point share 0.00, median dP/vega ratio 0.0100, theta/day share 1.00)
15:47:25 voltium.loaders vega convention for /Users/andrew/Projects/quant-research/data_store/option_greeks_2017/AN.parquet: per_1.00_iv (per-unit share 1.00, per-point share 0.00, median dP/vega ratio 0.0099, theta/day share 1.00)
15:47:25 voltium.loaders vega convention for /Users/andrew/Projects/quant-research/data_store/option_greeks_2017/ANDV.parquet: per_1.00_iv (per-unit share 1.00, per-point share 0.00, median dP/vega ratio 0.0100, theta/day share 1.00)
15:47:25 voltium.loaders vega convention for /Users/andrew/Projects/quant-research/data_store/option_greeks_2018/ANET.parquet: per_1.00_iv (per-unit share 1.00, per-point share 0.00, median dP/vega ratio 0.0100, theta/day share 1.00)
15:47:25 voltium.loaders vega convention for /Users/andrew/Projects/quant-research/data_store/option_greeks_2017/ANSS.parquet: per_1.00_iv (per-unit share 1.00, per-point share 0.00, median dP/vega ratio 0.0100, theta/day share 1.00)
15:47:25 voltium.loaders vega convention for /Users/andrew/Projects/quant-research/data_store/option_greeks_2017/AON.parquet: per_1.00_iv (per-unit share 1.00, per-point share 0.00, median dP/vega ratio 0.0100, theta/day share 1.00)
15:47:25 voltium.loaders vega convention for /Users/andrew/Projects/quant-research/data_store/option_greeks_2017/AOS.parquet: per_1.00_iv (per-unit share 1.00, per-point share 0.00, median dP/vega ratio 0.0101, theta/day share 1.00)
15:47:26 voltium.loaders vega convention for /Users/andrew/Projects/quant-research/data_store/option_greeks_2017/APA.parquet: per_1.00_iv (per-unit share 1.00, per-point share 0.00, median dP/vega ratio 0.0100, theta/day share 1.00)
15:47:26 voltium.loaders vega convention for /Users/andrew/Projects/quant-research/data_store/option_greeks_2017/APC.parquet: per_1.00_iv (per-unit share 1.00, per-point share 0.00, median dP/vega ratio 0.0100, theta/day share 1.00)
15:47:26 voltium.loaders vega convention for /Users/andrew/Projects/quant-research/data_store/option_greeks_2017/APD.parquet: per_1.00_iv (per-unit share 1.00, per-point share 0.00, median dP/vega ratio 0.0100, theta/day share 1.00)
15:47:26 voltium.loaders vega convention for /Users/andrew/Projects/quant-research/data_store/option_greeks_2017/APH.parquet: per_1.00_iv (per-unit share 1.00, per-point share 0.00, median dP/vega ratio 0.0101, theta/day share 1.00)
15:47:26 voltium.loaders vega convention for /Users/andrew/Projects/quant-research/data_store/option_greeks_2024/APO.parquet: per_1.00_iv (per-unit share 1.00, per-point share 0.00, median dP/vega ratio 0.0100, theta/day share 1.00)
15:47:26 voltium.loaders vega convention for /Users/andrew/Projects/quant-research/data_store/option_greeks/APP.parquet: per_1.00_iv (per-unit share 1.00, per-point share 0.00, median dP/vega ratio 0.0100, theta/day share 1.00)
15:47:26 voltium.loaders vega convention for /Users/andrew/Projects/quant-research/data_store/option_greeks_2017/APTV.parquet: per_1.00_iv (per-unit share 1.00, per-point share 0.00, median dP/vega ratio 0.0100, theta/day share 1.00)
15:47:26 voltium.loaders vega convention for /Users/andrew/Projects/quant-research/data_store/option_greeks_2017/ARE.parquet: per_1.00_iv (per-unit share 1.00, per-point share 0.00, median dP/vega ratio 0.0100, theta/day share 1.00)
15:47:26 voltium.loaders vega convention for /Users/andrew/Projects/quant-research/data_store/option_greeks_2017/ARNC.parquet: per_1.00_iv (per-unit share 1.00, per-point share 0.00, median dP/vega ratio 0.0100, theta/day share 1.00)
15:47:26 voltium.loaders vega convention for /Users/andrew/Projects/quant-research/data_store/option_greeks_2019/ATO.parquet: per_1.00_iv (per-unit share 1.00, per-point share 0.00, median dP/vega ratio 0.0101, theta/day share 1.00)
15:47:26 voltium.loaders vega convention for /Users/andrew/Projects/quant-research/data_store/option_greeks_2017/ATVI.parquet: per_1.00_iv (per-unit share 1.00, per-point share 0.00, median dP/vega ratio 0.0100, theta/day share 1.00)
15:47:27 voltium.loaders vega convention for /Users/andrew/Projects/quant-research/data_store/option_greeks_2017/AVB.parquet: per_1.00_iv (per-unit share 1.00, per-point share 0.00, median dP/vega ratio 0.0100, theta/day share 1.00)
15:47:27 voltium.loaders vega convention for /Users/andrew/Projects/quant-research/data_store/option_greeks_2017/AVGO.parquet: per_1.00_iv (per-unit share 1.00, per-point share 0.00, median dP/vega ratio 0.0100, theta/day share 1.00)
15:47:27 voltium.loaders vega convention for /Users/andrew/Projects/quant-research/data_store/option_greeks_2017/AVY.parquet: per_1.00_iv (per-unit share 1.00, per-point share 0.00, median dP/vega ratio 0.0101, theta/day share 1.00)
15:47:27 voltium.loaders vega convention for /Users/andrew/Projects/quant-research/data_store/option_greeks_2017/AWK.parquet: per_1.00_iv (per-unit share 1.00, per-point share 0.00, median dP/vega ratio 0.0101, theta/day share 1.00)
15:47:27 voltium.loaders vega convention for /Users/andrew/Projects/quant-research/data_store/option_greeks_2023/AXON.parquet: per_1.00_iv (per-unit share 1.00, per-point share 0.00, median dP/vega ratio 0.0100, theta/day share 1.00)
15:47:27 voltium.loaders vega convention for /Users/andrew/Projects/quant-research/data_store/option_greeks_2017/AXP.parquet: per_1.00_iv (per-unit share 1.00, per-point share 0.00, median dP/vega ratio 0.0100, theta/day share 1.00)
15:47:27 voltium.loaders vega convention for /Users/andrew/Projects/quant-research/data_store/option_greeks_2017/AYI.parquet: per_1.00_iv (per-unit share 1.00, per-point share 0.00, median dP/vega ratio 0.0100, theta/day share 1.00)
15:47:27 voltium.loaders vega convention for /Users/andrew/Projects/quant-research/data_store/option_greeks_2017/AZO.parquet: per_1.00_iv (per-unit share 1.00, per-point share 0.00, median dP/vega ratio 0.0100, theta/day share 1.00)
15:47:28 voltium.loaders vega convention for /Users/andrew/Projects/quant-research/data_store/option_greeks_2017/BA.parquet: per_1.00_iv (per-unit share 1.00, per-point share 0.00, median dP/vega ratio 0.0100, theta/day share 1.00)
15:47:28 voltium.loaders vega convention for /Users/andrew/Projects/quant-research/data_store/option_greeks_2017/BAC.parquet: per_1.00_iv (per-unit share 1.00, per-point share 0.00, median dP/vega ratio 0.0100, theta/day share 1.00)
15:47:28 voltium.loaders vega convention for /Users/andrew/Projects/quant-research/data_store/option_greeks_2022/BALL.parquet: per_1.00_iv (per-unit share 1.00, per-point share 0.00, median dP/vega ratio 0.0101, theta/day share 1.00)
15:47:28 voltium.loaders vega convention for /Users/andrew/Projects/quant-research/data_store/option_greeks_2017/BAX.parquet: per_1.00_iv (per-unit share 1.00, per-point share 0.00, median dP/vega ratio 0.0100, theta/day share 1.00)
15:47:29 voltium.loaders vega convention for /Users/andrew/Projects/quant-research/data_store/option_greeks_2017/BBBY.parquet: per_1.00_iv (per-unit share 1.00, per-point share 0.00, median dP/vega ratio 0.0100, theta/day share 1.00)
15:47:29 voltium.loaders vega convention for /Users/andrew/Projects/quant-research/data_store/option_greeks_2021/BBWI.parquet: per_1.00_iv (per-unit share 1.00, per-point share 0.00, median dP/vega ratio 0.0100, theta/day share 1.00)
15:47:29 voltium.loaders vega convention for /Users/andrew/Projects/quant-research/data_store/option_greeks_2017/BBY.parquet: per_1.00_iv (per-unit share 1.00, per-point share 0.00, median dP/vega ratio 0.0100, theta/day share 1.00)
15:47:29 voltium.loaders vega convention for /Users/andrew/Projects/quant-research/data_store/option_greeks_2017/BCR.parquet: per_1.00_iv (per-unit share 1.00, per-point share 0.00, median dP/vega ratio 0.0100, theta/day share 1.00)
15:47:29 voltium.loaders vega convention for /Users/andrew/Projects/quant-research/data_store/option_greeks_2017/BDX.parquet: per_1.00_iv (per-unit share 1.00, per-point share 0.00, median dP/vega ratio 0.0100, theta/day share 1.00)
15:47:29 voltium.loaders vega convention for /Users/andrew/Projects/quant-research/data_store/option_greeks_2017/BEN.parquet: per_1.00_iv (per-unit share 1.00, per-point share 0.00, median dP/vega ratio 0.0100, theta/day share 1.00)
15:47:29 voltium.loaders vega convention for /Users/andrew/Projects/quant-research/data_store/option_greeks_2017/BFB.parquet: per_1.00_iv (per-unit share 1.00, per-point share 0.00, median dP/vega ratio 0.0101, theta/day share 1.00)
15:47:29 voltium.loaders vega convention for /Users/andrew/Projects/quant-research/data_store/option_greeks_2023/BG.parquet: per_1.00_iv (per-unit share 1.00, per-point share 0.00, median dP/vega ratio 0.0101, theta/day share 1.00)
15:47:29 voltium.loaders vega convention for /Users/andrew/Projects/quant-research/data_store/option_greeks_2017/BHF.parquet: per_1.00_iv (per-unit share 1.00, per-point share 0.00, median dP/vega ratio 0.0100, theta/day share 1.00)
15:47:30 voltium.loaders vega convention for /Users/andrew/Projects/quant-research/data_store/option_greeks_2017/BHI.parquet: per_1.00_iv (per-unit share 1.00, per-point share 0.00, median dP/vega ratio 0.0100, theta/day share 1.00)
15:47:30 voltium.loaders vega convention for /Users/andrew/Projects/quant-research/data_store/option_greeks_2017/BIIB.parquet: per_1.00_iv (per-unit share 1.00, per-point share 0.00, median dP/vega ratio 0.0100, theta/day share 1.00)
15:47:30 voltium.loaders vega convention for /Users/andrew/Projects/quant-research/data_store/option_greeks_2020/BIO.parquet: per_1.00_iv (per-unit share 1.00, per-point share 0.00, median dP/vega ratio 0.0100, theta/day share 1.00)
15:47:30 voltium.loaders vega convention for /Users/andrew/Projects/quant-research/data_store/option_greeks_2017/BK.parquet: per_1.00_iv (per-unit share 1.00, per-point share 0.00, median dP/vega ratio 0.0100, theta/day share 1.00)
15:47:30 voltium.loaders vega convention for /Users/andrew/Projects/quant-research/data_store/option_greeks_2018/BKNG.parquet: per_1.00_iv (per-unit share 1.00, per-point share 0.00, median dP/vega ratio 0.0101, theta/day share 1.00)
15:47:31 voltium.loaders vega convention for /Users/andrew/Projects/quant-research/data_store/option_greeks_2019/BKR.parquet: per_1.00_iv (per-unit share 1.00, per-point share 0.00, median dP/vega ratio 0.0100, theta/day share 1.00)
15:47:31 voltium.loaders vega convention for /Users/andrew/Projects/quant-research/data_store/option_greeks_2023/BLDR.parquet: per_1.00_iv (per-unit share 1.00, per-point share 0.00, median dP/vega ratio 0.0101, theta/day share 1.00)
15:47:31 voltium.loaders vega convention for /Users/andrew/Projects/quant-research/data_store/option_greeks_2017/BLK.parquet: per_1.00_iv (per-unit share 1.00, per-point share 0.00, median dP/vega ratio 0.0100, theta/day share 1.00)
15:47:32 voltium.loaders vega convention for /Users/andrew/Projects/quant-research/data_store/option_greeks_2019/BMS.parquet: per_1.00_iv (per-unit share 1.00, per-point share 0.00, median dP/vega ratio 0.0102, theta/day share 1.00)
15:47:32 voltium.loaders vega convention for /Users/andrew/Projects/quant-research/data_store/option_greeks_2017/BMY.parquet: per_1.00_iv (per-unit share 1.00, per-point share 0.00, median dP/vega ratio 0.0100, theta/day share 1.00)
15:47:32 voltium.loaders vega convention for /Users/andrew/Projects/quant-research/data_store/option_greeks_2018/BR.parquet: per_1.00_iv (per-unit share 1.00, per-point share 0.00, median dP/vega ratio 0.0100, theta/day share 1.00)
15:47:32 voltium.loaders vega convention for /Users/andrew/Projects/quant-research/data_store/option_greeks_2017/BRKB.parquet: per_1.00_iv (per-unit share 1.00, per-point share 0.00, median dP/vega ratio 0.0100, theta/day share 1.00)
15:47:32 voltium.loaders vega convention for /Users/andrew/Projects/quant-research/data_store/option_greeks_2021/BRO.parquet: per_1.00_iv (per-unit share 1.00, per-point share 0.00, median dP/vega ratio 0.0101, theta/day share 1.00)
15:47:32 voltium.loaders vega convention for /Users/andrew/Projects/quant-research/data_store/option_greeks_2017/BSX.parquet: per_1.00_iv (per-unit share 1.00, per-point share 0.00, median dP/vega ratio 0.0100, theta/day share 1.00)
15:47:32 voltium.loaders vega convention for /Users/andrew/Projects/quant-research/data_store/option_greeks_2017/BWA.parquet: per_1.00_iv (per-unit share 1.00, per-point share 0.00, median dP/vega ratio 0.0100, theta/day share 1.00)
15:47:32 voltium.loaders vega convention for /Users/andrew/Projects/quant-research/data_store/option_greeks_2023/BX.parquet: per_1.00_iv (per-unit share 1.00, per-point share 0.00, median dP/vega ratio 0.0100, theta/day share 1.00)
15:47:32 voltium.loaders vega convention for /Users/andrew/Projects/quant-research/data_store/option_greeks_2017/BXP.parquet: per_1.00_iv (per-unit share 1.00, per-point share 0.00, median dP/vega ratio 0.0100, theta/day share 1.00)
15:47:33 voltium.loaders vega convention for /Users/andrew/Projects/quant-research/data_store/option_greeks_2017/C.parquet: per_1.00_iv (per-unit share 1.00, per-point share 0.00, median dP/vega ratio 0.0100, theta/day share 1.00)
15:47:33 voltium.loaders vega convention for /Users/andrew/Projects/quant-research/data_store/option_greeks_2017/CA.parquet: per_1.00_iv (per-unit share 1.00, per-point share 0.00, median dP/vega ratio 0.0101, theta/day share 1.00)
15:47:33 voltium.providers.base materialize: 100/659 symbols
15:47:33 voltium.loaders vega convention for /Users/andrew/Projects/quant-research/data_store/option_greeks_2017/CAG.parquet: per_1.00_iv (per-unit share 1.00, per-point share 0.00, median dP/vega ratio 0.0100, theta/day share 1.00)
15:47:33 voltium.loaders vega convention for /Users/andrew/Projects/quant-research/data_store/option_greeks_2017/CAH.parquet: per_1.00_iv (per-unit share 1.00, per-point share 0.00, median dP/vega ratio 0.0100, theta/day share 1.00)
15:47:33 voltium.loaders vega convention for /Users/andrew/Projects/quant-research/data_store/option_greeks_2020/CARR.parquet: per_1.00_iv (per-unit share 1.00, per-point share 0.00, median dP/vega ratio 0.0101, theta/day share 1.00)
15:47:34 voltium.loaders vega convention for /Users/andrew/Projects/quant-research/data_store/option_greeks_2017/CAT.parquet: per_1.00_iv (per-unit share 1.00, per-point share 0.00, median dP/vega ratio 0.0100, theta/day share 1.00)
15:47:34 voltium.loaders vega convention for /Users/andrew/Projects/quant-research/data_store/option_greeks_2017/CB.parquet: per_1.00_iv (per-unit share 1.00, per-point share 0.00, median dP/vega ratio 0.0100, theta/day share 1.00)
15:47:34 voltium.loaders vega convention for /Users/andrew/Projects/quant-research/data_store/option_greeks_2017/CBOE.parquet: per_1.00_iv (per-unit share 1.00, per-point share 0.00, median dP/vega ratio 0.0100, theta/day share 1.00)
15:47:34 voltium.loaders vega convention for /Users/andrew/Projects/quant-research/data_store/option_greeks_2018/CBRE.parquet: per_1.00_iv (per-unit share 1.00, per-point share 0.00, median dP/vega ratio 0.0099, theta/day share 1.00)
15:47:34 voltium.loaders vega convention for /Users/andrew/Projects/quant-research/data_store/option_greeks_2017/CCI.parquet: per_1.00_iv (per-unit share 1.00, per-point share 0.00, median dP/vega ratio 0.0100, theta/day share 1.00)
15:47:35 voltium.loaders vega convention for /Users/andrew/Projects/quant-research/data_store/option_greeks_2017/CCL.parquet: per_1.00_iv (per-unit share 1.00, per-point share 0.00, median dP/vega ratio 0.0100, theta/day share 1.00)
15:47:35 voltium.loaders vega convention for /Users/andrew/Projects/quant-research/data_store/option_greeks_2021/CDAY.parquet: per_1.00_iv (per-unit share 1.00, per-point share 0.00, median dP/vega ratio 0.0100, theta/day share 1.00)
15:47:35 voltium.loaders vega convention for /Users/andrew/Projects/quant-research/data_store/option_greeks_2017/CDNS.parquet: per_1.00_iv (per-unit share 1.00, per-point share 0.00, median dP/vega ratio 0.0100, theta/day share 1.00)
15:47:35 voltium.loaders vega convention for /Users/andrew/Projects/quant-research/data_store/option_greeks_2019/CDW.parquet: per_1.00_iv (per-unit share 1.00, per-point share 0.00, median dP/vega ratio 0.0100, theta/day share 1.00)
15:47:35 voltium.loaders vega convention for /Users/andrew/Projects/quant-research/data_store/option_greeks_2018/CE.parquet: per_1.00_iv (per-unit share 1.00, per-point share 0.00, median dP/vega ratio 0.0101, theta/day share 1.00)
15:47:35 voltium.loaders vega convention for /Users/andrew/Projects/quant-research/data_store/option_greeks_2022/CEG.parquet: per_1.00_iv (per-unit share 1.00, per-point share 0.00, median dP/vega ratio 0.0101, theta/day share 1.00)
15:47:35 voltium.loaders vega convention for /Users/andrew/Projects/quant-research/data_store/option_greeks_2017/CELG.parquet: per_1.00_iv (per-unit share 1.00, per-point share 0.00, median dP/vega ratio 0.0100, theta/day share 1.00)
15:47:35 voltium.loaders vega convention for /Users/andrew/Projects/quant-research/data_store/option_greeks_2017/CERN.parquet: per_1.00_iv (per-unit share 1.00, per-point share 0.00, median dP/vega ratio 0.0100, theta/day share 1.00)
15:47:35 voltium.loaders vega convention for /Users/andrew/Projects/quant-research/data_store/option_greeks_2017/CF.parquet: per_1.00_iv (per-unit share 1.00, per-point share 0.00, median dP/vega ratio 0.0100, theta/day share 1.00)
15:47:35 voltium.loaders vega convention for /Users/andrew/Projects/quant-research/data_store/option_greeks_2017/CFG.parquet: per_1.00_iv (per-unit share 1.00, per-point share 0.00, median dP/vega ratio 0.0100, theta/day share 1.00)
15:47:36 voltium.loaders vega convention for /Users/andrew/Projects/quant-research/data_store/option_greeks_2017/CHD.parquet: per_1.00_iv (per-unit share 1.00, per-point share 0.00, median dP/vega ratio 0.0100, theta/day share 1.00)
15:47:36 voltium.loaders vega convention for /Users/andrew/Projects/quant-research/data_store/option_greeks_2017/CHK.parquet: per_1.00_iv (per-unit share 1.00, per-point share 0.00, median dP/vega ratio 0.0100, theta/day share 1.00)
15:47:36 voltium.loaders vega convention for /Users/andrew/Projects/quant-research/data_store/option_greeks_2017/CHRW.parquet: per_1.00_iv (per-unit share 1.00, per-point share 0.00, median dP/vega ratio 0.0100, theta/day share 1.00)
15:47:36 voltium.loaders vega convention for /Users/andrew/Projects/quant-research/data_store/option_greeks_2017/CHTR.parquet: per_1.00_iv (per-unit share 1.00, per-point share 0.00, median dP/vega ratio 0.0100, theta/day share 1.00)
15:47:36 voltium.loaders vega convention for /Users/andrew/Projects/quant-research/data_store/option_greeks_2017/CI.parquet: per_1.00_iv (per-unit share 1.00, per-point share 0.00, median dP/vega ratio 0.0100, theta/day share 1.00)
15:47:37 voltium.loaders vega convention for /Users/andrew/Projects/quant-research/data_store/option_greeks_2017/CINF.parquet: per_1.00_iv (per-unit share 1.00, per-point share 0.00, median dP/vega ratio 0.0100, theta/day share 1.00)
15:47:37 voltium.loaders vega convention for /Users/andrew/Projects/quant-research/data_store/option_greeks_2017/CL.parquet: per_1.00_iv (per-unit share 1.00, per-point share 0.00, median dP/vega ratio 0.0101, theta/day share 1.00)
15:47:37 voltium.loaders vega convention for /Users/andrew/Projects/quant-research/data_store/option_greeks_2017/CLX.parquet: per_1.00_iv (per-unit share 1.00, per-point share 0.00, median dP/vega ratio 0.0101, theta/day share 1.00)
15:47:37 voltium.loaders vega convention for /Users/andrew/Projects/quant-research/data_store/option_greeks_2017/CMA.parquet: per_1.00_iv (per-unit share 1.00, per-point share 0.00, median dP/vega ratio 0.0100, theta/day share 1.00)
15:47:37 voltium.loaders vega convention for /Users/andrew/Projects/quant-research/data_store/option_greeks_2017/CMCSA.parquet: per_1.00_iv (per-unit share 1.00, per-point share 0.00, median dP/vega ratio 0.0100, theta/day share 1.00)
15:47:37 voltium.loaders vega convention for /Users/andrew/Projects/quant-research/data_store/option_greeks_2017/CME.parquet: per_1.00_iv (per-unit share 1.00, per-point share 0.00, median dP/vega ratio 0.0100, theta/day share 1.00)
15:47:37 voltium.loaders vega convention for /Users/andrew/Projects/quant-research/data_store/option_greeks_2017/CMG.parquet: per_1.00_iv (per-unit share 1.00, per-point share 0.00, median dP/vega ratio 0.0100, theta/day share 1.00)
15:47:38 voltium.loaders vega convention for /Users/andrew/Projects/quant-research/data_store/option_greeks_2017/CMI.parquet: per_1.00_iv (per-unit share 1.00, per-point share 0.00, median dP/vega ratio 0.0100, theta/day share 1.00)
15:47:38 voltium.loaders vega convention for /Users/andrew/Projects/quant-research/data_store/option_greeks_2017/CMS.parquet: per_1.00_iv (per-unit share 1.00, per-point share 0.00, median dP/vega ratio 0.0102, theta/day share 1.00)
15:47:38 voltium.loaders vega convention for /Users/andrew/Projects/quant-research/data_store/option_greeks_2017/CNC.parquet: per_1.00_iv (per-unit share 1.00, per-point share 0.00, median dP/vega ratio 0.0100, theta/day share 1.00)
15:47:38 voltium.loaders vega convention for /Users/andrew/Projects/quant-research/data_store/option_greeks_2017/CNP.parquet: per_1.00_iv (per-unit share 1.00, per-point share 0.00, median dP/vega ratio 0.0101, theta/day share 1.00)
15:47:38 voltium.loaders vega convention for /Users/andrew/Projects/quant-research/data_store/option_greeks_2017/COF.parquet: per_1.00_iv (per-unit share 1.00, per-point share 0.00, median dP/vega ratio 0.0100, theta/day share 1.00)
15:47:39 voltium.loaders vega convention for /Users/andrew/Projects/quant-research/data_store/option_greeks/COIN.parquet: per_1.00_iv (per-unit share 1.00, per-point share 0.00, median dP/vega ratio 0.0100, theta/day share 1.00)
15:47:39 voltium.loaders vega convention for /Users/andrew/Projects/quant-research/data_store/option_greeks_2017/COL.parquet: per_1.00_iv (per-unit share 1.00, per-point share 0.00, median dP/vega ratio 0.0100, theta/day share 1.00)
15:47:39 voltium.loaders vega convention for /Users/andrew/Projects/quant-research/data_store/option_greeks_2017/COO.parquet: per_1.00_iv (per-unit share 1.00, per-point share 0.00, median dP/vega ratio 0.0100, theta/day share 1.00)
15:47:39 voltium.loaders vega convention for /Users/andrew/Projects/quant-research/data_store/option_greeks_2017/COP.parquet: per_1.00_iv (per-unit share 1.00, per-point share 0.00, median dP/vega ratio 0.0100, theta/day share 1.00)
15:47:39 voltium.loaders vega convention for /Users/andrew/Projects/quant-research/data_store/option_greeks_2017/COR.parquet: per_1.00_iv (per-unit share 1.00, per-point share 0.00, median dP/vega ratio 0.0100, theta/day share 1.00)
15:47:39 voltium.loaders vega convention for /Users/andrew/Projects/quant-research/data_store/option_greeks_2017/COST.parquet: per_1.00_iv (per-unit share 1.00, per-point share 0.00, median dP/vega ratio 0.0100, theta/day share 1.00)
15:47:40 voltium.loaders vega convention for /Users/andrew/Projects/quant-research/data_store/option_greeks_2017/COTY.parquet: per_1.00_iv (per-unit share 1.00, per-point share 0.00, median dP/vega ratio 0.0100, theta/day share 1.00)
15:47:40 voltium.loaders vega convention for /Users/andrew/Projects/quant-research/data_store/option_greeks_2024/CPAY.parquet: per_1.00_iv (per-unit share 1.00, per-point share 0.00, median dP/vega ratio 0.0100, theta/day share 1.00)
15:47:40 voltium.loaders vega convention for /Users/andrew/Projects/quant-research/data_store/option_greeks_2017/CPB.parquet: per_1.00_iv (per-unit share 1.00, per-point share 0.00, median dP/vega ratio 0.0100, theta/day share 1.00)
15:47:40 voltium.loaders vega convention for /Users/andrew/Projects/quant-research/data_store/option_greeks_2019/CPRI.parquet: per_1.00_iv (per-unit share 1.00, per-point share 0.00, median dP/vega ratio 0.0100, theta/day share 1.00)
15:47:40 voltium.loaders vega convention for /Users/andrew/Projects/quant-research/data_store/option_greeks_2018/CPRT.parquet: per_1.00_iv (per-unit share 1.00, per-point share 0.00, median dP/vega ratio 0.0100, theta/day share 1.00)
15:47:40 voltium.loaders vega convention for /Users/andrew/Projects/quant-research/data_store/option_greeks_2022/CPT.parquet: per_1.00_iv (per-unit share 1.00, per-point share 0.00, median dP/vega ratio 0.0099, theta/day share 1.00)
15:47:40 voltium.loaders vega convention for /Users/andrew/Projects/quant-research/data_store/option_greeks_2021/CRL.parquet: per_1.00_iv (per-unit share 1.00, per-point share 0.00, median dP/vega ratio 0.0100, theta/day share 1.00)
15:47:40 voltium.loaders vega convention for /Users/andrew/Projects/quant-research/data_store/option_greeks_2017/CRM.parquet: per_1.00_iv (per-unit share 1.00, per-point share 0.00, median dP/vega ratio 0.0100, theta/day share 1.00)
15:47:40 voltium.loaders vega convention for /Users/andrew/Projects/quant-research/data_store/option_greeks_2024/CRWD.parquet: per_1.00_iv (per-unit share 1.00, per-point share 0.00, median dP/vega ratio 0.0100, theta/day share 1.00)
15:47:41 voltium.loaders vega convention for /Users/andrew/Projects/quant-research/data_store/option_greeks_2017/CSCO.parquet: per_1.00_iv (per-unit share 1.00, per-point share 0.00, median dP/vega ratio 0.0101, theta/day share 1.00)
15:47:41 voltium.loaders vega convention for /Users/andrew/Projects/quant-research/data_store/option_greeks_2022/CSGP.parquet: per_1.00_iv (per-unit share 1.00, per-point share 0.00, median dP/vega ratio 0.0100, theta/day share 1.00)
15:47:41 voltium.loaders vega convention for /Users/andrew/Projects/quant-research/data_store/option_greeks_2017/CSRA.parquet: per_1.00_iv (per-unit share 1.00, per-point share 0.00, median dP/vega ratio 0.0101, theta/day share 1.00)
15:47:41 voltium.loaders vega convention for /Users/andrew/Projects/quant-research/data_store/option_greeks_2017/CSX.parquet: per_1.00_iv (per-unit share 1.00, per-point share 0.00, median dP/vega ratio 0.0100, theta/day share 1.00)
15:47:41 voltium.loaders vega convention for /Users/andrew/Projects/quant-research/data_store/option_greeks_2017/CTAS.parquet: per_1.00_iv (per-unit share 1.00, per-point share 0.00, median dP/vega ratio 0.0100, theta/day share 1.00)
15:47:41 voltium.loaders vega convention for /Users/andrew/Projects/quant-research/data_store/option_greeks_2020/CTLT.parquet: per_1.00_iv (per-unit share 1.00, per-point share 0.00, median dP/vega ratio 0.0100, theta/day share 1.00)
15:47:41 voltium.loaders vega convention for /Users/andrew/Projects/quant-research/data_store/option_greeks_2019/CTRA.parquet: per_1.00_iv (per-unit share 1.00, per-point share 0.00, median dP/vega ratio 0.0100, theta/day share 1.00)
15:47:41 voltium.loaders vega convention for /Users/andrew/Projects/quant-research/data_store/option_greeks_2017/CTSH.parquet: per_1.00_iv (per-unit share 1.00, per-point share 0.00, median dP/vega ratio 0.0100, theta/day share 1.00)
15:47:41 voltium.loaders vega convention for /Users/andrew/Projects/quant-research/data_store/option_greeks_2019/CTVA.parquet: per_1.00_iv (per-unit share 1.00, per-point share 0.00, median dP/vega ratio 0.0100, theta/day share 1.00)
15:47:42 voltium.loaders vega convention for /Users/andrew/Projects/quant-research/data_store/option_greeks_2017/CTXS.parquet: per_1.00_iv (per-unit share 1.00, per-point share 0.00, median dP/vega ratio 0.0100, theta/day share 1.00)
15:47:42 voltium.loaders vega convention for /Users/andrew/Projects/quant-research/data_store/option_greeks_2017/CVS.parquet: per_1.00_iv (per-unit share 1.00, per-point share 0.00, median dP/vega ratio 0.0100, theta/day share 1.00)
15:47:42 voltium.loaders vega convention for /Users/andrew/Projects/quant-research/data_store/option_greeks_2017/CVX.parquet: per_1.00_iv (per-unit share 1.00, per-point share 0.00, median dP/vega ratio 0.0100, theta/day share 1.00)
15:47:42 voltium.loaders vega convention for /Users/andrew/Projects/quant-research/data_store/option_greeks_2017/CXO.parquet: per_1.00_iv (per-unit share 1.00, per-point share 0.00, median dP/vega ratio 0.0100, theta/day share 1.00)
15:47:42 voltium.loaders vega convention for /Users/andrew/Projects/quant-research/data_store/option_greeks_2021/CZR.parquet: per_1.00_iv (per-unit share 1.00, per-point share 0.00, median dP/vega ratio 0.0100, theta/day share 1.00)
15:47:42 voltium.loaders vega convention for /Users/andrew/Projects/quant-research/data_store/option_greeks_2017/D.parquet: per_1.00_iv (per-unit share 1.00, per-point share 0.00, median dP/vega ratio 0.0100, theta/day share 1.00)
15:47:42 voltium.loaders vega convention for /Users/andrew/Projects/quant-research/data_store/option_greeks_2017/DAL.parquet: per_1.00_iv (per-unit share 1.00, per-point share 0.00, median dP/vega ratio 0.0100, theta/day share 1.00)
15:47:43 voltium.loaders vega convention for /Users/andrew/Projects/quant-research/data_store/option_greeks/DASH.parquet: per_1.00_iv (per-unit share 1.00, per-point share 0.00, median dP/vega ratio 0.0100, theta/day share 1.00)
15:47:43 voltium.loaders vega convention for /Users/andrew/Projects/quant-research/data_store/option_greeks_2024/DAY.parquet: per_1.00_iv (per-unit share 1.00, per-point share 0.00, median dP/vega ratio 0.0100, theta/day share 1.00)
15:47:43 voltium.loaders vega convention for /Users/andrew/Projects/quant-research/data_store/option_greeks_2017/DD.parquet: per_1.00_iv (per-unit share 1.00, per-point share 0.00, median dP/vega ratio 0.0100, theta/day share 1.00)
15:47:43 voltium.loaders vega convention for /Users/andrew/Projects/quant-research/data_store/option_greeks/DDOG.parquet: per_1.00_iv (per-unit share 1.00, per-point share 0.00, median dP/vega ratio 0.0100, theta/day share 1.00)
15:47:43 voltium.loaders vega convention for /Users/andrew/Projects/quant-research/data_store/option_greeks_2017/DE.parquet: per_1.00_iv (per-unit share 1.00, per-point share 0.00, median dP/vega ratio 0.0100, theta/day share 1.00)
15:47:43 voltium.loaders vega convention for /Users/andrew/Projects/quant-research/data_store/option_greeks_2024/DECK.parquet: per_1.00_iv (per-unit share 1.00, per-point share 0.00, median dP/vega ratio 0.0100, theta/day share 1.00)
15:47:43 voltium.loaders vega convention for /Users/andrew/Projects/quant-research/data_store/option_greeks_2024/DELL.parquet: per_1.00_iv (per-unit share 1.00, per-point share 0.00, median dP/vega ratio 0.0100, theta/day share 1.00)
15:47:43 voltium.loaders vega convention for /Users/andrew/Projects/quant-research/data_store/option_greeks_2017/DFS.parquet: per_1.00_iv (per-unit share 1.00, per-point share 0.00, median dP/vega ratio 0.0100, theta/day share 1.00)
15:47:44 voltium.loaders vega convention for /Users/andrew/Projects/quant-research/data_store/option_greeks_2017/DG.parquet: per_1.00_iv (per-unit share 1.00, per-point share 0.00, median dP/vega ratio 0.0100, theta/day share 1.00)
15:47:44 voltium.loaders vega convention for /Users/andrew/Projects/quant-research/data_store/option_greeks_2017/DGX.parquet: per_1.00_iv (per-unit share 1.00, per-point share 0.00, median dP/vega ratio 0.0101, theta/day share 1.00)
15:47:44 voltium.loaders vega convention for /Users/andrew/Projects/quant-research/data_store/option_greeks_2017/DHI.parquet: per_1.00_iv (per-unit share 1.00, per-point share 0.00, median dP/vega ratio 0.0100, theta/day share 1.00)
15:47:44 voltium.loaders vega convention for /Users/andrew/Projects/quant-research/data_store/option_greeks_2017/DHR.parquet: per_1.00_iv (per-unit share 1.00, per-point share 0.00, median dP/vega ratio 0.0100, theta/day share 1.00)
15:47:44 voltium.loaders vega convention for /Users/andrew/Projects/quant-research/data_store/option_greeks_2017/DIS.parquet: per_1.00_iv (per-unit share 1.00, per-point share 0.00, median dP/vega ratio 0.0100, theta/day share 1.00)
15:47:44 voltium.loaders vega convention for /Users/andrew/Projects/quant-research/data_store/option_greeks_2017/DISCA.parquet: per_1.00_iv (per-unit share 1.00, per-point share 0.00, median dP/vega ratio 0.0101, theta/day share 1.00)
15:47:44 voltium.loaders vega convention for /Users/andrew/Projects/quant-research/data_store/option_greeks_2017/DISCK.parquet: per_1.00_iv (per-unit share 1.00, per-point share 0.00, median dP/vega ratio 0.0101, theta/day share 1.00)
15:47:45 voltium.loaders vega convention for /Users/andrew/Projects/quant-research/data_store/option_greeks_2017/DISH.parquet: per_1.00_iv (per-unit share 1.00, per-point share 0.00, median dP/vega ratio 0.0100, theta/day share 1.00)
15:47:45 voltium.loaders vega convention for /Users/andrew/Projects/quant-research/data_store/option_greeks_2017/DLR.parquet: per_1.00_iv (per-unit share 1.00, per-point share 0.00, median dP/vega ratio 0.0100, theta/day share 1.00)
15:47:45 voltium.loaders vega convention for /Users/andrew/Projects/quant-research/data_store/option_greeks_2017/DLTR.parquet: per_1.00_iv (per-unit share 1.00, per-point share 0.00, median dP/vega ratio 0.0100, theta/day share 1.00)
15:47:45 voltium.loaders vega convention for /Users/andrew/Projects/quant-research/data_store/option_greeks_2017/DOC.parquet: per_1.00_iv (per-unit share 1.00, per-point share 0.00, median dP/vega ratio 0.0102, theta/day share 1.00)
15:47:45 voltium.loaders vega convention for /Users/andrew/Projects/quant-research/data_store/option_greeks_2017/DOV.parquet: per_1.00_iv (per-unit share 1.00, per-point share 0.00, median dP/vega ratio 0.0101, theta/day share 1.00)
15:47:45 voltium.loaders vega convention for /Users/andrew/Projects/quant-research/data_store/option_greeks_2017/DOW.parquet: per_1.00_iv (per-unit share 1.00, per-point share 0.00, median dP/vega ratio 0.0100, theta/day share 1.00)
15:47:45 voltium.loaders vega convention for /Users/andrew/Projects/quant-research/data_store/option_greeks_2017/DPS.parquet: per_1.00_iv (per-unit share 1.00, per-point share 0.00, median dP/vega ratio 0.0100, theta/day share 1.00)
15:47:45 voltium.loaders vega convention for /Users/andrew/Projects/quant-research/data_store/option_greeks_2020/DPZ.parquet: per_1.00_iv (per-unit share 1.00, per-point share 0.00, median dP/vega ratio 0.0100, theta/day share 1.00)
15:47:45 voltium.loaders vega convention for /Users/andrew/Projects/quant-research/data_store/option_greeks_2017/DRE.parquet: per_1.00_iv (per-unit share 1.00, per-point share 0.00, median dP/vega ratio 0.0100, theta/day share 1.00)
15:47:45 voltium.loaders vega convention for /Users/andrew/Projects/quant-research/data_store/option_greeks_2017/DRI.parquet: per_1.00_iv (per-unit share 1.00, per-point share 0.00, median dP/vega ratio 0.0101, theta/day share 1.00)
15:47:46 voltium.loaders vega convention for /Users/andrew/Projects/quant-research/data_store/option_greeks_2017/DTE.parquet: per_1.00_iv (per-unit share 1.00, per-point share 0.00, median dP/vega ratio 0.0101, theta/day share 1.00)
15:47:46 voltium.loaders vega convention for /Users/andrew/Projects/quant-research/data_store/option_greeks_2017/DUK.parquet: per_1.00_iv (per-unit share 1.00, per-point share 0.00, median dP/vega ratio 0.0101, theta/day share 1.00)
15:47:46 voltium.loaders vega convention for /Users/andrew/Projects/quant-research/data_store/option_greeks_2017/DVA.parquet: per_1.00_iv (per-unit share 1.00, per-point share 0.00, median dP/vega ratio 0.0100, theta/day share 1.00)
15:47:46 voltium.loaders vega convention for /Users/andrew/Projects/quant-research/data_store/option_greeks_2017/DVN.parquet: per_1.00_iv (per-unit share 1.00, per-point share 0.00, median dP/vega ratio 0.0100, theta/day share 1.00)
15:47:46 voltium.loaders vega convention for /Users/andrew/Projects/quant-research/data_store/option_greeks_2017/DWDP.parquet: per_1.00_iv (per-unit share 1.00, per-point share 0.00, median dP/vega ratio 0.0100, theta/day share 1.00)
15:47:46 voltium.loaders vega convention for /Users/andrew/Projects/quant-research/data_store/option_greeks_2017/DXC.parquet: per_1.00_iv (per-unit share 1.00, per-point share 0.00, median dP/vega ratio 0.0100, theta/day share 1.00)
15:47:46 voltium.loaders vega convention for /Users/andrew/Projects/quant-research/data_store/option_greeks_2020/DXCM.parquet: per_1.00_iv (per-unit share 1.00, per-point share 0.00, median dP/vega ratio 0.0100, theta/day share 1.00)
15:47:46 voltium.loaders vega convention for /Users/andrew/Projects/quant-research/data_store/option_greeks_2017/EA.parquet: per_1.00_iv (per-unit share 1.00, per-point share 0.00, median dP/vega ratio 0.0100, theta/day share 1.00)
15:47:46 voltium.loaders vega convention for /Users/andrew/Projects/quant-research/data_store/option_greeks_2017/EBAY.parquet: per_1.00_iv (per-unit share 1.00, per-point share 0.00, median dP/vega ratio 0.0100, theta/day share 1.00)
15:47:46 voltium.providers.base materialize: 200/659 symbols
15:47:46 voltium.loaders vega convention for /Users/andrew/Projects/quant-research/data_store/option_greeks_2017/ECL.parquet: per_1.00_iv (per-unit share 1.00, per-point share 0.00, median dP/vega ratio 0.0100, theta/day share 1.00)
15:47:47 voltium.loaders vega convention for /Users/andrew/Projects/quant-research/data_store/option_greeks_2017/ED.parquet: per_1.00_iv (per-unit share 1.00, per-point share 0.00, median dP/vega ratio 0.0101, theta/day share 1.00)
15:47:47 voltium.loaders vega convention for /Users/andrew/Projects/quant-research/data_store/option_greeks_2017/EFX.parquet: per_1.00_iv (per-unit share 1.00, per-point share 0.00, median dP/vega ratio 0.0100, theta/day share 1.00)
15:47:47 voltium.loaders vega convention for /Users/andrew/Projects/quant-research/data_store/option_greeks_2023/EG.parquet: per_1.00_iv (per-unit share 1.00, per-point share 0.00, median dP/vega ratio 0.0100, theta/day share 1.00)
15:47:47 voltium.loaders vega convention for /Users/andrew/Projects/quant-research/data_store/option_greeks_2017/EIX.parquet: per_1.00_iv (per-unit share 1.00, per-point share 0.00, median dP/vega ratio 0.0100, theta/day share 1.00)
15:47:47 voltium.loaders vega convention for /Users/andrew/Projects/quant-research/data_store/option_greeks_2017/EL.parquet: per_1.00_iv (per-unit share 1.00, per-point share 0.00, median dP/vega ratio 0.0100, theta/day share 1.00)
15:47:47 voltium.loaders vega convention for /Users/andrew/Projects/quant-research/data_store/option_greeks_2022/ELV.parquet: per_1.00_iv (per-unit share 1.00, per-point share 0.00, median dP/vega ratio 0.0100, theta/day share 1.00)
15:47:47 voltium.loaders vega convention for /Users/andrew/Projects/quant-research/data_store/option_greeks/EME.parquet: per_1.00_iv (per-unit share 1.00, per-point share 0.00, median dP/vega ratio 0.0100, theta/day share 1.00)
15:47:47 voltium.loaders vega convention for /Users/andrew/Projects/quant-research/data_store/option_greeks_2017/EMN.parquet: per_1.00_iv (per-unit share 1.00, per-point share 0.00, median dP/vega ratio 0.0100, theta/day share 1.00)
15:47:47 voltium.loaders vega convention for /Users/andrew/Projects/quant-research/data_store/option_greeks_2017/EMR.parquet: per_1.00_iv (per-unit share 1.00, per-point share 0.00, median dP/vega ratio 0.0100, theta/day share 1.00)
15:47:47 voltium.loaders vega convention for /Users/andrew/Projects/quant-research/data_store/option_greeks_2021/ENPH.parquet: per_1.00_iv (per-unit share 1.00, per-point share 0.00, median dP/vega ratio 0.0100, theta/day share 1.00)
15:47:48 voltium.loaders vega convention for /Users/andrew/Projects/quant-research/data_store/option_greeks_2017/EOG.parquet: per_1.00_iv (per-unit share 1.00, per-point share 0.00, median dP/vega ratio 0.0100, theta/day share 1.00)
15:47:48 voltium.loaders vega convention for /Users/andrew/Projects/quant-research/data_store/option_greeks_2021/EPAM.parquet: per_1.00_iv (per-unit share 1.00, per-point share 0.00, median dP/vega ratio 0.0100, theta/day share 1.00)
15:47:48 voltium.loaders vega convention for /Users/andrew/Projects/quant-research/data_store/option_greeks_2017/EQIX.parquet: per_1.00_iv (per-unit share 1.00, per-point share 0.00, median dP/vega ratio 0.0100, theta/day share 1.00)
15:47:48 voltium.loaders vega convention for /Users/andrew/Projects/quant-research/data_store/option_greeks_2017/EQT.parquet: per_1.00_iv (per-unit share 1.00, per-point share 0.00, median dP/vega ratio 0.0100, theta/day share 1.00)
15:47:48 voltium.loaders vega convention for /Users/andrew/Projects/quant-research/data_store/option_greeks_2024/ERIE.parquet: per_1.00_iv (per-unit share 1.00, per-point share 0.00, median dP/vega ratio 0.0100, theta/day share 1.00)
15:47:48 voltium.loaders vega convention for /Users/andrew/Projects/quant-research/data_store/option_greeks_2017/ES.parquet: per_1.00_iv (per-unit share 1.00, per-point share 0.00, median dP/vega ratio 0.0100, theta/day share 1.00)
15:47:48 voltium.loaders vega convention for /Users/andrew/Projects/quant-research/data_store/option_greeks_2017/ESRX.parquet: per_1.00_iv (per-unit share 1.00, per-point share 0.00, median dP/vega ratio 0.0100, theta/day share 1.00)
15:47:48 voltium.loaders vega convention for /Users/andrew/Projects/quant-research/data_store/option_greeks_2017/ESS.parquet: per_1.00_iv (per-unit share 1.00, per-point share 0.00, median dP/vega ratio 0.0100, theta/day share 1.00)
15:47:48 voltium.loaders vega convention for /Users/andrew/Projects/quant-research/data_store/option_greeks_2017/ETFC.parquet: per_1.00_iv (per-unit share 1.00, per-point share 0.00, median dP/vega ratio 0.0100, theta/day share 1.00)
15:47:48 voltium.loaders vega convention for /Users/andrew/Projects/quant-research/data_store/option_greeks_2017/ETN.parquet: per_1.00_iv (per-unit share 1.00, per-point share 0.00, median dP/vega ratio 0.0100, theta/day share 1.00)
15:47:49 voltium.loaders vega convention for /Users/andrew/Projects/quant-research/data_store/option_greeks_2017/ETR.parquet: per_1.00_iv (per-unit share 1.00, per-point share 0.00, median dP/vega ratio 0.0101, theta/day share 1.00)
15:47:49 voltium.loaders vega convention for /Users/andrew/Projects/quant-research/data_store/option_greeks_2020/ETSY.parquet: per_1.00_iv (per-unit share 1.00, per-point share 0.00, median dP/vega ratio 0.0100, theta/day share 1.00)
15:47:49 voltium.loaders vega convention for /Users/andrew/Projects/quant-research/data_store/option_greeks_2017/EVHC.parquet: per_1.00_iv (per-unit share 1.00, per-point share 0.00, median dP/vega ratio 0.0100, theta/day share 1.00)
15:47:49 voltium.loaders vega convention for /Users/andrew/Projects/quant-research/data_store/option_greeks_2018/EVRG.parquet: per_1.00_iv (per-unit share 1.00, per-point share 0.00, median dP/vega ratio 0.0100, theta/day share 1.00)
15:47:49 voltium.loaders vega convention for /Users/andrew/Projects/quant-research/data_store/option_greeks_2017/EW.parquet: per_1.00_iv (per-unit share 1.00, per-point share 0.00, median dP/vega ratio 0.0100, theta/day share 1.00)
15:47:49 voltium.loaders vega convention for /Users/andrew/Projects/quant-research/data_store/option_greeks_2017/EXC.parquet: per_1.00_iv (per-unit share 1.00, per-point share 0.00, median dP/vega ratio 0.0101, theta/day share 1.00)
15:47:49 voltium.loaders vega convention for /Users/andrew/Projects/quant-research/data_store/option_greeks/EXE.parquet: per_1.00_iv (per-unit share 1.00, per-point share 0.00, median dP/vega ratio 0.0101, theta/day share 1.00)
15:47:49 voltium.loaders vega convention for /Users/andrew/Projects/quant-research/data_store/option_greeks_2017/EXPD.parquet: per_1.00_iv (per-unit share 1.00, per-point share 0.00, median dP/vega ratio 0.0100, theta/day share 1.00)
15:47:49 voltium.loaders vega convention for /Users/andrew/Projects/quant-research/data_store/option_greeks_2017/EXPE.parquet: per_1.00_iv (per-unit share 1.00, per-point share 0.00, median dP/vega ratio 0.0100, theta/day share 1.00)
15:47:49 voltium.loaders vega convention for /Users/andrew/Projects/quant-research/data_store/option_greeks_2017/EXR.parquet: per_1.00_iv (per-unit share 1.00, per-point share 0.00, median dP/vega ratio 0.0101, theta/day share 1.00)
15:47:50 voltium.loaders vega convention for /Users/andrew/Projects/quant-research/data_store/option_greeks_2017/F.parquet: per_1.00_iv (per-unit share 1.00, per-point share 0.00, median dP/vega ratio 0.0101, theta/day share 1.00)
15:47:50 voltium.loaders vega convention for /Users/andrew/Projects/quant-research/data_store/option_greeks_2018/FANG.parquet: per_1.00_iv (per-unit share 1.00, per-point share 0.00, median dP/vega ratio 0.0100, theta/day share 1.00)
15:47:50 voltium.loaders vega convention for /Users/andrew/Projects/quant-research/data_store/option_greeks_2017/FAST.parquet: per_1.00_iv (per-unit share 1.00, per-point share 0.00, median dP/vega ratio 0.0100, theta/day share 1.00)
15:47:50 voltium.loaders vega convention for /Users/andrew/Projects/quant-research/data_store/option_greeks_2017/FBHS.parquet: per_1.00_iv (per-unit share 1.00, per-point share 0.00, median dP/vega ratio 0.0100, theta/day share 1.00)
15:47:50 voltium.loaders vega convention for /Users/andrew/Projects/quant-research/data_store/option_greeks_2017/FCX.parquet: per_1.00_iv (per-unit share 1.00, per-point share 0.00, median dP/vega ratio 0.0100, theta/day share 1.00)
15:47:50 voltium.loaders vega convention for /Users/andrew/Projects/quant-research/data_store/option_greeks_2021/FDS.parquet: per_1.00_iv (per-unit share 1.00, per-point share 0.00, median dP/vega ratio 0.0100, theta/day share 1.00)
15:47:50 voltium.loaders vega convention for /Users/andrew/Projects/quant-research/data_store/option_greeks_2017/FDX.parquet: per_1.00_iv (per-unit share 1.00, per-point share 0.00, median dP/vega ratio 0.0100, theta/day share 1.00)
15:47:50 voltium.loaders vega convention for /Users/andrew/Projects/quant-research/data_store/option_greeks_2017/FE.parquet: per_1.00_iv (per-unit share 1.00, per-point share 0.00, median dP/vega ratio 0.0101, theta/day share 1.00)
15:47:50 voltium.loaders vega convention for /Users/andrew/Projects/quant-research/data_store/option_greeks_2017/FFIV.parquet: per_1.00_iv (per-unit share 1.00, per-point share 0.00, median dP/vega ratio 0.0100, theta/day share 1.00)
15:47:51 voltium.loaders vega convention for /Users/andrew/Projects/quant-research/data_store/option_greeks_2023/FICO.parquet: per_1.00_iv (per-unit share 1.00, per-point share 0.00, median dP/vega ratio 0.0101, theta/day share 1.00)
15:47:51 voltium.loaders vega convention for /Users/andrew/Projects/quant-research/data_store/option_greeks_2017/FIS.parquet: per_1.00_iv (per-unit share 1.00, per-point share 0.00, median dP/vega ratio 0.0101, theta/day share 1.00)
15:47:51 voltium.loaders vega convention for /Users/andrew/Projects/quant-research/data_store/option_greeks_2017/FISV.parquet: per_1.00_iv (per-unit share 1.00, per-point share 0.00, median dP/vega ratio 0.0100, theta/day share 1.00)
15:47:51 voltium.loaders vega convention for /Users/andrew/Projects/quant-research/data_store/option_greeks_2017/FITB.parquet: per_1.00_iv (per-unit share 1.00, per-point share 0.00, median dP/vega ratio 0.0100, theta/day share 1.00)
15:47:51 voltium.loaders vega convention for /Users/andrew/Projects/quant-research/data_store/option_greeks_2017/FL.parquet: per_1.00_iv (per-unit share 1.00, per-point share 0.00, median dP/vega ratio 0.0100, theta/day share 1.00)
15:47:51 voltium.loaders vega convention for /Users/andrew/Projects/quant-research/data_store/option_greeks_2017/FLIR.parquet: per_1.00_iv (per-unit share 1.00, per-point share 0.00, median dP/vega ratio 0.0100, theta/day share 1.00)
15:47:51 voltium.loaders vega convention for /Users/andrew/Projects/quant-research/data_store/option_greeks_2017/FLR.parquet: per_1.00_iv (per-unit share 1.00, per-point share 0.00, median dP/vega ratio 0.0100, theta/day share 1.00)
15:47:51 voltium.loaders vega convention for /Users/andrew/Projects/quant-research/data_store/option_greeks_2017/FLS.parquet: per_1.00_iv (per-unit share 1.00, per-point share 0.00, median dP/vega ratio 0.0100, theta/day share 1.00)
15:47:51 voltium.loaders vega convention for /Users/andrew/Projects/quant-research/data_store/option_greeks_2018/FLT.parquet: per_1.00_iv (per-unit share 1.00, per-point share 0.00, median dP/vega ratio 0.0099, theta/day share 1.00)
15:47:51 voltium.loaders vega convention for /Users/andrew/Projects/quant-research/data_store/option_greeks_2017/FMC.parquet: per_1.00_iv (per-unit share 1.00, per-point share 0.00, median dP/vega ratio 0.0100, theta/day share 1.00)
15:47:51 voltium.loaders vega convention for /Users/andrew/Projects/quant-research/data_store/option_greeks_2017/FOX.parquet: per_1.00_iv (per-unit share 1.00, per-point share 0.00, median dP/vega ratio 0.0101, theta/day share 1.00)
15:47:51 voltium.loaders vega convention for /Users/andrew/Projects/quant-research/data_store/option_greeks_2017/FOXA.parquet: per_1.00_iv (per-unit share 1.00, per-point share 0.00, median dP/vega ratio 0.0100, theta/day share 1.00)
15:47:51 voltium.loaders vega convention for /Users/andrew/Projects/quant-research/data_store/option_greeks_2019/FRC.parquet: per_1.00_iv (per-unit share 1.00, per-point share 0.00, median dP/vega ratio 0.0100, theta/day share 1.00)
15:47:51 voltium.loaders vega convention for /Users/andrew/Projects/quant-research/data_store/option_greeks_2017/FRT.parquet: per_1.00_iv (per-unit share 1.00, per-point share 0.00, median dP/vega ratio 0.0100, theta/day share 1.00)
15:47:52 voltium.loaders vega convention for /Users/andrew/Projects/quant-research/data_store/option_greeks_2017/FSLR.parquet: per_1.00_iv (per-unit share 1.00, per-point share 0.00, median dP/vega ratio 0.0100, theta/day share 1.00)
15:47:52 voltium.loaders vega convention for /Users/andrew/Projects/quant-research/data_store/option_greeks_2017/FTI.parquet: per_1.00_iv (per-unit share 1.00, per-point share 0.00, median dP/vega ratio 0.0100, theta/day share 1.00)
15:47:52 voltium.loaders vega convention for /Users/andrew/Projects/quant-research/data_store/option_greeks_2018/FTNT.parquet: per_1.00_iv (per-unit share 1.00, per-point share 0.00, median dP/vega ratio 0.0100, theta/day share 1.00)
15:47:52 voltium.loaders vega convention for /Users/andrew/Projects/quant-research/data_store/option_greeks_2017/FTV.parquet: per_1.00_iv (per-unit share 1.00, per-point share 0.00, median dP/vega ratio 0.0100, theta/day share 1.00)
15:47:52 voltium.loaders vega convention for /Users/andrew/Projects/quant-research/data_store/option_greeks_2017/GD.parquet: per_1.00_iv (per-unit share 1.00, per-point share 0.00, median dP/vega ratio 0.0100, theta/day share 1.00)
15:47:52 voltium.loaders vega convention for /Users/andrew/Projects/quant-research/data_store/option_greeks_2024/GDDY.parquet: per_1.00_iv (per-unit share 1.00, per-point share 0.00, median dP/vega ratio 0.0100, theta/day share 1.00)
15:47:52 voltium.loaders vega convention for /Users/andrew/Projects/quant-research/data_store/option_greeks_2017/GE.parquet: per_1.00_iv (per-unit share 1.00, per-point share 0.00, median dP/vega ratio 0.0101, theta/day share 1.00)
15:47:52 voltium.loaders vega convention for /Users/andrew/Projects/quant-research/data_store/option_greeks_2023/GEHC.parquet: per_1.00_iv (per-unit share 1.00, per-point share 0.00, median dP/vega ratio 0.0100, theta/day share 1.00)
15:47:52 voltium.loaders vega convention for /Users/andrew/Projects/quant-research/data_store/option_greeks_2017/GEN.parquet: per_1.00_iv (per-unit share 1.00, per-point share 0.00, median dP/vega ratio 0.0101, theta/day share 1.00)
15:47:52 voltium.loaders vega convention for /Users/andrew/Projects/quant-research/data_store/option_greeks_2024/GEV.parquet: per_1.00_iv (per-unit share 1.00, per-point share 0.00, median dP/vega ratio 0.0100, theta/day share 1.00)
15:47:52 voltium.loaders vega convention for /Users/andrew/Projects/quant-research/data_store/option_greeks_2017/GGP.parquet: per_1.00_iv (per-unit share 1.00, per-point share 0.00, median dP/vega ratio 0.0100, theta/day share 1.00)
15:47:53 voltium.loaders vega convention for /Users/andrew/Projects/quant-research/data_store/option_greeks_2017/GILD.parquet: per_1.00_iv (per-unit share 1.00, per-point share 0.00, median dP/vega ratio 0.0100, theta/day share 1.00)
15:47:53 voltium.loaders vega convention for /Users/andrew/Projects/quant-research/data_store/option_greeks_2017/GIS.parquet: per_1.00_iv (per-unit share 1.00, per-point share 0.00, median dP/vega ratio 0.0101, theta/day share 1.00)
15:47:53 voltium.loaders vega convention for /Users/andrew/Projects/quant-research/data_store/option_greeks_2019/GL.parquet: per_1.00_iv (per-unit share 1.00, per-point share 0.00, median dP/vega ratio 0.0100, theta/day share 1.00)
15:47:53 voltium.loaders vega convention for /Users/andrew/Projects/quant-research/data_store/option_greeks_2017/GLW.parquet: per_1.00_iv (per-unit share 1.00, per-point share 0.00, median dP/vega ratio 0.0100, theta/day share 1.00)
15:47:53 voltium.loaders vega convention for /Users/andrew/Projects/quant-research/data_store/option_greeks_2017/GM.parquet: per_1.00_iv (per-unit share 1.00, per-point share 0.00, median dP/vega ratio 0.0100, theta/day share 1.00)
15:47:53 voltium.loaders vega convention for /Users/andrew/Projects/quant-research/data_store/option_greeks_2021/GNRC.parquet: per_1.00_iv (per-unit share 1.00, per-point share 0.00, median dP/vega ratio 0.0100, theta/day share 1.00)
15:47:53 voltium.loaders vega convention for /Users/andrew/Projects/quant-research/data_store/option_greeks_2017/GOOG.parquet: per_1.00_iv (per-unit share 1.00, per-point share 0.00, median dP/vega ratio 0.0100, theta/day share 1.00)
15:47:54 voltium.loaders vega convention for /Users/andrew/Projects/quant-research/data_store/option_greeks_2017/GOOGL.parquet: per_1.00_iv (per-unit share 1.00, per-point share 0.00, median dP/vega ratio 0.0100, theta/day share 1.00)
15:47:55 voltium.loaders vega convention for /Users/andrew/Projects/quant-research/data_store/option_greeks_2017/GPC.parquet: per_1.00_iv (per-unit share 1.00, per-point share 0.00, median dP/vega ratio 0.0100, theta/day share 1.00)
15:47:55 voltium.loaders vega convention for /Users/andrew/Projects/quant-research/data_store/option_greeks_2017/GPN.parquet: per_1.00_iv (per-unit share 1.00, per-point share 0.00, median dP/vega ratio 0.0100, theta/day share 1.00)
15:47:55 voltium.loaders vega convention for /Users/andrew/Projects/quant-research/data_store/option_greeks_2017/GPS.parquet: per_1.00_iv (per-unit share 1.00, per-point share 0.00, median dP/vega ratio 0.0100, theta/day share 1.00)
15:47:55 voltium.loaders vega convention for /Users/andrew/Projects/quant-research/data_store/option_greeks_2017/GRMN.parquet: per_1.00_iv (per-unit share 1.00, per-point share 0.00, median dP/vega ratio 0.0100, theta/day share 1.00)
15:47:55 voltium.loaders vega convention for /Users/andrew/Projects/quant-research/data_store/option_greeks_2017/GS.parquet: per_1.00_iv (per-unit share 1.00, per-point share 0.00, median dP/vega ratio 0.0100, theta/day share 1.00)
15:47:55 voltium.loaders vega convention for /Users/andrew/Projects/quant-research/data_store/option_greeks_2017/GT.parquet: per_1.00_iv (per-unit share 1.00, per-point share 0.00, median dP/vega ratio 0.0100, theta/day share 1.00)
15:47:55 voltium.loaders vega convention for /Users/andrew/Projects/quant-research/data_store/option_greeks_2017/GWW.parquet: per_1.00_iv (per-unit share 1.00, per-point share 0.00, median dP/vega ratio 0.0100, theta/day share 1.00)
15:47:55 voltium.loaders vega convention for /Users/andrew/Projects/quant-research/data_store/option_greeks_2017/HAL.parquet: per_1.00_iv (per-unit share 1.00, per-point share 0.00, median dP/vega ratio 0.0100, theta/day share 1.00)
15:47:56 voltium.loaders vega convention for /Users/andrew/Projects/quant-research/data_store/option_greeks_2017/HAS.parquet: per_1.00_iv (per-unit share 1.00, per-point share 0.00, median dP/vega ratio 0.0100, theta/day share 1.00)
15:47:56 voltium.loaders vega convention for /Users/andrew/Projects/quant-research/data_store/option_greeks_2017/HBAN.parquet: per_1.00_iv (per-unit share 1.00, per-point share 0.00, median dP/vega ratio 0.0101, theta/day share 1.00)
15:47:56 voltium.loaders vega convention for /Users/andrew/Projects/quant-research/data_store/option_greeks_2017/HBI.parquet: per_1.00_iv (per-unit share 1.00, per-point share 0.00, median dP/vega ratio 0.0100, theta/day share 1.00)
15:47:56 voltium.loaders vega convention for /Users/andrew/Projects/quant-research/data_store/option_greeks_2017/HCA.parquet: per_1.00_iv (per-unit share 1.00, per-point share 0.00, median dP/vega ratio 0.0100, theta/day share 1.00)
15:47:56 voltium.loaders vega convention for /Users/andrew/Projects/quant-research/data_store/option_greeks_2017/HD.parquet: per_1.00_iv (per-unit share 1.00, per-point share 0.00, median dP/vega ratio 0.0100, theta/day share 1.00)
15:47:56 voltium.loaders vega convention for /Users/andrew/Projects/quant-research/data_store/option_greeks_2017/HES.parquet: per_1.00_iv (per-unit share 1.00, per-point share 0.00, median dP/vega ratio 0.0100, theta/day share 1.00)
15:47:56 voltium.loaders vega convention for /Users/andrew/Projects/quant-research/data_store/option_greeks_2018/HFC.parquet: per_1.00_iv (per-unit share 1.00, per-point share 0.00, median dP/vega ratio 0.0100, theta/day share 1.00)
15:47:57 voltium.loaders vega convention for /Users/andrew/Projects/quant-research/data_store/option_greeks_2017/HIG.parquet: per_1.00_iv (per-unit share 1.00, per-point share 0.00, median dP/vega ratio 0.0100, theta/day share 1.00)
15:47:57 voltium.loaders vega convention for /Users/andrew/Projects/quant-research/data_store/option_greeks_2018/HII.parquet: per_1.00_iv (per-unit share 1.00, per-point share 0.00, median dP/vega ratio 0.0100, theta/day share 1.00)
15:47:57 voltium.loaders vega convention for /Users/andrew/Projects/quant-research/data_store/option_greeks_2017/HLT.parquet: per_1.00_iv (per-unit share 1.00, per-point share 0.00, median dP/vega ratio 0.0101, theta/day share 1.00)
15:47:57 voltium.loaders vega convention for /Users/andrew/Projects/quant-research/data_store/option_greeks_2017/HOG.parquet: per_1.00_iv (per-unit share 1.00, per-point share 0.00, median dP/vega ratio 0.0100, theta/day share 1.00)
15:47:57 voltium.loaders vega convention for /Users/andrew/Projects/quant-research/data_store/option_greeks_2017/HOLX.parquet: per_1.00_iv (per-unit share 1.00, per-point share 0.00, median dP/vega ratio 0.0100, theta/day share 1.00)
15:47:57 voltium.loaders vega convention for /Users/andrew/Projects/quant-research/data_store/option_greeks_2017/HON.parquet: per_1.00_iv (per-unit share 1.00, per-point share 0.00, median dP/vega ratio 0.0100, theta/day share 1.00)
15:47:57 voltium.loaders vega convention for /Users/andrew/Projects/quant-research/data_store/option_greeks/HOOD.parquet: per_1.00_iv (per-unit share 1.00, per-point share 0.00, median dP/vega ratio 0.0100, theta/day share 1.00)
15:47:57 voltium.loaders vega convention for /Users/andrew/Projects/quant-research/data_store/option_greeks_2017/HP.parquet: per_1.00_iv (per-unit share 1.00, per-point share 0.00, median dP/vega ratio 0.0100, theta/day share 1.00)
15:47:57 voltium.loaders vega convention for /Users/andrew/Projects/quant-research/data_store/option_greeks_2017/HPE.parquet: per_1.00_iv (per-unit share 1.00, per-point share 0.00, median dP/vega ratio 0.0100, theta/day share 1.00)
15:47:57 voltium.loaders vega convention for /Users/andrew/Projects/quant-research/data_store/option_greeks_2017/HPQ.parquet: per_1.00_iv (per-unit share 1.00, per-point share 0.00, median dP/vega ratio 0.0100, theta/day share 1.00)
15:47:58 voltium.loaders vega convention for /Users/andrew/Projects/quant-research/data_store/option_greeks_2017/HRB.parquet: per_1.00_iv (per-unit share 1.00, per-point share 0.00, median dP/vega ratio 0.0101, theta/day share 1.00)
15:47:58 voltium.loaders vega convention for /Users/andrew/Projects/quant-research/data_store/option_greeks_2017/HRL.parquet: per_1.00_iv (per-unit share 1.00, per-point share 0.00, median dP/vega ratio 0.0100, theta/day share 1.00)
15:47:58 voltium.providers.base materialize: 300/659 symbols
15:47:58 voltium.loaders vega convention for /Users/andrew/Projects/quant-research/data_store/option_greeks_2017/HSIC.parquet: per_1.00_iv (per-unit share 1.00, per-point share 0.00, median dP/vega ratio 0.0100, theta/day share 1.00)
15:47:58 voltium.loaders vega convention for /Users/andrew/Projects/quant-research/data_store/option_greeks_2017/HST.parquet: per_1.00_iv (per-unit share 1.00, per-point share 0.00, median dP/vega ratio 0.0101, theta/day share 1.00)
15:47:58 voltium.loaders vega convention for /Users/andrew/Projects/quant-research/data_store/option_greeks_2017/HSY.parquet: per_1.00_iv (per-unit share 1.00, per-point share 0.00, median dP/vega ratio 0.0100, theta/day share 1.00)
15:47:58 voltium.loaders vega convention for /Users/andrew/Projects/quant-research/data_store/option_greeks_2023/HUBB.parquet: per_1.00_iv (per-unit share 1.00, per-point share 0.00, median dP/vega ratio 0.0101, theta/day share 1.00)
15:47:58 voltium.loaders vega convention for /Users/andrew/Projects/quant-research/data_store/option_greeks_2017/HUM.parquet: per_1.00_iv (per-unit share 1.00, per-point share 0.00, median dP/vega ratio 0.0100, theta/day share 1.00)
15:47:58 voltium.loaders vega convention for /Users/andrew/Projects/quant-research/data_store/option_greeks_2020/HWM.parquet: per_1.00_iv (per-unit share 1.00, per-point share 0.00, median dP/vega ratio 0.0100, theta/day share 1.00)
15:47:58 voltium.loaders vega convention for /Users/andrew/Projects/quant-research/data_store/option_greeks/IBKR.parquet: per_1.00_iv (per-unit share 1.00, per-point share 0.00, median dP/vega ratio 0.0101, theta/day share 1.00)
15:47:58 voltium.loaders vega convention for /Users/andrew/Projects/quant-research/data_store/option_greeks_2017/IBM.parquet: per_1.00_iv (per-unit share 1.00, per-point share 0.00, median dP/vega ratio 0.0101, theta/day share 1.00)
15:47:59 voltium.loaders vega convention for /Users/andrew/Projects/quant-research/data_store/option_greeks_2017/ICE.parquet: per_1.00_iv (per-unit share 1.00, per-point share 0.00, median dP/vega ratio 0.0100, theta/day share 1.00)
15:47:59 voltium.loaders vega convention for /Users/andrew/Projects/quant-research/data_store/option_greeks_2017/IDXX.parquet: per_1.00_iv (per-unit share 1.00, per-point share 0.00, median dP/vega ratio 0.0100, theta/day share 1.00)
15:47:59 voltium.loaders vega convention for /Users/andrew/Projects/quant-research/data_store/option_greeks_2019/IEX.parquet: per_1.00_iv (per-unit share 1.00, per-point share 0.00, median dP/vega ratio 0.0100, theta/day share 1.00)
15:47:59 voltium.loaders vega convention for /Users/andrew/Projects/quant-research/data_store/option_greeks_2017/IFF.parquet: per_1.00_iv (per-unit share 1.00, per-point share 0.00, median dP/vega ratio 0.0100, theta/day share 1.00)
15:47:59 voltium.loaders vega convention for /Users/andrew/Projects/quant-research/data_store/option_greeks_2017/ILMN.parquet: per_1.00_iv (per-unit share 1.00, per-point share 0.00, median dP/vega ratio 0.0100, theta/day share 1.00)
15:47:59 voltium.loaders vega convention for /Users/andrew/Projects/quant-research/data_store/option_greeks_2017/INCY.parquet: per_1.00_iv (per-unit share 1.00, per-point share 0.00, median dP/vega ratio 0.0100, theta/day share 1.00)
15:47:59 voltium.loaders vega convention for /Users/andrew/Projects/quant-research/data_store/option_greeks_2017/INFO.parquet: per_1.00_iv (per-unit share 1.00, per-point share 0.00, median dP/vega ratio 0.0101, theta/day share 1.00)
15:47:59 voltium.loaders vega convention for /Users/andrew/Projects/quant-research/data_store/option_greeks_2017/INTC.parquet: per_1.00_iv (per-unit share 1.00, per-point share 0.00, median dP/vega ratio 0.0100, theta/day share 1.00)
15:48:00 voltium.loaders vega convention for /Users/andrew/Projects/quant-research/data_store/option_greeks_2017/INTU.parquet: per_1.00_iv (per-unit share 1.00, per-point share 0.00, median dP/vega ratio 0.0100, theta/day share 1.00)
15:48:00 voltium.loaders vega convention for /Users/andrew/Projects/quant-research/data_store/option_greeks_2022/INVH.parquet: per_1.00_iv (per-unit share 1.00, per-point share 0.00, median dP/vega ratio 0.0100, theta/day share 1.00)
15:48:00 voltium.loaders vega convention for /Users/andrew/Projects/quant-research/data_store/option_greeks_2017/IP.parquet: per_1.00_iv (per-unit share 1.00, per-point share 0.00, median dP/vega ratio 0.0100, theta/day share 1.00)
15:48:00 voltium.loaders vega convention for /Users/andrew/Projects/quant-research/data_store/option_greeks_2017/IPG.parquet: per_1.00_iv (per-unit share 1.00, per-point share 0.00, median dP/vega ratio 0.0101, theta/day share 1.00)
15:48:00 voltium.loaders vega convention for /Users/andrew/Projects/quant-research/data_store/option_greeks_2018/IPGP.parquet: per_1.00_iv (per-unit share 1.00, per-point share 0.00, median dP/vega ratio 0.0100, theta/day share 1.00)
15:48:00 voltium.loaders vega convention for /Users/andrew/Projects/quant-research/data_store/option_greeks_2017/IQV.parquet: per_1.00_iv (per-unit share 1.00, per-point share 0.00, median dP/vega ratio 0.0099, theta/day share 1.00)
15:48:00 voltium.loaders vega convention for /Users/andrew/Projects/quant-research/data_store/option_greeks_2020/IR.parquet: per_1.00_iv (per-unit share 1.00, per-point share 0.00, median dP/vega ratio 0.0100, theta/day share 1.00)
15:48:00 voltium.loaders vega convention for /Users/andrew/Projects/quant-research/data_store/option_greeks_2017/IRM.parquet: per_1.00_iv (per-unit share 1.00, per-point share 0.00, median dP/vega ratio 0.0101, theta/day share 1.00)
15:48:00 voltium.loaders vega convention for /Users/andrew/Projects/quant-research/data_store/option_greeks_2017/ISRG.parquet: per_1.00_iv (per-unit share 1.00, per-point share 0.00, median dP/vega ratio 0.0100, theta/day share 1.00)
15:48:01 voltium.loaders vega convention for /Users/andrew/Projects/quant-research/data_store/option_greeks_2017/IT.parquet: per_1.00_iv (per-unit share 1.00, per-point share 0.00, median dP/vega ratio 0.0100, theta/day share 1.00)
15:48:01 voltium.loaders vega convention for /Users/andrew/Projects/quant-research/data_store/option_greeks_2017/ITW.parquet: per_1.00_iv (per-unit share 1.00, per-point share 0.00, median dP/vega ratio 0.0100, theta/day share 1.00)
15:48:01 voltium.loaders vega convention for /Users/andrew/Projects/quant-research/data_store/option_greeks_2017/IVZ.parquet: per_1.00_iv (per-unit share 1.00, per-point share 0.00, median dP/vega ratio 0.0100, theta/day share 1.00)
15:48:01 voltium.loaders vega convention for /Users/andrew/Projects/quant-research/data_store/option_greeks_2019/J.parquet: per_1.00_iv (per-unit share 1.00, per-point share 0.00, median dP/vega ratio 0.0100, theta/day share 1.00)
15:48:01 voltium.loaders vega convention for /Users/andrew/Projects/quant-research/data_store/option_greeks_2017/JBHT.parquet: per_1.00_iv (per-unit share 1.00, per-point share 0.00, median dP/vega ratio 0.0100, theta/day share 1.00)
15:48:01 voltium.loaders vega convention for /Users/andrew/Projects/quant-research/data_store/option_greeks_2023/JBL.parquet: per_1.00_iv (per-unit share 1.00, per-point share 0.00, median dP/vega ratio 0.0101, theta/day share 1.00)
15:48:01 voltium.loaders vega convention for /Users/andrew/Projects/quant-research/data_store/option_greeks_2017/JCI.parquet: per_1.00_iv (per-unit share 1.00, per-point share 0.00, median dP/vega ratio 0.0100, theta/day share 1.00)
15:48:01 voltium.loaders vega convention for /Users/andrew/Projects/quant-research/data_store/option_greeks_2018/JEF.parquet: per_1.00_iv (per-unit share 1.00, per-point share 0.00, median dP/vega ratio 0.0100, theta/day share 1.00)
15:48:01 voltium.loaders vega convention for /Users/andrew/Projects/quant-research/data_store/option_greeks_2018/JKHY.parquet: per_1.00_iv (per-unit share 1.00, per-point share 0.00, median dP/vega ratio 0.0100, theta/day share 1.00)
15:48:01 voltium.loaders vega convention for /Users/andrew/Projects/quant-research/data_store/option_greeks_2017/JNJ.parquet: per_1.00_iv (per-unit share 1.00, per-point share 0.00, median dP/vega ratio 0.0101, theta/day share 1.00)
15:48:02 voltium.loaders vega convention for /Users/andrew/Projects/quant-research/data_store/option_greeks_2017/JNPR.parquet: per_1.00_iv (per-unit share 1.00, per-point share 0.00, median dP/vega ratio 0.0100, theta/day share 1.00)
15:48:02 voltium.loaders vega convention for /Users/andrew/Projects/quant-research/data_store/option_greeks_2017/JPM.parquet: per_1.00_iv (per-unit share 1.00, per-point share 0.00, median dP/vega ratio 0.0100, theta/day share 1.00)
15:48:02 voltium.loaders vega convention for /Users/andrew/Projects/quant-research/data_store/option_greeks_2017/JWN.parquet: per_1.00_iv (per-unit share 1.00, per-point share 0.00, median dP/vega ratio 0.0101, theta/day share 1.00)
15:48:02 voltium.loaders vega convention for /Users/andrew/Projects/quant-research/data_store/option_greeks_2017/K.parquet: per_1.00_iv (per-unit share 1.00, per-point share 0.00, median dP/vega ratio 0.0101, theta/day share 1.00)
15:48:02 voltium.loaders vega convention for /Users/andrew/Projects/quant-research/data_store/option_greeks_2022/KDP.parquet: per_1.00_iv (per-unit share 1.00, per-point share 0.00, median dP/vega ratio 0.0101, theta/day share 1.00)
15:48:02 voltium.loaders vega convention for /Users/andrew/Projects/quant-research/data_store/option_greeks_2017/KEY.parquet: per_1.00_iv (per-unit share 1.00, per-point share 0.00, median dP/vega ratio 0.0100, theta/day share 1.00)
15:48:02 voltium.loaders vega convention for /Users/andrew/Projects/quant-research/data_store/option_greeks_2018/KEYS.parquet: per_1.00_iv (per-unit share 1.00, per-point share 0.00, median dP/vega ratio 0.0100, theta/day share 1.00)
15:48:02 voltium.loaders vega convention for /Users/andrew/Projects/quant-research/data_store/option_greeks_2017/KHC.parquet: per_1.00_iv (per-unit share 1.00, per-point share 0.00, median dP/vega ratio 0.0100, theta/day share 1.00)
15:48:03 voltium.loaders vega convention for /Users/andrew/Projects/quant-research/data_store/option_greeks_2017/KIM.parquet: per_1.00_iv (per-unit share 1.00, per-point share 0.00, median dP/vega ratio 0.0100, theta/day share 1.00)
15:48:03 voltium.loaders vega convention for /Users/andrew/Projects/quant-research/data_store/option_greeks_2024/KKR.parquet: per_1.00_iv (per-unit share 1.00, per-point share 0.00, median dP/vega ratio 0.0100, theta/day share 1.00)
15:48:03 voltium.loaders vega convention for /Users/andrew/Projects/quant-research/data_store/option_greeks_2017/KLAC.parquet: per_1.00_iv (per-unit share 1.00, per-point share 0.00, median dP/vega ratio 0.0100, theta/day share 1.00)
15:48:03 voltium.loaders vega convention for /Users/andrew/Projects/quant-research/data_store/option_greeks_2017/KMB.parquet: per_1.00_iv (per-unit share 1.00, per-point share 0.00, median dP/vega ratio 0.0101, theta/day share 1.00)
15:48:03 voltium.loaders vega convention for /Users/andrew/Projects/quant-research/data_store/option_greeks_2017/KMI.parquet: per_1.00_iv (per-unit share 1.00, per-point share 0.00, median dP/vega ratio 0.0100, theta/day share 1.00)
15:48:03 voltium.loaders vega convention for /Users/andrew/Projects/quant-research/data_store/option_greeks_2017/KMX.parquet: per_1.00_iv (per-unit share 1.00, per-point share 0.00, median dP/vega ratio 0.0100, theta/day share 1.00)
15:48:03 voltium.loaders vega convention for /Users/andrew/Projects/quant-research/data_store/option_greeks_2017/KO.parquet: per_1.00_iv (per-unit share 1.00, per-point share 0.00, median dP/vega ratio 0.0100, theta/day share 1.00)
15:48:03 voltium.loaders vega convention for /Users/andrew/Projects/quant-research/data_store/option_greeks_2017/KR.parquet: per_1.00_iv (per-unit share 1.00, per-point share 0.00, median dP/vega ratio 0.0101, theta/day share 1.00)
15:48:04 voltium.loaders vega convention for /Users/andrew/Projects/quant-research/data_store/option_greeks_2017/KSS.parquet: per_1.00_iv (per-unit share 1.00, per-point share 0.00, median dP/vega ratio 0.0101, theta/day share 1.00)
15:48:04 voltium.loaders vega convention for /Users/andrew/Projects/quant-research/data_store/option_greeks_2017/KSU.parquet: per_1.00_iv (per-unit share 1.00, per-point share 0.00, median dP/vega ratio 0.0100, theta/day share 1.00)
15:48:04 voltium.loaders vega convention for /Users/andrew/Projects/quant-research/data_store/option_greeks_2023/KVUE.parquet: per_1.00_iv (per-unit share 1.00, per-point share 0.00, median dP/vega ratio 0.0100, theta/day share 1.00)
15:48:04 voltium.loaders vega convention for /Users/andrew/Projects/quant-research/data_store/option_greeks_2017/L.parquet: per_1.00_iv (per-unit share 1.00, per-point share 0.00, median dP/vega ratio 0.0100, theta/day share 1.00)
15:48:04 voltium.loaders vega convention for /Users/andrew/Projects/quant-research/data_store/option_greeks_2019/LDOS.parquet: per_1.00_iv (per-unit share 1.00, per-point share 0.00, median dP/vega ratio 0.0101, theta/day share 1.00)
15:48:04 voltium.loaders vega convention for /Users/andrew/Projects/quant-research/data_store/option_greeks_2017/LEG.parquet: per_1.00_iv (per-unit share 1.00, per-point share 0.00, median dP/vega ratio 0.0101, theta/day share 1.00)
15:48:04 voltium.loaders vega convention for /Users/andrew/Projects/quant-research/data_store/option_greeks_2017/LEN.parquet: per_1.00_iv (per-unit share 1.00, per-point share 0.00, median dP/vega ratio 0.0100, theta/day share 1.00)
15:48:04 voltium.loaders vega convention for /Users/andrew/Projects/quant-research/data_store/option_greeks_2017/LH.parquet: per_1.00_iv (per-unit share 1.00, per-point share 0.00, median dP/vega ratio 0.0100, theta/day share 1.00)
15:48:04 voltium.loaders vega convention for /Users/andrew/Projects/quant-research/data_store/option_greeks_2019/LHX.parquet: per_1.00_iv (per-unit share 1.00, per-point share 0.00, median dP/vega ratio 0.0100, theta/day share 1.00)
15:48:04 voltium.loaders vega convention for /Users/andrew/Projects/quant-research/data_store/option_greeks_2024/LII.parquet: per_1.00_iv (per-unit share 1.00, per-point share 0.00, median dP/vega ratio 0.0100, theta/day share 1.00)
15:48:04 voltium.loaders vega convention for /Users/andrew/Projects/quant-research/data_store/option_greeks_2018/LIN.parquet: per_1.00_iv (per-unit share 1.00, per-point share 0.00, median dP/vega ratio 0.0100, theta/day share 1.00)
15:48:05 voltium.loaders vega convention for /Users/andrew/Projects/quant-research/data_store/option_greeks_2017/LKQ.parquet: per_1.00_iv (per-unit share 1.00, per-point share 0.00, median dP/vega ratio 0.0100, theta/day share 1.00)
15:48:05 voltium.loaders vega convention for /Users/andrew/Projects/quant-research/data_store/option_greeks_2017/LLL.parquet: per_1.00_iv (per-unit share 1.00, per-point share 0.00, median dP/vega ratio 0.0100, theta/day share 1.00)
15:48:05 voltium.loaders vega convention for /Users/andrew/Projects/quant-research/data_store/option_greeks_2017/LLY.parquet: per_1.00_iv (per-unit share 1.00, per-point share 0.00, median dP/vega ratio 0.0100, theta/day share 1.00)
15:48:05 voltium.loaders vega convention for /Users/andrew/Projects/quant-research/data_store/option_greeks_2017/LMT.parquet: per_1.00_iv (per-unit share 1.00, per-point share 0.00, median dP/vega ratio 0.0100, theta/day share 1.00)
15:48:05 voltium.loaders vega convention for /Users/andrew/Projects/quant-research/data_store/option_greeks_2017/LNC.parquet: per_1.00_iv (per-unit share 1.00, per-point share 0.00, median dP/vega ratio 0.0100, theta/day share 1.00)
15:48:05 voltium.loaders vega convention for /Users/andrew/Projects/quant-research/data_store/option_greeks_2017/LNT.parquet: per_1.00_iv (per-unit share 1.00, per-point share 0.00, median dP/vega ratio 0.0100, theta/day share 1.00)
15:48:05 voltium.loaders vega convention for /Users/andrew/Projects/quant-research/data_store/option_greeks_2017/LOW.parquet: per_1.00_iv (per-unit share 1.00, per-point share 0.00, median dP/vega ratio 0.0100, theta/day share 1.00)
15:48:05 voltium.loaders vega convention for /Users/andrew/Projects/quant-research/data_store/option_greeks_2017/LRCX.parquet: per_1.00_iv (per-unit share 1.00, per-point share 0.00, median dP/vega ratio 0.0100, theta/day share 1.00)
15:48:06 voltium.loaders vega convention for /Users/andrew/Projects/quant-research/data_store/option_greeks_2023/LULU.parquet: per_1.00_iv (per-unit share 1.00, per-point share 0.00, median dP/vega ratio 0.0100, theta/day share 1.00)
15:48:06 voltium.loaders vega convention for /Users/andrew/Projects/quant-research/data_store/option_greeks_2020/LUMN.parquet: per_1.00_iv (per-unit share 1.00, per-point share 0.00, median dP/vega ratio 0.0100, theta/day share 1.00)
15:48:06 voltium.loaders vega convention for /Users/andrew/Projects/quant-research/data_store/option_greeks_2017/LUV.parquet: per_1.00_iv (per-unit share 1.00, per-point share 0.00, median dP/vega ratio 0.0100, theta/day share 1.00)
15:48:06 voltium.loaders vega convention for /Users/andrew/Projects/quant-research/data_store/option_greeks_2017/LVLT.parquet: per_1.00_iv (per-unit share 1.00, per-point share 0.00, median dP/vega ratio 0.0100, theta/day share 1.00)
15:48:06 voltium.loaders vega convention for /Users/andrew/Projects/quant-research/data_store/option_greeks_2019/LVS.parquet: per_1.00_iv (per-unit share 1.00, per-point share 0.00, median dP/vega ratio 0.0100, theta/day share 1.00)
15:48:06 voltium.loaders vega convention for /Users/andrew/Projects/quant-research/data_store/option_greeks_2018/LW.parquet: per_1.00_iv (per-unit share 1.00, per-point share 0.00, median dP/vega ratio 0.0101, theta/day share 1.00)
15:48:06 voltium.loaders vega convention for /Users/andrew/Projects/quant-research/data_store/option_greeks_2017/LYB.parquet: per_1.00_iv (per-unit share 1.00, per-point share 0.00, median dP/vega ratio 0.0100, theta/day share 1.00)
15:48:06 voltium.loaders vega convention for /Users/andrew/Projects/quant-research/data_store/option_greeks_2019/LYV.parquet: per_1.00_iv (per-unit share 1.00, per-point share 0.00, median dP/vega ratio 0.0100, theta/day share 1.00)
15:48:07 voltium.loaders vega convention for /Users/andrew/Projects/quant-research/data_store/option_greeks_2017/M.parquet: per_1.00_iv (per-unit share 1.00, per-point share 0.00, median dP/vega ratio 0.0100, theta/day share 1.00)
15:48:07 voltium.loaders vega convention for /Users/andrew/Projects/quant-research/data_store/option_greeks_2017/MA.parquet: per_1.00_iv (per-unit share 1.00, per-point share 0.00, median dP/vega ratio 0.0100, theta/day share 1.00)
15:48:07 voltium.loaders vega convention for /Users/andrew/Projects/quant-research/data_store/option_greeks_2017/MAA.parquet: per_1.00_iv (per-unit share 1.00, per-point share 0.00, median dP/vega ratio 0.0101, theta/day share 1.00)
15:48:07 voltium.loaders vega convention for /Users/andrew/Projects/quant-research/data_store/option_greeks_2017/MAC.parquet: per_1.00_iv (per-unit share 1.00, per-point share 0.00, median dP/vega ratio 0.0101, theta/day share 1.00)
15:48:07 voltium.loaders vega convention for /Users/andrew/Projects/quant-research/data_store/option_greeks_2017/MAR.parquet: per_1.00_iv (per-unit share 1.00, per-point share 0.00, median dP/vega ratio 0.0100, theta/day share 1.00)
15:48:08 voltium.loaders vega convention for /Users/andrew/Projects/quant-research/data_store/option_greeks_2017/MAS.parquet: per_1.00_iv (per-unit share 1.00, per-point share 0.00, median dP/vega ratio 0.0100, theta/day share 1.00)
15:48:08 voltium.loaders vega convention for /Users/andrew/Projects/quant-research/data_store/option_greeks_2017/MAT.parquet: per_1.00_iv (per-unit share 1.00, per-point share 0.00, median dP/vega ratio 0.0100, theta/day share 1.00)
15:48:08 voltium.loaders vega convention for /Users/andrew/Projects/quant-research/data_store/option_greeks_2017/MCD.parquet: per_1.00_iv (per-unit share 1.00, per-point share 0.00, median dP/vega ratio 0.0100, theta/day share 1.00)
15:48:08 voltium.loaders vega convention for /Users/andrew/Projects/quant-research/data_store/option_greeks_2017/MCHP.parquet: per_1.00_iv (per-unit share 1.00, per-point share 0.00, median dP/vega ratio 0.0100, theta/day share 1.00)
15:48:08 voltium.loaders vega convention for /Users/andrew/Projects/quant-research/data_store/option_greeks_2017/MCK.parquet: per_1.00_iv (per-unit share 1.00, per-point share 0.00, median dP/vega ratio 0.0100, theta/day share 1.00)
15:48:08 voltium.loaders vega convention for /Users/andrew/Projects/quant-research/data_store/option_greeks_2017/MCO.parquet: per_1.00_iv (per-unit share 1.00, per-point share 0.00, median dP/vega ratio 0.0100, theta/day share 1.00)
15:48:09 voltium.loaders vega convention for /Users/andrew/Projects/quant-research/data_store/option_greeks_2017/MDLZ.parquet: per_1.00_iv (per-unit share 1.00, per-point share 0.00, median dP/vega ratio 0.0100, theta/day share 1.00)
15:48:09 voltium.loaders vega convention for /Users/andrew/Projects/quant-research/data_store/option_greeks_2017/MDT.parquet: per_1.00_iv (per-unit share 1.00, per-point share 0.00, median dP/vega ratio 0.0100, theta/day share 1.00)
15:48:09 voltium.loaders vega convention for /Users/andrew/Projects/quant-research/data_store/option_greeks_2017/MET.parquet: per_1.00_iv (per-unit share 1.00, per-point share 0.00, median dP/vega ratio 0.0100, theta/day share 1.00)
15:48:09 voltium.loaders vega convention for /Users/andrew/Projects/quant-research/data_store/option_greeks_2021/META.parquet: per_1.00_iv (per-unit share 1.00, per-point share 0.00, median dP/vega ratio 0.0100, theta/day share 1.00)
15:48:10 voltium.loaders vega convention for /Users/andrew/Projects/quant-research/data_store/option_greeks_2017/MGM.parquet: per_1.00_iv (per-unit share 1.00, per-point share 0.00, median dP/vega ratio 0.0100, theta/day share 1.00)
15:48:10 voltium.loaders vega convention for /Users/andrew/Projects/quant-research/data_store/option_greeks_2017/MHK.parquet: per_1.00_iv (per-unit share 1.00, per-point share 0.00, median dP/vega ratio 0.0099, theta/day share 1.00)
15:48:10 voltium.loaders vega convention for /Users/andrew/Projects/quant-research/data_store/option_greeks_2017/MJN.parquet: per_1.00_iv (per-unit share 1.00, per-point share 0.00, median dP/vega ratio 0.0100, theta/day share 1.00)
15:48:10 voltium.loaders vega convention for /Users/andrew/Projects/quant-research/data_store/option_greeks_2017/MKC.parquet: per_1.00_iv (per-unit share 1.00, per-point share 0.00, median dP/vega ratio 0.0100, theta/day share 1.00)
15:48:10 voltium.loaders vega convention for /Users/andrew/Projects/quant-research/data_store/option_greeks_2019/MKTX.parquet: per_1.00_iv (per-unit share 1.00, per-point share 0.00, median dP/vega ratio 0.0100, theta/day share 1.00)
15:48:10 voltium.loaders vega convention for /Users/andrew/Projects/quant-research/data_store/option_greeks_2017/MLM.parquet: per_1.00_iv (per-unit share 1.00, per-point share 0.00, median dP/vega ratio 0.0100, theta/day share 1.00)
15:48:10 voltium.loaders vega convention for /Users/andrew/Projects/quant-research/data_store/option_greeks_2017/MMM.parquet: per_1.00_iv (per-unit share 1.00, per-point share 0.00, median dP/vega ratio 0.0100, theta/day share 1.00)
15:48:11 voltium.providers.base materialize: 400/659 symbols
15:48:11 voltium.loaders vega convention for /Users/andrew/Projects/quant-research/data_store/option_greeks_2017/MNK.parquet: per_1.00_iv (per-unit share 1.00, per-point share 0.00, median dP/vega ratio 0.0100, theta/day share 1.00)
15:48:11 voltium.loaders vega convention for /Users/andrew/Projects/quant-research/data_store/option_greeks_2017/MNST.parquet: per_1.00_iv (per-unit share 1.00, per-point share 0.00, median dP/vega ratio 0.0100, theta/day share 1.00)
15:48:11 voltium.loaders vega convention for /Users/andrew/Projects/quant-research/data_store/option_greeks_2017/MO.parquet: per_1.00_iv (per-unit share 1.00, per-point share 0.00, median dP/vega ratio 0.0100, theta/day share 1.00)
15:48:11 voltium.loaders vega convention for /Users/andrew/Projects/quant-research/data_store/option_greeks_2022/MOH.parquet: per_1.00_iv (per-unit share 1.00, per-point share 0.00, median dP/vega ratio 0.0100, theta/day share 1.00)
15:48:11 voltium.loaders vega convention for /Users/andrew/Projects/quant-research/data_store/option_greeks_2017/MON.parquet: per_1.00_iv (per-unit share 1.00, per-point share 0.00, median dP/vega ratio 0.0100, theta/day share 1.00)
15:48:11 voltium.loaders vega convention for /Users/andrew/Projects/quant-research/data_store/option_greeks_2017/MOS.parquet: per_1.00_iv (per-unit share 1.00, per-point share 0.00, median dP/vega ratio 0.0100, theta/day share 1.00)
15:48:11 voltium.loaders vega convention for /Users/andrew/Projects/quant-research/data_store/option_greeks_2017/MPC.parquet: per_1.00_iv (per-unit share 1.00, per-point share 0.00, median dP/vega ratio 0.0100, theta/day share 1.00)
15:48:12 voltium.loaders vega convention for /Users/andrew/Projects/quant-research/data_store/option_greeks_2021/MPWR.parquet: per_1.00_iv (per-unit share 1.00, per-point share 0.00, median dP/vega ratio 0.0100, theta/day share 1.00)
15:48:12 voltium.loaders vega convention for /Users/andrew/Projects/quant-research/data_store/option_greeks_2017/MRK.parquet: per_1.00_iv (per-unit share 1.00, per-point share 0.00, median dP/vega ratio 0.0100, theta/day share 1.00)
15:48:12 voltium.loaders vega convention for /Users/andrew/Projects/quant-research/data_store/option_greeks_2021/MRNA.parquet: per_1.00_iv (per-unit share 1.00, per-point share 0.00, median dP/vega ratio 0.0100, theta/day share 1.00)
15:48:12 voltium.loaders vega convention for /Users/andrew/Projects/quant-research/data_store/option_greeks_2017/MRO.parquet: per_1.00_iv (per-unit share 1.00, per-point share 0.00, median dP/vega ratio 0.0100, theta/day share 1.00)
15:48:12 voltium.loaders vega convention for /Users/andrew/Projects/quant-research/data_store/option_greeks_2017/MS.parquet: per_1.00_iv (per-unit share 1.00, per-point share 0.00, median dP/vega ratio 0.0100, theta/day share 1.00)
15:48:12 voltium.loaders vega convention for /Users/andrew/Projects/quant-research/data_store/option_greeks_2018/MSCI.parquet: per_1.00_iv (per-unit share 1.00, per-point share 0.00, median dP/vega ratio 0.0100, theta/day share 1.00)
15:48:12 voltium.loaders vega convention for /Users/andrew/Projects/quant-research/data_store/option_greeks_2017/MSFT.parquet: per_1.00_iv (per-unit share 1.00, per-point share 0.00, median dP/vega ratio 0.0100, theta/day share 1.00)
15:48:13 voltium.loaders vega convention for /Users/andrew/Projects/quant-research/data_store/option_greeks_2017/MSI.parquet: per_1.00_iv (per-unit share 1.00, per-point share 0.00, median dP/vega ratio 0.0100, theta/day share 1.00)
15:48:13 voltium.loaders vega convention for /Users/andrew/Projects/quant-research/data_store/option_greeks_2017/MTB.parquet: per_1.00_iv (per-unit share 1.00, per-point share 0.00, median dP/vega ratio 0.0100, theta/day share 1.00)
15:48:13 voltium.loaders vega convention for /Users/andrew/Projects/quant-research/data_store/option_greeks_2021/MTCH.parquet: per_1.00_iv (per-unit share 1.00, per-point share 0.00, median dP/vega ratio 0.0100, theta/day share 1.00)
15:48:13 voltium.loaders vega convention for /Users/andrew/Projects/quant-research/data_store/option_greeks_2017/MTD.parquet: per_1.00_iv (per-unit share 1.00, per-point share 0.00, median dP/vega ratio 0.0100, theta/day share 1.00)
15:48:13 voltium.loaders vega convention for /Users/andrew/Projects/quant-research/data_store/option_greeks_2017/MU.parquet: per_1.00_iv (per-unit share 1.00, per-point share 0.00, median dP/vega ratio 0.0100, theta/day share 1.00)
15:48:13 voltium.loaders vega convention for /Users/andrew/Projects/quant-research/data_store/option_greeks_2017/MUR.parquet: per_1.00_iv (per-unit share 1.00, per-point share 0.00, median dP/vega ratio 0.0100, theta/day share 1.00)
15:48:14 voltium.loaders vega convention for /Users/andrew/Projects/quant-research/data_store/option_greeks_2018/MXIM.parquet: per_1.00_iv (per-unit share 1.00, per-point share 0.00, median dP/vega ratio 0.0100, theta/day share 1.00)
15:48:14 voltium.loaders vega convention for /Users/andrew/Projects/quant-research/data_store/option_greeks_2017/NAVI.parquet: per_1.00_iv (per-unit share 1.00, per-point share 0.00, median dP/vega ratio 0.0101, theta/day share 1.00)
15:48:14 voltium.loaders vega convention for /Users/andrew/Projects/quant-research/data_store/option_greeks_2017/NBL.parquet: per_1.00_iv (per-unit share 1.00, per-point share 0.00, median dP/vega ratio 0.0100, theta/day share 1.00)
15:48:14 voltium.loaders vega convention for /Users/andrew/Projects/quant-research/data_store/option_greeks_2017/NCLH.parquet: per_1.00_iv (per-unit share 1.00, per-point share 0.00, median dP/vega ratio 0.0100, theta/day share 1.00)
15:48:14 voltium.loaders vega convention for /Users/andrew/Projects/quant-research/data_store/option_greeks_2017/NDAQ.parquet: per_1.00_iv (per-unit share 1.00, per-point share 0.00, median dP/vega ratio 0.0100, theta/day share 1.00)
15:48:14 voltium.loaders vega convention for /Users/andrew/Projects/quant-research/data_store/option_greeks_2022/NDSN.parquet: per_1.00_iv (per-unit share 1.00, per-point share 0.00, median dP/vega ratio 0.0100, theta/day share 1.00)
15:48:14 voltium.loaders vega convention for /Users/andrew/Projects/quant-research/data_store/option_greeks_2017/NEE.parquet: per_1.00_iv (per-unit share 1.00, per-point share 0.00, median dP/vega ratio 0.0101, theta/day share 1.00)
15:48:14 voltium.loaders vega convention for /Users/andrew/Projects/quant-research/data_store/option_greeks_2017/NEM.parquet: per_1.00_iv (per-unit share 1.00, per-point share 0.00, median dP/vega ratio 0.0100, theta/day share 1.00)
15:48:14 voltium.loaders vega convention for /Users/andrew/Projects/quant-research/data_store/option_greeks_2017/NFLX.parquet: per_1.00_iv (per-unit share 1.00, per-point share 0.00, median dP/vega ratio 0.0100, theta/day share 1.00)
15:48:15 voltium.loaders vega convention for /Users/andrew/Projects/quant-research/data_store/option_greeks_2017/NFX.parquet: per_1.00_iv (per-unit share 1.00, per-point share 0.00, median dP/vega ratio 0.0100, theta/day share 1.00)
15:48:15 voltium.loaders vega convention for /Users/andrew/Projects/quant-research/data_store/option_greeks_2017/NI.parquet: per_1.00_iv (per-unit share 1.00, per-point share 0.00, median dP/vega ratio 0.0101, theta/day share 1.00)
15:48:15 voltium.loaders vega convention for /Users/andrew/Projects/quant-research/data_store/option_greeks_2017/NKE.parquet: per_1.00_iv (per-unit share 1.00, per-point share 0.00, median dP/vega ratio 0.0100, theta/day share 1.00)
15:48:15 voltium.loaders vega convention for /Users/andrew/Projects/quant-research/data_store/option_greeks_2018/NKTR.parquet: per_1.00_iv (per-unit share 1.00, per-point share 0.00, median dP/vega ratio 0.0100, theta/day share 1.00)
15:48:15 voltium.loaders vega convention for /Users/andrew/Projects/quant-research/data_store/option_greeks_2017/NLSN.parquet: per_1.00_iv (per-unit share 1.00, per-point share 0.00, median dP/vega ratio 0.0100, theta/day share 1.00)
15:48:16 voltium.loaders vega convention for /Users/andrew/Projects/quant-research/data_store/option_greeks_2017/NOC.parquet: per_1.00_iv (per-unit share 1.00, per-point share 0.00, median dP/vega ratio 0.0100, theta/day share 1.00)
15:48:16 voltium.loaders vega convention for /Users/andrew/Projects/quant-research/data_store/option_greeks_2017/NOV.parquet: per_1.00_iv (per-unit share 1.00, per-point share 0.00, median dP/vega ratio 0.0100, theta/day share 1.00)
15:48:16 voltium.loaders vega convention for /Users/andrew/Projects/quant-research/data_store/option_greeks_2019/NOW.parquet: per_1.00_iv (per-unit share 1.00, per-point share 0.00, median dP/vega ratio 0.0100, theta/day share 1.00)
15:48:16 voltium.loaders vega convention for /Users/andrew/Projects/quant-research/data_store/option_greeks_2017/NRG.parquet: per_1.00_iv (per-unit share 1.00, per-point share 0.00, median dP/vega ratio 0.0101, theta/day share 1.00)
15:48:16 voltium.loaders vega convention for /Users/andrew/Projects/quant-research/data_store/option_greeks_2017/NSC.parquet: per_1.00_iv (per-unit share 1.00, per-point share 0.00, median dP/vega ratio 0.0100, theta/day share 1.00)
15:48:17 voltium.loaders vega convention for /Users/andrew/Projects/quant-research/data_store/option_greeks_2017/NTAP.parquet: per_1.00_iv (per-unit share 1.00, per-point share 0.00, median dP/vega ratio 0.0100, theta/day share 1.00)
15:48:17 voltium.loaders vega convention for /Users/andrew/Projects/quant-research/data_store/option_greeks_2017/NTRS.parquet: per_1.00_iv (per-unit share 1.00, per-point share 0.00, median dP/vega ratio 0.0100, theta/day share 1.00)
15:48:17 voltium.loaders vega convention for /Users/andrew/Projects/quant-research/data_store/option_greeks_2017/NUE.parquet: per_1.00_iv (per-unit share 1.00, per-point share 0.00, median dP/vega ratio 0.0100, theta/day share 1.00)
15:48:17 voltium.loaders vega convention for /Users/andrew/Projects/quant-research/data_store/option_greeks_2017/NVDA.parquet: per_1.00_iv (per-unit share 1.00, per-point share 0.00, median dP/vega ratio 0.0100, theta/day share 1.00)
15:48:17 voltium.loaders vega convention for /Users/andrew/Projects/quant-research/data_store/option_greeks_2017/NWL.parquet: per_1.00_iv (per-unit share 1.00, per-point share 0.00, median dP/vega ratio 0.0100, theta/day share 1.00)
15:48:18 voltium.loaders vega convention for /Users/andrew/Projects/quant-research/data_store/option_greeks_2017/NWS.parquet: per_1.00_iv (per-unit share 1.00, per-point share 0.00, median dP/vega ratio 0.0100, theta/day share 1.00)
15:48:18 voltium.loaders vega convention for /Users/andrew/Projects/quant-research/data_store/option_greeks_2017/NWSA.parquet: per_1.00_iv (per-unit share 1.00, per-point share 0.00, median dP/vega ratio 0.0101, theta/day share 1.00)
15:48:18 voltium.loaders vega convention for /Users/andrew/Projects/quant-research/data_store/option_greeks_2021/NXPI.parquet: per_1.00_iv (per-unit share 1.00, per-point share 0.00, median dP/vega ratio 0.0100, theta/day share 1.00)
15:48:18 voltium.loaders vega convention for /Users/andrew/Projects/quant-research/data_store/option_greeks_2017/O.parquet: per_1.00_iv (per-unit share 1.00, per-point share 0.00, median dP/vega ratio 0.0101, theta/day share 1.00)
15:48:18 voltium.loaders vega convention for /Users/andrew/Projects/quant-research/data_store/option_greeks_2019/ODFL.parquet: per_1.00_iv (per-unit share 1.00, per-point share 0.00, median dP/vega ratio 0.0100, theta/day share 1.00)
15:48:18 voltium.loaders vega convention for /Users/andrew/Projects/quant-research/data_store/option_greeks_2021/OGN.parquet: per_1.00_iv (per-unit share 1.00, per-point share 0.00, median dP/vega ratio 0.0100, theta/day share 1.00)
15:48:18 voltium.loaders vega convention for /Users/andrew/Projects/quant-research/data_store/option_greeks_2017/OKE.parquet: per_1.00_iv (per-unit share 1.00, per-point share 0.00, median dP/vega ratio 0.0100, theta/day share 1.00)
15:48:18 voltium.loaders vega convention for /Users/andrew/Projects/quant-research/data_store/option_greeks_2017/OMC.parquet: per_1.00_iv (per-unit share 1.00, per-point share 0.00, median dP/vega ratio 0.0100, theta/day share 1.00)
15:48:18 voltium.loaders vega convention for /Users/andrew/Projects/quant-research/data_store/option_greeks_2022/ON.parquet: per_1.00_iv (per-unit share 1.00, per-point share 0.00, median dP/vega ratio 0.0100, theta/day share 1.00)
15:48:18 voltium.loaders vega convention for /Users/andrew/Projects/quant-research/data_store/option_greeks_2017/ORCL.parquet: per_1.00_iv (per-unit share 1.00, per-point share 0.00, median dP/vega ratio 0.0100, theta/day share 1.00)
15:48:18 voltium.loaders vega convention for /Users/andrew/Projects/quant-research/data_store/option_greeks_2017/ORLY.parquet: per_1.00_iv (per-unit share 1.00, per-point share 0.00, median dP/vega ratio 0.0100, theta/day share 1.00)
15:48:18 voltium.loaders vega convention for /Users/andrew/Projects/quant-research/data_store/option_greeks_2020/OTIS.parquet: per_1.00_iv (per-unit share 1.00, per-point share 0.00, median dP/vega ratio 0.0100, theta/day share 1.00)
15:48:19 voltium.loaders vega convention for /Users/andrew/Projects/quant-research/data_store/option_greeks_2017/OXY.parquet: per_1.00_iv (per-unit share 1.00, per-point share 0.00, median dP/vega ratio 0.0100, theta/day share 1.00)
15:48:19 voltium.loaders vega convention for /Users/andrew/Projects/quant-research/data_store/option_greeks_2023/PANW.parquet: per_1.00_iv (per-unit share 1.00, per-point share 0.00, median dP/vega ratio 0.0100, theta/day share 1.00)
15:48:19 voltium.loaders vega convention for /Users/andrew/Projects/quant-research/data_store/option_greeks_2020/PAYC.parquet: per_1.00_iv (per-unit share 1.00, per-point share 0.00, median dP/vega ratio 0.0100, theta/day share 1.00)
15:48:19 voltium.loaders vega convention for /Users/andrew/Projects/quant-research/data_store/option_greeks_2017/PAYX.parquet: per_1.00_iv (per-unit share 1.00, per-point share 0.00, median dP/vega ratio 0.0101, theta/day share 1.00)
15:48:19 voltium.loaders vega convention for /Users/andrew/Projects/quant-research/data_store/option_greeks_2017/PBCT.parquet: per_1.00_iv (per-unit share 1.00, per-point share 0.00, median dP/vega ratio 0.0101, theta/day share 1.00)
15:48:19 voltium.loaders vega convention for /Users/andrew/Projects/quant-research/data_store/option_greeks_2017/PCAR.parquet: per_1.00_iv (per-unit share 1.00, per-point share 0.00, median dP/vega ratio 0.0100, theta/day share 1.00)
15:48:19 voltium.loaders vega convention for /Users/andrew/Projects/quant-research/data_store/option_greeks_2017/PCG.parquet: per_1.00_iv (per-unit share 1.00, per-point share 0.00, median dP/vega ratio 0.0100, theta/day share 1.00)
15:48:19 voltium.loaders vega convention for /Users/andrew/Projects/quant-research/data_store/option_greeks_2017/PDCO.parquet: per_1.00_iv (per-unit share 1.00, per-point share 0.00, median dP/vega ratio 0.0100, theta/day share 1.00)
15:48:19 voltium.loaders vega convention for /Users/andrew/Projects/quant-research/data_store/option_greeks_2017/PEG.parquet: per_1.00_iv (per-unit share 1.00, per-point share 0.00, median dP/vega ratio 0.0102, theta/day share 1.00)
15:48:19 voltium.loaders vega convention for /Users/andrew/Projects/quant-research/data_store/option_greeks_2021/PENN.parquet: per_1.00_iv (per-unit share 1.00, per-point share 0.00, median dP/vega ratio 0.0100, theta/day share 1.00)
15:48:19 voltium.loaders vega convention for /Users/andrew/Projects/quant-research/data_store/option_greeks_2017/PEP.parquet: per_1.00_iv (per-unit share 1.00, per-point share 0.00, median dP/vega ratio 0.0100, theta/day share 1.00)
15:48:20 voltium.loaders vega convention for /Users/andrew/Projects/quant-research/data_store/option_greeks_2017/PFE.parquet: per_1.00_iv (per-unit share 1.00, per-point share 0.00, median dP/vega ratio 0.0101, theta/day share 1.00)
15:48:20 voltium.loaders vega convention for /Users/andrew/Projects/quant-research/data_store/option_greeks_2017/PFG.parquet: per_1.00_iv (per-unit share 1.00, per-point share 0.00, median dP/vega ratio 0.0101, theta/day share 1.00)
15:48:20 voltium.loaders vega convention for /Users/andrew/Projects/quant-research/data_store/option_greeks_2017/PG.parquet: per_1.00_iv (per-unit share 1.00, per-point share 0.00, median dP/vega ratio 0.0101, theta/day share 1.00)
15:48:20 voltium.loaders vega convention for /Users/andrew/Projects/quant-research/data_store/option_greeks_2017/PGR.parquet: per_1.00_iv (per-unit share 1.00, per-point share 0.00, median dP/vega ratio 0.0101, theta/day share 1.00)
15:48:20 voltium.loaders vega convention for /Users/andrew/Projects/quant-research/data_store/option_greeks_2017/PH.parquet: per_1.00_iv (per-unit share 1.00, per-point share 0.00, median dP/vega ratio 0.0101, theta/day share 1.00)
15:48:20 voltium.loaders vega convention for /Users/andrew/Projects/quant-research/data_store/option_greeks_2017/PHM.parquet: per_1.00_iv (per-unit share 1.00, per-point share 0.00, median dP/vega ratio 0.0100, theta/day share 1.00)
15:48:20 voltium.loaders vega convention for /Users/andrew/Projects/quant-research/data_store/option_greeks_2017/PKG.parquet: per_1.00_iv (per-unit share 1.00, per-point share 0.00, median dP/vega ratio 0.0100, theta/day share 1.00)
15:48:20 voltium.loaders vega convention for /Users/andrew/Projects/quant-research/data_store/option_greeks_2017/PLD.parquet: per_1.00_iv (per-unit share 1.00, per-point share 0.00, median dP/vega ratio 0.0099, theta/day share 1.00)
15:48:21 voltium.loaders vega convention for /Users/andrew/Projects/quant-research/data_store/option_greeks_2024/PLTR.parquet: per_1.00_iv (per-unit share 1.00, per-point share 0.00, median dP/vega ratio 0.0100, theta/day share 1.00)
15:48:21 voltium.loaders vega convention for /Users/andrew/Projects/quant-research/data_store/option_greeks_2017/PM.parquet: per_1.00_iv (per-unit share 1.00, per-point share 0.00, median dP/vega ratio 0.0100, theta/day share 1.00)
15:48:21 voltium.loaders vega convention for /Users/andrew/Projects/quant-research/data_store/option_greeks_2017/PNC.parquet: per_1.00_iv (per-unit share 1.00, per-point share 0.00, median dP/vega ratio 0.0101, theta/day share 1.00)
15:48:21 voltium.loaders vega convention for /Users/andrew/Projects/quant-research/data_store/option_greeks_2017/PNR.parquet: per_1.00_iv (per-unit share 1.00, per-point share 0.00, median dP/vega ratio 0.0101, theta/day share 1.00)
15:48:21 voltium.loaders vega convention for /Users/andrew/Projects/quant-research/data_store/option_greeks_2017/PNW.parquet: per_1.00_iv (per-unit share 1.00, per-point share 0.00, median dP/vega ratio 0.0102, theta/day share 1.00)
15:48:21 voltium.loaders vega convention for /Users/andrew/Projects/quant-research/data_store/option_greeks_2023/PODD.parquet: per_1.00_iv (per-unit share 1.00, per-point share 0.00, median dP/vega ratio 0.0100, theta/day share 1.00)
15:48:21 voltium.loaders vega convention for /Users/andrew/Projects/quant-research/data_store/option_greeks_2020/POOL.parquet: per_1.00_iv (per-unit share 1.00, per-point share 0.00, median dP/vega ratio 0.0100, theta/day share 1.00)
15:48:21 voltium.loaders vega convention for /Users/andrew/Projects/quant-research/data_store/option_greeks_2017/PPG.parquet: per_1.00_iv (per-unit share 1.00, per-point share 0.00, median dP/vega ratio 0.0101, theta/day share 1.00)
15:48:21 voltium.loaders vega convention for /Users/andrew/Projects/quant-research/data_store/option_greeks_2017/PPL.parquet: per_1.00_iv (per-unit share 1.00, per-point share 0.00, median dP/vega ratio 0.0100, theta/day share 1.00)
15:48:22 voltium.loaders vega convention for /Users/andrew/Projects/quant-research/data_store/option_greeks_2017/PRGO.parquet: per_1.00_iv (per-unit share 1.00, per-point share 0.00, median dP/vega ratio 0.0100, theta/day share 1.00)
15:48:22 voltium.loaders vega convention for /Users/andrew/Projects/quant-research/data_store/option_greeks_2017/PRU.parquet: per_1.00_iv (per-unit share 1.00, per-point share 0.00, median dP/vega ratio 0.0100, theta/day share 1.00)
15:48:22 voltium.loaders vega convention for /Users/andrew/Projects/quant-research/data_store/option_greeks_2017/PSA.parquet: per_1.00_iv (per-unit share 1.00, per-point share 0.00, median dP/vega ratio 0.0100, theta/day share 1.00)
15:48:22 voltium.loaders vega convention for /Users/andrew/Projects/quant-research/data_store/option_greeks/PSKY.parquet: per_1.00_iv (per-unit share 1.00, per-point share 0.00, median dP/vega ratio 0.0100, theta/day share 1.00)
15:48:22 voltium.loaders vega convention for /Users/andrew/Projects/quant-research/data_store/option_greeks_2017/PSX.parquet: per_1.00_iv (per-unit share 1.00, per-point share 0.00, median dP/vega ratio 0.0100, theta/day share 1.00)
15:48:22 voltium.loaders vega convention for /Users/andrew/Projects/quant-research/data_store/option_greeks_2021/PTC.parquet: per_1.00_iv (per-unit share 1.00, per-point share 0.00, median dP/vega ratio 0.0100, theta/day share 1.00)
15:48:22 voltium.loaders vega convention for /Users/andrew/Projects/quant-research/data_store/option_greeks_2017/PVH.parquet: per_1.00_iv (per-unit share 1.00, per-point share 0.00, median dP/vega ratio 0.0100, theta/day share 1.00)
15:48:22 voltium.loaders vega convention for /Users/andrew/Projects/quant-research/data_store/option_greeks_2017/PWR.parquet: per_1.00_iv (per-unit share 1.00, per-point share 0.00, median dP/vega ratio 0.0100, theta/day share 1.00)
15:48:22 voltium.loaders vega convention for /Users/andrew/Projects/quant-research/data_store/option_greeks_2017/PXD.parquet: per_1.00_iv (per-unit share 1.00, per-point share 0.00, median dP/vega ratio 0.0100, theta/day share 1.00)
15:48:22 voltium.loaders vega convention for /Users/andrew/Projects/quant-research/data_store/option_greeks_2017/PYPL.parquet: per_1.00_iv (per-unit share 1.00, per-point share 0.00, median dP/vega ratio 0.0100, theta/day share 1.00)
15:48:23 voltium.loaders vega convention for /Users/andrew/Projects/quant-research/data_store/option_greeks_2017/Q.parquet: per_1.00_iv (per-unit share 1.00, per-point share 0.00, median dP/vega ratio 0.0100, theta/day share 1.00)
15:48:23 voltium.loaders vega convention for /Users/andrew/Projects/quant-research/data_store/option_greeks_2017/QCOM.parquet: per_1.00_iv (per-unit share 1.00, per-point share 0.00, median dP/vega ratio 0.0100, theta/day share 1.00)
15:48:23 voltium.loaders vega convention for /Users/andrew/Projects/quant-research/data_store/option_greeks_2017/QRVO.parquet: per_1.00_iv (per-unit share 1.00, per-point share 0.00, median dP/vega ratio 0.0100, theta/day share 1.00)
15:48:23 voltium.loaders vega convention for /Users/andrew/Projects/quant-research/data_store/option_greeks_2017/R.parquet: per_1.00_iv (per-unit share 1.00, per-point share 0.00, median dP/vega ratio 0.0100, theta/day share 1.00)
15:48:23 voltium.loaders vega convention for /Users/andrew/Projects/quant-research/data_store/option_greeks_2017/RAI.parquet: per_1.00_iv (per-unit share 1.00, per-point share 0.00, median dP/vega ratio 0.0100, theta/day share 1.00)
15:48:23 voltium.loaders vega convention for /Users/andrew/Projects/quant-research/data_store/option_greeks_2017/RCL.parquet: per_1.00_iv (per-unit share 1.00, per-point share 0.00, median dP/vega ratio 0.0100, theta/day share 1.00)
15:48:23 voltium.providers.base materialize: 500/659 symbols
15:48:23 voltium.loaders vega convention for /Users/andrew/Projects/quant-research/data_store/option_greeks_2017/REG.parquet: per_1.00_iv (per-unit share 1.00, per-point share 0.00, median dP/vega ratio 0.0100, theta/day share 1.00)
15:48:23 voltium.loaders vega convention for /Users/andrew/Projects/quant-research/data_store/option_greeks_2017/REGN.parquet: per_1.00_iv (per-unit share 1.00, per-point share 0.00, median dP/vega ratio 0.0100, theta/day share 1.00)
15:48:24 voltium.loaders vega convention for /Users/andrew/Projects/quant-research/data_store/option_greeks_2017/RF.parquet: per_1.00_iv (per-unit share 1.00, per-point share 0.00, median dP/vega ratio 0.0101, theta/day share 1.00)
15:48:24 voltium.loaders vega convention for /Users/andrew/Projects/quant-research/data_store/option_greeks_2017/RHI.parquet: per_1.00_iv (per-unit share 1.00, per-point share 0.00, median dP/vega ratio 0.0100, theta/day share 1.00)
15:48:24 voltium.loaders vega convention for /Users/andrew/Projects/quant-research/data_store/option_greeks_2017/RHT.parquet: per_1.00_iv (per-unit share 1.00, per-point share 0.00, median dP/vega ratio 0.0100, theta/day share 1.00)
15:48:24 voltium.loaders vega convention for /Users/andrew/Projects/quant-research/data_store/option_greeks_2017/RIG.parquet: per_1.00_iv (per-unit share 1.00, per-point share 0.00, median dP/vega ratio 0.0100, theta/day share 1.00)
15:48:24 voltium.loaders vega convention for /Users/andrew/Projects/quant-research/data_store/option_greeks_2017/RJF.parquet: per_1.00_iv (per-unit share 1.00, per-point share 0.00, median dP/vega ratio 0.0100, theta/day share 1.00)
15:48:24 voltium.loaders vega convention for /Users/andrew/Projects/quant-research/data_store/option_greeks_2017/RL.parquet: per_1.00_iv (per-unit share 1.00, per-point share 0.00, median dP/vega ratio 0.0100, theta/day share 1.00)
15:48:24 voltium.loaders vega convention for /Users/andrew/Projects/quant-research/data_store/option_greeks_2017/RMD.parquet: per_1.00_iv (per-unit share 1.00, per-point share 0.00, median dP/vega ratio 0.0101, theta/day share 1.00)
15:48:24 voltium.loaders vega convention for /Users/andrew/Projects/quant-research/data_store/option_greeks_2017/ROK.parquet: per_1.00_iv (per-unit share 1.00, per-point share 0.00, median dP/vega ratio 0.0100, theta/day share 1.00)
15:48:24 voltium.loaders vega convention for /Users/andrew/Projects/quant-research/data_store/option_greeks_2018/ROL.parquet: per_1.00_iv (per-unit share 1.00, per-point share 0.00, median dP/vega ratio 0.0101, theta/day share 1.00)
15:48:24 voltium.loaders vega convention for /Users/andrew/Projects/quant-research/data_store/option_greeks_2017/ROP.parquet: per_1.00_iv (per-unit share 1.00, per-point share 0.00, median dP/vega ratio 0.0100, theta/day share 1.00)
15:48:24 voltium.loaders vega convention for /Users/andrew/Projects/quant-research/data_store/option_greeks_2017/ROST.parquet: per_1.00_iv (per-unit share 1.00, per-point share 0.00, median dP/vega ratio 0.0100, theta/day share 1.00)
15:48:24 voltium.loaders vega convention for /Users/andrew/Projects/quant-research/data_store/option_greeks_2017/RRC.parquet: per_1.00_iv (per-unit share 1.00, per-point share 0.00, median dP/vega ratio 0.0100, theta/day share 1.00)
15:48:24 voltium.loaders vega convention for /Users/andrew/Projects/quant-research/data_store/option_greeks_2017/RSG.parquet: per_1.00_iv (per-unit share 1.00, per-point share 0.00, median dP/vega ratio 0.0102, theta/day share 1.00)
15:48:24 voltium.loaders vega convention for /Users/andrew/Projects/quant-research/data_store/option_greeks_2017/RTN.parquet: per_1.00_iv (per-unit share 1.00, per-point share 0.00, median dP/vega ratio 0.0100, theta/day share 1.00)
15:48:25 voltium.loaders vega convention for /Users/andrew/Projects/quant-research/data_store/option_greeks_2020/RTX.parquet: per_1.00_iv (per-unit share 1.00, per-point share 0.00, median dP/vega ratio 0.0100, theta/day share 1.00)
15:48:25 voltium.loaders vega convention for /Users/andrew/Projects/quant-research/data_store/option_greeks_2023/RVTY.parquet: per_1.00_iv (per-unit share 1.00, per-point share 0.00, median dP/vega ratio 0.0100, theta/day share 1.00)
15:48:25 voltium.loaders vega convention for /Users/andrew/Projects/quant-research/data_store/option_greeks_2017/SBAC.parquet: per_1.00_iv (per-unit share 1.00, per-point share 0.00, median dP/vega ratio 0.0100, theta/day share 1.00)
15:48:25 voltium.loaders vega convention for /Users/andrew/Projects/quant-research/data_store/option_greeks_2021/SBNY.parquet: per_1.00_iv (per-unit share 1.00, per-point share 0.00, median dP/vega ratio 0.0100, theta/day share 1.00)
15:48:25 voltium.loaders vega convention for /Users/andrew/Projects/quant-research/data_store/option_greeks_2017/SBUX.parquet: per_1.00_iv (per-unit share 1.00, per-point share 0.00, median dP/vega ratio 0.0100, theta/day share 1.00)
15:48:25 voltium.loaders vega convention for /Users/andrew/Projects/quant-research/data_store/option_greeks_2017/SCG.parquet: per_1.00_iv (per-unit share 1.00, per-point share 0.00, median dP/vega ratio 0.0101, theta/day share 1.00)
15:48:25 voltium.loaders vega convention for /Users/andrew/Projects/quant-research/data_store/option_greeks_2017/SCHW.parquet: per_1.00_iv (per-unit share 1.00, per-point share 0.00, median dP/vega ratio 0.0100, theta/day share 1.00)
15:48:25 voltium.loaders vega convention for /Users/andrew/Projects/quant-research/data_store/option_greeks_2021/SEDG.parquet: per_1.00_iv (per-unit share 1.00, per-point share 0.00, median dP/vega ratio 0.0100, theta/day share 1.00)
15:48:26 voltium.loaders vega convention for /Users/andrew/Projects/quant-research/data_store/option_greeks_2017/SEE.parquet: per_1.00_iv (per-unit share 1.00, per-point share 0.00, median dP/vega ratio 0.0100, theta/day share 1.00)
15:48:26 voltium.loaders vega convention for /Users/andrew/Projects/quant-research/data_store/option_greeks_2017/SHW.parquet: per_1.00_iv (per-unit share 1.00, per-point share 0.00, median dP/vega ratio 0.0100, theta/day share 1.00)
15:48:26 voltium.loaders vega convention for /Users/andrew/Projects/quant-research/data_store/option_greeks_2017/SIG.parquet: per_1.00_iv (per-unit share 1.00, per-point share 0.00, median dP/vega ratio 0.0100, theta/day share 1.00)
15:48:26 voltium.loaders vega convention for /Users/andrew/Projects/quant-research/data_store/option_greeks_2018/SIVB.parquet: per_1.00_iv (per-unit share 1.00, per-point share 0.00, median dP/vega ratio 0.0100, theta/day share 1.00)
15:48:26 voltium.loaders vega convention for /Users/andrew/Projects/quant-research/data_store/option_greeks_2017/SJM.parquet: per_1.00_iv (per-unit share 1.00, per-point share 0.00, median dP/vega ratio 0.0101, theta/day share 1.00)
15:48:27 voltium.loaders vega convention for /Users/andrew/Projects/quant-research/data_store/option_greeks_2017/SLB.parquet: per_1.00_iv (per-unit share 1.00, per-point share 0.00, median dP/vega ratio 0.0100, theta/day share 1.00)
15:48:27 voltium.loaders vega convention for /Users/andrew/Projects/quant-research/data_store/option_greeks_2017/SLG.parquet: per_1.00_iv (per-unit share 1.00, per-point share 0.00, median dP/vega ratio 0.0100, theta/day share 1.00)
15:48:27 voltium.loaders vega convention for /Users/andrew/Projects/quant-research/data_store/option_greeks_2024/SMCI.parquet: per_1.00_iv (per-unit share 1.00, per-point share 0.00, median dP/vega ratio 0.0100, theta/day share 1.00)
15:48:28 voltium.loaders vega convention for /Users/andrew/Projects/quant-research/data_store/option_greeks_2017/SNA.parquet: per_1.00_iv (per-unit share 1.00, per-point share 0.00, median dP/vega ratio 0.0100, theta/day share 1.00)
15:48:28 voltium.loaders vega convention for /Users/andrew/Projects/quant-research/data_store/option_greeks_2017/SNI.parquet: per_1.00_iv (per-unit share 1.00, per-point share 0.00, median dP/vega ratio 0.0100, theta/day share 1.00)
15:48:28 voltium.loaders vega convention for /Users/andrew/Projects/quant-research/data_store/option_greeks_2017/SNPS.parquet: per_1.00_iv (per-unit share 1.00, per-point share 0.00, median dP/vega ratio 0.0100, theta/day share 1.00)
15:48:28 voltium.loaders vega convention for /Users/andrew/Projects/quant-research/data_store/option_greeks_2017/SO.parquet: per_1.00_iv (per-unit share 1.00, per-point share 0.00, median dP/vega ratio 0.0100, theta/day share 1.00)
15:48:28 voltium.loaders vega convention for /Users/andrew/Projects/quant-research/data_store/option_greeks_2024/SOLV.parquet: per_1.00_iv (per-unit share 1.00, per-point share 0.00, median dP/vega ratio 0.0100, theta/day share 1.00)
15:48:28 voltium.loaders vega convention for /Users/andrew/Projects/quant-research/data_store/option_greeks_2017/SPG.parquet: per_1.00_iv (per-unit share 1.00, per-point share 0.00, median dP/vega ratio 0.0100, theta/day share 1.00)
15:48:28 voltium.loaders vega convention for /Users/andrew/Projects/quant-research/data_store/option_greeks_2017/SPGI.parquet: per_1.00_iv (per-unit share 1.00, per-point share 0.00, median dP/vega ratio 0.0100, theta/day share 1.00)
15:48:29 voltium.loaders vega convention for /Users/andrew/Projects/quant-research/data_store/option_greeks_2017/SPLS.parquet: per_1.00_iv (per-unit share 1.00, per-point share 0.00, median dP/vega ratio 0.0100, theta/day share 1.00)
15:48:29 voltium.loaders vega convention for /Users/andrew/Projects/quant-research/data_store/option_greeks_2017/SRCL.parquet: per_1.00_iv (per-unit share 1.00, per-point share 0.00, median dP/vega ratio 0.0100, theta/day share 1.00)
15:48:29 voltium.loaders vega convention for /Users/andrew/Projects/quant-research/data_store/option_greeks_2017/SRE.parquet: per_1.00_iv (per-unit share 1.00, per-point share 0.00, median dP/vega ratio 0.0101, theta/day share 1.00)
15:48:29 voltium.loaders vega convention for /Users/andrew/Projects/quant-research/data_store/option_greeks_2019/STE.parquet: per_1.00_iv (per-unit share 1.00, per-point share 0.00, median dP/vega ratio 0.0100, theta/day share 1.00)
15:48:29 voltium.loaders vega convention for /Users/andrew/Projects/quant-research/data_store/option_greeks_2017/STI.parquet: per_1.00_iv (per-unit share 1.00, per-point share 0.00, median dP/vega ratio 0.0100, theta/day share 1.00)
15:48:29 voltium.loaders vega convention for /Users/andrew/Projects/quant-research/data_store/option_greeks_2022/STLD.parquet: per_1.00_iv (per-unit share 1.00, per-point share 0.00, median dP/vega ratio 0.0100, theta/day share 1.00)
15:48:29 voltium.loaders vega convention for /Users/andrew/Projects/quant-research/data_store/option_greeks_2017/STT.parquet: per_1.00_iv (per-unit share 1.00, per-point share 0.00, median dP/vega ratio 0.0100, theta/day share 1.00)
15:48:29 voltium.loaders vega convention for /Users/andrew/Projects/quant-research/data_store/option_greeks_2017/STX.parquet: per_1.00_iv (per-unit share 1.00, per-point share 0.00, median dP/vega ratio 0.0100, theta/day share 1.00)
15:48:29 voltium.loaders vega convention for /Users/andrew/Projects/quant-research/data_store/option_greeks_2017/STZ.parquet: per_1.00_iv (per-unit share 1.00, per-point share 0.00, median dP/vega ratio 0.0100, theta/day share 1.00)
15:48:30 voltium.loaders vega convention for /Users/andrew/Projects/quant-research/data_store/option_greeks_2024/SW.parquet: per_1.00_iv (per-unit share 1.00, per-point share 0.00, median dP/vega ratio 0.0100, theta/day share 1.00)
15:48:30 voltium.loaders vega convention for /Users/andrew/Projects/quant-research/data_store/option_greeks_2017/SWK.parquet: per_1.00_iv (per-unit share 1.00, per-point share 0.00, median dP/vega ratio 0.0100, theta/day share 1.00)
15:48:30 voltium.loaders vega convention for /Users/andrew/Projects/quant-research/data_store/option_greeks_2017/SWKS.parquet: per_1.00_iv (per-unit share 1.00, per-point share 0.00, median dP/vega ratio 0.0100, theta/day share 1.00)
15:48:30 voltium.loaders vega convention for /Users/andrew/Projects/quant-research/data_store/option_greeks_2017/SYF.parquet: per_1.00_iv (per-unit share 1.00, per-point share 0.00, median dP/vega ratio 0.0100, theta/day share 1.00)
15:48:30 voltium.loaders vega convention for /Users/andrew/Projects/quant-research/data_store/option_greeks_2017/SYK.parquet: per_1.00_iv (per-unit share 1.00, per-point share 0.00, median dP/vega ratio 0.0100, theta/day share 1.00)
15:48:30 voltium.loaders vega convention for /Users/andrew/Projects/quant-research/data_store/option_greeks_2017/SYY.parquet: per_1.00_iv (per-unit share 1.00, per-point share 0.00, median dP/vega ratio 0.0100, theta/day share 1.00)
15:48:31 voltium.loaders vega convention for /Users/andrew/Projects/quant-research/data_store/option_greeks_2017/T.parquet: per_1.00_iv (per-unit share 1.00, per-point share 0.00, median dP/vega ratio 0.0101, theta/day share 1.00)
15:48:31 voltium.loaders vega convention for /Users/andrew/Projects/quant-research/data_store/option_greeks_2017/TAP.parquet: per_1.00_iv (per-unit share 1.00, per-point share 0.00, median dP/vega ratio 0.0100, theta/day share 1.00)
15:48:31 voltium.loaders vega convention for /Users/andrew/Projects/quant-research/data_store/option_greeks_2017/TDC.parquet: per_1.00_iv (per-unit share 1.00, per-point share 0.00, median dP/vega ratio 0.0101, theta/day share 1.00)
15:48:31 voltium.loaders vega convention for /Users/andrew/Projects/quant-research/data_store/option_greeks_2017/TDG.parquet: per_1.00_iv (per-unit share 1.00, per-point share 0.00, median dP/vega ratio 0.0100, theta/day share 1.00)
15:48:31 voltium.loaders vega convention for /Users/andrew/Projects/quant-research/data_store/option_greeks_2020/TDY.parquet: per_1.00_iv (per-unit share 1.00, per-point share 0.00, median dP/vega ratio 0.0100, theta/day share 1.00)
15:48:31 voltium.loaders vega convention for /Users/andrew/Projects/quant-research/data_store/option_greeks_2021/TECH.parquet: per_1.00_iv (per-unit share 1.00, per-point share 0.00, median dP/vega ratio 0.0100, theta/day share 1.00)
15:48:31 voltium.loaders vega convention for /Users/andrew/Projects/quant-research/data_store/option_greeks_2017/TEL.parquet: per_1.00_iv (per-unit share 1.00, per-point share 0.00, median dP/vega ratio 0.0100, theta/day share 1.00)
15:48:31 voltium.loaders vega convention for /Users/andrew/Projects/quant-research/data_store/option_greeks_2020/TER.parquet: per_1.00_iv (per-unit share 1.00, per-point share 0.00, median dP/vega ratio 0.0100, theta/day share 1.00)
15:48:32 voltium.loaders vega convention for /Users/andrew/Projects/quant-research/data_store/option_greeks_2019/TFC.parquet: per_1.00_iv (per-unit share 1.00, per-point share 0.00, median dP/vega ratio 0.0100, theta/day share 1.00)
15:48:32 voltium.loaders vega convention for /Users/andrew/Projects/quant-research/data_store/option_greeks_2019/TFX.parquet: per_1.00_iv (per-unit share 1.00, per-point share 0.00, median dP/vega ratio 0.0100, theta/day share 1.00)
15:48:32 voltium.loaders vega convention for /Users/andrew/Projects/quant-research/data_store/option_greeks_2017/TGNA.parquet: per_1.00_iv (per-unit share 1.00, per-point share 0.00, median dP/vega ratio 0.0101, theta/day share 1.00)
15:48:32 voltium.loaders vega convention for /Users/andrew/Projects/quant-research/data_store/option_greeks_2017/TGT.parquet: per_1.00_iv (per-unit share 1.00, per-point share 0.00, median dP/vega ratio 0.0100, theta/day share 1.00)
15:48:32 voltium.loaders vega convention for /Users/andrew/Projects/quant-research/data_store/option_greeks_2017/TIF.parquet: per_1.00_iv (per-unit share 1.00, per-point share 0.00, median dP/vega ratio 0.0100, theta/day share 1.00)
15:48:32 voltium.loaders vega convention for /Users/andrew/Projects/quant-research/data_store/option_greeks_2017/TJX.parquet: per_1.00_iv (per-unit share 1.00, per-point share 0.00, median dP/vega ratio 0.0100, theta/day share 1.00)
15:48:32 voltium.loaders vega convention for /Users/andrew/Projects/quant-research/data_store/option_greeks/TKO.parquet: per_1.00_iv (per-unit share 1.00, per-point share 0.00, median dP/vega ratio 0.0101, theta/day share 1.00)
15:48:32 voltium.loaders vega convention for /Users/andrew/Projects/quant-research/data_store/option_greeks_2017/TMO.parquet: per_1.00_iv (per-unit share 1.00, per-point share 0.00, median dP/vega ratio 0.0100, theta/day share 1.00)
15:48:33 voltium.loaders vega convention for /Users/andrew/Projects/quant-research/data_store/option_greeks_2019/TMUS.parquet: per_1.00_iv (per-unit share 1.00, per-point share 0.00, median dP/vega ratio 0.0100, theta/day share 1.00)
15:48:33 voltium.loaders vega convention for /Users/andrew/Projects/quant-research/data_store/option_greeks_2024/TPL.parquet: per_1.00_iv (per-unit share 1.00, per-point share 0.00, median dP/vega ratio 0.0100, theta/day share 1.00)
15:48:33 voltium.loaders vega convention for /Users/andrew/Projects/quant-research/data_store/option_greeks_2017/TPR.parquet: per_1.00_iv (per-unit share 1.00, per-point share 0.00, median dP/vega ratio 0.0100, theta/day share 1.00)
15:48:34 voltium.loaders vega convention for /Users/andrew/Projects/quant-research/data_store/option_greeks_2022/TRGP.parquet: per_1.00_iv (per-unit share 1.00, per-point share 0.00, median dP/vega ratio 0.0100, theta/day share 1.00)
15:48:34 voltium.loaders vega convention for /Users/andrew/Projects/quant-research/data_store/option_greeks_2017/TRIP.parquet: per_1.00_iv (per-unit share 1.00, per-point share 0.00, median dP/vega ratio 0.0100, theta/day share 1.00)
15:48:34 voltium.loaders vega convention for /Users/andrew/Projects/quant-research/data_store/option_greeks_2021/TRMB.parquet: per_1.00_iv (per-unit share 1.00, per-point share 0.00, median dP/vega ratio 0.0100, theta/day share 1.00)
15:48:34 voltium.loaders vega convention for /Users/andrew/Projects/quant-research/data_store/option_greeks_2017/TROW.parquet: per_1.00_iv (per-unit share 1.00, per-point share 0.00, median dP/vega ratio 0.0101, theta/day share 1.00)
15:48:34 voltium.loaders vega convention for /Users/andrew/Projects/quant-research/data_store/option_greeks_2017/TRV.parquet: per_1.00_iv (per-unit share 1.00, per-point share 0.00, median dP/vega ratio 0.0101, theta/day share 1.00)
15:48:34 voltium.loaders vega convention for /Users/andrew/Projects/quant-research/data_store/option_greeks_2017/TSCO.parquet: per_1.00_iv (per-unit share 1.00, per-point share 0.00, median dP/vega ratio 0.0100, theta/day share 1.00)
15:48:35 voltium.loaders vega convention for /Users/andrew/Projects/quant-research/data_store/option_greeks_2020/TSLA.parquet: per_1.00_iv (per-unit share 1.00, per-point share 0.00, median dP/vega ratio 0.0100, theta/day share 1.00)
15:48:35 voltium.loaders vega convention for /Users/andrew/Projects/quant-research/data_store/option_greeks_2017/TSN.parquet: per_1.00_iv (per-unit share 1.00, per-point share 0.00, median dP/vega ratio 0.0100, theta/day share 1.00)
15:48:36 voltium.loaders vega convention for /Users/andrew/Projects/quant-research/data_store/option_greeks_2017/TSS.parquet: per_1.00_iv (per-unit share 1.00, per-point share 0.00, median dP/vega ratio 0.0101, theta/day share 1.00)
15:48:36 voltium.loaders vega convention for /Users/andrew/Projects/quant-research/data_store/option_greeks_2020/TT.parquet: per_1.00_iv (per-unit share 1.00, per-point share 0.00, median dP/vega ratio 0.0100, theta/day share 1.00)
15:48:36 voltium.loaders vega convention for /Users/andrew/Projects/quant-research/data_store/option_greeks/TTD.parquet: per_1.00_iv (per-unit share 1.00, per-point share 0.00, median dP/vega ratio 0.0100, theta/day share 1.00)
15:48:36 voltium.loaders vega convention for /Users/andrew/Projects/quant-research/data_store/option_greeks_2018/TTWO.parquet: per_1.00_iv (per-unit share 1.00, per-point share 0.00, median dP/vega ratio 0.0100, theta/day share 1.00)
15:48:36 voltium.loaders vega convention for /Users/andrew/Projects/quant-research/data_store/option_greeks_2018/TWTR.parquet: per_1.00_iv (per-unit share 1.00, per-point share 0.00, median dP/vega ratio 0.0100, theta/day share 1.00)
15:48:36 voltium.loaders vega convention for /Users/andrew/Projects/quant-research/data_store/option_greeks_2017/TWX.parquet: per_1.00_iv (per-unit share 1.00, per-point share 0.00, median dP/vega ratio 0.0100, theta/day share 1.00)
15:48:36 voltium.loaders vega convention for /Users/andrew/Projects/quant-research/data_store/option_greeks_2017/TXN.parquet: per_1.00_iv (per-unit share 1.00, per-point share 0.00, median dP/vega ratio 0.0100, theta/day share 1.00)
15:48:37 voltium.loaders vega convention for /Users/andrew/Projects/quant-research/data_store/option_greeks_2017/TXT.parquet: per_1.00_iv (per-unit share 1.00, per-point share 0.00, median dP/vega ratio 0.0099, theta/day share 1.00)
15:48:37 voltium.loaders vega convention for /Users/andrew/Projects/quant-research/data_store/option_greeks_2020/TYL.parquet: per_1.00_iv (per-unit share 1.00, per-point share 0.00, median dP/vega ratio 0.0100, theta/day share 1.00)
15:48:37 voltium.loaders vega convention for /Users/andrew/Projects/quant-research/data_store/option_greeks_2017/UA.parquet: per_1.00_iv (per-unit share 1.00, per-point share 0.00, median dP/vega ratio 0.0100, theta/day share 1.00)
15:48:37 voltium.loaders vega convention for /Users/andrew/Projects/quant-research/data_store/option_greeks_2017/UAA.parquet: per_1.00_iv (per-unit share 1.00, per-point share 0.00, median dP/vega ratio 0.0101, theta/day share 1.00)
15:48:37 voltium.loaders vega convention for /Users/andrew/Projects/quant-research/data_store/option_greeks_2017/UAL.parquet: per_1.00_iv (per-unit share 1.00, per-point share 0.00, median dP/vega ratio 0.0100, theta/day share 1.00)
15:48:37 voltium.loaders vega convention for /Users/andrew/Projects/quant-research/data_store/option_greeks_2023/UBER.parquet: per_1.00_iv (per-unit share 1.00, per-point share 0.00, median dP/vega ratio 0.0100, theta/day share 1.00)
15:48:37 voltium.loaders vega convention for /Users/andrew/Projects/quant-research/data_store/option_greeks_2017/UDR.parquet: per_1.00_iv (per-unit share 1.00, per-point share 0.00, median dP/vega ratio 0.0100, theta/day share 1.00)
15:48:37 voltium.loaders vega convention for /Users/andrew/Projects/quant-research/data_store/option_greeks_2017/UHS.parquet: per_1.00_iv (per-unit share 1.00, per-point share 0.00, median dP/vega ratio 0.0100, theta/day share 1.00)
15:48:37 voltium.loaders vega convention for /Users/andrew/Projects/quant-research/data_store/option_greeks_2017/ULTA.parquet: per_1.00_iv (per-unit share 1.00, per-point share 0.00, median dP/vega ratio 0.0100, theta/day share 1.00)
15:48:38 voltium.loaders vega convention for /Users/andrew/Projects/quant-research/data_store/option_greeks_2017/UNH.parquet: per_1.00_iv (per-unit share 1.00, per-point share 0.00, median dP/vega ratio 0.0100, theta/day share 1.00)
15:48:38 voltium.loaders vega convention for /Users/andrew/Projects/quant-research/data_store/option_greeks_2017/UNM.parquet: per_1.00_iv (per-unit share 1.00, per-point share 0.00, median dP/vega ratio 0.0100, theta/day share 1.00)
15:48:38 voltium.loaders vega convention for /Users/andrew/Projects/quant-research/data_store/option_greeks_2017/UNP.parquet: per_1.00_iv (per-unit share 1.00, per-point share 0.00, median dP/vega ratio 0.0100, theta/day share 1.00)
15:48:38 voltium.providers.base materialize: 600/659 symbols
15:48:38 voltium.loaders vega convention for /Users/andrew/Projects/quant-research/data_store/option_greeks_2017/UPS.parquet: per_1.00_iv (per-unit share 1.00, per-point share 0.00, median dP/vega ratio 0.0100, theta/day share 1.00)
15:48:39 voltium.loaders vega convention for /Users/andrew/Projects/quant-research/data_store/option_greeks_2017/URI.parquet: per_1.00_iv (per-unit share 1.00, per-point share 0.00, median dP/vega ratio 0.0100, theta/day share 1.00)
15:48:39 voltium.loaders vega convention for /Users/andrew/Projects/quant-research/data_store/option_greeks_2017/USB.parquet: per_1.00_iv (per-unit share 1.00, per-point share 0.00, median dP/vega ratio 0.0100, theta/day share 1.00)
15:48:39 voltium.loaders vega convention for /Users/andrew/Projects/quant-research/data_store/option_greeks_2017/V.parquet: per_1.00_iv (per-unit share 1.00, per-point share 0.00, median dP/vega ratio 0.0100, theta/day share 1.00)
15:48:39 voltium.loaders vega convention for /Users/andrew/Projects/quant-research/data_store/option_greeks_2017/VAR.parquet: per_1.00_iv (per-unit share 1.00, per-point share 0.00, median dP/vega ratio 0.0100, theta/day share 1.00)
15:48:39 voltium.loaders vega convention for /Users/andrew/Projects/quant-research/data_store/option_greeks_2017/VFC.parquet: per_1.00_iv (per-unit share 1.00, per-point share 0.00, median dP/vega ratio 0.0100, theta/day share 1.00)
15:48:39 voltium.loaders vega convention for /Users/andrew/Projects/quant-research/data_store/option_greeks_2017/VIAB.parquet: per_1.00_iv (per-unit share 1.00, per-point share 0.00, median dP/vega ratio 0.0100, theta/day share 1.00)
15:48:39 voltium.loaders vega convention for /Users/andrew/Projects/quant-research/data_store/option_greeks_2022/VICI.parquet: per_1.00_iv (per-unit share 1.00, per-point share 0.00, median dP/vega ratio 0.0102, theta/day share 1.00)
15:48:40 voltium.loaders vega convention for /Users/andrew/Projects/quant-research/data_store/option_greeks_2017/VLO.parquet: per_1.00_iv (per-unit share 1.00, per-point share 0.00, median dP/vega ratio 0.0100, theta/day share 1.00)
15:48:40 voltium.loaders vega convention for /Users/andrew/Projects/quant-research/data_store/option_greeks_2023/VLTO.parquet: per_1.00_iv (per-unit share 1.00, per-point share 0.00, median dP/vega ratio 0.0100, theta/day share 1.00)
15:48:40 voltium.loaders vega convention for /Users/andrew/Projects/quant-research/data_store/option_greeks_2017/VMC.parquet: per_1.00_iv (per-unit share 1.00, per-point share 0.00, median dP/vega ratio 0.0100, theta/day share 1.00)
15:48:40 voltium.loaders vega convention for /Users/andrew/Projects/quant-research/data_store/option_greeks_2017/VNO.parquet: per_1.00_iv (per-unit share 1.00, per-point share 0.00, median dP/vega ratio 0.0100, theta/day share 1.00)
15:48:40 voltium.loaders vega convention for /Users/andrew/Projects/quant-research/data_store/option_greeks_2020/VNT.parquet: per_1.00_iv (per-unit share 1.00, per-point share 0.00, median dP/vega ratio 0.0100, theta/day share 1.00)
15:48:40 voltium.loaders vega convention for /Users/andrew/Projects/quant-research/data_store/option_greeks_2017/VRSK.parquet: per_1.00_iv (per-unit share 1.00, per-point share 0.00, median dP/vega ratio 0.0100, theta/day share 1.00)
15:48:40 voltium.loaders vega convention for /Users/andrew/Projects/quant-research/data_store/option_greeks_2017/VRSN.parquet: per_1.00_iv (per-unit share 1.00, per-point share 0.00, median dP/vega ratio 0.0100, theta/day share 1.00)
15:48:40 voltium.loaders vega convention for /Users/andrew/Projects/quant-research/data_store/option_greeks_2017/VRTX.parquet: per_1.00_iv (per-unit share 1.00, per-point share 0.00, median dP/vega ratio 0.0100, theta/day share 1.00)
15:48:40 voltium.loaders vega convention for /Users/andrew/Projects/quant-research/data_store/option_greeks_2024/VST.parquet: per_1.00_iv (per-unit share 1.00, per-point share 0.00, median dP/vega ratio 0.0100, theta/day share 1.00)
15:48:40 voltium.loaders vega convention for /Users/andrew/Projects/quant-research/data_store/option_greeks_2017/VTR.parquet: per_1.00_iv (per-unit share 1.00, per-point share 0.00, median dP/vega ratio 0.0101, theta/day share 1.00)
15:48:40 voltium.loaders vega convention for /Users/andrew/Projects/quant-research/data_store/option_greeks_2020/VTRS.parquet: per_1.00_iv (per-unit share 1.00, per-point share 0.00, median dP/vega ratio 0.0100, theta/day share 1.00)
15:48:41 voltium.loaders vega convention for /Users/andrew/Projects/quant-research/data_store/option_greeks_2017/VZ.parquet: per_1.00_iv (per-unit share 1.00, per-point share 0.00, median dP/vega ratio 0.0101, theta/day share 1.00)
15:48:41 voltium.loaders vega convention for /Users/andrew/Projects/quant-research/data_store/option_greeks_2019/WAB.parquet: per_1.00_iv (per-unit share 1.00, per-point share 0.00, median dP/vega ratio 0.0100, theta/day share 1.00)
15:48:41 voltium.loaders vega convention for /Users/andrew/Projects/quant-research/data_store/option_greeks_2017/WAT.parquet: per_1.00_iv (per-unit share 1.00, per-point share 0.00, median dP/vega ratio 0.0100, theta/day share 1.00)
15:48:41 voltium.loaders vega convention for /Users/andrew/Projects/quant-research/data_store/option_greeks_2017/WBA.parquet: per_1.00_iv (per-unit share 1.00, per-point share 0.00, median dP/vega ratio 0.0100, theta/day share 1.00)
15:48:41 voltium.loaders vega convention for /Users/andrew/Projects/quant-research/data_store/option_greeks_2022/WBD.parquet: per_1.00_iv (per-unit share 1.00, per-point share 0.00, median dP/vega ratio 0.0100, theta/day share 1.00)
15:48:41 voltium.loaders vega convention for /Users/andrew/Projects/quant-research/data_store/option_greeks_2018/WCG.parquet: per_1.00_iv (per-unit share 1.00, per-point share 0.00, median dP/vega ratio 0.0100, theta/day share 1.00)
15:48:41 voltium.loaders vega convention for /Users/andrew/Projects/quant-research/data_store/option_greeks_2024/WDAY.parquet: per_1.00_iv (per-unit share 1.00, per-point share 0.00, median dP/vega ratio 0.0100, theta/day share 1.00)
15:48:41 voltium.loaders vega convention for /Users/andrew/Projects/quant-research/data_store/option_greeks_2017/WDC.parquet: per_1.00_iv (per-unit share 1.00, per-point share 0.00, median dP/vega ratio 0.0100, theta/day share 1.00)
15:48:41 voltium.loaders vega convention for /Users/andrew/Projects/quant-research/data_store/option_greeks_2017/WEC.parquet: per_1.00_iv (per-unit share 1.00, per-point share 0.00, median dP/vega ratio 0.0101, theta/day share 1.00)
15:48:42 voltium.loaders vega convention for /Users/andrew/Projects/quant-research/data_store/option_greeks_2018/WELL.parquet: per_1.00_iv (per-unit share 1.00, per-point share 0.00, median dP/vega ratio 0.0102, theta/day share 1.00)
15:48:42 voltium.loaders vega convention for /Users/andrew/Projects/quant-research/data_store/option_greeks_2017/WFC.parquet: per_1.00_iv (per-unit share 1.00, per-point share 0.00, median dP/vega ratio 0.0100, theta/day share 1.00)
15:48:42 voltium.loaders vega convention for /Users/andrew/Projects/quant-research/data_store/option_greeks_2017/WFM.parquet: per_1.00_iv (per-unit share 1.00, per-point share 0.00, median dP/vega ratio 0.0101, theta/day share 1.00)
15:48:42 voltium.loaders vega convention for /Users/andrew/Projects/quant-research/data_store/option_greeks_2017/WHR.parquet: per_1.00_iv (per-unit share 1.00, per-point share 0.00, median dP/vega ratio 0.0100, theta/day share 1.00)
15:48:42 voltium.loaders vega convention for /Users/andrew/Projects/quant-research/data_store/option_greeks_2017/WLTW.parquet: per_1.00_iv (per-unit share 1.00, per-point share 0.00, median dP/vega ratio 0.0100, theta/day share 1.00)
15:48:42 voltium.loaders vega convention for /Users/andrew/Projects/quant-research/data_store/option_greeks_2017/WM.parquet: per_1.00_iv (per-unit share 1.00, per-point share 0.00, median dP/vega ratio 0.0100, theta/day share 1.00)
15:48:42 voltium.loaders vega convention for /Users/andrew/Projects/quant-research/data_store/option_greeks_2017/WMB.parquet: per_1.00_iv (per-unit share 1.00, per-point share 0.00, median dP/vega ratio 0.0100, theta/day share 1.00)
15:48:42 voltium.loaders vega convention for /Users/andrew/Projects/quant-research/data_store/option_greeks_2017/WMT.parquet: per_1.00_iv (per-unit share 1.00, per-point share 0.00, median dP/vega ratio 0.0100, theta/day share 1.00)
15:48:42 voltium.loaders vega convention for /Users/andrew/Projects/quant-research/data_store/option_greeks_2019/WRB.parquet: per_1.00_iv (per-unit share 1.00, per-point share 0.00, median dP/vega ratio 0.0100, theta/day share 1.00)
15:48:43 voltium.loaders vega convention for /Users/andrew/Projects/quant-research/data_store/option_greeks/WSM.parquet: per_1.00_iv (per-unit share 1.00, per-point share 0.00, median dP/vega ratio 0.0101, theta/day share 1.00)
15:48:43 voltium.loaders vega convention for /Users/andrew/Projects/quant-research/data_store/option_greeks_2020/WST.parquet: per_1.00_iv (per-unit share 1.00, per-point share 0.00, median dP/vega ratio 0.0100, theta/day share 1.00)
15:48:43 voltium.loaders vega convention for /Users/andrew/Projects/quant-research/data_store/option_greeks_2022/WTW.parquet: per_1.00_iv (per-unit share 1.00, per-point share 0.00, median dP/vega ratio 0.0099, theta/day share 1.00)
15:48:43 voltium.loaders vega convention for /Users/andrew/Projects/quant-research/data_store/option_greeks_2017/WU.parquet: per_1.00_iv (per-unit share 1.00, per-point share 0.00, median dP/vega ratio 0.0100, theta/day share 1.00)
15:48:43 voltium.loaders vega convention for /Users/andrew/Projects/quant-research/data_store/option_greeks_2017/WY.parquet: per_1.00_iv (per-unit share 1.00, per-point share 0.00, median dP/vega ratio 0.0100, theta/day share 1.00)
15:48:43 voltium.loaders vega convention for /Users/andrew/Projects/quant-research/data_store/option_greeks_2017/WYN.parquet: per_1.00_iv (per-unit share 1.00, per-point share 0.00, median dP/vega ratio 0.0100, theta/day share 1.00)
15:48:43 voltium.loaders vega convention for /Users/andrew/Projects/quant-research/data_store/option_greeks_2017/WYNN.parquet: per_1.00_iv (per-unit share 1.00, per-point share 0.00, median dP/vega ratio 0.0100, theta/day share 1.00)
15:48:43 voltium.loaders vega convention for /Users/andrew/Projects/quant-research/data_store/option_greeks_2017/XEC.parquet: per_1.00_iv (per-unit share 1.00, per-point share 0.00, median dP/vega ratio 0.0100, theta/day share 1.00)
15:48:43 voltium.loaders vega convention for /Users/andrew/Projects/quant-research/data_store/option_greeks_2017/XEL.parquet: per_1.00_iv (per-unit share 1.00, per-point share 0.00, median dP/vega ratio 0.0100, theta/day share 1.00)
15:48:43 voltium.loaders vega convention for /Users/andrew/Projects/quant-research/data_store/option_greeks_2017/XL.parquet: per_1.00_iv (per-unit share 1.00, per-point share 0.00, median dP/vega ratio 0.0100, theta/day share 1.00)
15:48:43 voltium.loaders vega convention for /Users/andrew/Projects/quant-research/data_store/option_greeks_2017/XLNX.parquet: per_1.00_iv (per-unit share 1.00, per-point share 0.00, median dP/vega ratio 0.0100, theta/day share 1.00)
15:48:43 voltium.loaders vega convention for /Users/andrew/Projects/quant-research/data_store/option_greeks_2017/XOM.parquet: per_1.00_iv (per-unit share 1.00, per-point share 0.00, median dP/vega ratio 0.0100, theta/day share 1.00)
15:48:44 voltium.loaders vega convention for /Users/andrew/Projects/quant-research/data_store/option_greeks_2017/XRAY.parquet: per_1.00_iv (per-unit share 1.00, per-point share 0.00, median dP/vega ratio 0.0101, theta/day share 1.00)
15:48:44 voltium.loaders vega convention for /Users/andrew/Projects/quant-research/data_store/option_greeks_2017/XRX.parquet: per_1.00_iv (per-unit share 1.00, per-point share 0.00, median dP/vega ratio 0.0100, theta/day share 1.00)
15:48:44 voltium.loaders vega convention for /Users/andrew/Projects/quant-research/data_store/option_greeks_2017/XYL.parquet: per_1.00_iv (per-unit share 1.00, per-point share 0.00, median dP/vega ratio 0.0101, theta/day share 1.00)
15:48:44 voltium.loaders vega convention for /Users/andrew/Projects/quant-research/data_store/option_greeks/XYZ.parquet: per_1.00_iv (per-unit share 1.00, per-point share 0.00, median dP/vega ratio 0.0100, theta/day share 1.00)
15:48:44 voltium.loaders vega convention for /Users/andrew/Projects/quant-research/data_store/option_greeks_2017/YHOO.parquet: per_1.00_iv (per-unit share 1.00, per-point share 0.00, median dP/vega ratio 0.0100, theta/day share 1.00)
15:48:44 voltium.loaders vega convention for /Users/andrew/Projects/quant-research/data_store/option_greeks_2017/YUM.parquet: per_1.00_iv (per-unit share 1.00, per-point share 0.00, median dP/vega ratio 0.0101, theta/day share 1.00)
15:48:44 voltium.loaders vega convention for /Users/andrew/Projects/quant-research/data_store/option_greeks_2017/ZBH.parquet: per_1.00_iv (per-unit share 1.00, per-point share 0.00, median dP/vega ratio 0.0100, theta/day share 1.00)
15:48:44 voltium.loaders vega convention for /Users/andrew/Projects/quant-research/data_store/option_greeks_2019/ZBRA.parquet: per_1.00_iv (per-unit share 1.00, per-point share 0.00, median dP/vega ratio 0.0100, theta/day share 1.00)
15:48:44 voltium.loaders vega convention for /Users/andrew/Projects/quant-research/data_store/option_greeks_2017/ZION.parquet: per_1.00_iv (per-unit share 1.00, per-point share 0.00, median dP/vega ratio 0.0100, theta/day share 1.00)
15:48:44 voltium.loaders vega convention for /Users/andrew/Projects/quant-research/data_store/option_greeks_2017/ZTS.parquet: per_1.00_iv (per-unit share 1.00, per-point share 0.00, median dP/vega ratio 0.0100, theta/day share 1.00)
15:48:44 voltium.providers.base materialize: 659/659 symbols
15:48:44 voltium.loaders vega convention for /Users/andrew/Projects/quant-research/data_store/index_greeks_2017/SPX.parquet: per_1.00_iv (per-unit share 1.00, per-point share 0.00, median dP/vega ratio 0.0100, theta/day share 1.00)
15:48:48 level_book signal: 894366 rows, spx factor used: True
15:48:48 voltium.loaders vega convention for /Users/andrew/Projects/quant-research/data_store/option_greeks_2018/A.parquet: per_1.00_iv (per-unit share 1.00, per-point share 0.00, median dP/vega ratio 0.0100, theta/day share 1.00)
15:49:03 voltium.backtester 2018-07-02  positions=9  day pnl=-4196  cum pnl=-4196
15:51:03 voltium.backtester 2018-07-17  positions=26  day pnl=4100  cum pnl=6305
15:52:57 voltium.backtester 2018-07-31  positions=28  day pnl=563  cum pnl=38381
15:54:57 voltium.backtester 2018-08-14  positions=28  day pnl=2674  cum pnl=-25279
15:56:50 voltium.backtester 2018-08-28  positions=26  day pnl=-2881  cum pnl=3544
15:58:55 voltium.backtester 2018-09-12  positions=27  day pnl=298  cum pnl=-18694
17:20:42 voltium.backtester 2018-09-26  positions=36  day pnl=2188  cum pnl=-40255
17:22:04 voltium.backtester 2018-10-10  positions=35  day pnl=-1431  cum pnl=-77488
17:22:31 voltium.backtester 2018-10-24  positions=32  day pnl=10955  cum pnl=-81400
17:22:56 voltium.backtester 2018-11-07  positions=32  day pnl=-5365  cum pnl=-243925
17:23:23 voltium.backtester 2018-11-21  positions=40  day pnl=7464  cum pnl=-331297
17:23:50 voltium.backtester 2018-12-07  positions=41  day pnl=-2321  cum pnl=-356962
17:24:21 voltium.backtester 2018-12-21  positions=42  day pnl=3199  cum pnl=-373328
17:24:37 voltium.loaders vega convention for /Users/andrew/Projects/quant-research/data_store/option_greeks_2019/A.parquet: per_1.00_iv (per-unit share 1.00, per-point share 0.00, median dP/vega ratio 0.0100, theta/day share 1.00)
17:24:57 voltium.backtester 2019-01-08  positions=41  day pnl=3137  cum pnl=-425398
17:25:38 voltium.backtester 2019-01-23  positions=41  day pnl=-997  cum pnl=-434019
17:26:18 voltium.backtester 2019-02-06  positions=42  day pnl=-8156  cum pnl=-490047
17:26:58 voltium.backtester 2019-02-21  positions=44  day pnl=-1950  cum pnl=-516481
17:27:38 voltium.backtester 2019-03-07  positions=42  day pnl=-1330  cum pnl=-570931
17:28:19 voltium.backtester 2019-03-21  positions=33  day pnl=-10046  cum pnl=-592179
17:28:59 voltium.backtester 2019-04-04  positions=34  day pnl=-4611  cum pnl=-598101
17:29:40 voltium.backtester 2019-04-18  positions=34  day pnl=5062  cum pnl=-585086
17:30:23 voltium.backtester 2019-05-03  positions=33  day pnl=-2511  cum pnl=-623075
17:31:06 voltium.backtester 2019-05-17  positions=38  day pnl=-12345  cum pnl=-619266
17:31:49 voltium.backtester 2019-06-03  positions=38  day pnl=-22314  cum pnl=-575748
17:32:31 voltium.backtester 2019-06-17  positions=41  day pnl=-3167  cum pnl=-590816
17:33:12 voltium.backtester 2019-07-01  positions=35  day pnl=-34852  cum pnl=-608080
17:33:52 voltium.backtester 2019-07-16  positions=37  day pnl=-75  cum pnl=-609585
17:34:32 voltium.backtester 2019-07-30  positions=30  day pnl=-19699  cum pnl=-671249
17:35:11 voltium.backtester 2019-08-13  positions=32  day pnl=2313  cum pnl=-718894
17:35:48 voltium.backtester 2019-08-27  positions=30  day pnl=-4308  cum pnl=-811848
17:36:24 voltium.backtester 2019-09-11  positions=31  day pnl=-14000  cum pnl=-840799
17:36:59 voltium.backtester 2019-09-25  positions=36  day pnl=538  cum pnl=-839817
17:37:35 voltium.backtester 2019-10-09  positions=38  day pnl=-45  cum pnl=-851900
17:38:10 voltium.backtester 2019-10-23  positions=49  day pnl=5624  cum pnl=-867055
17:38:45 voltium.backtester 2019-11-06  positions=39  day pnl=1237  cum pnl=-977259
17:39:21 voltium.backtester 2019-11-20  positions=49  day pnl=-8802  cum pnl=-1004014
17:39:56 voltium.backtester 2019-12-05  positions=47  day pnl=11292  cum pnl=-990627
17:40:30 voltium.backtester 2019-12-19  positions=49  day pnl=242  cum pnl=-1005825
17:40:55 voltium.loaders vega convention for /Users/andrew/Projects/quant-research/data_store/option_greeks_2020/A.parquet: per_1.00_iv (per-unit share 1.00, per-point share 0.00, median dP/vega ratio 0.0100, theta/day share 1.00)
17:41:08 voltium.backtester 2020-01-06  positions=38  day pnl=-772  cum pnl=-1061694
17:41:50 voltium.backtester 2020-01-21  positions=39  day pnl=1745  cum pnl=-1040769
17:42:31 voltium.backtester 2020-02-04  positions=40  day pnl=-5616  cum pnl=-1085787
17:43:12 voltium.backtester 2020-02-19  positions=36  day pnl=10154  cum pnl=-1126477
17:43:55 voltium.backtester 2020-03-04  positions=38  day pnl=18682  cum pnl=-1167608
17:44:37 voltium.backtester 2020-03-18  positions=26  day pnl=-60375  cum pnl=-1632445
17:45:19 voltium.backtester 2020-04-01  positions=23  day pnl=-23374  cum pnl=-1928605
17:46:00 voltium.backtester 2020-04-16  positions=27  day pnl=-38964  cum pnl=-2004143
17:46:41 voltium.backtester 2020-04-30  positions=32  day pnl=-4333  cum pnl=-1970818
17:47:22 voltium.backtester 2020-05-14  positions=37  day pnl=2376  cum pnl=-1979427
17:48:03 voltium.backtester 2020-05-29  positions=39  day pnl=9060  cum pnl=-2038608
17:48:45 voltium.backtester 2020-06-12  positions=43  day pnl=-20227  cum pnl=-2367342
17:49:28 voltium.backtester 2020-06-26  positions=47  day pnl=-11943  cum pnl=-2339879
17:50:11 voltium.backtester 2020-07-13  positions=55  day pnl=-8769  cum pnl=-2424958
17:50:53 voltium.backtester 2020-07-27  positions=54  day pnl=-10823  cum pnl=-2452527
17:51:35 voltium.backtester 2020-08-10  positions=49  day pnl=-7366  cum pnl=-2530177
17:52:16 voltium.backtester 2020-08-24  positions=56  day pnl=-15725  cum pnl=-2544417
17:52:56 voltium.backtester 2020-09-08  positions=54  day pnl=-8484  cum pnl=-2590539
17:53:37 voltium.backtester 2020-09-22  positions=46  day pnl=-152  cum pnl=-2566618
17:54:18 voltium.backtester 2020-10-06  positions=44  day pnl=3755  cum pnl=-2621624
17:55:01 voltium.backtester 2020-10-20  positions=51  day pnl=-2764  cum pnl=-2601467
17:55:43 voltium.backtester 2020-11-03  positions=53  day pnl=-4381  cum pnl=-2683267
17:56:25 voltium.backtester 2020-11-17  positions=49  day pnl=-1860  cum pnl=-2744887
17:57:05 voltium.backtester 2020-12-02  positions=56  day pnl=4822  cum pnl=-2779514
17:57:46 voltium.backtester 2020-12-16  positions=55  day pnl=-22084  cum pnl=-2799763
17:58:27 voltium.backtester 2020-12-31  positions=47  day pnl=1039  cum pnl=-2818576
17:58:27 voltium.loaders vega convention for /Users/andrew/Projects/quant-research/data_store/option_greeks_2021/A.parquet: per_1.00_iv (per-unit share 1.00, per-point share 0.00, median dP/vega ratio 0.0100, theta/day share 1.00)
17:59:10 voltium.backtester 2021-01-15  positions=48  day pnl=3961  cum pnl=-2813685
17:59:55 voltium.backtester 2021-02-01  positions=47  day pnl=-28733  cum pnl=-2881339
18:00:38 voltium.backtester 2021-02-16  positions=46  day pnl=-7032  cum pnl=-2885184
18:01:21 voltium.backtester 2021-03-02  positions=48  day pnl=-2340  cum pnl=-2905882
18:02:05 voltium.backtester 2021-03-16  positions=44  day pnl=7110  cum pnl=-2927681
18:02:47 voltium.backtester 2021-03-30  positions=43  day pnl=-273  cum pnl=-2968231
18:03:31 voltium.backtester 2021-04-14  positions=45  day pnl=5220  cum pnl=-2958324
18:04:13 voltium.backtester 2021-04-28  positions=45  day pnl=-3436  cum pnl=-2985877
18:04:56 voltium.backtester 2021-05-12  positions=41  day pnl=-8126  cum pnl=-3025897
18:05:39 voltium.backtester 2021-05-26  positions=44  day pnl=-3548  cum pnl=-3018288
18:06:23 voltium.backtester 2021-06-10  positions=48  day pnl=-6101  cum pnl=-3037197
18:07:06 voltium.backtester 2021-06-24  positions=46  day pnl=10777  cum pnl=-3059113
18:07:49 voltium.backtester 2021-07-09  positions=38  day pnl=-98  cum pnl=-3096811
18:08:33 voltium.backtester 2021-07-23  positions=35  day pnl=12291  cum pnl=-3101944
18:09:16 voltium.backtester 2021-08-06  positions=34  day pnl=7337  cum pnl=-3142933
18:09:59 voltium.backtester 2021-08-20  positions=38  day pnl=5289  cum pnl=-3135959
18:10:42 voltium.backtester 2021-09-03  positions=36  day pnl=-1479  cum pnl=-3145085
18:11:26 voltium.backtester 2021-09-20  positions=41  day pnl=-9135  cum pnl=-3144317
18:12:08 voltium.backtester 2021-10-04  positions=40  day pnl=163  cum pnl=-3173622
18:12:50 voltium.backtester 2021-10-18  positions=43  day pnl=-5544  cum pnl=-3161780
18:13:34 voltium.backtester 2021-11-01  positions=46  day pnl=-48411  cum pnl=-3233412
18:14:16 voltium.backtester 2021-11-15  positions=50  day pnl=-3978  cum pnl=-3264191
18:14:59 voltium.backtester 2021-11-30  positions=48  day pnl=8951  cum pnl=-3323086
18:15:41 voltium.backtester 2021-12-14  positions=48  day pnl=-1802  cum pnl=-3344423
18:16:24 voltium.backtester 2021-12-29  positions=49  day pnl=-13889  cum pnl=-3377381
18:16:32 voltium.loaders vega convention for /Users/andrew/Projects/quant-research/data_store/option_greeks_2022/A.parquet: per_1.00_iv (per-unit share 1.00, per-point share 0.00, median dP/vega ratio 0.0100, theta/day share 1.00)
18:17:06 voltium.backtester 2022-01-12  positions=43  day pnl=-3089  cum pnl=-3465705
18:17:48 voltium.backtester 2022-01-27  positions=41  day pnl=1290  cum pnl=-3524915
18:18:30 voltium.backtester 2022-02-10  positions=43  day pnl=4133  cum pnl=-3570062
18:19:12 voltium.backtester 2022-02-25  positions=40  day pnl=7303  cum pnl=-3567941
18:19:56 voltium.backtester 2022-03-11  positions=31  day pnl=-3902  cum pnl=-3609346
18:20:40 voltium.backtester 2022-03-25  positions=32  day pnl=-4300  cum pnl=-3613997
18:21:22 voltium.backtester 2022-04-08  positions=35  day pnl=-2833  cum pnl=-3659027
18:22:06 voltium.backtester 2022-04-25  positions=33  day pnl=-1800  cum pnl=-3665611
18:22:48 voltium.backtester 2022-05-09  positions=30  day pnl=-13554  cum pnl=-3683381
18:23:31 voltium.backtester 2022-05-23  positions=36  day pnl=4529  cum pnl=-3734564
18:24:13 voltium.backtester 2022-06-07  positions=39  day pnl=741  cum pnl=-3755344
18:24:55 voltium.backtester 2022-06-22  positions=36  day pnl=-5280  cum pnl=-3813569
18:25:37 voltium.backtester 2022-07-07  positions=29  day pnl=-4179  cum pnl=-3851163
18:26:20 voltium.backtester 2022-07-21  positions=31  day pnl=9531  cum pnl=-3840078
18:27:01 voltium.backtester 2022-08-04  positions=31  day pnl=2697  cum pnl=-3897472
18:27:42 voltium.backtester 2022-08-18  positions=33  day pnl=-4390  cum pnl=-3906330
18:28:25 voltium.backtester 2022-09-01  positions=31  day pnl=508  cum pnl=-3949977
18:29:07 voltium.backtester 2022-09-16  positions=37  day pnl=-3143  cum pnl=-3942212
18:29:49 voltium.backtester 2022-09-30  positions=38  day pnl=-5386  cum pnl=-3973207
18:30:33 voltium.backtester 2022-10-14  positions=41  day pnl=-8492  cum pnl=-4031591
18:31:16 voltium.backtester 2022-10-28  positions=39  day pnl=18482  cum pnl=-4037544
18:31:58 voltium.backtester 2022-11-11  positions=42  day pnl=-304  cum pnl=-4131381
18:32:42 voltium.backtester 2022-11-28  positions=50  day pnl=-18278  cum pnl=-4143503
18:33:26 voltium.backtester 2022-12-12  positions=50  day pnl=-4812  cum pnl=-4131171
18:34:09 voltium.backtester 2022-12-27  positions=48  day pnl=-6029  cum pnl=-4123399
18:34:22 voltium.loaders vega convention for /Users/andrew/Projects/quant-research/data_store/option_greeks_2023/A.parquet: per_1.00_iv (per-unit share 1.00, per-point share 0.00, median dP/vega ratio 0.0101, theta/day share 1.00)
18:34:53 voltium.backtester 2023-01-11  positions=39  day pnl=-1165  cum pnl=-4143982
18:35:37 voltium.backtester 2023-01-26  positions=43  day pnl=-551  cum pnl=-4154434
18:36:21 voltium.backtester 2023-02-09  positions=42  day pnl=2949  cum pnl=-4207038
18:37:04 voltium.backtester 2023-02-24  positions=44  day pnl=-228  cum pnl=-4198255
18:37:48 voltium.backtester 2023-03-10  positions=43  day pnl=-14789  cum pnl=-4228925
18:38:32 voltium.backtester 2023-03-24  positions=37  day pnl=150  cum pnl=-4255986
18:39:19 voltium.backtester 2023-04-10  positions=43  day pnl=-12402  cum pnl=-4302475
18:40:03 voltium.backtester 2023-04-24  positions=48  day pnl=-14438  cum pnl=-4328013
18:40:47 voltium.backtester 2023-05-08  positions=44  day pnl=8969  cum pnl=-4335875
18:41:31 voltium.backtester 2023-05-22  positions=49  day pnl=15764  cum pnl=-4306117
18:42:15 voltium.backtester 2023-06-06  positions=46  day pnl=-9066  cum pnl=-4393049
18:42:59 voltium.backtester 2023-06-21  positions=48  day pnl=3813  cum pnl=-4394382
18:43:44 voltium.backtester 2023-07-06  positions=43  day pnl=2415  cum pnl=-4432739
18:44:26 voltium.backtester 2023-07-20  positions=50  day pnl=7517  cum pnl=-4461344
18:45:09 voltium.backtester 2023-08-03  positions=40  day pnl=11167  cum pnl=-4506819
18:45:53 voltium.backtester 2023-08-17  positions=40  day pnl=-13697  cum pnl=-4494509
18:46:38 voltium.backtester 2023-08-31  positions=38  day pnl=-9421  cum pnl=-4503935
18:47:22 voltium.backtester 2023-09-15  positions=42  day pnl=2817  cum pnl=-4523327
18:48:05 voltium.backtester 2023-09-29  positions=44  day pnl=5753  cum pnl=-4534448
18:48:49 voltium.backtester 2023-10-13  positions=44  day pnl=-996  cum pnl=-4586309
18:49:33 voltium.backtester 2023-10-27  positions=39  day pnl=-7917  cum pnl=-4645645
18:50:18 voltium.backtester 2023-11-10  positions=45  day pnl=4666  cum pnl=-4679276
18:51:04 voltium.backtester 2023-11-27  positions=46  day pnl=-30520  cum pnl=-4691954
18:51:48 voltium.backtester 2023-12-11  positions=51  day pnl=-22828  cum pnl=-4715462
18:52:31 voltium.backtester 2023-12-26  positions=50  day pnl=1238  cum pnl=-4733450
18:52:43 voltium.loaders vega convention for /Users/andrew/Projects/quant-research/data_store/option_greeks_2024/A.parquet: per_1.00_iv (per-unit share 1.00, per-point share 0.00, median dP/vega ratio 0.0100, theta/day share 1.00)
18:53:21 voltium.backtester 2024-01-10  positions=42  day pnl=-4630  cum pnl=-4791743
18:54:12 voltium.backtester 2024-01-25  positions=48  day pnl=-2723  cum pnl=-4802810
18:55:03 voltium.backtester 2024-02-08  positions=44  day pnl=1852  cum pnl=-4839533
18:55:56 voltium.backtester 2024-02-23  positions=48  day pnl=-668  cum pnl=-4840900
18:56:48 voltium.backtester 2024-03-08  positions=39  day pnl=-2191  cum pnl=-4907029
18:57:38 voltium.backtester 2024-03-22  positions=41  day pnl=-1270  cum pnl=-4895620
18:58:31 voltium.backtester 2024-04-08  positions=43  day pnl=-9285  cum pnl=-4970829
18:59:22 voltium.backtester 2024-04-22  positions=50  day pnl=-7973  cum pnl=-4986108
19:00:14 voltium.backtester 2024-05-06  positions=44  day pnl=-3184  cum pnl=-5034907
19:01:06 voltium.backtester 2024-05-20  positions=44  day pnl=-4852  cum pnl=-5026944
19:02:00 voltium.backtester 2024-06-04  positions=41  day pnl=-898  cum pnl=-5085412
19:02:52 voltium.backtester 2024-06-18  positions=51  day pnl=6883  cum pnl=-5081132
19:03:43 voltium.backtester 2024-07-03  positions=51  day pnl=-2843  cum pnl=-5122389
19:04:34 voltium.backtester 2024-07-18  positions=51  day pnl=1961  cum pnl=-5144009
19:05:27 voltium.backtester 2024-08-01  positions=54  day pnl=-11672  cum pnl=-5191888
19:06:17 voltium.backtester 2024-08-15  positions=53  day pnl=-12387  cum pnl=-5229151
19:07:09 voltium.backtester 2024-08-29  positions=52  day pnl=-12462  cum pnl=-5247562
19:08:01 voltium.backtester 2024-09-13  positions=41  day pnl=-1988  cum pnl=-5333745
19:08:51 voltium.backtester 2024-09-27  positions=40  day pnl=3074  cum pnl=-5391910
19:09:42 voltium.backtester 2024-10-11  positions=47  day pnl=935  cum pnl=-5421792
19:10:33 voltium.backtester 2024-10-25  positions=44  day pnl=-8571  cum pnl=-5442031
19:11:26 voltium.backtester 2024-11-08  positions=38  day pnl=-1994  cum pnl=-5505520
19:12:18 voltium.backtester 2024-11-22  positions=40  day pnl=4926  cum pnl=-5548728
19:13:10 voltium.backtester 2024-12-09  positions=36  day pnl=431  cum pnl=-5560248
19:14:04 voltium.backtester 2024-12-23  positions=34  day pnl=-12509  cum pnl=-5566114
19:14:29 voltium.loaders vega convention for /Users/andrew/Projects/quant-research/data_store/option_greeks/A.parquet: per_1.00_iv (per-unit share 1.00, per-point share 0.00, median dP/vega ratio 0.0101, theta/day share 1.00)
19:14:57 voltium.backtester 2025-01-08  positions=30  day pnl=-9202  cum pnl=-5618135
19:15:51 voltium.backtester 2025-01-24  positions=32  day pnl=5314  cum pnl=-5616942
19:16:47 voltium.backtester 2025-02-07  positions=37  day pnl=5843  cum pnl=-5656170
19:17:43 voltium.backtester 2025-02-24  positions=41  day pnl=-1466  cum pnl=-5706409
19:18:38 voltium.backtester 2025-03-10  positions=40  day pnl=-36327  cum pnl=-5818141
19:19:32 voltium.backtester 2025-03-24  positions=39  day pnl=-6925  cum pnl=-5788653
19:20:28 voltium.backtester 2025-04-07  positions=41  day pnl=-31455  cum pnl=-5940525
19:21:22 voltium.backtester 2025-04-22  positions=43  day pnl=-21192  cum pnl=-5963149
19:22:17 voltium.backtester 2025-05-06  positions=43  day pnl=3132  cum pnl=-5972995
19:23:12 voltium.backtester 2025-05-20  positions=38  day pnl=1416  cum pnl=-6054031
19:24:06 voltium.backtester 2025-06-04  positions=44  day pnl=4971  cum pnl=-6097008
19:25:01 voltium.backtester 2025-06-18  positions=49  day pnl=7707  cum pnl=-6113868
19:25:40 voltium.backtester 2025-06-30  positions=45  day pnl=-21545  cum pnl=-6134515
19:25:40 level_book backtest done (13384s)

=== summary ===
                            sessions: 1758
                      mean_positions: 41.1712
                     mean_gross_vega: 11,989.2602
                       mean_net_vega: -195.0197
                     total_gross_pnl: 951,949.2374
                          total_cost: 7,086,464.3417
                       total_net_pnl: -6,134,515.1044
                              sharpe: -4.0085
       annual_net_pnl_per_gross_vega: -73.3448
                        max_drawdown: -6,216,967.6393
     annual_turnover_over_gross_vega: 30.4100
                           cost_drag: 7.4442

=== factor regression (net P&L per $ gross vega on the risk factors) ===
shape: (14, 5)
┌────────────────────────┬─────────────┬─────────┬───────────┬──────────────┐
│ regressor              ┆ coefficient ┆ t_stat  ┆ r_squared ┆ observations │
│ ---                    ┆ ---         ┆ ---     ┆ ---       ┆ ---          │
│ str                    ┆ f64         ┆ f64     ┆ f64       ┆ i64          │
╞════════════════════════╪═════════════╪═════════╪═══════════╪══════════════╡
│ const                  ┆ -0.3022     ┆ -9.9049 ┆ 0.0610    ┆ 1758         │
│ Communication Services ┆ 0.0214      ┆ 0.8131  ┆ 0.0610    ┆ 1758         │
│ Consumer Discretionary ┆ -0.0124     ┆ -0.3631 ┆ 0.0610    ┆ 1758         │
│ Consumer Staples       ┆ -0.2057     ┆ -2.9008 ┆ 0.0610    ┆ 1758         │
│ Energy                 ┆ 0.0109      ┆ 0.3789  ┆ 0.0610    ┆ 1758         │
│ Financials             ┆ -0.1718     ┆ -2.2942 ┆ 0.0610    ┆ 1758         │
│ Health Care            ┆ 0.0297      ┆ 0.4509  ┆ 0.0610    ┆ 1758         │
│ Industrials            ┆ 0.1291      ┆ 1.5948  ┆ 0.0610    ┆ 1758         │
│ Information Technology ┆ 0.0558      ┆ 1.1041  ┆ 0.0610    ┆ 1758         │
│ Materials              ┆ -0.0719     ┆ -1.3267 ┆ 0.0610    ┆ 1758         │
│ Real Estate            ┆ -0.1026     ┆ -2.0006 ┆ 0.0610    ┆ 1758         │
│ Utilities              ┆ -0.0542     ┆ -1.6968 ┆ 0.0610    ┆ 1758         │
│ market                 ┆ -0.1062     ┆ -3.3784 ┆ 0.0610    ┆ 1758         │
│ spx_return             ┆ 1.4575      ┆ 0.4662  ┆ 0.0610    ┆ 1758         │
└────────────────────────┴─────────────┴─────────┴───────────┴──────────────┘

=== decile table (forward 60-session P&L per $ vega, long reference straddle) ===
shape: (10, 6)
┌────────┬────────────────────────┬──────────────────────┬──────────────┬────────────┬───────┐
│ decile ┆ gross_fwd_pnl_per_vega ┆ net_fwd_pnl_per_vega ┆ gross_t_stat ┆ mean_names ┆ dates │
│ ---    ┆ ---                    ┆ ---                  ┆ ---          ┆ ---        ┆ ---   │
│ i64    ┆ f64                    ┆ f64                  ┆ f64          ┆ f64        ┆ u32   │
╞════════╪════════════════════════╪══════════════════════╪══════════════╪════════════╪═══════╡
│ 1      ┆ 2.0368                 ┆ -17.6124             ┆ 6.5033       ┆ 46.3713    ┆ 1756  │
│ 2      ┆ 2.2939                 ┆ -17.0351             ┆ 7.3072       ┆ 46.8531    ┆ 1756  │
│ 3      ┆ 2.3426                 ┆ -17.2163             ┆ 7.3458       ┆ 46.7335    ┆ 1756  │
│ 4      ┆ 2.2642                 ┆ -17.6172             ┆ 7.0864       ┆ 46.8622    ┆ 1756  │
│ 5      ┆ 2.2336                 ┆ -18.0557             ┆ 6.9223       ┆ 46.9749    ┆ 1756  │
│ 6      ┆ 2.2458                 ┆ -18.2973             ┆ 7.0053       ┆ 46.6669    ┆ 1756  │
│ 7      ┆ 2.0096                 ┆ -18.5932             ┆ 6.4037       ┆ 46.7506    ┆ 1756  │
│ 8      ┆ 1.7620                 ┆ -19.1933             ┆ 5.7339       ┆ 46.8451    ┆ 1756  │
│ 9      ┆ 1.6859                 ┆ -20.7728             ┆ 5.4966       ┆ 46.7415    ┆ 1756  │
│ 10     ┆ 0.2146                 ┆ -28.2248             ┆ 0.6810       ┆ 47.2893    ┆ 1756  │
└────────┴────────────────────────┴──────────────────────┴──────────────┴────────────┴───────┘

figures in /Users/andrew/Projects/quant-research/voltium/demos/figures (*_vrp_2018_2025.png)  (13385s)
