08:36:32 level_book 533 symbols, history from 2023-10-23, forward to 2025-10-08
08:36:32 voltium.loaders vega convention for /Users/andrew/Projects/quant-research/data_store/option_greeks_2023/A.parquet: per_1.00_iv (per-unit share 1.00, per-point share 0.00, median dP/vega ratio 0.0101, theta/day share 1.00)
08:36:32 voltium.loaders vega convention for /Users/andrew/Projects/quant-research/data_store/option_greeks_2023/AAL.parquet: per_1.00_iv (per-unit share 1.00, per-point share 0.00, median dP/vega ratio 0.0100, theta/day share 1.00)
08:36:32 voltium.loaders vega convention for /Users/andrew/Projects/quant-research/data_store/option_greeks_2023/AAPL.parquet: per_1.00_iv (per-unit share 1.00, per-point share 0.00, median dP/vega ratio 0.0100, theta/day share 1.00)
08:36:33 voltium.loaders vega convention for /Users/andrew/Projects/quant-research/data_store/option_greeks_2023/ABBV.parquet: per_1.00_iv (per-unit share 1.00, per-point share 0.00, median dP/vega ratio 0.0101, theta/day share 1.00)
08:36:33 voltium.loaders vega convention for /Users/andrew/Projects/quant-research/data_store/option_greeks_2023/ABNB.parquet: per_1.00_iv (per-unit share 1.00, per-point share 0.00, median dP/vega ratio 0.0100, theta/day share 1.00)
08:36:34 voltium.loaders vega convention for /Users/andrew/Projects/quant-research/data_store/option_greeks_2023/ABT.parquet: per_1.00_iv (per-unit share 1.00, per-point share 0.00, median dP/vega ratio 0.0101, theta/day share 1.00)
08:36:34 voltium.loaders vega convention for /Users/andrew/Projects/quant-research/data_store/option_greeks_2023/ACGL.parquet: per_1.00_iv (per-unit share 1.00, per-point share 0.00, median dP/vega ratio 0.0101, theta/day share 1.00)
08:36:35 voltium.loaders vega convention for /Users/andrew/Projects/quant-research/data_store/option_greeks_2023/ACN.parquet: per_1.00_iv (per-unit share 1.00, per-point share 0.00, median dP/vega ratio 0.0101, theta/day share 1.00)
08:36:35 voltium.loaders vega convention for /Users/andrew/Projects/quant-research/data_store/option_greeks_2023/ADBE.parquet: per_1.00_iv (per-unit share 1.00, per-point share 0.00, median dP/vega ratio 0.0100, theta/day share 1.00)
08:36:36 voltium.loaders vega convention for /Users/andrew/Projects/quant-research/data_store/option_greeks_2023/ADI.parquet: per_1.00_iv (per-unit share 1.00, per-point share 0.00, median dP/vega ratio 0.0100, theta/day share 1.00)
08:36:36 voltium.loaders vega convention for /Users/andrew/Projects/quant-research/data_store/option_greeks_2023/ADM.parquet: per_1.00_iv (per-unit share 1.00, per-point share 0.00, median dP/vega ratio 0.0100, theta/day share 1.00)
08:36:37 voltium.loaders vega convention for /Users/andrew/Projects/quant-research/data_store/option_greeks_2023/ADP.parquet: per_1.00_iv (per-unit share 1.00, per-point share 0.00, median dP/vega ratio 0.0101, theta/day share 1.00)
08:36:37 voltium.loaders vega convention for /Users/andrew/Projects/quant-research/data_store/option_greeks_2023/ADSK.parquet: per_1.00_iv (per-unit share 1.00, per-point share 0.00, median dP/vega ratio 0.0100, theta/day share 1.00)
08:36:37 voltium.loaders vega convention for /Users/andrew/Projects/quant-research/data_store/option_greeks_2023/AEE.parquet: per_1.00_iv (per-unit share 1.00, per-point share 0.00, median dP/vega ratio 0.0101, theta/day share 1.00)
08:36:38 voltium.loaders vega convention for /Users/andrew/Projects/quant-research/data_store/option_greeks_2023/AEP.parquet: per_1.00_iv (per-unit share 1.00, per-point share 0.00, median dP/vega ratio 0.0101, theta/day share 1.00)
08:36:38 voltium.loaders vega convention for /Users/andrew/Projects/quant-research/data_store/option_greeks_2023/AES.parquet: per_1.00_iv (per-unit share 1.00, per-point share 0.00, median dP/vega ratio 0.0101, theta/day share 1.00)
08:36:39 voltium.loaders vega convention for /Users/andrew/Projects/quant-research/data_store/option_greeks_2023/AFL.parquet: per_1.00_iv (per-unit share 1.00, per-point share 0.00, median dP/vega ratio 0.0100, theta/day share 1.00)
08:36:39 voltium.loaders vega convention for /Users/andrew/Projects/quant-research/data_store/option_greeks_2023/AIG.parquet: per_1.00_iv (per-unit share 1.00, per-point share 0.00, median dP/vega ratio 0.0101, theta/day share 1.00)
08:36:40 voltium.loaders vega convention for /Users/andrew/Projects/quant-research/data_store/option_greeks_2023/AIZ.parquet: per_1.00_iv (per-unit share 1.00, per-point share 0.00, median dP/vega ratio 0.0101, theta/day share 1.00)
08:36:40 voltium.loaders vega convention for /Users/andrew/Projects/quant-research/data_store/option_greeks_2023/AJG.parquet: per_1.00_iv (per-unit share 1.00, per-point share 0.00, median dP/vega ratio 0.0101, theta/day share 1.00)
08:36:41 voltium.loaders vega convention for /Users/andrew/Projects/quant-research/data_store/option_greeks_2023/AKAM.parquet: per_1.00_iv (per-unit share 1.00, per-point share 0.00, median dP/vega ratio 0.0100, theta/day share 1.00)
08:36:41 voltium.loaders vega convention for /Users/andrew/Projects/quant-research/data_store/option_greeks_2023/ALB.parquet: per_1.00_iv (per-unit share 1.00, per-point share 0.00, median dP/vega ratio 0.0101, theta/day share 1.00)
08:36:42 voltium.loaders vega convention for /Users/andrew/Projects/quant-research/data_store/option_greeks_2023/ALGN.parquet: per_1.00_iv (per-unit share 1.00, per-point share 0.00, median dP/vega ratio 0.0100, theta/day share 1.00)
08:36:42 voltium.loaders vega convention for /Users/andrew/Projects/quant-research/data_store/option_greeks_2023/ALK.parquet: per_1.00_iv (per-unit share 1.00, per-point share 0.00, median dP/vega ratio 0.0101, theta/day share 1.00)
08:36:42 voltium.loaders vega convention for /Users/andrew/Projects/quant-research/data_store/option_greeks_2023/ALL.parquet: per_1.00_iv (per-unit share 1.00, per-point share 0.00, median dP/vega ratio 0.0101, theta/day share 1.00)
08:36:43 voltium.loaders vega convention for /Users/andrew/Projects/quant-research/data_store/option_greeks_2023/ALLE.parquet: per_1.00_iv (per-unit share 1.00, per-point share 0.00, median dP/vega ratio 0.0101, theta/day share 1.00)
08:36:43 voltium.loaders vega convention for /Users/andrew/Projects/quant-research/data_store/option_greeks_2023/AMAT.parquet: per_1.00_iv (per-unit share 1.00, per-point share 0.00, median dP/vega ratio 0.0100, theta/day share 1.00)
08:36:43 voltium.loaders vega convention for /Users/andrew/Projects/quant-research/data_store/option_greeks_2023/AMCR.parquet: per_1.00_iv (per-unit share 1.00, per-point share 0.00, median dP/vega ratio 0.0101, theta/day share 1.00)
08:36:44 voltium.loaders vega convention for /Users/andrew/Projects/quant-research/data_store/option_greeks_2023/AMD.parquet: per_1.00_iv (per-unit share 1.00, per-point share 0.00, median dP/vega ratio 0.0100, theta/day share 1.00)
08:36:44 voltium.loaders vega convention for /Users/andrew/Projects/quant-research/data_store/option_greeks_2023/AME.parquet: per_1.00_iv (per-unit share 1.00, per-point share 0.00, median dP/vega ratio 0.0101, theta/day share 1.00)
08:36:45 voltium.loaders vega convention for /Users/andrew/Projects/quant-research/data_store/option_greeks_2023/AMGN.parquet: per_1.00_iv (per-unit share 1.00, per-point share 0.00, median dP/vega ratio 0.0101, theta/day share 1.00)
08:36:45 voltium.loaders vega convention for /Users/andrew/Projects/quant-research/data_store/option_greeks_2023/AMP.parquet: per_1.00_iv (per-unit share 1.00, per-point share 0.00, median dP/vega ratio 0.0101, theta/day share 1.00)
08:36:46 voltium.loaders vega convention for /Users/andrew/Projects/quant-research/data_store/option_greeks_2023/AMT.parquet: per_1.00_iv (per-unit share 1.00, per-point share 0.00, median dP/vega ratio 0.0101, theta/day share 1.00)
08:36:46 voltium.loaders vega convention for /Users/andrew/Projects/quant-research/data_store/option_greeks_2024/AMTM.parquet: per_1.00_iv (per-unit share 1.00, per-point share 0.00, median dP/vega ratio 0.0100, theta/day share 1.00)
08:36:46 voltium.loaders vega convention for /Users/andrew/Projects/quant-research/data_store/option_greeks_2023/AMZN.parquet: per_1.00_iv (per-unit share 1.00, per-point share 0.00, median dP/vega ratio 0.0100, theta/day share 1.00)
08:36:47 voltium.loaders vega convention for /Users/andrew/Projects/quant-research/data_store/option_greeks_2023/ANET.parquet: per_1.00_iv (per-unit share 1.00, per-point share 0.00, median dP/vega ratio 0.0100, theta/day share 1.00)
08:36:47 voltium.loaders vega convention for /Users/andrew/Projects/quant-research/data_store/option_greeks_2023/ANSS.parquet: per_1.00_iv (per-unit share 1.00, per-point share 0.00, median dP/vega ratio 0.0100, theta/day share 1.00)
08:36:48 voltium.loaders vega convention for /Users/andrew/Projects/quant-research/data_store/option_greeks_2023/AON.parquet: per_1.00_iv (per-unit share 1.00, per-point share 0.00, median dP/vega ratio 0.0101, theta/day share 1.00)
08:36:48 voltium.loaders vega convention for /Users/andrew/Projects/quant-research/data_store/option_greeks_2023/AOS.parquet: per_1.00_iv (per-unit share 1.00, per-point share 0.00, median dP/vega ratio 0.0101, theta/day share 1.00)
08:36:49 voltium.loaders vega convention for /Users/andrew/Projects/quant-research/data_store/option_greeks_2023/APA.parquet: per_1.00_iv (per-unit share 1.00, per-point share 0.00, median dP/vega ratio 0.0100, theta/day share 1.00)
08:36:49 voltium.loaders vega convention for /Users/andrew/Projects/quant-research/data_store/option_greeks_2023/APD.parquet: per_1.00_iv (per-unit share 1.00, per-point share 0.00, median dP/vega ratio 0.0101, theta/day share 1.00)
08:36:50 voltium.loaders vega convention for /Users/andrew/Projects/quant-research/data_store/option_greeks_2023/APH.parquet: per_1.00_iv (per-unit share 1.00, per-point share 0.00, median dP/vega ratio 0.0101, theta/day share 1.00)
08:36:50 voltium.loaders vega convention for /Users/andrew/Projects/quant-research/data_store/option_greeks_2024/APO.parquet: per_1.00_iv (per-unit share 1.00, per-point share 0.00, median dP/vega ratio 0.0100, theta/day share 1.00)
08:36:50 voltium.loaders vega convention for /Users/andrew/Projects/quant-research/data_store/option_greeks/APP.parquet: per_1.00_iv (per-unit share 1.00, per-point share 0.00, median dP/vega ratio 0.0100, theta/day share 1.00)
08:36:51 voltium.loaders vega convention for /Users/andrew/Projects/quant-research/data_store/option_greeks_2023/APTV.parquet: per_1.00_iv (per-unit share 1.00, per-point share 0.00, median dP/vega ratio 0.0100, theta/day share 1.00)
08:36:51 voltium.loaders vega convention for /Users/andrew/Projects/quant-research/data_store/option_greeks_2023/ARE.parquet: per_1.00_iv (per-unit share 1.00, per-point share 0.00, median dP/vega ratio 0.0101, theta/day share 1.00)
08:36:52 voltium.loaders vega convention for /Users/andrew/Projects/quant-research/data_store/option_greeks_2023/ATO.parquet: per_1.00_iv (per-unit share 1.00, per-point share 0.00, median dP/vega ratio 0.0101, theta/day share 1.00)
08:36:52 voltium.loaders vega convention for /Users/andrew/Projects/quant-research/data_store/option_greeks_2023/AVB.parquet: per_1.00_iv (per-unit share 1.00, per-point share 0.00, median dP/vega ratio 0.0100, theta/day share 1.00)
08:36:53 voltium.loaders vega convention for /Users/andrew/Projects/quant-research/data_store/option_greeks_2023/AVGO.parquet: per_1.00_iv (per-unit share 1.00, per-point share 0.00, median dP/vega ratio 0.0100, theta/day share 1.00)
08:36:53 voltium.loaders vega convention for /Users/andrew/Projects/quant-research/data_store/option_greeks_2023/AVY.parquet: per_1.00_iv (per-unit share 1.00, per-point share 0.00, median dP/vega ratio 0.0101, theta/day share 1.00)
08:36:54 voltium.providers.straddle_returns reference paths: 50/533 symbols
08:36:54 voltium.loaders vega convention for /Users/andrew/Projects/quant-research/data_store/option_greeks_2023/AWK.parquet: per_1.00_iv (per-unit share 1.00, per-point share 0.00, median dP/vega ratio 0.0101, theta/day share 1.00)
08:36:54 voltium.loaders vega convention for /Users/andrew/Projects/quant-research/data_store/option_greeks_2023/AXON.parquet: per_1.00_iv (per-unit share 1.00, per-point share 0.00, median dP/vega ratio 0.0100, theta/day share 1.00)
08:36:54 voltium.loaders vega convention for /Users/andrew/Projects/quant-research/data_store/option_greeks_2023/AXP.parquet: per_1.00_iv (per-unit share 1.00, per-point share 0.00, median dP/vega ratio 0.0100, theta/day share 1.00)
08:36:55 voltium.loaders vega convention for /Users/andrew/Projects/quant-research/data_store/option_greeks_2023/AZO.parquet: per_1.00_iv (per-unit share 1.00, per-point share 0.00, median dP/vega ratio 0.0100, theta/day share 1.00)
08:36:55 voltium.loaders vega convention for /Users/andrew/Projects/quant-research/data_store/option_greeks_2023/BA.parquet: per_1.00_iv (per-unit share 1.00, per-point share 0.00, median dP/vega ratio 0.0100, theta/day share 1.00)
08:36:56 voltium.loaders vega convention for /Users/andrew/Projects/quant-research/data_store/option_greeks_2023/BAC.parquet: per_1.00_iv (per-unit share 1.00, per-point share 0.00, median dP/vega ratio 0.0101, theta/day share 1.00)
08:36:56 voltium.loaders vega convention for /Users/andrew/Projects/quant-research/data_store/option_greeks_2023/BALL.parquet: per_1.00_iv (per-unit share 1.00, per-point share 0.00, median dP/vega ratio 0.0100, theta/day share 1.00)
08:36:57 voltium.loaders vega convention for /Users/andrew/Projects/quant-research/data_store/option_greeks_2023/BAX.parquet: per_1.00_iv (per-unit share 1.00, per-point share 0.00, median dP/vega ratio 0.0100, theta/day share 1.00)
08:36:57 voltium.loaders vega convention for /Users/andrew/Projects/quant-research/data_store/option_greeks_2023/BBWI.parquet: per_1.00_iv (per-unit share 1.00, per-point share 0.00, median dP/vega ratio 0.0100, theta/day share 1.00)
08:36:58 voltium.loaders vega convention for /Users/andrew/Projects/quant-research/data_store/option_greeks_2023/BBY.parquet: per_1.00_iv (per-unit share 1.00, per-point share 0.00, median dP/vega ratio 0.0100, theta/day share 1.00)
08:36:58 voltium.loaders vega convention for /Users/andrew/Projects/quant-research/data_store/option_greeks_2023/BDX.parquet: per_1.00_iv (per-unit share 1.00, per-point share 0.00, median dP/vega ratio 0.0101, theta/day share 1.00)
08:36:59 voltium.loaders vega convention for /Users/andrew/Projects/quant-research/data_store/option_greeks_2023/BEN.parquet: per_1.00_iv (per-unit share 1.00, per-point share 0.00, median dP/vega ratio 0.0101, theta/day share 1.00)
08:36:59 voltium.loaders vega convention for /Users/andrew/Projects/quant-research/data_store/option_greeks_2023/BFB.parquet: per_1.00_iv (per-unit share 1.00, per-point share 0.00, median dP/vega ratio 0.0101, theta/day share 1.00)
08:36:59 voltium.loaders vega convention for /Users/andrew/Projects/quant-research/data_store/option_greeks_2023/BG.parquet: per_1.00_iv (per-unit share 1.00, per-point share 0.00, median dP/vega ratio 0.0101, theta/day share 1.00)
08:37:00 voltium.loaders vega convention for /Users/andrew/Projects/quant-research/data_store/option_greeks_2023/BIIB.parquet: per_1.00_iv (per-unit share 1.00, per-point share 0.00, median dP/vega ratio 0.0100, theta/day share 1.00)
08:37:00 voltium.loaders vega convention for /Users/andrew/Projects/quant-research/data_store/option_greeks_2023/BIO.parquet: per_1.00_iv (per-unit share 1.00, per-point share 0.00, median dP/vega ratio 0.0100, theta/day share 1.00)
08:37:01 voltium.loaders vega convention for /Users/andrew/Projects/quant-research/data_store/option_greeks_2023/BK.parquet: per_1.00_iv (per-unit share 1.00, per-point share 0.00, median dP/vega ratio 0.0100, theta/day share 1.00)
08:37:01 voltium.loaders vega convention for /Users/andrew/Projects/quant-research/data_store/option_greeks_2023/BKNG.parquet: per_1.00_iv (per-unit share 1.00, per-point share 0.00, median dP/vega ratio 0.0100, theta/day share 1.00)
08:37:02 voltium.loaders vega convention for /Users/andrew/Projects/quant-research/data_store/option_greeks_2023/BKR.parquet: per_1.00_iv (per-unit share 1.00, per-point share 0.00, median dP/vega ratio 0.0101, theta/day share 1.00)
08:37:02 voltium.loaders vega convention for /Users/andrew/Projects/quant-research/data_store/option_greeks_2023/BLDR.parquet: per_1.00_iv (per-unit share 1.00, per-point share 0.00, median dP/vega ratio 0.0101, theta/day share 1.00)
08:37:03 voltium.loaders vega convention for /Users/andrew/Projects/quant-research/data_store/option_greeks_2023/BLK.parquet: per_1.00_iv (per-unit share 1.00, per-point share 0.00, median dP/vega ratio 0.0100, theta/day share 1.00)
08:37:03 voltium.loaders vega convention for /Users/andrew/Projects/quant-research/data_store/option_greeks_2023/BMY.parquet: per_1.00_iv (per-unit share 1.00, per-point share 0.00, median dP/vega ratio 0.0101, theta/day share 1.00)
08:37:04 voltium.loaders vega convention for /Users/andrew/Projects/quant-research/data_store/option_greeks_2023/BR.parquet: per_1.00_iv (per-unit share 1.00, per-point share 0.00, median dP/vega ratio 0.0101, theta/day share 1.00)
08:37:04 voltium.loaders vega convention for /Users/andrew/Projects/quant-research/data_store/option_greeks_2023/BRKB.parquet: per_1.00_iv (per-unit share 1.00, per-point share 0.00, median dP/vega ratio 0.0101, theta/day share 1.00)
08:37:05 voltium.loaders vega convention for /Users/andrew/Projects/quant-research/data_store/option_greeks_2023/BRO.parquet: per_1.00_iv (per-unit share 1.00, per-point share 0.00, median dP/vega ratio 0.0101, theta/day share 1.00)
08:37:05 voltium.loaders vega convention for /Users/andrew/Projects/quant-research/data_store/option_greeks_2023/BSX.parquet: per_1.00_iv (per-unit share 1.00, per-point share 0.00, median dP/vega ratio 0.0101, theta/day share 1.00)
08:37:06 voltium.loaders vega convention for /Users/andrew/Projects/quant-research/data_store/option_greeks_2023/BWA.parquet: per_1.00_iv (per-unit share 1.00, per-point share 0.00, median dP/vega ratio 0.0101, theta/day share 1.00)
08:37:06 voltium.loaders vega convention for /Users/andrew/Projects/quant-research/data_store/option_greeks_2023/BX.parquet: per_1.00_iv (per-unit share 1.00, per-point share 0.00, median dP/vega ratio 0.0100, theta/day share 1.00)
08:37:06 voltium.loaders vega convention for /Users/andrew/Projects/quant-research/data_store/option_greeks_2023/BXP.parquet: per_1.00_iv (per-unit share 1.00, per-point share 0.00, median dP/vega ratio 0.0101, theta/day share 1.00)
08:37:07 voltium.loaders vega convention for /Users/andrew/Projects/quant-research/data_store/option_greeks_2023/C.parquet: per_1.00_iv (per-unit share 1.00, per-point share 0.00, median dP/vega ratio 0.0100, theta/day share 1.00)
08:37:07 voltium.loaders vega convention for /Users/andrew/Projects/quant-research/data_store/option_greeks_2023/CAG.parquet: per_1.00_iv (per-unit share 1.00, per-point share 0.00, median dP/vega ratio 0.0101, theta/day share 1.00)
08:37:08 voltium.loaders vega convention for /Users/andrew/Projects/quant-research/data_store/option_greeks_2023/CAH.parquet: per_1.00_iv (per-unit share 1.00, per-point share 0.00, median dP/vega ratio 0.0100, theta/day share 1.00)
08:37:08 voltium.loaders vega convention for /Users/andrew/Projects/quant-research/data_store/option_greeks_2023/CARR.parquet: per_1.00_iv (per-unit share 1.00, per-point share 0.00, median dP/vega ratio 0.0101, theta/day share 1.00)
08:37:09 voltium.loaders vega convention for /Users/andrew/Projects/quant-research/data_store/option_greeks_2023/CAT.parquet: per_1.00_iv (per-unit share 1.00, per-point share 0.00, median dP/vega ratio 0.0100, theta/day share 1.00)
08:37:09 voltium.loaders vega convention for /Users/andrew/Projects/quant-research/data_store/option_greeks_2023/CB.parquet: per_1.00_iv (per-unit share 1.00, per-point share 0.00, median dP/vega ratio 0.0101, theta/day share 1.00)
08:37:10 voltium.loaders vega convention for /Users/andrew/Projects/quant-research/data_store/option_greeks_2023/CBOE.parquet: per_1.00_iv (per-unit share 1.00, per-point share 0.00, median dP/vega ratio 0.0100, theta/day share 1.00)
08:37:10 voltium.loaders vega convention for /Users/andrew/Projects/quant-research/data_store/option_greeks_2023/CBRE.parquet: per_1.00_iv (per-unit share 1.00, per-point share 0.00, median dP/vega ratio 0.0101, theta/day share 1.00)
08:37:11 voltium.loaders vega convention for /Users/andrew/Projects/quant-research/data_store/option_greeks_2023/CCI.parquet: per_1.00_iv (per-unit share 1.00, per-point share 0.00, median dP/vega ratio 0.0101, theta/day share 1.00)
08:37:11 voltium.loaders vega convention for /Users/andrew/Projects/quant-research/data_store/option_greeks_2023/CCL.parquet: per_1.00_iv (per-unit share 1.00, per-point share 0.00, median dP/vega ratio 0.0100, theta/day share 1.00)
08:37:12 voltium.loaders vega convention for /Users/andrew/Projects/quant-research/data_store/option_greeks_2023/CDAY.parquet: per_1.00_iv (per-unit share 1.00, per-point share 0.00, median dP/vega ratio 0.0100, theta/day share 1.00)
08:37:12 voltium.loaders vega convention for /Users/andrew/Projects/quant-research/data_store/option_greeks_2023/CDNS.parquet: per_1.00_iv (per-unit share 1.00, per-point share 0.00, median dP/vega ratio 0.0101, theta/day share 1.00)
08:37:12 voltium.loaders vega convention for /Users/andrew/Projects/quant-research/data_store/option_greeks_2023/CDW.parquet: per_1.00_iv (per-unit share 1.00, per-point share 0.00, median dP/vega ratio 0.0101, theta/day share 1.00)
08:37:13 voltium.loaders vega convention for /Users/andrew/Projects/quant-research/data_store/option_greeks_2023/CE.parquet: per_1.00_iv (per-unit share 1.00, per-point share 0.00, median dP/vega ratio 0.0101, theta/day share 1.00)
08:37:13 voltium.loaders vega convention for /Users/andrew/Projects/quant-research/data_store/option_greeks_2023/CEG.parquet: per_1.00_iv (per-unit share 1.00, per-point share 0.00, median dP/vega ratio 0.0100, theta/day share 1.00)
08:37:14 voltium.loaders vega convention for /Users/andrew/Projects/quant-research/data_store/option_greeks_2023/CF.parquet: per_1.00_iv (per-unit share 1.00, per-point share 0.00, median dP/vega ratio 0.0100, theta/day share 1.00)
08:37:14 voltium.loaders vega convention for /Users/andrew/Projects/quant-research/data_store/option_greeks_2023/CFG.parquet: per_1.00_iv (per-unit share 1.00, per-point share 0.00, median dP/vega ratio 0.0101, theta/day share 1.00)
08:37:14 voltium.loaders vega convention for /Users/andrew/Projects/quant-research/data_store/option_greeks_2023/CHD.parquet: per_1.00_iv (per-unit share 1.00, per-point share 0.00, median dP/vega ratio 0.0101, theta/day share 1.00)
08:37:15 voltium.loaders vega convention for /Users/andrew/Projects/quant-research/data_store/option_greeks_2023/CHRW.parquet: per_1.00_iv (per-unit share 1.00, per-point share 0.00, median dP/vega ratio 0.0100, theta/day share 1.00)
08:37:15 voltium.loaders vega convention for /Users/andrew/Projects/quant-research/data_store/option_greeks_2023/CHTR.parquet: per_1.00_iv (per-unit share 1.00, per-point share 0.00, median dP/vega ratio 0.0100, theta/day share 1.00)
08:37:16 voltium.loaders vega convention for /Users/andrew/Projects/quant-research/data_store/option_greeks_2023/CI.parquet: per_1.00_iv (per-unit share 1.00, per-point share 0.00, median dP/vega ratio 0.0101, theta/day share 1.00)
08:37:16 voltium.providers.straddle_returns reference paths: 100/533 symbols
08:37:16 voltium.loaders vega convention for /Users/andrew/Projects/quant-research/data_store/option_greeks_2023/CINF.parquet: per_1.00_iv (per-unit share 1.00, per-point share 0.00, median dP/vega ratio 0.0100, theta/day share 1.00)
08:37:17 voltium.loaders vega convention for /Users/andrew/Projects/quant-research/data_store/option_greeks_2023/CL.parquet: per_1.00_iv (per-unit share 1.00, per-point share 0.00, median dP/vega ratio 0.0101, theta/day share 1.00)
08:37:17 voltium.loaders vega convention for /Users/andrew/Projects/quant-research/data_store/option_greeks_2023/CLX.parquet: per_1.00_iv (per-unit share 1.00, per-point share 0.00, median dP/vega ratio 0.0100, theta/day share 1.00)
08:37:18 voltium.loaders vega convention for /Users/andrew/Projects/quant-research/data_store/option_greeks_2023/CMA.parquet: per_1.00_iv (per-unit share 1.00, per-point share 0.00, median dP/vega ratio 0.0101, theta/day share 1.00)
08:37:18 voltium.loaders vega convention for /Users/andrew/Projects/quant-research/data_store/option_greeks_2023/CMCSA.parquet: per_1.00_iv (per-unit share 1.00, per-point share 0.00, median dP/vega ratio 0.0100, theta/day share 1.00)
08:37:18 voltium.loaders vega convention for /Users/andrew/Projects/quant-research/data_store/option_greeks_2023/CME.parquet: per_1.00_iv (per-unit share 1.00, per-point share 0.00, median dP/vega ratio 0.0101, theta/day share 1.00)
08:37:19 voltium.loaders vega convention for /Users/andrew/Projects/quant-research/data_store/option_greeks_2023/CMG.parquet: per_1.00_iv (per-unit share 1.00, per-point share 0.00, median dP/vega ratio 0.0100, theta/day share 1.00)
08:37:19 voltium.loaders vega convention for /Users/andrew/Projects/quant-research/data_store/option_greeks_2023/CMI.parquet: per_1.00_iv (per-unit share 1.00, per-point share 0.00, median dP/vega ratio 0.0101, theta/day share 1.00)
08:37:20 voltium.loaders vega convention for /Users/andrew/Projects/quant-research/data_store/option_greeks_2023/CMS.parquet: per_1.00_iv (per-unit share 1.00, per-point share 0.00, median dP/vega ratio 0.0101, theta/day share 1.00)
08:37:20 voltium.loaders vega convention for /Users/andrew/Projects/quant-research/data_store/option_greeks_2023/CNC.parquet: per_1.00_iv (per-unit share 1.00, per-point share 0.00, median dP/vega ratio 0.0101, theta/day share 1.00)
08:37:21 voltium.loaders vega convention for /Users/andrew/Projects/quant-research/data_store/option_greeks_2023/CNP.parquet: per_1.00_iv (per-unit share 1.00, per-point share 0.00, median dP/vega ratio 0.0101, theta/day share 1.00)
08:37:21 voltium.loaders vega convention for /Users/andrew/Projects/quant-research/data_store/option_greeks_2023/COF.parquet: per_1.00_iv (per-unit share 1.00, per-point share 0.00, median dP/vega ratio 0.0100, theta/day share 1.00)
08:37:22 voltium.loaders vega convention for /Users/andrew/Projects/quant-research/data_store/option_greeks/COIN.parquet: per_1.00_iv (per-unit share 1.00, per-point share 0.00, median dP/vega ratio 0.0100, theta/day share 1.00)
08:37:22 voltium.loaders vega convention for /Users/andrew/Projects/quant-research/data_store/option_greeks_2023/COO.parquet: per_1.00_iv (per-unit share 1.00, per-point share 0.00, median dP/vega ratio 0.0101, theta/day share 1.00)
08:37:22 voltium.loaders vega convention for /Users/andrew/Projects/quant-research/data_store/option_greeks_2023/COP.parquet: per_1.00_iv (per-unit share 1.00, per-point share 0.00, median dP/vega ratio 0.0100, theta/day share 1.00)
08:37:23 voltium.loaders vega convention for /Users/andrew/Projects/quant-research/data_store/option_greeks_2023/COR.parquet: per_1.00_iv (per-unit share 1.00, per-point share 0.00, median dP/vega ratio 0.0100, theta/day share 1.00)
08:37:23 voltium.loaders vega convention for /Users/andrew/Projects/quant-research/data_store/option_greeks_2023/COST.parquet: per_1.00_iv (per-unit share 1.00, per-point share 0.00, median dP/vega ratio 0.0101, theta/day share 1.00)
08:37:24 voltium.loaders vega convention for /Users/andrew/Projects/quant-research/data_store/option_greeks_2024/CPAY.parquet: per_1.00_iv (per-unit share 1.00, per-point share 0.00, median dP/vega ratio 0.0100, theta/day share 1.00)
08:37:24 voltium.loaders vega convention for /Users/andrew/Projects/quant-research/data_store/option_greeks_2023/CPB.parquet: per_1.00_iv (per-unit share 1.00, per-point share 0.00, median dP/vega ratio 0.0101, theta/day share 1.00)
08:37:25 voltium.loaders vega convention for /Users/andrew/Projects/quant-research/data_store/option_greeks_2023/CPRT.parquet: per_1.00_iv (per-unit share 1.00, per-point share 0.00, median dP/vega ratio 0.0100, theta/day share 1.00)
08:37:25 voltium.loaders vega convention for /Users/andrew/Projects/quant-research/data_store/option_greeks_2023/CPT.parquet: per_1.00_iv (per-unit share 1.00, per-point share 0.00, median dP/vega ratio 0.0101, theta/day share 1.00)
08:37:26 voltium.loaders vega convention for /Users/andrew/Projects/quant-research/data_store/option_greeks_2023/CRL.parquet: per_1.00_iv (per-unit share 1.00, per-point share 0.00, median dP/vega ratio 0.0101, theta/day share 1.00)
08:37:26 voltium.loaders vega convention for /Users/andrew/Projects/quant-research/data_store/option_greeks_2023/CRM.parquet: per_1.00_iv (per-unit share 1.00, per-point share 0.00, median dP/vega ratio 0.0100, theta/day share 1.00)
08:37:26 voltium.loaders vega convention for /Users/andrew/Projects/quant-research/data_store/option_greeks_2024/CRWD.parquet: per_1.00_iv (per-unit share 1.00, per-point share 0.00, median dP/vega ratio 0.0100, theta/day share 1.00)
08:37:27 voltium.loaders vega convention for /Users/andrew/Projects/quant-research/data_store/option_greeks_2023/CSCO.parquet: per_1.00_iv (per-unit share 1.00, per-point share 0.00, median dP/vega ratio 0.0101, theta/day share 1.00)
08:37:27 voltium.loaders vega convention for /Users/andrew/Projects/quant-research/data_store/option_greeks_2023/CSGP.parquet: per_1.00_iv (per-unit share 1.00, per-point share 0.00, median dP/vega ratio 0.0101, theta/day share 1.00)
08:37:28 voltium.loaders vega convention for /Users/andrew/Projects/quant-research/data_store/option_greeks_2023/CSX.parquet: per_1.00_iv (per-unit share 1.00, per-point share 0.00, median dP/vega ratio 0.0100, theta/day share 1.00)
08:37:28 voltium.loaders vega convention for /Users/andrew/Projects/quant-research/data_store/option_greeks_2023/CTAS.parquet: per_1.00_iv (per-unit share 1.00, per-point share 0.00, median dP/vega ratio 0.0101, theta/day share 1.00)
08:37:29 voltium.loaders vega convention for /Users/andrew/Projects/quant-research/data_store/option_greeks_2023/CTLT.parquet: per_1.00_iv (per-unit share 1.00, per-point share 0.00, median dP/vega ratio 0.0100, theta/day share 1.00)
08:37:29 voltium.loaders vega convention for /Users/andrew/Projects/quant-research/data_store/option_greeks_2023/CTRA.parquet: per_1.00_iv (per-unit share 1.00, per-point share 0.00, median dP/vega ratio 0.0100, theta/day share 1.00)
08:37:30 voltium.loaders vega convention for /Users/andrew/Projects/quant-research/data_store/option_greeks_2023/CTSH.parquet: per_1.00_iv (per-unit share 1.00, per-point share 0.00, median dP/vega ratio 0.0101, theta/day share 1.00)
08:37:30 voltium.loaders vega convention for /Users/andrew/Projects/quant-research/data_store/option_greeks_2023/CTVA.parquet: per_1.00_iv (per-unit share 1.00, per-point share 0.00, median dP/vega ratio 0.0101, theta/day share 1.00)
08:37:30 voltium.loaders vega convention for /Users/andrew/Projects/quant-research/data_store/option_greeks_2023/CVS.parquet: per_1.00_iv (per-unit share 1.00, per-point share 0.00, median dP/vega ratio 0.0100, theta/day share 1.00)
08:37:31 voltium.loaders vega convention for /Users/andrew/Projects/quant-research/data_store/option_greeks_2023/CVX.parquet: per_1.00_iv (per-unit share 1.00, per-point share 0.00, median dP/vega ratio 0.0100, theta/day share 1.00)
08:37:31 voltium.loaders vega convention for /Users/andrew/Projects/quant-research/data_store/option_greeks_2023/CZR.parquet: per_1.00_iv (per-unit share 1.00, per-point share 0.00, median dP/vega ratio 0.0100, theta/day share 1.00)
08:37:32 voltium.loaders vega convention for /Users/andrew/Projects/quant-research/data_store/option_greeks_2023/D.parquet: per_1.00_iv (per-unit share 1.00, per-point share 0.00, median dP/vega ratio 0.0101, theta/day share 1.00)
08:37:32 voltium.loaders vega convention for /Users/andrew/Projects/quant-research/data_store/option_greeks_2023/DAL.parquet: per_1.00_iv (per-unit share 1.00, per-point share 0.00, median dP/vega ratio 0.0100, theta/day share 1.00)
08:37:33 voltium.loaders vega convention for /Users/andrew/Projects/quant-research/data_store/option_greeks/DASH.parquet: per_1.00_iv (per-unit share 1.00, per-point share 0.00, median dP/vega ratio 0.0100, theta/day share 1.00)
08:37:33 voltium.loaders vega convention for /Users/andrew/Projects/quant-research/data_store/option_greeks_2024/DAY.parquet: per_1.00_iv (per-unit share 1.00, per-point share 0.00, median dP/vega ratio 0.0100, theta/day share 1.00)
08:37:33 voltium.loaders vega convention for /Users/andrew/Projects/quant-research/data_store/option_greeks_2023/DD.parquet: per_1.00_iv (per-unit share 1.00, per-point share 0.00, median dP/vega ratio 0.0100, theta/day share 1.00)
08:37:34 voltium.loaders vega convention for /Users/andrew/Projects/quant-research/data_store/option_greeks/DDOG.parquet: per_1.00_iv (per-unit share 1.00, per-point share 0.00, median dP/vega ratio 0.0100, theta/day share 1.00)
08:37:34 voltium.loaders vega convention for /Users/andrew/Projects/quant-research/data_store/option_greeks_2023/DE.parquet: per_1.00_iv (per-unit share 1.00, per-point share 0.00, median dP/vega ratio 0.0100, theta/day share 1.00)
08:37:35 voltium.loaders vega convention for /Users/andrew/Projects/quant-research/data_store/option_greeks_2024/DECK.parquet: per_1.00_iv (per-unit share 1.00, per-point share 0.00, median dP/vega ratio 0.0100, theta/day share 1.00)
08:37:35 voltium.loaders vega convention for /Users/andrew/Projects/quant-research/data_store/option_greeks_2024/DELL.parquet: per_1.00_iv (per-unit share 1.00, per-point share 0.00, median dP/vega ratio 0.0100, theta/day share 1.00)
08:37:36 voltium.loaders vega convention for /Users/andrew/Projects/quant-research/data_store/option_greeks_2023/DFS.parquet: per_1.00_iv (per-unit share 1.00, per-point share 0.00, median dP/vega ratio 0.0100, theta/day share 1.00)
08:37:36 voltium.loaders vega convention for /Users/andrew/Projects/quant-research/data_store/option_greeks_2023/DG.parquet: per_1.00_iv (per-unit share 1.00, per-point share 0.00, median dP/vega ratio 0.0101, theta/day share 1.00)
08:37:36 voltium.loaders vega convention for /Users/andrew/Projects/quant-research/data_store/option_greeks_2023/DGX.parquet: per_1.00_iv (per-unit share 1.00, per-point share 0.00, median dP/vega ratio 0.0101, theta/day share 1.00)
08:37:37 voltium.loaders vega convention for /Users/andrew/Projects/quant-research/data_store/option_greeks_2023/DHI.parquet: per_1.00_iv (per-unit share 1.00, per-point share 0.00, median dP/vega ratio 0.0100, theta/day share 1.00)
08:37:37 voltium.loaders vega convention for /Users/andrew/Projects/quant-research/data_store/option_greeks_2023/DHR.parquet: per_1.00_iv (per-unit share 1.00, per-point share 0.00, median dP/vega ratio 0.0100, theta/day share 1.00)
08:37:38 voltium.loaders vega convention for /Users/andrew/Projects/quant-research/data_store/option_greeks_2023/DIS.parquet: per_1.00_iv (per-unit share 1.00, per-point share 0.00, median dP/vega ratio 0.0100, theta/day share 1.00)
08:37:38 voltium.providers.straddle_returns reference paths: 150/533 symbols
08:37:38 voltium.loaders vega convention for /Users/andrew/Projects/quant-research/data_store/option_greeks_2023/DLR.parquet: per_1.00_iv (per-unit share 1.00, per-point share 0.00, median dP/vega ratio 0.0101, theta/day share 1.00)
08:37:39 voltium.loaders vega convention for /Users/andrew/Projects/quant-research/data_store/option_greeks_2023/DLTR.parquet: per_1.00_iv (per-unit share 1.00, per-point share 0.00, median dP/vega ratio 0.0100, theta/day share 1.00)
08:37:39 voltium.loaders vega convention for /Users/andrew/Projects/quant-research/data_store/option_greeks_2023/DOC.parquet: per_1.00_iv (per-unit share 1.00, per-point share 0.00, median dP/vega ratio 0.0101, theta/day share 1.00)
08:37:40 voltium.loaders vega convention for /Users/andrew/Projects/quant-research/data_store/option_greeks_2023/DOV.parquet: per_1.00_iv (per-unit share 1.00, per-point share 0.00, median dP/vega ratio 0.0101, theta/day share 1.00)
08:37:40 voltium.loaders vega convention for /Users/andrew/Projects/quant-research/data_store/option_greeks_2023/DOW.parquet: per_1.00_iv (per-unit share 1.00, per-point share 0.00, median dP/vega ratio 0.0100, theta/day share 1.00)
08:37:41 voltium.loaders vega convention for /Users/andrew/Projects/quant-research/data_store/option_greeks_2023/DPZ.parquet: per_1.00_iv (per-unit share 1.00, per-point share 0.00, median dP/vega ratio 0.0100, theta/day share 1.00)
08:37:41 voltium.loaders vega convention for /Users/andrew/Projects/quant-research/data_store/option_greeks_2023/DRI.parquet: per_1.00_iv (per-unit share 1.00, per-point share 0.00, median dP/vega ratio 0.0101, theta/day share 1.00)
08:37:41 voltium.loaders vega convention for /Users/andrew/Projects/quant-research/data_store/option_greeks_2023/DTE.parquet: per_1.00_iv (per-unit share 1.00, per-point share 0.00, median dP/vega ratio 0.0101, theta/day share 1.00)
08:37:42 voltium.loaders vega convention for /Users/andrew/Projects/quant-research/data_store/option_greeks_2023/DUK.parquet: per_1.00_iv (per-unit share 1.00, per-point share 0.00, median dP/vega ratio 0.0101, theta/day share 1.00)
08:37:42 voltium.loaders vega convention for /Users/andrew/Projects/quant-research/data_store/option_greeks_2023/DVA.parquet: per_1.00_iv (per-unit share 1.00, per-point share 0.00, median dP/vega ratio 0.0100, theta/day share 1.00)
08:37:43 voltium.loaders vega convention for /Users/andrew/Projects/quant-research/data_store/option_greeks_2023/DVN.parquet: per_1.00_iv (per-unit share 1.00, per-point share 0.00, median dP/vega ratio 0.0100, theta/day share 1.00)
08:37:43 voltium.loaders vega convention for /Users/andrew/Projects/quant-research/data_store/option_greeks_2023/DXCM.parquet: per_1.00_iv (per-unit share 1.00, per-point share 0.00, median dP/vega ratio 0.0100, theta/day share 1.00)
08:37:44 voltium.loaders vega convention for /Users/andrew/Projects/quant-research/data_store/option_greeks_2023/EA.parquet: per_1.00_iv (per-unit share 1.00, per-point share 0.00, median dP/vega ratio 0.0100, theta/day share 1.00)
08:37:44 voltium.loaders vega convention for /Users/andrew/Projects/quant-research/data_store/option_greeks_2023/EBAY.parquet: per_1.00_iv (per-unit share 1.00, per-point share 0.00, median dP/vega ratio 0.0100, theta/day share 1.00)
08:37:45 voltium.loaders vega convention for /Users/andrew/Projects/quant-research/data_store/option_greeks_2023/ECL.parquet: per_1.00_iv (per-unit share 1.00, per-point share 0.00, median dP/vega ratio 0.0101, theta/day share 1.00)
08:37:45 voltium.loaders vega convention for /Users/andrew/Projects/quant-research/data_store/option_greeks_2023/ED.parquet: per_1.00_iv (per-unit share 1.00, per-point share 0.00, median dP/vega ratio 0.0101, theta/day share 1.00)
08:37:45 voltium.loaders vega convention for /Users/andrew/Projects/quant-research/data_store/option_greeks_2023/EFX.parquet: per_1.00_iv (per-unit share 1.00, per-point share 0.00, median dP/vega ratio 0.0100, theta/day share 1.00)
08:37:46 voltium.loaders vega convention for /Users/andrew/Projects/quant-research/data_store/option_greeks_2023/EG.parquet: per_1.00_iv (per-unit share 1.00, per-point share 0.00, median dP/vega ratio 0.0100, theta/day share 1.00)
08:37:46 voltium.loaders vega convention for /Users/andrew/Projects/quant-research/data_store/option_greeks_2023/EIX.parquet: per_1.00_iv (per-unit share 1.00, per-point share 0.00, median dP/vega ratio 0.0101, theta/day share 1.00)
08:37:47 voltium.loaders vega convention for /Users/andrew/Projects/quant-research/data_store/option_greeks_2023/EL.parquet: per_1.00_iv (per-unit share 1.00, per-point share 0.00, median dP/vega ratio 0.0101, theta/day share 1.00)
08:37:47 voltium.loaders vega convention for /Users/andrew/Projects/quant-research/data_store/option_greeks_2023/ELV.parquet: per_1.00_iv (per-unit share 1.00, per-point share 0.00, median dP/vega ratio 0.0100, theta/day share 1.00)
08:37:48 voltium.loaders vega convention for /Users/andrew/Projects/quant-research/data_store/option_greeks/EME.parquet: per_1.00_iv (per-unit share 1.00, per-point share 0.00, median dP/vega ratio 0.0100, theta/day share 1.00)
08:37:48 voltium.loaders vega convention for /Users/andrew/Projects/quant-research/data_store/option_greeks_2023/EMN.parquet: per_1.00_iv (per-unit share 1.00, per-point share 0.00, median dP/vega ratio 0.0101, theta/day share 1.00)
08:37:48 voltium.loaders vega convention for /Users/andrew/Projects/quant-research/data_store/option_greeks_2023/EMR.parquet: per_1.00_iv (per-unit share 1.00, per-point share 0.00, median dP/vega ratio 0.0100, theta/day share 1.00)
08:37:49 voltium.loaders vega convention for /Users/andrew/Projects/quant-research/data_store/option_greeks_2023/ENPH.parquet: per_1.00_iv (per-unit share 1.00, per-point share 0.00, median dP/vega ratio 0.0100, theta/day share 1.00)
08:37:49 voltium.loaders vega convention for /Users/andrew/Projects/quant-research/data_store/option_greeks_2023/EOG.parquet: per_1.00_iv (per-unit share 1.00, per-point share 0.00, median dP/vega ratio 0.0100, theta/day share 1.00)
08:37:50 voltium.loaders vega convention for /Users/andrew/Projects/quant-research/data_store/option_greeks_2023/EPAM.parquet: per_1.00_iv (per-unit share 1.00, per-point share 0.00, median dP/vega ratio 0.0101, theta/day share 1.00)
08:37:50 voltium.loaders vega convention for /Users/andrew/Projects/quant-research/data_store/option_greeks_2023/EQIX.parquet: per_1.00_iv (per-unit share 1.00, per-point share 0.00, median dP/vega ratio 0.0101, theta/day share 1.00)
08:37:51 voltium.loaders vega convention for /Users/andrew/Projects/quant-research/data_store/option_greeks_2023/EQT.parquet: per_1.00_iv (per-unit share 1.00, per-point share 0.00, median dP/vega ratio 0.0100, theta/day share 1.00)
08:37:51 voltium.loaders vega convention for /Users/andrew/Projects/quant-research/data_store/option_greeks_2024/ERIE.parquet: per_1.00_iv (per-unit share 1.00, per-point share 0.00, median dP/vega ratio 0.0100, theta/day share 1.00)
08:37:52 voltium.loaders vega convention for /Users/andrew/Projects/quant-research/data_store/option_greeks_2023/ES.parquet: per_1.00_iv (per-unit share 1.00, per-point share 0.00, median dP/vega ratio 0.0101, theta/day share 1.00)
08:37:52 voltium.loaders vega convention for /Users/andrew/Projects/quant-research/data_store/option_greeks_2023/ESS.parquet: per_1.00_iv (per-unit share 1.00, per-point share 0.00, median dP/vega ratio 0.0101, theta/day share 1.00)
08:37:52 voltium.loaders vega convention for /Users/andrew/Projects/quant-research/data_store/option_greeks_2023/ETN.parquet: per_1.00_iv (per-unit share 1.00, per-point share 0.00, median dP/vega ratio 0.0101, theta/day share 1.00)
08:37:53 voltium.loaders vega convention for /Users/andrew/Projects/quant-research/data_store/option_greeks_2023/ETR.parquet: per_1.00_iv (per-unit share 1.00, per-point share 0.00, median dP/vega ratio 0.0101, theta/day share 1.00)
08:37:53 voltium.loaders vega convention for /Users/andrew/Projects/quant-research/data_store/option_greeks_2023/ETSY.parquet: per_1.00_iv (per-unit share 1.00, per-point share 0.00, median dP/vega ratio 0.0100, theta/day share 1.00)
08:37:54 voltium.loaders vega convention for /Users/andrew/Projects/quant-research/data_store/option_greeks_2023/EVRG.parquet: per_1.00_iv (per-unit share 1.00, per-point share 0.00, median dP/vega ratio 0.0101, theta/day share 1.00)
08:37:54 voltium.loaders vega convention for /Users/andrew/Projects/quant-research/data_store/option_greeks_2023/EW.parquet: per_1.00_iv (per-unit share 1.00, per-point share 0.00, median dP/vega ratio 0.0100, theta/day share 1.00)
08:37:55 voltium.loaders vega convention for /Users/andrew/Projects/quant-research/data_store/option_greeks_2023/EXC.parquet: per_1.00_iv (per-unit share 1.00, per-point share 0.00, median dP/vega ratio 0.0101, theta/day share 1.00)
08:37:55 voltium.loaders vega convention for /Users/andrew/Projects/quant-research/data_store/option_greeks/EXE.parquet: per_1.00_iv (per-unit share 1.00, per-point share 0.00, median dP/vega ratio 0.0101, theta/day share 1.00)
08:37:55 voltium.loaders vega convention for /Users/andrew/Projects/quant-research/data_store/option_greeks_2023/EXPD.parquet: per_1.00_iv (per-unit share 1.00, per-point share 0.00, median dP/vega ratio 0.0101, theta/day share 1.00)
08:37:56 voltium.loaders vega convention for /Users/andrew/Projects/quant-research/data_store/option_greeks_2023/EXPE.parquet: per_1.00_iv (per-unit share 1.00, per-point share 0.00, median dP/vega ratio 0.0100, theta/day share 1.00)
08:37:56 voltium.loaders vega convention for /Users/andrew/Projects/quant-research/data_store/option_greeks_2023/EXR.parquet: per_1.00_iv (per-unit share 1.00, per-point share 0.00, median dP/vega ratio 0.0101, theta/day share 1.00)
08:37:57 voltium.loaders vega convention for /Users/andrew/Projects/quant-research/data_store/option_greeks_2023/F.parquet: per_1.00_iv (per-unit share 1.00, per-point share 0.00, median dP/vega ratio 0.0100, theta/day share 1.00)
08:37:57 voltium.loaders vega convention for /Users/andrew/Projects/quant-research/data_store/option_greeks_2023/FANG.parquet: per_1.00_iv (per-unit share 1.00, per-point share 0.00, median dP/vega ratio 0.0101, theta/day share 1.00)
08:37:57 voltium.loaders vega convention for /Users/andrew/Projects/quant-research/data_store/option_greeks_2023/FAST.parquet: per_1.00_iv (per-unit share 1.00, per-point share 0.00, median dP/vega ratio 0.0101, theta/day share 1.00)
08:37:58 voltium.loaders vega convention for /Users/andrew/Projects/quant-research/data_store/option_greeks_2023/FCX.parquet: per_1.00_iv (per-unit share 1.00, per-point share 0.00, median dP/vega ratio 0.0100, theta/day share 1.00)
08:37:58 voltium.loaders vega convention for /Users/andrew/Projects/quant-research/data_store/option_greeks_2023/FDS.parquet: per_1.00_iv (per-unit share 1.00, per-point share 0.00, median dP/vega ratio 0.0100, theta/day share 1.00)
08:37:59 voltium.loaders vega convention for /Users/andrew/Projects/quant-research/data_store/option_greeks_2023/FDX.parquet: per_1.00_iv (per-unit share 1.00, per-point share 0.00, median dP/vega ratio 0.0101, theta/day share 1.00)
08:37:59 voltium.loaders vega convention for /Users/andrew/Projects/quant-research/data_store/option_greeks_2023/FE.parquet: per_1.00_iv (per-unit share 1.00, per-point share 0.00, median dP/vega ratio 0.0101, theta/day share 1.00)
08:38:00 voltium.loaders vega convention for /Users/andrew/Projects/quant-research/data_store/option_greeks_2023/FFIV.parquet: per_1.00_iv (per-unit share 1.00, per-point share 0.00, median dP/vega ratio 0.0100, theta/day share 1.00)
08:38:00 voltium.providers.straddle_returns reference paths: 200/533 symbols
08:38:00 voltium.loaders vega convention for /Users/andrew/Projects/quant-research/data_store/option_greeks_2023/FICO.parquet: per_1.00_iv (per-unit share 1.00, per-point share 0.00, median dP/vega ratio 0.0101, theta/day share 1.00)
08:38:01 voltium.loaders vega convention for /Users/andrew/Projects/quant-research/data_store/option_greeks_2023/FIS.parquet: per_1.00_iv (per-unit share 1.00, per-point share 0.00, median dP/vega ratio 0.0101, theta/day share 1.00)
08:38:01 voltium.loaders vega convention for /Users/andrew/Projects/quant-research/data_store/option_greeks_2023/FISV.parquet: per_1.00_iv (per-unit share 1.00, per-point share 0.00, median dP/vega ratio 0.0100, theta/day share 1.00)
08:38:01 voltium.loaders vega convention for /Users/andrew/Projects/quant-research/data_store/option_greeks_2023/FITB.parquet: per_1.00_iv (per-unit share 1.00, per-point share 0.00, median dP/vega ratio 0.0100, theta/day share 1.00)
08:38:02 voltium.loaders vega convention for /Users/andrew/Projects/quant-research/data_store/option_greeks_2023/FLT.parquet: per_1.00_iv (per-unit share 1.00, per-point share 0.00, median dP/vega ratio 0.0100, theta/day share 1.00)
08:38:02 voltium.loaders vega convention for /Users/andrew/Projects/quant-research/data_store/option_greeks_2023/FMC.parquet: per_1.00_iv (per-unit share 1.00, per-point share 0.00, median dP/vega ratio 0.0101, theta/day share 1.00)
08:38:02 voltium.loaders vega convention for /Users/andrew/Projects/quant-research/data_store/option_greeks_2023/FOX.parquet: per_1.00_iv (per-unit share 1.00, per-point share 0.00, median dP/vega ratio 0.0100, theta/day share 1.00)
08:38:03 voltium.loaders vega convention for /Users/andrew/Projects/quant-research/data_store/option_greeks_2023/FOXA.parquet: per_1.00_iv (per-unit share 1.00, per-point share 0.00, median dP/vega ratio 0.0100, theta/day share 1.00)
08:38:03 voltium.loaders vega convention for /Users/andrew/Projects/quant-research/data_store/option_greeks_2023/FRT.parquet: per_1.00_iv (per-unit share 1.00, per-point share 0.00, median dP/vega ratio 0.0101, theta/day share 1.00)
08:38:04 voltium.loaders vega convention for /Users/andrew/Projects/quant-research/data_store/option_greeks_2023/FSLR.parquet: per_1.00_iv (per-unit share 1.00, per-point share 0.00, median dP/vega ratio 0.0100, theta/day share 1.00)
08:38:04 voltium.loaders vega convention for /Users/andrew/Projects/quant-research/data_store/option_greeks_2023/FTNT.parquet: per_1.00_iv (per-unit share 1.00, per-point share 0.00, median dP/vega ratio 0.0100, theta/day share 1.00)
08:38:05 voltium.loaders vega convention for /Users/andrew/Projects/quant-research/data_store/option_greeks_2023/FTV.parquet: per_1.00_iv (per-unit share 1.00, per-point share 0.00, median dP/vega ratio 0.0101, theta/day share 1.00)
08:38:05 voltium.loaders vega convention for /Users/andrew/Projects/quant-research/data_store/option_greeks_2023/GD.parquet: per_1.00_iv (per-unit share 1.00, per-point share 0.00, median dP/vega ratio 0.0101, theta/day share 1.00)
08:38:05 voltium.loaders vega convention for /Users/andrew/Projects/quant-research/data_store/option_greeks_2024/GDDY.parquet: per_1.00_iv (per-unit share 1.00, per-point share 0.00, median dP/vega ratio 0.0100, theta/day share 1.00)
08:38:06 voltium.loaders vega convention for /Users/andrew/Projects/quant-research/data_store/option_greeks_2023/GE.parquet: per_1.00_iv (per-unit share 1.00, per-point share 0.00, median dP/vega ratio 0.0100, theta/day share 1.00)
08:38:06 voltium.loaders vega convention for /Users/andrew/Projects/quant-research/data_store/option_greeks_2023/GEHC.parquet: per_1.00_iv (per-unit share 1.00, per-point share 0.00, median dP/vega ratio 0.0100, theta/day share 1.00)
08:38:07 voltium.loaders vega convention for /Users/andrew/Projects/quant-research/data_store/option_greeks_2023/GEN.parquet: per_1.00_iv (per-unit share 1.00, per-point share 0.00, median dP/vega ratio 0.0101, theta/day share 1.00)
08:38:07 voltium.loaders vega convention for /Users/andrew/Projects/quant-research/data_store/option_greeks_2024/GEV.parquet: per_1.00_iv (per-unit share 1.00, per-point share 0.00, median dP/vega ratio 0.0100, theta/day share 1.00)
08:38:08 voltium.loaders vega convention for /Users/andrew/Projects/quant-research/data_store/option_greeks_2023/GILD.parquet: per_1.00_iv (per-unit share 1.00, per-point share 0.00, median dP/vega ratio 0.0101, theta/day share 1.00)
08:38:08 voltium.loaders vega convention for /Users/andrew/Projects/quant-research/data_store/option_greeks_2023/GIS.parquet: per_1.00_iv (per-unit share 1.00, per-point share 0.00, median dP/vega ratio 0.0101, theta/day share 1.00)
08:38:09 voltium.loaders vega convention for /Users/andrew/Projects/quant-research/data_store/option_greeks_2023/GL.parquet: per_1.00_iv (per-unit share 1.00, per-point share 0.00, median dP/vega ratio 0.0101, theta/day share 1.00)
08:38:09 voltium.loaders vega convention for /Users/andrew/Projects/quant-research/data_store/option_greeks_2023/GLW.parquet: per_1.00_iv (per-unit share 1.00, per-point share 0.00, median dP/vega ratio 0.0101, theta/day share 1.00)
08:38:09 voltium.loaders vega convention for /Users/andrew/Projects/quant-research/data_store/option_greeks_2023/GM.parquet: per_1.00_iv (per-unit share 1.00, per-point share 0.00, median dP/vega ratio 0.0100, theta/day share 1.00)
08:38:10 voltium.loaders vega convention for /Users/andrew/Projects/quant-research/data_store/option_greeks_2023/GNRC.parquet: per_1.00_iv (per-unit share 1.00, per-point share 0.00, median dP/vega ratio 0.0100, theta/day share 1.00)
08:38:10 voltium.loaders vega convention for /Users/andrew/Projects/quant-research/data_store/option_greeks_2023/GOOG.parquet: per_1.00_iv (per-unit share 1.00, per-point share 0.00, median dP/vega ratio 0.0101, theta/day share 1.00)
08:38:11 voltium.loaders vega convention for /Users/andrew/Projects/quant-research/data_store/option_greeks_2023/GOOGL.parquet: per_1.00_iv (per-unit share 1.00, per-point share 0.00, median dP/vega ratio 0.0101, theta/day share 1.00)
08:38:11 voltium.loaders vega convention for /Users/andrew/Projects/quant-research/data_store/option_greeks_2023/GPC.parquet: per_1.00_iv (per-unit share 1.00, per-point share 0.00, median dP/vega ratio 0.0101, theta/day share 1.00)
08:38:12 voltium.loaders vega convention for /Users/andrew/Projects/quant-research/data_store/option_greeks_2023/GPN.parquet: per_1.00_iv (per-unit share 1.00, per-point share 0.00, median dP/vega ratio 0.0101, theta/day share 1.00)
08:38:12 voltium.loaders vega convention for /Users/andrew/Projects/quant-research/data_store/option_greeks_2023/GRMN.parquet: per_1.00_iv (per-unit share 1.00, per-point share 0.00, median dP/vega ratio 0.0101, theta/day share 1.00)
08:38:13 voltium.loaders vega convention for /Users/andrew/Projects/quant-research/data_store/option_greeks_2023/GS.parquet: per_1.00_iv (per-unit share 1.00, per-point share 0.00, median dP/vega ratio 0.0101, theta/day share 1.00)
08:38:13 voltium.loaders vega convention for /Users/andrew/Projects/quant-research/data_store/option_greeks_2023/GWW.parquet: per_1.00_iv (per-unit share 1.00, per-point share 0.00, median dP/vega ratio 0.0101, theta/day share 1.00)
08:38:14 voltium.loaders vega convention for /Users/andrew/Projects/quant-research/data_store/option_greeks_2023/HAL.parquet: per_1.00_iv (per-unit share 1.00, per-point share 0.00, median dP/vega ratio 0.0100, theta/day share 1.00)
08:38:14 voltium.loaders vega convention for /Users/andrew/Projects/quant-research/data_store/option_greeks_2023/HAS.parquet: per_1.00_iv (per-unit share 1.00, per-point share 0.00, median dP/vega ratio 0.0101, theta/day share 1.00)
08:38:15 voltium.loaders vega convention for /Users/andrew/Projects/quant-research/data_store/option_greeks_2023/HBAN.parquet: per_1.00_iv (per-unit share 1.00, per-point share 0.00, median dP/vega ratio 0.0101, theta/day share 1.00)
08:38:15 voltium.loaders vega convention for /Users/andrew/Projects/quant-research/data_store/option_greeks_2023/HCA.parquet: per_1.00_iv (per-unit share 1.00, per-point share 0.00, median dP/vega ratio 0.0101, theta/day share 1.00)
08:38:16 voltium.loaders vega convention for /Users/andrew/Projects/quant-research/data_store/option_greeks_2023/HD.parquet: per_1.00_iv (per-unit share 1.00, per-point share 0.00, median dP/vega ratio 0.0101, theta/day share 1.00)
08:38:16 voltium.loaders vega convention for /Users/andrew/Projects/quant-research/data_store/option_greeks_2023/HES.parquet: per_1.00_iv (per-unit share 1.00, per-point share 0.00, median dP/vega ratio 0.0100, theta/day share 1.00)
08:38:16 voltium.loaders vega convention for /Users/andrew/Projects/quant-research/data_store/option_greeks_2023/HIG.parquet: per_1.00_iv (per-unit share 1.00, per-point share 0.00, median dP/vega ratio 0.0100, theta/day share 1.00)
08:38:17 voltium.loaders vega convention for /Users/andrew/Projects/quant-research/data_store/option_greeks_2023/HII.parquet: per_1.00_iv (per-unit share 1.00, per-point share 0.00, median dP/vega ratio 0.0101, theta/day share 1.00)
08:38:17 voltium.loaders vega convention for /Users/andrew/Projects/quant-research/data_store/option_greeks_2023/HLT.parquet: per_1.00_iv (per-unit share 1.00, per-point share 0.00, median dP/vega ratio 0.0101, theta/day share 1.00)
08:38:18 voltium.loaders vega convention for /Users/andrew/Projects/quant-research/data_store/option_greeks_2023/HOLX.parquet: per_1.00_iv (per-unit share 1.00, per-point share 0.00, median dP/vega ratio 0.0101, theta/day share 1.00)
08:38:18 voltium.loaders vega convention for /Users/andrew/Projects/quant-research/data_store/option_greeks_2023/HON.parquet: per_1.00_iv (per-unit share 1.00, per-point share 0.00, median dP/vega ratio 0.0101, theta/day share 1.00)
08:38:19 voltium.loaders vega convention for /Users/andrew/Projects/quant-research/data_store/option_greeks/HOOD.parquet: per_1.00_iv (per-unit share 1.00, per-point share 0.00, median dP/vega ratio 0.0100, theta/day share 1.00)
08:38:19 voltium.loaders vega convention for /Users/andrew/Projects/quant-research/data_store/option_greeks_2023/HPE.parquet: per_1.00_iv (per-unit share 1.00, per-point share 0.00, median dP/vega ratio 0.0101, theta/day share 1.00)
08:38:19 voltium.loaders vega convention for /Users/andrew/Projects/quant-research/data_store/option_greeks_2023/HPQ.parquet: per_1.00_iv (per-unit share 1.00, per-point share 0.00, median dP/vega ratio 0.0100, theta/day share 1.00)
08:38:20 voltium.loaders vega convention for /Users/andrew/Projects/quant-research/data_store/option_greeks_2023/HRL.parquet: per_1.00_iv (per-unit share 1.00, per-point share 0.00, median dP/vega ratio 0.0101, theta/day share 1.00)
08:38:20 voltium.loaders vega convention for /Users/andrew/Projects/quant-research/data_store/option_greeks_2023/HSIC.parquet: per_1.00_iv (per-unit share 1.00, per-point share 0.00, median dP/vega ratio 0.0101, theta/day share 1.00)
08:38:21 voltium.loaders vega convention for /Users/andrew/Projects/quant-research/data_store/option_greeks_2023/HST.parquet: per_1.00_iv (per-unit share 1.00, per-point share 0.00, median dP/vega ratio 0.0100, theta/day share 1.00)
08:38:21 voltium.loaders vega convention for /Users/andrew/Projects/quant-research/data_store/option_greeks_2023/HSY.parquet: per_1.00_iv (per-unit share 1.00, per-point share 0.00, median dP/vega ratio 0.0101, theta/day share 1.00)
08:38:22 voltium.loaders vega convention for /Users/andrew/Projects/quant-research/data_store/option_greeks_2023/HUBB.parquet: per_1.00_iv (per-unit share 1.00, per-point share 0.00, median dP/vega ratio 0.0101, theta/day share 1.00)
08:38:22 voltium.providers.straddle_returns reference paths: 250/533 symbols
08:38:22 voltium.loaders vega convention for /Users/andrew/Projects/quant-research/data_store/option_greeks_2023/HUM.parquet: per_1.00_iv (per-unit share 1.00, per-point share 0.00, median dP/vega ratio 0.0100, theta/day share 1.00)
08:38:23 voltium.loaders vega convention for /Users/andrew/Projects/quant-research/data_store/option_greeks_2023/HWM.parquet: per_1.00_iv (per-unit share 1.00, per-point share 0.00, median dP/vega ratio 0.0101, theta/day share 1.00)
08:38:23 voltium.loaders vega convention for /Users/andrew/Projects/quant-research/data_store/option_greeks/IBKR.parquet: per_1.00_iv (per-unit share 1.00, per-point share 0.00, median dP/vega ratio 0.0101, theta/day share 1.00)
08:38:23 voltium.loaders vega convention for /Users/andrew/Projects/quant-research/data_store/option_greeks_2023/IBM.parquet: per_1.00_iv (per-unit share 1.00, per-point share 0.00, median dP/vega ratio 0.0100, theta/day share 1.00)
08:38:24 voltium.loaders vega convention for /Users/andrew/Projects/quant-research/data_store/option_greeks_2023/ICE.parquet: per_1.00_iv (per-unit share 1.00, per-point share 0.00, median dP/vega ratio 0.0101, theta/day share 1.00)
08:38:24 voltium.loaders vega convention for /Users/andrew/Projects/quant-research/data_store/option_greeks_2023/IDXX.parquet: per_1.00_iv (per-unit share 1.00, per-point share 0.00, median dP/vega ratio 0.0100, theta/day share 1.00)
08:38:25 voltium.loaders vega convention for /Users/andrew/Projects/quant-research/data_store/option_greeks_2023/IEX.parquet: per_1.00_iv (per-unit share 1.00, per-point share 0.00, median dP/vega ratio 0.0101, theta/day share 1.00)
08:38:25 voltium.loaders vega convention for /Users/andrew/Projects/quant-research/data_store/option_greeks_2023/IFF.parquet: per_1.00_iv (per-unit share 1.00, per-point share 0.00, median dP/vega ratio 0.0100, theta/day share 1.00)
08:38:25 voltium.loaders vega convention for /Users/andrew/Projects/quant-research/data_store/option_greeks_2023/ILMN.parquet: per_1.00_iv (per-unit share 1.00, per-point share 0.00, median dP/vega ratio 0.0100, theta/day share 1.00)
08:38:26 voltium.loaders vega convention for /Users/andrew/Projects/quant-research/data_store/option_greeks_2023/INCY.parquet: per_1.00_iv (per-unit share 1.00, per-point share 0.00, median dP/vega ratio 0.0101, theta/day share 1.00)
08:38:26 voltium.loaders vega convention for /Users/andrew/Projects/quant-research/data_store/option_greeks_2023/INTC.parquet: per_1.00_iv (per-unit share 1.00, per-point share 0.00, median dP/vega ratio 0.0100, theta/day share 1.00)
08:38:27 voltium.loaders vega convention for /Users/andrew/Projects/quant-research/data_store/option_greeks_2023/INTU.parquet: per_1.00_iv (per-unit share 1.00, per-point share 0.00, median dP/vega ratio 0.0100, theta/day share 1.00)
08:38:27 voltium.loaders vega convention for /Users/andrew/Projects/quant-research/data_store/option_greeks_2023/INVH.parquet: per_1.00_iv (per-unit share 1.00, per-point share 0.00, median dP/vega ratio 0.0101, theta/day share 1.00)
08:38:28 voltium.loaders vega convention for /Users/andrew/Projects/quant-research/data_store/option_greeks_2023/IP.parquet: per_1.00_iv (per-unit share 1.00, per-point share 0.00, median dP/vega ratio 0.0100, theta/day share 1.00)
08:38:28 voltium.loaders vega convention for /Users/andrew/Projects/quant-research/data_store/option_greeks_2023/IPG.parquet: per_1.00_iv (per-unit share 1.00, per-point share 0.00, median dP/vega ratio 0.0101, theta/day share 1.00)
08:38:29 voltium.loaders vega convention for /Users/andrew/Projects/quant-research/data_store/option_greeks_2023/IQV.parquet: per_1.00_iv (per-unit share 1.00, per-point share 0.00, median dP/vega ratio 0.0101, theta/day share 1.00)
08:38:29 voltium.loaders vega convention for /Users/andrew/Projects/quant-research/data_store/option_greeks_2023/IR.parquet: per_1.00_iv (per-unit share 1.00, per-point share 0.00, median dP/vega ratio 0.0101, theta/day share 1.00)
08:38:29 voltium.loaders vega convention for /Users/andrew/Projects/quant-research/data_store/option_greeks_2023/IRM.parquet: per_1.00_iv (per-unit share 1.00, per-point share 0.00, median dP/vega ratio 0.0101, theta/day share 1.00)
08:38:30 voltium.loaders vega convention for /Users/andrew/Projects/quant-research/data_store/option_greeks_2023/ISRG.parquet: per_1.00_iv (per-unit share 1.00, per-point share 0.00, median dP/vega ratio 0.0101, theta/day share 1.00)
08:38:30 voltium.loaders vega convention for /Users/andrew/Projects/quant-research/data_store/option_greeks_2023/IT.parquet: per_1.00_iv (per-unit share 1.00, per-point share 0.00, median dP/vega ratio 0.0101, theta/day share 1.00)
08:38:31 voltium.loaders vega convention for /Users/andrew/Projects/quant-research/data_store/option_greeks_2023/ITW.parquet: per_1.00_iv (per-unit share 1.00, per-point share 0.00, median dP/vega ratio 0.0101, theta/day share 1.00)
08:38:31 voltium.loaders vega convention for /Users/andrew/Projects/quant-research/data_store/option_greeks_2023/IVZ.parquet: per_1.00_iv (per-unit share 1.00, per-point share 0.00, median dP/vega ratio 0.0101, theta/day share 1.00)
08:38:32 voltium.loaders vega convention for /Users/andrew/Projects/quant-research/data_store/option_greeks_2023/J.parquet: per_1.00_iv (per-unit share 1.00, per-point share 0.00, median dP/vega ratio 0.0101, theta/day share 1.00)
08:38:32 voltium.loaders vega convention for /Users/andrew/Projects/quant-research/data_store/option_greeks_2023/JBHT.parquet: per_1.00_iv (per-unit share 1.00, per-point share 0.00, median dP/vega ratio 0.0101, theta/day share 1.00)
08:38:32 voltium.loaders vega convention for /Users/andrew/Projects/quant-research/data_store/option_greeks_2023/JBL.parquet: per_1.00_iv (per-unit share 1.00, per-point share 0.00, median dP/vega ratio 0.0101, theta/day share 1.00)
08:38:33 voltium.loaders vega convention for /Users/andrew/Projects/quant-research/data_store/option_greeks_2023/JCI.parquet: per_1.00_iv (per-unit share 1.00, per-point share 0.00, median dP/vega ratio 0.0101, theta/day share 1.00)
08:38:33 voltium.loaders vega convention for /Users/andrew/Projects/quant-research/data_store/option_greeks_2023/JKHY.parquet: per_1.00_iv (per-unit share 1.00, per-point share 0.00, median dP/vega ratio 0.0101, theta/day share 1.00)
08:38:34 voltium.loaders vega convention for /Users/andrew/Projects/quant-research/data_store/option_greeks_2023/JNJ.parquet: per_1.00_iv (per-unit share 1.00, per-point share 0.00, median dP/vega ratio 0.0101, theta/day share 1.00)
08:38:34 voltium.loaders vega convention for /Users/andrew/Projects/quant-research/data_store/option_greeks_2023/JNPR.parquet: per_1.00_iv (per-unit share 1.00, per-point share 0.00, median dP/vega ratio 0.0100, theta/day share 1.00)
08:38:35 voltium.loaders vega convention for /Users/andrew/Projects/quant-research/data_store/option_greeks_2023/JPM.parquet: per_1.00_iv (per-unit share 1.00, per-point share 0.00, median dP/vega ratio 0.0100, theta/day share 1.00)
08:38:35 voltium.loaders vega convention for /Users/andrew/Projects/quant-research/data_store/option_greeks_2023/K.parquet: per_1.00_iv (per-unit share 1.00, per-point share 0.00, median dP/vega ratio 0.0101, theta/day share 1.00)
08:38:36 voltium.loaders vega convention for /Users/andrew/Projects/quant-research/data_store/option_greeks_2023/KDP.parquet: per_1.00_iv (per-unit share 1.00, per-point share 0.00, median dP/vega ratio 0.0101, theta/day share 1.00)
08:38:36 voltium.loaders vega convention for /Users/andrew/Projects/quant-research/data_store/option_greeks_2023/KEY.parquet: per_1.00_iv (per-unit share 1.00, per-point share 0.00, median dP/vega ratio 0.0101, theta/day share 1.00)
08:38:36 voltium.loaders vega convention for /Users/andrew/Projects/quant-research/data_store/option_greeks_2023/KEYS.parquet: per_1.00_iv (per-unit share 1.00, per-point share 0.00, median dP/vega ratio 0.0101, theta/day share 1.00)
08:38:37 voltium.loaders vega convention for /Users/andrew/Projects/quant-research/data_store/option_greeks_2023/KHC.parquet: per_1.00_iv (per-unit share 1.00, per-point share 0.00, median dP/vega ratio 0.0101, theta/day share 1.00)
08:38:37 voltium.loaders vega convention for /Users/andrew/Projects/quant-research/data_store/option_greeks_2023/KIM.parquet: per_1.00_iv (per-unit share 1.00, per-point share 0.00, median dP/vega ratio 0.0101, theta/day share 1.00)
08:38:38 voltium.loaders vega convention for /Users/andrew/Projects/quant-research/data_store/option_greeks_2024/KKR.parquet: per_1.00_iv (per-unit share 1.00, per-point share 0.00, median dP/vega ratio 0.0100, theta/day share 1.00)
08:38:38 voltium.loaders vega convention for /Users/andrew/Projects/quant-research/data_store/option_greeks_2023/KLAC.parquet: per_1.00_iv (per-unit share 1.00, per-point share 0.00, median dP/vega ratio 0.0100, theta/day share 1.00)
08:38:39 voltium.loaders vega convention for /Users/andrew/Projects/quant-research/data_store/option_greeks_2023/KMB.parquet: per_1.00_iv (per-unit share 1.00, per-point share 0.00, median dP/vega ratio 0.0101, theta/day share 1.00)
08:38:39 voltium.loaders vega convention for /Users/andrew/Projects/quant-research/data_store/option_greeks_2023/KMI.parquet: per_1.00_iv (per-unit share 1.00, per-point share 0.00, median dP/vega ratio 0.0101, theta/day share 1.00)
08:38:40 voltium.loaders vega convention for /Users/andrew/Projects/quant-research/data_store/option_greeks_2023/KMX.parquet: per_1.00_iv (per-unit share 1.00, per-point share 0.00, median dP/vega ratio 0.0100, theta/day share 1.00)
08:38:40 voltium.loaders vega convention for /Users/andrew/Projects/quant-research/data_store/option_greeks_2023/KO.parquet: per_1.00_iv (per-unit share 1.00, per-point share 0.00, median dP/vega ratio 0.0101, theta/day share 1.00)
08:38:41 voltium.loaders vega convention for /Users/andrew/Projects/quant-research/data_store/option_greeks_2023/KR.parquet: per_1.00_iv (per-unit share 1.00, per-point share 0.00, median dP/vega ratio 0.0100, theta/day share 1.00)
08:38:41 voltium.loaders vega convention for /Users/andrew/Projects/quant-research/data_store/option_greeks_2023/KVUE.parquet: per_1.00_iv (per-unit share 1.00, per-point share 0.00, median dP/vega ratio 0.0100, theta/day share 1.00)
08:38:41 voltium.loaders vega convention for /Users/andrew/Projects/quant-research/data_store/option_greeks_2023/L.parquet: per_1.00_iv (per-unit share 1.00, per-point share 0.00, median dP/vega ratio 0.0101, theta/day share 1.00)
08:38:42 voltium.loaders vega convention for /Users/andrew/Projects/quant-research/data_store/option_greeks_2023/LDOS.parquet: per_1.00_iv (per-unit share 1.00, per-point share 0.00, median dP/vega ratio 0.0101, theta/day share 1.00)
08:38:42 voltium.loaders vega convention for /Users/andrew/Projects/quant-research/data_store/option_greeks_2023/LEN.parquet: per_1.00_iv (per-unit share 1.00, per-point share 0.00, median dP/vega ratio 0.0100, theta/day share 1.00)
08:38:43 voltium.loaders vega convention for /Users/andrew/Projects/quant-research/data_store/option_greeks_2023/LH.parquet: per_1.00_iv (per-unit share 1.00, per-point share 0.00, median dP/vega ratio 0.0101, theta/day share 1.00)
08:38:43 voltium.loaders vega convention for /Users/andrew/Projects/quant-research/data_store/option_greeks_2023/LHX.parquet: per_1.00_iv (per-unit share 1.00, per-point share 0.00, median dP/vega ratio 0.0101, theta/day share 1.00)
08:38:44 voltium.loaders vega convention for /Users/andrew/Projects/quant-research/data_store/option_greeks_2024/LII.parquet: per_1.00_iv (per-unit share 1.00, per-point share 0.00, median dP/vega ratio 0.0100, theta/day share 1.00)
08:38:44 voltium.providers.straddle_returns reference paths: 300/533 symbols
08:38:44 voltium.loaders vega convention for /Users/andrew/Projects/quant-research/data_store/option_greeks_2023/LIN.parquet: per_1.00_iv (per-unit share 1.00, per-point share 0.00, median dP/vega ratio 0.0101, theta/day share 1.00)
08:38:45 voltium.loaders vega convention for /Users/andrew/Projects/quant-research/data_store/option_greeks_2023/LKQ.parquet: per_1.00_iv (per-unit share 1.00, per-point share 0.00, median dP/vega ratio 0.0101, theta/day share 1.00)
08:38:45 voltium.loaders vega convention for /Users/andrew/Projects/quant-research/data_store/option_greeks_2023/LLY.parquet: per_1.00_iv (per-unit share 1.00, per-point share 0.00, median dP/vega ratio 0.0101, theta/day share 1.00)
08:38:46 voltium.loaders vega convention for /Users/andrew/Projects/quant-research/data_store/option_greeks_2023/LMT.parquet: per_1.00_iv (per-unit share 1.00, per-point share 0.00, median dP/vega ratio 0.0101, theta/day share 1.00)
08:38:46 voltium.loaders vega convention for /Users/andrew/Projects/quant-research/data_store/option_greeks_2023/LNT.parquet: per_1.00_iv (per-unit share 1.00, per-point share 0.00, median dP/vega ratio 0.0101, theta/day share 1.00)
08:38:46 voltium.loaders vega convention for /Users/andrew/Projects/quant-research/data_store/option_greeks_2023/LOW.parquet: per_1.00_iv (per-unit share 1.00, per-point share 0.00, median dP/vega ratio 0.0101, theta/day share 1.00)
08:38:47 voltium.loaders vega convention for /Users/andrew/Projects/quant-research/data_store/option_greeks_2023/LRCX.parquet: per_1.00_iv (per-unit share 1.00, per-point share 0.00, median dP/vega ratio 0.0100, theta/day share 1.00)
08:38:47 voltium.loaders vega convention for /Users/andrew/Projects/quant-research/data_store/option_greeks_2023/LULU.parquet: per_1.00_iv (per-unit share 1.00, per-point share 0.00, median dP/vega ratio 0.0100, theta/day share 1.00)
08:38:48 voltium.loaders vega convention for /Users/andrew/Projects/quant-research/data_store/option_greeks_2023/LUV.parquet: per_1.00_iv (per-unit share 1.00, per-point share 0.00, median dP/vega ratio 0.0100, theta/day share 1.00)
08:38:48 voltium.loaders vega convention for /Users/andrew/Projects/quant-research/data_store/option_greeks_2023/LVS.parquet: per_1.00_iv (per-unit share 1.00, per-point share 0.00, median dP/vega ratio 0.0100, theta/day share 1.00)
08:38:49 voltium.loaders vega convention for /Users/andrew/Projects/quant-research/data_store/option_greeks_2023/LW.parquet: per_1.00_iv (per-unit share 1.00, per-point share 0.00, median dP/vega ratio 0.0101, theta/day share 1.00)
08:38:49 voltium.loaders vega convention for /Users/andrew/Projects/quant-research/data_store/option_greeks_2023/LYB.parquet: per_1.00_iv (per-unit share 1.00, per-point share 0.00, median dP/vega ratio 0.0101, theta/day share 1.00)
08:38:50 voltium.loaders vega convention for /Users/andrew/Projects/quant-research/data_store/option_greeks_2023/LYV.parquet: per_1.00_iv (per-unit share 1.00, per-point share 0.00, median dP/vega ratio 0.0100, theta/day share 1.00)
08:38:50 voltium.loaders vega convention for /Users/andrew/Projects/quant-research/data_store/option_greeks_2023/MA.parquet: per_1.00_iv (per-unit share 1.00, per-point share 0.00, median dP/vega ratio 0.0101, theta/day share 1.00)
08:38:51 voltium.loaders vega convention for /Users/andrew/Projects/quant-research/data_store/option_greeks_2023/MAA.parquet: per_1.00_iv (per-unit share 1.00, per-point share 0.00, median dP/vega ratio 0.0101, theta/day share 1.00)
08:38:51 voltium.loaders vega convention for /Users/andrew/Projects/quant-research/data_store/option_greeks_2023/MAR.parquet: per_1.00_iv (per-unit share 1.00, per-point share 0.00, median dP/vega ratio 0.0100, theta/day share 1.00)
08:38:52 voltium.loaders vega convention for /Users/andrew/Projects/quant-research/data_store/option_greeks_2023/MAS.parquet: per_1.00_iv (per-unit share 1.00, per-point share 0.00, median dP/vega ratio 0.0101, theta/day share 1.00)
08:38:52 voltium.loaders vega convention for /Users/andrew/Projects/quant-research/data_store/option_greeks_2023/MCD.parquet: per_1.00_iv (per-unit share 1.00, per-point share 0.00, median dP/vega ratio 0.0101, theta/day share 1.00)
08:38:53 voltium.loaders vega convention for /Users/andrew/Projects/quant-research/data_store/option_greeks_2023/MCHP.parquet: per_1.00_iv (per-unit share 1.00, per-point share 0.00, median dP/vega ratio 0.0100, theta/day share 1.00)
08:38:53 voltium.loaders vega convention for /Users/andrew/Projects/quant-research/data_store/option_greeks_2023/MCK.parquet: per_1.00_iv (per-unit share 1.00, per-point share 0.00, median dP/vega ratio 0.0100, theta/day share 1.00)
08:38:54 voltium.loaders vega convention for /Users/andrew/Projects/quant-research/data_store/option_greeks_2023/MCO.parquet: per_1.00_iv (per-unit share 1.00, per-point share 0.00, median dP/vega ratio 0.0100, theta/day share 1.00)
08:38:54 voltium.loaders vega convention for /Users/andrew/Projects/quant-research/data_store/option_greeks_2023/MDLZ.parquet: per_1.00_iv (per-unit share 1.00, per-point share 0.00, median dP/vega ratio 0.0101, theta/day share 1.00)
08:38:54 voltium.loaders vega convention for /Users/andrew/Projects/quant-research/data_store/option_greeks_2023/MDT.parquet: per_1.00_iv (per-unit share 1.00, per-point share 0.00, median dP/vega ratio 0.0101, theta/day share 1.00)
08:38:55 voltium.loaders vega convention for /Users/andrew/Projects/quant-research/data_store/option_greeks_2023/MET.parquet: per_1.00_iv (per-unit share 1.00, per-point share 0.00, median dP/vega ratio 0.0100, theta/day share 1.00)
08:38:55 voltium.loaders vega convention for /Users/andrew/Projects/quant-research/data_store/option_greeks_2023/META.parquet: per_1.00_iv (per-unit share 1.00, per-point share 0.00, median dP/vega ratio 0.0100, theta/day share 1.00)
08:38:56 voltium.loaders vega convention for /Users/andrew/Projects/quant-research/data_store/option_greeks_2023/MGM.parquet: per_1.00_iv (per-unit share 1.00, per-point share 0.00, median dP/vega ratio 0.0100, theta/day share 1.00)
08:38:56 voltium.loaders vega convention for /Users/andrew/Projects/quant-research/data_store/option_greeks_2023/MHK.parquet: per_1.00_iv (per-unit share 1.00, per-point share 0.00, median dP/vega ratio 0.0100, theta/day share 1.00)
08:38:57 voltium.loaders vega convention for /Users/andrew/Projects/quant-research/data_store/option_greeks_2023/MKC.parquet: per_1.00_iv (per-unit share 1.00, per-point share 0.00, median dP/vega ratio 0.0101, theta/day share 1.00)
08:38:57 voltium.loaders vega convention for /Users/andrew/Projects/quant-research/data_store/option_greeks_2023/MKTX.parquet: per_1.00_iv (per-unit share 1.00, per-point share 0.00, median dP/vega ratio 0.0101, theta/day share 1.00)
08:38:58 voltium.loaders vega convention for /Users/andrew/Projects/quant-research/data_store/option_greeks_2023/MLM.parquet: per_1.00_iv (per-unit share 1.00, per-point share 0.00, median dP/vega ratio 0.0101, theta/day share 1.00)
08:38:58 voltium.loaders vega convention for /Users/andrew/Projects/quant-research/data_store/option_greeks_2023/MMM.parquet: per_1.00_iv (per-unit share 1.00, per-point share 0.00, median dP/vega ratio 0.0100, theta/day share 1.00)
08:38:59 voltium.loaders vega convention for /Users/andrew/Projects/quant-research/data_store/option_greeks_2023/MNST.parquet: per_1.00_iv (per-unit share 1.00, per-point share 0.00, median dP/vega ratio 0.0101, theta/day share 1.00)
08:38:59 voltium.loaders vega convention for /Users/andrew/Projects/quant-research/data_store/option_greeks_2023/MO.parquet: per_1.00_iv (per-unit share 1.00, per-point share 0.00, median dP/vega ratio 0.0101, theta/day share 1.00)
08:39:00 voltium.loaders vega convention for /Users/andrew/Projects/quant-research/data_store/option_greeks_2023/MOH.parquet: per_1.00_iv (per-unit share 1.00, per-point share 0.00, median dP/vega ratio 0.0101, theta/day share 1.00)
08:39:00 voltium.loaders vega convention for /Users/andrew/Projects/quant-research/data_store/option_greeks_2023/MOS.parquet: per_1.00_iv (per-unit share 1.00, per-point share 0.00, median dP/vega ratio 0.0100, theta/day share 1.00)
08:39:01 voltium.loaders vega convention for /Users/andrew/Projects/quant-research/data_store/option_greeks_2023/MPC.parquet: per_1.00_iv (per-unit share 1.00, per-point share 0.00, median dP/vega ratio 0.0100, theta/day share 1.00)
08:39:01 voltium.loaders vega convention for /Users/andrew/Projects/quant-research/data_store/option_greeks_2023/MPWR.parquet: per_1.00_iv (per-unit share 1.00, per-point share 0.00, median dP/vega ratio 0.0101, theta/day share 1.00)
08:39:02 voltium.loaders vega convention for /Users/andrew/Projects/quant-research/data_store/option_greeks_2023/MRK.parquet: per_1.00_iv (per-unit share 1.00, per-point share 0.00, median dP/vega ratio 0.0101, theta/day share 1.00)
08:39:02 voltium.loaders vega convention for /Users/andrew/Projects/quant-research/data_store/option_greeks_2023/MRNA.parquet: per_1.00_iv (per-unit share 1.00, per-point share 0.00, median dP/vega ratio 0.0100, theta/day share 1.00)
08:39:03 voltium.loaders vega convention for /Users/andrew/Projects/quant-research/data_store/option_greeks_2023/MRO.parquet: per_1.00_iv (per-unit share 1.00, per-point share 0.00, median dP/vega ratio 0.0100, theta/day share 1.00)
08:39:03 voltium.loaders vega convention for /Users/andrew/Projects/quant-research/data_store/option_greeks_2023/MS.parquet: per_1.00_iv (per-unit share 1.00, per-point share 0.00, median dP/vega ratio 0.0100, theta/day share 1.00)
08:39:03 voltium.loaders vega convention for /Users/andrew/Projects/quant-research/data_store/option_greeks_2023/MSCI.parquet: per_1.00_iv (per-unit share 1.00, per-point share 0.00, median dP/vega ratio 0.0101, theta/day share 1.00)
08:39:04 voltium.loaders vega convention for /Users/andrew/Projects/quant-research/data_store/option_greeks_2023/MSFT.parquet: per_1.00_iv (per-unit share 1.00, per-point share 0.00, median dP/vega ratio 0.0101, theta/day share 1.00)
08:39:04 voltium.loaders vega convention for /Users/andrew/Projects/quant-research/data_store/option_greeks_2023/MSI.parquet: per_1.00_iv (per-unit share 1.00, per-point share 0.00, median dP/vega ratio 0.0101, theta/day share 1.00)
08:39:05 voltium.loaders vega convention for /Users/andrew/Projects/quant-research/data_store/option_greeks_2023/MTB.parquet: per_1.00_iv (per-unit share 1.00, per-point share 0.00, median dP/vega ratio 0.0101, theta/day share 1.00)
08:39:05 voltium.loaders vega convention for /Users/andrew/Projects/quant-research/data_store/option_greeks_2023/MTCH.parquet: per_1.00_iv (per-unit share 1.00, per-point share 0.00, median dP/vega ratio 0.0100, theta/day share 1.00)
08:39:06 voltium.loaders vega convention for /Users/andrew/Projects/quant-research/data_store/option_greeks_2023/MTD.parquet: per_1.00_iv (per-unit share 1.00, per-point share 0.00, median dP/vega ratio 0.0100, theta/day share 1.00)
08:39:06 voltium.loaders vega convention for /Users/andrew/Projects/quant-research/data_store/option_greeks_2023/MU.parquet: per_1.00_iv (per-unit share 1.00, per-point share 0.00, median dP/vega ratio 0.0100, theta/day share 1.00)
08:39:07 voltium.loaders vega convention for /Users/andrew/Projects/quant-research/data_store/option_greeks_2023/NCLH.parquet: per_1.00_iv (per-unit share 1.00, per-point share 0.00, median dP/vega ratio 0.0100, theta/day share 1.00)
08:39:07 voltium.loaders vega convention for /Users/andrew/Projects/quant-research/data_store/option_greeks_2023/NDAQ.parquet: per_1.00_iv (per-unit share 1.00, per-point share 0.00, median dP/vega ratio 0.0101, theta/day share 1.00)
08:39:08 voltium.providers.straddle_returns reference paths: 350/533 symbols
08:39:08 voltium.loaders vega convention for /Users/andrew/Projects/quant-research/data_store/option_greeks_2023/NDSN.parquet: per_1.00_iv (per-unit share 1.00, per-point share 0.00, median dP/vega ratio 0.0101, theta/day share 1.00)
08:39:08 voltium.loaders vega convention for /Users/andrew/Projects/quant-research/data_store/option_greeks_2023/NEE.parquet: per_1.00_iv (per-unit share 1.00, per-point share 0.00, median dP/vega ratio 0.0101, theta/day share 1.00)
08:39:08 voltium.loaders vega convention for /Users/andrew/Projects/quant-research/data_store/option_greeks_2023/NEM.parquet: per_1.00_iv (per-unit share 1.00, per-point share 0.00, median dP/vega ratio 0.0100, theta/day share 1.00)
08:39:09 voltium.loaders vega convention for /Users/andrew/Projects/quant-research/data_store/option_greeks_2023/NFLX.parquet: per_1.00_iv (per-unit share 1.00, per-point share 0.00, median dP/vega ratio 0.0100, theta/day share 1.00)
08:39:09 voltium.loaders vega convention for /Users/andrew/Projects/quant-research/data_store/option_greeks_2023/NI.parquet: per_1.00_iv (per-unit share 1.00, per-point share 0.00, median dP/vega ratio 0.0101, theta/day share 1.00)
08:39:10 voltium.loaders vega convention for /Users/andrew/Projects/quant-research/data_store/option_greeks_2023/NKE.parquet: per_1.00_iv (per-unit share 1.00, per-point share 0.00, median dP/vega ratio 0.0100, theta/day share 1.00)
08:39:10 voltium.loaders vega convention for /Users/andrew/Projects/quant-research/data_store/option_greeks_2023/NOC.parquet: per_1.00_iv (per-unit share 1.00, per-point share 0.00, median dP/vega ratio 0.0100, theta/day share 1.00)
08:39:11 voltium.loaders vega convention for /Users/andrew/Projects/quant-research/data_store/option_greeks_2023/NOW.parquet: per_1.00_iv (per-unit share 1.00, per-point share 0.00, median dP/vega ratio 0.0100, theta/day share 1.00)
08:39:11 voltium.loaders vega convention for /Users/andrew/Projects/quant-research/data_store/option_greeks_2023/NRG.parquet: per_1.00_iv (per-unit share 1.00, per-point share 0.00, median dP/vega ratio 0.0101, theta/day share 1.00)
08:39:12 voltium.loaders vega convention for /Users/andrew/Projects/quant-research/data_store/option_greeks_2023/NSC.parquet: per_1.00_iv (per-unit share 1.00, per-point share 0.00, median dP/vega ratio 0.0100, theta/day share 1.00)
08:39:12 voltium.loaders vega convention for /Users/andrew/Projects/quant-research/data_store/option_greeks_2023/NTAP.parquet: per_1.00_iv (per-unit share 1.00, per-point share 0.00, median dP/vega ratio 0.0101, theta/day share 1.00)
08:39:13 voltium.loaders vega convention for /Users/andrew/Projects/quant-research/data_store/option_greeks_2023/NTRS.parquet: per_1.00_iv (per-unit share 1.00, per-point share 0.00, median dP/vega ratio 0.0101, theta/day share 1.00)
08:39:13 voltium.loaders vega convention for /Users/andrew/Projects/quant-research/data_store/option_greeks_2023/NUE.parquet: per_1.00_iv (per-unit share 1.00, per-point share 0.00, median dP/vega ratio 0.0100, theta/day share 1.00)
08:39:14 voltium.loaders vega convention for /Users/andrew/Projects/quant-research/data_store/option_greeks_2023/NVDA.parquet: per_1.00_iv (per-unit share 1.00, per-point share 0.00, median dP/vega ratio 0.0100, theta/day share 1.00)
08:39:14 voltium.loaders vega convention for /Users/andrew/Projects/quant-research/data_store/option_greeks_2023/NWS.parquet: per_1.00_iv (per-unit share 1.00, per-point share 0.00, median dP/vega ratio 0.0100, theta/day share 1.00)
08:39:15 voltium.loaders vega convention for /Users/andrew/Projects/quant-research/data_store/option_greeks_2023/NWSA.parquet: per_1.00_iv (per-unit share 1.00, per-point share 0.00, median dP/vega ratio 0.0100, theta/day share 1.00)
08:39:15 voltium.loaders vega convention for /Users/andrew/Projects/quant-research/data_store/option_greeks_2023/NXPI.parquet: per_1.00_iv (per-unit share 1.00, per-point share 0.00, median dP/vega ratio 0.0100, theta/day share 1.00)
08:39:16 voltium.loaders vega convention for /Users/andrew/Projects/quant-research/data_store/option_greeks_2023/O.parquet: per_1.00_iv (per-unit share 1.00, per-point share 0.00, median dP/vega ratio 0.0101, theta/day share 1.00)
08:39:16 voltium.loaders vega convention for /Users/andrew/Projects/quant-research/data_store/option_greeks_2023/ODFL.parquet: per_1.00_iv (per-unit share 1.00, per-point share 0.00, median dP/vega ratio 0.0100, theta/day share 1.00)
08:39:17 voltium.loaders vega convention for /Users/andrew/Projects/quant-research/data_store/option_greeks_2023/OKE.parquet: per_1.00_iv (per-unit share 1.00, per-point share 0.00, median dP/vega ratio 0.0101, theta/day share 1.00)
08:39:17 voltium.loaders vega convention for /Users/andrew/Projects/quant-research/data_store/option_greeks_2023/OMC.parquet: per_1.00_iv (per-unit share 1.00, per-point share 0.00, median dP/vega ratio 0.0101, theta/day share 1.00)
08:39:17 voltium.loaders vega convention for /Users/andrew/Projects/quant-research/data_store/option_greeks_2023/ON.parquet: per_1.00_iv (per-unit share 1.00, per-point share 0.00, median dP/vega ratio 0.0100, theta/day share 1.00)
08:39:18 voltium.loaders vega convention for /Users/andrew/Projects/quant-research/data_store/option_greeks_2023/ORCL.parquet: per_1.00_iv (per-unit share 1.00, per-point share 0.00, median dP/vega ratio 0.0100, theta/day share 1.00)
08:39:18 voltium.loaders vega convention for /Users/andrew/Projects/quant-research/data_store/option_greeks_2023/ORLY.parquet: per_1.00_iv (per-unit share 1.00, per-point share 0.00, median dP/vega ratio 0.0100, theta/day share 1.00)
08:39:19 voltium.loaders vega convention for /Users/andrew/Projects/quant-research/data_store/option_greeks_2023/OTIS.parquet: per_1.00_iv (per-unit share 1.00, per-point share 0.00, median dP/vega ratio 0.0101, theta/day share 1.00)
08:39:19 voltium.loaders vega convention for /Users/andrew/Projects/quant-research/data_store/option_greeks_2023/OXY.parquet: per_1.00_iv (per-unit share 1.00, per-point share 0.00, median dP/vega ratio 0.0100, theta/day share 1.00)
08:39:20 voltium.loaders vega convention for /Users/andrew/Projects/quant-research/data_store/option_greeks_2023/PANW.parquet: per_1.00_iv (per-unit share 1.00, per-point share 0.00, median dP/vega ratio 0.0100, theta/day share 1.00)
08:39:20 voltium.loaders vega convention for /Users/andrew/Projects/quant-research/data_store/option_greeks_2023/PAYC.parquet: per_1.00_iv (per-unit share 1.00, per-point share 0.00, median dP/vega ratio 0.0100, theta/day share 1.00)
08:39:21 voltium.loaders vega convention for /Users/andrew/Projects/quant-research/data_store/option_greeks_2023/PAYX.parquet: per_1.00_iv (per-unit share 1.00, per-point share 0.00, median dP/vega ratio 0.0101, theta/day share 1.00)
08:39:21 voltium.loaders vega convention for /Users/andrew/Projects/quant-research/data_store/option_greeks_2023/PCAR.parquet: per_1.00_iv (per-unit share 1.00, per-point share 0.00, median dP/vega ratio 0.0101, theta/day share 1.00)
08:39:22 voltium.loaders vega convention for /Users/andrew/Projects/quant-research/data_store/option_greeks_2023/PCG.parquet: per_1.00_iv (per-unit share 1.00, per-point share 0.00, median dP/vega ratio 0.0100, theta/day share 1.00)
08:39:22 voltium.loaders vega convention for /Users/andrew/Projects/quant-research/data_store/option_greeks_2023/PEG.parquet: per_1.00_iv (per-unit share 1.00, per-point share 0.00, median dP/vega ratio 0.0101, theta/day share 1.00)
08:39:22 voltium.loaders vega convention for /Users/andrew/Projects/quant-research/data_store/option_greeks_2023/PEP.parquet: per_1.00_iv (per-unit share 1.00, per-point share 0.00, median dP/vega ratio 0.0101, theta/day share 1.00)
08:39:23 voltium.loaders vega convention for /Users/andrew/Projects/quant-research/data_store/option_greeks_2023/PFE.parquet: per_1.00_iv (per-unit share 1.00, per-point share 0.00, median dP/vega ratio 0.0100, theta/day share 1.00)
08:39:23 voltium.loaders vega convention for /Users/andrew/Projects/quant-research/data_store/option_greeks_2023/PFG.parquet: per_1.00_iv (per-unit share 1.00, per-point share 0.00, median dP/vega ratio 0.0101, theta/day share 1.00)
08:39:24 voltium.loaders vega convention for /Users/andrew/Projects/quant-research/data_store/option_greeks_2023/PG.parquet: per_1.00_iv (per-unit share 1.00, per-point share 0.00, median dP/vega ratio 0.0101, theta/day share 1.00)
08:39:24 voltium.loaders vega convention for /Users/andrew/Projects/quant-research/data_store/option_greeks_2023/PGR.parquet: per_1.00_iv (per-unit share 1.00, per-point share 0.00, median dP/vega ratio 0.0101, theta/day share 1.00)
08:39:25 voltium.loaders vega convention for /Users/andrew/Projects/quant-research/data_store/option_greeks_2023/PH.parquet: per_1.00_iv (per-unit share 1.00, per-point share 0.00, median dP/vega ratio 0.0101, theta/day share 1.00)
08:39:25 voltium.loaders vega convention for /Users/andrew/Projects/quant-research/data_store/option_greeks_2023/PHM.parquet: per_1.00_iv (per-unit share 1.00, per-point share 0.00, median dP/vega ratio 0.0101, theta/day share 1.00)
08:39:26 voltium.loaders vega convention for /Users/andrew/Projects/quant-research/data_store/option_greeks_2023/PKG.parquet: per_1.00_iv (per-unit share 1.00, per-point share 0.00, median dP/vega ratio 0.0101, theta/day share 1.00)
08:39:26 voltium.loaders vega convention for /Users/andrew/Projects/quant-research/data_store/option_greeks_2023/PLD.parquet: per_1.00_iv (per-unit share 1.00, per-point share 0.00, median dP/vega ratio 0.0101, theta/day share 1.00)
08:39:27 voltium.loaders vega convention for /Users/andrew/Projects/quant-research/data_store/option_greeks_2024/PLTR.parquet: per_1.00_iv (per-unit share 1.00, per-point share 0.00, median dP/vega ratio 0.0100, theta/day share 1.00)
08:39:27 voltium.loaders vega convention for /Users/andrew/Projects/quant-research/data_store/option_greeks_2023/PM.parquet: per_1.00_iv (per-unit share 1.00, per-point share 0.00, median dP/vega ratio 0.0101, theta/day share 1.00)
08:39:27 voltium.loaders vega convention for /Users/andrew/Projects/quant-research/data_store/option_greeks_2023/PNC.parquet: per_1.00_iv (per-unit share 1.00, per-point share 0.00, median dP/vega ratio 0.0100, theta/day share 1.00)
08:39:28 voltium.loaders vega convention for /Users/andrew/Projects/quant-research/data_store/option_greeks_2023/PNR.parquet: per_1.00_iv (per-unit share 1.00, per-point share 0.00, median dP/vega ratio 0.0101, theta/day share 1.00)
08:39:28 voltium.loaders vega convention for /Users/andrew/Projects/quant-research/data_store/option_greeks_2023/PNW.parquet: per_1.00_iv (per-unit share 1.00, per-point share 0.00, median dP/vega ratio 0.0101, theta/day share 1.00)
08:39:29 voltium.loaders vega convention for /Users/andrew/Projects/quant-research/data_store/option_greeks_2023/PODD.parquet: per_1.00_iv (per-unit share 1.00, per-point share 0.00, median dP/vega ratio 0.0100, theta/day share 1.00)
08:39:29 voltium.loaders vega convention for /Users/andrew/Projects/quant-research/data_store/option_greeks_2023/POOL.parquet: per_1.00_iv (per-unit share 1.00, per-point share 0.00, median dP/vega ratio 0.0100, theta/day share 1.00)
08:39:30 voltium.loaders vega convention for /Users/andrew/Projects/quant-research/data_store/option_greeks_2023/PPG.parquet: per_1.00_iv (per-unit share 1.00, per-point share 0.00, median dP/vega ratio 0.0100, theta/day share 1.00)
08:39:30 voltium.loaders vega convention for /Users/andrew/Projects/quant-research/data_store/option_greeks_2023/PPL.parquet: per_1.00_iv (per-unit share 1.00, per-point share 0.00, median dP/vega ratio 0.0101, theta/day share 1.00)
08:39:31 voltium.providers.straddle_returns reference paths: 400/533 symbols
08:39:31 voltium.loaders vega convention for /Users/andrew/Projects/quant-research/data_store/option_greeks_2023/PRU.parquet: per_1.00_iv (per-unit share 1.00, per-point share 0.00, median dP/vega ratio 0.0101, theta/day share 1.00)
08:39:31 voltium.loaders vega convention for /Users/andrew/Projects/quant-research/data_store/option_greeks_2023/PSA.parquet: per_1.00_iv (per-unit share 1.00, per-point share 0.00, median dP/vega ratio 0.0101, theta/day share 1.00)
08:39:31 voltium.loaders vega convention for /Users/andrew/Projects/quant-research/data_store/option_greeks/PSKY.parquet: per_1.00_iv (per-unit share 1.00, per-point share 0.00, median dP/vega ratio 0.0100, theta/day share 1.00)
08:39:32 voltium.loaders vega convention for /Users/andrew/Projects/quant-research/data_store/option_greeks_2023/PSX.parquet: per_1.00_iv (per-unit share 1.00, per-point share 0.00, median dP/vega ratio 0.0100, theta/day share 1.00)
08:39:32 voltium.loaders vega convention for /Users/andrew/Projects/quant-research/data_store/option_greeks_2023/PTC.parquet: per_1.00_iv (per-unit share 1.00, per-point share 0.00, median dP/vega ratio 0.0101, theta/day share 1.00)
08:39:33 voltium.loaders vega convention for /Users/andrew/Projects/quant-research/data_store/option_greeks_2023/PWR.parquet: per_1.00_iv (per-unit share 1.00, per-point share 0.00, median dP/vega ratio 0.0100, theta/day share 1.00)
08:39:33 voltium.loaders vega convention for /Users/andrew/Projects/quant-research/data_store/option_greeks_2023/PXD.parquet: per_1.00_iv (per-unit share 1.00, per-point share 0.00, median dP/vega ratio 0.0100, theta/day share 1.00)
08:39:33 voltium.loaders vega convention for /Users/andrew/Projects/quant-research/data_store/option_greeks_2023/PYPL.parquet: per_1.00_iv (per-unit share 1.00, per-point share 0.00, median dP/vega ratio 0.0100, theta/day share 1.00)
08:39:34 voltium.loaders vega convention for /Users/andrew/Projects/quant-research/data_store/option_greeks_2023/QCOM.parquet: per_1.00_iv (per-unit share 1.00, per-point share 0.00, median dP/vega ratio 0.0100, theta/day share 1.00)
08:39:34 voltium.loaders vega convention for /Users/andrew/Projects/quant-research/data_store/option_greeks_2023/QRVO.parquet: per_1.00_iv (per-unit share 1.00, per-point share 0.00, median dP/vega ratio 0.0100, theta/day share 1.00)
08:39:35 voltium.loaders vega convention for /Users/andrew/Projects/quant-research/data_store/option_greeks_2023/RCL.parquet: per_1.00_iv (per-unit share 1.00, per-point share 0.00, median dP/vega ratio 0.0100, theta/day share 1.00)
08:39:35 voltium.loaders vega convention for /Users/andrew/Projects/quant-research/data_store/option_greeks_2023/REG.parquet: per_1.00_iv (per-unit share 1.00, per-point share 0.00, median dP/vega ratio 0.0101, theta/day share 1.00)
08:39:36 voltium.loaders vega convention for /Users/andrew/Projects/quant-research/data_store/option_greeks_2023/REGN.parquet: per_1.00_iv (per-unit share 1.00, per-point share 0.00, median dP/vega ratio 0.0100, theta/day share 1.00)
08:39:36 voltium.loaders vega convention for /Users/andrew/Projects/quant-research/data_store/option_greeks_2023/RF.parquet: per_1.00_iv (per-unit share 1.00, per-point share 0.00, median dP/vega ratio 0.0101, theta/day share 1.00)
08:39:36 voltium.loaders vega convention for /Users/andrew/Projects/quant-research/data_store/option_greeks_2023/RHI.parquet: per_1.00_iv (per-unit share 1.00, per-point share 0.00, median dP/vega ratio 0.0101, theta/day share 1.00)
08:39:37 voltium.loaders vega convention for /Users/andrew/Projects/quant-research/data_store/option_greeks_2023/RJF.parquet: per_1.00_iv (per-unit share 1.00, per-point share 0.00, median dP/vega ratio 0.0101, theta/day share 1.00)
08:39:37 voltium.loaders vega convention for /Users/andrew/Projects/quant-research/data_store/option_greeks_2023/RL.parquet: per_1.00_iv (per-unit share 1.00, per-point share 0.00, median dP/vega ratio 0.0101, theta/day share 1.00)
08:39:38 voltium.loaders vega convention for /Users/andrew/Projects/quant-research/data_store/option_greeks_2023/RMD.parquet: per_1.00_iv (per-unit share 1.00, per-point share 0.00, median dP/vega ratio 0.0101, theta/day share 1.00)
08:39:38 voltium.loaders vega convention for /Users/andrew/Projects/quant-research/data_store/option_greeks_2023/ROK.parquet: per_1.00_iv (per-unit share 1.00, per-point share 0.00, median dP/vega ratio 0.0100, theta/day share 1.00)
08:39:39 voltium.loaders vega convention for /Users/andrew/Projects/quant-research/data_store/option_greeks_2023/ROL.parquet: per_1.00_iv (per-unit share 1.00, per-point share 0.00, median dP/vega ratio 0.0101, theta/day share 1.00)
08:39:39 voltium.loaders vega convention for /Users/andrew/Projects/quant-research/data_store/option_greeks_2023/ROP.parquet: per_1.00_iv (per-unit share 1.00, per-point share 0.00, median dP/vega ratio 0.0101, theta/day share 1.00)
08:39:39 voltium.loaders vega convention for /Users/andrew/Projects/quant-research/data_store/option_greeks_2023/ROST.parquet: per_1.00_iv (per-unit share 1.00, per-point share 0.00, median dP/vega ratio 0.0100, theta/day share 1.00)
08:39:40 voltium.loaders vega convention for /Users/andrew/Projects/quant-research/data_store/option_greeks_2023/RSG.parquet: per_1.00_iv (per-unit share 1.00, per-point share 0.00, median dP/vega ratio 0.0101, theta/day share 1.00)
08:39:40 voltium.loaders vega convention for /Users/andrew/Projects/quant-research/data_store/option_greeks_2023/RTX.parquet: per_1.00_iv (per-unit share 1.00, per-point share 0.00, median dP/vega ratio 0.0100, theta/day share 1.00)
08:39:41 voltium.loaders vega convention for /Users/andrew/Projects/quant-research/data_store/option_greeks_2023/RVTY.parquet: per_1.00_iv (per-unit share 1.00, per-point share 0.00, median dP/vega ratio 0.0100, theta/day share 1.00)
08:39:41 voltium.loaders vega convention for /Users/andrew/Projects/quant-research/data_store/option_greeks_2023/SBAC.parquet: per_1.00_iv (per-unit share 1.00, per-point share 0.00, median dP/vega ratio 0.0100, theta/day share 1.00)
08:39:42 voltium.loaders vega convention for /Users/andrew/Projects/quant-research/data_store/option_greeks_2023/SBUX.parquet: per_1.00_iv (per-unit share 1.00, per-point share 0.00, median dP/vega ratio 0.0101, theta/day share 1.00)
08:39:42 voltium.loaders vega convention for /Users/andrew/Projects/quant-research/data_store/option_greeks_2023/SCHW.parquet: per_1.00_iv (per-unit share 1.00, per-point share 0.00, median dP/vega ratio 0.0100, theta/day share 1.00)
08:39:43 voltium.loaders vega convention for /Users/andrew/Projects/quant-research/data_store/option_greeks_2023/SEDG.parquet: per_1.00_iv (per-unit share 1.00, per-point share 0.00, median dP/vega ratio 0.0100, theta/day share 1.00)
08:39:43 voltium.loaders vega convention for /Users/andrew/Projects/quant-research/data_store/option_greeks_2023/SEE.parquet: per_1.00_iv (per-unit share 1.00, per-point share 0.00, median dP/vega ratio 0.0101, theta/day share 1.00)
08:39:43 voltium.loaders vega convention for /Users/andrew/Projects/quant-research/data_store/option_greeks_2023/SHW.parquet: per_1.00_iv (per-unit share 1.00, per-point share 0.00, median dP/vega ratio 0.0101, theta/day share 1.00)
08:39:43 voltium.loaders vega convention for /Users/andrew/Projects/quant-research/data_store/option_greeks_2023/SJM.parquet: per_1.00_iv (per-unit share 1.00, per-point share 0.00, median dP/vega ratio 0.0101, theta/day share 1.00)
08:39:44 voltium.loaders vega convention for /Users/andrew/Projects/quant-research/data_store/option_greeks_2023/SLB.parquet: per_1.00_iv (per-unit share 1.00, per-point share 0.00, median dP/vega ratio 0.0100, theta/day share 1.00)
08:39:44 voltium.loaders vega convention for /Users/andrew/Projects/quant-research/data_store/option_greeks_2024/SMCI.parquet: per_1.00_iv (per-unit share 1.00, per-point share 0.00, median dP/vega ratio 0.0100, theta/day share 1.00)
08:39:45 voltium.loaders vega convention for /Users/andrew/Projects/quant-research/data_store/option_greeks_2023/SNA.parquet: per_1.00_iv (per-unit share 1.00, per-point share 0.00, median dP/vega ratio 0.0101, theta/day share 1.00)
08:39:45 voltium.loaders vega convention for /Users/andrew/Projects/quant-research/data_store/option_greeks_2023/SNPS.parquet: per_1.00_iv (per-unit share 1.00, per-point share 0.00, median dP/vega ratio 0.0101, theta/day share 1.00)
08:39:46 voltium.loaders vega convention for /Users/andrew/Projects/quant-research/data_store/option_greeks_2023/SO.parquet: per_1.00_iv (per-unit share 1.00, per-point share 0.00, median dP/vega ratio 0.0101, theta/day share 1.00)
08:39:46 voltium.loaders vega convention for /Users/andrew/Projects/quant-research/data_store/option_greeks_2024/SOLV.parquet: per_1.00_iv (per-unit share 1.00, per-point share 0.00, median dP/vega ratio 0.0100, theta/day share 1.00)
08:39:47 voltium.loaders vega convention for /Users/andrew/Projects/quant-research/data_store/option_greeks_2023/SPG.parquet: per_1.00_iv (per-unit share 1.00, per-point share 0.00, median dP/vega ratio 0.0101, theta/day share 1.00)
08:39:47 voltium.loaders vega convention for /Users/andrew/Projects/quant-research/data_store/option_greeks_2023/SPGI.parquet: per_1.00_iv (per-unit share 1.00, per-point share 0.00, median dP/vega ratio 0.0100, theta/day share 1.00)
08:39:48 voltium.loaders vega convention for /Users/andrew/Projects/quant-research/data_store/option_greeks_2023/SRE.parquet: per_1.00_iv (per-unit share 1.00, per-point share 0.00, median dP/vega ratio 0.0101, theta/day share 1.00)
08:39:48 voltium.loaders vega convention for /Users/andrew/Projects/quant-research/data_store/option_greeks_2023/STE.parquet: per_1.00_iv (per-unit share 1.00, per-point share 0.00, median dP/vega ratio 0.0101, theta/day share 1.00)
08:39:49 voltium.loaders vega convention for /Users/andrew/Projects/quant-research/data_store/option_greeks_2023/STLD.parquet: per_1.00_iv (per-unit share 1.00, per-point share 0.00, median dP/vega ratio 0.0101, theta/day share 1.00)
08:39:49 voltium.loaders vega convention for /Users/andrew/Projects/quant-research/data_store/option_greeks_2023/STT.parquet: per_1.00_iv (per-unit share 1.00, per-point share 0.00, median dP/vega ratio 0.0100, theta/day share 1.00)
08:39:49 voltium.loaders vega convention for /Users/andrew/Projects/quant-research/data_store/option_greeks_2023/STX.parquet: per_1.00_iv (per-unit share 1.00, per-point share 0.00, median dP/vega ratio 0.0100, theta/day share 1.00)
08:39:50 voltium.loaders vega convention for /Users/andrew/Projects/quant-research/data_store/option_greeks_2023/STZ.parquet: per_1.00_iv (per-unit share 1.00, per-point share 0.00, median dP/vega ratio 0.0101, theta/day share 1.00)
08:39:50 voltium.loaders vega convention for /Users/andrew/Projects/quant-research/data_store/option_greeks_2024/SW.parquet: per_1.00_iv (per-unit share 1.00, per-point share 0.00, median dP/vega ratio 0.0100, theta/day share 1.00)
08:39:51 voltium.loaders vega convention for /Users/andrew/Projects/quant-research/data_store/option_greeks_2023/SWK.parquet: per_1.00_iv (per-unit share 1.00, per-point share 0.00, median dP/vega ratio 0.0101, theta/day share 1.00)
08:39:51 voltium.loaders vega convention for /Users/andrew/Projects/quant-research/data_store/option_greeks_2023/SWKS.parquet: per_1.00_iv (per-unit share 1.00, per-point share 0.00, median dP/vega ratio 0.0100, theta/day share 1.00)
08:39:52 voltium.loaders vega convention for /Users/andrew/Projects/quant-research/data_store/option_greeks_2023/SYF.parquet: per_1.00_iv (per-unit share 1.00, per-point share 0.00, median dP/vega ratio 0.0100, theta/day share 1.00)
08:39:52 voltium.providers.straddle_returns reference paths: 450/533 symbols
08:39:52 voltium.loaders vega convention for /Users/andrew/Projects/quant-research/data_store/option_greeks_2023/SYK.parquet: per_1.00_iv (per-unit share 1.00, per-point share 0.00, median dP/vega ratio 0.0101, theta/day share 1.00)
08:39:53 voltium.loaders vega convention for /Users/andrew/Projects/quant-research/data_store/option_greeks_2023/SYY.parquet: per_1.00_iv (per-unit share 1.00, per-point share 0.00, median dP/vega ratio 0.0100, theta/day share 1.00)
08:39:53 voltium.loaders vega convention for /Users/andrew/Projects/quant-research/data_store/option_greeks_2023/T.parquet: per_1.00_iv (per-unit share 1.00, per-point share 0.00, median dP/vega ratio 0.0101, theta/day share 1.00)
08:39:53 voltium.loaders vega convention for /Users/andrew/Projects/quant-research/data_store/option_greeks_2023/TAP.parquet: per_1.00_iv (per-unit share 1.00, per-point share 0.00, median dP/vega ratio 0.0101, theta/day share 1.00)
08:39:54 voltium.loaders vega convention for /Users/andrew/Projects/quant-research/data_store/option_greeks_2023/TDG.parquet: per_1.00_iv (per-unit share 1.00, per-point share 0.00, median dP/vega ratio 0.0100, theta/day share 1.00)
08:39:54 voltium.loaders vega convention for /Users/andrew/Projects/quant-research/data_store/option_greeks_2023/TDY.parquet: per_1.00_iv (per-unit share 1.00, per-point share 0.00, median dP/vega ratio 0.0101, theta/day share 1.00)
08:39:55 voltium.loaders vega convention for /Users/andrew/Projects/quant-research/data_store/option_greeks_2023/TECH.parquet: per_1.00_iv (per-unit share 1.00, per-point share 0.00, median dP/vega ratio 0.0101, theta/day share 1.00)
08:39:55 voltium.loaders vega convention for /Users/andrew/Projects/quant-research/data_store/option_greeks_2023/TEL.parquet: per_1.00_iv (per-unit share 1.00, per-point share 0.00, median dP/vega ratio 0.0101, theta/day share 1.00)
08:39:56 voltium.loaders vega convention for /Users/andrew/Projects/quant-research/data_store/option_greeks_2023/TER.parquet: per_1.00_iv (per-unit share 1.00, per-point share 0.00, median dP/vega ratio 0.0101, theta/day share 1.00)
08:39:56 voltium.loaders vega convention for /Users/andrew/Projects/quant-research/data_store/option_greeks_2023/TFC.parquet: per_1.00_iv (per-unit share 1.00, per-point share 0.00, median dP/vega ratio 0.0101, theta/day share 1.00)
08:39:57 voltium.loaders vega convention for /Users/andrew/Projects/quant-research/data_store/option_greeks_2023/TFX.parquet: per_1.00_iv (per-unit share 1.00, per-point share 0.00, median dP/vega ratio 0.0100, theta/day share 1.00)
08:39:57 voltium.loaders vega convention for /Users/andrew/Projects/quant-research/data_store/option_greeks_2023/TGT.parquet: per_1.00_iv (per-unit share 1.00, per-point share 0.00, median dP/vega ratio 0.0100, theta/day share 1.00)
08:39:58 voltium.loaders vega convention for /Users/andrew/Projects/quant-research/data_store/option_greeks_2023/TJX.parquet: per_1.00_iv (per-unit share 1.00, per-point share 0.00, median dP/vega ratio 0.0100, theta/day share 1.00)
08:39:58 voltium.loaders vega convention for /Users/andrew/Projects/quant-research/data_store/option_greeks/TKO.parquet: per_1.00_iv (per-unit share 1.00, per-point share 0.00, median dP/vega ratio 0.0101, theta/day share 1.00)
08:39:58 voltium.loaders vega convention for /Users/andrew/Projects/quant-research/data_store/option_greeks_2023/TMO.parquet: per_1.00_iv (per-unit share 1.00, per-point share 0.00, median dP/vega ratio 0.0100, theta/day share 1.00)
08:39:59 voltium.loaders vega convention for /Users/andrew/Projects/quant-research/data_store/option_greeks_2023/TMUS.parquet: per_1.00_iv (per-unit share 1.00, per-point share 0.00, median dP/vega ratio 0.0100, theta/day share 1.00)
08:39:59 voltium.loaders vega convention for /Users/andrew/Projects/quant-research/data_store/option_greeks_2024/TPL.parquet: per_1.00_iv (per-unit share 1.00, per-point share 0.00, median dP/vega ratio 0.0100, theta/day share 1.00)
08:40:00 voltium.loaders vega convention for /Users/andrew/Projects/quant-research/data_store/option_greeks_2023/TPR.parquet: per_1.00_iv (per-unit share 1.00, per-point share 0.00, median dP/vega ratio 0.0100, theta/day share 1.00)
08:40:00 voltium.loaders vega convention for /Users/andrew/Projects/quant-research/data_store/option_greeks_2023/TRGP.parquet: per_1.00_iv (per-unit share 1.00, per-point share 0.00, median dP/vega ratio 0.0101, theta/day share 1.00)
08:40:00 voltium.loaders vega convention for /Users/andrew/Projects/quant-research/data_store/option_greeks_2023/TRMB.parquet: per_1.00_iv (per-unit share 1.00, per-point share 0.00, median dP/vega ratio 0.0101, theta/day share 1.00)
08:40:01 voltium.loaders vega convention for /Users/andrew/Projects/quant-research/data_store/option_greeks_2023/TROW.parquet: per_1.00_iv (per-unit share 1.00, per-point share 0.00, median dP/vega ratio 0.0100, theta/day share 1.00)
08:40:01 voltium.loaders vega convention for /Users/andrew/Projects/quant-research/data_store/option_greeks_2023/TRV.parquet: per_1.00_iv (per-unit share 1.00, per-point share 0.00, median dP/vega ratio 0.0101, theta/day share 1.00)
08:40:02 voltium.loaders vega convention for /Users/andrew/Projects/quant-research/data_store/option_greeks_2023/TSCO.parquet: per_1.00_iv (per-unit share 1.00, per-point share 0.00, median dP/vega ratio 0.0100, theta/day share 1.00)
08:40:02 voltium.loaders vega convention for /Users/andrew/Projects/quant-research/data_store/option_greeks_2023/TSLA.parquet: per_1.00_iv (per-unit share 1.00, per-point share 0.00, median dP/vega ratio 0.0100, theta/day share 1.00)
08:40:03 voltium.loaders vega convention for /Users/andrew/Projects/quant-research/data_store/option_greeks_2023/TSN.parquet: per_1.00_iv (per-unit share 1.00, per-point share 0.00, median dP/vega ratio 0.0101, theta/day share 1.00)
08:40:03 voltium.loaders vega convention for /Users/andrew/Projects/quant-research/data_store/option_greeks_2023/TT.parquet: per_1.00_iv (per-unit share 1.00, per-point share 0.00, median dP/vega ratio 0.0101, theta/day share 1.00)
08:40:04 voltium.loaders vega convention for /Users/andrew/Projects/quant-research/data_store/option_greeks/TTD.parquet: per_1.00_iv (per-unit share 1.00, per-point share 0.00, median dP/vega ratio 0.0100, theta/day share 1.00)
08:40:04 voltium.loaders vega convention for /Users/andrew/Projects/quant-research/data_store/option_greeks_2023/TTWO.parquet: per_1.00_iv (per-unit share 1.00, per-point share 0.00, median dP/vega ratio 0.0100, theta/day share 1.00)
08:40:04 voltium.loaders vega convention for /Users/andrew/Projects/quant-research/data_store/option_greeks_2023/TXN.parquet: per_1.00_iv (per-unit share 1.00, per-point share 0.00, median dP/vega ratio 0.0101, theta/day share 1.00)
08:40:05 voltium.loaders vega convention for /Users/andrew/Projects/quant-research/data_store/option_greeks_2023/TXT.parquet: per_1.00_iv (per-unit share 1.00, per-point share 0.00, median dP/vega ratio 0.0101, theta/day share 1.00)
08:40:05 voltium.loaders vega convention for /Users/andrew/Projects/quant-research/data_store/option_greeks_2023/TYL.parquet: per_1.00_iv (per-unit share 1.00, per-point share 0.00, median dP/vega ratio 0.0101, theta/day share 1.00)
08:40:06 voltium.loaders vega convention for /Users/andrew/Projects/quant-research/data_store/option_greeks_2023/UAL.parquet: per_1.00_iv (per-unit share 1.00, per-point share 0.00, median dP/vega ratio 0.0100, theta/day share 1.00)
08:40:06 voltium.loaders vega convention for /Users/andrew/Projects/quant-research/data_store/option_greeks_2023/UBER.parquet: per_1.00_iv (per-unit share 1.00, per-point share 0.00, median dP/vega ratio 0.0100, theta/day share 1.00)
08:40:07 voltium.loaders vega convention for /Users/andrew/Projects/quant-research/data_store/option_greeks_2023/UDR.parquet: per_1.00_iv (per-unit share 1.00, per-point share 0.00, median dP/vega ratio 0.0101, theta/day share 1.00)
08:40:07 voltium.loaders vega convention for /Users/andrew/Projects/quant-research/data_store/option_greeks_2023/UHS.parquet: per_1.00_iv (per-unit share 1.00, per-point share 0.00, median dP/vega ratio 0.0101, theta/day share 1.00)
08:40:08 voltium.loaders vega convention for /Users/andrew/Projects/quant-research/data_store/option_greeks_2023/ULTA.parquet: per_1.00_iv (per-unit share 1.00, per-point share 0.00, median dP/vega ratio 0.0100, theta/day share 1.00)
08:40:08 voltium.loaders vega convention for /Users/andrew/Projects/quant-research/data_store/option_greeks_2023/UNH.parquet: per_1.00_iv (per-unit share 1.00, per-point share 0.00, median dP/vega ratio 0.0100, theta/day share 1.00)
08:40:09 voltium.loaders vega convention for /Users/andrew/Projects/quant-research/data_store/option_greeks_2023/UNP.parquet: per_1.00_iv (per-unit share 1.00, per-point share 0.00, median dP/vega ratio 0.0101, theta/day share 1.00)
08:40:09 voltium.loaders vega convention for /Users/andrew/Projects/quant-research/data_store/option_greeks_2023/UPS.parquet: per_1.00_iv (per-unit share 1.00, per-point share 0.00, median dP/vega ratio 0.0100, theta/day share 1.00)
08:40:10 voltium.loaders vega convention for /Users/andrew/Projects/quant-research/data_store/option_greeks_2023/URI.parquet: per_1.00_iv (per-unit share 1.00, per-point share 0.00, median dP/vega ratio 0.0100, theta/day share 1.00)
08:40:10 voltium.loaders vega convention for /Users/andrew/Projects/quant-research/data_store/option_greeks_2023/USB.parquet: per_1.00_iv (per-unit share 1.00, per-point share 0.00, median dP/vega ratio 0.0100, theta/day share 1.00)
08:40:11 voltium.loaders vega convention for /Users/andrew/Projects/quant-research/data_store/option_greeks_2023/V.parquet: per_1.00_iv (per-unit share 1.00, per-point share 0.00, median dP/vega ratio 0.0101, theta/day share 1.00)
08:40:11 voltium.loaders vega convention for /Users/andrew/Projects/quant-research/data_store/option_greeks_2023/VFC.parquet: per_1.00_iv (per-unit share 1.00, per-point share 0.00, median dP/vega ratio 0.0100, theta/day share 1.00)
08:40:12 voltium.loaders vega convention for /Users/andrew/Projects/quant-research/data_store/option_greeks_2023/VICI.parquet: per_1.00_iv (per-unit share 1.00, per-point share 0.00, median dP/vega ratio 0.0101, theta/day share 1.00)
08:40:12 voltium.loaders vega convention for /Users/andrew/Projects/quant-research/data_store/option_greeks_2023/VLO.parquet: per_1.00_iv (per-unit share 1.00, per-point share 0.00, median dP/vega ratio 0.0100, theta/day share 1.00)
08:40:12 voltium.loaders vega convention for /Users/andrew/Projects/quant-research/data_store/option_greeks_2023/VLTO.parquet: per_1.00_iv (per-unit share 1.00, per-point share 0.00, median dP/vega ratio 0.0100, theta/day share 1.00)
08:40:13 voltium.loaders vega convention for /Users/andrew/Projects/quant-research/data_store/option_greeks_2023/VMC.parquet: per_1.00_iv (per-unit share 1.00, per-point share 0.00, median dP/vega ratio 0.0101, theta/day share 1.00)
08:40:13 voltium.loaders vega convention for /Users/andrew/Projects/quant-research/data_store/option_greeks_2023/VRSK.parquet: per_1.00_iv (per-unit share 1.00, per-point share 0.00, median dP/vega ratio 0.0101, theta/day share 1.00)
08:40:14 voltium.loaders vega convention for /Users/andrew/Projects/quant-research/data_store/option_greeks_2023/VRSN.parquet: per_1.00_iv (per-unit share 1.00, per-point share 0.00, median dP/vega ratio 0.0101, theta/day share 1.00)
08:40:14 voltium.loaders vega convention for /Users/andrew/Projects/quant-research/data_store/option_greeks_2023/VRTX.parquet: per_1.00_iv (per-unit share 1.00, per-point share 0.00, median dP/vega ratio 0.0100, theta/day share 1.00)
08:40:15 voltium.providers.straddle_returns reference paths: 500/533 symbols
08:40:15 voltium.loaders vega convention for /Users/andrew/Projects/quant-research/data_store/option_greeks_2024/VST.parquet: per_1.00_iv (per-unit share 1.00, per-point share 0.00, median dP/vega ratio 0.0100, theta/day share 1.00)
08:40:15 voltium.loaders vega convention for /Users/andrew/Projects/quant-research/data_store/option_greeks_2023/VTR.parquet: per_1.00_iv (per-unit share 1.00, per-point share 0.00, median dP/vega ratio 0.0101, theta/day share 1.00)
08:40:16 voltium.loaders vega convention for /Users/andrew/Projects/quant-research/data_store/option_greeks_2023/VTRS.parquet: per_1.00_iv (per-unit share 1.00, per-point share 0.00, median dP/vega ratio 0.0100, theta/day share 1.00)
08:40:16 voltium.loaders vega convention for /Users/andrew/Projects/quant-research/data_store/option_greeks_2023/VZ.parquet: per_1.00_iv (per-unit share 1.00, per-point share 0.00, median dP/vega ratio 0.0100, theta/day share 1.00)
08:40:17 voltium.loaders vega convention for /Users/andrew/Projects/quant-research/data_store/option_greeks_2023/WAB.parquet: per_1.00_iv (per-unit share 1.00, per-point share 0.00, median dP/vega ratio 0.0101, theta/day share 1.00)
08:40:17 voltium.loaders vega convention for /Users/andrew/Projects/quant-research/data_store/option_greeks_2023/WAT.parquet: per_1.00_iv (per-unit share 1.00, per-point share 0.00, median dP/vega ratio 0.0100, theta/day share 1.00)
08:40:17 voltium.loaders vega convention for /Users/andrew/Projects/quant-research/data_store/option_greeks_2023/WBA.parquet: per_1.00_iv (per-unit share 1.00, per-point share 0.00, median dP/vega ratio 0.0100, theta/day share 1.00)
08:40:18 voltium.loaders vega convention for /Users/andrew/Projects/quant-research/data_store/option_greeks_2023/WBD.parquet: per_1.00_iv (per-unit share 1.00, per-point share 0.00, median dP/vega ratio 0.0100, theta/day share 1.00)
08:40:19 voltium.loaders vega convention for /Users/andrew/Projects/quant-research/data_store/option_greeks_2024/WDAY.parquet: per_1.00_iv (per-unit share 1.00, per-point share 0.00, median dP/vega ratio 0.0100, theta/day share 1.00)
08:40:19 voltium.loaders vega convention for /Users/andrew/Projects/quant-research/data_store/option_greeks_2023/WDC.parquet: per_1.00_iv (per-unit share 1.00, per-point share 0.00, median dP/vega ratio 0.0100, theta/day share 1.00)
08:40:19 voltium.loaders vega convention for /Users/andrew/Projects/quant-research/data_store/option_greeks_2023/WEC.parquet: per_1.00_iv (per-unit share 1.00, per-point share 0.00, median dP/vega ratio 0.0101, theta/day share 1.00)
08:40:20 voltium.loaders vega convention for /Users/andrew/Projects/quant-research/data_store/option_greeks_2023/WELL.parquet: per_1.00_iv (per-unit share 1.00, per-point share 0.00, median dP/vega ratio 0.0101, theta/day share 1.00)
08:40:20 voltium.loaders vega convention for /Users/andrew/Projects/quant-research/data_store/option_greeks_2023/WFC.parquet: per_1.00_iv (per-unit share 1.00, per-point share 0.00, median dP/vega ratio 0.0100, theta/day share 1.00)
08:40:21 voltium.loaders vega convention for /Users/andrew/Projects/quant-research/data_store/option_greeks_2023/WHR.parquet: per_1.00_iv (per-unit share 1.00, per-point share 0.00, median dP/vega ratio 0.0100, theta/day share 1.00)
08:40:21 voltium.loaders vega convention for /Users/andrew/Projects/quant-research/data_store/option_greeks_2023/WM.parquet: per_1.00_iv (per-unit share 1.00, per-point share 0.00, median dP/vega ratio 0.0101, theta/day share 1.00)
08:40:22 voltium.loaders vega convention for /Users/andrew/Projects/quant-research/data_store/option_greeks_2023/WMB.parquet: per_1.00_iv (per-unit share 1.00, per-point share 0.00, median dP/vega ratio 0.0101, theta/day share 1.00)
08:40:22 voltium.loaders vega convention for /Users/andrew/Projects/quant-research/data_store/option_greeks_2023/WMT.parquet: per_1.00_iv (per-unit share 1.00, per-point share 0.00, median dP/vega ratio 0.0101, theta/day share 1.00)
08:40:22 voltium.loaders vega convention for /Users/andrew/Projects/quant-research/data_store/option_greeks_2023/WRB.parquet: per_1.00_iv (per-unit share 1.00, per-point share 0.00, median dP/vega ratio 0.0101, theta/day share 1.00)
08:40:23 voltium.loaders vega convention for /Users/andrew/Projects/quant-research/data_store/option_greeks/WSM.parquet: per_1.00_iv (per-unit share 1.00, per-point share 0.00, median dP/vega ratio 0.0101, theta/day share 1.00)
08:40:23 voltium.loaders vega convention for /Users/andrew/Projects/quant-research/data_store/option_greeks_2023/WST.parquet: per_1.00_iv (per-unit share 1.00, per-point share 0.00, median dP/vega ratio 0.0100, theta/day share 1.00)
08:40:24 voltium.loaders vega convention for /Users/andrew/Projects/quant-research/data_store/option_greeks_2023/WTW.parquet: per_1.00_iv (per-unit share 1.00, per-point share 0.00, median dP/vega ratio 0.0100, theta/day share 1.00)
08:40:24 voltium.loaders vega convention for /Users/andrew/Projects/quant-research/data_store/option_greeks_2023/WY.parquet: per_1.00_iv (per-unit share 1.00, per-point share 0.00, median dP/vega ratio 0.0101, theta/day share 1.00)
08:40:24 voltium.loaders vega convention for /Users/andrew/Projects/quant-research/data_store/option_greeks_2023/WYNN.parquet: per_1.00_iv (per-unit share 1.00, per-point share 0.00, median dP/vega ratio 0.0100, theta/day share 1.00)
08:40:25 voltium.loaders vega convention for /Users/andrew/Projects/quant-research/data_store/option_greeks_2023/XEL.parquet: per_1.00_iv (per-unit share 1.00, per-point share 0.00, median dP/vega ratio 0.0101, theta/day share 1.00)
08:40:25 voltium.loaders vega convention for /Users/andrew/Projects/quant-research/data_store/option_greeks_2023/XOM.parquet: per_1.00_iv (per-unit share 1.00, per-point share 0.00, median dP/vega ratio 0.0100, theta/day share 1.00)
08:40:26 voltium.loaders vega convention for /Users/andrew/Projects/quant-research/data_store/option_greeks_2023/XRAY.parquet: per_1.00_iv (per-unit share 1.00, per-point share 0.00, median dP/vega ratio 0.0101, theta/day share 1.00)
08:40:26 voltium.loaders vega convention for /Users/andrew/Projects/quant-research/data_store/option_greeks_2023/XYL.parquet: per_1.00_iv (per-unit share 1.00, per-point share 0.00, median dP/vega ratio 0.0101, theta/day share 1.00)
08:40:27 voltium.loaders vega convention for /Users/andrew/Projects/quant-research/data_store/option_greeks/XYZ.parquet: per_1.00_iv (per-unit share 1.00, per-point share 0.00, median dP/vega ratio 0.0100, theta/day share 1.00)
08:40:27 voltium.loaders vega convention for /Users/andrew/Projects/quant-research/data_store/option_greeks_2023/YUM.parquet: per_1.00_iv (per-unit share 1.00, per-point share 0.00, median dP/vega ratio 0.0101, theta/day share 1.00)
08:40:27 voltium.loaders vega convention for /Users/andrew/Projects/quant-research/data_store/option_greeks_2023/ZBH.parquet: per_1.00_iv (per-unit share 1.00, per-point share 0.00, median dP/vega ratio 0.0101, theta/day share 1.00)
08:40:28 voltium.loaders vega convention for /Users/andrew/Projects/quant-research/data_store/option_greeks_2023/ZBRA.parquet: per_1.00_iv (per-unit share 1.00, per-point share 0.00, median dP/vega ratio 0.0100, theta/day share 1.00)
08:40:28 voltium.loaders vega convention for /Users/andrew/Projects/quant-research/data_store/option_greeks_2023/ZION.parquet: per_1.00_iv (per-unit share 1.00, per-point share 0.00, median dP/vega ratio 0.0101, theta/day share 1.00)
08:40:29 voltium.loaders vega convention for /Users/andrew/Projects/quant-research/data_store/option_greeks_2023/ZTS.parquet: per_1.00_iv (per-unit share 1.00, per-point share 0.00, median dP/vega ratio 0.0101, theta/day share 1.00)
08:40:29 voltium.providers.straddle_returns reference paths: 533/533 symbols
08:40:29 voltium.loaders vega convention for /Users/andrew/Projects/quant-research/data_store/index_greeks_2023/SPX.parquet: per_1.00_iv (per-unit share 1.00, per-point share 0.00, median dP/vega ratio 0.0101, theta/day share 1.00)
08:40:30 voltium.providers.straddle_returns reference paths: 1/1 symbols
08:40:30 level_book reference paths: 250332 rows (238s)
08:40:30 voltium.loaders vega convention for /Users/andrew/Projects/quant-research/data_store/option_greeks_2023/A.parquet: per_1.00_iv (per-unit share 1.00, per-point share 0.00, median dP/vega ratio 0.0101, theta/day share 1.00)
08:40:49 level_book surface: 250255 rows (257s)
08:40:49 level_book HAR: 256866 forecasts, last fit [{'date': datetime.date(2025, 10, 1), 'rows': 254694, 'const': -0.870249241039082, 'residual_var': 0.27997243607241123, 'b_rv_1': 0.1598099253128277, 'b_rv_5': 0.16263868384702326, 'b_rv_22': 0.9035994839514316}] (258s)
08:40:49 level_book signal: 139907 rows, spx factor used: True (258s)
08:40:49 voltium.loaders vega convention for /Users/andrew/Projects/quant-research/data_store/option_greeks/A.parquet: per_1.00_iv (per-unit share 1.00, per-point share 0.00, median dP/vega ratio 0.0101, theta/day share 1.00)
08:40:57 voltium.backtester 2025-01-02  positions=10  day pnl=-3534  cum pnl=-3534
08:41:55 voltium.backtester 2025-01-17  positions=25  day pnl=-4330  cum pnl=-32672
08:42:54 voltium.backtester 2025-02-03  positions=34  day pnl=-18782  cum pnl=-14216
08:43:51 voltium.backtester 2025-02-18  positions=36  day pnl=-52441  cum pnl=-95030
08:44:48 voltium.backtester 2025-03-04  positions=35  day pnl=-8419  cum pnl=-193464
08:45:45 voltium.backtester 2025-03-18  positions=33  day pnl=7832  cum pnl=-207571
08:46:43 voltium.backtester 2025-04-01  positions=36  day pnl=-1418  cum pnl=-233579
08:47:41 voltium.backtester 2025-04-15  positions=39  day pnl=13479  cum pnl=-341083
08:48:40 voltium.backtester 2025-04-30  positions=38  day pnl=1557  cum pnl=-379569
08:49:39 voltium.backtester 2025-05-14  positions=36  day pnl=-3797  cum pnl=-362136
08:50:37 voltium.backtester 2025-05-29  positions=42  day pnl=3800  cum pnl=-373514
08:51:37 voltium.backtester 2025-06-12  positions=39  day pnl=3906  cum pnl=-443636
08:52:35 voltium.backtester 2025-06-27  positions=38  day pnl=-15514  cum pnl=-467784
08:52:42 voltium.backtester 2025-06-30  positions=38  day pnl=-4377  cum pnl=-472160
08:52:42 level_book backtest done (971s)

=== summary ===
                            sessions: 122
                      mean_positions: 34.9180
                     mean_gross_vega: 10,885.2135
                       mean_net_vega: -916.6524
                     total_gross_pnl: 140,945.0679
                          total_cost: 613,105.5676
                       total_net_pnl: -472,160.4996
                              sharpe: -5.5373
       annual_net_pnl_per_gross_vega: -89.5970
                        max_drawdown: -476,726.4218
     annual_turnover_over_gross_vega: 32.6596
                           cost_drag: 4.3500

=== factor regression (net P&L per $ gross vega on the risk factors) ===
shape: (14, 5)
┌────────────────────────┬─────────────┬─────────┬───────────┬──────────────┐
│ regressor              ┆ coefficient ┆ t_stat  ┆ r_squared ┆ observations │
│ ---                    ┆ ---         ┆ ---     ┆ ---       ┆ ---          │
│ str                    ┆ f64         ┆ f64     ┆ f64       ┆ i64          │
╞════════════════════════╪═════════════╪═════════╪═══════════╪══════════════╡
│ const                  ┆ -0.3126     ┆ -3.5063 ┆ 0.1159    ┆ 122          │
│ Communication Services ┆ -0.2414     ┆ -1.7911 ┆ 0.1159    ┆ 122          │
│ Consumer Discretionary ┆ 0.2605      ┆ 1.3402  ┆ 0.1159    ┆ 122          │
│ Consumer Staples       ┆ -0.1614     ┆ -0.8760 ┆ 0.1159    ┆ 122          │
│ Energy                 ┆ 0.0076      ┆ 0.0766  ┆ 0.1159    ┆ 122          │
│ Financials             ┆ -0.1721     ┆ -0.7119 ┆ 0.1159    ┆ 122          │
│ Health Care            ┆ 0.0838      ┆ 0.5241  ┆ 0.1159    ┆ 122          │
│ Industrials            ┆ -0.0387     ┆ -0.1582 ┆ 0.1159    ┆ 122          │
│ Information Technology ┆ 0.0937      ┆ 0.6002  ┆ 0.1159    ┆ 122          │
│ Materials              ┆ -0.2730     ┆ -1.4547 ┆ 0.1159    ┆ 122          │
│ Real Estate            ┆ 0.1156      ┆ 0.6927  ┆ 0.1159    ┆ 122          │
│ Utilities              ┆ 0.1143      ┆ 1.1395  ┆ 0.1159    ┆ 122          │
│ market                 ┆ -0.0929     ┆ -1.0545 ┆ 0.1159    ┆ 122          │
│ spx_return             ┆ -5.8682     ┆ -0.4861 ┆ 0.1159    ┆ 122          │
└────────────────────────┴─────────────┴─────────┴───────────┴──────────────┘

=== decile table (forward 60-session P&L per $ vega, long reference straddle) ===
shape: (10, 6)
┌────────┬────────────────────────┬──────────────────────┬──────────────┬────────────┬───────┐
│ decile ┆ gross_fwd_pnl_per_vega ┆ net_fwd_pnl_per_vega ┆ gross_t_stat ┆ mean_names ┆ dates │
│ ---    ┆ ---                    ┆ ---                  ┆ ---          ┆ ---        ┆ ---   │
│ i64    ┆ f64                    ┆ f64                  ┆ f64          ┆ f64        ┆ u32   │
╞════════╪════════════════════════╪══════════════════════╪══════════════╪════════════╪═══════╡
│ 1      ┆ 5.1403                 ┆ -20.6062             ┆ 5.6997       ┆ 49.5738    ┆ 122   │
│ 2      ┆ 4.1128                 ┆ -20.5314             ┆ 4.4548       ┆ 49.9590    ┆ 122   │
│ 3      ┆ 3.9710                 ┆ -21.4372             ┆ 4.5584       ┆ 49.9262    ┆ 122   │
│ 4      ┆ 3.6402                 ┆ -22.1948             ┆ 3.9053       ┆ 49.9262    ┆ 122   │
│ 5      ┆ 4.4241                 ┆ -20.9503             ┆ 4.6724       ┆ 50.0902    ┆ 122   │
│ 6      ┆ 5.1897                 ┆ -20.8424             ┆ 5.2451       ┆ 49.8197    ┆ 122   │
│ 7      ┆ 5.1786                 ┆ -20.9706             ┆ 5.3484       ┆ 49.9180    ┆ 122   │
│ 8      ┆ 5.4672                 ┆ -20.8634             ┆ 5.4788       ┆ 49.9344    ┆ 122   │
│ 9      ┆ 4.9287                 ┆ -23.4009             ┆ 5.2915       ┆ 49.9508    ┆ 122   │
│ 10     ┆ 3.2505                 ┆ -25.8234             ┆ 3.8042       ┆ 50.3525    ┆ 122   │
└────────┴────────────────────────┴──────────────────────┴──────────────┴────────────┴───────┘

figures in /Users/andrew/Projects/quant-research/voltium/demos/figures  (971s)
