16:00:36 level_book 533 symbols, history from 2023-10-23, forward to 2025-10-08
16:00:36 level_book reference paths: 250402 rows (0s)
16:00:36 voltium.loaders vega convention for /Users/andrew/Projects/quant-research/data_store/option_greeks_2023/A.parquet: per_1.00_iv (per-unit share 1.00, per-point share 0.00, median dP/vega ratio 0.0101, theta/day share 1.00)
16:00:36 voltium.loaders vega convention for /Users/andrew/Projects/quant-research/data_store/option_greeks_2023/AAL.parquet: per_1.00_iv (per-unit share 1.00, per-point share 0.00, median dP/vega ratio 0.0100, theta/day share 1.00)
16:00:36 voltium.loaders vega convention for /Users/andrew/Projects/quant-research/data_store/option_greeks_2023/AAPL.parquet: per_1.00_iv (per-unit share 1.00, per-point share 0.00, median dP/vega ratio 0.0100, theta/day share 1.00)
16:00:36 voltium.loaders vega convention for /Users/andrew/Projects/quant-research/data_store/option_greeks_2023/ABBV.parquet: per_1.00_iv (per-unit share 1.00, per-point share 0.00, median dP/vega ratio 0.0101, theta/day share 1.00)
16:00:36 voltium.loaders vega convention for /Users/andrew/Projects/quant-research/data_store/option_greeks_2023/ABNB.parquet: per_1.00_iv (per-unit share 1.00, per-point share 0.00, median dP/vega ratio 0.0100, theta/day share 1.00)
16:00:36 voltium.loaders vega convention for /Users/andrew/Projects/quant-research/data_store/option_greeks_2023/ABT.parquet: per_1.00_iv (per-unit share 1.00, per-point share 0.00, median dP/vega ratio 0.0101, theta/day share 1.00)
16:00:36 voltium.loaders vega convention for /Users/andrew/Projects/quant-research/data_store/option_greeks_2023/ACGL.parquet: per_1.00_iv (per-unit share 1.00, per-point share 0.00, median dP/vega ratio 0.0101, theta/day share 1.00)
16:00:36 voltium.loaders vega convention for /Users/andrew/Projects/quant-research/data_store/option_greeks_2023/ACN.parquet: per_1.00_iv (per-unit share 1.00, per-point share 0.00, median dP/vega ratio 0.0101, theta/day share 1.00)
16:00:37 voltium.loaders vega convention for /Users/andrew/Projects/quant-research/data_store/option_greeks_2023/ADBE.parquet: per_1.00_iv (per-unit share 1.00, per-point share 0.00, median dP/vega ratio 0.0100, theta/day share 1.00)
16:00:37 voltium.loaders vega convention for /Users/andrew/Projects/quant-research/data_store/option_greeks_2023/ADI.parquet: per_1.00_iv (per-unit share 1.00, per-point share 0.00, median dP/vega ratio 0.0100, theta/day share 1.00)
16:00:37 voltium.loaders vega convention for /Users/andrew/Projects/quant-research/data_store/option_greeks_2023/ADM.parquet: per_1.00_iv (per-unit share 1.00, per-point share 0.00, median dP/vega ratio 0.0100, theta/day share 1.00)
16:00:37 voltium.loaders vega convention for /Users/andrew/Projects/quant-research/data_store/option_greeks_2023/ADP.parquet: per_1.00_iv (per-unit share 1.00, per-point share 0.00, median dP/vega ratio 0.0101, theta/day share 1.00)
16:00:37 voltium.loaders vega convention for /Users/andrew/Projects/quant-research/data_store/option_greeks_2023/ADSK.parquet: per_1.00_iv (per-unit share 1.00, per-point share 0.00, median dP/vega ratio 0.0100, theta/day share 1.00)
16:00:37 voltium.loaders vega convention for /Users/andrew/Projects/quant-research/data_store/option_greeks_2023/AEE.parquet: per_1.00_iv (per-unit share 1.00, per-point share 0.00, median dP/vega ratio 0.0101, theta/day share 1.00)
16:00:37 voltium.loaders vega convention for /Users/andrew/Projects/quant-research/data_store/option_greeks_2023/AEP.parquet: per_1.00_iv (per-unit share 1.00, per-point share 0.00, median dP/vega ratio 0.0101, theta/day share 1.00)
16:00:37 voltium.loaders vega convention for /Users/andrew/Projects/quant-research/data_store/option_greeks_2023/AES.parquet: per_1.00_iv (per-unit share 1.00, per-point share 0.00, median dP/vega ratio 0.0101, theta/day share 1.00)
16:00:37 voltium.loaders vega convention for /Users/andrew/Projects/quant-research/data_store/option_greeks_2023/AFL.parquet: per_1.00_iv (per-unit share 1.00, per-point share 0.00, median dP/vega ratio 0.0100, theta/day share 1.00)
16:00:37 voltium.loaders vega convention for /Users/andrew/Projects/quant-research/data_store/option_greeks_2023/AIG.parquet: per_1.00_iv (per-unit share 1.00, per-point share 0.00, median dP/vega ratio 0.0101, theta/day share 1.00)
16:00:37 voltium.loaders vega convention for /Users/andrew/Projects/quant-research/data_store/option_greeks_2023/AIZ.parquet: per_1.00_iv (per-unit share 1.00, per-point share 0.00, median dP/vega ratio 0.0101, theta/day share 1.00)
16:00:37 voltium.loaders vega convention for /Users/andrew/Projects/quant-research/data_store/option_greeks_2023/AJG.parquet: per_1.00_iv (per-unit share 1.00, per-point share 0.00, median dP/vega ratio 0.0101, theta/day share 1.00)
16:00:37 voltium.loaders vega convention for /Users/andrew/Projects/quant-research/data_store/option_greeks_2023/AKAM.parquet: per_1.00_iv (per-unit share 1.00, per-point share 0.00, median dP/vega ratio 0.0100, theta/day share 1.00)
16:00:37 voltium.loaders vega convention for /Users/andrew/Projects/quant-research/data_store/option_greeks_2023/ALB.parquet: per_1.00_iv (per-unit share 1.00, per-point share 0.00, median dP/vega ratio 0.0101, theta/day share 1.00)
16:00:37 voltium.loaders vega convention for /Users/andrew/Projects/quant-research/data_store/option_greeks_2023/ALGN.parquet: per_1.00_iv (per-unit share 1.00, per-point share 0.00, median dP/vega ratio 0.0100, theta/day share 1.00)
16:00:37 voltium.loaders vega convention for /Users/andrew/Projects/quant-research/data_store/option_greeks_2023/ALK.parquet: per_1.00_iv (per-unit share 1.00, per-point share 0.00, median dP/vega ratio 0.0101, theta/day share 1.00)
16:00:37 voltium.loaders vega convention for /Users/andrew/Projects/quant-research/data_store/option_greeks_2023/ALL.parquet: per_1.00_iv (per-unit share 1.00, per-point share 0.00, median dP/vega ratio 0.0101, theta/day share 1.00)
16:00:37 voltium.loaders vega convention for /Users/andrew/Projects/quant-research/data_store/option_greeks_2023/ALLE.parquet: per_1.00_iv (per-unit share 1.00, per-point share 0.00, median dP/vega ratio 0.0101, theta/day share 1.00)
16:00:37 voltium.loaders vega convention for /Users/andrew/Projects/quant-research/data_store/option_greeks_2023/AMAT.parquet: per_1.00_iv (per-unit share 1.00, per-point share 0.00, median dP/vega ratio 0.0100, theta/day share 1.00)
16:00:37 voltium.loaders vega convention for /Users/andrew/Projects/quant-research/data_store/option_greeks_2023/AMCR.parquet: per_1.00_iv (per-unit share 1.00, per-point share 0.00, median dP/vega ratio 0.0101, theta/day share 1.00)
16:00:37 voltium.loaders vega convention for /Users/andrew/Projects/quant-research/data_store/option_greeks_2023/AMD.parquet: per_1.00_iv (per-unit share 1.00, per-point share 0.00, median dP/vega ratio 0.0100, theta/day share 1.00)
16:00:38 voltium.loaders vega convention for /Users/andrew/Projects/quant-research/data_store/option_greeks_2023/AME.parquet: per_1.00_iv (per-unit share 1.00, per-point share 0.00, median dP/vega ratio 0.0101, theta/day share 1.00)
16:00:38 voltium.loaders vega convention for /Users/andrew/Projects/quant-research/data_store/option_greeks_2023/AMGN.parquet: per_1.00_iv (per-unit share 1.00, per-point share 0.00, median dP/vega ratio 0.0101, theta/day share 1.00)
16:00:38 voltium.loaders vega convention for /Users/andrew/Projects/quant-research/data_store/option_greeks_2023/AMP.parquet: per_1.00_iv (per-unit share 1.00, per-point share 0.00, median dP/vega ratio 0.0101, theta/day share 1.00)
16:00:38 voltium.loaders vega convention for /Users/andrew/Projects/quant-research/data_store/option_greeks_2023/AMT.parquet: per_1.00_iv (per-unit share 1.00, per-point share 0.00, median dP/vega ratio 0.0101, theta/day share 1.00)
16:00:38 voltium.loaders vega convention for /Users/andrew/Projects/quant-research/data_store/option_greeks_2024/AMTM.parquet: per_1.00_iv (per-unit share 1.00, per-point share 0.00, median dP/vega ratio 0.0100, theta/day share 1.00)
16:00:38 voltium.loaders vega convention for /Users/andrew/Projects/quant-research/data_store/option_greeks_2023/AMZN.parquet: per_1.00_iv (per-unit share 1.00, per-point share 0.00, median dP/vega ratio 0.0100, theta/day share 1.00)
16:00:38 voltium.loaders vega convention for /Users/andrew/Projects/quant-research/data_store/option_greeks_2023/ANET.parquet: per_1.00_iv (per-unit share 1.00, per-point share 0.00, median dP/vega ratio 0.0100, theta/day share 1.00)
16:00:38 voltium.loaders vega convention for /Users/andrew/Projects/quant-research/data_store/option_greeks_2023/ANSS.parquet: per_1.00_iv (per-unit share 1.00, per-point share 0.00, median dP/vega ratio 0.0100, theta/day share 1.00)
16:00:38 voltium.loaders vega convention for /Users/andrew/Projects/quant-research/data_store/option_greeks_2023/AON.parquet: per_1.00_iv (per-unit share 1.00, per-point share 0.00, median dP/vega ratio 0.0101, theta/day share 1.00)
16:00:38 voltium.loaders vega convention for /Users/andrew/Projects/quant-research/data_store/option_greeks_2023/AOS.parquet: per_1.00_iv (per-unit share 1.00, per-point share 0.00, median dP/vega ratio 0.0101, theta/day share 1.00)
16:00:38 voltium.loaders vega convention for /Users/andrew/Projects/quant-research/data_store/option_greeks_2023/APA.parquet: per_1.00_iv (per-unit share 1.00, per-point share 0.00, median dP/vega ratio 0.0100, theta/day share 1.00)
16:00:38 voltium.loaders vega convention for /Users/andrew/Projects/quant-research/data_store/option_greeks_2023/APD.parquet: per_1.00_iv (per-unit share 1.00, per-point share 0.00, median dP/vega ratio 0.0101, theta/day share 1.00)
16:00:38 voltium.loaders vega convention for /Users/andrew/Projects/quant-research/data_store/option_greeks_2023/APH.parquet: per_1.00_iv (per-unit share 1.00, per-point share 0.00, median dP/vega ratio 0.0101, theta/day share 1.00)
16:00:38 voltium.loaders vega convention for /Users/andrew/Projects/quant-research/data_store/option_greeks_2024/APO.parquet: per_1.00_iv (per-unit share 1.00, per-point share 0.00, median dP/vega ratio 0.0100, theta/day share 1.00)
16:00:38 voltium.loaders vega convention for /Users/andrew/Projects/quant-research/data_store/option_greeks/APP.parquet: per_1.00_iv (per-unit share 1.00, per-point share 0.00, median dP/vega ratio 0.0100, theta/day share 1.00)
16:00:38 voltium.loaders vega convention for /Users/andrew/Projects/quant-research/data_store/option_greeks_2023/APTV.parquet: per_1.00_iv (per-unit share 1.00, per-point share 0.00, median dP/vega ratio 0.0100, theta/day share 1.00)
16:00:38 voltium.loaders vega convention for /Users/andrew/Projects/quant-research/data_store/option_greeks_2023/ARE.parquet: per_1.00_iv (per-unit share 1.00, per-point share 0.00, median dP/vega ratio 0.0101, theta/day share 1.00)
16:00:38 voltium.loaders vega convention for /Users/andrew/Projects/quant-research/data_store/option_greeks_2023/ATO.parquet: per_1.00_iv (per-unit share 1.00, per-point share 0.00, median dP/vega ratio 0.0101, theta/day share 1.00)
16:00:38 voltium.loaders vega convention for /Users/andrew/Projects/quant-research/data_store/option_greeks_2023/AVB.parquet: per_1.00_iv (per-unit share 1.00, per-point share 0.00, median dP/vega ratio 0.0100, theta/day share 1.00)
16:00:38 voltium.loaders vega convention for /Users/andrew/Projects/quant-research/data_store/option_greeks_2023/AVGO.parquet: per_1.00_iv (per-unit share 1.00, per-point share 0.00, median dP/vega ratio 0.0100, theta/day share 1.00)
16:00:38 voltium.loaders vega convention for /Users/andrew/Projects/quant-research/data_store/option_greeks_2023/AVY.parquet: per_1.00_iv (per-unit share 1.00, per-point share 0.00, median dP/vega ratio 0.0101, theta/day share 1.00)
16:00:38 voltium.loaders vega convention for /Users/andrew/Projects/quant-research/data_store/option_greeks_2023/AWK.parquet: per_1.00_iv (per-unit share 1.00, per-point share 0.00, median dP/vega ratio 0.0101, theta/day share 1.00)
16:00:39 voltium.loaders vega convention for /Users/andrew/Projects/quant-research/data_store/option_greeks_2023/AXON.parquet: per_1.00_iv (per-unit share 1.00, per-point share 0.00, median dP/vega ratio 0.0100, theta/day share 1.00)
16:00:39 voltium.loaders vega convention for /Users/andrew/Projects/quant-research/data_store/option_greeks_2023/AXP.parquet: per_1.00_iv (per-unit share 1.00, per-point share 0.00, median dP/vega ratio 0.0100, theta/day share 1.00)
16:00:39 voltium.loaders vega convention for /Users/andrew/Projects/quant-research/data_store/option_greeks_2023/AZO.parquet: per_1.00_iv (per-unit share 1.00, per-point share 0.00, median dP/vega ratio 0.0100, theta/day share 1.00)
16:00:39 voltium.loaders vega convention for /Users/andrew/Projects/quant-research/data_store/option_greeks_2023/BA.parquet: per_1.00_iv (per-unit share 1.00, per-point share 0.00, median dP/vega ratio 0.0100, theta/day share 1.00)
16:00:39 voltium.loaders vega convention for /Users/andrew/Projects/quant-research/data_store/option_greeks_2023/BAC.parquet: per_1.00_iv (per-unit share 1.00, per-point share 0.00, median dP/vega ratio 0.0101, theta/day share 1.00)
16:00:39 voltium.loaders vega convention for /Users/andrew/Projects/quant-research/data_store/option_greeks_2023/BALL.parquet: per_1.00_iv (per-unit share 1.00, per-point share 0.00, median dP/vega ratio 0.0100, theta/day share 1.00)
16:00:39 voltium.loaders vega convention for /Users/andrew/Projects/quant-research/data_store/option_greeks_2023/BAX.parquet: per_1.00_iv (per-unit share 1.00, per-point share 0.00, median dP/vega ratio 0.0100, theta/day share 1.00)
16:00:39 voltium.loaders vega convention for /Users/andrew/Projects/quant-research/data_store/option_greeks_2023/BBWI.parquet: per_1.00_iv (per-unit share 1.00, per-point share 0.00, median dP/vega ratio 0.0100, theta/day share 1.00)
16:00:39 voltium.loaders vega convention for /Users/andrew/Projects/quant-research/data_store/option_greeks_2023/BBY.parquet: per_1.00_iv (per-unit share 1.00, per-point share 0.00, median dP/vega ratio 0.0100, theta/day share 1.00)
16:00:39 voltium.loaders vega convention for /Users/andrew/Projects/quant-research/data_store/option_greeks_2023/BDX.parquet: per_1.00_iv (per-unit share 1.00, per-point share 0.00, median dP/vega ratio 0.0101, theta/day share 1.00)
16:00:39 voltium.loaders vega convention for /Users/andrew/Projects/quant-research/data_store/option_greeks_2023/BEN.parquet: per_1.00_iv (per-unit share 1.00, per-point share 0.00, median dP/vega ratio 0.0101, theta/day share 1.00)
16:00:39 voltium.loaders vega convention for /Users/andrew/Projects/quant-research/data_store/option_greeks_2023/BFB.parquet: per_1.00_iv (per-unit share 1.00, per-point share 0.00, median dP/vega ratio 0.0101, theta/day share 1.00)
16:00:39 voltium.loaders vega convention for /Users/andrew/Projects/quant-research/data_store/option_greeks_2023/BG.parquet: per_1.00_iv (per-unit share 1.00, per-point share 0.00, median dP/vega ratio 0.0101, theta/day share 1.00)
16:00:39 voltium.loaders vega convention for /Users/andrew/Projects/quant-research/data_store/option_greeks_2023/BIIB.parquet: per_1.00_iv (per-unit share 1.00, per-point share 0.00, median dP/vega ratio 0.0100, theta/day share 1.00)
16:00:39 voltium.loaders vega convention for /Users/andrew/Projects/quant-research/data_store/option_greeks_2023/BIO.parquet: per_1.00_iv (per-unit share 1.00, per-point share 0.00, median dP/vega ratio 0.0100, theta/day share 1.00)
16:00:39 voltium.loaders vega convention for /Users/andrew/Projects/quant-research/data_store/option_greeks_2023/BK.parquet: per_1.00_iv (per-unit share 1.00, per-point share 0.00, median dP/vega ratio 0.0100, theta/day share 1.00)
16:00:39 voltium.loaders vega convention for /Users/andrew/Projects/quant-research/data_store/option_greeks_2023/BKNG.parquet: per_1.00_iv (per-unit share 1.00, per-point share 0.00, median dP/vega ratio 0.0100, theta/day share 1.00)
16:00:39 voltium.loaders vega convention for /Users/andrew/Projects/quant-research/data_store/option_greeks_2023/BKR.parquet: per_1.00_iv (per-unit share 1.00, per-point share 0.00, median dP/vega ratio 0.0101, theta/day share 1.00)
16:00:39 voltium.loaders vega convention for /Users/andrew/Projects/quant-research/data_store/option_greeks_2023/BLDR.parquet: per_1.00_iv (per-unit share 1.00, per-point share 0.00, median dP/vega ratio 0.0101, theta/day share 1.00)
16:00:39 voltium.loaders vega convention for /Users/andrew/Projects/quant-research/data_store/option_greeks_2023/BLK.parquet: per_1.00_iv (per-unit share 1.00, per-point share 0.00, median dP/vega ratio 0.0100, theta/day share 1.00)
16:00:40 voltium.loaders vega convention for /Users/andrew/Projects/quant-research/data_store/option_greeks_2023/BMY.parquet: per_1.00_iv (per-unit share 1.00, per-point share 0.00, median dP/vega ratio 0.0101, theta/day share 1.00)
16:00:40 voltium.loaders vega convention for /Users/andrew/Projects/quant-research/data_store/option_greeks_2023/BR.parquet: per_1.00_iv (per-unit share 1.00, per-point share 0.00, median dP/vega ratio 0.0101, theta/day share 1.00)
16:00:40 voltium.loaders vega convention for /Users/andrew/Projects/quant-research/data_store/option_greeks_2023/BRKB.parquet: per_1.00_iv (per-unit share 1.00, per-point share 0.00, median dP/vega ratio 0.0101, theta/day share 1.00)
16:00:40 voltium.loaders vega convention for /Users/andrew/Projects/quant-research/data_store/option_greeks_2023/BRO.parquet: per_1.00_iv (per-unit share 1.00, per-point share 0.00, median dP/vega ratio 0.0101, theta/day share 1.00)
16:00:40 voltium.loaders vega convention for /Users/andrew/Projects/quant-research/data_store/option_greeks_2023/BSX.parquet: per_1.00_iv (per-unit share 1.00, per-point share 0.00, median dP/vega ratio 0.0101, theta/day share 1.00)
16:00:40 voltium.loaders vega convention for /Users/andrew/Projects/quant-research/data_store/option_greeks_2023/BWA.parquet: per_1.00_iv (per-unit share 1.00, per-point share 0.00, median dP/vega ratio 0.0101, theta/day share 1.00)
16:00:40 voltium.loaders vega convention for /Users/andrew/Projects/quant-research/data_store/option_greeks_2023/BX.parquet: per_1.00_iv (per-unit share 1.00, per-point share 0.00, median dP/vega ratio 0.0100, theta/day share 1.00)
16:00:40 voltium.loaders vega convention for /Users/andrew/Projects/quant-research/data_store/option_greeks_2023/BXP.parquet: per_1.00_iv (per-unit share 1.00, per-point share 0.00, median dP/vega ratio 0.0101, theta/day share 1.00)
16:00:40 voltium.loaders vega convention for /Users/andrew/Projects/quant-research/data_store/option_greeks_2023/C.parquet: per_1.00_iv (per-unit share 1.00, per-point share 0.00, median dP/vega ratio 0.0100, theta/day share 1.00)
16:00:40 voltium.loaders vega convention for /Users/andrew/Projects/quant-research/data_store/option_greeks_2023/CAG.parquet: per_1.00_iv (per-unit share 1.00, per-point share 0.00, median dP/vega ratio 0.0101, theta/day share 1.00)
16:00:40 voltium.loaders vega convention for /Users/andrew/Projects/quant-research/data_store/option_greeks_2023/CAH.parquet: per_1.00_iv (per-unit share 1.00, per-point share 0.00, median dP/vega ratio 0.0100, theta/day share 1.00)
16:00:40 voltium.loaders vega convention for /Users/andrew/Projects/quant-research/data_store/option_greeks_2023/CARR.parquet: per_1.00_iv (per-unit share 1.00, per-point share 0.00, median dP/vega ratio 0.0101, theta/day share 1.00)
16:00:40 voltium.loaders vega convention for /Users/andrew/Projects/quant-research/data_store/option_greeks_2023/CAT.parquet: per_1.00_iv (per-unit share 1.00, per-point share 0.00, median dP/vega ratio 0.0100, theta/day share 1.00)
16:00:40 voltium.loaders vega convention for /Users/andrew/Projects/quant-research/data_store/option_greeks_2023/CB.parquet: per_1.00_iv (per-unit share 1.00, per-point share 0.00, median dP/vega ratio 0.0101, theta/day share 1.00)
16:00:40 voltium.loaders vega convention for /Users/andrew/Projects/quant-research/data_store/option_greeks_2023/CBOE.parquet: per_1.00_iv (per-unit share 1.00, per-point share 0.00, median dP/vega ratio 0.0100, theta/day share 1.00)
16:00:40 voltium.loaders vega convention for /Users/andrew/Projects/quant-research/data_store/option_greeks_2023/CBRE.parquet: per_1.00_iv (per-unit share 1.00, per-point share 0.00, median dP/vega ratio 0.0101, theta/day share 1.00)
16:00:40 voltium.loaders vega convention for /Users/andrew/Projects/quant-research/data_store/option_greeks_2023/CCI.parquet: per_1.00_iv (per-unit share 1.00, per-point share 0.00, median dP/vega ratio 0.0101, theta/day share 1.00)
16:00:40 voltium.loaders vega convention for /Users/andrew/Projects/quant-research/data_store/option_greeks_2023/CCL.parquet: per_1.00_iv (per-unit share 1.00, per-point share 0.00, median dP/vega ratio 0.0100, theta/day share 1.00)
16:00:40 voltium.loaders vega convention for /Users/andrew/Projects/quant-research/data_store/option_greeks_2023/CDAY.parquet: per_1.00_iv (per-unit share 1.00, per-point share 0.00, median dP/vega ratio 0.0100, theta/day share 1.00)
16:00:40 voltium.loaders vega convention for /Users/andrew/Projects/quant-research/data_store/option_greeks_2023/CDNS.parquet: per_1.00_iv (per-unit share 1.00, per-point share 0.00, median dP/vega ratio 0.0101, theta/day share 1.00)
16:00:40 voltium.loaders vega convention for /Users/andrew/Projects/quant-research/data_store/option_greeks_2023/CDW.parquet: per_1.00_iv (per-unit share 1.00, per-point share 0.00, median dP/vega ratio 0.0101, theta/day share 1.00)
16:00:40 voltium.loaders vega convention for /Users/andrew/Projects/quant-research/data_store/option_greeks_2023/CE.parquet: per_1.00_iv (per-unit share 1.00, per-point share 0.00, median dP/vega ratio 0.0101, theta/day share 1.00)
16:00:40 voltium.loaders vega convention for /Users/andrew/Projects/quant-research/data_store/option_greeks_2023/CEG.parquet: per_1.00_iv (per-unit share 1.00, per-point share 0.00, median dP/vega ratio 0.0100, theta/day share 1.00)
16:00:41 voltium.loaders vega convention for /Users/andrew/Projects/quant-research/data_store/option_greeks_2023/CF.parquet: per_1.00_iv (per-unit share 1.00, per-point share 0.00, median dP/vega ratio 0.0100, theta/day share 1.00)
16:00:41 voltium.loaders vega convention for /Users/andrew/Projects/quant-research/data_store/option_greeks_2023/CFG.parquet: per_1.00_iv (per-unit share 1.00, per-point share 0.00, median dP/vega ratio 0.0101, theta/day share 1.00)
16:00:41 voltium.loaders vega convention for /Users/andrew/Projects/quant-research/data_store/option_greeks_2023/CHD.parquet: per_1.00_iv (per-unit share 1.00, per-point share 0.00, median dP/vega ratio 0.0101, theta/day share 1.00)
16:00:41 voltium.loaders vega convention for /Users/andrew/Projects/quant-research/data_store/option_greeks_2023/CHRW.parquet: per_1.00_iv (per-unit share 1.00, per-point share 0.00, median dP/vega ratio 0.0100, theta/day share 1.00)
16:00:41 voltium.loaders vega convention for /Users/andrew/Projects/quant-research/data_store/option_greeks_2023/CHTR.parquet: per_1.00_iv (per-unit share 1.00, per-point share 0.00, median dP/vega ratio 0.0100, theta/day share 1.00)
16:00:41 voltium.loaders vega convention for /Users/andrew/Projects/quant-research/data_store/option_greeks_2023/CI.parquet: per_1.00_iv (per-unit share 1.00, per-point share 0.00, median dP/vega ratio 0.0101, theta/day share 1.00)
16:00:41 voltium.providers.base materialize: 100/533 symbols
16:00:41 voltium.loaders vega convention for /Users/andrew/Projects/quant-research/data_store/option_greeks_2023/CINF.parquet: per_1.00_iv (per-unit share 1.00, per-point share 0.00, median dP/vega ratio 0.0100, theta/day share 1.00)
16:00:41 voltium.loaders vega convention for /Users/andrew/Projects/quant-research/data_store/option_greeks_2023/CL.parquet: per_1.00_iv (per-unit share 1.00, per-point share 0.00, median dP/vega ratio 0.0101, theta/day share 1.00)
16:00:41 voltium.loaders vega convention for /Users/andrew/Projects/quant-research/data_store/option_greeks_2023/CLX.parquet: per_1.00_iv (per-unit share 1.00, per-point share 0.00, median dP/vega ratio 0.0100, theta/day share 1.00)
16:00:41 voltium.loaders vega convention for /Users/andrew/Projects/quant-research/data_store/option_greeks_2023/CMA.parquet: per_1.00_iv (per-unit share 1.00, per-point share 0.00, median dP/vega ratio 0.0101, theta/day share 1.00)
16:00:41 voltium.loaders vega convention for /Users/andrew/Projects/quant-research/data_store/option_greeks_2023/CMCSA.parquet: per_1.00_iv (per-unit share 1.00, per-point share 0.00, median dP/vega ratio 0.0100, theta/day share 1.00)
16:00:41 voltium.loaders vega convention for /Users/andrew/Projects/quant-research/data_store/option_greeks_2023/CME.parquet: per_1.00_iv (per-unit share 1.00, per-point share 0.00, median dP/vega ratio 0.0101, theta/day share 1.00)
16:00:41 voltium.loaders vega convention for /Users/andrew/Projects/quant-research/data_store/option_greeks_2023/CMG.parquet: per_1.00_iv (per-unit share 1.00, per-point share 0.00, median dP/vega ratio 0.0100, theta/day share 1.00)
16:00:41 voltium.loaders vega convention for /Users/andrew/Projects/quant-research/data_store/option_greeks_2023/CMI.parquet: per_1.00_iv (per-unit share 1.00, per-point share 0.00, median dP/vega ratio 0.0101, theta/day share 1.00)
16:00:41 voltium.loaders vega convention for /Users/andrew/Projects/quant-research/data_store/option_greeks_2023/CMS.parquet: per_1.00_iv (per-unit share 1.00, per-point share 0.00, median dP/vega ratio 0.0101, theta/day share 1.00)
16:00:41 voltium.loaders vega convention for /Users/andrew/Projects/quant-research/data_store/option_greeks_2023/CNC.parquet: per_1.00_iv (per-unit share 1.00, per-point share 0.00, median dP/vega ratio 0.0101, theta/day share 1.00)
16:00:41 voltium.loaders vega convention for /Users/andrew/Projects/quant-research/data_store/option_greeks_2023/CNP.parquet: per_1.00_iv (per-unit share 1.00, per-point share 0.00, median dP/vega ratio 0.0101, theta/day share 1.00)
16:00:41 voltium.loaders vega convention for /Users/andrew/Projects/quant-research/data_store/option_greeks_2023/COF.parquet: per_1.00_iv (per-unit share 1.00, per-point share 0.00, median dP/vega ratio 0.0100, theta/day share 1.00)
16:00:41 voltium.loaders vega convention for /Users/andrew/Projects/quant-research/data_store/option_greeks/COIN.parquet: per_1.00_iv (per-unit share 1.00, per-point share 0.00, median dP/vega ratio 0.0100, theta/day share 1.00)
16:00:42 voltium.loaders vega convention for /Users/andrew/Projects/quant-research/data_store/option_greeks_2023/COO.parquet: per_1.00_iv (per-unit share 1.00, per-point share 0.00, median dP/vega ratio 0.0101, theta/day share 1.00)
16:00:42 voltium.loaders vega convention for /Users/andrew/Projects/quant-research/data_store/option_greeks_2023/COP.parquet: per_1.00_iv (per-unit share 1.00, per-point share 0.00, median dP/vega ratio 0.0100, theta/day share 1.00)
16:00:42 voltium.loaders vega convention for /Users/andrew/Projects/quant-research/data_store/option_greeks_2023/COR.parquet: per_1.00_iv (per-unit share 1.00, per-point share 0.00, median dP/vega ratio 0.0100, theta/day share 1.00)
16:00:42 voltium.loaders vega convention for /Users/andrew/Projects/quant-research/data_store/option_greeks_2023/COST.parquet: per_1.00_iv (per-unit share 1.00, per-point share 0.00, median dP/vega ratio 0.0101, theta/day share 1.00)
16:00:42 voltium.loaders vega convention for /Users/andrew/Projects/quant-research/data_store/option_greeks_2024/CPAY.parquet: per_1.00_iv (per-unit share 1.00, per-point share 0.00, median dP/vega ratio 0.0100, theta/day share 1.00)
16:00:42 voltium.loaders vega convention for /Users/andrew/Projects/quant-research/data_store/option_greeks_2023/CPB.parquet: per_1.00_iv (per-unit share 1.00, per-point share 0.00, median dP/vega ratio 0.0101, theta/day share 1.00)
16:00:42 voltium.loaders vega convention for /Users/andrew/Projects/quant-research/data_store/option_greeks_2023/CPRT.parquet: per_1.00_iv (per-unit share 1.00, per-point share 0.00, median dP/vega ratio 0.0100, theta/day share 1.00)
16:00:42 voltium.loaders vega convention for /Users/andrew/Projects/quant-research/data_store/option_greeks_2023/CPT.parquet: per_1.00_iv (per-unit share 1.00, per-point share 0.00, median dP/vega ratio 0.0101, theta/day share 1.00)
16:00:42 voltium.loaders vega convention for /Users/andrew/Projects/quant-research/data_store/option_greeks_2023/CRL.parquet: per_1.00_iv (per-unit share 1.00, per-point share 0.00, median dP/vega ratio 0.0101, theta/day share 1.00)
16:00:42 voltium.loaders vega convention for /Users/andrew/Projects/quant-research/data_store/option_greeks_2023/CRM.parquet: per_1.00_iv (per-unit share 1.00, per-point share 0.00, median dP/vega ratio 0.0100, theta/day share 1.00)
16:00:42 voltium.loaders vega convention for /Users/andrew/Projects/quant-research/data_store/option_greeks_2024/CRWD.parquet: per_1.00_iv (per-unit share 1.00, per-point share 0.00, median dP/vega ratio 0.0100, theta/day share 1.00)
16:00:42 voltium.loaders vega convention for /Users/andrew/Projects/quant-research/data_store/option_greeks_2023/CSCO.parquet: per_1.00_iv (per-unit share 1.00, per-point share 0.00, median dP/vega ratio 0.0101, theta/day share 1.00)
16:00:42 voltium.loaders vega convention for /Users/andrew/Projects/quant-research/data_store/option_greeks_2023/CSGP.parquet: per_1.00_iv (per-unit share 1.00, per-point share 0.00, median dP/vega ratio 0.0101, theta/day share 1.00)
16:00:42 voltium.loaders vega convention for /Users/andrew/Projects/quant-research/data_store/option_greeks_2023/CSX.parquet: per_1.00_iv (per-unit share 1.00, per-point share 0.00, median dP/vega ratio 0.0100, theta/day share 1.00)
16:00:42 voltium.loaders vega convention for /Users/andrew/Projects/quant-research/data_store/option_greeks_2023/CTAS.parquet: per_1.00_iv (per-unit share 1.00, per-point share 0.00, median dP/vega ratio 0.0101, theta/day share 1.00)
16:00:42 voltium.loaders vega convention for /Users/andrew/Projects/quant-research/data_store/option_greeks_2023/CTLT.parquet: per_1.00_iv (per-unit share 1.00, per-point share 0.00, median dP/vega ratio 0.0100, theta/day share 1.00)
16:00:42 voltium.loaders vega convention for /Users/andrew/Projects/quant-research/data_store/option_greeks_2023/CTRA.parquet: per_1.00_iv (per-unit share 1.00, per-point share 0.00, median dP/vega ratio 0.0100, theta/day share 1.00)
16:00:42 voltium.loaders vega convention for /Users/andrew/Projects/quant-research/data_store/option_greeks_2023/CTSH.parquet: per_1.00_iv (per-unit share 1.00, per-point share 0.00, median dP/vega ratio 0.0101, theta/day share 1.00)
16:00:42 voltium.loaders vega convention for /Users/andrew/Projects/quant-research/data_store/option_greeks_2023/CTVA.parquet: per_1.00_iv (per-unit share 1.00, per-point share 0.00, median dP/vega ratio 0.0101, theta/day share 1.00)
16:00:42 voltium.loaders vega convention for /Users/andrew/Projects/quant-research/data_store/option_greeks_2023/CVS.parquet: per_1.00_iv (per-unit share 1.00, per-point share 0.00, median dP/vega ratio 0.0100, theta/day share 1.00)
16:00:43 voltium.loaders vega convention for /Users/andrew/Projects/quant-research/data_store/option_greeks_2023/CVX.parquet: per_1.00_iv (per-unit share 1.00, per-point share 0.00, median dP/vega ratio 0.0100, theta/day share 1.00)
16:00:43 voltium.loaders vega convention for /Users/andrew/Projects/quant-research/data_store/option_greeks_2023/CZR.parquet: per_1.00_iv (per-unit share 1.00, per-point share 0.00, median dP/vega ratio 0.0100, theta/day share 1.00)
16:00:43 voltium.loaders vega convention for /Users/andrew/Projects/quant-research/data_store/option_greeks_2023/D.parquet: per_1.00_iv (per-unit share 1.00, per-point share 0.00, median dP/vega ratio 0.0101, theta/day share 1.00)
16:00:43 voltium.loaders vega convention for /Users/andrew/Projects/quant-research/data_store/option_greeks_2023/DAL.parquet: per_1.00_iv (per-unit share 1.00, per-point share 0.00, median dP/vega ratio 0.0100, theta/day share 1.00)
16:00:43 voltium.loaders vega convention for /Users/andrew/Projects/quant-research/data_store/option_greeks/DASH.parquet: per_1.00_iv (per-unit share 1.00, per-point share 0.00, median dP/vega ratio 0.0100, theta/day share 1.00)
16:00:43 voltium.loaders vega convention for /Users/andrew/Projects/quant-research/data_store/option_greeks_2024/DAY.parquet: per_1.00_iv (per-unit share 1.00, per-point share 0.00, median dP/vega ratio 0.0100, theta/day share 1.00)
16:00:43 voltium.loaders vega convention for /Users/andrew/Projects/quant-research/data_store/option_greeks_2023/DD.parquet: per_1.00_iv (per-unit share 1.00, per-point share 0.00, median dP/vega ratio 0.0100, theta/day share 1.00)
16:00:43 voltium.loaders vega convention for /Users/andrew/Projects/quant-research/data_store/option_greeks/DDOG.parquet: per_1.00_iv (per-unit share 1.00, per-point share 0.00, median dP/vega ratio 0.0100, theta/day share 1.00)
16:00:43 voltium.loaders vega convention for /Users/andrew/Projects/quant-research/data_store/option_greeks_2023/DE.parquet: per_1.00_iv (per-unit share 1.00, per-point share 0.00, median dP/vega ratio 0.0100, theta/day share 1.00)
16:00:43 voltium.loaders vega convention for /Users/andrew/Projects/quant-research/data_store/option_greeks_2024/DECK.parquet: per_1.00_iv (per-unit share 1.00, per-point share 0.00, median dP/vega ratio 0.0100, theta/day share 1.00)
16:00:43 voltium.loaders vega convention for /Users/andrew/Projects/quant-research/data_store/option_greeks_2024/DELL.parquet: per_1.00_iv (per-unit share 1.00, per-point share 0.00, median dP/vega ratio 0.0100, theta/day share 1.00)
16:00:43 voltium.loaders vega convention for /Users/andrew/Projects/quant-research/data_store/option_greeks_2023/DFS.parquet: per_1.00_iv (per-unit share 1.00, per-point share 0.00, median dP/vega ratio 0.0100, theta/day share 1.00)
16:00:43 voltium.loaders vega convention for /Users/andrew/Projects/quant-research/data_store/option_greeks_2023/DG.parquet: per_1.00_iv (per-unit share 1.00, per-point share 0.00, median dP/vega ratio 0.0101, theta/day share 1.00)
16:00:43 voltium.loaders vega convention for /Users/andrew/Projects/quant-research/data_store/option_greeks_2023/DGX.parquet: per_1.00_iv (per-unit share 1.00, per-point share 0.00, median dP/vega ratio 0.0101, theta/day share 1.00)
16:00:43 voltium.loaders vega convention for /Users/andrew/Projects/quant-research/data_store/option_greeks_2023/DHI.parquet: per_1.00_iv (per-unit share 1.00, per-point share 0.00, median dP/vega ratio 0.0100, theta/day share 1.00)
16:00:43 voltium.loaders vega convention for /Users/andrew/Projects/quant-research/data_store/option_greeks_2023/DHR.parquet: per_1.00_iv (per-unit share 1.00, per-point share 0.00, median dP/vega ratio 0.0100, theta/day share 1.00)
16:00:43 voltium.loaders vega convention for /Users/andrew/Projects/quant-research/data_store/option_greeks_2023/DIS.parquet: per_1.00_iv (per-unit share 1.00, per-point share 0.00, median dP/vega ratio 0.0100, theta/day share 1.00)
16:00:43 voltium.loaders vega convention for /Users/andrew/Projects/quant-research/data_store/option_greeks_2023/DLR.parquet: per_1.00_iv (per-unit share 1.00, per-point share 0.00, median dP/vega ratio 0.0101, theta/day share 1.00)
16:00:43 voltium.loaders vega convention for /Users/andrew/Projects/quant-research/data_store/option_greeks_2023/DLTR.parquet: per_1.00_iv (per-unit share 1.00, per-point share 0.00, median dP/vega ratio 0.0100, theta/day share 1.00)
16:00:44 voltium.loaders vega convention for /Users/andrew/Projects/quant-research/data_store/option_greeks_2023/DOC.parquet: per_1.00_iv (per-unit share 1.00, per-point share 0.00, median dP/vega ratio 0.0101, theta/day share 1.00)
16:00:44 voltium.loaders vega convention for /Users/andrew/Projects/quant-research/data_store/option_greeks_2023/DOV.parquet: per_1.00_iv (per-unit share 1.00, per-point share 0.00, median dP/vega ratio 0.0101, theta/day share 1.00)
16:00:44 voltium.loaders vega convention for /Users/andrew/Projects/quant-research/data_store/option_greeks_2023/DOW.parquet: per_1.00_iv (per-unit share 1.00, per-point share 0.00, median dP/vega ratio 0.0100, theta/day share 1.00)
16:00:44 voltium.loaders vega convention for /Users/andrew/Projects/quant-research/data_store/option_greeks_2023/DPZ.parquet: per_1.00_iv (per-unit share 1.00, per-point share 0.00, median dP/vega ratio 0.0100, theta/day share 1.00)
16:00:44 voltium.loaders vega convention for /Users/andrew/Projects/quant-research/data_store/option_greeks_2023/DRI.parquet: per_1.00_iv (per-unit share 1.00, per-point share 0.00, median dP/vega ratio 0.0101, theta/day share 1.00)
16:00:44 voltium.loaders vega convention for /Users/andrew/Projects/quant-research/data_store/option_greeks_2023/DTE.parquet: per_1.00_iv (per-unit share 1.00, per-point share 0.00, median dP/vega ratio 0.0101, theta/day share 1.00)
16:00:44 voltium.loaders vega convention for /Users/andrew/Projects/quant-research/data_store/option_greeks_2023/DUK.parquet: per_1.00_iv (per-unit share 1.00, per-point share 0.00, median dP/vega ratio 0.0101, theta/day share 1.00)
16:00:44 voltium.loaders vega convention for /Users/andrew/Projects/quant-research/data_store/option_greeks_2023/DVA.parquet: per_1.00_iv (per-unit share 1.00, per-point share 0.00, median dP/vega ratio 0.0100, theta/day share 1.00)
16:00:44 voltium.loaders vega convention for /Users/andrew/Projects/quant-research/data_store/option_greeks_2023/DVN.parquet: per_1.00_iv (per-unit share 1.00, per-point share 0.00, median dP/vega ratio 0.0100, theta/day share 1.00)
16:00:44 voltium.loaders vega convention for /Users/andrew/Projects/quant-research/data_store/option_greeks_2023/DXCM.parquet: per_1.00_iv (per-unit share 1.00, per-point share 0.00, median dP/vega ratio 0.0100, theta/day share 1.00)
16:00:44 voltium.loaders vega convention for /Users/andrew/Projects/quant-research/data_store/option_greeks_2023/EA.parquet: per_1.00_iv (per-unit share 1.00, per-point share 0.00, median dP/vega ratio 0.0100, theta/day share 1.00)
16:00:44 voltium.loaders vega convention for /Users/andrew/Projects/quant-research/data_store/option_greeks_2023/EBAY.parquet: per_1.00_iv (per-unit share 1.00, per-point share 0.00, median dP/vega ratio 0.0100, theta/day share 1.00)
16:00:44 voltium.loaders vega convention for /Users/andrew/Projects/quant-research/data_store/option_greeks_2023/ECL.parquet: per_1.00_iv (per-unit share 1.00, per-point share 0.00, median dP/vega ratio 0.0101, theta/day share 1.00)
16:00:44 voltium.loaders vega convention for /Users/andrew/Projects/quant-research/data_store/option_greeks_2023/ED.parquet: per_1.00_iv (per-unit share 1.00, per-point share 0.00, median dP/vega ratio 0.0101, theta/day share 1.00)
16:00:44 voltium.loaders vega convention for /Users/andrew/Projects/quant-research/data_store/option_greeks_2023/EFX.parquet: per_1.00_iv (per-unit share 1.00, per-point share 0.00, median dP/vega ratio 0.0100, theta/day share 1.00)
16:00:44 voltium.loaders vega convention for /Users/andrew/Projects/quant-research/data_store/option_greeks_2023/EG.parquet: per_1.00_iv (per-unit share 1.00, per-point share 0.00, median dP/vega ratio 0.0100, theta/day share 1.00)
16:00:44 voltium.loaders vega convention for /Users/andrew/Projects/quant-research/data_store/option_greeks_2023/EIX.parquet: per_1.00_iv (per-unit share 1.00, per-point share 0.00, median dP/vega ratio 0.0101, theta/day share 1.00)
16:00:44 voltium.loaders vega convention for /Users/andrew/Projects/quant-research/data_store/option_greeks_2023/EL.parquet: per_1.00_iv (per-unit share 1.00, per-point share 0.00, median dP/vega ratio 0.0101, theta/day share 1.00)
16:00:44 voltium.loaders vega convention for /Users/andrew/Projects/quant-research/data_store/option_greeks_2023/ELV.parquet: per_1.00_iv (per-unit share 1.00, per-point share 0.00, median dP/vega ratio 0.0100, theta/day share 1.00)
16:00:44 voltium.loaders vega convention for /Users/andrew/Projects/quant-research/data_store/option_greeks/EME.parquet: per_1.00_iv (per-unit share 1.00, per-point share 0.00, median dP/vega ratio 0.0100, theta/day share 1.00)
16:00:44 voltium.loaders vega convention for /Users/andrew/Projects/quant-research/data_store/option_greeks_2023/EMN.parquet: per_1.00_iv (per-unit share 1.00, per-point share 0.00, median dP/vega ratio 0.0101, theta/day share 1.00)
16:00:44 voltium.loaders vega convention for /Users/andrew/Projects/quant-research/data_store/option_greeks_2023/EMR.parquet: per_1.00_iv (per-unit share 1.00, per-point share 0.00, median dP/vega ratio 0.0100, theta/day share 1.00)
16:00:44 voltium.loaders vega convention for /Users/andrew/Projects/quant-research/data_store/option_greeks_2023/ENPH.parquet: per_1.00_iv (per-unit share 1.00, per-point share 0.00, median dP/vega ratio 0.0100, theta/day share 1.00)
16:00:45 voltium.loaders vega convention for /Users/andrew/Projects/quant-research/data_store/option_greeks_2023/EOG.parquet: per_1.00_iv (per-unit share 1.00, per-point share 0.00, median dP/vega ratio 0.0100, theta/day share 1.00)
16:00:45 voltium.loaders vega convention for /Users/andrew/Projects/quant-research/data_store/option_greeks_2023/EPAM.parquet: per_1.00_iv (per-unit share 1.00, per-point share 0.00, median dP/vega ratio 0.0101, theta/day share 1.00)
16:00:45 voltium.loaders vega convention for /Users/andrew/Projects/quant-research/data_store/option_greeks_2023/EQIX.parquet: per_1.00_iv (per-unit share 1.00, per-point share 0.00, median dP/vega ratio 0.0101, theta/day share 1.00)
16:00:45 voltium.loaders vega convention for /Users/andrew/Projects/quant-research/data_store/option_greeks_2023/EQT.parquet: per_1.00_iv (per-unit share 1.00, per-point share 0.00, median dP/vega ratio 0.0100, theta/day share 1.00)
16:00:45 voltium.loaders vega convention for /Users/andrew/Projects/quant-research/data_store/option_greeks_2024/ERIE.parquet: per_1.00_iv (per-unit share 1.00, per-point share 0.00, median dP/vega ratio 0.0100, theta/day share 1.00)
16:00:45 voltium.loaders vega convention for /Users/andrew/Projects/quant-research/data_store/option_greeks_2023/ES.parquet: per_1.00_iv (per-unit share 1.00, per-point share 0.00, median dP/vega ratio 0.0101, theta/day share 1.00)
16:00:45 voltium.loaders vega convention for /Users/andrew/Projects/quant-research/data_store/option_greeks_2023/ESS.parquet: per_1.00_iv (per-unit share 1.00, per-point share 0.00, median dP/vega ratio 0.0101, theta/day share 1.00)
16:00:45 voltium.loaders vega convention for /Users/andrew/Projects/quant-research/data_store/option_greeks_2023/ETN.parquet: per_1.00_iv (per-unit share 1.00, per-point share 0.00, median dP/vega ratio 0.0101, theta/day share 1.00)
16:00:45 voltium.loaders vega convention for /Users/andrew/Projects/quant-research/data_store/option_greeks_2023/ETR.parquet: per_1.00_iv (per-unit share 1.00, per-point share 0.00, median dP/vega ratio 0.0101, theta/day share 1.00)
16:00:45 voltium.loaders vega convention for /Users/andrew/Projects/quant-research/data_store/option_greeks_2023/ETSY.parquet: per_1.00_iv (per-unit share 1.00, per-point share 0.00, median dP/vega ratio 0.0100, theta/day share 1.00)
16:00:45 voltium.loaders vega convention for /Users/andrew/Projects/quant-research/data_store/option_greeks_2023/EVRG.parquet: per_1.00_iv (per-unit share 1.00, per-point share 0.00, median dP/vega ratio 0.0101, theta/day share 1.00)
16:00:45 voltium.loaders vega convention for /Users/andrew/Projects/quant-research/data_store/option_greeks_2023/EW.parquet: per_1.00_iv (per-unit share 1.00, per-point share 0.00, median dP/vega ratio 0.0100, theta/day share 1.00)
16:00:45 voltium.loaders vega convention for /Users/andrew/Projects/quant-research/data_store/option_greeks_2023/EXC.parquet: per_1.00_iv (per-unit share 1.00, per-point share 0.00, median dP/vega ratio 0.0101, theta/day share 1.00)
16:00:45 voltium.loaders vega convention for /Users/andrew/Projects/quant-research/data_store/option_greeks/EXE.parquet: per_1.00_iv (per-unit share 1.00, per-point share 0.00, median dP/vega ratio 0.0101, theta/day share 1.00)
16:00:45 voltium.loaders vega convention for /Users/andrew/Projects/quant-research/data_store/option_greeks_2023/EXPD.parquet: per_1.00_iv (per-unit share 1.00, per-point share 0.00, median dP/vega ratio 0.0101, theta/day share 1.00)
16:00:45 voltium.loaders vega convention for /Users/andrew/Projects/quant-research/data_store/option_greeks_2023/EXPE.parquet: per_1.00_iv (per-unit share 1.00, per-point share 0.00, median dP/vega ratio 0.0100, theta/day share 1.00)
16:00:45 voltium.loaders vega convention for /Users/andrew/Projects/quant-research/data_store/option_greeks_2023/EXR.parquet: per_1.00_iv (per-unit share 1.00, per-point share 0.00, median dP/vega ratio 0.0101, theta/day share 1.00)
16:00:45 voltium.loaders vega convention for /Users/andrew/Projects/quant-research/data_store/option_greeks_2023/F.parquet: per_1.00_iv (per-unit share 1.00, per-point share 0.00, median dP/vega ratio 0.0100, theta/day share 1.00)
16:00:45 voltium.loaders vega convention for /Users/andrew/Projects/quant-research/data_store/option_greeks_2023/FANG.parquet: per_1.00_iv (per-unit share 1.00, per-point share 0.00, median dP/vega ratio 0.0101, theta/day share 1.00)
16:00:45 voltium.loaders vega convention for /Users/andrew/Projects/quant-research/data_store/option_greeks_2023/FAST.parquet: per_1.00_iv (per-unit share 1.00, per-point share 0.00, median dP/vega ratio 0.0101, theta/day share 1.00)
16:00:45 voltium.loaders vega convention for /Users/andrew/Projects/quant-research/data_store/option_greeks_2023/FCX.parquet: per_1.00_iv (per-unit share 1.00, per-point share 0.00, median dP/vega ratio 0.0100, theta/day share 1.00)
16:00:45 voltium.loaders vega convention for /Users/andrew/Projects/quant-research/data_store/option_greeks_2023/FDS.parquet: per_1.00_iv (per-unit share 1.00, per-point share 0.00, median dP/vega ratio 0.0100, theta/day share 1.00)
16:00:45 voltium.loaders vega convention for /Users/andrew/Projects/quant-research/data_store/option_greeks_2023/FDX.parquet: per_1.00_iv (per-unit share 1.00, per-point share 0.00, median dP/vega ratio 0.0101, theta/day share 1.00)
16:00:45 voltium.loaders vega convention for /Users/andrew/Projects/quant-research/data_store/option_greeks_2023/FE.parquet: per_1.00_iv (per-unit share 1.00, per-point share 0.00, median dP/vega ratio 0.0101, theta/day share 1.00)
16:00:45 voltium.loaders vega convention for /Users/andrew/Projects/quant-research/data_store/option_greeks_2023/FFIV.parquet: per_1.00_iv (per-unit share 1.00, per-point share 0.00, median dP/vega ratio 0.0100, theta/day share 1.00)
16:00:46 voltium.providers.base materialize: 200/533 symbols
16:00:46 voltium.loaders vega convention for /Users/andrew/Projects/quant-research/data_store/option_greeks_2023/FICO.parquet: per_1.00_iv (per-unit share 1.00, per-point share 0.00, median dP/vega ratio 0.0101, theta/day share 1.00)
16:00:46 voltium.loaders vega convention for /Users/andrew/Projects/quant-research/data_store/option_greeks_2023/FIS.parquet: per_1.00_iv (per-unit share 1.00, per-point share 0.00, median dP/vega ratio 0.0101, theta/day share 1.00)
16:00:46 voltium.loaders vega convention for /Users/andrew/Projects/quant-research/data_store/option_greeks_2023/FISV.parquet: per_1.00_iv (per-unit share 1.00, per-point share 0.00, median dP/vega ratio 0.0100, theta/day share 1.00)
16:00:46 voltium.loaders vega convention for /Users/andrew/Projects/quant-research/data_store/option_greeks_2023/FITB.parquet: per_1.00_iv (per-unit share 1.00, per-point share 0.00, median dP/vega ratio 0.0100, theta/day share 1.00)
16:00:46 voltium.loaders vega convention for /Users/andrew/Projects/quant-research/data_store/option_greeks_2023/FLT.parquet: per_1.00_iv (per-unit share 1.00, per-point share 0.00, median dP/vega ratio 0.0100, theta/day share 1.00)
16:00:46 voltium.loaders vega convention for /Users/andrew/Projects/quant-research/data_store/option_greeks_2023/FMC.parquet: per_1.00_iv (per-unit share 1.00, per-point share 0.00, median dP/vega ratio 0.0101, theta/day share 1.00)
16:00:46 voltium.loaders vega convention for /Users/andrew/Projects/quant-research/data_store/option_greeks_2023/FOX.parquet: per_1.00_iv (per-unit share 1.00, per-point share 0.00, median dP/vega ratio 0.0100, theta/day share 1.00)
16:00:46 voltium.loaders vega convention for /Users/andrew/Projects/quant-research/data_store/option_greeks_2023/FOXA.parquet: per_1.00_iv (per-unit share 1.00, per-point share 0.00, median dP/vega ratio 0.0100, theta/day share 1.00)
16:00:46 voltium.loaders vega convention for /Users/andrew/Projects/quant-research/data_store/option_greeks_2023/FRT.parquet: per_1.00_iv (per-unit share 1.00, per-point share 0.00, median dP/vega ratio 0.0101, theta/day share 1.00)
16:00:46 voltium.loaders vega convention for /Users/andrew/Projects/quant-research/data_store/option_greeks_2023/FSLR.parquet: per_1.00_iv (per-unit share 1.00, per-point share 0.00, median dP/vega ratio 0.0100, theta/day share 1.00)
16:00:46 voltium.loaders vega convention for /Users/andrew/Projects/quant-research/data_store/option_greeks_2023/FTNT.parquet: per_1.00_iv (per-unit share 1.00, per-point share 0.00, median dP/vega ratio 0.0100, theta/day share 1.00)
16:00:46 voltium.loaders vega convention for /Users/andrew/Projects/quant-research/data_store/option_greeks_2023/FTV.parquet: per_1.00_iv (per-unit share 1.00, per-point share 0.00, median dP/vega ratio 0.0101, theta/day share 1.00)
16:00:46 voltium.loaders vega convention for /Users/andrew/Projects/quant-research/data_store/option_greeks_2023/GD.parquet: per_1.00_iv (per-unit share 1.00, per-point share 0.00, median dP/vega ratio 0.0101, theta/day share 1.00)
16:00:46 voltium.loaders vega convention for /Users/andrew/Projects/quant-research/data_store/option_greeks_2024/GDDY.parquet: per_1.00_iv (per-unit share 1.00, per-point share 0.00, median dP/vega ratio 0.0100, theta/day share 1.00)
16:00:46 voltium.loaders vega convention for /Users/andrew/Projects/quant-research/data_store/option_greeks_2023/GE.parquet: per_1.00_iv (per-unit share 1.00, per-point share 0.00, median dP/vega ratio 0.0100, theta/day share 1.00)
16:00:46 voltium.loaders vega convention for /Users/andrew/Projects/quant-research/data_store/option_greeks_2023/GEHC.parquet: per_1.00_iv (per-unit share 1.00, per-point share 0.00, median dP/vega ratio 0.0100, theta/day share 1.00)
16:00:46 voltium.loaders vega convention for /Users/andrew/Projects/quant-research/data_store/option_greeks_2023/GEN.parquet: per_1.00_iv (per-unit share 1.00, per-point share 0.00, median dP/vega ratio 0.0101, theta/day share 1.00)
16:00:46 voltium.loaders vega convention for /Users/andrew/Projects/quant-research/data_store/option_greeks_2024/GEV.parquet: per_1.00_iv (per-unit share 1.00, per-point share 0.00, median dP/vega ratio 0.0100, theta/day share 1.00)
16:00:46 voltium.loaders vega convention for /Users/andrew/Projects/quant-research/data_store/option_greeks_2023/GILD.parquet: per_1.00_iv (per-unit share 1.00, per-point share 0.00, median dP/vega ratio 0.0101, theta/day share 1.00)
16:00:46 voltium.loaders vega convention for /Users/andrew/Projects/quant-research/data_store/option_greeks_2023/GIS.parquet: per_1.00_iv (per-unit share 1.00, per-point share 0.00, median dP/vega ratio 0.0101, theta/day share 1.00)
16:00:46 voltium.loaders vega convention for /Users/andrew/Projects/quant-research/data_store/option_greeks_2023/GL.parquet: per_1.00_iv (per-unit share 1.00, per-point share 0.00, median dP/vega ratio 0.0101, theta/day share 1.00)
16:00:46 voltium.loaders vega convention for /Users/andrew/Projects/quant-research/data_store/option_greeks_2023/GLW.parquet: per_1.00_iv (per-unit share 1.00, per-point share 0.00, median dP/vega ratio 0.0101, theta/day share 1.00)
16:00:46 voltium.loaders vega convention for /Users/andrew/Projects/quant-research/data_store/option_greeks_2023/GM.parquet: per_1.00_iv (per-unit share 1.00, per-point share 0.00, median dP/vega ratio 0.0100, theta/day share 1.00)
16:00:47 voltium.loaders vega convention for /Users/andrew/Projects/quant-research/data_store/option_greeks_2023/GNRC.parquet: per_1.00_iv (per-unit share 1.00, per-point share 0.00, median dP/vega ratio 0.0100, theta/day share 1.00)
16:00:47 voltium.loaders vega convention for /Users/andrew/Projects/quant-research/data_store/option_greeks_2023/GOOG.parquet: per_1.00_iv (per-unit share 1.00, per-point share 0.00, median dP/vega ratio 0.0101, theta/day share 1.00)
16:00:47 voltium.loaders vega convention for /Users/andrew/Projects/quant-research/data_store/option_greeks_2023/GOOGL.parquet: per_1.00_iv (per-unit share 1.00, per-point share 0.00, median dP/vega ratio 0.0101, theta/day share 1.00)
16:00:47 voltium.loaders vega convention for /Users/andrew/Projects/quant-research/data_store/option_greeks_2023/GPC.parquet: per_1.00_iv (per-unit share 1.00, per-point share 0.00, median dP/vega ratio 0.0101, theta/day share 1.00)
16:00:47 voltium.loaders vega convention for /Users/andrew/Projects/quant-research/data_store/option_greeks_2023/GPN.parquet: per_1.00_iv (per-unit share 1.00, per-point share 0.00, median dP/vega ratio 0.0101, theta/day share 1.00)
16:00:47 voltium.loaders vega convention for /Users/andrew/Projects/quant-research/data_store/option_greeks_2023/GRMN.parquet: per_1.00_iv (per-unit share 1.00, per-point share 0.00, median dP/vega ratio 0.0101, theta/day share 1.00)
16:00:47 voltium.loaders vega convention for /Users/andrew/Projects/quant-research/data_store/option_greeks_2023/GS.parquet: per_1.00_iv (per-unit share 1.00, per-point share 0.00, median dP/vega ratio 0.0101, theta/day share 1.00)
16:00:47 voltium.loaders vega convention for /Users/andrew/Projects/quant-research/data_store/option_greeks_2023/GWW.parquet: per_1.00_iv (per-unit share 1.00, per-point share 0.00, median dP/vega ratio 0.0101, theta/day share 1.00)
16:00:47 voltium.loaders vega convention for /Users/andrew/Projects/quant-research/data_store/option_greeks_2023/HAL.parquet: per_1.00_iv (per-unit share 1.00, per-point share 0.00, median dP/vega ratio 0.0100, theta/day share 1.00)
16:00:47 voltium.loaders vega convention for /Users/andrew/Projects/quant-research/data_store/option_greeks_2023/HAS.parquet: per_1.00_iv (per-unit share 1.00, per-point share 0.00, median dP/vega ratio 0.0101, theta/day share 1.00)
16:00:47 voltium.loaders vega convention for /Users/andrew/Projects/quant-research/data_store/option_greeks_2023/HBAN.parquet: per_1.00_iv (per-unit share 1.00, per-point share 0.00, median dP/vega ratio 0.0101, theta/day share 1.00)
16:00:47 voltium.loaders vega convention for /Users/andrew/Projects/quant-research/data_store/option_greeks_2023/HCA.parquet: per_1.00_iv (per-unit share 1.00, per-point share 0.00, median dP/vega ratio 0.0101, theta/day share 1.00)
16:00:47 voltium.loaders vega convention for /Users/andrew/Projects/quant-research/data_store/option_greeks_2023/HD.parquet: per_1.00_iv (per-unit share 1.00, per-point share 0.00, median dP/vega ratio 0.0101, theta/day share 1.00)
16:00:47 voltium.loaders vega convention for /Users/andrew/Projects/quant-research/data_store/option_greeks_2023/HES.parquet: per_1.00_iv (per-unit share 1.00, per-point share 0.00, median dP/vega ratio 0.0100, theta/day share 1.00)
16:00:47 voltium.loaders vega convention for /Users/andrew/Projects/quant-research/data_store/option_greeks_2023/HIG.parquet: per_1.00_iv (per-unit share 1.00, per-point share 0.00, median dP/vega ratio 0.0100, theta/day share 1.00)
16:00:47 voltium.loaders vega convention for /Users/andrew/Projects/quant-research/data_store/option_greeks_2023/HII.parquet: per_1.00_iv (per-unit share 1.00, per-point share 0.00, median dP/vega ratio 0.0101, theta/day share 1.00)
16:00:47 voltium.loaders vega convention for /Users/andrew/Projects/quant-research/data_store/option_greeks_2023/HLT.parquet: per_1.00_iv (per-unit share 1.00, per-point share 0.00, median dP/vega ratio 0.0101, theta/day share 1.00)
16:00:47 voltium.loaders vega convention for /Users/andrew/Projects/quant-research/data_store/option_greeks_2023/HOLX.parquet: per_1.00_iv (per-unit share 1.00, per-point share 0.00, median dP/vega ratio 0.0101, theta/day share 1.00)
16:00:47 voltium.loaders vega convention for /Users/andrew/Projects/quant-research/data_store/option_greeks_2023/HON.parquet: per_1.00_iv (per-unit share 1.00, per-point share 0.00, median dP/vega ratio 0.0101, theta/day share 1.00)
16:00:47 voltium.loaders vega convention for /Users/andrew/Projects/quant-research/data_store/option_greeks/HOOD.parquet: per_1.00_iv (per-unit share 1.00, per-point share 0.00, median dP/vega ratio 0.0100, theta/day share 1.00)
16:00:48 voltium.loaders vega convention for /Users/andrew/Projects/quant-research/data_store/option_greeks_2023/HPE.parquet: per_1.00_iv (per-unit share 1.00, per-point share 0.00, median dP/vega ratio 0.0101, theta/day share 1.00)
16:00:48 voltium.loaders vega convention for /Users/andrew/Projects/quant-research/data_store/option_greeks_2023/HPQ.parquet: per_1.00_iv (per-unit share 1.00, per-point share 0.00, median dP/vega ratio 0.0100, theta/day share 1.00)
16:00:48 voltium.loaders vega convention for /Users/andrew/Projects/quant-research/data_store/option_greeks_2023/HRL.parquet: per_1.00_iv (per-unit share 1.00, per-point share 0.00, median dP/vega ratio 0.0101, theta/day share 1.00)
16:00:48 voltium.loaders vega convention for /Users/andrew/Projects/quant-research/data_store/option_greeks_2023/HSIC.parquet: per_1.00_iv (per-unit share 1.00, per-point share 0.00, median dP/vega ratio 0.0101, theta/day share 1.00)
16:00:48 voltium.loaders vega convention for /Users/andrew/Projects/quant-research/data_store/option_greeks_2023/HST.parquet: per_1.00_iv (per-unit share 1.00, per-point share 0.00, median dP/vega ratio 0.0100, theta/day share 1.00)
16:00:48 voltium.loaders vega convention for /Users/andrew/Projects/quant-research/data_store/option_greeks_2023/HSY.parquet: per_1.00_iv (per-unit share 1.00, per-point share 0.00, median dP/vega ratio 0.0101, theta/day share 1.00)
16:00:48 voltium.loaders vega convention for /Users/andrew/Projects/quant-research/data_store/option_greeks_2023/HUBB.parquet: per_1.00_iv (per-unit share 1.00, per-point share 0.00, median dP/vega ratio 0.0101, theta/day share 1.00)
16:00:48 voltium.loaders vega convention for /Users/andrew/Projects/quant-research/data_store/option_greeks_2023/HUM.parquet: per_1.00_iv (per-unit share 1.00, per-point share 0.00, median dP/vega ratio 0.0100, theta/day share 1.00)
16:00:48 voltium.loaders vega convention for /Users/andrew/Projects/quant-research/data_store/option_greeks_2023/HWM.parquet: per_1.00_iv (per-unit share 1.00, per-point share 0.00, median dP/vega ratio 0.0101, theta/day share 1.00)
16:00:48 voltium.loaders vega convention for /Users/andrew/Projects/quant-research/data_store/option_greeks/IBKR.parquet: per_1.00_iv (per-unit share 1.00, per-point share 0.00, median dP/vega ratio 0.0101, theta/day share 1.00)
16:00:48 voltium.loaders vega convention for /Users/andrew/Projects/quant-research/data_store/option_greeks_2023/IBM.parquet: per_1.00_iv (per-unit share 1.00, per-point share 0.00, median dP/vega ratio 0.0100, theta/day share 1.00)
16:00:48 voltium.loaders vega convention for /Users/andrew/Projects/quant-research/data_store/option_greeks_2023/ICE.parquet: per_1.00_iv (per-unit share 1.00, per-point share 0.00, median dP/vega ratio 0.0101, theta/day share 1.00)
16:00:48 voltium.loaders vega convention for /Users/andrew/Projects/quant-research/data_store/option_greeks_2023/IDXX.parquet: per_1.00_iv (per-unit share 1.00, per-point share 0.00, median dP/vega ratio 0.0100, theta/day share 1.00)
16:00:48 voltium.loaders vega convention for /Users/andrew/Projects/quant-research/data_store/option_greeks_2023/IEX.parquet: per_1.00_iv (per-unit share 1.00, per-point share 0.00, median dP/vega ratio 0.0101, theta/day share 1.00)
16:00:48 voltium.loaders vega convention for /Users/andrew/Projects/quant-research/data_store/option_greeks_2023/IFF.parquet: per_1.00_iv (per-unit share 1.00, per-point share 0.00, median dP/vega ratio 0.0100, theta/day share 1.00)
16:00:48 voltium.loaders vega convention for /Users/andrew/Projects/quant-research/data_store/option_greeks_2023/ILMN.parquet: per_1.00_iv (per-unit share 1.00, per-point share 0.00, median dP/vega ratio 0.0100, theta/day share 1.00)
16:00:48 voltium.loaders vega convention for /Users/andrew/Projects/quant-research/data_store/option_greeks_2023/INCY.parquet: per_1.00_iv (per-unit share 1.00, per-point share 0.00, median dP/vega ratio 0.0101, theta/day share 1.00)
16:00:48 voltium.loaders vega convention for /Users/andrew/Projects/quant-research/data_store/option_greeks_2023/INTC.parquet: per_1.00_iv (per-unit share 1.00, per-point share 0.00, median dP/vega ratio 0.0100, theta/day share 1.00)
16:00:48 voltium.loaders vega convention for /Users/andrew/Projects/quant-research/data_store/option_greeks_2023/INTU.parquet: per_1.00_iv (per-unit share 1.00, per-point share 0.00, median dP/vega ratio 0.0100, theta/day share 1.00)
16:00:48 voltium.loaders vega convention for /Users/andrew/Projects/quant-research/data_store/option_greeks_2023/INVH.parquet: per_1.00_iv (per-unit share 1.00, per-point share 0.00, median dP/vega ratio 0.0101, theta/day share 1.00)
16:00:48 voltium.loaders vega convention for /Users/andrew/Projects/quant-research/data_store/option_greeks_2023/IP.parquet: per_1.00_iv (per-unit share 1.00, per-point share 0.00, median dP/vega ratio 0.0100, theta/day share 1.00)
16:00:48 voltium.loaders vega convention for /Users/andrew/Projects/quant-research/data_store/option_greeks_2023/IPG.parquet: per_1.00_iv (per-unit share 1.00, per-point share 0.00, median dP/vega ratio 0.0101, theta/day share 1.00)
16:00:48 voltium.loaders vega convention for /Users/andrew/Projects/quant-research/data_store/option_greeks_2023/IQV.parquet: per_1.00_iv (per-unit share 1.00, per-point share 0.00, median dP/vega ratio 0.0101, theta/day share 1.00)
16:00:48 voltium.loaders vega convention for /Users/andrew/Projects/quant-research/data_store/option_greeks_2023/IR.parquet: per_1.00_iv (per-unit share 1.00, per-point share 0.00, median dP/vega ratio 0.0101, theta/day share 1.00)
16:00:49 voltium.loaders vega convention for /Users/andrew/Projects/quant-research/data_store/option_greeks_2023/IRM.parquet: per_1.00_iv (per-unit share 1.00, per-point share 0.00, median dP/vega ratio 0.0101, theta/day share 1.00)
16:00:49 voltium.loaders vega convention for /Users/andrew/Projects/quant-research/data_store/option_greeks_2023/ISRG.parquet: per_1.00_iv (per-unit share 1.00, per-point share 0.00, median dP/vega ratio 0.0101, theta/day share 1.00)
16:00:49 voltium.loaders vega convention for /Users/andrew/Projects/quant-research/data_store/option_greeks_2023/IT.parquet: per_1.00_iv (per-unit share 1.00, per-point share 0.00, median dP/vega ratio 0.0101, theta/day share 1.00)
16:00:49 voltium.loaders vega convention for /Users/andrew/Projects/quant-research/data_store/option_greeks_2023/ITW.parquet: per_1.00_iv (per-unit share 1.00, per-point share 0.00, median dP/vega ratio 0.0101, theta/day share 1.00)
16:00:49 voltium.loaders vega convention for /Users/andrew/Projects/quant-research/data_store/option_greeks_2023/IVZ.parquet: per_1.00_iv (per-unit share 1.00, per-point share 0.00, median dP/vega ratio 0.0101, theta/day share 1.00)
16:00:49 voltium.loaders vega convention for /Users/andrew/Projects/quant-research/data_store/option_greeks_2023/J.parquet: per_1.00_iv (per-unit share 1.00, per-point share 0.00, median dP/vega ratio 0.0101, theta/day share 1.00)
16:00:49 voltium.loaders vega convention for /Users/andrew/Projects/quant-research/data_store/option_greeks_2023/JBHT.parquet: per_1.00_iv (per-unit share 1.00, per-point share 0.00, median dP/vega ratio 0.0101, theta/day share 1.00)
16:00:49 voltium.loaders vega convention for /Users/andrew/Projects/quant-research/data_store/option_greeks_2023/JBL.parquet: per_1.00_iv (per-unit share 1.00, per-point share 0.00, median dP/vega ratio 0.0101, theta/day share 1.00)
16:00:49 voltium.loaders vega convention for /Users/andrew/Projects/quant-research/data_store/option_greeks_2023/JCI.parquet: per_1.00_iv (per-unit share 1.00, per-point share 0.00, median dP/vega ratio 0.0101, theta/day share 1.00)
16:00:49 voltium.loaders vega convention for /Users/andrew/Projects/quant-research/data_store/option_greeks_2023/JKHY.parquet: per_1.00_iv (per-unit share 1.00, per-point share 0.00, median dP/vega ratio 0.0101, theta/day share 1.00)
16:00:49 voltium.loaders vega convention for /Users/andrew/Projects/quant-research/data_store/option_greeks_2023/JNJ.parquet: per_1.00_iv (per-unit share 1.00, per-point share 0.00, median dP/vega ratio 0.0101, theta/day share 1.00)
16:00:49 voltium.loaders vega convention for /Users/andrew/Projects/quant-research/data_store/option_greeks_2023/JNPR.parquet: per_1.00_iv (per-unit share 1.00, per-point share 0.00, median dP/vega ratio 0.0100, theta/day share 1.00)
16:00:49 voltium.loaders vega convention for /Users/andrew/Projects/quant-research/data_store/option_greeks_2023/JPM.parquet: per_1.00_iv (per-unit share 1.00, per-point share 0.00, median dP/vega ratio 0.0100, theta/day share 1.00)
16:00:49 voltium.loaders vega convention for /Users/andrew/Projects/quant-research/data_store/option_greeks_2023/K.parquet: per_1.00_iv (per-unit share 1.00, per-point share 0.00, median dP/vega ratio 0.0101, theta/day share 1.00)
16:00:49 voltium.loaders vega convention for /Users/andrew/Projects/quant-research/data_store/option_greeks_2023/KDP.parquet: per_1.00_iv (per-unit share 1.00, per-point share 0.00, median dP/vega ratio 0.0101, theta/day share 1.00)
16:00:49 voltium.loaders vega convention for /Users/andrew/Projects/quant-research/data_store/option_greeks_2023/KEY.parquet: per_1.00_iv (per-unit share 1.00, per-point share 0.00, median dP/vega ratio 0.0101, theta/day share 1.00)
16:00:49 voltium.loaders vega convention for /Users/andrew/Projects/quant-research/data_store/option_greeks_2023/KEYS.parquet: per_1.00_iv (per-unit share 1.00, per-point share 0.00, median dP/vega ratio 0.0101, theta/day share 1.00)
16:00:49 voltium.loaders vega convention for /Users/andrew/Projects/quant-research/data_store/option_greeks_2023/KHC.parquet: per_1.00_iv (per-unit share 1.00, per-point share 0.00, median dP/vega ratio 0.0101, theta/day share 1.00)
16:00:49 voltium.loaders vega convention for /Users/andrew/Projects/quant-research/data_store/option_greeks_2023/KIM.parquet: per_1.00_iv (per-unit share 1.00, per-point share 0.00, median dP/vega ratio 0.0101, theta/day share 1.00)
16:00:49 voltium.loaders vega convention for /Users/andrew/Projects/quant-research/data_store/option_greeks_2024/KKR.parquet: per_1.00_iv (per-unit share 1.00, per-point share 0.00, median dP/vega ratio 0.0100, theta/day share 1.00)
16:00:49 voltium.loaders vega convention for /Users/andrew/Projects/quant-research/data_store/option_greeks_2023/KLAC.parquet: per_1.00_iv (per-unit share 1.00, per-point share 0.00, median dP/vega ratio 0.0100, theta/day share 1.00)
16:00:49 voltium.loaders vega convention for /Users/andrew/Projects/quant-research/data_store/option_greeks_2023/KMB.parquet: per_1.00_iv (per-unit share 1.00, per-point share 0.00, median dP/vega ratio 0.0101, theta/day share 1.00)
16:00:49 voltium.loaders vega convention for /Users/andrew/Projects/quant-research/data_store/option_greeks_2023/KMI.parquet: per_1.00_iv (per-unit share 1.00, per-point share 0.00, median dP/vega ratio 0.0101, theta/day share 1.00)
16:00:49 voltium.loaders vega convention for /Users/andrew/Projects/quant-research/data_store/option_greeks_2023/KMX.parquet: per_1.00_iv (per-unit share 1.00, per-point share 0.00, median dP/vega ratio 0.0100, theta/day share 1.00)
16:00:50 voltium.loaders vega convention for /Users/andrew/Projects/quant-research/data_store/option_greeks_2023/KO.parquet: per_1.00_iv (per-unit share 1.00, per-point share 0.00, median dP/vega ratio 0.0101, theta/day share 1.00)
16:00:50 voltium.loaders vega convention for /Users/andrew/Projects/quant-research/data_store/option_greeks_2023/KR.parquet: per_1.00_iv (per-unit share 1.00, per-point share 0.00, median dP/vega ratio 0.0100, theta/day share 1.00)
16:00:50 voltium.loaders vega convention for /Users/andrew/Projects/quant-research/data_store/option_greeks_2023/KVUE.parquet: per_1.00_iv (per-unit share 1.00, per-point share 0.00, median dP/vega ratio 0.0100, theta/day share 1.00)
16:00:50 voltium.loaders vega convention for /Users/andrew/Projects/quant-research/data_store/option_greeks_2023/L.parquet: per_1.00_iv (per-unit share 1.00, per-point share 0.00, median dP/vega ratio 0.0101, theta/day share 1.00)
16:00:50 voltium.loaders vega convention for /Users/andrew/Projects/quant-research/data_store/option_greeks_2023/LDOS.parquet: per_1.00_iv (per-unit share 1.00, per-point share 0.00, median dP/vega ratio 0.0101, theta/day share 1.00)
16:00:50 voltium.loaders vega convention for /Users/andrew/Projects/quant-research/data_store/option_greeks_2023/LEN.parquet: per_1.00_iv (per-unit share 1.00, per-point share 0.00, median dP/vega ratio 0.0100, theta/day share 1.00)
16:00:50 voltium.loaders vega convention for /Users/andrew/Projects/quant-research/data_store/option_greeks_2023/LH.parquet: per_1.00_iv (per-unit share 1.00, per-point share 0.00, median dP/vega ratio 0.0101, theta/day share 1.00)
16:00:50 voltium.loaders vega convention for /Users/andrew/Projects/quant-research/data_store/option_greeks_2023/LHX.parquet: per_1.00_iv (per-unit share 1.00, per-point share 0.00, median dP/vega ratio 0.0101, theta/day share 1.00)
16:00:50 voltium.loaders vega convention for /Users/andrew/Projects/quant-research/data_store/option_greeks_2024/LII.parquet: per_1.00_iv (per-unit share 1.00, per-point share 0.00, median dP/vega ratio 0.0100, theta/day share 1.00)
16:00:50 voltium.providers.base materialize: 300/533 symbols
16:00:50 voltium.loaders vega convention for /Users/andrew/Projects/quant-research/data_store/option_greeks_2023/LIN.parquet: per_1.00_iv (per-unit share 1.00, per-point share 0.00, median dP/vega ratio 0.0101, theta/day share 1.00)
16:00:50 voltium.loaders vega convention for /Users/andrew/Projects/quant-research/data_store/option_greeks_2023/LKQ.parquet: per_1.00_iv (per-unit share 1.00, per-point share 0.00, median dP/vega ratio 0.0101, theta/day share 1.00)
16:00:50 voltium.loaders vega convention for /Users/andrew/Projects/quant-research/data_store/option_greeks_2023/LLY.parquet: per_1.00_iv (per-unit share 1.00, per-point share 0.00, median dP/vega ratio 0.0101, theta/day share 1.00)
16:00:50 voltium.loaders vega convention for /Users/andrew/Projects/quant-research/data_store/option_greeks_2023/LMT.parquet: per_1.00_iv (per-unit share 1.00, per-point share 0.00, median dP/vega ratio 0.0101, theta/day share 1.00)
16:00:50 voltium.loaders vega convention for /Users/andrew/Projects/quant-research/data_store/option_greeks_2023/LNT.parquet: per_1.00_iv (per-unit share 1.00, per-point share 0.00, median dP/vega ratio 0.0101, theta/day share 1.00)
16:00:50 voltium.loaders vega convention for /Users/andrew/Projects/quant-research/data_store/option_greeks_2023/LOW.parquet: per_1.00_iv (per-unit share 1.00, per-point share 0.00, median dP/vega ratio 0.0101, theta/day share 1.00)
16:00:50 voltium.loaders vega convention for /Users/andrew/Projects/quant-research/data_store/option_greeks_2023/LRCX.parquet: per_1.00_iv (per-unit share 1.00, per-point share 0.00, median dP/vega ratio 0.0100, theta/day share 1.00)
16:00:50 voltium.loaders vega convention for /Users/andrew/Projects/quant-research/data_store/option_greeks_2023/LULU.parquet: per_1.00_iv (per-unit share 1.00, per-point share 0.00, median dP/vega ratio 0.0100, theta/day share 1.00)
16:00:50 voltium.loaders vega convention for /Users/andrew/Projects/quant-research/data_store/option_greeks_2023/LUV.parquet: per_1.00_iv (per-unit share 1.00, per-point share 0.00, median dP/vega ratio 0.0100, theta/day share 1.00)
16:00:50 voltium.loaders vega convention for /Users/andrew/Projects/quant-research/data_store/option_greeks_2023/LVS.parquet: per_1.00_iv (per-unit share 1.00, per-point share 0.00, median dP/vega ratio 0.0100, theta/day share 1.00)
16:00:50 voltium.loaders vega convention for /Users/andrew/Projects/quant-research/data_store/option_greeks_2023/LW.parquet: per_1.00_iv (per-unit share 1.00, per-point share 0.00, median dP/vega ratio 0.0101, theta/day share 1.00)
16:00:50 voltium.loaders vega convention for /Users/andrew/Projects/quant-research/data_store/option_greeks_2023/LYB.parquet: per_1.00_iv (per-unit share 1.00, per-point share 0.00, median dP/vega ratio 0.0101, theta/day share 1.00)
16:00:51 voltium.loaders vega convention for /Users/andrew/Projects/quant-research/data_store/option_greeks_2023/LYV.parquet: per_1.00_iv (per-unit share 1.00, per-point share 0.00, median dP/vega ratio 0.0100, theta/day share 1.00)
16:00:51 voltium.loaders vega convention for /Users/andrew/Projects/quant-research/data_store/option_greeks_2023/MA.parquet: per_1.00_iv (per-unit share 1.00, per-point share 0.00, median dP/vega ratio 0.0101, theta/day share 1.00)
16:00:51 voltium.loaders vega convention for /Users/andrew/Projects/quant-research/data_store/option_greeks_2023/MAA.parquet: per_1.00_iv (per-unit share 1.00, per-point share 0.00, median dP/vega ratio 0.0101, theta/day share 1.00)
16:00:51 voltium.loaders vega convention for /Users/andrew/Projects/quant-research/data_store/option_greeks_2023/MAR.parquet: per_1.00_iv (per-unit share 1.00, per-point share 0.00, median dP/vega ratio 0.0100, theta/day share 1.00)
16:00:51 voltium.loaders vega convention for /Users/andrew/Projects/quant-research/data_store/option_greeks_2023/MAS.parquet: per_1.00_iv (per-unit share 1.00, per-point share 0.00, median dP/vega ratio 0.0101, theta/day share 1.00)
16:00:51 voltium.loaders vega convention for /Users/andrew/Projects/quant-research/data_store/option_greeks_2023/MCD.parquet: per_1.00_iv (per-unit share 1.00, per-point share 0.00, median dP/vega ratio 0.0101, theta/day share 1.00)
16:00:51 voltium.loaders vega convention for /Users/andrew/Projects/quant-research/data_store/option_greeks_2023/MCHP.parquet: per_1.00_iv (per-unit share 1.00, per-point share 0.00, median dP/vega ratio 0.0100, theta/day share 1.00)
16:00:51 voltium.loaders vega convention for /Users/andrew/Projects/quant-research/data_store/option_greeks_2023/MCK.parquet: per_1.00_iv (per-unit share 1.00, per-point share 0.00, median dP/vega ratio 0.0100, theta/day share 1.00)
16:00:51 voltium.loaders vega convention for /Users/andrew/Projects/quant-research/data_store/option_greeks_2023/MCO.parquet: per_1.00_iv (per-unit share 1.00, per-point share 0.00, median dP/vega ratio 0.0100, theta/day share 1.00)
16:00:51 voltium.loaders vega convention for /Users/andrew/Projects/quant-research/data_store/option_greeks_2023/MDLZ.parquet: per_1.00_iv (per-unit share 1.00, per-point share 0.00, median dP/vega ratio 0.0101, theta/day share 1.00)
16:00:51 voltium.loaders vega convention for /Users/andrew/Projects/quant-research/data_store/option_greeks_2023/MDT.parquet: per_1.00_iv (per-unit share 1.00, per-point share 0.00, median dP/vega ratio 0.0101, theta/day share 1.00)
16:00:51 voltium.loaders vega convention for /Users/andrew/Projects/quant-research/data_store/option_greeks_2023/MET.parquet: per_1.00_iv (per-unit share 1.00, per-point share 0.00, median dP/vega ratio 0.0100, theta/day share 1.00)
16:00:51 voltium.loaders vega convention for /Users/andrew/Projects/quant-research/data_store/option_greeks_2023/META.parquet: per_1.00_iv (per-unit share 1.00, per-point share 0.00, median dP/vega ratio 0.0100, theta/day share 1.00)
16:00:51 voltium.loaders vega convention for /Users/andrew/Projects/quant-research/data_store/option_greeks_2023/MGM.parquet: per_1.00_iv (per-unit share 1.00, per-point share 0.00, median dP/vega ratio 0.0100, theta/day share 1.00)
16:00:51 voltium.loaders vega convention for /Users/andrew/Projects/quant-research/data_store/option_greeks_2023/MHK.parquet: per_1.00_iv (per-unit share 1.00, per-point share 0.00, median dP/vega ratio 0.0100, theta/day share 1.00)
16:00:51 voltium.loaders vega convention for /Users/andrew/Projects/quant-research/data_store/option_greeks_2023/MKC.parquet: per_1.00_iv (per-unit share 1.00, per-point share 0.00, median dP/vega ratio 0.0101, theta/day share 1.00)
16:00:51 voltium.loaders vega convention for /Users/andrew/Projects/quant-research/data_store/option_greeks_2023/MKTX.parquet: per_1.00_iv (per-unit share 1.00, per-point share 0.00, median dP/vega ratio 0.0101, theta/day share 1.00)
16:00:51 voltium.loaders vega convention for /Users/andrew/Projects/quant-research/data_store/option_greeks_2023/MLM.parquet: per_1.00_iv (per-unit share 1.00, per-point share 0.00, median dP/vega ratio 0.0101, theta/day share 1.00)
16:00:51 voltium.loaders vega convention for /Users/andrew/Projects/quant-research/data_store/option_greeks_2023/MMM.parquet: per_1.00_iv (per-unit share 1.00, per-point share 0.00, median dP/vega ratio 0.0100, theta/day share 1.00)
16:00:51 voltium.loaders vega convention for /Users/andrew/Projects/quant-research/data_store/option_greeks_2023/MNST.parquet: per_1.00_iv (per-unit share 1.00, per-point share 0.00, median dP/vega ratio 0.0101, theta/day share 1.00)
16:00:52 voltium.loaders vega convention for /Users/andrew/Projects/quant-research/data_store/option_greeks_2023/MO.parquet: per_1.00_iv (per-unit share 1.00, per-point share 0.00, median dP/vega ratio 0.0101, theta/day share 1.00)
16:00:52 voltium.loaders vega convention for /Users/andrew/Projects/quant-research/data_store/option_greeks_2023/MOH.parquet: per_1.00_iv (per-unit share 1.00, per-point share 0.00, median dP/vega ratio 0.0101, theta/day share 1.00)
16:00:52 voltium.loaders vega convention for /Users/andrew/Projects/quant-research/data_store/option_greeks_2023/MOS.parquet: per_1.00_iv (per-unit share 1.00, per-point share 0.00, median dP/vega ratio 0.0100, theta/day share 1.00)
16:00:52 voltium.loaders vega convention for /Users/andrew/Projects/quant-research/data_store/option_greeks_2023/MPC.parquet: per_1.00_iv (per-unit share 1.00, per-point share 0.00, median dP/vega ratio 0.0100, theta/day share 1.00)
16:00:52 voltium.loaders vega convention for /Users/andrew/Projects/quant-research/data_store/option_greeks_2023/MPWR.parquet: per_1.00_iv (per-unit share 1.00, per-point share 0.00, median dP/vega ratio 0.0101, theta/day share 1.00)
16:00:52 voltium.loaders vega convention for /Users/andrew/Projects/quant-research/data_store/option_greeks_2023/MRK.parquet: per_1.00_iv (per-unit share 1.00, per-point share 0.00, median dP/vega ratio 0.0101, theta/day share 1.00)
16:00:52 voltium.loaders vega convention for /Users/andrew/Projects/quant-research/data_store/option_greeks_2023/MRNA.parquet: per_1.00_iv (per-unit share 1.00, per-point share 0.00, median dP/vega ratio 0.0100, theta/day share 1.00)
16:00:52 voltium.loaders vega convention for /Users/andrew/Projects/quant-research/data_store/option_greeks_2023/MRO.parquet: per_1.00_iv (per-unit share 1.00, per-point share 0.00, median dP/vega ratio 0.0100, theta/day share 1.00)
16:00:52 voltium.loaders vega convention for /Users/andrew/Projects/quant-research/data_store/option_greeks_2023/MS.parquet: per_1.00_iv (per-unit share 1.00, per-point share 0.00, median dP/vega ratio 0.0100, theta/day share 1.00)
16:00:52 voltium.loaders vega convention for /Users/andrew/Projects/quant-research/data_store/option_greeks_2023/MSCI.parquet: per_1.00_iv (per-unit share 1.00, per-point share 0.00, median dP/vega ratio 0.0101, theta/day share 1.00)
16:00:52 voltium.loaders vega convention for /Users/andrew/Projects/quant-research/data_store/option_greeks_2023/MSFT.parquet: per_1.00_iv (per-unit share 1.00, per-point share 0.00, median dP/vega ratio 0.0101, theta/day share 1.00)
16:00:52 voltium.loaders vega convention for /Users/andrew/Projects/quant-research/data_store/option_greeks_2023/MSI.parquet: per_1.00_iv (per-unit share 1.00, per-point share 0.00, median dP/vega ratio 0.0101, theta/day share 1.00)
16:00:52 voltium.loaders vega convention for /Users/andrew/Projects/quant-research/data_store/option_greeks_2023/MTB.parquet: per_1.00_iv (per-unit share 1.00, per-point share 0.00, median dP/vega ratio 0.0101, theta/day share 1.00)
16:00:52 voltium.loaders vega convention for /Users/andrew/Projects/quant-research/data_store/option_greeks_2023/MTCH.parquet: per_1.00_iv (per-unit share 1.00, per-point share 0.00, median dP/vega ratio 0.0100, theta/day share 1.00)
16:00:52 voltium.loaders vega convention for /Users/andrew/Projects/quant-research/data_store/option_greeks_2023/MTD.parquet: per_1.00_iv (per-unit share 1.00, per-point share 0.00, median dP/vega ratio 0.0100, theta/day share 1.00)
16:00:52 voltium.loaders vega convention for /Users/andrew/Projects/quant-research/data_store/option_greeks_2023/MU.parquet: per_1.00_iv (per-unit share 1.00, per-point share 0.00, median dP/vega ratio 0.0100, theta/day share 1.00)
16:00:52 voltium.loaders vega convention for /Users/andrew/Projects/quant-research/data_store/option_greeks_2023/NCLH.parquet: per_1.00_iv (per-unit share 1.00, per-point share 0.00, median dP/vega ratio 0.0100, theta/day share 1.00)
16:00:52 voltium.loaders vega convention for /Users/andrew/Projects/quant-research/data_store/option_greeks_2023/NDAQ.parquet: per_1.00_iv (per-unit share 1.00, per-point share 0.00, median dP/vega ratio 0.0101, theta/day share 1.00)
16:00:52 voltium.loaders vega convention for /Users/andrew/Projects/quant-research/data_store/option_greeks_2023/NDSN.parquet: per_1.00_iv (per-unit share 1.00, per-point share 0.00, median dP/vega ratio 0.0101, theta/day share 1.00)
16:00:52 voltium.loaders vega convention for /Users/andrew/Projects/quant-research/data_store/option_greeks_2023/NEE.parquet: per_1.00_iv (per-unit share 1.00, per-point share 0.00, median dP/vega ratio 0.0101, theta/day share 1.00)
16:00:52 voltium.loaders vega convention for /Users/andrew/Projects/quant-research/data_store/option_greeks_2023/NEM.parquet: per_1.00_iv (per-unit share 1.00, per-point share 0.00, median dP/vega ratio 0.0100, theta/day share 1.00)
16:00:53 voltium.loaders vega convention for /Users/andrew/Projects/quant-research/data_store/option_greeks_2023/NFLX.parquet: per_1.00_iv (per-unit share 1.00, per-point share 0.00, median dP/vega ratio 0.0100, theta/day share 1.00)
16:00:53 voltium.loaders vega convention for /Users/andrew/Projects/quant-research/data_store/option_greeks_2023/NI.parquet: per_1.00_iv (per-unit share 1.00, per-point share 0.00, median dP/vega ratio 0.0101, theta/day share 1.00)
16:00:53 voltium.loaders vega convention for /Users/andrew/Projects/quant-research/data_store/option_greeks_2023/NKE.parquet: per_1.00_iv (per-unit share 1.00, per-point share 0.00, median dP/vega ratio 0.0100, theta/day share 1.00)
16:00:53 voltium.loaders vega convention for /Users/andrew/Projects/quant-research/data_store/option_greeks_2023/NOC.parquet: per_1.00_iv (per-unit share 1.00, per-point share 0.00, median dP/vega ratio 0.0100, theta/day share 1.00)
16:00:53 voltium.loaders vega convention for /Users/andrew/Projects/quant-research/data_store/option_greeks_2023/NOW.parquet: per_1.00_iv (per-unit share 1.00, per-point share 0.00, median dP/vega ratio 0.0100, theta/day share 1.00)
16:00:53 voltium.loaders vega convention for /Users/andrew/Projects/quant-research/data_store/option_greeks_2023/NRG.parquet: per_1.00_iv (per-unit share 1.00, per-point share 0.00, median dP/vega ratio 0.0101, theta/day share 1.00)
16:00:53 voltium.loaders vega convention for /Users/andrew/Projects/quant-research/data_store/option_greeks_2023/NSC.parquet: per_1.00_iv (per-unit share 1.00, per-point share 0.00, median dP/vega ratio 0.0100, theta/day share 1.00)
16:00:53 voltium.loaders vega convention for /Users/andrew/Projects/quant-research/data_store/option_greeks_2023/NTAP.parquet: per_1.00_iv (per-unit share 1.00, per-point share 0.00, median dP/vega ratio 0.0101, theta/day share 1.00)
16:00:53 voltium.loaders vega convention for /Users/andrew/Projects/quant-research/data_store/option_greeks_2023/NTRS.parquet: per_1.00_iv (per-unit share 1.00, per-point share 0.00, median dP/vega ratio 0.0101, theta/day share 1.00)
16:00:53 voltium.loaders vega convention for /Users/andrew/Projects/quant-research/data_store/option_greeks_2023/NUE.parquet: per_1.00_iv (per-unit share 1.00, per-point share 0.00, median dP/vega ratio 0.0100, theta/day share 1.00)
16:00:53 voltium.loaders vega convention for /Users/andrew/Projects/quant-research/data_store/option_greeks_2023/NVDA.parquet: per_1.00_iv (per-unit share 1.00, per-point share 0.00, median dP/vega ratio 0.0100, theta/day share 1.00)
16:00:53 voltium.loaders vega convention for /Users/andrew/Projects/quant-research/data_store/option_greeks_2023/NWS.parquet: per_1.00_iv (per-unit share 1.00, per-point share 0.00, median dP/vega ratio 0.0100, theta/day share 1.00)
16:00:53 voltium.loaders vega convention for /Users/andrew/Projects/quant-research/data_store/option_greeks_2023/NWSA.parquet: per_1.00_iv (per-unit share 1.00, per-point share 0.00, median dP/vega ratio 0.0100, theta/day share 1.00)
16:00:53 voltium.loaders vega convention for /Users/andrew/Projects/quant-research/data_store/option_greeks_2023/NXPI.parquet: per_1.00_iv (per-unit share 1.00, per-point share 0.00, median dP/vega ratio 0.0100, theta/day share 1.00)
16:00:53 voltium.loaders vega convention for /Users/andrew/Projects/quant-research/data_store/option_greeks_2023/O.parquet: per_1.00_iv (per-unit share 1.00, per-point share 0.00, median dP/vega ratio 0.0101, theta/day share 1.00)
16:00:53 voltium.loaders vega convention for /Users/andrew/Projects/quant-research/data_store/option_greeks_2023/ODFL.parquet: per_1.00_iv (per-unit share 1.00, per-point share 0.00, median dP/vega ratio 0.0100, theta/day share 1.00)
16:00:53 voltium.loaders vega convention for /Users/andrew/Projects/quant-research/data_store/option_greeks_2023/OKE.parquet: per_1.00_iv (per-unit share 1.00, per-point share 0.00, median dP/vega ratio 0.0101, theta/day share 1.00)
16:00:53 voltium.loaders vega convention for /Users/andrew/Projects/quant-research/data_store/option_greeks_2023/OMC.parquet: per_1.00_iv (per-unit share 1.00, per-point share 0.00, median dP/vega ratio 0.0101, theta/day share 1.00)
16:00:54 voltium.loaders vega convention for /Users/andrew/Projects/quant-research/data_store/option_greeks_2023/ON.parquet: per_1.00_iv (per-unit share 1.00, per-point share 0.00, median dP/vega ratio 0.0100, theta/day share 1.00)
16:00:54 voltium.loaders vega convention for /Users/andrew/Projects/quant-research/data_store/option_greeks_2023/ORCL.parquet: per_1.00_iv (per-unit share 1.00, per-point share 0.00, median dP/vega ratio 0.0100, theta/day share 1.00)
16:00:54 voltium.loaders vega convention for /Users/andrew/Projects/quant-research/data_store/option_greeks_2023/ORLY.parquet: per_1.00_iv (per-unit share 1.00, per-point share 0.00, median dP/vega ratio 0.0100, theta/day share 1.00)
16:00:54 voltium.loaders vega convention for /Users/andrew/Projects/quant-research/data_store/option_greeks_2023/OTIS.parquet: per_1.00_iv (per-unit share 1.00, per-point share 0.00, median dP/vega ratio 0.0101, theta/day share 1.00)
16:00:54 voltium.loaders vega convention for /Users/andrew/Projects/quant-research/data_store/option_greeks_2023/OXY.parquet: per_1.00_iv (per-unit share 1.00, per-point share 0.00, median dP/vega ratio 0.0100, theta/day share 1.00)
16:00:54 voltium.loaders vega convention for /Users/andrew/Projects/quant-research/data_store/option_greeks_2023/PANW.parquet: per_1.00_iv (per-unit share 1.00, per-point share 0.00, median dP/vega ratio 0.0100, theta/day share 1.00)
16:00:54 voltium.loaders vega convention for /Users/andrew/Projects/quant-research/data_store/option_greeks_2023/PAYC.parquet: per_1.00_iv (per-unit share 1.00, per-point share 0.00, median dP/vega ratio 0.0100, theta/day share 1.00)
16:00:54 voltium.loaders vega convention for /Users/andrew/Projects/quant-research/data_store/option_greeks_2023/PAYX.parquet: per_1.00_iv (per-unit share 1.00, per-point share 0.00, median dP/vega ratio 0.0101, theta/day share 1.00)
16:00:54 voltium.loaders vega convention for /Users/andrew/Projects/quant-research/data_store/option_greeks_2023/PCAR.parquet: per_1.00_iv (per-unit share 1.00, per-point share 0.00, median dP/vega ratio 0.0101, theta/day share 1.00)
16:00:54 voltium.loaders vega convention for /Users/andrew/Projects/quant-research/data_store/option_greeks_2023/PCG.parquet: per_1.00_iv (per-unit share 1.00, per-point share 0.00, median dP/vega ratio 0.0100, theta/day share 1.00)
16:00:54 voltium.loaders vega convention for /Users/andrew/Projects/quant-research/data_store/option_greeks_2023/PEG.parquet: per_1.00_iv (per-unit share 1.00, per-point share 0.00, median dP/vega ratio 0.0101, theta/day share 1.00)
16:00:54 voltium.loaders vega convention for /Users/andrew/Projects/quant-research/data_store/option_greeks_2023/PEP.parquet: per_1.00_iv (per-unit share 1.00, per-point share 0.00, median dP/vega ratio 0.0101, theta/day share 1.00)
16:00:54 voltium.loaders vega convention for /Users/andrew/Projects/quant-research/data_store/option_greeks_2023/PFE.parquet: per_1.00_iv (per-unit share 1.00, per-point share 0.00, median dP/vega ratio 0.0100, theta/day share 1.00)
16:00:54 voltium.loaders vega convention for /Users/andrew/Projects/quant-research/data_store/option_greeks_2023/PFG.parquet: per_1.00_iv (per-unit share 1.00, per-point share 0.00, median dP/vega ratio 0.0101, theta/day share 1.00)
16:00:54 voltium.loaders vega convention for /Users/andrew/Projects/quant-research/data_store/option_greeks_2023/PG.parquet: per_1.00_iv (per-unit share 1.00, per-point share 0.00, median dP/vega ratio 0.0101, theta/day share 1.00)
16:00:54 voltium.loaders vega convention for /Users/andrew/Projects/quant-research/data_store/option_greeks_2023/PGR.parquet: per_1.00_iv (per-unit share 1.00, per-point share 0.00, median dP/vega ratio 0.0101, theta/day share 1.00)
16:00:54 voltium.loaders vega convention for /Users/andrew/Projects/quant-research/data_store/option_greeks_2023/PH.parquet: per_1.00_iv (per-unit share 1.00, per-point share 0.00, median dP/vega ratio 0.0101, theta/day share 1.00)
16:00:54 voltium.loaders vega convention for /Users/andrew/Projects/quant-research/data_store/option_greeks_2023/PHM.parquet: per_1.00_iv (per-unit share 1.00, per-point share 0.00, median dP/vega ratio 0.0101, theta/day share 1.00)
16:00:54 voltium.loaders vega convention for /Users/andrew/Projects/quant-research/data_store/option_greeks_2023/PKG.parquet: per_1.00_iv (per-unit share 1.00, per-point share 0.00, median dP/vega ratio 0.0101, theta/day share 1.00)
16:00:54 voltium.loaders vega convention for /Users/andrew/Projects/quant-research/data_store/option_greeks_2023/PLD.parquet: per_1.00_iv (per-unit share 1.00, per-point share 0.00, median dP/vega ratio 0.0101, theta/day share 1.00)
16:00:54 voltium.loaders vega convention for /Users/andrew/Projects/quant-research/data_store/option_greeks_2024/PLTR.parquet: per_1.00_iv (per-unit share 1.00, per-point share 0.00, median dP/vega ratio 0.0100, theta/day share 1.00)
16:00:54 voltium.loaders vega convention for /Users/andrew/Projects/quant-research/data_store/option_greeks_2023/PM.parquet: per_1.00_iv (per-unit share 1.00, per-point share 0.00, median dP/vega ratio 0.0101, theta/day share 1.00)
16:00:55 voltium.loaders vega convention for /Users/andrew/Projects/quant-research/data_store/option_greeks_2023/PNC.parquet: per_1.00_iv (per-unit share 1.00, per-point share 0.00, median dP/vega ratio 0.0100, theta/day share 1.00)
16:00:55 voltium.loaders vega convention for /Users/andrew/Projects/quant-research/data_store/option_greeks_2023/PNR.parquet: per_1.00_iv (per-unit share 1.00, per-point share 0.00, median dP/vega ratio 0.0101, theta/day share 1.00)
16:00:55 voltium.loaders vega convention for /Users/andrew/Projects/quant-research/data_store/option_greeks_2023/PNW.parquet: per_1.00_iv (per-unit share 1.00, per-point share 0.00, median dP/vega ratio 0.0101, theta/day share 1.00)
16:00:55 voltium.loaders vega convention for /Users/andrew/Projects/quant-research/data_store/option_greeks_2023/PODD.parquet: per_1.00_iv (per-unit share 1.00, per-point share 0.00, median dP/vega ratio 0.0100, theta/day share 1.00)
16:00:55 voltium.loaders vega convention for /Users/andrew/Projects/quant-research/data_store/option_greeks_2023/POOL.parquet: per_1.00_iv (per-unit share 1.00, per-point share 0.00, median dP/vega ratio 0.0100, theta/day share 1.00)
16:00:55 voltium.loaders vega convention for /Users/andrew/Projects/quant-research/data_store/option_greeks_2023/PPG.parquet: per_1.00_iv (per-unit share 1.00, per-point share 0.00, median dP/vega ratio 0.0100, theta/day share 1.00)
16:00:55 voltium.loaders vega convention for /Users/andrew/Projects/quant-research/data_store/option_greeks_2023/PPL.parquet: per_1.00_iv (per-unit share 1.00, per-point share 0.00, median dP/vega ratio 0.0101, theta/day share 1.00)
16:00:55 voltium.providers.base materialize: 400/533 symbols
16:00:55 voltium.loaders vega convention for /Users/andrew/Projects/quant-research/data_store/option_greeks_2023/PRU.parquet: per_1.00_iv (per-unit share 1.00, per-point share 0.00, median dP/vega ratio 0.0101, theta/day share 1.00)
16:00:55 voltium.loaders vega convention for /Users/andrew/Projects/quant-research/data_store/option_greeks_2023/PSA.parquet: per_1.00_iv (per-unit share 1.00, per-point share 0.00, median dP/vega ratio 0.0101, theta/day share 1.00)
16:00:55 voltium.loaders vega convention for /Users/andrew/Projects/quant-research/data_store/option_greeks/PSKY.parquet: per_1.00_iv (per-unit share 1.00, per-point share 0.00, median dP/vega ratio 0.0100, theta/day share 1.00)
16:00:55 voltium.loaders vega convention for /Users/andrew/Projects/quant-research/data_store/option_greeks_2023/PSX.parquet: per_1.00_iv (per-unit share 1.00, per-point share 0.00, median dP/vega ratio 0.0100, theta/day share 1.00)
16:00:55 voltium.loaders vega convention for /Users/andrew/Projects/quant-research/data_store/option_greeks_2023/PTC.parquet: per_1.00_iv (per-unit share 1.00, per-point share 0.00, median dP/vega ratio 0.0101, theta/day share 1.00)
16:00:55 voltium.loaders vega convention for /Users/andrew/Projects/quant-research/data_store/option_greeks_2023/PWR.parquet: per_1.00_iv (per-unit share 1.00, per-point share 0.00, median dP/vega ratio 0.0100, theta/day share 1.00)
16:00:55 voltium.loaders vega convention for /Users/andrew/Projects/quant-research/data_store/option_greeks_2023/PXD.parquet: per_1.00_iv (per-unit share 1.00, per-point share 0.00, median dP/vega ratio 0.0100, theta/day share 1.00)
16:00:55 voltium.loaders vega convention for /Users/andrew/Projects/quant-research/data_store/option_greeks_2023/PYPL.parquet: per_1.00_iv (per-unit share 1.00, per-point share 0.00, median dP/vega ratio 0.0100, theta/day share 1.00)
16:00:55 voltium.loaders vega convention for /Users/andrew/Projects/quant-research/data_store/option_greeks_2023/QCOM.parquet: per_1.00_iv (per-unit share 1.00, per-point share 0.00, median dP/vega ratio 0.0100, theta/day share 1.00)
16:00:55 voltium.loaders vega convention for /Users/andrew/Projects/quant-research/data_store/option_greeks_2023/QRVO.parquet: per_1.00_iv (per-unit share 1.00, per-point share 0.00, median dP/vega ratio 0.0100, theta/day share 1.00)
16:00:55 voltium.loaders vega convention for /Users/andrew/Projects/quant-research/data_store/option_greeks_2023/RCL.parquet: per_1.00_iv (per-unit share 1.00, per-point share 0.00, median dP/vega ratio 0.0100, theta/day share 1.00)
16:00:55 voltium.loaders vega convention for /Users/andrew/Projects/quant-research/data_store/option_greeks_2023/REG.parquet: per_1.00_iv (per-unit share 1.00, per-point share 0.00, median dP/vega ratio 0.0101, theta/day share 1.00)
16:00:55 voltium.loaders vega convention for /Users/andrew/Projects/quant-research/data_store/option_greeks_2023/REGN.parquet: per_1.00_iv (per-unit share 1.00, per-point share 0.00, median dP/vega ratio 0.0100, theta/day share 1.00)
16:00:55 voltium.loaders vega convention for /Users/andrew/Projects/quant-research/data_store/option_greeks_2023/RF.parquet: per_1.00_iv (per-unit share 1.00, per-point share 0.00, median dP/vega ratio 0.0101, theta/day share 1.00)
16:00:55 voltium.loaders vega convention for /Users/andrew/Projects/quant-research/data_store/option_greeks_2023/RHI.parquet: per_1.00_iv (per-unit share 1.00, per-point share 0.00, median dP/vega ratio 0.0101, theta/day share 1.00)
16:00:55 voltium.loaders vega convention for /Users/andrew/Projects/quant-research/data_store/option_greeks_2023/RJF.parquet: per_1.00_iv (per-unit share 1.00, per-point share 0.00, median dP/vega ratio 0.0101, theta/day share 1.00)
16:00:55 voltium.loaders vega convention for /Users/andrew/Projects/quant-research/data_store/option_greeks_2023/RL.parquet: per_1.00_iv (per-unit share 1.00, per-point share 0.00, median dP/vega ratio 0.0101, theta/day share 1.00)
16:00:55 voltium.loaders vega convention for /Users/andrew/Projects/quant-research/data_store/option_greeks_2023/RMD.parquet: per_1.00_iv (per-unit share 1.00, per-point share 0.00, median dP/vega ratio 0.0101, theta/day share 1.00)
16:00:56 voltium.loaders vega convention for /Users/andrew/Projects/quant-research/data_store/option_greeks_2023/ROK.parquet: per_1.00_iv (per-unit share 1.00, per-point share 0.00, median dP/vega ratio 0.0100, theta/day share 1.00)
16:00:56 voltium.loaders vega convention for /Users/andrew/Projects/quant-research/data_store/option_greeks_2023/ROL.parquet: per_1.00_iv (per-unit share 1.00, per-point share 0.00, median dP/vega ratio 0.0101, theta/day share 1.00)
16:00:56 voltium.loaders vega convention for /Users/andrew/Projects/quant-research/data_store/option_greeks_2023/ROP.parquet: per_1.00_iv (per-unit share 1.00, per-point share 0.00, median dP/vega ratio 0.0101, theta/day share 1.00)
16:00:56 voltium.loaders vega convention for /Users/andrew/Projects/quant-research/data_store/option_greeks_2023/ROST.parquet: per_1.00_iv (per-unit share 1.00, per-point share 0.00, median dP/vega ratio 0.0100, theta/day share 1.00)
16:00:56 voltium.loaders vega convention for /Users/andrew/Projects/quant-research/data_store/option_greeks_2023/RSG.parquet: per_1.00_iv (per-unit share 1.00, per-point share 0.00, median dP/vega ratio 0.0101, theta/day share 1.00)
16:00:56 voltium.loaders vega convention for /Users/andrew/Projects/quant-research/data_store/option_greeks_2023/RTX.parquet: per_1.00_iv (per-unit share 1.00, per-point share 0.00, median dP/vega ratio 0.0100, theta/day share 1.00)
16:00:56 voltium.loaders vega convention for /Users/andrew/Projects/quant-research/data_store/option_greeks_2023/RVTY.parquet: per_1.00_iv (per-unit share 1.00, per-point share 0.00, median dP/vega ratio 0.0100, theta/day share 1.00)
16:00:56 voltium.loaders vega convention for /Users/andrew/Projects/quant-research/data_store/option_greeks_2023/SBAC.parquet: per_1.00_iv (per-unit share 1.00, per-point share 0.00, median dP/vega ratio 0.0100, theta/day share 1.00)
16:00:56 voltium.loaders vega convention for /Users/andrew/Projects/quant-research/data_store/option_greeks_2023/SBUX.parquet: per_1.00_iv (per-unit share 1.00, per-point share 0.00, median dP/vega ratio 0.0101, theta/day share 1.00)
16:00:56 voltium.loaders vega convention for /Users/andrew/Projects/quant-research/data_store/option_greeks_2023/SCHW.parquet: per_1.00_iv (per-unit share 1.00, per-point share 0.00, median dP/vega ratio 0.0100, theta/day share 1.00)
16:00:56 voltium.loaders vega convention for /Users/andrew/Projects/quant-research/data_store/option_greeks_2023/SEDG.parquet: per_1.00_iv (per-unit share 1.00, per-point share 0.00, median dP/vega ratio 0.0100, theta/day share 1.00)
16:00:56 voltium.loaders vega convention for /Users/andrew/Projects/quant-research/data_store/option_greeks_2023/SEE.parquet: per_1.00_iv (per-unit share 1.00, per-point share 0.00, median dP/vega ratio 0.0101, theta/day share 1.00)
16:00:56 voltium.loaders vega convention for /Users/andrew/Projects/quant-research/data_store/option_greeks_2023/SHW.parquet: per_1.00_iv (per-unit share 1.00, per-point share 0.00, median dP/vega ratio 0.0101, theta/day share 1.00)
16:00:56 voltium.loaders vega convention for /Users/andrew/Projects/quant-research/data_store/option_greeks_2023/SJM.parquet: per_1.00_iv (per-unit share 1.00, per-point share 0.00, median dP/vega ratio 0.0101, theta/day share 1.00)
16:00:56 voltium.loaders vega convention for /Users/andrew/Projects/quant-research/data_store/option_greeks_2023/SLB.parquet: per_1.00_iv (per-unit share 1.00, per-point share 0.00, median dP/vega ratio 0.0100, theta/day share 1.00)
16:00:56 voltium.loaders vega convention for /Users/andrew/Projects/quant-research/data_store/option_greeks_2024/SMCI.parquet: per_1.00_iv (per-unit share 1.00, per-point share 0.00, median dP/vega ratio 0.0100, theta/day share 1.00)
16:00:56 voltium.loaders vega convention for /Users/andrew/Projects/quant-research/data_store/option_greeks_2023/SNA.parquet: per_1.00_iv (per-unit share 1.00, per-point share 0.00, median dP/vega ratio 0.0101, theta/day share 1.00)
16:00:56 voltium.loaders vega convention for /Users/andrew/Projects/quant-research/data_store/option_greeks_2023/SNPS.parquet: per_1.00_iv (per-unit share 1.00, per-point share 0.00, median dP/vega ratio 0.0101, theta/day share 1.00)
16:00:56 voltium.loaders vega convention for /Users/andrew/Projects/quant-research/data_store/option_greeks_2023/SO.parquet: per_1.00_iv (per-unit share 1.00, per-point share 0.00, median dP/vega ratio 0.0101, theta/day share 1.00)
16:00:56 voltium.loaders vega convention for /Users/andrew/Projects/quant-research/data_store/option_greeks_2024/SOLV.parquet: per_1.00_iv (per-unit share 1.00, per-point share 0.00, median dP/vega ratio 0.0100, theta/day share 1.00)
16:00:56 voltium.loaders vega convention for /Users/andrew/Projects/quant-research/data_store/option_greeks_2023/SPG.parquet: per_1.00_iv (per-unit share 1.00, per-point share 0.00, median dP/vega ratio 0.0101, theta/day share 1.00)
16:00:56 voltium.loaders vega convention for /Users/andrew/Projects/quant-research/data_store/option_greeks_2023/SPGI.parquet: per_1.00_iv (per-unit share 1.00, per-point share 0.00, median dP/vega ratio 0.0100, theta/day share 1.00)
16:00:56 voltium.loaders vega convention for /Users/andrew/Projects/quant-research/data_store/option_greeks_2023/SRE.parquet: per_1.00_iv (per-unit share 1.00, per-point share 0.00, median dP/vega ratio 0.0101, theta/day share 1.00)
16:00:57 voltium.loaders vega convention for /Users/andrew/Projects/quant-research/data_store/option_greeks_2023/STE.parquet: per_1.00_iv (per-unit share 1.00, per-point share 0.00, median dP/vega ratio 0.0101, theta/day share 1.00)
16:00:57 voltium.loaders vega convention for /Users/andrew/Projects/quant-research/data_store/option_greeks_2023/STLD.parquet: per_1.00_iv (per-unit share 1.00, per-point share 0.00, median dP/vega ratio 0.0101, theta/day share 1.00)
16:00:57 voltium.loaders vega convention for /Users/andrew/Projects/quant-research/data_store/option_greeks_2023/STT.parquet: per_1.00_iv (per-unit share 1.00, per-point share 0.00, median dP/vega ratio 0.0100, theta/day share 1.00)
16:00:57 voltium.loaders vega convention for /Users/andrew/Projects/quant-research/data_store/option_greeks_2023/STX.parquet: per_1.00_iv (per-unit share 1.00, per-point share 0.00, median dP/vega ratio 0.0100, theta/day share 1.00)
16:00:57 voltium.loaders vega convention for /Users/andrew/Projects/quant-research/data_store/option_greeks_2023/STZ.parquet: per_1.00_iv (per-unit share 1.00, per-point share 0.00, median dP/vega ratio 0.0101, theta/day share 1.00)
16:00:57 voltium.loaders vega convention for /Users/andrew/Projects/quant-research/data_store/option_greeks_2024/SW.parquet: per_1.00_iv (per-unit share 1.00, per-point share 0.00, median dP/vega ratio 0.0100, theta/day share 1.00)
16:00:57 voltium.loaders vega convention for /Users/andrew/Projects/quant-research/data_store/option_greeks_2023/SWK.parquet: per_1.00_iv (per-unit share 1.00, per-point share 0.00, median dP/vega ratio 0.0101, theta/day share 1.00)
16:00:57 voltium.loaders vega convention for /Users/andrew/Projects/quant-research/data_store/option_greeks_2023/SWKS.parquet: per_1.00_iv (per-unit share 1.00, per-point share 0.00, median dP/vega ratio 0.0100, theta/day share 1.00)
16:00:57 voltium.loaders vega convention for /Users/andrew/Projects/quant-research/data_store/option_greeks_2023/SYF.parquet: per_1.00_iv (per-unit share 1.00, per-point share 0.00, median dP/vega ratio 0.0100, theta/day share 1.00)
16:00:57 voltium.loaders vega convention for /Users/andrew/Projects/quant-research/data_store/option_greeks_2023/SYK.parquet: per_1.00_iv (per-unit share 1.00, per-point share 0.00, median dP/vega ratio 0.0101, theta/day share 1.00)
16:00:57 voltium.loaders vega convention for /Users/andrew/Projects/quant-research/data_store/option_greeks_2023/SYY.parquet: per_1.00_iv (per-unit share 1.00, per-point share 0.00, median dP/vega ratio 0.0100, theta/day share 1.00)
16:00:57 voltium.loaders vega convention for /Users/andrew/Projects/quant-research/data_store/option_greeks_2023/T.parquet: per_1.00_iv (per-unit share 1.00, per-point share 0.00, median dP/vega ratio 0.0101, theta/day share 1.00)
16:00:57 voltium.loaders vega convention for /Users/andrew/Projects/quant-research/data_store/option_greeks_2023/TAP.parquet: per_1.00_iv (per-unit share 1.00, per-point share 0.00, median dP/vega ratio 0.0101, theta/day share 1.00)
16:00:57 voltium.loaders vega convention for /Users/andrew/Projects/quant-research/data_store/option_greeks_2023/TDG.parquet: per_1.00_iv (per-unit share 1.00, per-point share 0.00, median dP/vega ratio 0.0100, theta/day share 1.00)
16:00:57 voltium.loaders vega convention for /Users/andrew/Projects/quant-research/data_store/option_greeks_2023/TDY.parquet: per_1.00_iv (per-unit share 1.00, per-point share 0.00, median dP/vega ratio 0.0101, theta/day share 1.00)
16:00:57 voltium.loaders vega convention for /Users/andrew/Projects/quant-research/data_store/option_greeks_2023/TECH.parquet: per_1.00_iv (per-unit share 1.00, per-point share 0.00, median dP/vega ratio 0.0101, theta/day share 1.00)
16:00:57 voltium.loaders vega convention for /Users/andrew/Projects/quant-research/data_store/option_greeks_2023/TEL.parquet: per_1.00_iv (per-unit share 1.00, per-point share 0.00, median dP/vega ratio 0.0101, theta/day share 1.00)
16:00:57 voltium.loaders vega convention for /Users/andrew/Projects/quant-research/data_store/option_greeks_2023/TER.parquet: per_1.00_iv (per-unit share 1.00, per-point share 0.00, median dP/vega ratio 0.0101, theta/day share 1.00)
16:00:57 voltium.loaders vega convention for /Users/andrew/Projects/quant-research/data_store/option_greeks_2023/TFC.parquet: per_1.00_iv (per-unit share 1.00, per-point share 0.00, median dP/vega ratio 0.0101, theta/day share 1.00)
16:00:57 voltium.loaders vega convention for /Users/andrew/Projects/quant-research/data_store/option_greeks_2023/TFX.parquet: per_1.00_iv (per-unit share 1.00, per-point share 0.00, median dP/vega ratio 0.0100, theta/day share 1.00)
16:00:57 voltium.loaders vega convention for /Users/andrew/Projects/quant-research/data_store/option_greeks_2023/TGT.parquet: per_1.00_iv (per-unit share 1.00, per-point share 0.00, median dP/vega ratio 0.0100, theta/day share 1.00)
16:00:57 voltium.loaders vega convention for /Users/andrew/Projects/quant-research/data_store/option_greeks_2023/TJX.parquet: per_1.00_iv (per-unit share 1.00, per-point share 0.00, median dP/vega ratio 0.0100, theta/day share 1.00)
16:00:57 voltium.loaders vega convention for /Users/andrew/Projects/quant-research/data_store/option_greeks/TKO.parquet: per_1.00_iv (per-unit share 1.00, per-point share 0.00, median dP/vega ratio 0.0101, theta/day share 1.00)
16:00:57 voltium.loaders vega convention for /Users/andrew/Projects/quant-research/data_store/option_greeks_2023/TMO.parquet: per_1.00_iv (per-unit share 1.00, per-point share 0.00, median dP/vega ratio 0.0100, theta/day share 1.00)
16:00:58 voltium.loaders vega convention for /Users/andrew/Projects/quant-research/data_store/option_greeks_2023/TMUS.parquet: per_1.00_iv (per-unit share 1.00, per-point share 0.00, median dP/vega ratio 0.0100, theta/day share 1.00)
16:00:58 voltium.loaders vega convention for /Users/andrew/Projects/quant-research/data_store/option_greeks_2024/TPL.parquet: per_1.00_iv (per-unit share 1.00, per-point share 0.00, median dP/vega ratio 0.0100, theta/day share 1.00)
16:00:58 voltium.loaders vega convention for /Users/andrew/Projects/quant-research/data_store/option_greeks_2023/TPR.parquet: per_1.00_iv (per-unit share 1.00, per-point share 0.00, median dP/vega ratio 0.0100, theta/day share 1.00)
16:00:58 voltium.loaders vega convention for /Users/andrew/Projects/quant-research/data_store/option_greeks_2023/TRGP.parquet: per_1.00_iv (per-unit share 1.00, per-point share 0.00, median dP/vega ratio 0.0101, theta/day share 1.00)
16:00:58 voltium.loaders vega convention for /Users/andrew/Projects/quant-research/data_store/option_greeks_2023/TRMB.parquet: per_1.00_iv (per-unit share 1.00, per-point share 0.00, median dP/vega ratio 0.0101, theta/day share 1.00)
16:00:58 voltium.loaders vega convention for /Users/andrew/Projects/quant-research/data_store/option_greeks_2023/TROW.parquet: per_1.00_iv (per-unit share 1.00, per-point share 0.00, median dP/vega ratio 0.0100, theta/day share 1.00)
16:00:58 voltium.loaders vega convention for /Users/andrew/Projects/quant-research/data_store/option_greeks_2023/TRV.parquet: per_1.00_iv (per-unit share 1.00, per-point share 0.00, median dP/vega ratio 0.0101, theta/day share 1.00)
16:00:58 voltium.loaders vega convention for /Users/andrew/Projects/quant-research/data_store/option_greeks_2023/TSCO.parquet: per_1.00_iv (per-unit share 1.00, per-point share 0.00, median dP/vega ratio 0.0100, theta/day share 1.00)
16:00:58 voltium.loaders vega convention for /Users/andrew/Projects/quant-research/data_store/option_greeks_2023/TSLA.parquet: per_1.00_iv (per-unit share 1.00, per-point share 0.00, median dP/vega ratio 0.0100, theta/day share 1.00)
16:00:58 voltium.loaders vega convention for /Users/andrew/Projects/quant-research/data_store/option_greeks_2023/TSN.parquet: per_1.00_iv (per-unit share 1.00, per-point share 0.00, median dP/vega ratio 0.0101, theta/day share 1.00)
16:00:58 voltium.loaders vega convention for /Users/andrew/Projects/quant-research/data_store/option_greeks_2023/TT.parquet: per_1.00_iv (per-unit share 1.00, per-point share 0.00, median dP/vega ratio 0.0101, theta/day share 1.00)
16:00:58 voltium.loaders vega convention for /Users/andrew/Projects/quant-research/data_store/option_greeks/TTD.parquet: per_1.00_iv (per-unit share 1.00, per-point share 0.00, median dP/vega ratio 0.0100, theta/day share 1.00)
16:00:58 voltium.loaders vega convention for /Users/andrew/Projects/quant-research/data_store/option_greeks_2023/TTWO.parquet: per_1.00_iv (per-unit share 1.00, per-point share 0.00, median dP/vega ratio 0.0100, theta/day share 1.00)
16:00:58 voltium.loaders vega convention for /Users/andrew/Projects/quant-research/data_store/option_greeks_2023/TXN.parquet: per_1.00_iv (per-unit share 1.00, per-point share 0.00, median dP/vega ratio 0.0101, theta/day share 1.00)
16:00:58 voltium.loaders vega convention for /Users/andrew/Projects/quant-research/data_store/option_greeks_2023/TXT.parquet: per_1.00_iv (per-unit share 1.00, per-point share 0.00, median dP/vega ratio 0.0101, theta/day share 1.00)
16:00:58 voltium.loaders vega convention for /Users/andrew/Projects/quant-research/data_store/option_greeks_2023/TYL.parquet: per_1.00_iv (per-unit share 1.00, per-point share 0.00, median dP/vega ratio 0.0101, theta/day share 1.00)
16:00:58 voltium.loaders vega convention for /Users/andrew/Projects/quant-research/data_store/option_greeks_2023/UAL.parquet: per_1.00_iv (per-unit share 1.00, per-point share 0.00, median dP/vega ratio 0.0100, theta/day share 1.00)
16:00:58 voltium.loaders vega convention for /Users/andrew/Projects/quant-research/data_store/option_greeks_2023/UBER.parquet: per_1.00_iv (per-unit share 1.00, per-point share 0.00, median dP/vega ratio 0.0100, theta/day share 1.00)
16:00:58 voltium.loaders vega convention for /Users/andrew/Projects/quant-research/data_store/option_greeks_2023/UDR.parquet: per_1.00_iv (per-unit share 1.00, per-point share 0.00, median dP/vega ratio 0.0101, theta/day share 1.00)
16:00:58 voltium.loaders vega convention for /Users/andrew/Projects/quant-research/data_store/option_greeks_2023/UHS.parquet: per_1.00_iv (per-unit share 1.00, per-point share 0.00, median dP/vega ratio 0.0101, theta/day share 1.00)
16:00:58 voltium.loaders vega convention for /Users/andrew/Projects/quant-research/data_store/option_greeks_2023/ULTA.parquet: per_1.00_iv (per-unit share 1.00, per-point share 0.00, median dP/vega ratio 0.0100, theta/day share 1.00)
16:00:59 voltium.loaders vega convention for /Users/andrew/Projects/quant-research/data_store/option_greeks_2023/UNH.parquet: per_1.00_iv (per-unit share 1.00, per-point share 0.00, median dP/vega ratio 0.0100, theta/day share 1.00)
16:00:59 voltium.loaders vega convention for /Users/andrew/Projects/quant-research/data_store/option_greeks_2023/UNP.parquet: per_1.00_iv (per-unit share 1.00, per-point share 0.00, median dP/vega ratio 0.0101, theta/day share 1.00)
16:00:59 voltium.loaders vega convention for /Users/andrew/Projects/quant-research/data_store/option_greeks_2023/UPS.parquet: per_1.00_iv (per-unit share 1.00, per-point share 0.00, median dP/vega ratio 0.0100, theta/day share 1.00)
16:00:59 voltium.loaders vega convention for /Users/andrew/Projects/quant-research/data_store/option_greeks_2023/URI.parquet: per_1.00_iv (per-unit share 1.00, per-point share 0.00, median dP/vega ratio 0.0100, theta/day share 1.00)
16:00:59 voltium.loaders vega convention for /Users/andrew/Projects/quant-research/data_store/option_greeks_2023/USB.parquet: per_1.00_iv (per-unit share 1.00, per-point share 0.00, median dP/vega ratio 0.0100, theta/day share 1.00)
16:00:59 voltium.loaders vega convention for /Users/andrew/Projects/quant-research/data_store/option_greeks_2023/V.parquet: per_1.00_iv (per-unit share 1.00, per-point share 0.00, median dP/vega ratio 0.0101, theta/day share 1.00)
16:00:59 voltium.loaders vega convention for /Users/andrew/Projects/quant-research/data_store/option_greeks_2023/VFC.parquet: per_1.00_iv (per-unit share 1.00, per-point share 0.00, median dP/vega ratio 0.0100, theta/day share 1.00)
16:00:59 voltium.loaders vega convention for /Users/andrew/Projects/quant-research/data_store/option_greeks_2023/VICI.parquet: per_1.00_iv (per-unit share 1.00, per-point share 0.00, median dP/vega ratio 0.0101, theta/day share 1.00)
16:00:59 voltium.loaders vega convention for /Users/andrew/Projects/quant-research/data_store/option_greeks_2023/VLO.parquet: per_1.00_iv (per-unit share 1.00, per-point share 0.00, median dP/vega ratio 0.0100, theta/day share 1.00)
16:00:59 voltium.loaders vega convention for /Users/andrew/Projects/quant-research/data_store/option_greeks_2023/VLTO.parquet: per_1.00_iv (per-unit share 1.00, per-point share 0.00, median dP/vega ratio 0.0100, theta/day share 1.00)
16:00:59 voltium.loaders vega convention for /Users/andrew/Projects/quant-research/data_store/option_greeks_2023/VMC.parquet: per_1.00_iv (per-unit share 1.00, per-point share 0.00, median dP/vega ratio 0.0101, theta/day share 1.00)
16:00:59 voltium.loaders vega convention for /Users/andrew/Projects/quant-research/data_store/option_greeks_2023/VRSK.parquet: per_1.00_iv (per-unit share 1.00, per-point share 0.00, median dP/vega ratio 0.0101, theta/day share 1.00)
16:00:59 voltium.loaders vega convention for /Users/andrew/Projects/quant-research/data_store/option_greeks_2023/VRSN.parquet: per_1.00_iv (per-unit share 1.00, per-point share 0.00, median dP/vega ratio 0.0101, theta/day share 1.00)
16:00:59 voltium.loaders vega convention for /Users/andrew/Projects/quant-research/data_store/option_greeks_2023/VRTX.parquet: per_1.00_iv (per-unit share 1.00, per-point share 0.00, median dP/vega ratio 0.0100, theta/day share 1.00)
16:00:59 voltium.providers.base materialize: 500/533 symbols
16:00:59 voltium.loaders vega convention for /Users/andrew/Projects/quant-research/data_store/option_greeks_2024/VST.parquet: per_1.00_iv (per-unit share 1.00, per-point share 0.00, median dP/vega ratio 0.0100, theta/day share 1.00)
16:00:59 voltium.loaders vega convention for /Users/andrew/Projects/quant-research/data_store/option_greeks_2023/VTR.parquet: per_1.00_iv (per-unit share 1.00, per-point share 0.00, median dP/vega ratio 0.0101, theta/day share 1.00)
16:00:59 voltium.loaders vega convention for /Users/andrew/Projects/quant-research/data_store/option_greeks_2023/VTRS.parquet: per_1.00_iv (per-unit share 1.00, per-point share 0.00, median dP/vega ratio 0.0100, theta/day share 1.00)
16:00:59 voltium.loaders vega convention for /Users/andrew/Projects/quant-research/data_store/option_greeks_2023/VZ.parquet: per_1.00_iv (per-unit share 1.00, per-point share 0.00, median dP/vega ratio 0.0100, theta/day share 1.00)
16:00:59 voltium.loaders vega convention for /Users/andrew/Projects/quant-research/data_store/option_greeks_2023/WAB.parquet: per_1.00_iv (per-unit share 1.00, per-point share 0.00, median dP/vega ratio 0.0101, theta/day share 1.00)
16:00:59 voltium.loaders vega convention for /Users/andrew/Projects/quant-research/data_store/option_greeks_2023/WAT.parquet: per_1.00_iv (per-unit share 1.00, per-point share 0.00, median dP/vega ratio 0.0100, theta/day share 1.00)
16:00:59 voltium.loaders vega convention for /Users/andrew/Projects/quant-research/data_store/option_greeks_2023/WBA.parquet: per_1.00_iv (per-unit share 1.00, per-point share 0.00, median dP/vega ratio 0.0100, theta/day share 1.00)
16:00:59 voltium.loaders vega convention for /Users/andrew/Projects/quant-research/data_store/option_greeks_2023/WBD.parquet: per_1.00_iv (per-unit share 1.00, per-point share 0.00, median dP/vega ratio 0.0100, theta/day share 1.00)
16:01:00 voltium.loaders vega convention for /Users/andrew/Projects/quant-research/data_store/option_greeks_2024/WDAY.parquet: per_1.00_iv (per-unit share 1.00, per-point share 0.00, median dP/vega ratio 0.0100, theta/day share 1.00)
16:01:00 voltium.loaders vega convention for /Users/andrew/Projects/quant-research/data_store/option_greeks_2023/WDC.parquet: per_1.00_iv (per-unit share 1.00, per-point share 0.00, median dP/vega ratio 0.0100, theta/day share 1.00)
16:01:00 voltium.loaders vega convention for /Users/andrew/Projects/quant-research/data_store/option_greeks_2023/WEC.parquet: per_1.00_iv (per-unit share 1.00, per-point share 0.00, median dP/vega ratio 0.0101, theta/day share 1.00)
16:01:00 voltium.loaders vega convention for /Users/andrew/Projects/quant-research/data_store/option_greeks_2023/WELL.parquet: per_1.00_iv (per-unit share 1.00, per-point share 0.00, median dP/vega ratio 0.0101, theta/day share 1.00)
16:01:00 voltium.loaders vega convention for /Users/andrew/Projects/quant-research/data_store/option_greeks_2023/WFC.parquet: per_1.00_iv (per-unit share 1.00, per-point share 0.00, median dP/vega ratio 0.0100, theta/day share 1.00)
16:01:00 voltium.loaders vega convention for /Users/andrew/Projects/quant-research/data_store/option_greeks_2023/WHR.parquet: per_1.00_iv (per-unit share 1.00, per-point share 0.00, median dP/vega ratio 0.0100, theta/day share 1.00)
16:01:00 voltium.loaders vega convention for /Users/andrew/Projects/quant-research/data_store/option_greeks_2023/WM.parquet: per_1.00_iv (per-unit share 1.00, per-point share 0.00, median dP/vega ratio 0.0101, theta/day share 1.00)
16:01:00 voltium.loaders vega convention for /Users/andrew/Projects/quant-research/data_store/option_greeks_2023/WMB.parquet: per_1.00_iv (per-unit share 1.00, per-point share 0.00, median dP/vega ratio 0.0101, theta/day share 1.00)
16:01:00 voltium.loaders vega convention for /Users/andrew/Projects/quant-research/data_store/option_greeks_2023/WMT.parquet: per_1.00_iv (per-unit share 1.00, per-point share 0.00, median dP/vega ratio 0.0101, theta/day share 1.00)
16:01:00 voltium.loaders vega convention for /Users/andrew/Projects/quant-research/data_store/option_greeks_2023/WRB.parquet: per_1.00_iv (per-unit share 1.00, per-point share 0.00, median dP/vega ratio 0.0101, theta/day share 1.00)
16:01:00 voltium.loaders vega convention for /Users/andrew/Projects/quant-research/data_store/option_greeks/WSM.parquet: per_1.00_iv (per-unit share 1.00, per-point share 0.00, median dP/vega ratio 0.0101, theta/day share 1.00)
16:01:00 voltium.loaders vega convention for /Users/andrew/Projects/quant-research/data_store/option_greeks_2023/WST.parquet: per_1.00_iv (per-unit share 1.00, per-point share 0.00, median dP/vega ratio 0.0100, theta/day share 1.00)
16:01:00 voltium.loaders vega convention for /Users/andrew/Projects/quant-research/data_store/option_greeks_2023/WTW.parquet: per_1.00_iv (per-unit share 1.00, per-point share 0.00, median dP/vega ratio 0.0100, theta/day share 1.00)
16:01:00 voltium.loaders vega convention for /Users/andrew/Projects/quant-research/data_store/option_greeks_2023/WY.parquet: per_1.00_iv (per-unit share 1.00, per-point share 0.00, median dP/vega ratio 0.0101, theta/day share 1.00)
16:01:00 voltium.loaders vega convention for /Users/andrew/Projects/quant-research/data_store/option_greeks_2023/WYNN.parquet: per_1.00_iv (per-unit share 1.00, per-point share 0.00, median dP/vega ratio 0.0100, theta/day share 1.00)
16:01:00 voltium.loaders vega convention for /Users/andrew/Projects/quant-research/data_store/option_greeks_2023/XEL.parquet: per_1.00_iv (per-unit share 1.00, per-point share 0.00, median dP/vega ratio 0.0101, theta/day share 1.00)
16:01:00 voltium.loaders vega convention for /Users/andrew/Projects/quant-research/data_store/option_greeks_2023/XOM.parquet: per_1.00_iv (per-unit share 1.00, per-point share 0.00, median dP/vega ratio 0.0100, theta/day share 1.00)
16:01:00 voltium.loaders vega convention for /Users/andrew/Projects/quant-research/data_store/option_greeks_2023/XRAY.parquet: per_1.00_iv (per-unit share 1.00, per-point share 0.00, median dP/vega ratio 0.0101, theta/day share 1.00)
16:01:00 voltium.loaders vega convention for /Users/andrew/Projects/quant-research/data_store/option_greeks_2023/XYL.parquet: per_1.00_iv (per-unit share 1.00, per-point share 0.00, median dP/vega ratio 0.0101, theta/day share 1.00)
16:01:00 voltium.loaders vega convention for /Users/andrew/Projects/quant-research/data_store/option_greeks/XYZ.parquet: per_1.00_iv (per-unit share 1.00, per-point share 0.00, median dP/vega ratio 0.0100, theta/day share 1.00)
16:01:00 voltium.loaders vega convention for /Users/andrew/Projects/quant-research/data_store/option_greeks_2023/YUM.parquet: per_1.00_iv (per-unit share 1.00, per-point share 0.00, median dP/vega ratio 0.0101, theta/day share 1.00)
16:01:00 voltium.loaders vega convention for /Users/andrew/Projects/quant-research/data_store/option_greeks_2023/ZBH.parquet: per_1.00_iv (per-unit share 1.00, per-point share 0.00, median dP/vega ratio 0.0101, theta/day share 1.00)
16:01:00 voltium.loaders vega convention for /Users/andrew/Projects/quant-research/data_store/option_greeks_2023/ZBRA.parquet: per_1.00_iv (per-unit share 1.00, per-point share 0.00, median dP/vega ratio 0.0100, theta/day share 1.00)
16:01:00 voltium.loaders vega convention for /Users/andrew/Projects/quant-research/data_store/option_greeks_2023/ZION.parquet: per_1.00_iv (per-unit share 1.00, per-point share 0.00, median dP/vega ratio 0.0101, theta/day share 1.00)
16:01:00 voltium.loaders vega convention for /Users/andrew/Projects/quant-research/data_store/option_greeks_2023/ZTS.parquet: per_1.00_iv (per-unit share 1.00, per-point share 0.00, median dP/vega ratio 0.0101, theta/day share 1.00)
16:01:01 voltium.providers.base materialize: 533/533 symbols
16:01:01 voltium.loaders vega convention for /Users/andrew/Projects/quant-research/data_store/index_greeks_2023/SPX.parquet: per_1.00_iv (per-unit share 1.00, per-point share 0.00, median dP/vega ratio 0.0101, theta/day share 1.00)
16:01:01 level_book surface: 250255 rows (25s)
16:01:01 level_book HAR: 256866 forecasts, last fit [{'date': datetime.date(2025, 10, 1), 'rows': 254694, 'const': -0.870249241039082, 'residual_var': 0.27997243607241123, 'b_rv_1': 0.1598099253128277, 'b_rv_5': 0.16263868384702326, 'b_rv_22': 0.9035994839514316}] (25s)
16:01:01 level_book signal: 139907 rows, spx factor used: True
16:01:01 level_book strategy=mvo costs=False screens=False constraints=net+gross jump=0.00
16:01:01 voltium.loaders vega convention for /Users/andrew/Projects/quant-research/data_store/option_greeks/A.parquet: per_1.00_iv (per-unit share 1.00, per-point share 0.00, median dP/vega ratio 0.0101, theta/day share 1.00)
16:01:08 voltium.backtester 2025-01-02  positions=491  day pnl=0  cum pnl=0
16:02:03 voltium.backtester 2025-01-17  positions=492  day pnl=8788  cum pnl=59328
16:02:59 voltium.backtester 2025-02-03  positions=492  day pnl=-9640  cum pnl=100130
16:03:53 voltium.backtester 2025-02-18  positions=492  day pnl=-16599  cum pnl=91756
16:04:48 voltium.backtester 2025-03-04  positions=492  day pnl=-9607  cum pnl=88131
16:05:43 voltium.backtester 2025-03-18  positions=492  day pnl=4285  cum pnl=129914
16:06:39 voltium.backtester 2025-04-01  positions=493  day pnl=-11627  cum pnl=115812
16:07:34 voltium.backtester 2025-04-15  positions=493  day pnl=-2167  cum pnl=106225
16:08:30 voltium.backtester 2025-04-30  positions=494  day pnl=-2380  cum pnl=152616
16:09:25 voltium.backtester 2025-05-14  positions=494  day pnl=-17614  cum pnl=178058
16:10:19 voltium.backtester 2025-05-29  positions=493  day pnl=48066  cum pnl=224231
16:11:16 voltium.backtester 2025-06-12  positions=493  day pnl=-3541  cum pnl=126144
16:12:11 voltium.backtester 2025-06-27  positions=494  day pnl=-7185  cum pnl=141256
16:12:17 voltium.backtester 2025-06-30  positions=500  day pnl=-834  cum pnl=140422
16:12:18 level_book backtest done (702s)

=== summary ===
                            sessions: 122
                      mean_positions: 492.6311
                     mean_gross_vega: 19,619.3095
                       mean_net_vega: -231.5493
                     total_gross_pnl: 140,422.1890
                          total_cost: 0.0000
                       total_net_pnl: 140,422.1890
                              sharpe: 1.0232
       annual_net_pnl_per_gross_vega: 14.7840
                        max_drawdown: -98,087.6703
     annual_turnover_over_gross_vega: 45.0162
                           cost_drag: 0.0000

=== factor regression (net P&L per $ gross vega on the risk factors) ===
shape: (14, 5)
┌────────────────────────┬─────────────┬─────────┬───────────┬──────────────┐
│ regressor              ┆ coefficient ┆ t_stat  ┆ r_squared ┆ observations │
│ ---                    ┆ ---         ┆ ---     ┆ ---       ┆ ---          │
│ str                    ┆ f64         ┆ f64     ┆ f64       ┆ i64          │
╞════════════════════════╪═════════════╪═════════╪═══════════╪══════════════╡
│ const                  ┆ 0.0692      ┆ 0.8491  ┆ 0.2855    ┆ 122          │
│ Communication Services ┆ -0.3550     ┆ -3.0996 ┆ 0.2855    ┆ 122          │
│ Consumer Discretionary ┆ 0.1013      ┆ 0.5749  ┆ 0.2855    ┆ 122          │
│ Consumer Staples       ┆ 0.0285      ┆ 0.1623  ┆ 0.2855    ┆ 122          │
│ Energy                 ┆ -0.0393     ┆ -0.4675 ┆ 0.2855    ┆ 122          │
│ Financials             ┆ -0.3428     ┆ -1.7378 ┆ 0.2855    ┆ 122          │
│ Health Care            ┆ -0.0042     ┆ -0.0284 ┆ 0.2855    ┆ 122          │
│ Industrials            ┆ 0.4407      ┆ 2.2132  ┆ 0.2855    ┆ 122          │
│ Information Technology ┆ -0.0467     ┆ -0.3123 ┆ 0.2855    ┆ 122          │
│ Materials              ┆ -0.1428     ┆ -0.7703 ┆ 0.2855    ┆ 122          │
│ Real Estate            ┆ 0.1003      ┆ 0.6920  ┆ 0.2855    ┆ 122          │
│ Utilities              ┆ 0.0799      ┆ 0.9207  ┆ 0.2855    ┆ 122          │
│ market                 ┆ 0.1474      ┆ 2.0739  ┆ 0.2855    ┆ 122          │
│ spx_return             ┆ -8.9761     ┆ -0.8677 ┆ 0.2855    ┆ 122          │
└────────────────────────┴─────────────┴─────────┴───────────┴──────────────┘

=== decile table (forward 60-session P&L per $ vega, long reference straddle) ===
shape: (10, 6)
┌────────┬────────────────────────┬──────────────────────┬──────────────┬────────────┬───────┐
│ decile ┆ gross_fwd_pnl_per_vega ┆ net_fwd_pnl_per_vega ┆ gross_t_stat ┆ mean_names ┆ dates │
│ ---    ┆ ---                    ┆ ---                  ┆ ---          ┆ ---        ┆ ---   │
│ i64    ┆ f64                    ┆ f64                  ┆ f64          ┆ f64        ┆ u32   │
╞════════╪════════════════════════╪══════════════════════╪══════════════╪════════════╪═══════╡
│ 1      ┆ 4.3907                 ┆ -16.4208             ┆ 5.1009       ┆ 49.5820    ┆ 122   │
│ 2      ┆ 3.9338                 ┆ -17.0103             ┆ 4.5528       ┆ 49.9590    ┆ 122   │
│ 3      ┆ 3.9037                 ┆ -17.6682             ┆ 4.5966       ┆ 49.9262    ┆ 122   │
│ 4      ┆ 3.6669                 ┆ -17.9116             ┆ 4.1394       ┆ 49.9262    ┆ 122   │
│ 5      ┆ 4.3495                 ┆ -16.7306             ┆ 4.8127       ┆ 50.1230    ┆ 122   │
│ 6      ┆ 5.0809                 ┆ -16.2597             ┆ 5.4657       ┆ 49.8197    ┆ 122   │
│ 7      ┆ 4.9829                 ┆ -16.2611             ┆ 5.4768       ┆ 49.9180    ┆ 122   │
│ 8      ┆ 5.4714                 ┆ -15.5220             ┆ 5.6458       ┆ 49.9344    ┆ 122   │
│ 9      ┆ 5.2236                 ┆ -16.9897             ┆ 5.9375       ┆ 49.9508    ┆ 122   │
│ 10     ┆ 3.9598                 ┆ -19.1154             ┆ 4.9352       ┆ 50.3689    ┆ 122   │
└────────┴────────────────────────┴──────────────────────┴──────────────┴────────────┴───────┘

figures in /Users/andrew/Projects/quant-research/voltium/demos/figures (*_vrp_mvo.png)  (703s)
