month,decile,names,straddle,call_hedged,put_hedged,call_naked,put_naked,stock
2017-10-01,0,57,-0.336690500204033,-0.018789261301273324,-0.020208296712610235,-0.7304461759293976,0.12349868276802332,-0.01597122986841814
2017-10-01,1,29,0.1440278446586012,0.012512631080181526,0.009870616938928786,0.36799626415360287,-0.1553459478376833,0.00921007471892601
2017-10-01,2,29,0.05256433052800102,0.008258073572417583,0.004815802725457758,-0.07216792459974092,0.10413773956522568,-0.008305369437693345
2017-10-01,3,29,0.19516267457336298,0.005730888008166704,0.007813733629359816,0.4236239729594678,-0.14103896952030642,0.012035314919785756
2017-10-01,4,29,-0.18996261854432728,-0.012981150945980853,-0.0105253175782735,-0.2689926759612695,-0.2897690496055876,-0.0011425357447457805
2017-10-01,5,29,-0.12219988231307179,-0.00408295919248672,-0.010895642228863987,0.06515615093771554,-0.21105113585526877,-0.006257985067790004
2017-10-01,6,29,-0.1618369273882389,-0.008434019884639953,-0.010560409025390054,-0.4513412895919339,0.15187060186741988,-0.010211897141143834
2017-10-01,7,29,-0.01991697784185623,0.0002336157412160458,-0.00011876489093442574,0.08534457928098849,-0.2842570908729397,0.013322426602503636
2017-10-01,8,29,0.01262597282588725,0.00391083416398773,0.004061456286435138,0.3055018732580438,-0.19577468582140187,0.009582097473458204
2017-10-01,9,29,-0.14990364403430206,-0.0049741068195929055,-0.005280229751370236,-0.3008717066346701,0.04525267690111864,-0.004403946778435758
2017-10-01,10,28,-0.1926626555454318,-0.006276630221091797,-0.010337679773681451,-0.36244991177579483,-0.03184726506965997,-0.006761155149492132
2017-11-01,0,55,0.3498730859196171,0.024381191293927112,0.019177168732000607,1.7060148487547786,-0.6680499662961383,0.04395113147146262
2017-11-01,1,28,0.025748848359516546,-0.0009415261385505256,-0.0034050636675543927,0.0289676863809207,-0.08196616013508266,0.00766660494117027
2017-11-01,2,27,0.27905461543448074,0.0033803836829469757,0.005187845599377339,1.1010552363446686,-0.9604997100572321,0.045394114018027225
2017-11-01,3,28,0.3648194000943281,0.007052496680603719,0.013549647733069955,1.1900578249732983,-0.5117448855499346,0.03625426467484062
2017-11-01,4,27,0.196291133107122,0.004014807507535811,0.007477800271112167,0.6033616821118762,-0.3582218950509028,0.022038412227014366
2017-11-01,5,27,0.26141491971459413,0.00832824542128653,0.01012425600825577,0.7928406619120878,-0.34296426574234185,0.016686249084532333
2017-11-01,6,28,0.2575636466108428,0.00651290182716512,0.009966381670463617,0.939134145664734,-0.661331241737279,0.02954662980094827
2017-11-01,7,27,0.21320472117136088,0.012361382576946522,0.0076790632225354595,1.4582846231249107,-0.9342786496004892,0.05145576862799768
2017-11-01,8,28,0.4056571141180351,0.0145955838683167,0.013850555985008922,1.372295774353549,-0.5884142224269365,0.03351439336421997
2017-11-01,9,27,0.21701394103746438,0.009772884544396076,0.00803036218476282,1.0856009998531189,-0.776341183446717,0.043744584967493734
2017-11-01,10,27,0.3756219342791336,0.023439665155376585,0.015772105064446214,1.7349825351356993,-0.750016126431221,0.05161773641263289
2017-12-01,0,61,0.4101974918872801,0.03578802420213124,0.026843118154175588,1.647905570322385,-0.32354948515178766,0.038140462312373974
2017-12-01,1,31,0.19826348488914253,0.003981553918266148,0.003718975451952629,0.6672801135876462,-0.3936981253619521,0.03229513332554085
2017-12-01,2,30,0.3577382332462133,0.014245153209665204,0.010059412574773314,1.3300105662705413,-0.6574472723882667,0.04353731389126579
2017-12-01,3,30,0.35321535212362476,0.010505157540921543,0.010503238375934981,1.0779252746098567,-0.4128176648804197,0.03393481683263066
2017-12-01,4,30,0.27845549086835003,0.009216958208778358,0.012168954311052893,0.9817980758729952,-0.6469322307267814,0.0440012880108771
2017-12-01,5,30,0.42741133011824645,0.013922836056364773,0.015653379071331748,1.405962426013893,-0.7846483200327019,0.051453810245827264
2017-12-01,6,31,0.7067043014912392,0.03600325669771275,0.034680144438080686,1.9158086388661026,-0.5031032112716133,0.06658073867036116
2017-12-01,7,30,0.4939357806619416,0.014009592637209783,0.01951585250317235,1.86923597594846,-0.8412438940327827,0.06335835810409153
2017-12-01,8,30,0.5828267137523861,0.016681586704225652,0.021003444593190413,1.6987212576394584,-0.7390683542522839,0.058842637857280326
2017-12-01,9,30,0.5234536607284134,0.017590722560419915,0.02088204642315472,1.359431297039234,-0.5094849339530205,0.04605791157387183
2017-12-01,10,30,0.6084609767764226,0.039769578120397386,0.03056209360612822,2.3151856839100313,-0.7172476105137398,0.07043559563791482
2018-01-01,0,63,0.26410028096876736,0.018314054742197078,0.019690359897955895,-0.45629009544552845,0.9361280766203496,-0.04058289283051193
2018-01-01,1,32,-0.1405604480821323,-0.003134066655591982,-0.005223538511148951,-0.47712914083735614,0.2635433434423048,-0.02201706076880065
2018-01-01,2,32,-0.030679659431686716,0.0007954065308001393,-0.0002885666552687742,-0.46361515346108473,0.4148084727261726,-0.022928803733570736
2018-01-01,3,31,0.3680521720077867,0.020354992419891412,0.01955504080193237,-0.4250776222407853,1.0649470521848559,-0.03088476598055918
2018-01-01,4,32,0.2623741645236941,0.016393307197434703,0.016896769297620826,-0.14528587732787857,0.8912192926539643,-0.019184804326794116
2018-01-01,5,31,-0.14056789553223167,-0.00493752012268938,-0.01093368423837097,-0.6997458576808662,0.2997813720710847,-0.03225566253158076
2018-01-01,6,32,0.26472749760371633,0.01200476543230428,0.013249679587541372,-0.8782355853173657,1.4816650530401094,-0.060131918933373
2018-01-01,7,32,0.21405116267549662,0.0185683117674803,0.021882710556370227,-0.7770676899477512,1.5499387967978533,-0.05971686660522155
2018-01-01,8,31,0.23057367517274818,0.02077344616030033,0.022304953580024274,-0.8832889520411505,1.5487826564994591,-0.06738276240230746
2018-01-01,9,32,0.16238540617403635,0.008847008237513753,0.0070304520584138445,-0.85552736559691,1.2010710591897056,-0.04993491844856085
2018-01-01,10,31,0.12353983288663509,0.015179988086605095,0.014466821386806944,-0.9334192362828846,1.1996714200626544,-0.06259995359931259
2018-02-01,0,61,-0.21634153959240796,-0.01509765323616131,-0.012709984865411651,0.12118246062095733,-0.2704609308761239,0.014266934456351799
2018-02-01,1,31,-0.024087709811553497,-0.00004204661549232276,0.0037760982056452776,0.15119048814642916,-0.27367322500802516,0.01282712984588653
2018-02-01,2,30,-0.20097248638851223,-0.01056788886440659,-0.007820978395270555,0.0014360046941387075,-0.3389715654614275,0.016629596741881077
2018-02-01,3,30,-0.15142125691899094,-0.007605146251263945,-0.006597353914348028,0.49425946216688826,-0.6109946782201,0.0219931091088399
2018-02-01,4,30,-0.2774014885773594,-0.014391771333791077,-0.012520843552790194,0.26554338193484583,-0.707542698270342,0.02784780027409291
2018-02-01,5,30,-0.24569987243697036,-0.009855686925459179,-0.009714308274196752,-0.0013047032833250075,-0.46798287919044773,0.011259874275284647
2018-02-01,6,31,-0.3444542506590087,-0.016468759236915383,-0.01772880371729798,-0.06673105804647342,-0.5589563145728813,0.01351121569704422
2018-02-01,7,30,-0.3791321657792286,-0.02336586259186428,-0.0170167829145742,-0.17484237038502773,-0.5911550688172517,0.012824487688266724
2018-02-01,8,30,-0.2140052603931723,-0.00925583780797423,-0.009904880170927026,0.1566460665266998,-0.5332367716704618,0.016593212504378233
2018-02-01,9,30,-0.06364026750922473,0.002583771542319252,-0.00041584317543680446,0.40626349692233865,-0.5333069922941591,0.03329242547445679
2018-02-01,10,30,-0.24042924940396146,-0.015139699851653633,-0.008933886659766374,0.2723729487673865,-0.544134155884149,0.02709406430223833
2018-03-01,0,57,-0.1468589996636325,-0.015609431408721345,-0.01308129828685044,-0.202432446060981,-0.10411212614433404,0.00014562248660587862
2018-03-01,1,29,-0.13728224030545863,-0.006141169104100344,-0.007357055269277161,-0.44225962346403236,0.13234326081974093,-0.02452478638932479
2018-03-01,2,28,-0.24774617103836113,-0.016982899036827346,-0.014321373956921481,-0.4460493928694656,-0.16669813525313096,-0.0066747990051766615
2018-03-01,3,28,-0.22560073002585868,-0.009667894910045499,-0.00850791222661958,-0.5980408455269295,0.08888939614434663,-0.024072783398160574
2018-03-01,4,28,-0.16855230019967246,-0.011373919511370905,-0.011337981917012177,-0.7958000771627359,0.41471316381870826,-0.030807085031677124
2018-03-01,5,28,-0.05374893540104141,-0.006806221685016082,-0.000989849709412568,-0.24548943352859307,-0.043817262346977345,-0.003923236606600703
2018-03-01,6,28,-0.017883367461159937,-0.0034423204865399355,0.0002752759744936609,-0.4441539022982085,0.35743339353813136,-0.02149095026805387
2018-03-01,7,28,-0.25944749275905993,-0.01025181705376754,-0.012557919658488364,-0.5171817684221244,0.023024270480335913,-0.016611136917789433
2018-03-01,8,28,0.0962969706823684,0.004566699171738513,0.010853500558996367,0.05962780161870348,0.03270162145447724,0.012131498052078138
2018-03-01,9,28,-0.257499816061121,-0.019134607452303883,-0.014246075112899768,-0.2220685235782509,-0.29813766071808906,0.0042549245327193974
2018-03-01,10,28,-0.28414123996909113,-0.02175060051282169,-0.0204383535561276,-0.6446920695250133,0.028231134675406895,-0.024379163902718912
2018-04-01,0,59,0.010486178176956629,0.002978248623628676,0.0017101370354913239,0.37622213262899556,-0.4142264634145918,0.0156605473225366
2018-04-01,1,30,-0.16648925182837998,-0.013778511193780823,-0.010902737354592396,-0.1531560901738399,-0.11285162719247711,0.006567677534089859
2018-04-01,2,29,-0.0872110204402014,-0.0017606115672224826,-0.002236670834474979,0.26733947494221255,-0.2611969842884736,0.018953203682852103
2018-04-01,3,29,-0.182270163609463,-0.012266461619997105,-0.008857632625622525,0.20857683092406326,-0.5134863755358353,0.02923343562845916
2018-04-01,4,29,-0.05630356092459845,0.006200300792513585,0.003000053851649613,0.1718897671255176,-0.1890274673416221,0.014579285832879355
2018-04-01,5,29,-0.20249597199189365,-0.008517963807049637,-0.009026770894827467,0.043978311259998966,-0.3008317024475715,0.01702369989786889
2018-04-01,6,30,-0.3792651324388399,-0.023221006799556063,-0.019975886281880895,-0.24249701598742415,-0.4723500419288058,0.012700440973006998
2018-04-01,7,29,0.07799966823235048,0.010838010539132473,0.003900949411231233,0.5967660822693236,-0.4372103209122281,0.034149402274429926
2018-04-01,8,29,-0.20467315800943192,-0.0022226561249407664,-0.0026054563205037727,0.6083103477918254,-0.7760305685232463,0.04803260635815094
2018-04-01,9,29,-0.32523902706870456,-0.01800460318541108,-0.01420709688073934,0.19685001837011706,-0.7364248375448742,0.030092311623252075
2018-04-01,10,29,-0.15600307365142335,-0.010800262570152147,-0.009192600319101072,0.22306604245515566,-0.5270780906070689,0.02222822485662646
2018-05-01,0,62,0.04658030299185621,0.004035961653904248,0.011548537307214005,-0.026205366126174745,0.09990569801668714,0.002638011193933157
2018-05-01,1,31,0.11398062199841379,0.010504157250087274,0.004088077625587955,1.1645495459244861,-0.7211594665550115,0.04526874679691774
2018-05-01,2,31,0.02397993498738237,0.011544386053575726,0.006745831362153312,0.9202163179619559,-0.6716729634714509,0.04113662878971386
2018-05-01,3,31,-0.12107555724962105,-0.008385302384428564,-0.005215140815385938,0.1417982953798755,-0.3425017779631349,0.009399707380874067
2018-05-01,4,31,-0.08744264333529303,-0.002656874562571546,-0.006365903713913245,0.11455304816303599,-0.26622253752204805,0.0018470236054698656
2018-05-01,5,31,0.08577374473812098,-0.000887166504018905,0.0003725414944365517,0.38504882897584525,-0.43632906147047595,0.018996157856097554
2018-05-01,6,31,-0.11027450105905022,-0.005721473296257303,-0.004004819210764778,-0.008104572907507617,-0.2656306955931188,0.008788698649526182
2018-05-01,7,31,-0.004315884574892328,0.004928366776969859,0.0032958721343891817,0.5970144951058554,-0.38917281809638277,0.020927029747280123
2018-05-01,8,31,0.08082115746943318,0.010166527127353003,0.004578488633217499,0.8704658292716702,-0.3049202767501368,0.014606837343500797
2018-05-01,9,31,0.015282178383022593,0.005812890614939307,0.0051544374850363926,0.7312065366437211,-0.4416930306953827,0.024855509597645497
2018-05-01,10,31,0.16056092499027,0.014540118903991522,0.01563661493280196,1.1383441797983114,-0.6212537685383244,0.047906757990850896
2018-06-01,0,61,0.03584874150183137,0.0016363341125995388,0.003650311766898449,0.11779627004578165,-0.06525404173649452,0.0038798326085653662
2018-06-01,1,31,-0.10434379811753765,-0.01403020509568837,-0.01229477344350821,-0.06465712769304022,-0.2975233937680483,0.0037628371353007678
2018-06-01,2,30,0.0023830874747248322,-0.010525406852943658,-0.005630366275063942,0.3066099712937978,-0.6185349868784402,0.02355909886487047
2018-06-01,3,31,-0.2721861827975055,-0.020821271233683734,-0.016497094834993332,-0.26119909096519245,-0.46150776602235366,0.006100766608232942
2018-06-01,4,30,-0.09204309090630677,-0.012478061374595598,-0.005011476603977575,-0.029673679122464738,-0.38229213942421914,0.011849238746855839
2018-06-01,5,30,-0.1724814498780716,-0.012090773553204818,-0.009200495174006746,-0.14518641557940679,-0.2882481662135287,0.004703796123862525
2018-06-01,6,31,-0.3060776384581351,-0.024356061175687276,-0.014776473823670805,-0.36654217959548224,-0.4371622014376879,0.006322685686267285
2018-06-01,7,30,-0.2341548988007509,-0.014201486803097773,-0.011355906561236048,-0.2572051743237976,-0.1812813554092458,-0.0005693326020018263
2018-06-01,8,31,-0.2340432501823246,-0.017184090720739478,-0.012479592612946384,-0.3569669085345766,-0.1924647884828958,-0.005994889937564309
2018-06-01,9,30,-0.1279138293398123,-0.015338909899284287,-0.009942743229592545,-0.11721167940768226,-0.407508216847586,0.008543399852062934
2018-06-01,10,30,-0.06849505661570628,-0.01239387098308883,-0.00864446167660976,0.053139142352741434,-0.36277743550454283,0.007642669743866134
2018-07-01,0,57,0.07833220394153062,0.01284711821460732,0.007551281947807079,0.19173259729237124,-0.06358371273823799,-0.002680318801391999
2018-07-01,1,29,-0.23250100103079155,-0.017456155689505343,-0.010783596915520121,0.09685820846518461,-0.421892138341048,0.01966008825860814
2018-07-01,2,29,0.059139669209701304,-0.0009414662052012738,0.0005474436756276308,0.25026551912850964,-0.18717460299108285,0.011763117091716376
2018-07-01,3,28,-0.0587697567155852,0.0010586802508575994,-0.0037514002217268923,0.5135271569118013,-0.35404430922722174,0.01330080005739888
2018-07-01,4,29,-0.10383020324328461,-0.01182390247921984,-0.007266060484378991,0.28091700931530345,-0.5713752464130362,0.022558134475713584
2018-07-01,5,28,0.07179453412749548,0.005262666147692657,0.0025145004362331067,0.626602718487689,-0.29016091902522156,0.009379580268567821
2018-07-01,6,29,0.05226530841919024,0.005391626946849285,0.0017031161824348495,-0.03186741328434112,0.0556879625031841,-0.00935334111638673
2018-07-01,7,29,0.08389215376254051,0.00007008837349052466,0.0011834588247968635,0.6458598187311361,-0.4657215585724104,0.02224041290863518
2018-07-01,8,28,-0.07275410706952566,0.0019198123584791258,-0.0029892442603231986,0.3245237771936728,-0.3600603687872015,0.014192750271094314
2018-07-01,9,29,-0.10240775129376499,-0.003927627947694654,-0.0029649167704811218,0.5418790467186948,-0.702367558271186,0.026236159349618416
2018-07-01,10,28,-0.15416879708926093,-0.004609037474898023,-0.0032323149677130417,0.28859080575755586,-0.485475851079286,0.016979769457216142
2018-08-01,0,57,-0.035729547219676444,0.002461973782425792,-0.0015197609367532065,-0.10285620331151399,0.06963813819332987,-0.014934688274301666
2018-08-01,1,29,-0.12012483023517515,-0.010760163675326175,-0.007821808133164502,0.15440395083238537,-0.44662841074535226,0.01858835472238102
2018-08-01,2,29,-0.23183804553048634,-0.010882351689854852,-0.011584073917313871,-0.1295136575831712,-0.35494200110354646,0.005293910355715543
2018-08-01,3,29,-0.08844386713261944,-0.01103331495885823,-0.008723433698852017,0.24443153748109217,-0.6847452923165317,0.026049370142739774
2018-08-01,4,29,0.05743315058728457,0.004388603409766354,0.007343098468362843,0.6259537020875258,-0.62358303363565,0.04224844493786901
2018-08-01,5,28,-0.10976533254089679,-0.005704170674669546,-0.006288155513862767,0.3860185393487553,-0.6593558526364011,0.022451473919470038
2018-08-01,6,29,-0.058867587344901294,-0.0024145665460945432,-0.005186601177178052,0.4808946508587095,-0.5173964718446583,0.017308680667569486
2018-08-01,7,29,-0.18895143580664175,-0.011351490099202183,-0.010170070397885183,0.08656613639519598,-0.5553115626109912,0.014918117331766779
2018-08-01,8,29,0.07896764329619008,0.0015038386357042746,0.000515470648833802,0.7700369960498347,-0.59409828131796,0.02108309881748666
2018-08-01,9,29,-0.16210531529942226,-0.005603528971135308,-0.007711905570426586,0.24783189305954637,-0.5089502631248858,0.011092266467783423
2018-08-01,10,28,-0.1558543774548516,-0.008298189892900383,-0.009341569069917708,0.051547747520871386,-0.3769902725520224,0.003653666448079355
2018-09-01,0,63,0.03275709185685516,-0.01096046881980885,-0.01711572231282548,-0.2091600567016192,0.004072308855207485,0.014341501866291038
2018-09-01,1,32,0.5130344987435231,0.03625630883170539,0.04403617602589728,-0.5566758241398228,1.9568631188604295,-0.07333115108438511
2018-09-01,2,31,0.7453536529558905,0.04128832676382697,0.036583326406199,-0.6214573153052152,2.1311914075671035,-0.06992679279131218
2018-09-01,3,31,0.8060303093966295,0.035093415169998296,0.03347116395890549,-0.5512575742949992,2.1694041080221536,-0.061628200988304564
2018-09-01,4,31,0.3899521220880161,0.019919201022646906,0.01729578510238676,-0.7941321044546844,1.4513615391490888,-0.0552026077691765
2018-09-01,5,31,0.601166518721325,0.025999674624289246,0.02307547154551136,-0.6197350427461275,1.6571962433971301,-0.05718573089686232
2018-09-01,6,31,0.6155750377938882,0.027174683770151416,0.01942098022977504,-0.5392152558437726,1.5210759463594867,-0.047783140683210136
2018-09-01,7,31,0.49360118699976563,0.02365101966658382,0.024162114927581003,-0.8464559490858589,1.6750508549968595,-0.05750197724652029
2018-09-01,8,31,0.8148205038544413,0.031528534108013144,0.03182913850359449,-0.6740057918819072,2.1848362257428007,-0.05597298167448363
2018-09-01,9,31,0.5590880992114537,0.02264484482167851,0.01989111914123764,-0.6684366925645937,1.7217585438194993,-0.04948297365519205
2018-09-01,10,31,0.5457915906003783,0.025295840011896543,0.0269204537130718,-0.7658358808414419,1.960935427715637,-0.05898964921809407
2018-10-01,0,57,0.09887840541167647,0.012668919601526572,0.009480329357373727,0.05375205028704136,0.15050769774256934,-0.005127658768301367
2018-10-01,1,29,-0.15070139051462583,-0.022680279401128826,-0.016088824338390074,0.21775799002975096,-0.547716875654993,0.024323648814252113
2018-10-01,2,28,0.059253742780352836,0.005562596570529124,0.005990192015756304,0.058147375044479706,-0.10831955055119993,0.009368780835969663
2018-10-01,3,29,-0.17309112747900623,-0.015631419104501804,-0.004203728059885229,-0.5283654441298901,0.06322192489074802,-0.01986513858025067
2018-10-01,4,28,-0.07729824627395722,-0.007854657711985525,-0.0020785970272628094,0.03485193305308798,-0.11995574841820754,0.002568685846047025
2018-10-01,5,29,-0.09610669415000479,-0.004323886473119604,-0.005699038922456953,0.15096556282880533,-0.29063542715631824,0.008245409674275101
2018-10-01,6,28,-0.2344324371084337,-0.023113193475337395,-0.020471735407671672,-0.2868176813260823,-0.2719547541463054,-0.0029607128638769148
2018-10-01,7,29,0.016483899554131022,-0.004211841487171022,-0.0003619761109349647,0.2689731249278451,-0.1736988492987788,0.010072625176032109
2018-10-01,8,28,0.30460427874609924,0.012811266579415056,0.0054226471882299265,0.275393085702983,0.046665720594120295,-0.0013598918407346941
2018-10-01,9,29,0.1317862904965102,0.007102891040516546,0.009352721302070474,0.8416202598137907,-0.4270270100665334,0.04003353734240443
2018-10-01,10,28,-0.05182298510294935,-0.010011359799602253,-0.006608494981016347,0.2715100403167923,-0.3972091779124237,0.019195990045950746
2018-11-01,0,52,0.5813093177022799,0.052386509481836034,0.0334635514726419,-0.08959338710370524,0.8053107615221239,-0.0164568055188255
2018-11-01,1,26,0.05355814265119864,-0.01000569042678222,-0.001867019510072241,-0.9104066128962948,0.8473409942974334,-0.08084727979703937
2018-11-01,2,26,0.4259675379226868,0.0349502531149013,0.021164336260575765,-0.9962962962962962,1.4305305470651382,-0.11397330671964448
2018-11-01,3,26,0.32788903577707124,0.021750967965466154,0.02655549511229061,-0.9632471358428804,1.5213929362394154,-0.09634179448123828
2018-11-01,4,26,0.3196766307619758,0.020503229256751902,0.015420179676924804,-0.9810375670840786,1.2498212448733492,-0.08760479856821525
2018-11-01,5,26,0.5018408290128263,0.03295448151979418,0.027060180485601812,-1.0,1.5938673455866736,-0.0983922987389731
2018-11-01,6,26,0.8920930636125223,0.05815137300113065,0.03743082311815113,-0.9974358974358974,1.9163263640637873,-0.11288835700464192
2018-11-01,7,26,0.42729797726388113,0.022186646007649302,0.014546646056983985,-0.9199274136499247,1.3283796669777213,-0.0782769241923799
2018-11-01,8,26,0.5708446754589219,0.03901540947817185,0.02822322441414164,-1.0,1.6672798778722313,-0.09251527955763014
2018-11-01,9,26,0.37341231071340375,0.027567653127198295,0.02039388626998164,-0.9645909645909646,1.165754571088385,-0.07998957535317408
2018-11-01,10,26,0.6348674603534785,0.042380819055053816,0.03159653196256966,-1.0,1.6526517558195573,-0.09730408531586487
2018-12-01,0,31,-0.8164986559088963,-0.03886230281349167,-0.06363882889846265,-1.0075221952547655,0.004210526315789331,-0.079319599108992
2018-12-01,1,16,0.8118555487733466,0.031808810567936954,0.05213987510464546,1.5920380478946559,-1.0,0.14030473162695134
2018-12-01,2,15,0.3200351221909629,0.00514858942136342,0.008447177679712864,0.8943901290780543,-1.0,0.0818084114050305
2018-12-01,3,15,0.18368332627631195,0.0006862005252174436,-0.0003966653459511968,0.6586485900891831,-0.8874232627276112,0.060336938438390476
2018-12-01,4,15,0.5373180030118501,0.014164503702857259,0.024144938907371804,1.2038238690430652,-1.0,0.09240870932757736
2018-12-01,5,15,0.27561252116083423,-0.0033425373657076838,-0.0004824952283769677,0.7962213752928745,-1.0,0.06793282390110097
2018-12-01,6,16,0.37791810475560944,0.004821598946731741,0.011736244970715511,0.9389341058495347,-1.0,0.08339775027705175
2018-12-01,7,15,0.176308818500794,-0.0028979759615868567,-0.004752100201824773,0.7119571263246801,-1.0,0.0676117520240223
2018-12-01,8,15,0.1876636007988008,0.00029441754868096833,-0.0010011508525830165,0.8065386512273454,-1.0,0.0709184778748357
2018-12-01,9,15,0.6244387734233385,0.05074745172722805,0.05164982100616005,0.8624180657119437,-0.23607313195548513,0.01849103201247675
2018-12-01,10,15,-0.004643107135549584,-0.007053492245554718,-0.011498953793817187,0.5845158526398903,-0.9957894736842107,0.060985132517959346
2019-01-01,0,51,-0.2251927236581429,-0.00818911028264074,-0.01383289732233346,-0.12293349172003132,-0.0843872382980575,-0.04026542456674347
2019-01-01,1,26,0.32259405115574885,0.010421017525814343,0.015494924917932914,1.114439539940463,-0.7408027230919042,0.081478238011406
2019-01-01,2,26,0.3329655404608444,0.012256670900791296,0.015714702180781418,1.5090240065314688,-0.9557873686260977,0.10256668442267904
2019-01-01,3,26,-0.01205626606449873,-0.011269823596731267,-0.008223749077732934,0.7748244801042657,-0.9078659432821558,0.05129639312921268
2019-01-01,4,25,0.09268105537867548,0.012166521418979946,0.008075551516814737,1.3579374078495483,-0.8132805860805863,0.0723088494800765
2019-01-01,5,26,0.2472802407153381,0.019541171483315804,0.015564240746721802,1.3179685617412884,-0.6786413964077858,0.06710584310603745
2019-01-01,6,26,0.0924207514244139,-0.005098516552644145,0.0008136751977799311,1.0798584296434712,-0.9846063104404865,0.06093344110566183
2019-01-01,7,25,0.032078751404047916,-0.004212040975845862,0.0002538981503345907,0.9585112362246372,-0.89267542343588,0.053451447012177446
2019-01-01,8,26,0.16917440526599534,0.011395951170661861,0.008084178222509184,1.4616065284563375,-0.9751042106616231,0.06548791240732163
2019-01-01,9,26,0.0863612226045814,-0.0001372487095502462,0.0031352199097735476,1.1400205585922276,-0.9333224380582308,0.04792847945406115
2019-01-01,10,25,0.09740132749760594,0.002231907243173603,0.001662027595599454,0.9915060482204316,-0.8251899613899617,0.04121281344466252
2019-02-01,0,57,0.12485087108524359,0.008054584049356231,0.002899370276804176,0.6534681227248269,-0.6811012502670573,0.03233718108722903
2019-02-01,1,29,-0.1643029067284221,-0.013272431861085333,-0.008399947980959908,-0.3834776687079765,0.18220710842928622,-0.018242900247427613
2019-02-01,2,28,-0.23854026970759534,-0.013351074710125876,-0.010282452329893832,-0.3485444813319705,0.00882692136197952,-0.012151614848217942
2019-02-01,3,28,-0.22283360018253504,-0.011754955976398886,-0.015473628569131771,-0.07898610949139209,-0.2949321998185751,-0.0011402218826054458
2019-02-01,4,28,-0.35917660284997766,-0.019664770835950345,-0.020975837582556396,-0.460549209078192,-0.3295520344607003,-0.0077714696433374576
2019-02-01,5,28,-0.3647534591882676,-0.018439130768300033,-0.019150415355211954,-0.2997809369724111,-0.49652419558755795,0.0007872377280479555
2019-02-01,6,29,-0.10437267189800944,-0.005547754886828136,-0.00919874157878355,-0.40125762884773536,0.011154758406193059,-0.014018330111511565
2019-02-01,7,28,0.11832286877417317,-0.00016037960193923572,0.0004665313111492162,0.04845473181758524,-0.14727413421042937,-0.0005110631183845225
2019-02-01,8,28,-0.23896315144593472,-0.00969794779346361,-0.011801527945728215,-0.317655093316136,-0.2037905421812631,-0.006536248476255129
2019-02-01,9,28,-0.19223984571639857,-0.011528803743341467,-0.011326051399055641,0.179121892027186,-0.6766005302897368,0.016555183884621846
2019-02-01,10,28,-0.0394520356431785,-0.005217847811729103,-0.005500577704155732,0.2699904540168504,-0.498894141837771,0.014094280839801418
2019-03-01,0,53,-0.16371834780909478,-0.020182754349099635,-0.017215276503993897,-0.7165196812330061,0.003828830089299129,-0.041527252106032746
2019-03-01,1,27,0.27824733816404085,0.026111756800345855,0.02692836711152362,1.2772305060884337,-0.29843043102001443,0.06436421220011469
2019-03-01,2,27,0.45634967984694874,0.029159834203611776,0.03399860020705972,1.3224257881608776,-0.19005944533361732,0.055073328551950934
2019-03-01,3,27,0.050875159282775584,0.006161348482433658,0.010393129191265914,-0.07158207668691229,0.3809297784488978,-0.002522845339616619
2019-03-01,4,27,0.4744420958445525,0.021764498076272412,0.026603933166584118,0.829052696647919,0.012427975776821622,0.02268504784919025
2019-03-01,5,26,0.10994478787970412,0.004276253811834248,0.00984401640133767,0.2566045623102299,-0.22272192206641941,0.015565648983844271
2019-03-01,6,27,0.0011180940259293405,0.0007917689643160557,-0.00014398719108704692,0.5988323668023321,-0.5288476879855273,0.024934847911860975
2019-03-01,7,27,-0.018488969063579837,-0.005650334850631404,-0.0016451256489234073,0.511257174749167,-0.6289029028806851,0.0345588323020904
2019-03-01,8,27,0.06217885550263215,-0.0007360463944541531,0.003983961415980427,0.6490244667972879,-0.5477262038970477,0.030329219302958548
2019-03-01,9,27,0.22840628732214457,0.0049280879820814295,0.007398043152217497,0.673445318403194,-0.2976150845990606,0.024971113225329942
2019-03-01,10,26,0.11452899035494608,0.005929002451246219,0.00971309060752972,0.5607108248554276,-0.2946016009307153,0.022836960094081947
2019-04-01,0,57,-0.22742299175097833,-0.005306492750447358,-0.004057620010766569,-0.35664118016086943,0.411766642302352,-0.001864306332028616
2019-04-01,1,29,0.1699418046140724,0.00855890472910362,0.009127772391431078,-0.2259876905133794,0.38917057027640173,-0.028263324541117206
2019-04-01,2,29,-0.38922071678475834,-0.020503552652857082,-0.025226397442933843,-0.5453773080360784,-0.11221024041284934,-0.02056287892901034
2019-04-01,3,29,-0.23140207328574142,-0.015161875290317314,-0.017469910904066688,-0.24997467757618436,-0.1592104420461508,-0.005327885101549705
2019-04-01,4,29,0.24676789775391286,0.019801162288227526,0.02060096753475197,-0.49224794582570586,1.074355270666416,-0.05314814078718619
2019-04-01,5,28,0.04013950794801633,0.0016027077719200744,-0.0006936697687721849,-0.10197693166375608,0.05047295475622028,-0.01144510059833446
2019-04-01,6,29,0.4358289216771983,0.03293165828869403,0.03207948843482558,-0.7776573178563064,1.813065110733109,-0.08173624303745766
2019-04-01,7,29,0.17524106203466785,0.019843091408671385,0.021094987301849433,-0.8036631254042641,1.380523359911844,-0.06275223182722643
2019-04-01,8,29,0.014281662970949939,-0.00040705690883866864,0.0011811329305692322,-0.5431540079441304,0.5257032741564421,-0.026692850375198383
2019-04-01,9,29,0.13624129514957453,0.01045487667230729,0.012430239936269571,-0.6405419932602009,0.9088616328982912,-0.038992941392603814
2019-04-01,10,28,-0.05748118713690591,0.0032524119786562617,0.005070152380664509,-0.5826288706742488,0.8009372125787537,-0.030127630873145822
2019-05-01,0,53,-0.12685343299228236,-0.006454290286069918,-0.007137271580358737,-0.25255312773472605,0.03364045315684422,-0.012544265194160287
2019-05-01,1,27,0.12551710764170979,-0.0019029315104253453,-0.0018527696789406023,0.633258856175043,-0.5251665460997748,0.029524657334910536
2019-05-01,2,27,-0.2543882874795355,-0.01701129176933878,-0.021123432958288935,-0.12930719505101362,-0.42624405538522653,0.00024023080317165852
2019-05-01,3,27,-0.08330810194609654,-0.011299740447508451,-0.013295712241850341,0.25666293026969234,-0.7554221737109876,0.02476302912023513
2019-05-01,4,27,-0.09105914319180337,-0.013734275828471983,-0.01746427853943502,0.1979614995464494,-0.5535668234438906,0.010840717641999606
2019-05-01,5,27,0.16015841192422384,0.009244331271241467,0.033040182890032334,0.06587351282602744,0.9941553705404986,-0.008020026701793461
2019-05-01,6,27,0.07653247656121408,-0.004678625792824115,-0.002830110793272161,0.5363430428701061,-0.6308046987686643,0.02548508910388197
2019-05-01,7,27,0.05994897871154849,-0.0033610750673207087,-0.003789643864091955,0.7822806118957312,-0.8273383723791793,0.038664952750016725
2019-05-01,8,27,-0.1994787385260113,-0.010898489052637614,-0.014596326834261928,0.40469778444179144,-0.6849421233896545,0.017580914268093512
2019-05-01,9,27,-0.019195900336729264,-0.006474703480596553,-0.00644879296069677,0.46369307694104384,-0.7350459774720577,0.031049815544664076
2019-05-01,10,26,-0.001336325350572581,-0.008357221796495264,-0.00899004125929934,0.3807057284403169,-0.49152609294293054,0.01698039214075025
2019-06-01,0,53,-0.24160609522849538,-0.01184900934473479,-0.005903024290646065,-0.06934651365725597,-0.08947429551282982,-0.005350639094079741
2019-06-01,1,27,-0.18560122141236682,-0.009405069317696621,-0.007623447412913784,0.34841358772042236,-0.6621498884459492,0.0398526574012882
2019-06-01,2,26,-0.11084925004868539,-0.007387353810119851,-0.00828365314107486,0.26727764825004574,-0.5010405130218935,0.01640476503440624
2019-06-01,3,27,-0.23698518911983937,-0.011052216383090074,-0.006564913322009745,-0.06796078813600276,-0.3180660819092686,0.013734320639742378
2019-06-01,4,26,-0.3696587704614985,-0.018890418883318324,-0.01743795416786407,0.006719171894831092,-0.7494955210109199,0.023301260481133367
2019-06-01,5,27,-0.26229527627469934,-0.015941316991759248,-0.013048452332453588,-0.16593169602678517,-0.41161025663253353,0.011153562753639755
2019-06-01,6,26,-0.3750222502666259,-0.017783121134409958,-0.012704885497571159,0.07391237460712953,-0.7329166836240476,0.02475850774642828
2019-06-01,7,27,-0.24803518139266745,-0.014443012519460176,-0.007242178511288404,-0.18156557529056022,-0.31047555182435693,0.011576124084004505
2019-06-01,8,26,-0.5269364576406808,-0.029141957821779287,-0.02259091904424658,-0.3445379101524508,-0.6684955320686693,0.014610186703840724
2019-06-01,9,27,-0.2038758752497874,-0.007335047473953603,-0.004296510437309094,0.49798869456891093,-0.7090226237135019,0.03101040547266655
2019-06-01,10,26,-0.4272073166408622,-0.02125407866243141,-0.01352647170355985,0.2790670740631664,-0.7516241839587791,0.034502018307208455
2019-07-01,0,55,0.14185838305945977,0.002018181692652398,0.006505646044706069,-0.6429187395999604,1.4668298762921195,-0.025726454344658874
2019-07-01,1,28,0.23708218950782253,0.023896720154934246,0.026069205206025285,-0.1692701947861436,0.7597401411344696,-0.03816162486421119
2019-07-01,2,28,0.2879187003587284,0.03918931475646909,0.04028063160522645,-0.07927630859853126,0.8174071708929853,-0.05542577670315359
2019-07-01,3,28,-0.01884308017638609,0.008068955913943262,0.00972382051620283,-0.35051945595419076,0.7113204155880727,-0.03734142842536454
2019-07-01,4,28,0.3297812295525052,0.030243069196376014,0.027564432280012843,-0.4977103130337869,1.2023490810486466,-0.06305858687983311
2019-07-01,5,27,0.4901353346461665,0.03661658007897978,0.04174863666177506,-0.4890902267313598,1.9245198638786816,-0.07271435957674306
2019-07-01,6,28,0.4499491407571265,0.043300993902400844,0.055267534437023126,-0.8165738294643745,2.363133819053489,-0.08953208484901092
2019-07-01,7,28,0.2819752969082536,0.021414398472298528,0.03244727609131124,-0.6855253666587287,1.8763671034271183,-0.055002145866970054
2019-07-01,8,28,0.27284044119293377,0.015378229472557051,0.022019442876545687,-0.5584364429588806,1.4925012179327646,-0.047215071883388283
2019-07-01,9,28,0.47431511668265225,0.034712961265798085,0.05335177148487813,-0.904255319148936,3.0917855347246146,-0.07598281094183715
2019-07-01,10,27,0.3789405725672823,0.025914901847586644,0.032574851250731354,-0.812188934386104,2.226570017426589,-0.06388807920887006
2019-08-01,0,47,-0.37243869017817083,-0.03301958870085639,-0.024341837864913937,-0.6062779558222232,-0.1242002913750121,-0.0328943851523886
2019-08-01,1,24,0.11829991544526064,0.014519335712760977,0.00914367441378877,1.0344560376419745,-0.6702927512594101,0.06881084871850446
2019-08-01,2,23,-0.12700490439405768,-0.004701829767936694,-0.006855566422127204,0.5654033322024685,-0.7288699273505553,0.04579775313406164
2019-08-01,3,23,-0.044153696519737065,0.0006683715817802133,-0.0016550125452935846,0.7393128169029587,-0.6557448444170318,0.04133604262004738
2019-08-01,4,23,0.14910171332592434,0.009833297560669679,0.009927301097518484,1.3095756906257119,-0.765574396418897,0.06667122504619172
2019-08-01,5,23,-0.2620374088550241,-0.016210901162185366,-0.013753512871196681,0.40746908055591785,-0.7429413338660495,0.03651207746301131
2019-08-01,6,23,-0.2880704903533676,-0.018670533461836326,-0.016608812743857476,0.05183934242493862,-0.5508698054854699,0.02078502993415905
2019-08-01,7,23,-0.1605505212931286,-0.006863101647806661,-0.006138339716273342,0.5850555084897998,-0.7389397048765174,0.04294031983016402
2019-08-01,8,23,-0.07545679631605327,-0.007039172075972358,-0.006414672295113814,0.34015868249747844,-0.5114714128081227,0.02823049439398653
2019-08-01,9,23,-0.001282710376506648,-0.002534424632138172,-0.0008574493379200393,0.7613593407278662,-0.6501638152726763,0.04025529483571911
2019-08-01,10,23,-0.2541387747329102,-0.018500252988095416,-0.015198163451125169,0.42817808181975126,-0.7944930426344222,0.03591646356611586
2019-09-01,0,49,-0.04706648320030665,-0.001405741537712335,-0.0008242067762658876,-0.09581308583874779,0.04008975440569673,-0.0036078991863488508
2019-09-01,1,25,-0.28712036940983077,-0.019418093677441742,-0.014012636659785638,0.1281278776330007,-0.6383535290237068,0.02432135896370653
2019-09-01,2,25,-0.2103788831689725,-0.008355965929893122,-0.007086237409800606,-0.3893670450290416,-0.06137828709957796,-0.012018319499752352
2019-09-01,3,24,-0.3991377888459931,-0.02182732439957379,-0.0158224758731868,-0.29948692547084743,-0.2185541060673815,0.006165153768560305
2019-09-01,4,25,-0.5640058230528571,-0.033923453297952634,-0.025439403179407405,-0.608150337496921,-0.5333794963378735,0.005847438799655551
2019-09-01,5,24,-0.4475181480717505,-0.025629681168520716,-0.02054490187597585,-0.5171559800153743,-0.43028428155736376,0.00027329146570040375
2019-09-01,6,25,-0.27984027931424593,-0.018349337913605122,-0.014636954853625013,-0.41749090951476125,-0.26681113267262263,-0.0015650259845980852
2019-09-01,7,25,-0.3186271329744285,-0.023748230649340854,-0.016855186248462696,-0.21288844814204214,-0.5556736386038104,0.013537878375533765
2019-09-01,8,24,-0.3001085477759174,-0.020651248029308362,-0.014006850580661997,-0.42406931074068527,-0.33895407424675383,0.0023907618403441002
2019-09-01,9,25,-0.1775489174121471,-0.01463333927596807,-0.008973355984103005,-0.45175849277430963,0.03142249741341376,-0.009037724073918469
2019-09-01,10,24,-0.3341868526101374,-0.020823835215154077,-0.014836843436051525,0.03231479179425293,-0.5982637746180101,0.02071345977735768
2019-10-01,0,55,0.3945920651128284,0.020093129374406864,0.021851031801318928,1.4379578701243754,-0.5105161762514243,0.049586988996726436
2019-10-01,1,28,-0.02409014683231416,-0.002227477044011269,-0.0020648586876303118,0.053095171276457895,-0.1863980937984877,0.010914093693270625
2019-10-01,2,28,0.038409298889637004,0.014663148258904427,0.009103898193195984,0.7470501089806413,-0.5416171524394588,0.05499455711350017
2019-10-01,3,28,-0.12153063532898,-0.008535080882053488,-0.007287811968417049,-0.1273886960094924,-0.053529070894005444,0.00629930549371817
2019-10-01,4,28,0.0422472122098383,-0.005108700950532248,-0.004270920165918328,0.5514759593355826,-0.6660971842893965,0.041705216097866316
2019-10-01,5,28,-0.1501130020845896,-0.006792948826044893,-0.014265985600402185,0.6401497733539279,-0.8539447325161612,0.046334522832280074
2019-10-01,6,28,-0.0010489282377658235,-0.004489180455709947,-0.003289652686496105,0.7235908719087425,-0.8127208998621224,0.0473005367451324
2019-10-01,7,28,0.14904134346840642,0.0013430376717060374,0.0027036541735732836,0.2870802157223987,-0.08750656870568194,0.01877042675567045
2019-10-01,8,28,0.019690383292994083,0.009525388196236393,0.0043546211568693234,1.113266791931683,-0.9111889400921662,0.058249627066342166
2019-10-01,9,28,-0.12209393155449733,-0.003037220322130989,-0.00437887576211437,0.6792891952868454,-0.7774251565824523,0.03568740486765198
2019-10-01,10,27,0.37050191828051426,0.017865652330395596,0.019786173113688615,1.4910530414008332,-0.696914270049912,0.060501082689997064
2019-11-01,0,53,0.11256610294885747,0.011472070455585567,0.009645305294699997,0.23202063131471762,-0.09900993987349127,0.0084138771003016
2019-11-01,1,27,-0.20746249027516933,-0.020088145837666424,-0.019425908915739018,0.2461858178791131,-0.6626022706420268,0.02349555278248304
2019-11-01,2,27,-0.2035203982755735,-0.006477369196183549,-0.01471346850213957,0.3703557796735175,-0.6254576991505741,0.02750104843980627
2019-11-01,3,26,-0.09900539261474164,-0.0025825192792687255,-0.007408598313281874,0.6154349994353416,-0.8094557108167876,0.040974628600320154
2019-11-01,4,27,-0.3059093441895984,-0.011328579857691291,-0.01679247819210279,0.08895309706459603,-0.6525782796245594,0.020132838135248292
2019-11-01,5,26,0.03109007310159426,0.0003747472375330446,-0.0021761931113129,0.6940520039746414,-0.7060269163684724,0.038165587637767916
2019-11-01,6,27,-0.06145527948682674,-0.004225072053457641,-0.005974766958018466,0.4141049605768234,-0.7852422224636236,0.032087242308492636
2019-11-01,7,27,-0.0885001110230508,-0.0050945218402188835,-0.002326402285705725,0.7563894946649916,-0.9420659865821157,0.04783122197713715
2019-11-01,8,26,-0.16548564222377554,-0.009263126609372865,-0.010538953379734,0.5462197699232362,-0.7935334879775766,0.037551363022444786
2019-11-01,9,27,-0.0465800663924756,0.008181609384922949,0.0007060681212741142,1.0282620050480067,-0.9160119866879944,0.05269559871459456
2019-11-01,10,26,-0.09489638732631187,-0.008616075382080857,-0.009780603621039021,0.4782064491938307,-0.7616122105155181,0.03190942988278464
2019-12-01,0,51,-0.002856110157199998,0.010180608064212424,0.003262733259400884,0.7426890505545412,-0.22915245139286,0.012593278235441568
2019-12-01,1,26,0.1561657011394067,-0.00480400340764585,0.001300056377806118,0.6814017021558452,-0.6102168239694589,0.028578086218360187
2019-12-01,2,26,0.3925571632071029,0.014744458457381197,0.013744280574953055,1.3189431273152386,-0.5543287823402141,0.03793903984155152
2019-12-01,3,26,-0.0924657441200325,-0.0067256218856162,-0.005020392330186944,0.44790739518691647,-0.6384274110872338,0.021880393982974033
2019-12-01,4,26,-0.03838419718368607,-0.002975423487814347,-0.0031902405114071536,0.5452069362616824,-0.5554373186628649,0.01668472418673495
2019-12-01,5,26,-0.09877726621926788,-0.004054333484661204,-0.0029875391602974554,0.22769823013568977,-0.5121566768107598,0.014100726476328733
2019-12-01,6,26,-0.18873186117618732,-0.013978525223338457,-0.01203430283856102,0.11781587624073496,-0.5631428663588179,0.01043086778598085
2019-12-01,7,26,-0.25456604052965404,-0.012490131711675527,-0.013034240218098368,0.043910079226449586,-0.5547450390166069,0.009622789286130896
2019-12-01,8,26,0.10858129179758255,-0.0016743558029198417,0.003193671653585968,0.6852336207762005,-0.5749643375537711,0.02735286965129082
2019-12-01,9,26,-0.16584482249112023,-0.007589528293757979,-0.006553586253925613,0.4547146980918764,-0.6923688596947752,0.022612315116978712
2019-12-01,10,25,0.1533095909822067,0.005376604656566575,0.004562789637207002,1.4240907527103863,-0.8393692753623189,0.041171364453801755
2020-01-01,0,57,0.08564635987205597,-0.0033501231892564196,-0.00045451375886648585,-0.16335900102984174,0.026441870731098004,-0.0004952695291081128
2020-01-01,1,29,-0.07756723881534341,0.0013171977348917549,-0.0018069862876469041,0.019421366000521786,-0.03264849508769506,-0.009746371811927999
2020-01-01,2,29,-0.10522244143640827,-0.0038578187650182977,-0.004246485802850585,-0.5366562837536573,0.26593333502032795,-0.02727491222576086
2020-01-01,3,29,-0.04478170829311607,-0.004135720682515437,-0.0009251267755173737,-0.14154586734369365,-0.04269537245524234,-0.005710502572846849
2020-01-01,4,29,-0.11505085278537962,-0.010063015762326375,-0.01031583240843576,-0.44571186427854037,0.12212476144352859,-0.02111660086959947
2020-01-01,5,28,-0.2675331645245677,-0.018119685727651245,-0.01848656729881561,-0.36400765217661085,-0.22124343289414686,-0.010388264448432303
2020-01-01,6,29,0.08444576806320232,0.0053955624197918215,0.001833894585013307,0.09208712240147049,0.03655064487239105,-0.010218197008930575
2020-01-01,7,29,-0.14235596267395914,-0.005459467160991329,-0.004363982157969036,-0.035948695679665285,-0.18366257182663603,0.009661681612122885
2020-01-01,8,29,0.12312388579235028,0.004808444379514285,0.0022715316663566806,0.0006819898834342259,0.0775922502978468,-0.015566197303791074
2020-01-01,9,29,0.14592935271953453,0.008752255727437498,0.004167408848603445,0.12779884550888293,0.015136027531935582,-0.008112802905469502
2020-01-01,10,28,0.008079121056712558,-0.0020329254543646645,-0.00226150004651339,-0.14393763502931997,-0.006206624356597056,-0.010241641341036112
2020-02-01,0,49,0.37320189913353463,0.011848943475441215,-0.005483808469958079,-0.005347043701799503,0.19047938892909588,-0.005410214415168424
2020-02-01,1,25,2.54741362666046,0.22896287795308076,0.1373343431831698,-0.9946529562982005,4.342819177439668,-0.28334101388221916
2020-02-01,2,24,3.987920750574888,0.2506081244241592,0.15694015325835353,-0.9763843648208468,6.637857067204742,-0.2856595121258011
2020-02-01,3,25,3.8104044977363687,0.2564045524356571,0.12971296576416136,-1.0,5.552578438095265,-0.2975691617086422
2020-02-01,4,24,4.069809646341502,0.26943584708919777,0.1475439515281225,-1.0,6.0459009280213705,-0.30694981808655014
2020-02-01,5,24,3.759464200870433,0.26554827251492474,0.15750045167836027,-1.0,6.1978394833917045,-0.3055999723334806
2020-02-01,6,25,3.819606038302684,0.2601179006436975,0.1413686452646524,-1.0,5.821491736918086,-0.29709215258353355
2020-02-01,7,24,4.670794631483109,0.2960960784607028,0.1606346975266962,-1.0,6.917237751762617,-0.33050793016514135
2020-02-01,8,25,4.021550606320779,0.29055607928855554,0.15398304860721285,-1.0,6.025854262161413,-0.3294898572865281
2020-02-01,9,24,3.5122960237837098,0.24422146092241656,0.11684825038382547,-0.902272727272727,5.036670027226066,-0.27835841252082494
2020-02-01,10,24,2.9206155257939947,0.24081182142852198,0.13185053471321173,-1.0,4.533298566368764,-0.2887512282973876
2020-03-01,0,8,0.45863493459357463,0.08589698917367117,0.0512320183462414,1.1507639845448785,0.0,0.03671251784627538
2020-03-01,1,4,0.20987417096629235,-0.031067637963151148,-0.0036901866912357126,0.8876862737418358,-1.0,0.148159988854284
2020-03-01,2,4,0.2573542189702893,0.006783763494430486,0.008635357109447179,1.2359462821712555,-1.0,0.15064505197584988
2020-03-01,3,4,0.71486177800774,0.08112217383959458,0.06408702601573853,2.377533185359273,-1.0,0.22892557300882815
2020-03-01,4,4,0.8107428117220559,0.07299855166894798,0.08874154832509874,2.097921969484172,-1.0,0.2486009046417384
2020-03-01,5,4,0.7275819854052397,0.06338238267019647,0.06534773425767154,1.8326162489074949,-1.0,0.2330548573623824
2020-03-01,6,4,0.11123330760047531,-0.0010474941264728144,-0.003209875633451674,1.2688844926414922,-1.0,0.11937833055264582
2020-03-01,7,4,0.5282933253406218,0.031025816093944378,0.03547624131550571,1.5541250279237535,-1.0,0.15041589463276078
2020-03-01,8,4,0.7495718151263251,0.0597919017049324,0.0493695100126964,2.435344628855298,-1.0,0.19246809502525203
2020-03-01,9,4,0.4695877883462881,0.02443909521706715,0.026344628031693528,1.4837805304776817,-1.0,0.16252538507852
2020-03-01,10,4,0.668509105559867,0.05482935121052002,0.04754183165500569,2.0384502582867143,-1.0,0.18487250670055938
2020-04-01,0,39,0.14440406226551655,0.07751779208564327,0.054324628404926856,0.61192065371496,-0.15388583061928718,0.0482346584534529
2020-04-01,1,20,-0.5549513803438068,-0.11934246917399167,-0.08232297909971321,-0.5860704270765345,-0.5172233735756233,-0.00456727378075224
2020-04-01,2,20,-0.3296017451773654,-0.0842598030728742,-0.060313542136581,-0.19184259016138092,-0.4459502138537654,0.03559572253432208
2020-04-01,3,20,-0.4929269030176443,-0.0815486193893508,-0.05831094497832793,-0.45183619237270867,-0.5580963861592559,0.017828091008659015
2020-04-01,4,19,-0.28586259780462475,-0.05701453176794102,-0.03828628402890716,0.22877117628229493,-0.7341237369560035,0.08457184399459043
2020-04-01,5,20,-0.5305765380973743,-0.0779498983519262,-0.05423520087195357,-0.6220549941580602,-0.46419073657818827,0.005280579387142959
2020-04-01,6,20,-0.49715096370029777,-0.05697260824519222,-0.04186939885126031,-0.2769999355481535,-0.5917130507703645,0.026128301783044722
2020-04-01,7,19,-0.33933842735170383,-0.040161485882159974,-0.025884407863296845,-0.05586957859359801,-0.4339399193898255,0.033131734598676486
2020-04-01,8,20,-0.302721430231409,-0.03441896451046367,-0.023045086967102165,-0.27614929102143504,-0.2635291011441593,0.008638687372550935
2020-04-01,9,20,-0.2299655567441043,-0.025660435012214135,-0.016980520746448173,0.32784829970518575,-0.5400693530279802,0.050603983170246815
2020-04-01,10,19,-0.4105473180782902,-0.04182467708834841,-0.027998350694786355,0.025850226638425487,-0.6711092041949105,0.04366738467270066
2020-05-01,0,53,-0.2413553824896324,-0.03490453007800915,-0.025812594663285712,-0.6434092285693007,0.16891782728738092,-0.10917908824921653
2020-05-01,1,27,-0.12206171378816093,0.00574280836932002,-0.003671567437471002,0.783692282568145,-0.831925326868563,0.1434590744936264
2020-05-01,2,26,-0.0362481371665848,0.0011962502485883281,-0.006193422252161772,0.9280865754145513,-0.8884527216792015,0.0984634876035291
2020-05-01,3,27,-0.19831830256285357,-0.01936313994441444,-0.021824312684123864,0.7642506931751094,-0.818114008390429,0.07769461536819476
2020-05-01,4,26,-0.00947030431001463,-0.0033222777141386356,-0.00033850066318763473,0.9774722711632372,-0.8082042666259837,0.09429879214854522
2020-05-01,5,27,-0.22696884238839818,-0.01463547710250331,-0.019214056318221817,0.6556744450777896,-0.9082745018750598,0.07521801497215838
2020-05-01,6,26,-0.209234584156729,-0.01590667686388655,-0.015306017391039864,0.7493959980997104,-0.9337301860106051,0.07895331642601464
2020-05-01,7,27,-0.3432452341822348,-0.022250371721994802,-0.021359654827003898,0.4889205877807483,-0.8087355358714362,0.06997614416979925
2020-05-01,8,26,-0.19402215776176948,-0.004030310883006852,-0.0023243605137258988,0.8584001908182197,-0.866202551625348,0.07546885131150512
2020-05-01,9,27,-0.3308448894811821,-0.020447583524095342,-0.022523428758381855,0.4380975051309341,-0.8389087422992332,0.05390548498976484
2020-05-01,10,26,-0.36341709627779334,-0.02916172170868913,-0.029484162100756713,0.14028305399884428,-0.6630074995811821,0.03427998624440988
2020-06-01,0,51,0.11049773366044188,0.03437238935177433,0.03370673090908992,0.40993523554072886,-0.06601029171332029,0.012306482363046801
2020-06-01,1,26,-0.34142668983724955,-0.04816445850276208,-0.0466137516053493,-0.08688462155416854,-0.5900097228560846,0.009944987262621718
2020-06-01,2,26,-0.42845728491649226,-0.052503169359447814,-0.05238324116703242,-0.07778258338860808,-0.8093334256799181,0.024351720674554326
2020-06-01,3,26,-0.36758344008056026,-0.038795939489242474,-0.03949600015463335,-0.10536194359180663,-0.7071381412117799,0.013842070261175997
2020-06-01,4,26,-0.3032685876885076,-0.026194822039745085,-0.0290456693393986,0.17879814282240789,-0.6590422127087764,0.023097366984066163
2020-06-01,5,25,-0.3878305969937984,-0.03941348738015531,-0.03382788178073941,-0.1280959617105912,-0.7459522877945031,0.02054903910050894
2020-06-01,6,26,-0.2198826069538398,-0.023827560385274258,-0.018068676604331937,0.21509625742676858,-0.6443949992060111,0.03248198366169635
2020-06-01,7,26,-0.13381441537904443,-0.012210123845994526,-0.015915500820064453,0.6777245935447994,-0.8896742823285119,0.05122229788068627
2020-06-01,8,26,-0.25419116203445785,-0.028157029870873936,-0.025838029746383884,0.20112073507340697,-0.7209499344609641,0.02147123887994446
2020-06-01,9,26,-0.3991509259434877,-0.026839909789692678,-0.026083215240613765,0.17915993388961515,-0.8844217624992529,0.03174054979785328
2020-06-01,10,25,-0.23092895617680767,-0.013792069150987754,-0.01290702069625938,0.3230506139865603,-0.6560200145694048,0.02225146962566852
2020-07-01,0,53,0.4054743665050214,0.06270646948126869,0.05503654123819377,0.7866289625910431,-0.07122879047801622,0.025792747725585367
2020-07-01,1,27,-0.4855509367915806,-0.06672494485611984,-0.06688478792720912,-0.2968746128214355,-0.6808251356006336,0.01432124230721833
2020-07-01,2,26,-0.2924926757941011,-0.04825231918843941,-0.04593511143192909,0.020571397551823942,-0.6435385686903121,0.034599405835253824
2020-07-01,3,27,-0.38253541539855124,-0.05581172339232305,-0.05717577606590143,0.11306931318822842,-0.986289748332942,0.05559074644152028
2020-07-01,4,26,-0.036430855785238636,-0.001972130800267126,-0.012328300891698191,0.7679195310375599,-0.7382307193807403,0.06398601521983058
2020-07-01,5,27,-0.3950393158440305,-0.04323142544622579,-0.043645970301014185,-0.050832198400265594,-0.8238706642976427,0.02674042197615701
2020-07-01,6,26,-0.11925603037382124,-0.013489535251132244,-0.01950424695285256,0.4496695834673998,-0.6702720107900441,0.04605565150446292
2020-07-01,7,27,-0.18591982331791834,-0.01823328342464863,-0.022714903443768395,0.22376257222315343,-0.649887210969105,0.034536764362101596
2020-07-01,8,26,-0.3273632358486036,-0.02825639025375706,-0.033649782498434824,-0.05783966346026048,-0.6393516966380037,0.017399616341870847
2020-07-01,9,27,-0.25772203240936886,-0.02665837074684745,-0.031555996919084915,0.04086877245999997,-0.663837823592973,0.0192212994701332
2020-07-01,10,26,-0.08007657028655922,-0.0040184753748511385,-0.011848246689015345,0.4897543497696076,-0.7520539260786498,0.0401139900328037
2020-08-01,0,59,-0.4261637242145229,-0.023102201695684325,-0.022093438534071128,-0.2354822292881147,-0.8017543691034367,0.029346387832137787
2020-08-01,1,30,0.04512506378212546,0.00253962447914828,0.0024619704704130765,-0.5831111067558505,0.7433228124119264,-0.051176722770097216
2020-08-01,2,30,-0.12767460248596008,-0.01567724180877297,-0.015147698405372525,-0.5314899511550937,0.2791084383105707,-0.024767752599191954
2020-08-01,3,30,-0.10893897273095088,-0.00771222082202098,-0.009832884472438484,-0.580636642670283,0.40163512494009146,-0.03073636203875239
2020-08-01,4,30,-0.36801685733908307,-0.026857320553883655,-0.031764811796519986,-0.3937580523892387,-0.4875774169868619,-0.0003420563518501174
2020-08-01,5,29,-0.2310200179978371,-0.016940142983177805,-0.02064212608499083,-0.2089243972409224,-0.30562340922226605,0.005575754622033026
2020-08-01,6,30,-0.06674418681752643,-0.004322097546235113,-0.004989929923683894,-0.4764146826476709,0.36420562064529877,-0.024523758949973138
2020-08-01,7,30,-0.2725896735100912,-0.016286191438885645,-0.019077185990447502,-0.5099977752021942,-0.11699912124403443,-0.018113045705689824
2020-08-01,8,30,-0.19487145936877243,-0.005200116747713192,-0.010505079807151253,-0.5850533047898193,0.1595040753497415,-0.022209897827230266
2020-08-01,9,30,-0.30573581820016654,-0.016327424875306727,-0.018655556783718368,-0.6188666165536353,-0.04486863189150534,-0.01761571514099059
2020-08-01,10,29,-0.3810386604323975,-0.020562577216536045,-0.01963146806365805,-0.8185933360439652,-0.058431556691510185,-0.02183033493795943
2020-09-01,0,59,0.38147301274565193,0.0361031439904941,0.034561829954258966,0.9499038539812682,0.11751488148876832,0.018135696052893523
2020-09-01,1,30,-0.1520840331533404,-0.02104836305083917,-0.022721173447131544,0.37380684511690043,-0.9209614172620927,0.04787636733223482
2020-09-01,2,30,-0.181105981362845,-0.02455003677864946,-0.02343494295733429,0.43472374056963414,-0.8785155215850045,0.051226508263122014
2020-09-01,3,30,-0.032386333731458085,-0.010782368742950561,-0.009876910665414955,0.5660519788148743,-0.7648368731963411,0.0531016772760045
2020-09-01,4,30,-0.13886880612642347,-0.01271403261337196,-0.011830987304588174,0.4907210693828334,-0.8346161293569907,0.04633890671725105
2020-09-01,5,30,0.2019167136760892,0.008394780378383928,0.00842252821066934,1.1705134049360453,-0.8750142114908228,0.08547303583755919
2020-09-01,6,30,-0.10322411549915787,-0.014115442395047962,-0.01846438273977073,0.4971799056953261,-0.7564204522577626,0.038662748445874806
2020-09-01,7,30,-0.018850390220496362,-0.004036034499160223,-0.008190646242822005,0.8608328151413729,-0.9159084646267696,0.061174799925088834
2020-09-01,8,30,0.12286303147230979,0.0007103940471221069,0.0009685283150578705,0.9321192389751888,-0.8721981964787725,0.0634946886028315
2020-09-01,9,30,-0.11347083136856002,-0.01311510449788859,-0.012039797378208835,0.5701502911170075,-0.8045625685157399,0.042292345455833893
2020-09-01,10,29,0.22938897959231153,0.015054780939654932,0.011840656507127425,1.3237106990981686,-0.8034465357733244,0.06601206338512834
2020-10-01,0,57,0.47690688203047293,0.055084709719015704,0.04608733621241691,1.4470240102408058,-0.5549130815842298,0.09315237798379711
2020-10-01,1,29,-0.3873529469320824,-0.04871686648928677,-0.042089702265549894,-0.5177225513601322,-0.3015975449280522,-0.009789138116310077
2020-10-01,2,28,-0.04593645836092898,-0.007574134425153649,-0.007494532920749172,0.4769366255839648,-0.6258393286545374,0.055317065693729205
2020-10-01,3,28,-0.2822131013512206,-0.023876578840089042,-0.024329715995341134,0.013786659497993792,-0.6390038447504279,0.030414596569494457
2020-10-01,4,28,-0.1252987711885622,-0.012350832494288326,-0.013574569457566427,0.4232981333068206,-0.7213691258617422,0.06799644509097831
2020-10-01,5,28,0.2653830665678949,0.027768148682304063,0.027696950929937632,1.2243423531996975,-0.8110670407130632,0.12186169150483851
2020-10-01,6,29,-0.05707082293557384,-0.005023441792312955,-0.00814967551010022,0.5168048271317132,-0.6921728508844989,0.061116321609430146
2020-10-01,7,28,0.06650588361856721,0.005932909871338549,0.0031609339833489473,0.8721325693289599,-0.780910483556838,0.08190173646671255
2020-10-01,8,28,0.04665414132018194,0.006795742675076652,0.0022117379991586097,0.5316902428087071,-0.520360536248245,0.051553414418655345
2020-10-01,9,28,0.5271812280828908,0.03496086441537893,0.03526916479699096,0.9561380285175177,0.05749727991357464,0.07153278985762028
2020-10-01,10,28,0.08955393509839057,0.006367843229728937,0.003997633946867012,0.9293014588806736,-0.8565106265122819,0.08336323986748703
2020-11-01,0,55,-0.6991574623110056,-0.029709525613130644,-0.047136705069141666,-1.3648855471194126,0.33864980222028374,-0.06742614721828354
2020-11-01,1,28,0.23351426604886688,0.012146155645526981,0.014800107376399101,0.7210358349293536,-0.4749054446058584,0.04300675688190798
2020-11-01,2,27,0.0031438663690506927,0.0077937112762138825,0.0009922629048672348,0.7062764474711485,-0.7423149115228922,0.04536005457424804
2020-11-01,3,28,-0.004278864079804585,0.00013211352720104316,-0.0028846543060111296,0.6139585201377689,-0.610093932179827,0.03904164911887664
2020-11-01,4,27,-0.20052874946121757,-0.015629830440435623,-0.021959499390345878,0.08643881240384853,-0.7853856892563399,0.020477738865168904
2020-11-01,5,28,-0.2592412256554008,-0.011905145253914857,-0.022788386483849475,0.5437744121803829,-0.7145517093568589,0.025747616850580465
2020-11-01,6,27,-0.05374701138525245,-0.0002821328210463701,0.015492219008500526,-0.10897813889571267,0.9949759552356497,-0.009079962919791929
2020-11-01,7,28,-0.20312712273865904,-0.01513397307412622,-0.02243028657710699,-0.042663301592710846,-0.6276581722123327,0.016268637456618964
2020-11-01,8,27,-0.3683284631601218,-0.02469386588467583,-0.03961426638168262,-0.19995671783754132,-0.8302438628507971,0.00791726643114937
2020-11-01,9,28,-0.3496589989244777,-0.016663208702860265,-0.03347963440260061,-0.3942177058481972,-0.4384668560398139,-0.012210920476541213
2020-11-01,10,27,-0.46564319626213874,-0.017563369967603663,-0.032336597692742566,-0.6438497121900588,-0.13625564238557467,-0.024419390336375562
2020-12-01,0,60,0.016370197177743684,0.0017068714722311218,0.0030724667284901305,-0.03410487792704525,0.03577425197125195,-0.006316262282417162
2020-12-01,1,30,-0.24895018258316248,-0.008183068331400992,-0.01575798496089308,0.45184694026977973,-0.7084271627453848,0.041341556798625174
2020-12-01,2,30,-0.06849243534919465,-0.0033062447605560112,-0.007742956992889639,0.6915183358773831,-0.7555515053507492,0.0544032751044953
2020-12-01,3,30,-0.2857589719090163,-0.01596475709324242,-0.013588827953664688,-0.02854634595482096,-0.5046104958337237,0.02052855208728556
2020-12-01,4,30,0.08389911436689809,0.00981224273013063,0.007842276510739366,1.0137358210854164,-0.7188239550627754,0.06474110950394205
2020-12-01,5,30,-0.1197022131423899,0.005775224080163885,-0.002437814040895267,0.4665257489792689,-0.535919884347742,0.04011708197414846
2020-12-01,6,30,-0.16120242740262333,-0.006209306592462446,-0.0056022338905074584,0.33239664597480595,-0.38033007889445697,0.030008108716492145
2020-12-01,7,30,0.004478263925054608,0.008733887083942878,0.004343566496336737,0.7502884638980388,-0.5162674207899934,0.04468632027576856
2020-12-01,8,30,-0.08758637520046729,-0.0013576291946403348,-0.0020453322880715037,0.6820947411863966,-0.7615813723455751,0.05153359398317001
2020-12-01,9,30,-0.013906252429520812,0.0016067839588492319,-0.0019399344415140531,1.0068468240302264,-0.8784268851749568,0.06532937051533018
2020-12-01,10,30,-0.2325799854054188,-0.00647619685916987,-0.012685518232402949,0.4177420623427345,-0.6726529107741328,0.03502529451620801
2021-01-01,0,59,-0.24317657871763443,-0.006059800950033049,-0.011848286144300259,0.07217600848199403,-0.40325742236609496,0.003793520661392165
2021-01-01,1,30,-0.11209948271476856,-0.020045154753548632,-0.016079563735821457,0.07763808240137689,-0.4254289754671001,0.03449285525432647
2021-01-01,2,30,-0.1966226484368912,-0.01251391266671431,-0.014024517194262608,-0.16042780801588116,-0.26035830583634506,0.010954347754097652
2021-01-01,3,29,-0.3881773327557782,-0.027421898937261664,-0.028394558009395807,-0.48855203499064165,-0.1969641773541143,-0.004644166364207759
2021-01-01,4,30,-0.297702414363873,-0.026801201988288826,-0.025998655737227237,0.029690411465334125,-0.7587234572090333,0.032056755406837445
2021-01-01,5,29,-0.2677975931752519,-0.017946386924835103,-0.02265939970549464,-0.2400849339486138,-0.328974878747852,0.005838329458598194
2021-01-01,6,30,-0.3810974962773832,-0.03267104000889406,-0.036496167548848504,-0.16809951192203917,-0.6979559174014134,0.021353209842126433
2021-01-01,7,30,-0.4976998959196914,-0.03986363454549112,-0.038953716297446164,-0.4321128149659197,-0.5373712239992774,0.006857158573125311
2021-01-01,8,29,-0.263799622976031,-0.022550747997049224,-0.024625629973167865,0.15077577435172626,-0.7261271317851715,0.040031395334323795
2021-01-01,9,30,-0.2615847542432538,-0.02225871706694849,-0.025550299207514768,0.1034484460178864,-0.6964688439858484,0.03768625761136775
2021-01-01,10,29,-0.355276061432403,-0.02610495570358168,-0.027927849880121716,0.14981409088337092,-0.8286863978331951,0.03828637591571864
2021-02-01,0,61,-0.23072023605219077,-0.021258888844426938,-0.013699377448571743,-0.24596131071661126,-0.360708030328166,-0.0010460234319810066
2021-02-01,1,31,-0.10144599813768636,-0.0030955086720540264,-0.009713176597568601,0.2915889143006507,-0.4643610271799917,0.03420667425994837
2021-02-01,2,30,-0.18146429329819572,-0.015405509125146367,-0.013708809478263462,-0.305742087999431,-0.15213685018983092,-0.007367250243231445
2021-02-01,3,30,-0.17239565245188643,-0.0127592867077607,-0.015815024599600474,-0.03226842119843876,-0.3352296395678838,0.014394344957200015
2021-02-01,4,30,-0.22752511874827835,-0.01928091741807905,-0.024201525514593446,-0.4172957304908888,-0.10474477950514115,-0.015361428884989608
2021-02-01,5,30,-0.328502507224094,-0.02330119336188509,-0.024568945413484627,-0.004586644594069174,-0.7254136433675711,0.02350331265123954
2021-02-01,6,30,-0.1419950159688499,-0.013138694742342354,-0.011518169196886122,0.29210338236876615,-0.570780390162657,0.028478018792122858
2021-02-01,7,30,-0.2107785074856433,-0.024988200181207305,-0.02731304187527007,0.32754143004592434,-0.8771964505597105,0.04099753110626015
2021-02-01,8,30,-0.004971284903577408,-0.004272421131061955,-0.008235195530250485,0.6358106016081952,-0.7263081149380316,0.04112107875099455
2021-02-01,9,30,-0.2046609633062375,-0.019026057148468792,-0.023804497607426943,0.3757842586924517,-0.9319501220403735,0.034543016777898804
2021-02-01,10,30,-0.3321662341898771,-0.024354397516480965,-0.023412554046140344,0.04562760358403944,-0.8250690575081577,0.03316065082796736
2021-03-01,0,57,-0.13063183691521182,0.008025546463830602,0.001709352863530288,1.505413219842723,-0.5276558094852345,0.06350250080257445
2021-03-01,1,29,0.15905163674693867,0.01143920627186554,0.008277253646444879,0.5571770019116639,-0.4723441905147655,0.013967257563496536
2021-03-01,2,29,-0.08813604775337971,-0.004963307959140567,-0.0053698046662574135,1.0010384273076012,-0.9633621487128776,0.06081775263778359
2021-03-01,3,29,0.1988958393768923,0.007779146264396483,0.009524393411142855,1.5736986075889003,-0.910486103102295,0.07082134098958885
2021-03-01,4,29,0.17859864327119668,0.010002688694074786,0.01004762272830913,1.587468495800323,-0.9513532608391396,0.07252723234557683
2021-03-01,5,29,0.03628603711868463,0.003999500630857188,0.003825644523049375,1.3660318967158027,-0.7924528878060078,0.052584405288444616
2021-03-01,6,29,0.007345530958310009,0.001122997981212595,0.0014518702542480394,1.4054443313030798,-0.9414785624750925,0.05859914121217315
2021-03-01,7,29,0.3633505205373926,0.014648283226408456,0.01666933314813113,1.8337384946916404,-0.9940591502001809,0.07292614045672706
2021-03-01,8,29,0.5700376356979221,0.032097062184114955,0.033654062124747766,1.7384277017696137,0.12900475857558438,0.04675617450733016
2021-03-01,9,29,0.0869763304585831,-0.003728789368783977,0.0016580421719252704,1.4417641601257127,-0.9955532219110259,0.06471984537374556
2021-03-01,10,28,0.028419799831726846,0.01946475273569614,0.009986606509975167,2.062590221754387,-1.0,0.07746975836607099
2021-04-01,0,57,-0.016873864414697126,0.01752042459239766,0.0069964679717926855,1.12456036741329,-0.3457296591731982,0.04765832927164035
2021-04-01,1,29,-0.2348934737005911,-0.02143919198961835,-0.01957172807027603,-0.11205834481308283,-0.4618548284968057,0.0068603713071012425
2021-04-01,2,29,-0.46079161295651555,-0.03195093781797225,-0.02980747210344056,-0.2915392196114662,-0.6312192207829893,0.010839435080231438
2021-04-01,3,29,-0.14858117180841612,-0.020290936232042287,-0.013239214597922657,-0.0007046352446749387,-0.48278853964210416,0.01870912490600301
2021-04-01,4,28,-0.10276603686610007,-0.008518467081794188,-0.008939241587091501,-0.015073580452345232,-0.23957000962626834,0.0018202988343378826
2021-04-01,5,29,-0.40130020182513404,-0.03373560261911147,-0.027949355075979516,-0.34238909074711577,-0.533903789550359,0.0072763289456557285
2021-04-01,6,29,-0.3309686119094063,-0.013833436697294425,-0.015169596638677271,0.08010927182569694,-0.5604456980362,0.02567794682785113
2021-04-01,7,28,-0.3073376960541954,-0.01669864257167965,-0.020159626287049686,0.17430712095472548,-0.6446768569781856,0.027443978595965174
2021-04-01,8,29,-0.31556678340384997,-0.010663813611337562,-0.01665489227049377,0.33221605270543086,-0.5268045837152823,0.035995751467357326
2021-04-01,9,29,-0.3023176520471675,-0.016660057704405047,-0.016348795107320145,0.7061478035833563,-0.8024047728422437,0.04615452479449288
2021-04-01,10,28,-0.25176733811528823,-0.003918767397220689,-0.012575260098483346,1.0125020226002073,-0.8075844876700039,0.05451870057874159
2021-05-01,0,63,0.10247718813497204,-0.002236962510501017,-0.006176670558253083,-0.7225946369792609,0.5483056154104031,-0.05281233542938252
2021-05-01,1,32,-0.07078846132801578,0.0008202599968048503,-0.0017808179988332566,-0.11697448055994444,-0.013154844207863392,0.011438368848876553
2021-05-01,2,31,-0.04660396677699181,-0.002969312793632464,-0.0045172257438659,-0.5534393095773943,0.29777847356659093,-0.02028576919630624
2021-05-01,3,31,-0.13516977625062768,-0.004793488651390103,-0.008508995101676242,-0.42015572703344867,0.13719378257230477,-0.013617023414885987
2021-05-01,4,31,0.30030284126481427,0.017771569063666573,0.011081870064438129,-0.22802297184789183,0.6793353099961565,-0.025976512917508625
2021-05-01,5,31,0.005298725513007792,-0.0003012835945282988,-0.004361795448356981,-0.2369628506042108,0.11299284073186218,-0.007795000145425027
2021-05-01,6,31,-0.09101073481669639,-0.009557312444837552,-0.008449543008242256,-0.7303667990600523,0.34357666112116086,-0.023493702194102253
2021-05-01,7,31,-0.09641392348003838,-0.011740067873481386,-0.01199463142061427,-0.4580854226720459,0.02119518367174398,-0.011500687558450257
2021-05-01,8,31,-0.09730929954927171,-0.00935816414283579,-0.012948590475946747,-0.5248986446963623,0.21995722083904976,-0.021244530647646524
2021-05-01,9,31,-0.0048540065304482965,-0.00021321861549532026,-0.005874022660916926,-0.7527750205123553,0.577511710803991,-0.03682762221270885
2021-05-01,10,31,0.031688726806956266,-0.0014167025136961665,-0.00795748855708634,-0.8395691175392053,0.5351507712025397,-0.04137396658050596
2021-06-01,0,63,-0.21371644872982642,-0.009312726826717523,-0.00040836182773762095,-0.5009225102607785,0.06089997062822755,-0.013624541285902708
2021-06-01,1,32,0.33548218462696816,0.012903768160984291,0.00535979438662717,0.335744860296089,0.14343259263329056,-0.00030926384747699195
2021-06-01,2,31,-0.03341754738743712,-0.004411486671676094,-0.0048913940619464795,0.23106852160798724,-0.4801600940459354,0.008546649466515325
2021-06-01,3,31,-0.18482221397846404,-0.010692671455467987,-0.012788235374482659,-0.12768007523985353,-0.32711567178152967,-0.004384136757919735
2021-06-01,4,32,-0.2527843606756182,-0.010195810532500958,-0.009396164333483007,-0.0977619202184507,-0.4156344759737165,-0.000903350560699543
2021-06-01,5,31,-0.08062993442479993,0.0003829160204009894,-0.0005256234646586667,-0.07667323179439031,-0.08079009643510353,-0.01127053298476515
2021-06-01,6,31,-0.30197188577200856,-0.013827931850296057,-0.01518577381273794,-0.2443922553044004,-0.4903528963980348,-0.00012477852224871303
2021-06-01,7,32,-0.042050010435945986,-0.0019204076779030066,-0.0010519721225203912,-0.1889969835005844,0.035704039098681736,-0.015607337798366053
2021-06-01,8,31,0.0380341449764929,0.006157332869841365,0.005510992490331232,-0.22154346436367606,0.2443380009298923,-0.025739389031011934
2021-06-01,9,31,0.12421326246220593,0.010806443761976188,0.006652703058436545,-0.16810717277935383,0.2106353600021945,-0.02318703378732503
2021-06-01,10,31,0.12176573589714174,0.0035910413342667685,0.004951432558889549,-0.1651776499646895,0.2043325632615181,-0.0139338051333797
2021-07-01,0,59,-0.07639802829016906,-0.013863424525790192,-0.012349038816802368,-0.2582783603318982,-0.07314617774894527,-0.001332659607749611
2021-07-01,1,30,0.04966577493451585,0.002753642815789774,-0.0017699570921925608,0.48893594833917897,-0.44413538181201917,0.024326939126940242
2021-07-01,2,30,-0.13628655846728427,-0.0077380915070260235,-0.012815734599776718,0.17989030105061687,-0.45570807002548086,0.014192551396260088
2021-07-01,3,30,0.05261342309424814,0.0008423880061900438,-0.0029671404114354,0.3575986947020972,-0.5404212175580317,0.024920603160587064
2021-07-01,4,30,-0.007011483223484686,-0.005480194639555304,-0.006872627864130764,0.1701329662513397,-0.4779143180625574,0.02234270420022835
2021-07-01,5,29,-0.05349676830806265,-0.015193589246849598,-0.020999218947208458,0.4855544846695942,-0.8565202380565052,0.02964698304465209
2021-07-01,6,30,0.02469578513510517,-0.008132395793077783,-0.008394506339183448,0.32466617786810187,-0.4790099402043548,0.020826539766216172
2021-07-01,7,30,-0.054462448572472726,-0.004055488846175339,-0.014322784186688612,0.2683913677334297,-0.41817421776793634,0.007547394568405922
2021-07-01,8,30,-0.16609010379546707,-0.0155034734617624,-0.021528551665297307,0.09490365282738147,-0.6250410481911316,0.016053148734887838
2021-07-01,9,30,0.007006041354511757,-0.004118102874195758,-0.012282096692804147,0.3076480899476073,-0.5862532306354583,0.020143028170645637
2021-07-01,10,29,-0.02673225335565321,-0.011109781710000419,-0.014118995908994928,0.23065758800728073,-0.5172815595609644,0.02299427951919063
2021-08-01,0,63,-0.17696751868001448,-0.007835279916394728,-0.01257057646935,0.4084465781048984,-0.6525269027856062,0.03206467926877419
2021-08-01,1,32,-0.14150828976710061,-0.0031776906333929045,-0.005794518037002771,-0.7462230199250525,0.3472589841914708,-0.037048191466567376
2021-08-01,2,32,-0.26450007979069234,-0.012684631826768177,-0.02053716536359248,-0.5991122807389512,-0.019569585762796965,-0.01621596473320012
2021-08-01,3,32,-0.24937521314450767,-0.008560146849557151,-0.013294185431815675,-0.6395805276709272,0.1556632939130984,-0.019576619928430208
2021-08-01,4,31,-0.04105359692032233,-0.0042705220479082335,-0.00571543273482314,-0.6061655178098522,0.5563007416866684,-0.02435661707663873
2021-08-01,5,32,-0.25942440674356426,-0.01288703723958678,-0.018490865096592826,-0.7395547765318238,0.23245712718741018,-0.024609670647403725
2021-08-01,6,32,-0.1351917533248035,-0.004564149463088908,-0.012575865789642255,-0.4677661835596617,0.09323409731871213,-0.012334791549340824
2021-08-01,7,31,-0.294708097452323,-0.011567636501465514,-0.02011311670220435,-0.5817780635861685,-0.11739907559090748,-0.01582435057088193
2021-08-01,8,32,-0.2665800284921217,-0.012267367685804907,-0.019284520326879676,-0.5535620972472449,-0.029634180606868267,-0.015381811056575538
2021-08-01,9,32,-0.2483453625630399,-0.01269912629322028,-0.014760674115809263,-0.1772759074615781,-0.44593080984537165,0.011242264655161004
2021-08-01,10,31,-0.3184758084471151,-0.011012970549787632,-0.01836509450635277,-0.3377764418201541,-0.30526791859413543,-0.004983512197793185
2021-09-01,0,67,0.10448244472255457,0.014246635307081517,0.005468871484279819,0.7494421633121074,-0.5270727702207669,0.034467181115769574
2021-09-01,1,34,-0.017111484525335518,-0.0029114571871959216,0.0018517193757326387,0.12075064975833598,0.038052092574257096,0.00361115216395674
2021-09-01,2,34,0.03940430948491261,0.007955869960266064,0.005687911752813226,0.6078678347139788,-0.32788222993785837,0.02550768811899962
2021-09-01,3,34,-0.1364313205426523,-0.002928569628649536,-0.0035302949551003194,0.4595936885166654,-0.610483370476539,0.03306150864891756
2021-09-01,4,33,-0.07579173010265668,0.0009721138131942228,-0.00046736525036053387,0.3432466626904685,-0.4908341552603646,0.03145624990757631
2021-09-01,5,34,-0.03823384996000939,0.0021847667490541138,0.0022354239494773672,0.8902571445162615,-0.7657999778951101,0.05518871734751146
2021-09-01,6,34,-0.08219618119137614,-0.0017870828350907506,-0.000022735224900057448,0.8104813057967495,-0.7666711430102331,0.05129351730242135
2021-09-01,7,33,-0.08972985373617144,-0.006367143858195341,-0.004369728886948235,0.392627030566318,-0.49080519566567593,0.02921880555466244
2021-09-01,8,34,0.6459669668992936,0.05409876142443911,0.05178084738688271,1.640722337096641,-0.2883018672820854,0.0808307514139776
2021-09-01,9,34,-0.08405341904442007,-0.0011047370878647545,0.00017681209596722686,0.820258434663884,-0.7893787967694577,0.05986574422741848
2021-09-01,10,33,0.08737096019721904,0.011335178119885596,0.007320590860012457,0.8701928130704434,-0.48902067764650986,0.03807833327972632
2021-10-01,0,65,0.4676342899548762,0.03122316597050477,0.024345158613712232,1.136251893635488,-0.039521274008645135,0.025239763819511953
2021-10-01,1,33,-0.22483248587084628,-0.01304375815832777,-0.015242192189756277,-0.23318245938613094,-0.25515098313816253,0.0014463751456695434
2021-10-01,2,32,0.32091059002330313,0.026022881594628372,0.02262451043956831,0.8686907123463788,-0.33137793925411907,0.042536391074739555
2021-10-01,3,32,0.14786593089039635,0.01070565942152715,0.007907148497726262,0.07638073351901245,0.11480284128876136,-0.005204310497813627
2021-10-01,4,32,-0.06582449599950686,0.0016484907007611113,0.0002053605391906764,0.2822825126543671,-0.27407748615890903,0.016694742925944053
2021-10-01,5,32,0.2863273544546014,0.017119550970136697,0.015665348367869165,0.7409333904781708,-0.1977408559720081,0.02304168564149985
2021-10-01,6,32,0.12912093604673788,0.006257112945923312,0.005470849883202207,0.41668958535116873,-0.2583572661276336,0.019828141194945855
2021-10-01,7,32,0.4312800690173088,0.022990225520109063,0.02477115712925728,0.9432696539876376,-0.2669026494855239,0.04420224802208436
2021-10-01,8,32,0.08950686490424532,0.0019519375214750636,0.004283565101875143,0.003306093928866341,0.018321066706019767,-0.006310196711535706
2021-10-01,9,32,0.05418924800095247,0.006274074449412415,0.0005643053527808195,0.12603049699048188,0.013125444717418257,-0.004505826769500038
2021-10-01,10,32,0.24280180408402993,0.018179407812177,0.009102966423955958,0.9030694342493569,-0.29467225714680767,0.026686138965181495
2021-11-01,0,67,-0.24565880951536248,-0.0025945653839329714,-0.0009812175716942036,-0.8843934034924563,1.0394029593694418,-0.048645006761781795
2021-11-01,1,34,0.20384259503976332,0.007163879615314162,0.005198960787281957,0.21529775649806268,-0.17907326980542543,0.00011236388333044568
2021-11-01,2,34,-0.017378831627831815,-0.0072542916842257155,-0.005833856426580752,0.08757197221924296,-0.2921679071996291,0.0070193310429576905
2021-11-01,3,34,0.018181525167609392,-0.002261567554714673,-0.0032665608065535643,0.15631405931872092,-0.2417672492372602,0.0021940843223460403
2021-11-01,4,34,-0.19434390091434062,-0.011612222069138384,-0.017417004871906144,-0.2710471863295972,-0.17308472749242867,-0.007901650457739096
2021-11-01,5,34,-0.3194106794708177,-0.014475440556371824,-0.020778578542618734,-0.36508041238803474,-0.28008861787808426,-0.013021042836673716
2021-11-01,6,34,-0.29451622371095965,-0.014173563104945988,-0.018359585128797377,-0.5821511212911232,-0.015242053084312505,-0.022124173316154714
2021-11-01,7,34,-0.05347209493041231,-0.0003867291409326872,-0.00484448415467686,-0.5060159130613907,0.26145821069183967,-0.03306988049156421
2021-11-01,8,34,-0.1061791270930487,-0.0011996292196510808,-0.009728359037058487,-0.4255194891792105,0.32004014024749344,-0.0385602833076594
2021-11-01,9,34,-0.04702735695374775,0.005401939653626451,0.0004763433738354387,-0.4125116250750932,0.4763148679422901,-0.033960627725442595
2021-11-01,10,33,-0.041816214475599155,0.004569314231381191,0.004217743215587754,-0.6690956469943936,0.8603296895640163,-0.04853264287845135
2021-12-01,0,62,-0.05639153869469666,0.006502910945698867,8.430647426118168e-6,0.6297002478235179,-0.8561463084691494,0.03327535167902446
2021-12-01,1,31,0.05031731760297448,0.007955067368525158,0.013489560174211783,-0.6657929295302657,1.181219121673501,-0.05774366892106908
2021-12-01,2,31,0.13214612825880903,0.018358077889483834,0.019710456842452265,-0.5189034850912738,1.04017662577637,-0.05679229221842353
2021-12-01,3,31,0.11855530932039858,0.014250499922795163,0.019127443205682704,-0.285295918728824,0.7971879047570719,-0.02895030554017921
2021-12-01,4,31,0.1317128987486332,0.0178962832191484,0.025932098914324683,-0.14476931122892178,0.8385375056230396,-0.032878191905678325
2021-12-01,5,31,-0.1490965527402133,-0.004073155946140625,-0.013627895362132875,-0.4043463679625624,0.33056163292582513,-0.030585975901700545
2021-12-01,6,31,0.14562941031196808,0.012243105687676274,0.01728106788565262,-0.32262661379496854,0.7251822418550665,-0.025249435763349457
2021-12-01,7,31,-0.15359681400291658,-0.007634475429793547,-0.008786892613625863,-0.3652349823361653,0.1805658471521105,-0.021635366577566293
2021-12-01,8,31,0.07243481425799557,0.011465811615658955,0.007333619676429688,-0.473469402293503,0.6787202543097925,-0.04528432459394236
2021-12-01,9,31,0.0903308381332313,0.00991632578457472,0.01091629290558293,0.23631934142973615,0.009988054468880877,0.005492245949888572
2021-12-01,10,31,-0.006074221091722176,0.014457978314224025,0.013497990821637901,-0.036092681706747815,0.32507281320435166,-0.024468317242044617
2022-01-01,0,57,-0.021977102144061567,0.01161303996419507,-0.0008219385188218548,0.13512129836145448,-0.13812384757927504,0.005037653608244639
2022-01-01,1,29,-0.2370402672830519,-0.028351426088389857,-0.01964891974684047,-0.38908427971566806,-0.1664581017923305,-0.00462806410782194
2022-01-01,2,29,-0.22048096271002562,-0.020906276221453315,-0.016435093706587207,-0.5372621481838608,-0.04066076472009312,-0.018243907374321352
2022-01-01,3,29,-0.10660949829842348,-0.017037919903333837,-0.010322046684257357,-0.5825237933567919,0.24162700477817328,-0.024523573202491458
2022-01-01,4,29,-0.234945405048158,-0.020619989880552286,-0.018326624366458866,-0.47613541552681066,-0.1495623811970714,-0.013428326934027313
2022-01-01,5,29,-0.13720551098043973,-0.02040801816967034,-0.015080257438208037,-0.20309043680741354,-0.2493159327820179,0.011375898702561723
2022-01-01,6,29,-0.26374442392787034,-0.028082963680187943,-0.024916533233694648,-0.4545675760585877,-0.3004267530202353,0.0025057530522382553
2022-01-01,7,29,-0.39711960665680063,-0.03256683462419361,-0.031932740638188226,-0.2848046026712262,-0.5210457546389483,0.007498330446426782
2022-01-01,8,29,-0.36997294631083394,-0.038079201826669705,-0.03666725638939419,-0.16399229152621347,-0.6916040616201115,0.025451923992339906
2022-01-01,9,29,-0.24998083978589636,-0.030317865128435276,-0.030475979816305114,-0.20540993299206706,-0.5225091878505059,0.01982232503849601
2022-01-01,10,28,-0.25901736942711345,-0.016738386124194787,-0.020470858265662323,-0.2539629813542136,-0.30458194937160554,0.0004095895004226992
2022-02-01,0,57,-0.10827636951998029,-0.013411334867902365,-0.009937720289537127,-0.9647276089975736,0.3404919795532939,-0.05979608359241566
2022-02-01,1,29,-0.07115747622592605,-0.0012484848352527253,-0.0043277172559281025,1.1728243060664918,-0.8740186012767076,0.08367945192952718
2022-02-01,2,29,0.10769382393066268,0.005049913843240926,0.00759627201314399,1.0742148306023842,-0.7823925350111228,0.07232097572933101
2022-02-01,3,29,-0.01949441128037827,0.0007383918015614594,-0.0007417774020203711,0.7118576217182975,-0.5974223929911714,0.04767959201837663
2022-02-01,4,29,-0.008101228075378919,0.0029219501997495454,0.0013737506892802437,0.9340355332820697,-0.583399913126263,0.05130306052640809
2022-02-01,5,29,-0.13860318715012954,-0.013322836730873476,-0.009634125997504154,0.47443586232392737,-0.6361338702170303,0.04271995499621631
2022-02-01,6,29,-0.012248933857940953,-0.0006584500923625084,0.00044526829792963904,0.9892112238560354,-0.7094828936191305,0.05802509429391216
2022-02-01,7,29,0.04337972898846541,0.01243733333236424,0.00100458397217224,1.1599844293494646,-0.585846760405495,0.05203084671874104
2022-02-01,8,29,-0.18589676211165648,-0.01299376367270744,-0.007762531545396659,0.4671305518597155,-0.7036127263212244,0.053182993318826574
2022-02-01,9,29,-0.2513183122725316,-0.02149320374619584,-0.01895524844711864,0.0305484192105753,-0.3746296729624069,0.024244739213338872
2022-02-01,10,28,-0.17943384574590635,-0.01465981970315509,-0.01426543754546523,0.20809669706891815,-0.5335266217234137,0.023883368337111518
2022-03-01,0,63,0.259988019711247,0.016579227321645948,0.01531253804964229,0.530523582206143,0.2357222095760073,-0.004385195270575425
2022-03-01,1,32,0.08581398160319718,0.0016016385508030142,-0.00021135740727307444,0.519713413096511,-0.45155293195441554,0.023798894051969423
2022-03-01,2,31,0.13494109391765782,0.010360316125108104,0.009549556615992797,0.0010423833975382278,0.5166567891862445,-0.0127182618287024
2022-03-01,3,31,-0.038058992598456715,-0.007363695021858746,-0.005567022319235883,0.11154742631044262,-0.17685165455586976,0.006020242127296256
2022-03-01,4,32,0.07789180704664364,-0.0028674883630355518,3.968780485633832e-6,0.11935688097782521,0.24271124591729376,-0.009078057297393426
2022-03-01,5,31,0.2165858842106131,0.01692334564555644,0.014926058820900635,0.11630803666922203,0.5618426889169935,-0.022147779746899972
2022-03-01,6,31,-0.04408030885072923,0.0024402228072935997,0.0030827356498055684,-0.2513519321254265,0.34262372282675774,-0.02477191117043116
2022-03-01,7,32,0.20155239405436673,0.018446211000829084,0.019538732527156582,0.3098859403729559,0.45011795023167467,-0.016793918845947865
2022-03-01,8,31,0.284933930528704,0.02145695676947062,0.023064471680014454,0.3057734958112055,0.5889591471142142,-0.025534164195054637
2022-03-01,9,31,-0.1747886915438541,-0.007830615684151627,-0.011895111600056438,0.016998976295408644,-0.11941168205309628,-0.01150615206083425
2022-03-01,10,31,0.3458020013144442,0.01818086587244896,0.015101180642369216,1.050236995302654,-0.21583072237840822,0.019413698781393998
2022-04-01,0,53,-0.06681394401355928,-0.018679194119813287,-0.01054569725751444,0.07885645116603146,0.06593834973850665,0.02650335972014989
2022-04-01,1,27,0.3334930943635505,0.05025452708810746,0.05925511201635853,-0.8464041562137361,2.2660565767109198,-0.11875856670139584
2022-04-01,2,27,0.36447660626897166,0.04624926418938121,0.061827970858506685,-0.9164697304500633,2.6106387207831983,-0.11593911285759896
2022-04-01,3,26,0.10368644913572611,0.019097570079699474,0.020771940919372536,-0.8208189923531334,1.49740512873843,-0.07525842654181557
2022-04-01,4,27,0.1663836781935274,0.03289872206105406,0.03148776460146473,-0.8977013920703789,1.5899759868423489,-0.09796638859409186
2022-04-01,5,26,0.3453967357347279,0.04602494243675186,0.07258497644426473,-0.9620525545587579,2.8948841545465394,-0.12203673411243862
2022-04-01,6,27,0.07588402549397574,0.016309021070706458,0.019312009091414253,-0.8702649956666015,1.4839852556097113,-0.0925877506575219
2022-04-01,7,27,-0.011653543925134093,0.012871900043249222,0.024944875542435383,-0.8831752063033356,1.471949140104851,-0.09019109045141856
2022-04-01,8,26,0.2983787848455814,0.03858257238860015,0.048980921191177175,-0.7540279092539345,2.042493484782928,-0.09798867943633266
2022-04-01,9,27,0.7887910746471745,0.08108297404483383,0.10772403618969416,-0.9140494944416512,3.7651839098039384,-0.14828404767646783
2022-04-01,10,26,0.26667915034999123,0.03157533296829417,0.04870941475884409,-0.7675477050477046,2.3319949264494264,-0.09225520698124595
2022-05-01,0,47,0.5376644941673833,0.04085740133972843,0.05018833179719962,-0.42077392548478454,1.7281408397126616,-0.07277613491878188
2022-05-01,1,24,-0.2465378749991349,-0.024424489186598574,-0.024975636924765163,-0.5707258302553228,0.07876156316356982,-0.01873514752382631
2022-05-01,2,23,0.4253453117961888,0.04756591255629663,0.0322204876998155,-0.8851775005354464,1.6496847806152457,-0.10400025119720724
2022-05-01,3,24,0.34891835600826887,0.029280574117917808,0.037411514604175085,-0.8810888252148997,2.284383810475432,-0.08576872722792507
2022-05-01,4,23,0.06649619250201304,0.011350397928710138,0.005891118411243541,-0.9386752659475887,1.1569010277352645,-0.07623285919176757
2022-05-01,5,23,0.00727155920222492,0.002238698447922766,0.0012058945054364196,-0.9796376811594203,1.050098136342394,-0.06840100777233044
2022-05-01,6,24,0.3081277772112328,0.02086887830667193,0.024001614792242113,-1.0,1.630457428145921,-0.08948753435345853
2022-05-01,7,23,0.33435189036202,0.02246424463261747,0.031548733370578314,-0.9492424242424242,2.0976607621059777,-0.08221633420805766
2022-05-01,8,24,0.17449517347643181,0.008003342335826178,0.011430524111141068,-0.9064553018652154,1.103258099120445,-0.07691402201819879
2022-05-01,9,23,0.21439610852466995,0.022438463774973594,0.01507039621860306,-1.0,1.2542651289767757,-0.0945739961663712
2022-05-01,10,23,0.2911266191682484,0.01643291215312985,0.02521269487243446,-0.9914997557401073,1.8069024028762315,-0.09151128244260819
2022-06-01,0,43,0.3436712862845511,0.04739207463835117,0.04641453911290911,0.24221927849383834,0.5736187873547096,-0.008012503312021635
2022-06-01,1,22,-0.22295095663425837,-0.032561011298566096,-0.02923244787919467,-0.031109395056988186,-0.6280452791604509,0.014307793248650598
2022-06-01,2,22,-0.2609773846696655,-0.03215584223390034,-0.026818219927088452,0.20138111334478506,-0.8179366781775541,0.03618516933422717
2022-06-01,3,22,-0.24647222380539777,-0.030315783014982865,-0.025431355046697926,-0.026753652902109806,-0.7328728604252913,0.019763110388753082
2022-06-01,4,21,-0.5055923930077824,-0.047416108258130384,-0.03776442785380777,-0.24795461761269358,-0.8694928399156377,0.028471556948676615
2022-06-01,5,22,-0.28775076490332263,-0.02939904548683249,-0.023248744765226006,-0.056407895737962635,-0.5846753919908134,0.02169317766402844
2022-06-01,6,22,-0.23889045441334364,-0.032234047361260065,-0.021164959750308573,-0.2629989438717069,-0.33443383357102974,0.0014989049964948794
2022-06-01,7,21,-0.31676334809903334,-0.031018339095894583,-0.026817939443515754,0.10838686031392719,-0.8526501511315697,0.03886994082680223
2022-06-01,8,22,-0.5091515471647452,-0.04821856417671619,-0.03953607198100298,-0.2560374346814887,-0.7143638821025262,0.02002835074976036
2022-06-01,9,22,-0.21638914162126194,-0.031033703357236122,-0.024590170244716204,-0.12239281297154765,-0.521848278919714,0.01537865670511408
2022-06-01,10,21,0.12072032965029278,0.014831063339785077,0.01718209123371444,0.21110988343685017,-0.05442649180574129,0.006295289936628963
2022-07-01,0,45,-0.3385343795972601,-0.021205221629705267,-0.023252779813844115,-0.46643227537254306,-0.06563797689530115,-0.020305055805164555
2022-07-01,1,23,0.2823154327438683,0.006522993658039377,0.00730284234509734,0.7537266873505627,-0.6125760915998987,0.05693519451513613
2022-07-01,2,23,0.1125448038787147,-0.010156403995237758,-0.006738087250906003,0.6818830409283995,-0.7856876693258256,0.06455901337857364
2022-07-01,3,23,0.2793838873734031,0.000688848546356802,0.002140448475061524,0.7108373632177821,-0.6252177845948126,0.05742888072494064
2022-07-01,4,23,0.18465411223627728,-0.017636181148694946,-0.01149384734632975,0.7297407616143284,-0.9882092851879145,0.07709502170667311
2022-07-01,5,23,0.3916507427389109,0.01273689520109964,0.013189907666042038,1.3018914691337256,-0.8759390384688774,0.08233228395952742
2022-07-01,6,23,0.2012955789468476,-0.003501732286430496,-0.002614762611290148,0.8671226935785705,-0.9492951798394356,0.08873737802732473
2022-07-01,7,23,0.14404736800584497,-0.0048980498098737165,-0.007480373714558088,0.8186709868246389,-0.9530057921051787,0.07095407081147713
2022-07-01,8,23,0.21270249158394813,-0.0024843830833684373,-0.0014212511037401288,0.8056190896899771,-0.9239649013055001,0.07032873487743486
2022-07-01,9,23,0.13408497281511791,-0.011795159161329054,-0.005638857890957244,0.5983754772607393,-0.878161053163258,0.06383573498750592
2022-07-01,10,22,-0.056218946853391835,-0.014682227971665891,-0.015949937468746775,0.28729441197801964,-0.6782140684951998,0.036630138709971574
2022-08-01,0,57,0.20839705143279616,0.00456980296379386,0.014881789212512795,-0.12219627956735724,0.48963202997740773,0.006536538922574352
2022-08-01,1,29,0.07311779914981467,0.013111734413279988,0.007760045230145105,-0.6328278677394201,0.7706903090133939,-0.06442919813867774
2022-08-01,2,28,-0.08284351782191231,-0.006926354951300983,-0.010375385332404988,-0.6153128521722782,0.4699920844096912,-0.025081298249587526
2022-08-01,3,28,0.025753765288691794,-0.0034179292353550585,-0.002721665277790491,-0.9476656784890801,0.9428904367007503,-0.05486443212557129
2022-08-01,4,28,0.1682018927435898,0.0099023193366774,0.011172769843358502,-0.7738727653801938,0.9862938088850506,-0.045309341931443946
2022-08-01,5,28,0.10661014180175296,0.0077272992981775104,0.011706734102642571,-0.9804173354735154,1.2997873593883944,-0.06558366277528331
2022-08-01,6,29,0.10952890277391693,0.006777321686111532,0.006156801141222695,-0.9638089212274595,1.114567741682538,-0.06605651488563871
2022-08-01,7,28,0.5030680659786025,0.026102808107389058,0.023263513813128522,-0.8952681528662421,1.8532683623182888,-0.07728367553816977
2022-08-01,8,28,0.13538513112254597,-0.00041056438797426484,-0.0004921018350633942,-0.9532425693360033,0.9370136172220531,-0.051282565631593245
2022-08-01,9,28,0.14518117661196936,0.012823628841632097,0.015444366360609472,-0.9531948881789137,1.2751146609914408,-0.06805111443064916
2022-08-01,10,28,0.28151485058261083,0.01768153737707385,0.0226418344426579,-0.7550241473067774,1.2603223389908016,-0.05789265921610339
2022-09-01,0,51,-0.14086789490031137,-0.009429412926383699,-0.006256828148247674,-0.16220877378670379,-0.13008118682613742,-0.016870504490538424
2022-09-01,1,26,0.00848594671096258,-0.005434742927693848,-0.003535909916220108,-0.40197336654699206,0.31799105829803503,-0.020628520793044648
2022-09-01,2,25,-0.026210062113478764,-0.007014177744860526,-0.0038839140728754874,-0.18185583179315337,0.03272534617055622,-0.005076683785159099
2022-09-01,3,26,0.320015201317872,0.012603294737892571,0.013649323743431897,-0.3416551806931124,0.7673168670456536,-0.022930855608502863
2022-09-01,4,25,0.21643203219100163,0.009277917290871619,0.008763648872717902,-0.24078827074374864,0.6285187420842301,-0.01496127819977498
2022-09-01,5,26,-0.463665867134777,-0.049528794765173946,-0.03448868592402947,-0.6264672943418648,-0.33876872944773456,-0.004369369947707877
2022-09-01,6,25,-0.3295808843473869,-0.03981673397221436,-0.02767142953964218,-0.6409890506824795,-0.15354585109308216,-0.005947698476798733
2022-09-01,7,26,-0.1063181944976527,-0.018282291627251392,-0.014112432375127807,-0.6550021756614015,0.27238082041526596,-0.03834714082450408
2022-09-01,8,25,-0.1251118061288329,-0.02035954452618067,-0.010056504814569468,-0.42761526977515063,0.0415527318210281,-0.00948058075049627
2022-09-01,9,26,-0.31033790858192545,-0.0324698118853267,-0.022996861151299525,-0.6473321573307734,-0.05215712997632877,-0.026293681840126468
2022-09-01,10,25,-0.13238194818934879,-0.014864155854077547,-0.009792738064467782,-0.5641821403336958,0.1879098714718976,-0.03749902528358307
2022-10-01,0,55,-0.09145466595885933,-0.01419268711455248,-0.016163772944993895,0.1586607942592848,-0.51973934001071,0.02543119150025554
2022-10-01,1,28,-0.02155945753268305,-0.0032285943864549297,-0.003669538078700612,0.2727781169015539,-0.3537950416707855,0.021947451990163434
2022-10-01,2,27,0.2893612227585551,0.0037690548823916138,0.00853680789384934,1.0455207463336944,-0.9046122307542233,0.07557689777648502
2022-10-01,3,27,0.01900182583896503,-0.00803359924274467,-0.011505281798426725,0.6175949547232006,-0.7933466164835979,0.04575101039205163
2022-10-01,4,27,0.20625310238718852,0.003961741306609243,0.007745423180717397,0.9116725888386,-0.7343286175842123,0.06369563401037534
2022-10-01,5,27,0.1854879418331992,0.0020977859075677974,0.007643312243919981,0.5932528604585373,-0.5322485458288587,0.04941544772242617
2022-10-01,6,28,0.2717952607950533,0.00794155509107268,0.021196779455774518,0.6960372753722374,-0.1808111525007841,0.04832056135578824
2022-10-01,7,27,0.06063195494375412,-0.006540312747746873,-0.005628021123336665,0.7896370091278752,-0.9154888309381255,0.07037914539397494
2022-10-01,8,27,0.15699578028780917,-0.00009394401720923686,0.0025605533551782997,1.044672190047432,-1.0,0.08551340341852663
2022-10-01,9,27,-0.34271584109783143,-0.03411996536745596,-0.03208451288770394,-0.06391619657289685,-0.6789388928591967,0.019349111895852585
2022-10-01,10,27,-0.11301412349154238,-0.01742128150100741,-0.019833311023694507,0.4314389111608387,-0.8735343816814954,0.047378643490418974
2022-11-01,0,54,0.08760097028722369,0.0025138595035208034,0.004715250317263555,0.11816520134347441,-0.017194956362172942,0.02454646034849529
2022-11-01,1,27,-0.31100146279265,-0.011914655872614978,-0.012531838958924969,-0.7213208772955774,0.3478495897320702,-0.05132353816165248
2022-11-01,2,27,-0.32298529694006667,-0.0178548911590354,-0.02042103872346769,-0.4728736689478991,-0.08252581240796962,-0.01872835139858476
2022-11-01,3,27,-0.10381865652482271,0.003942475108464593,0.0068362571078936386,-0.8463603549102638,1.1575365020415351,-0.062336906643967724
2022-11-01,4,27,-0.4013402319668127,-0.01503727030570098,-0.015639333173565428,-0.7018168737820846,0.20295516223052432,-0.03168375448142988
2022-11-01,5,27,-0.30277640253951155,-0.010057518943027291,-0.005480182675229946,-0.8648740702086367,0.7784672504975588,-0.04788209406872528
2022-11-01,6,27,-0.3877278998000959,-0.022022874906136854,-0.023712986394165827,-0.9197712940233955,0.43886361005203395,-0.04488435264992379
2022-11-01,7,27,-0.3311431925839504,-0.01427424735044041,-0.015229124664792823,-0.7160487108295946,0.24889632107590157,-0.03005031781690872
2022-11-01,8,27,-0.18878404720585604,-0.007508759533583044,-0.008085893101102535,-0.6401108797961937,0.4812879214316806,-0.03679094475706507
2022-11-01,9,27,-0.20262050742306742,-0.010566573049869198,-0.01011224275037095,-0.39226622937932815,0.048662238861814366,-0.02303665474917357
2022-11-01,10,27,-0.22340049250542632,-0.009400796369094175,-0.007816588641661414,-0.603155675952103,0.33065463336989726,-0.026777077813157187
2022-12-01,0,57,-0.2887062053226459,-0.023467147233458878,-0.02012802496187277,-0.7239713528406715,0.1753892279915289,-0.04185994735806157
2022-12-01,1,29,0.14587337830076003,0.010014781227504602,0.012142200297923294,1.1367370847636222,-0.8079198829105232,0.0879338170998879
2022-12-01,2,29,-0.024128454106215492,-0.005210977463899756,0.0005502288995480801,0.47375017929200464,-0.6830705321204824,0.05154968264596792
2022-12-01,3,29,-0.026077005452720656,-0.0020426200546863615,0.0025382239988804983,0.4747749497400283,-0.5539002556768913,0.04537273583201432
2022-12-01,4,28,0.2966587652556067,0.018770311416804405,0.020285389412239136,1.1945637200143822,-0.6662024423117636,0.08374160779837757
2022-12-01,5,29,-0.11170257321632679,-0.006220672296163942,-0.0027685707189661177,0.4600675125785854,-0.718045801309885,0.05115650804229352
2022-12-01,6,29,0.01879585368802735,0.002254958799446359,0.004583494216860262,0.8886015106189551,-0.7749427258802437,0.07722771523013104
2022-12-01,7,28,-0.09854112146455875,-0.014046147946913789,-0.00996032298735511,0.6028814465901035,-0.7587918978337919,0.05524781057153846
2022-12-01,8,29,-0.07320355172494682,-0.015001568138727116,-0.006618648288346891,0.5070587872545407,-0.7738613515499431,0.05892550127192564
2022-12-01,9,29,-0.10452907484703945,-0.005466152705179331,-0.0010939526888577356,0.2316199771118249,-0.521418532667731,0.03707635871823005
2022-12-01,10,28,-0.1428328270218859,-0.013452366005954277,-0.007985824663949474,0.4127657319229507,-0.6325306549189943,0.04607386974182633
2023-01-01,0,59,0.1849530161282826,0.013111043086256408,0.01436815197870607,0.5262614853290609,-0.18468464558105196,0.021806912871555985
2023-01-01,1,30,-0.3841988511129884,-0.028777643188888962,-0.025231298364277045,-0.646621766888324,-0.18917791006665075,-0.01255539756742962
2023-01-01,2,29,-0.09537065809228601,-0.013632728729684263,-0.00933375186426325,0.11552930194476235,-0.5815279841766395,0.022347000623602765
2023-01-01,3,29,-0.3567707160537552,-0.03024871617444785,-0.02313386471191742,-0.3352690011224446,-0.3860939988847263,0.0023875121052421328
2023-01-01,4,29,-0.15233576171727847,-0.021818526634140613,-0.008734048892149564,0.13333032825425092,-0.5028185763083045,0.03444564468753047
2023-01-01,5,29,-0.1349103033276032,-0.01638699529477653,-0.01038820469504916,0.2931606633974702,-0.6174666595049247,0.030921663343314712
2023-01-01,6,30,-0.32950459401628207,-0.029659401273585313,-0.020720269817583348,-0.16712108609055326,-0.5276045085850875,0.016334080765173904
2023-01-01,7,29,-0.22657695415171644,-0.014747221129077618,-0.010321492340774879,-0.5367491058342534,0.09611902745109487,-0.02159582084020522
2023-01-01,8,29,-0.43418592675090223,-0.03286178989301678,-0.028450364523283225,-0.20086325958157983,-0.808972093488353,0.025887746870543293
2023-01-01,9,29,-0.3578905700263951,-0.02422419358196695,-0.023549762341190727,-0.3606594726540914,-0.43422275480064954,0.0012069725905354553
2023-01-01,10,29,-0.1992458349847058,-0.015666600102632555,-0.010863146385570975,-0.12036028155926302,-0.3738625556477027,0.009251515304126363
2023-02-01,0,59,0.15721819214772698,0.006314502433988435,0.006758472300807401,-0.19935167645885876,0.5288378630310077,-0.013876550654205705
2023-02-01,1,30,0.14095096606956148,0.012535153333841743,0.012336724142278266,-0.5291867865025506,0.7116263127210262,-0.04360953129619131
2023-02-01,2,30,-0.019434126227151623,0.00573527901912241,0.0053657360697661055,-0.4127695023700126,0.5024438490029796,-0.023714556841504374
2023-02-01,3,30,0.22319370565413124,0.017750402938425964,0.015230150081147642,-0.7833513885884067,1.2191908652085162,-0.058995026264146454
2023-02-01,4,30,0.26998097668944937,0.019560735546377144,0.021736887417305048,-0.7316742037578379,1.3614071283326796,-0.05873655820163449
2023-02-01,5,30,0.16756548199809224,0.010020853618571269,0.012141862439575114,-0.5697261212125682,0.8214220402675314,-0.04078224785711315
2023-02-01,6,30,0.15011395910155592,0.012187252454034877,0.014428622699442445,-0.5511181483445653,0.8943876141751521,-0.03674699785292154
2023-02-01,7,30,0.8687090795142687,0.051872008525613314,0.04854438616070595,-0.6738911508676046,2.0932817893801987,-0.07697729857927005
2023-02-01,8,30,0.4980763559714108,0.02805241333829109,0.02865055966793466,-0.8825149413031037,1.708820133980113,-0.07812542135273565
2023-02-01,9,30,0.5967244212475552,0.034989028873140454,0.031369280899658146,-0.8067000749584577,1.778083990796591,-0.07813955199935955
2023-02-01,10,29,0.29816915821728845,0.018849655767830178,0.019095196443085667,-0.7285384629614093,1.2404641757520338,-0.05748608195039701
2023-03-01,0,49,0.02129682572544575,0.005657061585810821,0.010183875452371646,-0.04722767755884713,0.16138378825839506,-0.00733587974701214
2023-03-01,1,25,-0.23757434346645323,-0.028759325614347474,-0.03167514513643488,0.24254367266177446,-0.9422356591374398,0.03767124417398391
2023-03-01,2,24,-0.36479722279227106,-0.03282286699011065,-0.03472081907765296,0.00783256436189476,-0.8546316423081133,0.024694599475860956
2023-03-01,3,25,-0.2995163609944277,-0.026881792729810696,-0.029538697749280304,0.2003750116014074,-0.8692224438457129,0.026848347129700016
2023-03-01,4,24,-0.2095832099169419,-0.02296405151023723,-0.01795793390149512,0.5247624555093742,-0.9301291366935517,0.0456343217747572
2023-03-01,5,25,-0.18101334534091315,-0.020845828330929468,-0.01541978157800084,0.3696961997937601,-0.787792263278406,0.03349938115638548
2023-03-01,6,24,0.054920766496234195,-0.008679347167888396,-0.003721341453113345,0.7467060337148667,-0.9102316602316604,0.05151968605380056
2023-03-01,7,25,0.10831287430338561,-0.007945594580931937,-0.009946209797053294,0.1084993987926721,-0.10873411903084383,0.0059176191245214225
2023-03-01,8,24,-0.2405809787633275,-0.02397655825712132,-0.021962965058009293,0.036299683885470606,-0.656006065136301,0.0180714594142007
2023-03-01,9,25,-0.26355441815881664,-0.02542044699349224,-0.026202645997039035,-0.01270031335071807,-0.5989042620255841,0.01534421113516291
2023-03-01,10,24,-0.21627751774100748,-0.023102264028536653,-0.021491269684063233,0.19531599510292733,-0.7808518708790447,0.03033536442697177
2023-04-01,0,57,-0.16539709024884774,-0.008413938682230114,-0.008507388716440958,0.19923245811339277,-0.4623306707486696,0.02915421458330399
2023-04-01,1,29,0.08450346100788583,0.00833970323026854,0.01177961973489465,0.06433897469858754,0.22732287214915906,-0.0048044917172272
2023-04-01,2,29,-0.1582798293350213,-0.01718165309731028,-0.007863390347518092,-0.3886050179081284,0.13511499106442565,-0.008328929565997841
2023-04-01,3,29,-0.250529007297833,-0.02821899321996695,-0.013843504427054218,-0.6416198209987333,0.005180011021365874,-0.011592931861693868
2023-04-01,4,29,-0.12791334434134735,-0.01217824193309434,-0.0072906758098669755,-0.26808156058717836,0.054370701205870044,-0.005746418061992693
2023-04-01,5,28,-0.08685272660435246,-0.0010219904817791938,-0.0008712147185796431,-0.32686691769674747,0.18295883576658772,-0.013211008276089798
2023-04-01,6,29,-0.042799745446886195,-0.009494753701217384,-0.0010897909194399035,-0.4475678660486679,0.23112444639007773,-0.017152401440349005
2023-04-01,7,29,-0.05334733863607801,0.004288437541616728,0.005873055142317441,0.3011218080448684,-0.22269703706510519,0.02888091795521286
2023-04-01,8,29,-0.16318221438791683,-0.016512528649930823,-0.009337171133387348,-0.6610140014768763,0.10338554240683044,-0.017223745377663472
2023-04-01,9,29,-0.11848446841900358,-0.0025010394380081706,-0.0017469287207940581,0.37991836257478695,-0.25389509975620983,0.016497975888626715
2023-04-01,10,28,-0.08089362924096193,-0.00007423545196157271,0.0032722310184536917,0.2635714328119803,-0.23500779859951054,0.02434972286607679
2023-05-01,0,60,0.21758470501427135,0.03501704707034185,0.032382222614842526,1.7913840345864287,-0.45603642802454925,0.05866559033210856
2023-05-01,1,30,0.053210743375063804,0.003538770558045054,-0.0018767544366144362,0.6708915619145821,-0.45347167290416923,0.03258461813592486
2023-05-01,2,30,-0.2168759414277316,-0.01211773142223853,-0.008669070629301195,0.4441660654159092,-0.7754995981360461,0.03946508602117405
2023-05-01,3,30,0.07441012784676514,0.007020681626197433,0.009770247580267732,0.7090593276146411,-0.6764680455664422,0.05619853814225098
2023-05-01,4,30,-0.07756872110870626,0.006234701056271517,-0.0009613673013348913,1.2433731130978292,-0.8412052628375789,0.05160188372397766
2023-05-01,5,30,-0.1491697379247248,-0.014280312205519544,-0.00971465721314187,0.6815841452743727,-0.8617116285529485,0.04200713958096333
2023-05-01,6,30,-0.15697351887232547,-0.005371417160475221,-0.005270581397469154,0.7089011600136073,-0.7997822363761594,0.0476069192461325
2023-05-01,7,30,0.29858098690102086,0.032635691644246824,0.026403722784666295,2.185366202111003,-0.7440166036970715,0.07578711798307997
2023-05-01,8,30,-0.009784199001324085,0.013835808525941285,0.013129349844930952,1.138261406549142,-0.6418538412501034,0.05187492407081132
2023-05-01,9,30,-0.013051302388917545,0.0009989578335187937,0.007831581987112705,0.9451807146742891,-0.7238923416315921,0.0572246726582772
2023-05-01,10,30,0.27079544838933517,0.038555817628386904,0.03050546817822809,2.462275596501011,-0.9095081009287185,0.09125020846803342
2023-06-01,0,63,0.1019527747814193,0.0006724323815337553,0.0038128507686563473,0.20392373797028274,-0.07461778517945761,-0.015779451406579395
2023-06-01,1,32,0.056439710514347805,0.0012362677308896063,0.004388072086599005,0.8990934783954019,-0.7443786305911517,0.06508961050937415
2023-06-01,2,32,0.09323505811865454,0.0006176667170665103,0.004522219837949612,0.8840363188603677,-0.7777853217138903,0.05367564618793055
2023-06-01,3,32,0.039358855887711354,-0.006753282283650763,0.00132133128177884,0.7849193469329386,-0.8300494967365772,0.05281450961948787
2023-06-01,4,31,-0.040422454484637924,-0.007149816994101866,-0.002751085434513263,0.6770990093591926,-0.8964673098290977,0.04611222707399385
2023-06-01,5,32,-0.08751178476208638,-0.01283705216703084,-0.0022137177641079666,0.5999272531561667,-0.6553652641806825,0.04033754162788945
2023-06-01,6,32,0.07974547763044726,-0.006818829131878334,0.002738733638536266,0.8842198991575687,-0.7994646912770674,0.05501919696321282
2023-06-01,7,31,0.0964567281566638,-0.003778302058477547,0.006037666486993934,1.0248587930868633,-0.9798986528241257,0.0591945822717391
2023-06-01,8,32,0.0784661910501885,0.00018610788945375265,0.007281150368879009,1.0020220554676105,-0.7612302763266888,0.05369565912158822
2023-06-01,9,32,0.056253741077951336,-0.008565867401176396,0.0015683859172388062,0.84380457115142,-0.8853764633994907,0.04801251456982682
2023-06-01,10,31,0.1583924852957671,0.0019087001124233616,0.008200922855255352,1.1030172163656846,-0.8189964157706093,0.04931015910279475
2023-07-01,0,63,0.3144995465669628,0.014644587513437134,0.008435736225722362,-0.42561549008415633,0.8445280865959031,-0.01776733204877129
2023-07-01,1,32,-0.0782224810690551,-0.005254751627567985,0.0011690041440618837,-0.560975275254237,0.5308104579210764,-0.03730408369118529
2023-07-01,2,32,0.2075536503607758,0.01428445411341565,0.022072904814504964,-0.5495471068456546,1.1191648514662318,-0.049264439990680454
2023-07-01,3,31,-0.05029906652434385,-0.004592829335854442,-0.0012496548992241166,-0.7298317749080228,0.6065880015761196,-0.03879842036427814
2023-07-01,4,32,0.16364393982026787,0.014319141599320786,0.018047187047399972,-0.8607676475477062,1.3230266914300677,-0.07112650410380467
2023-07-01,5,31,0.02005716888949244,0.0050972111111003806,0.014714076386023175,-0.7460979853702896,1.1440406651662955,-0.04954498777648216
2023-07-01,6,32,0.20440334318901304,0.014326181847380577,0.01701260756590725,-0.6535459907936106,1.1267052531866522,-0.05012986162531868
2023-07-01,7,32,0.21622167819844873,0.008957981363490347,0.006981501900581392,-0.408984276461565,0.885799733060604,-0.032346501702768135
2023-07-01,8,31,-0.019213923420953568,-0.0006271580504120927,-0.0016438215260365023,-0.769320227616718,0.7136020860080718,-0.04120827902107068
2023-07-01,9,32,0.30460919626252714,0.012572387199122043,0.015537616180368585,-0.8104409515863294,1.4494885922489407,-0.05269986643618186
2023-07-01,10,31,0.2362770654979077,0.00938983588586915,0.009604740369784245,-0.9865907653383933,1.3753385445169795,-0.05507141573995658
2023-08-01,0,63,0.012622475089892504,0.0025019889817826206,0.005311430853308721,0.40615845674607004,-0.3927627035717426,0.02709453049126649
2023-08-01,1,32,-0.33909495962045777,-0.02518719851922615,-0.02311853963914661,-0.6193975108377289,-0.13022854246820345,-0.018939603352222244
2023-08-01,2,31,-0.15235249300539128,-0.009980875279970354,-0.006348001188064842,-0.10986925172595309,-0.23612217773386504,0.008038150534820565
2023-08-01,3,32,-0.42666004919983913,-0.022256496700484716,-0.01776456743191645,-0.33130343469090173,-0.4832372956283643,0.0048924532110320405
2023-08-01,4,31,-0.2943326273890946,-0.018388215817312627,-0.010428823622705039,-0.2754036934659981,-0.29810415593730827,0.0013525427088482683
2023-08-01,5,31,-0.3832324929629614,-0.025224047159147906,-0.019643902523374786,-0.2892311688580883,-0.5234340419484971,0.008650380158408326
2023-08-01,6,32,-0.2922842775806333,-0.016712090281278645,-0.012302953306568677,-0.18415352002373964,-0.3925974252588812,0.004457501790883566
2023-08-01,7,31,-0.2950724846669104,-0.020651818461690747,-0.014069731148381568,-0.199024900971609,-0.46176470065044195,0.012802264007280802
2023-08-01,8,32,-0.24206742422119903,-0.01661798835680538,-0.010563688648824468,-0.1132897451400095,-0.4056325140383776,0.013224146291494165
2023-08-01,9,31,-0.3089327940627638,-0.021006444325053292,-0.017308747910017096,-0.2660475744474521,-0.34794288236773985,0.003686621409409552
2023-08-01,10,31,-0.32647248453056527,-0.02268520953744353,-0.01780710878583789,-0.21323905409165883,-0.5229912460399461,0.00815492713904425
2023-09-01,0,63,0.10783736899123098,0.006334473081896767,0.017282266991344625,-0.0420643861800144,0.73497792576583,-0.006155265763139656
2023-09-01,1,32,0.24716804827422595,0.0163711183163026,0.02175880135916199,-0.7661449308240025,1.358693619287207,-0.059555844558324036
2023-09-01,2,32,0.5594736122127753,0.03360903488443181,0.047927029168948,-0.959257852077001,2.5622606790360027,-0.08872819917058145
2023-09-01,3,32,0.4936353592493146,0.03394892937762226,0.041099700218921176,-0.8570302523563392,1.9893244489956534,-0.08121021827345948
2023-09-01,4,32,0.22487529165163783,0.00996999831854815,0.011282108094514824,-0.675798054622953,0.9815387315774484,-0.048609921279192184
2023-09-01,5,32,0.34337559689671926,0.024528936309607785,0.03322593841099407,-0.6963739326579361,1.5269646812037032,-0.06323525611679469
2023-09-01,6,32,0.3216460543338314,0.0193024690756366,0.024839057019609003,-0.8513258285518448,1.5850898870915096,-0.06816430432260506
2023-09-01,7,32,0.38049718522411957,0.01924758281805633,0.028008315738697893,-0.911422697368421,1.711414875808785,-0.06734755720554408
2023-09-01,8,32,0.168785761585167,0.004657700250042415,0.015269757996780707,-0.6800098465197562,1.2324459225747648,-0.037192451238378145
2023-09-01,9,32,0.5928908065646801,0.027537351739303738,0.03305403829989607,-0.9780227745943249,2.107376803318941,-0.07487748542523578
2023-09-01,10,31,0.3550054172654569,0.022705591398199367,0.039041068350506615,-0.8082093170040169,2.093671545053037,-0.06571111032146369
2023-10-01,0,59,0.34883167434739193,0.032501466593058435,0.023767853600722484,0.9858112727010032,-0.028006129406118463,0.017054269305570954
2023-10-01,1,30,0.13761614193680902,-0.004314489167464566,0.004857603268802772,0.8128712804494825,-0.8199253943005431,0.06774092525938906
2023-10-01,2,30,0.15876927300295413,-0.0020802860524829886,0.0009903638676384582,0.8486074077444979,-0.6912824251986703,0.05538627672812337
2023-10-01,3,29,0.1369521221443051,0.001170517474890038,0.006907205846965038,0.9359123511437132,-0.7072209435523287,0.05886080581866847
2023-10-01,4,30,0.04897254094505198,-0.006957183981008837,-0.0008236516066970963,0.6463631191890216,-0.7333568437015987,0.052792659335736326
2023-10-01,5,29,0.45055674118201117,0.031109608735921942,0.034310133583926976,1.508374746832799,-0.5811889366539569,0.06827840421456806
2023-10-01,6,30,0.28374461238439064,0.010492855248148254,0.017193635433112683,1.0339657748159599,-0.7480853791175067,0.07457608502903579
2023-10-01,7,30,0.06853848475679096,-0.0025514582151437734,0.002357882396391195,0.8981667799252206,-0.8420370633759943,0.06015306418448729
2023-10-01,8,29,0.3784758092343796,0.01183134828859521,0.020273397169180342,1.195751593080496,-0.5767467668766122,0.05283165021013993
2023-10-01,9,30,0.09361729761781332,-0.00020974935163590956,0.0031938084491167297,0.7129564536639295,-0.6949970418375064,0.04638271286001293
2023-10-01,10,29,0.486447816284201,0.02818697742559387,0.028625456869525254,1.7986825531504858,-0.8479315237066616,0.08479519456496001
2023-11-01,0,63,-0.3126127562131904,-0.0332248688927412,-0.025236901351584767,-1.0120707820221484,-0.05702143405006754,-0.04258145526735335
2023-11-01,1,32,0.6274168425878023,0.045356875815039416,0.04039998882544243,2.327561445505169,-0.5706705416586529,0.08731188329565426
2023-11-01,2,31,0.6374335513488651,0.048891131758620435,0.04358501805623458,2.5208128228496363,-0.8980900516414781,0.10326730533774076
2023-11-01,3,31,0.6272505161292293,0.0303219250159935,0.03075787788023176,2.1371493105653085,-0.7739160667716791,0.0766383903401166
2023-11-01,4,31,0.5708509156194028,0.045062307553410216,0.03142902267057806,2.525080060900412,-0.5317724699205477,0.06554404310309164
2023-11-01,5,31,0.7695658527562828,0.03780210530789437,0.03894807781467334,2.3114043558057658,-0.8669366398992807,0.08600982268367463
2023-11-01,6,31,0.48287160429404846,0.018109799934201375,0.02430826655492437,1.6979844723262358,-0.5723149242100508,0.05595883074415118
2023-11-01,7,31,0.6214799034466352,0.031092885050308893,0.030878733654483022,2.0937938944042114,-0.6677035783232458,0.06496567789091555
2023-11-01,8,31,0.5885488794574154,0.02557943133317404,0.0314281827210803,1.8129491536426399,-0.6782382308417364,0.0645202610208351
2023-11-01,9,31,0.5914613902571023,0.03972202306859823,0.029731230140552,2.436950469229613,-0.6858244423278991,0.06383562132527718
2023-11-01,10,31,0.3148040863746119,0.012132006922298216,0.015163087473857662,1.3154906634830206,-0.6276919757087205,0.044730428028300906
2023-12-01,0,67,-0.1859868408888022,-0.012732020751683257,-0.012616566393497727,0.06398140749518527,-0.4914249379534783,0.028885698598539667
2023-12-01,1,34,-0.13354728092411597,-0.007608518909677527,-0.0034844992827628572,-0.320836357146771,0.07002271545937822,-0.02414596596958057
2023-12-01,2,33,0.044979843439478986,-0.002007055770849507,0.005858722093417138,0.37869105851351537,-0.30968653411256397,0.016303188029712628
2023-12-01,3,34,-0.1378556614281789,-0.007311096098626716,-0.0028124187760661364,-0.3867221630078024,0.18509443246448434,-0.02110021159650013
2023-12-01,4,33,-0.20575137846953695,-0.00665511795551594,0.0019944023799846776,-0.4322994120976973,0.24809527412990523,-0.02938851702942472
2023-12-01,5,33,-0.3532188546292201,-0.016775537232212215,-0.017311881165329602,-0.715454859566917,0.17277460418545543,-0.027679426445168943
2023-12-01,6,34,-0.06819629996674273,-0.006493528842058153,0.00018526927195303377,-0.1442515145831196,0.010495554492215635,-0.0045973134752982795
2023-12-01,7,33,-0.12525310589184585,-0.010970066660576722,0.000562123870895901,-0.10217842522209593,-0.06580261550017782,0.00040367161362472615
2023-12-01,8,34,-0.296129132574946,-0.014459812555491518,-0.010326224493932515,-0.35714156263536595,-0.18524314035353207,-0.01136747130432891
2023-12-01,9,33,-0.19691388909496052,-0.010713163491938934,-0.0057908864116662795,-0.20017473863755234,-0.2780859489921488,0.0026260867438691353
2023-12-01,10,33,-0.3195341218129182,-0.020340539661360783,-0.016101065676260583,-0.25685494965158573,-0.4214022224941001,0.004739732628959097
2024-01-01,0,67,-0.07911020795106177,-0.006870716977474836,-0.004409358461665522,-0.3111716264183034,0.08292463031023306,-0.018441883827561463
2024-01-01,1,34,-0.04069096972418967,-0.0008005798160024133,-0.00005571445237013891,0.3897411887967609,-0.40932168068038405,0.031376371151654814
2024-01-01,2,34,0.18141752786519244,0.005752428584717326,0.011298387082992252,0.3293447409335833,-0.05108764020465738,0.02361198176674242
2024-01-01,3,34,-0.22404822281542022,-0.023920534080839783,-0.019676465877092316,0.04928186734287846,-0.6588172047431531,0.02181338734669072
2024-01-01,4,33,0.06589529692792441,-0.0011301035336178634,0.00526254320521622,0.3294039968538249,-0.19807976544896544,0.01848844392654863
2024-01-01,5,34,0.06130598185230351,-0.0006616315227728581,0.004017449226312945,0.8409876681326461,-0.6805593733663243,0.049582809813079456
2024-01-01,6,34,0.05078668185883347,-0.0026666123419281118,0.0021975665207738682,0.6355518238216155,-0.6100342881644321,0.035330508273655234
2024-01-01,7,33,-0.2717269605511731,-0.01833271575277175,-0.01233120411840574,-0.22305868083088734,-0.199072347887707,-0.0018330097394550543
2024-01-01,8,34,-0.075013024329123,-0.005549140504376438,-0.0014077277587468534,0.41732570916235057,-0.41258741911701113,0.026228476021205673
2024-01-01,9,34,-0.2701973585297213,-0.016425208371925303,-0.011264044376182525,-0.15781049231998104,-0.43792817420556457,0.01131491987792724
2024-01-01,10,33,-0.11980117767525145,-0.007671296793477249,-0.004465072914035661,0.0785695623784575,-0.326397050370151,0.012934487324093353
2024-02-01,0,69,-0.38230336835864603,-0.027153578858312592,-0.026025932617278515,-0.37374587612613486,-0.2655394534268873,-0.023795861384747586
2024-02-01,1,35,0.15441564400126676,0.005621385157480221,0.012771392911042028,0.7322553185028057,-0.46176183409785015,0.05325500798961567
2024-02-01,2,35,-0.159776131012445,-0.018116707100528043,-0.014894435913352572,0.20440586955572354,-0.6737879477654206,0.032203291195587624
2024-02-01,3,35,0.3894414392312819,0.0073411514391146585,0.006493247737215202,-0.04956392920149506,0.5154502178979357,-0.0015674528606120905
2024-02-01,4,35,-0.15928982018328905,-0.014974165210098036,-0.010087587190497144,0.06680851368393993,-0.5040323895373908,0.017190668502819008
2024-02-01,5,34,0.004687627593778626,-0.004142734722095438,-0.0005333384604401196,0.45044143524763447,-0.6227387463543627,0.032241055076051725
2024-02-01,6,35,-0.019507080247144766,-0.001792489469118745,0.0005487511850672815,0.1947573718998155,-0.38151502683079225,0.008255334672069473
2024-02-01,7,35,-0.1369722567493894,-0.012165291320309598,-0.010350984385347498,0.26623455284387965,-0.8167732752114542,0.02488429537129568
2024-02-01,8,35,-0.1292126367183405,-0.005348132009842589,-0.005376172561757064,0.3062712173781282,-0.5406779697472591,0.021681294331920994
2024-02-01,9,35,-0.059754178166399274,-0.00640111925183033,-0.004792535398094099,0.6685917665610236,-0.7336576925968505,0.02985013884425652
2024-02-01,10,34,-0.22788772435737928,-0.021532193700832373,-0.013254539706236485,0.3585094423766708,-0.7273012875247374,0.02945914660486808
2024-03-01,0,68,-0.5655080603858171,-0.04647855922394538,-0.06148067060139829,-0.007412047207893346,-1.8248801051069896,0.05780087178514669
2024-03-01,1,34,0.27470296757937146,0.02891386539026066,0.048890774037806554,-0.5965888506348908,1.802863098385813,-0.0705414976836895
2024-03-01,2,34,-0.121248451706954,-0.004102137621466361,-0.00021623735614961884,-0.782188596067195,0.7787665447222738,-0.04769196199518791
2024-03-01,3,34,0.2236368313891054,0.017411190112031766,0.02512542629570524,-0.5841338394255672,1.4168170272599272,-0.05642421796009585
2024-03-01,4,34,-0.06804573632838418,-0.0011538208235103982,0.0036651618268190218,-0.520122676543909,0.5610901127934198,-0.026864093984075417
2024-03-01,5,34,-0.12177086902780238,-0.009437011157762834,0.003908885530743367,-0.7543242138277834,0.8136376284508876,-0.03711598371976623
2024-03-01,6,34,-0.1817822679297587,-0.009751656329533308,-0.002768502358117896,-0.462025753981636,0.23006131184981227,-0.01786466551820755
2024-03-01,7,34,0.0475781039110488,0.007142306877935824,0.013557234474356788,-0.5978827744638799,1.0219141929327824,-0.03547501638937195
2024-03-01,8,34,-0.17279155647802852,-0.009342112849802462,-0.007512757264301523,-0.5357554659550705,0.2588534316708139,-0.02106009561743958
2024-03-01,9,34,-0.022487504704157814,-0.004187456222476296,0.0017065486791946966,-0.4457145627147974,0.38628349372140613,-0.019532230912085193
2024-03-01,10,34,-0.2908050928064456,-0.017564693833684714,-0.012589896563591742,-0.6040008978427841,-0.022017006721176614,-0.012740625898542817
2024-04-01,0,61,-0.19613987918694767,-0.0057026445079037865,-0.009775065164764722,-0.5469943348193229,0.24833227179332362,-0.03677519924405245
2024-04-01,1,31,0.09204582676385625,-0.005058272326849871,-0.000014272335567775166,0.654932106754021,-0.7662654077748013,0.053370531392803136
2024-04-01,2,31,-0.0010957623805004466,-0.007943831395135905,-0.00453269482236837,0.3640190972096857,-0.5772987027614244,0.03193797469245051
2024-04-01,3,31,-0.03240532804706693,-0.010449329369869526,-0.00433350225299609,0.28119210514422294,-0.4445549790733288,0.02257284860370213
2024-04-01,4,31,-0.06701419371196056,-0.009552910987141616,-0.004553107459225942,0.4047768688590415,-0.6127751101540895,0.03583947036872267
2024-04-01,5,30,-0.09018024243084947,-0.008757117075914549,-0.005378318384308859,-0.05750389851807737,-0.23220209720481585,-0.0016931615748196794
2024-04-01,6,31,0.15814465403487465,0.005588711229142663,0.009183196366715694,0.69364845095485,-0.40352320912340617,0.035218063187274745
2024-04-01,7,31,0.257058874215689,0.006137931417947608,0.010238214657333438,1.113216889939862,-0.7757318843679902,0.05804609480217028
2024-04-01,8,31,0.20114371913772422,-0.0037663908063814027,0.0023371536665395365,1.010132086529094,-0.8612360118996482,0.050734193728792634
2024-04-01,9,31,-0.13287828268127003,-0.015813347884393595,-0.012981796321094164,0.14959690927505231,-0.7522072080446607,0.024332303852066434
2024-04-01,10,30,-0.10409405242309142,-0.010760916834753657,-0.009789337500332498,0.10793777193469811,-0.5179331359814777,0.016595332148750683
2024-05-01,0,64,-0.4383506902160087,-0.030360880757291153,-0.03267829587036876,-0.5566912339308312,-0.32635214741260843,-0.0019356451507713049
2024-05-01,1,32,0.4810613770023662,0.03491905781133613,0.04300271198433313,0.12703337942475418,0.9901999011177873,-0.025791070186888632
2024-05-01,2,32,0.03401921414162555,-0.0002954946936460602,0.004328771577462892,-0.24724236371712732,0.2081207266020178,-0.010706126736569593
2024-05-01,3,32,-0.2584735831005719,-0.019257117225432094,-0.010296223532969958,-0.6014253088199043,0.00551797434233868,-0.012539818603786446
2024-05-01,4,32,-0.0008514355202973375,-0.001953299398293411,0.001088291539427756,-0.0747309854550618,0.1405156735879334,-0.004371742024515155
2024-05-01,5,32,-0.13535610528983572,-0.007700124195994685,-0.008767932199961867,-0.4580183261986616,0.11635093336884858,-0.016914690732197826
2024-05-01,6,32,0.10838758862085086,0.005842107433530139,0.013100342700363843,-0.5066014914309915,0.9561651221929985,-0.02592023710050102
2024-05-01,7,32,0.09078759782479602,0.008581391073405121,0.013265818367080202,-0.6846669782392418,1.0262685591964618,-0.04067229313227037
2024-05-01,8,32,-0.12154175759140198,-0.008749629521225858,-0.0007652317352108523,-0.43448819827522717,0.37213426271959527,-0.013768657879891052
2024-05-01,9,32,-0.009035977041890905,-0.0018377265807103347,0.00034918235169824135,-0.1875291723424981,0.1637258928360394,-0.009458701648042071
2024-05-01,10,32,0.04271068678635749,0.004558177054044972,0.010324416113964365,-0.4296578545060771,0.6638477537051789,-0.027726715337659937
2024-06-01,0,63,-0.4407368805051244,-0.03784776613571877,-0.06630241781954649,0.5270429284648561,-2.266463015581341,0.06613524498705094
2024-06-01,1,32,0.4874889860671248,0.0404925963220115,0.07098758982055867,0.06257438756407305,1.8665528410112104,-0.04134876365100348
2024-06-01,2,32,0.2641937182090052,0.02109638875360803,0.02600942070420593,0.0056589070294211785,0.5061808497318417,-0.021417102451908587
2024-06-01,3,32,0.10340741925880328,0.00769105453486324,0.011351375044667709,0.524412460477341,-0.12119855622874563,0.008294316116210385
2024-06-01,4,31,0.00901406894697524,0.002754235060420213,0.007646813746229795,0.8653953187110767,-0.589593469646938,0.04270784664044319
2024-06-01,5,32,-0.16358463660686043,-0.0026099628780962896,-0.0034301405988050463,0.598619280574092,-0.5818488546859152,0.02823538832306961
2024-06-01,6,32,0.11169708228305905,0.006763623027524506,0.010248513226971522,0.9667664271416243,-0.5739641819033543,0.03548677692801924
2024-06-01,7,31,-0.2628602853916461,-0.00881583628411404,-0.0034530710503079933,0.13369335233465818,-0.47245045515753314,0.017092389986364108
2024-06-01,8,32,-0.2794611861741078,-0.011651552275801526,-0.007964475875230493,0.5055408460775414,-0.641388686464348,0.02194311694071481
2024-06-01,9,32,-0.2760484094033463,-0.016904368943516667,-0.00966883323128787,-0.019440258768463975,-0.4909645945855444,0.010604134153261505
2024-06-01,10,31,0.04675210556200046,0.002644830186292729,0.004685172001012183,0.5896173160289292,-0.39991017457013056,0.024786481336047463
2024-07-01,0,65,-0.0257927235655242,0.003255127858802144,0.002245084557100189,-0.4301293975908357,0.601599700660817,-0.040962331700869
2024-07-01,1,33,-0.09505552217292,-0.009749242318686764,-0.004868948413648754,0.48615699169315946,-0.5895621524939106,0.04064463192245394
2024-07-01,2,32,0.21858219784575927,0.01817448977261175,0.017359819046510492,0.6665793486386834,-0.05610211286697747,0.011645165573642834
2024-07-01,3,33,-0.2310996405370178,-0.019986850105139984,-0.011689998573942328,-0.19589425318978246,-0.1828074296740142,-0.00013502397993492624
2024-07-01,4,32,0.1360166530715849,0.0034403786761861882,0.011500540818017987,0.015746849806744748,0.1612711138064858,-0.001631481330629344
2024-07-01,5,32,-0.09068995487268433,-0.014918182317674927,-0.01070715584275554,-0.2154845822374394,-0.17284853753472887,-0.005406777705998844
2024-07-01,6,33,-0.15158826651163307,-0.013081509311878018,-0.009404421171213666,-0.24197270866008463,-0.11508837790249109,-0.018046422899107763
2024-07-01,7,32,0.06106781169256989,0.001830517620391178,0.004601502906509155,0.5692198758642382,-0.2910687751643335,0.017290385622426775
2024-07-01,8,33,-0.1064427655202948,-0.007104397165978507,-0.00448742577624767,-0.1828332519401364,-0.10752462844394699,-0.004688048832748288
2024-07-01,9,32,-0.09605868549762835,-0.001683121211660586,0.0021705242921179245,0.2182845888263238,0.030435284905180632,-0.004530810831721178
2024-07-01,10,32,-0.1208482457384442,-0.0064941144598846205,-0.002623863856548565,0.056027594102323774,0.012037548166906373,-0.00031769977841505925
2024-08-01,0,67,0.2970414017867033,0.017336338059586502,0.016084422409903466,0.9761493927948166,-0.4718581927546282,0.03639829677831501
2024-08-01,1,34,-0.2725602618087588,-0.026230637471800173,-0.018903490843522622,-0.13472981899911846,-0.4807468431112774,0.007102749647517592
2024-08-01,2,33,-0.12719697399800914,-0.013981556220632546,-0.008013548764247052,-0.11661531854595414,-0.3351004408768957,0.008433639935261226
2024-08-01,3,34,-0.21466073730228197,-0.014325805762643492,-0.011113574919364828,0.13182114789773336,-0.586618065346176,0.024714849041170814
2024-08-01,4,33,0.3724205629817757,0.013340376950597949,0.02358401682591851,0.3585018871921873,0.7872441970037093,0.010942824259489519
2024-08-01,5,34,0.020287389566262082,-0.003926288024866078,0.0020717745697102293,0.6759600093902104,-0.6894086760645816,0.040455243731024486
2024-08-01,6,33,0.06642364686325054,0.00415502453565302,0.0033156459543804712,0.4863502724336114,-0.46662384012899155,0.0138140357974613
2024-08-01,7,34,0.05648210457497965,-0.004775885210365267,0.0033154745950151232,0.8719144600006767,-0.8223600443327349,0.0482746301132286
2024-08-01,8,33,0.14397331136162322,0.0005124570436322054,0.0072240047477732825,1.1037967913865536,-0.8794362139142862,0.05636973594636149
2024-08-01,9,34,-0.004652685968885958,-0.002674307124776355,0.0007843079178130282,0.47228012990306106,-0.448613165098957,0.021563033601446478
2024-08-01,10,33,0.024481139977944485,-0.008894299412213669,-0.002819068433619156,0.8414195737956982,-0.9526050358659056,0.04350104642583261
2024-09-01,0,63,-0.31592863684321604,-0.017642654668907597,-0.022244094719701582,-0.5643945569325182,-0.14060582155927875,-0.02818296309603171
2024-09-01,1,32,0.14835043763681083,0.006553775196379101,0.0105051200584521,0.6444460900961682,-0.39016086042147197,0.04060208502231547
2024-09-01,2,31,0.35103892688975863,0.02406718173359654,0.033786938902137596,0.5303964968283793,0.05151060464550016,0.006317167592958851
2024-09-01,3,31,-0.22186412132318917,-0.0183268708258502,-0.010929325767918727,-0.020040395948406824,-0.6421741538200116,0.02845159935235649
2024-09-01,4,31,0.007535058920114892,-0.0009609638586772498,0.00017738134591108447,0.8899227933267606,-0.6885010636844664,0.03371541007453322
2024-09-01,5,31,-0.2175235367534735,-0.017062676429081425,-0.012398948042004455,0.0758184689913122,-0.6242806325470763,0.012322304519314695
2024-09-01,6,32,-0.1836403991537562,-0.01007647135601263,-0.010388176300803622,-0.16923798245648222,-0.38155843986803306,0.001799130767738577
2024-09-01,7,31,-0.06487671238316826,-0.010484231200219529,-0.005628743316099019,0.2673521534661885,-0.5971809688390876,0.025021800587812063
2024-09-01,8,31,-0.1622337002802856,-0.008944994479774418,-0.008026195754779815,0.10296935924493357,-0.6130603900499623,0.012314952032833941
2024-09-01,9,31,-0.20352010912573612,-0.016468043809517413,-0.011061128385362778,-0.13279515173259213,-0.4394151170202131,0.009340202300850564
2024-09-01,10,31,-0.16757819920640518,-0.011088879472528497,-0.011738974661249481,0.08005153316364995,-0.5307666819807507,0.012419121926283761
2024-10-01,0,61,0.12473177586210352,0.01635231274972638,0.007878919867123184,0.7507867871482139,-0.6723433923287947,0.015115020569093744
2024-10-01,1,31,0.17526153748533677,0.008541831922984992,0.011934707584853186,-0.07933642352189005,0.5993601276073981,-0.012048775818565753
2024-10-01,2,31,-0.05286753722805922,-0.004785361833978124,0.0033160000154555053,0.12853544185173518,-0.26248154491387393,0.020820388048099377
2024-10-01,3,31,-0.006144993799787204,0.0019723441946303843,0.007376922613195901,-0.2184677300963348,0.18590379142910513,-0.022053450665485995
2024-10-01,4,31,0.2010630854692862,0.014443552112957099,0.021951402352733143,-0.08911846180337134,0.45377556724364143,-0.02373254430091254
2024-10-01,5,31,0.2722593438976374,0.013230549134803855,0.01796086769743208,0.08127544757212997,0.3615386375495447,-0.0031999287062028565
2024-10-01,6,31,-0.047941597295987744,0.002357902132729286,0.003322715869738393,0.09134705582869947,-0.2601420118847919,0.013604973616815603
2024-10-01,7,31,-0.10854420465486689,-0.018292946436322646,-0.008890808927474436,0.07493634785698317,-0.34857207692695175,0.019411187041074602
2024-10-01,8,31,0.3212674166573574,0.006565776067472058,0.018403718828281908,0.43389499907256307,0.013429275491902393,0.01965432245763777
2024-10-01,9,31,0.23011379709359553,0.016887550793759774,0.020318046583491928,0.23138839643286327,0.2440635646685908,0.01611121633839714
2024-10-01,10,30,0.2999933133474403,0.02489414467271137,0.01981362745197637,0.6714503636263238,-0.07298326472139664,0.003066244750527991
2024-11-01,0,65,0.5302787000692251,0.03363637552345204,0.03341924799282153,-0.4497956755020836,1.6433006749065522,-0.05540117583276771
2024-11-01,1,33,-0.09962687043183502,-0.015250477430114744,-0.01149092666651677,0.04495239158861946,-0.27296904932340565,0.01918506551706185
2024-11-01,2,33,0.09064327609088443,0.004841760847420515,0.010331860795821789,-0.8054879469652168,1.131511597670916,-0.05139611726250492
2024-11-01,3,33,0.47241139226029794,0.025492146720056733,0.024177064066756696,-0.7461692730665223,1.3582272368476116,-0.06633476805322577
2024-11-01,4,33,0.2607842437600301,0.014067143316281209,0.01884958824868916,-0.31558317284555226,0.6406710826628578,-0.012507067576925962
2024-11-01,5,33,0.127036644680727,0.0112871553049733,0.015219951913947696,-0.6053465434596159,0.8002844886216294,-0.03999332672477165
2024-11-01,6,33,-0.006004913617033373,-0.0012296080411046011,0.005566272846499118,-0.7586474412231984,0.7572577234485812,-0.031107808693793138
2024-11-01,7,33,0.07664132427696999,-0.0021134805912282955,-0.0012254103836936334,-0.6152453521456108,0.5482257491070408,-0.0279569115811807
2024-11-01,8,33,0.42820130113453525,0.031588929076573645,0.04227916923502855,-0.43644592928476744,1.4194112535100274,-0.05412654932102092
2024-11-01,9,33,-0.005133247772955884,-0.0008678204037044915,0.003300525363061035,-0.3813037956363581,0.37104603002292136,-0.01808829137465829
2024-11-01,10,32,0.43065182963739,0.018385898093337297,0.02192832132630476,-0.40484328391346414,1.3703316255831466,-0.03621611031570587
2024-12-01,0,49,-0.04242692420152985,-0.010686859125216271,-0.0011892615929051213,-1.186298811870647,1.2113549401696715,-0.06837024327941083
2024-12-01,1,25,0.2588435488884783,0.016908278724502453,0.014509121919329895,1.1400809975296615,-0.7028969477484256,0.05879841499275793
2024-12-01,2,24,0.21327562568728883,0.003617516569283778,0.011837264549552721,0.4832381958275916,-0.3761847404416132,0.03099216015056139
2024-12-01,3,25,0.11799680063026029,0.000054052638305522665,0.0053900533833828234,0.14560887368576123,-0.24007109608297517,0.015993452699424024
2024-12-01,4,24,0.06785445971146269,-0.002664512314797375,0.0052805126195006056,0.3949813911717155,-0.4812929041700928,0.026094103343692124
2024-12-01,5,24,-0.23440755911995637,-0.009627161439378118,-0.007389722200820838,-0.4111214668567937,-0.029772960010600535,-0.01335503506130889
2024-12-01,6,25,-0.16529164986506673,-0.009786462710967532,-0.00883230299466964,-0.41647298990158077,0.1102751852015796,-0.004947083043462981
2024-12-01,7,24,-0.20483769088042758,-0.009989105931029564,-0.008923688072830725,0.07331600639066062,-0.4042042276018382,0.011107221849051723
2024-12-01,8,25,-0.14892155149765285,-0.005681007121797017,-0.0045096829702679295,-0.07713861009730386,-0.13956219137811768,0.01112426574615064
2024-12-01,9,24,-0.0706248715309809,-0.009759892493540147,-0.0035539124439549256,0.5361556314120888,-0.6907105166533757,0.04128112741350412
2024-12-01,10,24,0.21641662468694847,0.006221419599286182,0.013319860326424774,-0.04621781434098556,0.5084579924212459,-0.009571828286652895
2025-01-01,0,63,-0.45848391919978415,-0.031329652257454314,-0.029579667504422223,-0.8248277835293099,-0.25719464155516336,-0.010561156403173748
2025-01-01,1,32,0.23769915725308643,0.014996731533012618,0.015488973730387911,0.3129644875313574,0.20415265823547485,-0.000834509326422584
2025-01-01,2,32,0.03517812251361688,0.0006348902637317395,0.005817091865504527,0.21875067563778539,0.09413625129318613,-0.009123781309414068
2025-01-01,3,32,0.01629872878572744,-0.0026052014064466495,-0.0025010286354772825,0.09018946379664944,0.15234648460921452,-0.005992099544112995
2025-01-01,4,32,-0.09193560882677435,-0.00330780121917867,-0.00267226387421849,-0.12145011735386599,-0.04853339806066069,-0.010558639634818266
2025-01-01,5,32,0.18756372518006648,0.004697918188193976,0.010758453372157036,0.40941461920878647,-0.10113323036816436,0.014516722368673126
2025-01-01,6,32,0.12876977539070952,0.013392734875207599,0.01883783519328304,0.35346406363500793,0.2730405523780642,-0.006761725302378244
2025-01-01,7,32,0.07041275255650634,0.00857880790236075,0.010347099895255315,0.19923968109240608,0.2698470672266149,-0.01619067192986904
2025-01-01,8,32,0.0013636418260953263,0.006509723835348821,0.014088578447354642,0.06909562775931188,0.2270462906569436,0.010698356247594815
2025-01-01,9,32,-0.030341582839973597,0.0007112461978227148,0.00310841399463353,-0.47548287327371824,0.44371113549940455,-0.037065719220872484
2025-01-01,10,31,-0.2207847619466977,-0.0163329207244417,-0.01409069377403431,-0.5118632959979524,-0.05304198331968849,-0.011395665729596332
2025-02-01,0,65,-0.04166527104180623,-0.003767003157480669,-0.003748596279932383,0.15085968453123783,-0.28187943815518207,0.023399345705143116
2025-02-01,1,33,-0.125117023941993,-0.0045451250371850264,0.0019239648841976639,-0.5489898602259639,0.5428361239468888,-0.039851406115331424
2025-02-01,2,33,-0.07812245667449368,-0.002928937681852408,-0.0013445876628856196,-0.5440669071716145,0.3948720369632156,-0.039508973443294876
2025-02-01,3,33,-0.35322025204832885,-0.02832404479184011,-0.025091169371748424,-0.6903044229666545,-0.0934701001353073,-0.027249204291071277
2025-02-01,4,32,-0.07448651963065825,-0.0018570858596185773,0.0013800609219530857,-0.5937631974831286,0.6128621007517969,-0.03138966466967658
2025-02-01,5,33,-0.11560544410040723,-0.013780876293245179,-0.009225585601980007,-0.838058940165781,0.5511639555470969,-0.04160738822928508
2025-02-01,6,33,-0.16788006456450572,-0.013879788248598434,-0.011668112066498074,-0.6449882950122621,0.21737887385581914,-0.02463989805366515
2025-02-01,7,32,0.1263498512464506,0.005097126223337477,0.008206182583443621,-0.6077003059507478,0.9068003064831553,-0.03969259228715119
2025-02-01,8,33,0.03856562735804839,0.006291530032247168,0.0024077867155104624,-0.6847386119063108,0.7654357554041423,-0.04656941007168407
2025-02-01,9,33,-0.04681410690965767,0.0029126889196441894,0.00146356836022318,-0.7616207542045497,0.661010226881419,-0.04894693070320408
2025-02-01,10,32,-0.16678229498379923,-0.008312128194665695,-0.0018246313957347193,-0.39813017569472603,0.2609566857917068,-0.016452060410188308
2025-03-01,0,65,0.6222384601495896,0.034558625815223856,0.03264820194657073,0.21216329049181715,1.0623631305521166,-0.01806541921912562
2025-03-01,1,33,0.3091745286740199,0.02510631360612337,0.03131702832394418,-0.8367060358905083,1.6580598825424175,-0.07746704858453772
2025-03-01,2,33,0.6043836226460243,0.040236928502244904,0.05511183765037857,-0.6847291753030198,2.4611831337874293,-0.08272281891218365
2025-03-01,3,33,0.3348596856898478,0.02695569819428816,0.031386735514189135,-0.4260412106092806,1.4852364967557399,-0.05542470814278903
2025-03-01,4,32,0.6237766036840384,0.037988038041025636,0.045711605000181385,-0.5858358293181092,2.10841136027646,-0.07081982042984704
2025-03-01,5,33,0.3903885400566437,0.02216760899118367,0.026798888375458456,-0.6091246326476749,1.6494081943204721,-0.059873195420962484
2025-03-01,6,33,0.8460962353812771,0.051416292110225796,0.058436816074592765,-0.2812230944422384,2.3079670321715087,-0.06970497217565416
2025-03-01,7,32,0.6319443507995166,0.04211381877701186,0.05018159292098123,-0.37708926593893277,2.3600510919120024,-0.07364026477633984
2025-03-01,8,33,0.39964319057247705,0.030801652329958244,0.028335648725135623,-0.7624333482897586,1.635157201653315,-0.07423577862167478
2025-03-01,9,33,0.9555126966853559,0.06517298571732867,0.05717178671588663,-0.44264028844935593,2.3280327936903324,-0.09839373371794446
2025-03-01,10,32,0.9314129888236096,0.05966493942134723,0.06396523027051491,-0.6245427453986911,2.720423013094534,-0.09553246780366334
2025-04-01,0,52,0.3305349043021667,0.04294059942525555,0.04635774524371528,0.2679222193276871,0.3667357793133653,0.03744087322949198
2025-04-01,1,26,0.5523803121817639,0.01871550646035601,0.03224513049788077,1.3414922706311463,-0.8409565907599839,0.10398006432250388
2025-04-01,2,26,0.38977332359509737,0.014620966000173423,0.025485201672849876,1.1888059747022048,-0.9662443438914028,0.11088821797160485
2025-04-01,3,26,0.12578352574978238,0.00011368298883973668,0.0007218905646073567,0.6781422952127701,-0.8507107179506203,0.07475813651705861
2025-04-01,4,26,0.24477911293860705,0.0035946952559892495,0.009940921194868816,0.7312375966388287,-0.6363281184742289,0.07254185516542166
2025-04-01,5,26,0.12442604033868666,0.004071452179239192,0.006009710188555344,0.5590354990744023,-0.6733578053312403,0.06240921619863248
2025-04-01,6,26,0.5035567194067982,0.035983034726562085,0.04182655111630813,1.3269546244482793,-0.7907038478495229,0.1307570268181311
2025-04-01,7,26,0.5697398585456634,0.024890361925989632,0.03985074946961949,1.4080321703692638,-0.9142382008334043,0.12578349552018067
2025-04-01,8,26,0.5411611206454524,0.026796801208185728,0.04095224478606743,1.2583332864450836,-0.7124691025687124,0.11414278974494953
2025-04-01,9,26,0.4678129765201056,0.024930952814983417,0.03482535611662177,1.210334032565991,-0.8029552358172306,0.10986341375310969
2025-04-01,10,26,0.8829152164839306,0.06165610588561156,0.07860287574159605,1.6094144899588334,-0.47422081144661854,0.14142093755199586
2025-05-01,0,67,-0.031648598357009325,-0.006435176450301472,-0.00698632943528354,0.12697458985982368,-0.3820741814111824,0.02934614070717094
2025-05-01,1,34,-0.11962454849612784,-0.011575011607003494,-0.007759934208637546,-0.596329089367408,0.42007701168380457,-0.03733507049122623
2025-05-01,2,34,0.19929807434515667,0.004053338290699835,0.004668012143739693,-0.412140200221022,0.7666360717681789,-0.0329293191763988
2025-05-01,3,34,-0.19025418406359437,-0.012548709060914333,-0.012270131970259973,-0.4544900550583253,0.04799539392684677,-0.018232229411540502
2025-05-01,4,34,-0.24523026069139237,-0.022029593474755776,-0.014394143138860095,-0.2861540647791094,-0.2110573268402643,0.0037049620184261573
2025-05-01,5,33,-0.12113370251852584,-0.012595145543774763,-0.007112689096496358,-0.5070575095178076,0.13841689740403879,-0.01281102114552066
2025-05-01,6,34,-0.1523317959930356,-0.01637091986065891,-0.011760327936750822,-0.6524044946887955,0.35556784017707715,-0.019422289798046333
2025-05-01,7,34,0.026179375854210242,-0.005661622737374816,-0.003508697112045457,-0.5137406400590294,0.4773499638623697,-0.01737811051661337
2025-05-01,8,34,-0.3606729875882986,-0.026623617021413692,-0.01964739476488562,-0.4841708142467973,-0.26030611808456483,0.0038527865102335386
2025-05-01,9,34,-0.2271755974425608,-0.01720877775246836,-0.011320816500295598,0.006000111954558139,-0.432693774420073,0.020577895634605384
2025-05-01,10,33,-0.15127314685313717,-0.018010188057304966,-0.014746263643921086,-0.46935449950758434,0.038002830272622204,-0.007988929784055292
2025-06-01,0,59,0.023133026537774735,-0.009787198393463294,-0.008457546789719378,0.4880075748294438,-0.9716350030231882,0.03481763072337662
2025-06-01,1,30,0.02769005415733545,0.00033371964922714335,0.007613211435644905,-0.13936836967110708,0.24531623935549499,0.004527446425298365
2025-06-01,2,29,-0.3419787311879578,-0.01938353806106249,-0.021790819133379637,-0.2657548799151597,-0.43106709798133,-0.0010094357336347096
2025-06-01,3,30,0.03805292857528977,0.002162974562223738,0.008119038135479957,0.10375951336413539,-0.18421370723380323,0.01050968180670608
2025-06-01,4,29,-0.20081684940821862,-0.01441936026223833,-0.008495315250324029,0.02279194194602213,-0.605378883657763,0.02819721619671814
2025-06-01,5,30,0.002079295092887338,-0.008006334406995943,-0.002877628949838563,0.4601673465412845,-0.7378426797120133,0.03498097169736179
2025-06-01,6,29,0.09342199837219071,0.0004709441995311976,0.006264764735767127,0.21049227366704387,-0.22009708317289742,0.018261216776354727
2025-06-01,7,30,0.14857271513178005,-0.003912678319515326,0.005670337373803545,0.5568061996270737,-0.5653566032391342,0.03512872518911299
2025-06-01,8,29,0.1532455974289266,-0.0008320387560258475,0.005369628596959216,0.3214899505133252,-0.31953130344248437,0.02420410053813047
2025-06-01,9,30,0.11133227662904845,-0.001558691687209264,0.003962462080488305,0.5832944786027454,-0.6786171149445193,0.04658498096896012
2025-06-01,10,29,0.050823080695110184,-0.00945347874423615,-0.0008443353540744744,0.3486392051583367,-0.7263187636676932,0.03934507714867498
2025-07-01,0,56,-0.2542360952993574,-0.01717351035770665,-0.010151036544551986,0.11021282311948637,-0.517455088316502,0.03354716368395895
2025-07-01,1,28,-0.1053061262536592,-0.00093264191084834,-0.005562167648096416,-0.2294200370113419,0.06615398916079904,-0.020995244451879606
2025-07-01,2,28,-0.0168271661917272,-0.0014751492860385416,0.002703994418437986,0.23888630025293536,-0.33221126834394415,0.020885238452940016
2025-07-01,3,28,-0.19562593211055382,-0.011830905297164726,-0.012659212289925061,-0.11481893323497847,-0.26278536128638247,0.0029761551937447744
2025-07-01,4,28,-0.2421528075412811,-0.021381464078746564,-0.01688480408675464,-0.20839803576351473,-0.33662301998865635,0.0020684271857723258
2025-07-01,5,28,-0.2403391935922144,-0.014045017906871038,-0.013693288388308078,-0.22134682455058288,-0.2837480774369173,0.004084678859462941
2025-07-01,6,28,-0.12219761611011,-0.012508539587856627,-0.009744877373643561,0.18041573571403785,-0.45691641746282274,0.024367491149880356
2025-07-01,7,28,-0.27440385711404336,-0.020492799647192743,-0.017345682897360198,-0.37021663533101995,-0.194748360944578,-0.006267651434815229
2025-07-01,8,28,-0.3167241658764364,-0.023235400216705983,-0.018829953771563494,-0.5344010556835954,0.11461897317835776,-0.01748399537417411
2025-07-01,9,28,-0.43085275410505475,-0.029719690363612473,-0.0263426642370997,-0.554452000277933,-0.3785428784641465,-0.006699885740286416
2025-07-01,10,28,-0.3595422215530166,-0.018106152268554988,-0.015713204192648402,-0.11920721389185553,-0.451301099155703,0.012551919232079342
2025-08-01,0,61,0.3747325805124649,0.038028020230527655,0.03209469722064472,1.3138275026991426,-0.4176082896571882,0.06496530846601359
2025-08-01,1,31,-0.2055336888300559,-0.021628265788645448,-0.015411826868801562,-0.16704851305896265,-0.18658401784116585,0.00288500383597734
2025-08-01,2,31,-0.3008399250571874,-0.015873657330465342,-0.02037800527505672,-0.2145008488572227,-0.2957554379581267,0.0013790902477560508
2025-08-01,3,31,-0.06511734606768106,-0.00032405254320137377,0.004154689304672204,-0.812948402158486,1.1310418805893097,-0.05077867999497578
2025-08-01,4,30,-0.1506939092686014,-0.009435833613780783,-0.006329539826007208,-0.328903564455111,0.1678834398102508,-0.009056246564710569
2025-08-01,5,31,-0.40184833057146885,-0.021360979927600676,-0.01983718073761562,-0.47712584411631337,-0.08648481927565095,-0.004194388684311663
2025-08-01,6,31,-0.13232999529867595,-0.01140014219129948,-0.009950796322437762,0.118196235617036,-0.3805962649988575,0.018742089756828572
2025-08-01,7,30,-0.18938640946210525,-0.019295660532832666,-0.011365234322339353,0.18559548958065128,-0.6185321533655209,0.02967337934003701
2025-08-01,8,31,-0.0743857426116523,0.012281235947531052,0.0031824220617569813,0.6299523616198741,-0.536170335333959,0.0417694256160148
2025-08-01,9,31,0.07491341684659851,0.0023035857274279446,0.007113896612642686,0.5627609634314618,-0.4133540313700293,0.03737696181308343
2025-08-01,10,30,0.16919889168240898,0.016399754441882207,0.01668287035184316,1.1467789896401799,-0.6041923074983541,0.06785031230199093
2025-09-01,0,63,-0.13318423017401262,-0.004827673301729464,-0.009649972006832638,-0.01861137668482482,-0.1765125898113253,0.0035419932444383977
2025-09-01,1,32,-0.1395800249481504,-0.015374171756605432,-0.006936662755552911,-0.26114911261550955,-0.1008533158745171,-0.0021150163265016703
2025-09-01,2,31,-0.14070333800521256,-0.012048588392548389,-0.009761033306308143,-0.27605709850853444,-0.13552565341011147,-0.002433414805046255
2025-09-01,3,31,-0.07975116260664752,-0.015154833082961963,-0.009597941069670964,0.20410319025892773,-0.6529742034233686,0.02247849724814838
2025-09-01,4,31,-0.29280755077672305,-0.021424069773296632,-0.01848884537084754,-0.33377767076598575,-0.3300218043235076,0.001934210014193407
2025-09-01,5,31,-0.09969136870388173,-0.007694716351796609,-0.00835619124749751,-0.696381686870189,0.38394953135929616,-0.029349365789054584
2025-09-01,6,32,-0.13258805361818368,-0.0046294760743984375,-0.002053728571647907,-0.21091147415179132,-0.03427463039949513,-0.00011354737858193867
2025-09-01,7,31,-0.2127420225052477,-0.015506128160608762,-0.009989477304113209,-0.2692059946376516,-0.19745721891134713,0.004304322768945029
2025-09-01,8,31,-0.2560878802345286,-0.019529886984650774,-0.013479823872897796,-0.632206494398288,0.08794188160667345,-0.0163743298267044
2025-09-01,9,31,-0.3129594285696842,-0.022448070372095476,-0.012105338893713504,-0.6783135095517571,0.2107720071958531,-0.021481258194027995
2025-09-01,10,31,-0.272764255122163,-0.020201845058334895,-0.01658663476238555,-0.27976048930033437,-0.2773659056858424,0.0014269769179367277
2025-10-01,0,59,-0.11355499951833962,-0.003180817768600893,-0.010823888208830738,-0.28814225118794756,-0.043887578924822146,-0.020667218472995547
2025-10-01,1,30,-0.10527335341293197,-0.007795165176043991,0.0037389599646543755,-0.38612559205688235,0.23130580370184792,-0.02400275703436744
2025-10-01,2,30,-0.0842675433807145,0.0015699132407885482,0.007857339915085481,-0.4911574843769271,0.5543649094480055,-0.044582457382208875
2025-10-01,3,30,-0.04527053876695416,-0.006035359361562942,-0.0008970161840648578,-0.7171462043184262,0.7127072351051165,-0.057793045894697075
2025-10-01,4,30,-0.1837114940956463,-0.015216564172074655,-0.007499495668493155,-0.4648763930575686,0.09560403724455455,-0.026113364017497673
2025-10-01,5,30,-0.3030495568356913,-0.016807242956374074,-0.015107238684285281,-0.4551395056078234,-0.061552758848527775,-0.02010717018654554
2025-10-01,6,30,-0.04221777777362492,-0.006269747409610027,0.0041104858295169305,-0.22408048450448784,0.33200037013783024,-0.02863858016742473
2025-10-01,7,30,-0.20553786620909592,-0.018506388927673652,-0.011092581327053215,-0.5939050064888887,0.22303584346669383,-0.027219465532461525
2025-10-01,8,30,-0.487893191830786,-0.037689172949352916,-0.028448092846515054,-0.572780592816785,-0.2439165942592086,-0.007797679925817942
2025-10-01,9,30,-0.01066308077007384,0.006566098218794708,0.017873563058021253,-0.47079831694719976,0.6596575235936245,-0.04370657370445589
2025-10-01,10,29,-0.2188283529312716,-0.010975982944644884,-0.007084928244176362,-0.6742678432448299,0.18741822477702577,-0.044669975507362986
2025-11-01,0,59,-0.24675804832454937,-0.01095900344772031,-0.022561534952182334,-0.24932286118783836,-0.3508487216491037,-0.011599543693878937
2025-11-01,1,30,0.039531167965955245,-0.004745929583788336,0.007782153774160069,0.13874114318286998,-0.07125639639043306,0.024258947985274056
2025-11-01,2,30,-0.21344774586729995,-0.020470258428435393,-0.014791700194202938,-0.23780543888172037,-0.07844938344598304,0.008362378173939918
2025-11-01,3,29,-0.16669884270042445,-0.010385896909654887,-0.012300570404184308,-0.11729605609775845,-0.2909495784426858,0.011155093908086326
2025-11-01,4,30,-0.08180825142497444,-0.013264521144505026,-0.008391741897482636,-0.03456967275021237,-0.20280462683283276,0.01219811715564146
2025-11-01,5,29,0.30580036744940425,0.025968087630618465,0.026516224443977245,-0.1257044075450201,0.8374014405345278,-0.035943519119899264
2025-11-01,6,30,-0.024222360938914347,-0.007517079873388715,-0.006620336575030637,0.3642160362263772,-0.6478863503174105,0.037167778480789095
2025-11-01,7,30,0.06922751378022725,-0.005677807045266394,-0.0001405345781503688,0.40270382281399697,-0.4842964203734634,0.03938916717781379
2025-11-01,8,29,-0.04979215208947828,-0.00754210844206631,-0.0032141612052855022,0.35669017029943006,-0.6184412569295089,0.04534268282633154
2025-11-01,9,30,-0.1113072199033719,-0.011535962511141983,-0.011847461898366572,0.2319201494380291,-0.5717207623221144,0.02566529644008431
2025-11-01,10,29,-0.20722688035859413,-0.015704933031508647,-0.014779381178022265,-0.11058171800496838,-0.42210511803953676,0.012659404291395119
