date,expiration,strike,dte,iv,underlying_price,iv_mean,iv_std,zscore
2017-01-03,2017-02-01,2260.0,29,0.10540000000000001,2257.83,,,
2017-01-04,2017-02-03,2270.0,30,0.0985,2270.75,,,
2017-01-05,2017-02-03,2270.0,29,0.09675,2269.0,,,
2017-01-06,2017-02-06,2275.0,31,0.09245,2276.98,,,
2017-01-09,2017-02-06,2270.0,28,0.09235,2268.9,,,
2017-01-10,2017-02-08,2270.0,29,0.0933,2268.9,,,
2017-01-11,2017-02-10,2275.0,30,0.09460000000000002,2275.32,,,
2017-01-12,2017-02-10,2270.0,29,0.09405,2270.44,,,
2017-01-13,2017-02-13,2275.0,31,0.08815,2274.6400000000003,,,
2017-01-17,2017-02-15,2265.0,29,0.0938,2267.8900000000003,,,
2017-01-18,2017-02-15,2270.0,28,0.09235,2271.8900000000003,,,
2017-01-19,2017-02-15,2270.0,27,0.094,2263.69,,,
2017-01-20,2017-02-21,2275.0,32,0.0839,2271.31,,,
2017-01-23,2017-02-21,2265.0,29,0.09025,2265.2000000000003,,,
2017-01-24,2017-02-22,2280.0,29,0.0847,2280.07,,,
2017-01-25,2017-02-24,2300.0,30,0.0849,2298.37,,,
2017-01-26,2017-02-24,2295.0,29,0.08430000000000001,2296.6800000000003,,,
2017-01-27,2017-02-27,2295.0,31,0.0805,2294.69,,,
2017-01-30,2017-02-28,2280.0,29,0.08965000000000001,2280.9,,,
2017-01-31,2017-03-01,2280.0,29,0.09140000000000001,2278.87,,,
2017-02-01,2017-03-03,2280.0,30,0.08995,2279.55,,,
2017-02-02,2017-03-03,2280.0,29,0.09065000000000001,2280.85,,,
2017-02-03,2017-03-06,2295.0,31,0.08205,2297.42,,,
2017-02-06,2017-03-06,2295.0,28,0.08245,2292.56,,,
2017-02-07,2017-03-08,2295.0,29,0.08545,2293.08,,,
2017-02-08,2017-03-10,2295.0,30,0.08865,2294.67,,,
2017-02-09,2017-03-10,2310.0,29,0.08475,2307.87,,,
2017-02-10,2017-03-13,2320.0,31,0.08325,2316.1,,,
2017-02-13,2017-03-13,2330.0,28,0.0825,2328.25,,,
2017-02-14,2017-03-15,2340.0,29,0.0859,2337.58,,,
2017-02-15,2017-03-15,2350.0,28,0.09380000000000001,2349.25,,,
2017-02-16,2017-03-15,2345.0,27,0.09210000000000002,2347.2200000000003,,,
2017-02-17,2017-03-20,2340.0,31,0.08965000000000001,2351.1600000000003,,,
2017-02-21,2017-03-22,2365.0,29,0.09115000000000001,2365.38,,,
2017-02-22,2017-03-24,2365.0,30,0.0933,2362.82,,,
2017-02-23,2017-03-24,2365.0,29,0.09260000000000002,2363.81,,,
2017-02-24,2017-03-27,2360.0,31,0.09040000000000001,2367.34,,,
2017-02-27,2017-03-27,2370.0,28,0.094,2369.75,,,
2017-02-28,2017-03-29,2365.0,29,0.10255,2363.6400000000003,,,
2017-03-01,2017-03-31,2395.0,30,0.1022,2395.96,,,
2017-03-02,2017-03-31,2380.0,29,0.0976,2381.92,,,
2017-03-03,2017-04-03,2385.0,31,0.08615,2383.12,,,
2017-03-06,2017-04-03,2375.0,28,0.088,2375.31,,,
2017-03-07,2017-04-05,2370.0,29,0.09045,2368.3900000000003,,,
2017-03-08,2017-04-07,2365.0,30,0.09485000000000002,2362.98,,,
2017-03-09,2017-04-07,2365.0,29,0.0989,2364.87,,,
2017-03-10,2017-04-10,2370.0,31,0.09015000000000001,2372.6,,,
2017-03-13,2017-04-13,2375.0,31,0.08940000000000001,2373.4700000000003,,,
2017-03-14,2017-04-13,2365.0,30,0.0951,2365.4500000000003,,,
2017-03-15,2017-04-13,2385.0,29,0.08830000000000002,2385.26,,,
2017-03-16,2017-04-13,2380.0,28,0.08325,2381.38,,,
2017-03-17,2017-04-17,2380.0,31,0.08025,2378.25,,,
2017-03-20,2017-04-17,2375.0,28,0.08085,2373.4700000000003,,,
2017-03-21,2017-04-19,2350.0,29,0.09625,2344.02,,,
2017-03-22,2017-04-19,2350.0,28,0.1013,2348.4500000000003,,,
2017-03-23,2017-04-19,2345.0,27,0.1063,2345.96,,,
2017-03-24,2017-04-24,2340.0,31,0.10880000000000001,2343.98,,,
2017-03-27,2017-04-24,2340.0,28,0.10235,2341.59,,,
2017-03-28,2017-04-26,2360.0,29,0.09175,2358.57,,,
2017-03-29,2017-04-28,2360.0,30,0.0916,2361.13,,,
2017-03-30,2017-04-28,2370.0,29,0.09,2368.06,0.09140416666666668,0.006611740274940997,-0.2123747467801447
2017-03-31,2017-05-01,2365.0,31,0.09335,2362.7200000000003,0.09114749999999999,0.006353068289804167,0.3466828781826147
2017-04-03,2017-05-01,2360.0,28,0.095,2358.84,0.09106166666666667,0.0062864891893395945,0.626475798290057
2017-04-04,2017-05-03,2360.0,29,0.09235,2360.1600000000003,0.0910325,0.006263668612843866,0.21033999105546877
2017-04-05,2017-05-05,2355.0,30,0.10115,2352.9500000000003,0.09103083333333334,0.006263298338211768,1.6156290376478832
2017-04-06,2017-05-05,2355.0,29,0.1008,2357.4900000000002,0.0911775,0.00639633386123698,1.504377383787644
2017-04-07,2017-05-08,2350.0,31,0.10705,2355.54,0.09130250000000001,0.006510776106461852,2.4186824646559155
2017-04-10,2017-05-08,2355.0,28,0.1149,2357.1600000000003,0.09151,0.0068092023973543025,3.4350572409314974
2017-04-11,2017-05-10,2355.0,29,0.12145,2353.78,0.0918575,0.007443509429504245,3.9756112731855486
2017-04-12,2017-05-12,2345.0,30,0.1267,2344.9300000000003,0.09241250000000001,0.008348787717742744,4.106883676911872
2017-04-13,2017-05-12,2330.0,29,0.13230000000000003,2328.9500000000003,0.09296083333333334,0.009449330043809252,4.163169926786484
2017-04-17,2017-05-15,2350.0,28,0.11565,2349.01,0.09362666666666668,0.010726726745222265,2.0531270961239527
2017-04-18,2017-05-17,2350.0,29,0.11305000000000001,2342.19,0.09398750000000002,0.011097238261563018,1.717769732495145
2017-04-19,2017-05-17,2345.0,28,0.117,2338.17,0.09447333333333334,0.011284632067726215,1.9962251787625767
2017-04-20,2017-05-17,2355.0,27,0.10825000000000001,2355.84,0.09491916666666667,0.011637840426911687,1.145473115656985
2017-04-21,2017-05-22,2330.0,31,0.12095,2348.69,0.09531166666666668,0.011684378121680054,2.1942402981432165
2017-04-24,2017-05-22,2375.0,28,0.08005000000000001,2374.15,0.09591250000000001,0.012060734809809168,-1.315218371860627
2017-04-25,2017-05-24,2390.0,29,0.0806,2388.61,0.09584166666666667,0.01214229603935536,-1.2552540818693343
2017-04-26,2017-05-26,2385.0,30,0.0832,2387.4500000000003,0.09584333333333332,0.012140161206684779,-1.0414469065181344
2017-04-27,2017-05-26,2390.0,29,0.07980000000000001,2388.77,0.09573583333333334,0.012224198326169054,-1.3036301365643392
2017-04-28,2017-05-26,2385.0,28,0.079,2384.2000000000003,0.0955425,0.01238461259940287,-1.3357301140608633
2017-05-01,2017-05-31,2390.0,30,0.07535,2388.33,0.09535999999999999,0.01254802233050212,-1.5946736045694676
2017-05-02,2017-05-31,2390.0,29,0.0781,2391.17,0.095105,0.012798327154987948,-1.3286892727517565
2017-05-03,2017-06-02,2390.0,30,0.08015,2388.13,0.09503916666666666,0.012876539209183881,-1.1563018932950029
2017-05-04,2017-06-02,2390.0,29,0.07825000000000001,2389.52,0.09500083333333334,0.012918009015359298,-1.2967039513145457
2017-05-05,2017-06-05,2400.0,31,0.07490000000000001,2399.29,0.09488083333333334,0.013041089209431922,-1.5321445174136428
2017-05-08,2017-06-07,2400.0,30,0.0709,2399.38,0.09465166666666666,0.013271218912083,-1.7897125218122625
2017-05-09,2017-06-07,2395.0,29,0.0731,2396.92,0.09442083333333334,0.01356359250592065,-1.5719163874929578
2017-05-10,2017-06-09,2400.0,30,0.07475,2399.63,0.09425166666666666,0.01376704788052373,-1.4165467307087465
2017-05-11,2017-06-09,2395.0,29,0.07815,2394.44,0.09412250000000001,0.01391473863467031,-1.147883580091295
2017-05-12,2017-06-09,2390.0,28,0.07575000000000001,2390.9,0.09399333333333333,0.014027870160610198,-1.3005062867319663
2017-05-15,2017-06-14,2400.0,30,0.07919999999999999,2402.32,0.0936925,0.014224256630661422,-1.018858164352882
2017-05-16,2017-06-14,2400.0,29,0.07815,2400.67,0.0934775,0.014345708698103681,-1.0684379783918314
2017-05-17,2017-06-16,2355.0,30,0.12110000000000001,2357.03,0.09328583333333333,0.014473962864008623,1.921669063821505
2017-05-18,2017-06-16,2365.0,29,0.10975,2365.7200000000003,0.09378500000000001,0.014908964713002692,1.070832234653845
2017-05-19,2017-06-19,2380.0,31,0.09140000000000001,2381.73,0.09405916666666667,0.015050475784096785,-0.1766832294748109
2017-05-22,2017-06-21,2395.0,30,0.08330000000000001,2394.02,0.09403916666666667,0.01505324474191153,-0.7134120816335676
2017-05-23,2017-06-21,2400.0,29,0.0816,2398.42,0.09392083333333333,0.0151101360403602,-0.8154018799316922
2017-05-24,2017-06-23,2405.0,30,0.07805000000000001,2404.3900000000003,0.09371416666666667,0.015193603949975158,-1.0309711058838198
2017-05-25,2017-06-23,2415.0,29,0.07535,2415.07,0.09330583333333334,0.015281084162849524,-1.1750366100977643
2017-05-26,2017-06-26,2415.0,31,0.0723,2415.82,0.09285833333333333,0.015408819196795974,-1.3341926510246884
2017-05-30,2017-06-28,2415.0,29,0.0762,2412.9100000000003,0.09243666666666668,0.015621565023559927,-1.0393751613349287
2017-05-31,2017-06-30,2415.0,30,0.0799,2411.8,0.09227083333333334,0.015741783683276608,-0.7858596955868212
2017-06-01,2017-06-30,2430.0,29,0.07485,2430.06,0.09213583333333333,0.01581359930637548,-1.093099236829929
2017-06-02,2017-07-03,2440.0,31,0.07015,2439.07,0.09187583333333335,0.015969264684011684,-1.360478003416469
2017-06-05,2017-07-05,2440.0,30,0.07155,2436.1,0.09146416666666668,0.016207879156490912,-1.228671960988275
2017-06-06,2017-07-05,2430.0,29,0.07795,2429.33,0.09100833333333333,0.016378903769805997,-0.7972654041356515
2017-06-07,2017-07-07,2435.0,30,0.078,2433.1400000000003,0.09080500000000001,0.01646523996541333,-0.7776989601668746
2017-06-08,2017-07-07,2435.0,29,0.07445,2433.79,0.09061500000000001,0.01654729815623042,-0.9768966418190475
2017-06-09,2017-07-10,2430.0,31,0.0756,2431.77,0.09027083333333333,0.016666751871251138,-0.8802454999428764
2017-06-12,2017-07-12,2430.0,30,0.08085,2429.3900000000003,0.09005916666666666,0.01677251457165852,-0.5490629700944135
2017-06-13,2017-07-12,2440.0,29,0.07385,2440.35,0.09001916666666668,0.016791879321808867,-0.9629158450219789
2017-06-14,2017-07-14,2440.0,30,0.0764,2437.92,0.0899125,0.016875108599776104,-0.8007355875730063
2017-06-15,2017-07-14,2430.0,29,0.0812,2432.46,0.08983833333333334,0.016925317929233998,-0.5103793836813497
2017-06-16,2017-07-17,2435.0,31,0.07395,2433.15,0.0895875,0.016940200469568022,-0.9231000558754755
2017-06-19,2017-07-19,2455.0,30,0.07295,2453.46,0.08913166666666666,0.01698760008056392,-0.952557547265352
2017-06-20,2017-07-19,2440.0,29,0.08070000000000001,2437.03,0.08857583333333333,0.01696191769335526,-0.4643244635256445
2017-06-21,2017-07-21,2435.0,30,0.085,2435.61,0.0881075,0.016781014355413983,-0.18517950906808206
2017-06-22,2017-07-21,2435.0,29,0.08105000000000001,2434.5,0.08781833333333333,0.016680616393791814,-0.4057603852008944
2017-06-23,2017-07-24,2440.0,31,0.07385,2438.3,0.08764,0.01669506117978039,-0.8259927802301946
2017-06-26,2017-07-26,2445.0,30,0.0736,2439.07,0.08734416666666668,0.016780744846366925,-0.8190438977827811
2017-06-27,2017-07-26,2425.0,29,0.08535000000000001,2419.38,0.08707083333333335,0.016870080052824317,-0.10200504846123973
2017-06-28,2017-07-28,2440.0,30,0.0782,2440.69,0.08693750000000001,0.016851214875984767,-0.5185086098719276
2017-06-29,2017-07-28,2420.0,29,0.0917,2419.7000000000003,0.08665750000000001,0.01685455182948753,0.29917734099449567
2017-06-30,2017-07-31,2425.0,31,0.08485000000000001,2423.4100000000003,0.08664666666666668,0.0168510394656664,-0.10662052452772039
2017-07-03,2017-08-02,2430.0,30,0.08710000000000001,2429.01,0.08637500000000001,0.016744312214164662,0.04329828485798884
2017-07-05,2017-08-04,2435.0,30,0.08345,2432.54,0.08614666666666666,0.016637340244025797,-0.1620852027495799
2017-07-06,2017-08-04,2410.0,29,0.0975,2409.75,0.08575333333333335,0.016412223810181252,0.7157266926484186
2017-07-07,2017-08-07,2425.0,31,0.08275,2425.1800000000003,0.08546333333333335,0.01603793930575688,-0.16918216745959277
2017-07-10,2017-08-09,2425.0,30,0.08405000000000001,2427.4300000000003,0.08481833333333334,0.015328645408401141,-0.0501240202811548
2017-07-11,2017-08-09,2415.0,29,0.08725,2425.53,0.0841075,0.014308510046324281,0.21962454440232027
2017-07-12,2017-08-11,2445.0,30,0.0753,2443.25,0.08335666666666668,0.012843785896619117,-0.6272812963027852
2017-07-13,2017-08-11,2450.0,29,0.0709,2447.83,0.08268416666666667,0.012162544934913309,-0.9688898770552135
2017-07-14,2017-08-14,2460.0,31,0.0669,2459.27,0.08198166666666667,0.011582346907557453,-1.3021252762534614
2017-07-17,2017-08-16,2460.0,30,0.0691,2459.1400000000003,0.08114666666666667,0.010794093122059105,-1.1160424993969877
2017-07-18,2017-08-16,2460.0,29,0.06975,2460.61,0.08049416666666667,0.010299926327145879,-1.0431304385498343
2017-07-19,2017-08-18,2475.0,30,0.07085000000000001,2473.83,0.07964083333333334,0.008919881106539608,-0.9855325680168915
2017-07-20,2017-08-18,2475.0,29,0.07050000000000001,2473.4500000000003,0.0794875,0.008991514950312595,-0.9995534734319204
2017-07-21,2017-08-21,2475.0,31,0.06570000000000001,2472.54,0.07931916666666668,0.009064580406055931,-1.5024596899783553
2017-07-24,2017-08-23,2470.0,30,0.0682,2469.9100000000003,0.0790275,0.009217841143075913,-1.1746242782816023
2017-07-25,2017-08-23,2475.0,29,0.06635,2477.13,0.07883416666666668,0.009322419176039301,-1.3391552590505442
2017-07-26,2017-08-25,2480.0,30,0.06655,2477.83,0.07862333333333334,0.00946062521076335,-1.2761665391413575
2017-07-27,2017-08-25,2475.0,29,0.06945,2475.42,0.07847666666666668,0.009579694568335614,-0.9422708210868339
2017-07-28,2017-08-28,2475.0,31,0.0683,2472.1,0.0783325,0.009650286835993485,-1.039606404504055
2017-07-31,2017-09-01,2470.0,32,0.07335,2470.3,0.07813500000000001,0.009733361726992096,-0.4916081549430632
2017-08-01,2017-08-31,2475.0,30,0.06805,2476.35,0.07805333333333334,0.00975291728049746,-1.0256760152510085
2017-08-02,2017-09-01,2480.0,30,0.0684,2477.57,0.07793916666666667,0.00983024169774875,-0.9703898398399765
2017-08-03,2017-09-01,2470.0,29,0.0744,2472.1600000000003,0.07789750000000001,0.009865817657490302,-0.3545068560378927
2017-08-04,2017-09-01,2475.0,28,0.0688,2476.83,0.07791916666666668,0.00985652623713227,-0.9251907261518005
2017-08-07,2017-09-06,2485.0,30,0.06635,2480.9100000000003,0.07782,0.009918687208103872,-1.1564030359409512
2017-08-08,2017-09-06,2475.0,29,0.07475000000000001,2474.92,0.07762333333333335,0.010028410771347076,-0.28651930987340035
2017-08-09,2017-09-08,2475.0,30,0.07885,2474.02,0.07760666666666667,0.010032407093534207,0.12393170669227022
2017-08-10,2017-09-08,2440.0,29,0.11615,2438.21,0.07760083333333334,0.010031566667388494,3.842786271060303
2017-08-11,2017-09-11,2440.0,31,0.11225,2441.32,0.07823416666666666,0.011198499792332456,3.0375348452141577
2017-08-14,2017-09-13,2465.0,30,0.0859,2465.84,0.07808666666666667,0.0106701463250918,0.7322611232574748
2017-08-15,2017-09-13,2465.0,29,0.08295,2464.61,0.07768916666666666,0.009886020311473674,0.532148748190173
2017-08-16,2017-09-15,2470.0,30,0.08205000000000001,2468.11,0.07754833333333333,0.009746594219010888,0.46187073817909735
2017-08-17,2017-09-15,2430.0,29,0.11530000000000001,2430.01,0.0775275,0.009735421195174742,3.8799040373026235
2017-08-18,2017-09-18,2425.0,31,0.11035,2425.55,0.07808916666666668,0.010879287939633105,2.9653441946147527
2017-08-21,2017-09-20,2425.0,30,0.1082,2428.37,0.07862750000000002,0.01164921407474865,2.53858327353625
2017-08-22,2017-09-20,2455.0,29,0.08795,2452.51,0.079175,0.012249076409319845,0.7163805422361028
2017-08-23,2017-09-22,2445.0,30,0.09795000000000001,2444.04,0.07943583333333333,0.01226681167970352,1.5092892228304065
2017-08-24,2017-09-22,2440.0,29,0.09855,2438.9700000000003,0.07979833333333333,0.01248892718610718,1.5014633672879625
2017-08-25,2017-09-25,2445.0,31,0.08825,2443.05,0.08010916666666668,0.012721423581417809,0.6399310015291558
2017-08-28,2017-09-27,2445.0,30,0.08910000000000001,2444.2400000000002,0.08033249999999999,0.012745131423410274,0.6879097365677901
2017-08-29,2017-09-27,2445.0,29,0.0911,2446.3,0.08064833333333334,0.012723303611965718,0.821458560246674
2017-08-30,2017-09-29,2460.0,30,0.08605,2457.59,0.08097416666666667,0.01273667629417498,0.39852102825717006
2017-08-31,2017-09-29,2470.0,29,0.08005000000000001,2471.65,0.08110916666666666,0.012747001946176176,-0.08309143366722241
2017-09-01,2017-10-02,2475.0,31,0.0747,2476.55,0.08114333333333333,0.012741273074070055,-0.5057056148059684
2017-09-05,2017-10-04,2460.0,29,0.09255000000000001,2457.85,0.0811475,0.012739087802933436,0.895079787217916
2017-09-06,2017-10-06,2465.0,30,0.0867,2465.54,0.08143000000000002,0.012801768283578667,0.41166188008261484
2017-09-07,2017-10-06,2465.0,29,0.0848,2465.1,0.08152749999999999,0.012819540913671134,0.25527435202536164
2017-09-08,2017-10-09,2465.0,31,0.08645,2461.4300000000003,0.08171,0.012786290327494641,0.37070955520284626
2017-09-11,2017-10-11,2490.0,30,0.0729,2488.11,0.0818775,0.012781376895271613,-0.7023891145343791
2017-09-12,2017-10-11,2495.0,29,0.07045000000000001,2496.48,0.08173916666666667,0.012833642532411345,-0.8796541307860088
2017-09-13,2017-10-13,2500.0,30,0.07,2498.3700000000003,0.08168083333333334,0.012877526382596281,-0.9070712018978851
2017-09-14,2017-10-13,2495.0,29,0.0707,2495.6200000000003,0.08163166666666669,0.012916996970444145,-0.8463009391176475
2017-09-15,2017-10-16,2500.0,31,0.06535,2500.23,0.081465,0.012993509787973744,-1.240234568100712
2017-09-18,2017-10-18,2505.0,30,0.06735000000000001,2503.8700000000003,0.08113750000000002,0.013149600834954804,-1.0485109147457552
2017-09-19,2017-10-18,2505.0,29,0.0691,2506.65,0.08090916666666666,0.013269544241552949,-0.889945159509459
2017-09-20,2017-10-20,2510.0,30,0.0685,2508.2400000000002,0.08083,0.013326420807006797,-0.9252296755867935
2017-09-21,2017-10-20,2500.0,29,0.07015,2500.6,0.080745,0.013389433286319979,-0.791295626441855
2017-09-22,2017-10-23,2500.0,31,0.06795000000000001,2502.2200000000003,0.08049166666666667,0.013444509832372777,-0.9328467027089244
2017-09-25,2017-10-25,2500.0,30,0.07245,2496.6600000000003,0.08032083333333334,0.013538912192697825,-0.5813490198701823
2017-09-26,2017-10-25,2495.0,29,0.0746,2496.84,0.08,0.013492694193902468,-0.40021658553858985
2017-09-27,2017-10-27,2505.0,30,0.07425000000000001,2507.04,0.07982916666666667,0.013495135004338066,-0.4134205893363213
2017-09-28,2017-10-27,2510.0,29,0.06945000000000001,2510.06,0.079615,0.01347974720630037,-0.7540942604063763
2017-09-29,2017-10-30,2520.0,31,0.06575,2519.36,0.07938166666666667,0.013533301571029487,-1.0072683738791242
2017-10-02,2017-11-01,2530.0,30,0.06609999999999999,2529.1200000000003,0.07885249999999999,0.013433207099054994,-0.9493265387754737
2017-10-03,2017-11-01,2535.0,29,0.06715,2534.58,0.078575,0.01352300456786038,-0.8448566250693559
2017-10-04,2017-11-03,2540.0,30,0.0648,2537.7400000000002,0.07829333333333334,0.013582904467944643,-0.9934055978364064
2017-10-05,2017-11-03,2550.0,29,0.0645,2552.07,0.07791916666666668,0.013641083546065332,-0.9837317263948093
2017-10-06,2017-11-06,2550.0,31,0.06325,2549.33,0.07773916666666666,0.01374707393108317,-1.0539818683818647
2017-10-09,2017-11-08,2545.0,30,0.07020000000000001,2544.73,0.07761166666666666,0.01384669503083086,-0.5352661158611449
2017-10-10,2017-11-08,2550.0,29,0.06810000000000001,2550.6400000000003,0.07766666666666668,0.013809931536381628,-0.6927381675617816
2017-10-11,2017-11-10,2555.0,30,0.0668,2555.2400000000002,0.07765,0.013821044504176972,-0.7850347342938466
2017-10-12,2017-11-10,2550.0,29,0.0679,2550.9300000000003,0.07760083333333333,0.01385482994674085,-0.7001770047430504
2017-10-13,2017-11-13,2555.0,31,0.06290000000000001,2553.17,0.07755166666666667,0.013884395480290346,-1.0552614038879473
2017-10-16,2017-11-15,2555.0,30,0.06535,2557.6400000000003,0.07742500000000001,0.013984126897477208,-0.8634790064854446
2017-10-17,2017-11-15,2555.0,29,0.06715,2559.36,0.07741916666666666,0.013989172846201584,-0.7340796185426361
2017-10-18,2017-11-17,2560.0,30,0.0673,2561.26,0.07740166666666666,0.014001552476472468,-0.7214676146549474
2017-10-19,2017-11-17,2560.0,29,0.068,2562.1,0.0774175,0.013989374978466173,-0.6731894751907316
2017-10-20,2017-11-20,2580.0,31,0.06385,2575.21,0.07744166666666666,0.013971524208208807,-0.972812018511268
2017-10-23,2017-11-22,2565.0,30,0.07605,2564.98,0.07734833333333334,0.01404433044022121,-0.09244537066822832
2017-10-24,2017-11-22,2570.0,29,0.07650000000000001,2569.13,0.07747750000000002,0.013995254719404599,-0.06984510247210363
2017-10-25,2017-11-24,2555.0,30,0.08325,2557.15,0.07753,0.013985413708938655,0.40899755409767496
2017-10-26,2017-11-24,2560.0,29,0.08145,2560.4,0.07778333333333334,0.013948399661156276,0.2628736454173766
2017-10-27,2017-11-27,2580.0,31,0.06685,2581.07,0.07800083333333332,0.013901269578853388,-0.8021449602197461
2017-10-30,2017-11-29,2575.0,30,0.07315,2572.83,0.077875,0.013968425350756647,-0.33826289516191227
2017-10-31,2017-11-30,2575.0,30,0.07225000000000001,2575.26,0.0779475,0.013931765997660142,-0.40895748614762095
2017-11-01,2017-12-01,2580.0,30,0.07425000000000001,2579.36,0.07804583333333333,0.013869202229408361,-0.27368793608651865
2017-11-02,2017-12-01,2580.0,29,0.0735,2579.85,0.0780375,0.013871366145005816,-0.32711269766559087
2017-11-03,2017-12-04,2585.0,31,0.06535,2587.84,0.07794833333333333,0.013883244890895098,-0.9074487580058141
2017-11-06,2017-12-06,2590.0,30,0.06810000000000001,2591.13,0.07710166666666668,0.013037276954773963,-0.6904560436886676
2017-11-07,2017-12-06,2595.0,29,0.0699,2590.6400000000003,0.07636583333333333,0.01224149823162191,-0.5281897044784074
2017-11-08,2017-12-08,2595.0,30,0.07145,2594.38,0.07609916666666668,0.012204502127294719,-0.3809386583881257
2017-11-09,2017-12-08,2585.0,29,0.0772,2584.6200000000003,0.0759075,0.012185375455848706,0.10606977230066646
2017-11-10,2017-12-11,2580.0,31,0.08080000000000001,2582.3,0.07582666666666668,0.012159997862771148,0.40899129995405725
2017-11-13,2017-12-13,2585.0,30,0.08374999999999999,2584.84,0.07525166666666668,0.011024487253792781,0.7708597359400651
2017-11-14,2017-12-13,2580.0,29,0.084,2578.8700000000003,0.07480833333333334,0.010083848331621278,0.9115236925810479
2017-11-15,2017-12-15,2565.0,30,0.0991,2564.6200000000003,0.07440500000000001,0.009167997489424921,2.693608940064077
2017-11-16,2017-12-15,2585.0,29,0.0839,2585.6400000000003,0.07459083333333334,0.009552160513738554,0.9745613731341298
2017-11-17,2017-12-18,2580.0,31,0.07855000000000001,2578.85,0.07435666666666667,0.00913282618493825,0.4591495828803724
2017-11-20,2017-12-20,2580.0,30,0.07775,2582.1400000000003,0.07402333333333333,0.008583293126997052,0.4341767910669596
2017-11-21,2017-12-20,2600.0,29,0.0684,2599.03,0.07384833333333334,0.008393252771744427,-0.6491325212645739
2017-11-22,2017-12-22,2595.0,30,0.07155,2597.08,0.07350333333333334,0.008178396856428708,-0.2388406148080107
2017-11-24,2017-12-22,2600.0,28,0.07055,2602.42,0.07317750000000002,0.007848228910645913,-0.33478890969093483
2017-11-27,2017-12-27,2600.0,30,0.07205,2601.42,0.07291916666666667,0.007670420246075991,-0.1133140869447559
2017-11-28,2017-12-27,2625.0,29,0.07475000000000001,2627.04,0.07278583333333334,0.007613686893177619,0.25797838737323125
2017-11-29,2017-12-29,2625.0,30,0.08425,2626.07,0.07278666666666668,0.007613902686815338,1.5055791759965462
2017-11-30,2017-12-29,2650.0,29,0.08645,2647.58,0.07264833333333334,0.007318411693633678,1.8858827904793596
2017-12-01,2017-12-29,2640.0,28,0.09290000000000001,2642.2200000000003,0.07264416666666668,0.007310342636516901,2.770845956268948
2017-12-04,2018-01-03,2640.0,30,0.08710000000000001,2639.44,0.07277916666666667,0.007607385415049469,1.8824908364709445
2017-12-05,2018-01-03,2625.0,29,0.08585000000000001,2629.57,0.07279,0.0076276193056016165,1.7121987184663157
2017-12-06,2018-01-05,2630.0,30,0.08395,2629.27,0.07300583333333334,0.0078117799555188685,1.4009824558530761
2017-12-07,2018-01-05,2635.0,29,0.0801,2636.98,0.07323083333333334,0.007930434252257475,0.8661778722535007
2017-12-08,2018-01-08,2650.0,31,0.0716,2651.5,0.07339916666666667,0.007967797962958845,-0.22580475496878058
2017-12-11,2018-01-10,2660.0,30,0.0709,2659.9900000000002,0.07341416666666668,0.007963476434378645,-0.31571220024120633
2017-12-12,2018-01-10,2665.0,29,0.07335,2664.11,0.07350666666666666,0.00790020095575062,-0.019830719186026163
2017-12-13,2018-01-12,2665.0,30,0.07655,2662.85,0.07360666666666667,0.007858814907567966,0.3745263589932544
2017-12-14,2018-01-12,2650.0,29,0.07745,2652.01,0.07373083333333333,0.007845246275566743,0.47406627351516795
2017-12-15,2018-01-12,2675.0,28,0.06885,2675.81,0.07387999999999999,0.007829172954568215,-0.6424688826250871
2017-12-18,2018-01-17,2690.0,30,0.06945000000000001,2690.1600000000003,0.07385833333333333,0.007841459602686545,-0.5621827512601085
2017-12-19,2018-01-17,2685.0,29,0.07300000000000001,2681.4700000000003,0.07388333333333333,0.007824676668831208,-0.1128907136638612
2017-12-20,2018-01-19,2680.0,30,0.0732,2679.25,0.0738925,0.007823291089725366,-0.08851773404027954
2017-12-21,2018-01-19,2685.0,29,0.07305,2684.57,0.07386916666666667,0.007823232955118782,-0.10470948153610554
2017-12-22,2018-01-22,2685.0,31,0.07220000000000001,2683.34,0.07384916666666667,0.007823776731517382,-0.2107890758210341
2017-12-26,2018-01-24,2680.0,29,0.0781,2680.5,0.073895,0.0078056026162872175,0.5387156132219467
2017-12-27,2018-01-26,2685.0,30,0.0756,2682.6200000000003,0.07410083333333334,0.007749814058276053,0.19344550145247644
2017-12-28,2018-01-26,2690.0,29,0.07055,2687.54,0.07425916666666667,0.007680315426888221,-0.48294457460446816
2017-12-29,2018-01-29,2675.0,31,0.07730000000000001,2673.61,0.07431583333333334,0.007639407708798044,0.3906280146862564
2018-01-02,2018-01-31,2695.0,29,0.06995,2695.81,0.07452416666666667,0.007545368383289715,-0.6062217819340417
2018-01-03,2018-02-02,2715.0,30,0.0672,2713.06,0.07461500000000001,0.007454911360293329,-0.9946462998197554
2018-01-04,2018-02-02,2725.0,29,0.06935,2723.9900000000002,0.07468083333333334,0.007369802630953494,-0.7233346129167159
2018-01-05,2018-02-05,2740.0,31,0.0701,2743.15,0.07466666666666667,0.007379372686274754,-0.6188421239599996
2018-01-08,2018-02-07,2750.0,30,0.07145,2747.71,0.0747,0.0073536800426379405,-0.441955589739549
2018-01-09,2018-02-07,2750.0,29,0.0769,2751.29,0.07477750000000001,0.007293266136115109,0.29102187694614606
2018-01-10,2018-02-09,2750.0,30,0.07695,2748.23,0.0749275,0.0072417891845330835,0.2792818112296943
2018-01-11,2018-02-09,2770.0,29,0.07725000000000001,2767.56,0.07516166666666665,0.007071435537779567,0.29531957438858253
2018-01-12,2018-02-12,2785.0,31,0.07975000000000002,2786.2400000000002,0.07536000000000001,0.00695754559294915,0.6309696345287162
2018-01-16,2018-02-14,2780.0,29,0.09140000000000001,2776.42,0.07557,0.00689541852320579,2.2957272204327914
2018-01-17,2018-02-16,2805.0,30,0.0918,2802.56,0.07597166666666667,0.007104279962481122,2.2279996589274886
2018-01-18,2018-02-16,2800.0,29,0.0942,2798.03,0.07636833333333334,0.007313007720555474,2.4383492193704703
2018-01-19,2018-02-16,2810.0,28,0.087,2810.3,0.07687416666666666,0.007480179978725399,1.353688462327446
2018-01-22,2018-02-21,2835.0,30,0.08574999999999999,2832.9700000000003,0.07705666666666668,0.00759246653088434,1.144994620387316
2018-01-23,2018-02-21,2840.0,29,0.0879,2839.13,0.07721083333333335,0.007674440804818725,1.3928267789823856
2018-01-24,2018-02-23,2840.0,30,0.095,2837.54,0.07728833333333333,0.00775946860985626,2.282587578763949
2018-01-25,2018-02-23,2840.0,29,0.09495,2839.25,0.07751416666666669,0.008073471370590932,2.1596451554713463
2018-01-26,2018-02-26,2875.0,31,0.09090000000000001,2872.8700000000003,0.07798250000000001,0.008257301981697723,1.5643729669366078
2018-01-29,2018-02-28,2855.0,30,0.11330000000000001,2853.53,0.07827833333333332,0.008397998988190564,4.170239448220327
2018-01-30,2018-02-28,2820.0,29,0.12140000000000001,2822.4300000000003,0.07896250000000002,0.009498570922842614,4.467777347215914
2018-01-31,2018-03-02,2825.0,30,0.11365,2823.81,0.07974833333333334,0.010942708921061252,3.098105497571692
2018-02-01,2018-03-02,2820.0,29,0.1139,2821.98,0.0804175,0.01175184379691624,2.849127386188202
2018-02-02,2018-03-05,2760.0,31,0.13475,2762.13,0.08122666666666666,0.012352867870772697,4.3328669822472055
2018-02-05,,,,,,0.08233750000000001,0.01403470765879349,
2018-02-06,,,,,,,,
2018-02-07,,,,,,,,
2018-02-08,2018-03-09,2590.0,29,0.2521,2581.0,,,
2018-02-09,2018-03-12,2615.0,31,0.22185,2619.55,,,
2018-02-12,2018-03-14,2650.0,30,0.18195,2656.0,,,
2018-02-13,2018-03-14,2670.0,29,0.17265000000000003,2662.94,,,
2018-02-14,2018-03-16,2700.0,30,0.151,2698.63,,,
2018-02-15,2018-03-16,2730.0,29,0.14895000000000003,2731.2000000000003,,,
2018-02-16,2018-03-19,2725.0,31,0.14345000000000002,2732.2200000000003,,,
2018-02-20,2018-03-21,2720.0,29,0.15255000000000002,2716.26,,,
2018-02-21,2018-03-23,2700.0,30,0.15575,2701.33,,,
2018-02-22,2018-03-23,2705.0,29,0.1474,2703.96,,,
2018-02-23,2018-03-26,2745.0,31,0.12110000000000001,2747.3,,,
2018-02-26,2018-03-28,2780.0,30,0.12185000000000001,2779.6,,,
2018-02-27,2018-03-29,2745.0,30,0.14085,2744.28,,,
2018-02-28,2018-03-29,2715.0,29,0.1477,2713.83,,,
2018-03-01,2018-03-29,2680.0,28,0.16675,2677.67,,,
2018-03-02,2018-04-02,2690.0,31,0.14734999999999998,2691.25,,,
2018-03-05,2018-04-04,2725.0,30,0.13745000000000002,2720.94,,,
2018-03-06,2018-04-04,2730.0,29,0.1358,2728.1200000000003,,,
2018-03-07,2018-04-06,2725.0,30,0.1366,2726.8,,,
2018-03-08,2018-04-06,2740.0,29,0.1273,2738.9700000000003,,,
2018-03-09,2018-04-09,2780.0,31,0.11069999999999999,2786.57,,,
2018-03-12,2018-04-11,2785.0,30,0.11655,2783.02,,,
2018-03-13,2018-04-11,2790.0,29,0.11405000000000001,2765.31,,,
2018-03-14,2018-04-13,2750.0,30,0.1269,2749.48,,,
2018-03-15,2018-04-13,2745.0,29,0.12060000000000001,2747.33,,,
2018-03-16,2018-04-16,2740.0,31,0.11270000000000001,2752.01,,,
2018-03-19,2018-04-18,2710.0,30,0.1406,2712.92,,,
2018-03-20,2018-04-18,2720.0,29,0.13465,2716.94,,,
2018-03-21,2018-04-20,2710.0,30,0.1399,2711.9300000000003,,,
2018-03-22,2018-04-20,2645.0,29,0.1804,2643.69,,,
2018-03-23,2018-04-20,2590.0,28,0.20335,2588.26,,,
2018-03-26,2018-04-25,2660.0,30,0.16775,2658.55,,,
2018-03-27,2018-04-25,2610.0,29,0.18730000000000002,2612.6200000000003,,,
2018-03-28,2018-04-27,2605.0,30,0.19175000000000003,2605.0,,,
2018-03-29,2018-04-27,2640.0,29,0.1709,2640.8700000000003,,,
2018-04-02,2018-05-02,2565.0,30,0.20565,2581.88,,,
2018-04-03,2018-05-02,2600.0,29,0.188,2614.4500000000003,,,
2018-04-04,2018-05-04,2645.0,30,0.17470000000000002,2644.69,,,
2018-04-05,2018-05-04,2665.0,29,0.1623,2662.84,,,
2018-04-06,2018-05-07,2600.0,31,0.1805,2604.4700000000003,,,
2018-04-09,,,,,,,,
2018-04-10,2018-05-09,2655.0,29,0.1743,2656.8700000000003,,,
2018-04-11,2018-05-11,2640.0,30,0.17305,2642.19,,,
2018-04-12,2018-05-11,2665.0,29,0.1579,2663.9900000000002,,,
2018-04-13,2018-05-14,2660.0,31,0.1421,2656.3,,,
2018-04-16,2018-05-16,2680.0,30,0.1308,2677.84,,,
2018-04-17,2018-05-16,2705.0,29,0.12055,2706.3900000000003,,,
2018-04-18,2018-05-18,2710.0,30,0.11935000000000001,2708.6400000000003,,,
2018-04-19,2018-05-18,2695.0,29,0.1261,2693.13,,,
2018-04-20,2018-05-21,2670.0,31,0.13419999999999999,2670.1400000000003,,,
2018-04-23,2018-05-23,2670.0,30,0.1346,2670.29,,,
2018-04-24,2018-05-23,2630.0,29,0.1524,2634.56,,,
2018-04-25,2018-05-25,2640.0,30,0.1542,2639.4,,,
2018-04-26,2018-05-25,2665.0,29,0.14005,2666.94,,,
2018-04-27,2018-05-25,2670.0,28,0.1293,2669.9100000000003,,,
2018-04-30,2018-05-30,2650.0,30,0.13090000000000002,2648.05,,,
2018-05-01,2018-05-31,2650.0,30,0.12845,2654.8,,,
2018-05-02,2018-06-01,2635.0,30,0.1338,2635.67,,,
2018-05-03,2018-06-01,2630.0,29,0.13405,2629.73,,,
2018-05-04,2018-06-04,2665.0,31,0.119,2663.42,,,
2018-05-07,2018-06-06,2675.0,30,0.12085000000000001,2672.63,,,
2018-05-08,2018-06-06,2665.0,29,0.12160000000000001,2671.92,,,
2018-05-09,2018-06-08,2700.0,30,0.11120000000000001,2697.79,,,
2018-05-10,2018-06-08,2725.0,29,0.1043,2723.07,,,
2018-05-11,2018-06-11,2725.0,31,0.09820000000000001,2727.7200000000003,,,
2018-05-14,2018-06-13,2735.0,30,0.10115,2730.13,,,
2018-05-15,2018-06-13,2710.0,29,0.11300000000000002,2711.4500000000003,,,
2018-05-16,2018-06-15,2720.0,30,0.10695,2722.46,,,
2018-05-17,2018-06-15,2720.0,29,0.10540000000000001,2720.13,,,
2018-05-18,2018-06-18,2715.0,31,0.1031,2712.9700000000003,,,
2018-05-21,2018-06-20,2735.0,30,0.10010000000000001,2733.01,,,
2018-05-22,2018-06-20,2725.0,29,0.10185,2724.44,,,
2018-05-23,2018-06-22,2735.0,30,0.0958,2733.29,,,
2018-05-24,2018-06-22,2730.0,29,0.09415000000000001,2727.76,,,
2018-05-25,2018-06-25,2730.0,31,0.09355,2721.33,,,
2018-05-29,2018-06-27,2690.0,29,0.12665,2689.86,,,
2018-05-30,2018-06-29,2725.0,30,0.10905000000000001,2724.01,,,
2018-05-31,,,,,,,,
2018-06-01,2018-07-02,2730.0,31,0.0998,2734.6200000000003,,,
2018-06-04,2018-07-03,2745.0,29,0.0941,2746.8700000000003,,,
2018-06-05,2018-07-06,2750.0,31,0.0931,2748.8,,,
2018-06-06,2018-07-06,2770.0,30,0.0862,2772.35,,,
2018-06-07,2018-07-06,2770.0,29,0.0896,2770.3700000000003,,,
2018-06-08,2018-07-09,2775.0,31,0.0877,2779.03,,,
2018-06-11,2018-07-11,2785.0,30,0.08875,2782.0,,,
2018-06-12,2018-07-11,2785.0,29,0.08710000000000001,2786.85,,,
2018-06-13,2018-07-13,2775.0,30,0.09445,2775.63,,,
2018-06-14,2018-07-13,2780.0,29,0.0888,2782.4900000000002,,,
2018-06-15,2018-07-16,2780.0,31,0.08535000000000001,2779.6600000000003,,,
2018-06-18,2018-07-18,2800.0,30,0.08245,2773.75,,,
2018-06-19,2018-07-18,2760.0,29,0.099,2762.59,,,
2018-06-20,2018-07-20,2765.0,30,0.0975,2767.32,,,
2018-06-21,2018-07-20,2750.0,29,0.10985,2749.76,,,
2018-06-22,2018-07-23,2755.0,31,0.1008,2754.88,,,
2018-06-25,2018-07-25,2715.0,30,0.13405,2717.07,,,
2018-06-26,2018-07-25,2750.0,29,0.11195000000000001,2723.06,,,
2018-06-27,2018-07-27,2700.0,30,0.14395000000000002,2699.63,,,
2018-06-28,2018-07-27,2715.0,29,0.13255,2716.31,,,
2018-06-29,2018-07-30,2735.0,31,0.1154,2718.3700000000003,,,
2018-07-02,2018-08-01,2720.0,30,0.12045,2726.71,,,
2018-07-03,2018-08-03,2710.0,31,0.12765,2713.2200000000003,,,
2018-07-05,2018-08-03,2735.0,29,0.1144,2736.61,,,
2018-07-06,2018-08-06,2760.0,31,0.09945000000000001,2759.82,,,
2018-07-09,2018-08-08,2780.0,30,0.094,2784.17,,,
2018-07-10,2018-08-08,2790.0,29,0.09295,2793.84,,,
2018-07-11,2018-08-10,2775.0,30,0.1008,2774.02,,,
2018-07-12,2018-08-10,2800.0,29,0.09145,2798.29,,,
2018-07-13,2018-08-13,2800.0,31,0.08755,2801.31,,,
2018-07-16,2018-08-15,2800.0,30,0.0903,2798.4300000000003,,,
2018-07-17,2018-08-15,2810.0,29,0.08474999999999999,2809.55,,,
2018-07-18,2018-08-17,2815.0,30,0.0852,2815.6200000000003,,,
2018-07-19,2018-08-17,2805.0,29,0.09115000000000001,2804.4900000000002,,,
2018-07-20,2018-08-20,2805.0,31,0.0874,2801.83,,,
2018-07-23,2018-08-22,2805.0,30,0.0905,2806.98,,,
2018-07-24,2018-08-22,2825.0,29,0.0867,2820.4,,,
2018-07-25,2018-08-24,2845.0,30,0.08665,2846.07,,,
2018-07-26,2018-08-24,2835.0,29,0.08945,2837.44,,,
2018-07-27,2018-08-27,2810.0,31,0.09225,2818.82,,,
2018-07-30,2018-08-29,2800.0,30,0.10275000000000001,2802.6,,,
2018-07-31,2018-08-29,2815.0,29,0.09190000000000001,2816.29,,,
2018-08-01,2018-08-31,2815.0,30,0.09365000000000001,2813.36,,,
2018-08-02,2018-08-31,2825.0,29,0.0886,2827.2200000000003,,,
2018-08-03,2018-08-31,2840.0,28,0.0805,2840.35,,,
2018-08-06,2018-09-05,2850.0,30,0.07825000000000001,2850.4,,,
2018-08-07,2018-09-05,2865.0,29,0.07565,2858.4500000000003,,,
2018-08-08,2018-09-07,2860.0,30,0.0781,2857.7000000000003,,,
2018-08-09,2018-09-07,2855.0,29,0.08070000000000001,2853.58,,,
2018-08-10,2018-09-10,2845.0,31,0.0864,2833.28,,,
2018-08-13,2018-09-12,2825.0,30,0.10165,2821.9300000000003,,,
2018-08-14,2018-09-12,2840.0,29,0.0913,2839.96,,,
2018-08-15,2018-09-14,2820.0,30,0.10450000000000001,2818.3700000000003,,,
2018-08-16,2018-09-14,2840.0,29,0.09485,2840.69,,,
2018-08-17,2018-09-17,2850.0,31,0.08600000000000001,2850.13,,,
2018-08-20,2018-09-19,2865.0,30,0.08495,2857.05,,,
2018-08-21,2018-09-19,2865.0,29,0.087,2862.96,,,
2018-08-22,2018-09-21,2860.0,30,0.08835000000000001,2861.82,,,
2018-08-23,2018-09-21,2855.0,29,0.0902,2856.98,,,
2018-08-24,2018-09-24,2875.0,31,0.0837,2874.69,,,
2018-08-27,2018-09-26,2895.0,30,0.08565,2896.7400000000002,0.095075,0.01409980316006371,-0.6684490480473783
2018-08-28,2018-09-26,2900.0,29,0.08610000000000001,2897.52,0.09483916666666665,0.014137718787489179,-0.6181454588274986
2018-08-29,2018-09-28,2915.0,30,0.08715,2914.04,0.09470583333333332,0.014182461392797524,-0.5327589565779112
2018-08-30,2018-09-28,2900.0,29,0.09620000000000001,2901.13,0.09460666666666667,0.014214645308376078,0.11209096665918585
2018-08-31,2018-10-01,2900.0,31,0.08760000000000001,2901.52,0.09477333333333335,0.014172970415388597,-0.5061277292687172
2018-09-04,2018-10-03,2895.0,29,0.09340000000000001,2896.7200000000003,0.09474,0.014187688026081766,-0.09444808749224123
2018-09-05,2018-10-05,2890.0,30,0.09885000000000001,2888.6000000000004,0.094835,0.014158803633746142,0.2835691562548858
2018-09-06,2018-10-05,2880.0,29,0.10470000000000002,2878.05,0.09500333333333334,0.014145265922654079,0.6855061417500227
2018-09-07,2018-10-08,2875.0,31,0.10225000000000001,2871.6800000000003,0.09529666666666667,0.014161073605123213,0.49101738520854465
2018-09-10,2018-10-10,2880.0,30,0.09840000000000002,2877.13,0.09542666666666667,0.014188944331518736,0.20955282252595084
2018-09-11,2018-10-10,2890.0,29,0.09085000000000001,2887.8900000000003,0.09558666666666667,0.014167062739561313,-0.33434359356929944
2018-09-12,2018-10-12,2890.0,30,0.09055,2888.92,0.09567833333333334,0.014117411315814484,-0.36326301037843356
2018-09-13,2018-10-12,2905.0,29,0.08425,2904.1800000000003,0.09581333333333333,0.014027209837284421,-0.8243502070239164
2018-09-14,2018-10-15,2905.0,31,0.07980000000000001,2904.98,0.0955675,0.014099479570272876,-1.1183036878356802
2018-09-17,2018-10-17,2885.0,30,0.09585,2888.8,0.09527250000000001,0.014242799028019114,0.04054680536205764
2018-09-18,2018-10-17,2905.0,29,0.08785000000000001,2904.31,0.09503916666666666,0.014114030438750957,-0.5093631261364111
2018-09-19,2018-10-19,2910.0,30,0.0843,2907.9500000000003,0.09482333333333334,0.014123455267765208,-0.7450962341595945
2018-09-20,2018-10-19,2930.0,29,0.08515,2930.75,0.09399416666666667,0.013212478345849725,-0.6693798419313798
2018-09-21,2018-10-22,2935.0,31,0.08085,2929.67,0.09354749999999999,0.013047138867472767,-0.9732018742941068
2018-09-24,2018-10-22,2920.0,28,0.08685000000000001,2919.3700000000003,0.09249583333333332,0.011348035339804254,-0.4975163686290296
2018-09-25,2018-10-24,2920.0,29,0.08865,2915.56,0.09173416666666667,0.010076510239950095,-0.3060748804123619
2018-09-26,2018-10-26,2910.0,30,0.09345,2905.9700000000003,0.09128833333333335,0.009591788360613583,0.22536638480713705
2018-09-27,2018-10-26,2915.0,29,0.08940000000000001,2914.0,0.09083833333333334,0.008801253602285947,-0.16342368920715514
2018-09-28,2018-10-29,2915.0,31,0.0847,2913.98,0.09020083333333334,0.007356361778475769,-0.7477654714356791
2018-10-01,2018-10-31,2925.0,30,0.0854,2924.59,0.08970583333333335,0.0066674080272816575,-0.6458031840431485
2018-10-02,2018-10-31,2925.0,29,0.0862,2923.4300000000003,0.08947166666666667,0.006565326012447326,-0.4983250885734932
2018-10-03,2018-11-02,2925.0,30,0.0884,2925.51,0.08934166666666667,0.006551349755265643,-0.143736283642893
2018-10-04,2018-11-02,2900.0,29,0.10695,2901.61,0.08926583333333334,0.006535188270774093,2.7059919215719823
2018-10-05,2018-11-05,2890.0,31,0.11115,2885.57,0.08936833333333334,0.006763404560052418,3.2205180798023774
2018-10-08,2018-11-07,2880.0,30,0.1281,2884.4300000000003,0.08969666666666669,0.0073213344311749175,5.245400779645903
2018-10-09,2018-11-07,2880.0,29,0.1277,2880.34,0.09037250000000001,0.008834943262841427,4.224984687450615
2018-10-10,2018-11-09,2790.0,30,0.18355,2785.6800000000003,0.09099583333333335,0.01006364615187043,9.196882051488318
2018-10-11,2018-11-09,2730.0,29,0.21495000000000003,2728.3700000000003,0.09264249999999999,0.015590041435132639,7.845232516468899
2018-10-12,2018-11-12,2765.0,31,0.17385,2767.13,0.09480500000000001,0.02215624926191101,3.567616479919591
2018-10-15,2018-11-14,2760.0,30,0.17155,2750.79,0.09618333333333334,0.02438526518601121,3.0906642225035683
2018-10-16,2018-11-14,2810.0,29,0.14365,2809.92,0.09758583333333333,0.02622225586565,1.7566820681895907
2018-10-17,2018-11-16,2810.0,30,0.1422,2809.21,0.09847166666666668,0.02686861057932242,1.6274877036993427
2018-10-18,2018-11-16,2770.0,29,0.1659,2768.78,0.09939666666666666,0.02740644157033201,2.426558484897377
2018-10-19,2018-11-19,2775.0,31,0.1588,2767.78,0.1007175,0.02866262230454292,2.026419613071974
2018-10-22,2018-11-21,2760.0,30,0.16210000000000002,2755.88,0.10187333333333333,0.02958402922711399,2.0357830978434976
2018-10-23,2018-11-21,2740.0,29,0.17425000000000002,2740.69,0.10303749999999999,0.030557253327683158,2.3304614206109124
2018-10-24,2018-11-23,2655.0,30,0.21280000000000002,2656.1,0.10422916666666668,0.031910077962376895,3.4023995009144814
2018-10-25,,,,,,0.10624416666666667,0.03480427975298862,
2018-10-26,2018-11-23,2660.0,28,0.21240000000000003,2658.69,,,
2018-10-29,2018-11-28,2665.0,30,0.2013,2641.25,,,
2018-10-30,2018-11-30,2685.0,31,0.2001,2682.63,,,
2018-10-31,2018-11-30,2710.0,30,0.18065,2711.7400000000002,,,
2018-11-01,2018-11-30,2740.0,29,0.16444999999999999,2740.3700000000003,,,
2018-11-02,2018-12-03,2720.0,31,0.16775,2723.06,,,
2018-11-05,2018-12-05,2740.0,30,0.16910000000000003,2738.31,,,
2018-11-06,2018-12-05,2750.0,29,0.16875,2755.4500000000003,,,
2018-11-07,2018-12-07,2815.0,30,0.13640000000000002,2813.8900000000003,,,
2018-11-08,2018-12-07,2805.0,29,0.13840000000000002,2806.83,,,
2018-11-09,2018-12-10,2780.0,31,0.14235,2781.01,,,
2018-11-12,2018-12-12,2735.0,30,0.1709,2726.2200000000003,,,
2018-11-13,2018-12-12,2725.0,29,0.17120000000000002,2722.1800000000003,,,
2018-11-14,2018-12-14,2700.0,30,0.18415,2701.58,,,
2018-11-15,2018-12-14,2730.0,29,0.17360000000000003,2730.2000000000003,,,
2018-11-16,2018-12-17,2725.0,31,0.1617,2736.27,,,
2018-11-19,2018-12-19,2685.0,30,0.18209999999999998,2690.73,,,
2018-11-20,2018-12-19,2640.0,29,0.19955,2641.8900000000003,,,
2018-11-21,2018-12-21,2650.0,30,0.18505,2649.9300000000003,,,
2018-11-23,2018-12-24,2635.0,31,0.18445,2632.56,,,
2018-11-26,2018-12-26,2675.0,30,0.1641,2673.4500000000003,,,
2018-11-27,2018-12-26,2675.0,29,0.16970000000000002,2682.17,,,
2018-11-28,2018-12-28,2745.0,30,0.1637,2743.79,,,
2018-11-29,2018-12-28,2740.0,29,0.16755,2737.76,,,
2018-11-30,2018-12-31,2760.0,31,0.1597,2760.17,,,
2018-12-03,2019-01-02,2790.0,30,0.14015,2790.3700000000003,,,
2018-12-04,2019-01-02,2705.0,29,0.18005000000000002,2700.06,,,
2018-12-06,2019-01-04,2695.0,29,0.18495,2695.9500000000003,,,
2018-12-07,2019-01-07,2640.0,31,0.20290000000000002,2633.08,,,
2018-12-10,2019-01-09,2650.0,30,0.1951,2637.7200000000003,,,
2018-12-11,2019-01-09,2655.0,29,0.18620000000000003,2636.78,,,
2018-12-12,2019-01-11,2665.0,30,0.18680000000000002,2651.07,,,
2018-12-13,2019-01-11,2650.0,29,0.18020000000000003,2650.54,,,
2018-12-14,2019-01-14,2605.0,31,0.18595,2599.9500000000003,,,
2018-12-17,2019-01-16,2550.0,30,0.21395000000000003,2545.94,,,
2018-12-18,2019-01-16,2545.0,29,0.2197,2546.1600000000003,,,
2018-12-19,2019-01-18,2505.0,30,0.22025,2506.96,,,
2018-12-20,2019-01-18,2465.0,29,0.2511,2467.42,,,
2018-12-21,2019-01-18,2415.0,28,0.26505,2416.62,,,
2018-12-24,2019-01-25,2350.0,32,0.30865,2351.1,,,
2018-12-26,2019-01-25,2475.0,30,0.2685,2467.7000000000003,,,
2018-12-27,2019-01-25,2490.0,29,0.27065000000000006,2488.83,,,
2018-12-28,2019-01-28,2485.0,31,0.24695,2485.7400000000002,,,
2018-12-31,2019-01-30,2500.0,30,0.2248,2506.85,,,
2019-01-02,2019-02-01,2510.0,30,0.20555,2510.03,,,
2019-01-03,2019-02-01,2450.0,29,0.2324,2447.8900000000003,,,
2019-01-04,2019-02-04,2530.0,31,0.18964999999999999,2531.94,,,
2019-01-07,2019-02-06,2545.0,30,0.19115,2549.69,,,
2019-01-08,2019-02-06,2575.0,29,0.1773,2574.4100000000003,,,
2019-01-09,2019-02-08,2585.0,30,0.17450000000000002,2584.96,,,
2019-01-10,2019-02-08,2595.0,29,0.16995,2596.6400000000003,,,
2019-01-11,2019-02-11,2595.0,31,0.1544,2596.26,,,
2019-01-14,2019-02-13,2585.0,30,0.1595,2582.61,,,
2019-01-15,2019-02-13,2620.0,29,0.1462,2610.3,,,
2019-01-16,2019-02-15,2620.0,30,0.15005000000000002,2616.1,,,
2019-01-17,2019-02-15,2635.0,29,0.14465,2635.96,,,
2019-01-18,2019-02-15,2670.0,28,0.14379999999999998,2670.71,,,
2019-01-22,2019-02-22,2635.0,31,0.16885,2632.9,,,
2019-01-23,2019-02-22,2640.0,30,0.16310000000000002,2638.7000000000003,,,
2019-01-24,2019-02-22,2640.0,29,0.15205000000000002,2642.33,,,
2019-01-25,2019-02-25,2665.0,31,0.1421,2664.76,0.186235,0.035954714101237066,-1.2275163661635538
2019-01-28,2019-02-27,2635.0,30,0.15945,2643.85,0.18506333333333333,0.036231990110186234,-0.7069259307987172
2019-01-29,2019-02-28,2640.0,30,0.1612,2640.0,0.1843658333333333,0.036316847763774536,-0.6378811697539687
2019-01-30,2019-03-01,2680.0,30,0.1492,2681.05,0.18371750000000003,0.03637837039543029,-0.9488467906835097
2019-01-31,2019-03-01,2700.0,29,0.13874999999999998,2704.1,0.18319333333333337,0.0366488900410768,-1.2126788364810073
2019-02-01,2019-03-04,2710.0,31,0.1302,2706.53,0.182765,0.03701997090440121,-1.4199092737198957
2019-02-04,2019-03-06,2710.0,30,0.12835000000000002,2724.8700000000003,0.18213916666666666,0.037591097363454305,-1.4309017410851095
2019-02-05,2019-03-06,2735.0,29,0.1269,2737.7000000000003,0.18146,0.038193957282289526,-1.4284982201961927
2019-02-06,2019-03-08,2730.0,30,0.12755,2731.61,0.18076250000000002,0.03880721213876426,-1.3712013068531255
2019-02-07,2019-03-08,2705.0,29,0.1362,2706.05,0.18061500000000003,0.038995048903457626,-1.1389907500811425
2019-02-08,2019-03-11,2710.0,31,0.13035000000000002,2707.88,0.18057833333333334,0.03903642840908802,-1.2867041217746173
2019-02-11,2019-03-13,2710.0,30,0.13505,2709.8,0.18037833333333333,0.03926567523184124,-1.1544009638366226
2019-02-12,2019-03-13,2740.0,29,0.12905,2744.73,0.17978083333333336,0.03968289570026605,-1.2784055305972353
2019-02-13,2019-03-15,2755.0,30,0.13125,2753.03,0.17907833333333334,0.04020700184265351,-1.1895523451488679
2019-02-14,2019-03-15,2745.0,29,0.1362,2745.73,0.17819666666666667,0.04067122506173868,-1.0325891733754267
2019-02-15,2019-03-18,2775.0,31,0.12135,2775.6,0.17757333333333333,0.04102790334768944,-1.3703681822800153
2019-02-19,2019-03-20,2780.0,29,0.1237,2779.76,0.17690083333333334,0.041618934628757265,-1.2782843628239675
2019-02-20,2019-03-22,2785.0,30,0.1198,2784.7000000000003,0.1759275,0.04217446856486535,-1.3308407173803396
2019-02-21,2019-03-22,2775.0,29,0.12385000000000002,2774.88,0.17459833333333333,0.04267113795206657,-1.1892894300203578
2019-02-22,2019-03-25,2790.0,31,0.11230000000000001,2792.67,0.17357833333333333,0.04314588316935092,-1.42025910311793
2019-02-25,2019-03-25,2800.0,28,0.11680000000000001,2796.11,0.1723758333333333,0.04383763329052022,-1.267765368742008
2019-02-26,2019-03-27,2810.0,29,0.11815,2793.9,0.17158750000000003,0.0444105353062361,-1.2032617853290404
2019-02-27,2019-03-29,2790.0,30,0.12275,2792.38,0.17072833333333334,0.04494311976403392,-1.0675345544598436
2019-02-28,2019-03-29,2785.0,29,0.12145,2784.4900000000002,0.17004583333333337,0.04536065110627615,-1.0713213357426783
2019-03-01,2019-04-01,2800.0,31,0.10775000000000001,2803.69,0.16927750000000003,0.045792020088805424,-1.3436293022382162
2019-03-04,2019-04-01,2795.0,28,0.11595,2792.81,0.16841166666666665,0.0464624072268187,-1.1291207192636612
2019-03-05,2019-04-05,2790.0,31,0.12110000000000001,2789.65,0.16800833333333332,0.0468155967479862,-1.0019808908096657
2019-03-06,2019-04-05,2770.0,30,0.13230000000000003,2771.4500000000003,0.16702583333333332,0.047175794112460284,-0.7360943040100589
2019-03-07,2019-04-05,2750.0,29,0.14225,2748.9300000000003,0.16614833333333331,0.04732616448258584,-0.5049708463513236
2019-03-08,2019-04-08,2740.0,31,0.1382,2743.07,0.16513750000000002,0.04717535321829808,-0.5710079132921401
2019-03-11,2019-04-08,2785.0,28,0.11475,2783.3,0.16418916666666666,0.04713472225087008,-1.0488905907524264
2019-03-12,2019-04-10,2790.0,29,0.11175,2791.52,0.16299833333333333,0.04747058140438198,-1.079580907104766
2019-03-13,2019-04-12,2810.0,30,0.1099,2810.92,0.16174750000000002,0.04782026857792004,-1.0842159933819249
2019-03-14,2019-04-12,2810.0,29,0.1094,2808.48,0.1605758333333333,0.04822004777857817,-1.0612978562013837
2019-03-15,2019-04-15,2820.0,31,0.10420000000000001,2822.48,0.1593,0.04854888502620977,-1.1349385257818692
2019-03-18,2019-04-18,2835.0,31,0.11015,2832.94,0.15747083333333337,0.04852245617784691,-0.9752357374468165
2019-03-19,2019-04-18,2835.0,30,0.11480000000000001,2832.57,0.155645,0.04820121464465744,-0.8473852848130914
2019-03-20,2019-04-18,2825.0,29,0.11850000000000001,2824.23,0.15388750000000004,0.047725778864470506,-0.7414755891253623
2019-03-21,2019-04-18,2855.0,28,0.11825000000000001,2854.88,0.1516775,0.04619344129925586,-0.7236416915433074
2019-03-22,2019-04-22,2805.0,31,0.1414,2800.71,0.1492308333333333,0.04391847425229749,-0.17830385655812403
2019-03-25,2019-04-22,2800.0,28,0.14195000000000002,2798.36,0.14644333333333334,0.038616267831613885,-0.11635856041102903
2019-03-26,2019-04-24,2820.0,29,0.12805,2818.46,0.14433416666666668,0.03513586160150659,-0.46346285317700686
2019-03-27,2019-04-26,2805.0,30,0.13585,2805.3700000000003,0.14195750000000001,0.03102972034181947,-0.1968274265033835
2019-03-28,2019-04-26,2815.0,29,0.12764999999999999,2815.44,0.14010583333333332,0.02780559797873087,-0.4479613545035457
2019-03-29,2019-04-29,2850.0,31,0.1122,2834.4,0.13848666666666667,0.02552521828234936,-1.0298312193022012
2019-04-01,2019-04-30,2865.0,29,0.10845,2867.19,0.13693083333333333,0.024177637257630905,-1.1779824897631077
2019-04-02,2019-05-01,2850.0,29,0.11025000000000001,2867.2400000000002,0.134865,0.020963918357057108,-1.1741602681692291
2019-04-03,2019-05-03,2875.0,30,0.11425,2873.4,0.13354166666666664,0.01992745139773372,-0.9680950303991515
2019-04-04,2019-05-03,2880.0,29,0.11125,2879.3900000000003,0.13226000000000002,0.01858739503634891,-1.130335905537787
2019-04-05,2019-05-03,2895.0,28,0.1024,2892.7400000000002,0.13115916666666666,0.017814530566191897,-1.614365675245201
2019-04-08,2019-05-06,2895.0,28,0.10185,2895.77,0.1299575,0.017264696085717915,-1.6280332917792695
2019-04-09,2019-05-08,2880.0,29,0.11380000000000001,2878.2000000000003,0.1288225,0.016823839081514004,-0.8929293680956972
2019-04-10,2019-05-10,2890.0,30,0.1071,2888.21,0.12814583333333332,0.016592548081477972,-1.2683906793572282
2019-04-11,2019-05-10,2890.0,29,0.10375000000000001,2888.32,0.1272725,0.01629054375022412,-1.4439358415937704
2019-04-12,2019-05-13,2905.0,31,0.09630000000000001,2907.4100000000003,0.12656499999999998,0.016376166797607155,-1.8481125878873081
2019-04-15,2019-05-13,2905.0,28,0.09615000000000001,2905.58,0.12566916666666667,0.016539027013340986,-1.7848188193208347
2019-04-16,2019-05-15,2910.0,29,0.0968,2907.06,0.12486083333333334,0.01677908830593996,-1.6723693696396804
2019-04-17,2019-05-17,2900.0,30,0.10170000000000001,2900.4500000000003,0.12407750000000001,0.01697587127391329,-1.3181944914007064
2019-04-18,2019-05-17,2905.0,29,0.0985,2905.03,0.12295833333333334,0.016168422788887783,-1.5127222767914648
2019-04-22,2019-05-20,2910.0,28,0.0956,2907.9700000000003,0.12188166666666668,0.015590609860400232,-1.6857369212619107
2019-04-23,2019-05-22,2935.0,29,0.09530000000000001,2933.6800000000003,0.12094083333333334,0.015441770041211257,-1.6604853760224796
2019-04-24,2019-05-24,2925.0,30,0.10495,2927.25,0.12016083333333334,0.015536553649177968,-0.979035227296894
2019-04-25,2019-05-24,2925.0,29,0.10335,2926.17,0.1192525,0.014775100518743792,-1.076304014299326
2019-04-26,2019-05-24,2940.0,28,0.09805,2939.88,0.11828833333333333,0.013849941463091943,-1.46125768020504
2019-04-29,2019-05-28,2945.0,29,0.09715,2943.03,0.11743583333333335,0.013484382339966319,-1.5043947006165965
2019-04-30,2019-05-29,2960.0,29,0.09575,2945.83,0.1167425,0.013439294854509324,-1.5620239177174036
2019-05-01,2019-05-31,2925.0,30,0.11495,2923.73,0.11616833333333335,0.013589667581355751,-0.08965144482303841
2019-05-02,2019-05-31,2920.0,29,0.11365,2917.52,0.11594499999999999,0.013495864715044372,-0.17005208991474732
2019-05-03,2019-06-03,2945.0,31,0.09985000000000001,2945.6400000000003,0.11572416666666667,0.013421771119034602,-1.1827177297155738
2019-05-06,2019-06-03,2930.0,28,0.12035000000000001,2932.4700000000003,0.11526250000000002,0.013484355734564078,0.3772890674308856
2019-05-07,2019-06-05,2865.0,29,0.175,2884.05,0.11499833333333333,0.013219887325690594,4.538742667652217
2019-05-08,2019-06-07,2880.0,30,0.16875,2879.42,0.11574250000000001,0.015206186923838332,3.4859166381087663
2019-05-09,2019-06-07,2870.0,29,0.16965000000000002,2870.7200000000003,0.11630416666666667,0.016498868198641936,3.2333025933090602
2019-05-10,2019-06-10,2890.0,31,0.1338,2881.4,0.11698083333333334,0.01781086863874603,0.9443204038952933
2019-05-13,2019-06-10,2810.0,28,0.1795,2811.8700000000003,0.11702333333333334,0.017848497222661203,3.5003880655758315
2019-05-14,2019-06-12,2825.0,29,0.164,2834.4100000000003,0.117745,0.01944130824048873,2.3792123157467726
2019-05-15,2019-06-14,2850.0,30,0.1464,2850.96,0.11845583333333334,0.020334539147584162,1.3742217841207656
2019-05-16,2019-06-14,2875.0,29,0.1322,2876.32,0.11883416666666666,0.020642601357852387,0.6474878384573866
2019-05-17,2019-06-17,2865.0,31,0.13490000000000002,2859.53,0.11904083333333333,0.020714382319707382,0.7656113719393164
2019-05-20,2019-06-17,2840.0,28,0.1453,2840.23,0.119225,0.020806779574724835,1.2531973007334005
2019-05-21,2019-06-19,2865.0,29,0.1317,2864.36,0.11977499999999999,0.021055295440855135,0.5663658357821504
2019-05-22,2019-06-21,2855.0,30,0.13285000000000002,2856.27,0.12002333333333334,0.021107415892281028,0.6076853145892381
2019-05-23,2019-06-21,2820.0,29,0.15275,2822.2400000000002,0.12026833333333335,0.021170522292194256,1.5342874501798616
2019-05-24,2019-06-24,2825.0,31,0.14329999999999998,2826.06,0.12076833333333334,0.02158042499437519,1.0440789128360257
2019-05-28,2019-06-26,2800.0,29,0.15960000000000002,2802.3900000000003,0.1211325,0.0217755982715687,1.7665415902820492
2019-05-29,2019-06-28,2785.0,30,0.16535,2783.02,0.12199666666666667,0.022258981936201808,1.9476781758299493
2019-05-30,2019-06-28,2790.0,29,0.1603,2788.86,0.12282,0.022934893480961515,1.6341911520588714
2019-05-31,2019-07-01,2750.0,31,0.17825000000000002,2752.06,0.12347333333333334,0.02343788485183089,2.337099401799805
2019-06-03,2019-07-03,2745.0,30,0.17820000000000003,2744.4500000000003,0.12423916666666666,0.024459622715029397,2.2061187926736388
2019-06-04,2019-07-03,2800.0,29,0.1597,2803.27,0.12483833333333334,0.025333021537629282,1.3761353581484024
2019-06-05,2019-07-05,2825.0,30,0.14795000000000003,2826.15,0.12519666666666668,0.025674974405721692,0.886206660765463
2019-06-06,2019-07-05,2845.0,29,0.14300000000000002,2843.4900000000002,0.12575,0.025803450367101258,0.6685152471699415
2019-06-07,2019-07-08,2875.0,31,0.13955,2873.34,0.12627083333333336,0.025831445643624905,0.5140698221024224
2019-06-10,2019-07-10,2885.0,30,0.13924999999999998,2886.73,0.126765,0.02579654145127711,0.4839796072500991
2019-06-11,2019-07-10,2885.0,29,0.14105,2885.7200000000003,0.1272625,0.02574375459065225,0.5355667896634764
2019-06-12,2019-07-12,2880.0,30,0.14179999999999998,2879.84,0.12787666666666667,0.025623511890096585,0.5433811490420501
2019-06-13,2019-07-12,2890.0,29,0.14275000000000002,2891.6400000000003,0.12840416666666668,0.025578137665053513,0.5608630902371571
2019-06-14,2019-07-15,2885.0,31,0.13540000000000002,2886.98,0.12887,0.025580691871217424,0.25527065619938744
2019-06-17,2019-07-17,2890.0,30,0.1362,2889.67,0.12915166666666666,0.025557605201110282,0.275782229120087
2019-06-18,2019-07-17,2920.0,29,0.1322,2917.75,0.12945083333333335,0.025532877594913517,0.10767163459924053
2019-06-19,2019-07-19,2925.0,30,0.12535000000000002,2926.46,0.1292975,0.02548748683510188,-0.15487992305947623
2019-06-20,2019-07-19,2955.0,29,0.125,2954.1800000000003,0.12902083333333333,0.025437864296590465,-0.15806489438157206
2019-06-21,2019-07-22,2950.0,31,0.1277,2950.46,0.12897,0.025442884190519828,-0.04991572458884999
2019-06-24,2019-07-24,2945.0,30,0.131,2945.3500000000004,0.12883416666666667,0.025427281644646135,0.08517754133538566
2019-06-25,2019-07-24,2900.0,29,0.1454,2917.38,0.12889,0.025428315326403026,0.6492762020634981
2019-06-26,2019-07-26,2920.0,30,0.13975,2913.78,0.12944333333333333,0.025420199939649408,0.4054518332324665
2019-06-27,2019-07-26,2925.0,29,0.1371,2924.92,0.12996500000000002,0.02530297312871636,0.2819826730915846
2019-06-28,2019-07-29,2945.0,31,0.12785000000000002,2941.76,0.1304125,0.0251855480906634,-0.10174485743869591
2019-07-01,2019-07-31,2965.0,30,0.11699999999999999,2964.33,0.13063916666666667,0.0250986715356233,-0.5434218559061261
2019-07-02,2019-07-31,2975.0,29,0.1057,2973.01,0.13073500000000002,0.025034278702800512,-1.000028812381937
2019-07-03,2019-08-02,2995.0,30,0.1051,2995.82,0.13079000000000002,0.024974525665233158,-1.0286481651086117
2019-07-05,2019-08-05,2985.0,31,0.10635,2990.4100000000003,0.13084416666666668,0.024914145957373502,-0.9831429384966524
2019-07-08,2019-08-07,2975.0,30,0.11475,2975.9500000000003,0.13072,0.025018874569927452,-0.6383180808298967
2019-07-09,2019-08-07,2975.0,29,0.1184,2979.63,0.1308475,0.024915743482888178,-0.4995837273950419
2019-07-10,2019-08-09,2995.0,30,0.10800000000000001,2993.07,0.1310916666666667,0.024716683048175266,-0.934254269541699
2019-07-11,2019-08-09,3000.0,29,0.10575000000000001,2999.9100000000003,0.13128666666666666,0.024482589570762225,-1.0430541504957154
2019-07-12,2019-08-12,3015.0,31,0.0979,3013.77,0.13144666666666668,0.024279598164006943,-1.3816812963732497
2019-07-15,2019-08-14,3015.0,30,0.10005,3014.3,0.13146500000000003,0.024253394485469374,-1.2952826054440048
2019-07-16,2019-08-14,3000.0,29,0.10255,3004.04,0.1314375,0.02428862575572555,-1.1893427108855827
2019-07-17,2019-08-16,2985.0,30,0.1131,2984.42,0.131505,0.02420100799833744,-0.7605055128804713
2019-07-18,2019-08-16,2995.0,29,0.10985,2995.11,0.13179666666666667,0.023864060394892424,-0.9196535000122557
2019-07-19,2019-08-19,2985.0,31,0.11185,2976.61,0.13203916666666665,0.02355888060214212,-0.8569662968125455
2019-07-22,2019-08-21,2985.0,30,0.10995,2985.03,0.13215416666666668,0.02344095230694557,-0.9472382510708649
2019-07-23,2019-08-21,3005.0,29,0.10175000000000001,3005.4700000000003,0.13226416666666668,0.02331866040368954,-1.3085728827646823
2019-07-24,2019-08-23,3020.0,30,0.09860000000000001,3019.56,0.13232583333333334,0.023231375794982165,-1.4517363771721994
2019-07-25,2019-08-23,3005.0,29,0.10550000000000001,3003.67,0.13235000000000002,0.023194889121440777,-1.1575825975895933
2019-07-26,2019-08-26,3025.0,31,0.09625,3025.86,0.1325125,0.02296716452212681,-1.5788844968243392
2019-07-29,2019-08-28,3025.0,30,0.10025,3020.9700000000003,0.13220083333333335,0.023333487776930343,-1.3693123650774108
2019-07-30,2019-08-28,3015.0,29,0.11180000000000001,3013.1800000000003,0.1319775,0.023576912408727595,-0.8558160479287683
2019-07-31,2019-08-30,2980.0,30,0.13290000000000002,2980.38,0.13217666666666666,0.023350299360521874,0.03097747579871658
2019-08-01,2019-08-30,2955.0,29,0.15360000000000001,2953.56,0.13238583333333334,0.023298716214845104,0.9105294244989245
2019-08-02,2019-08-30,2930.0,28,0.15575,2932.05,0.13202916666666667,0.022793628852004613,1.040678230190941
2019-08-05,2019-09-04,2840.0,30,0.2184,2844.7400000000002,0.1318125,0.022498535969318344,3.8485837530975764
2019-08-06,2019-09-04,2870.0,29,0.18030000000000002,2881.77,0.132625,0.024664175798039745,1.9329654633660667
2019-08-07,2019-09-06,2880.0,30,0.1761,2883.98,0.1334,0.025420684224479035,1.6797344879836766
2019-08-08,2019-09-06,2940.0,29,0.1437,2938.09,0.13334333333333334,0.025319767628640685,0.4090348228532562
2019-08-09,2019-09-09,2920.0,31,0.15175,2918.65,0.133005,0.025037229398082422,0.7486850762103752
2019-08-12,2019-09-11,2890.0,30,0.18385,2883.09,0.13309416666666668,0.025095201938034568,2.02253137706006
2019-08-13,2019-09-11,2925.0,29,0.15265,2926.32,0.133955,0.025935798667910192,0.7208183653557945
2019-08-14,2019-09-13,2840.0,30,0.20505,2840.6,0.13425083333333332,0.026047750304084884,2.7180530310736186
2019-08-15,2019-09-13,2850.0,29,0.1966,2847.6000000000004,0.13524666666666668,0.027574727232030843,2.224984233463793
2019-08-16,2019-09-16,2890.0,31,0.16245,2888.6800000000003,0.13632833333333333,0.028683847055806573,0.9106751481363369
2019-08-19,2019-09-18,2925.0,30,0.14700000000000002,2923.65,0.13682166666666667,0.028876904686856324,0.3524731422466528
2019-08-20,2019-09-18,2905.0,29,0.15465,2900.51,0.13672583333333332,0.028832654938787887,0.6216620253916932
2019-08-21,2019-09-20,2925.0,30,0.1441,2924.4300000000003,0.136915,0.028913637184799806,0.24849865667461665
2019-08-22,2019-09-20,2925.0,29,0.14885,2922.9500000000003,0.13665666666666668,0.02877643731654023,0.4237263007649944
2019-08-23,2019-09-23,2875.0,31,0.1738,2847.11,0.13638166666666668,0.02857572450653608,1.3094447815233765
2019-08-26,2019-09-25,2875.0,30,0.17925000000000002,2878.38,0.13660666666666668,0.02881935476445558,1.479676893596785
2019-08-27,2019-09-25,2870.0,29,0.18515,2869.1600000000003,0.13662333333333335,0.028844124429843493,1.6823761381523747
2019-08-28,2019-09-27,2890.0,30,0.17465000000000003,2887.94,0.13673916666666666,0.029027292959935506,1.3060409520673952
2019-08-29,2019-09-27,2925.0,29,0.156,2924.58,0.13698833333333335,0.029290695819353996,0.6490684544989396
2019-08-30,2019-09-30,2925.0,31,0.1594,2926.46,0.13712249999999998,0.02936011133684381,0.7587675586244838
2019-09-03,2019-10-02,2910.0,29,0.17025,2906.27,0.13739583333333333,0.02949180048596483,1.1140102036938033
2019-09-04,2019-10-04,2935.0,30,0.15175,2937.78,0.13790750000000002,0.029794567564506335,0.4645981174262878
2019-09-05,2019-10-04,2975.0,29,0.13230000000000003,2976.0,0.13811583333333335,0.02984776840828813,-0.19484985456126713
2019-09-06,2019-10-07,2980.0,31,0.12060000000000001,2978.71,0.13797,0.02985456442403997,-0.581820580373735
2019-09-09,2019-10-09,2980.0,30,0.12375,2978.4300000000003,0.1376166666666667,0.029933814939565564,-0.46324421710572466
2019-09-10,2019-10-09,2975.0,29,0.12380000000000001,2979.3900000000003,0.13730000000000003,0.029979054835227205,-0.4503143969748075
2019-09-11,2019-10-11,3000.0,30,0.11975,3000.9300000000003,0.13710666666666665,0.030028878003087192,-0.5779991734916724
2019-09-12,2019-10-11,3010.0,29,0.11465,3009.57,0.13683250000000002,0.03011227553194651,-0.7366597046598593
2019-09-13,2019-10-14,3005.0,31,0.10995,3007.3900000000003,0.13654000000000002,0.030242990222977603,-0.8792120026477352
2019-09-16,2019-10-16,3000.0,30,0.12050000000000001,2997.96,0.13628333333333334,0.03040448459710869,-0.5191120172724205
2019-09-17,2019-10-16,3005.0,29,0.11860000000000001,3005.7000000000003,0.13620833333333332,0.030438320749615895,-0.5784922722307376
2019-09-18,2019-10-18,3005.0,30,0.11785000000000001,3006.73,0.1360566666666667,0.030504034835459687,-0.5968609321643632
2019-09-19,2019-10-18,3005.0,29,0.11755000000000002,3006.79,0.13583750000000003,0.0305881064526056,-0.5978630951979775
2019-09-20,2019-10-21,2990.0,31,0.1275,2992.07,0.13537333333333335,0.03065178053094982,-0.2568638166185307
2019-09-23,2019-10-23,2995.0,30,0.12515,2991.78,0.13516916666666667,0.0306629297687884,-0.32675177297849434
2019-09-24,2019-10-23,2970.0,29,0.14565,2966.6000000000004,0.13497,0.030688974445920687,0.3480077191507332
2019-09-25,2019-10-25,2985.0,30,0.13715,2984.8700000000003,0.13526666666666667,0.030705010724893407,0.06133635158793315
2019-09-26,2019-10-25,2980.0,29,0.138,2977.6200000000003,0.13560250000000001,0.030611887611442602,0.07831924742542896
2019-09-27,2019-10-28,2955.0,31,0.1504,2961.79,0.13614083333333332,0.030360091014561028,0.46966811330795527
2019-09-30,2019-10-30,2980.0,30,0.14165,2976.7400000000002,0.13689583333333336,0.03013752699197614,0.15774906374807723
2019-10-01,2019-10-31,2940.0,30,0.16775,2940.25,0.13748416666666669,0.0298745250180902,1.01309839453535
2019-10-02,2019-11-01,2890.0,30,0.19110000000000002,2887.61,0.1383675,0.029974313615075743,1.7592562978148705
2019-10-03,2019-11-01,2910.0,29,0.18005,2910.63,0.13957916666666667,0.030616002367858226,1.321884968751539
2019-10-04,2019-11-04,2945.0,31,0.1525,2952.01,0.14078,0.030769002947331286,0.38090282028513145
2019-10-07,2019-11-06,2940.0,30,0.15875,2938.79,0.14155916666666668,0.03045724774124792,0.5644250419269488
2019-10-08,2019-11-06,2900.0,29,0.18435,2893.06,0.14257333333333333,0.029988326071406047,1.3930976529730632
2019-10-09,2019-11-08,2920.0,30,0.17075,2919.4,0.14397833333333335,0.029937023400072645,0.894266150274703
2019-10-10,2019-11-08,2940.0,29,0.16095,2938.13,0.145115,0.02963054753894411,0.5344146941323885
2019-10-11,2019-11-11,2980.0,31,0.1331,2970.27,0.1459125,0.029397284010659722,-0.4358395828456151
2019-10-14,2019-11-13,2970.0,30,0.12745,2966.15,0.1463,0.029065229095482478,-0.6485412496862034
2019-10-15,2019-11-13,3020.0,29,0.10740000000000001,2995.6800000000003,0.14656,0.028820581452396778,-1.3587512127290327
2019-10-16,,,,,,0.1465175,0.02887730741386004,
2019-10-17,2019-11-15,3000.0,29,0.11825000000000001,2997.9500000000003,,,
2019-10-18,2019-11-18,2985.0,31,0.12455000000000001,2986.2000000000003,,,
2019-10-21,2019-11-20,3005.0,30,0.11855000000000002,3006.7200000000003,,,
2019-10-22,2019-11-20,3000.0,29,0.12045,2995.9900000000002,,,
2019-10-23,2019-11-22,3005.0,30,0.1194,3004.52,,,
2019-10-24,2019-11-22,3010.0,29,0.11545,3010.29,,,
2019-10-25,2019-11-25,3025.0,31,0.1034,3022.55,,,
2019-10-28,2019-11-27,3040.0,30,0.1084,3039.42,,,
2019-10-29,2019-11-27,3035.0,29,0.1114,3036.8900000000003,,,
2019-10-30,2019-11-29,3045.0,30,0.1023,3046.77,,,
2019-10-31,2019-11-29,3040.0,29,0.10540000000000001,3037.56,,,
2019-11-01,2019-12-02,3065.0,31,0.09740000000000001,3066.9100000000003,,,
2019-11-04,2019-12-04,3080.0,30,0.10085,3078.27,,,
2019-11-05,2019-12-04,3075.0,29,0.10395,3074.6200000000003,,,
2019-11-06,2019-12-06,3075.0,30,0.10400000000000001,3076.78,,,
2019-11-07,2019-12-06,3085.0,29,0.10475000000000001,3085.1800000000003,,,
2019-11-08,2019-12-09,3095.0,31,0.09685,3093.08,,,
2019-11-11,2019-12-11,3085.0,30,0.1062,3087.01,,,
2019-11-12,2019-12-11,3090.0,29,0.10495,3091.84,,,
2019-11-13,2019-12-13,3095.0,30,0.10895,3094.04,,,
2019-11-14,2019-12-13,3095.0,29,0.1081,3096.63,,,
2019-11-15,2019-12-16,3120.0,31,0.09635,3120.46,,,
2019-11-18,2019-12-18,3120.0,30,0.10200000000000001,3122.03,,,
2019-11-19,2019-12-18,3120.0,29,0.10300000000000001,3120.1800000000003,,,
2019-11-20,2019-12-20,3110.0,30,0.10650000000000001,3108.46,,,
2019-11-21,2019-12-20,3105.0,29,0.1107,3103.54,,,
2019-11-22,2019-12-23,3110.0,31,0.1026,3110.29,,,
2019-11-25,2019-12-24,3135.0,29,0.0946,3133.6400000000003,,,
2019-11-26,2019-12-27,3140.0,31,0.0943,3140.52,,,
2019-11-27,2019-12-27,3155.0,30,0.0935,3153.63,,,
2019-11-29,2019-12-30,3140.0,31,0.10225000000000001,3140.98,,,
2019-12-02,2019-12-31,3115.0,29,0.12535000000000002,3113.8700000000003,,,
2019-12-03,2020-01-03,3095.0,31,0.1392,3093.2000000000003,,,
2019-12-04,2020-01-03,3115.0,30,0.1282,3112.76,,,
2019-12-05,2020-01-03,3115.0,29,0.1268,3117.4300000000003,,,
2019-12-06,2020-01-06,3145.0,31,0.11035,3145.9100000000003,,,
2019-12-09,2020-01-08,3135.0,30,0.12645,3135.96,,,
2019-12-10,2020-01-08,3135.0,29,0.1261,3132.52,,,
2019-12-11,2020-01-10,3140.0,30,0.12410000000000002,3141.63,,,
2019-12-12,2020-01-10,3170.0,29,0.1109,3168.57,,,
2019-12-13,2020-01-13,3170.0,31,0.09570000000000001,3168.8,,,
2019-12-16,2020-01-15,3190.0,30,0.0915,3191.4500000000003,,,
2019-12-17,2020-01-15,3195.0,29,0.09079999999999999,3192.52,,,
2019-12-18,2020-01-17,3190.0,30,0.09845000000000001,3191.1400000000003,,,
2019-12-19,2020-01-17,3205.0,29,0.09440000000000001,3205.3700000000003,,,
2019-12-20,2020-01-17,3220.0,28,0.0936,3221.2200000000003,,,
2019-12-23,2020-01-22,3225.0,30,0.09305,3224.01,,,
2019-12-24,2020-01-22,3225.0,29,0.09340000000000001,3223.38,,,
2019-12-26,2020-01-24,3240.0,29,0.09770000000000001,3239.9100000000003,,,
2019-12-27,2020-01-27,3240.0,31,0.1021,3240.02,,,
2019-12-30,2020-01-29,3220.0,30,0.12095,3221.29,,,
2019-12-31,2020-01-29,3230.0,29,0.1099,3230.78,,,
2020-01-02,2020-01-31,3260.0,29,0.0993,3257.8500000000004,,,
2020-01-03,2020-02-03,3235.0,31,0.11430000000000001,3234.8500000000004,,,
2020-01-06,2020-02-05,3245.0,30,0.1134,3246.28,,,
2020-01-07,2020-02-05,3240.0,29,0.113,3237.1800000000003,,,
2020-01-08,2020-02-07,3255.0,30,0.11165,3253.05,,,
2020-01-09,2020-02-07,3275.0,29,0.10155,3274.7000000000003,,,
2020-01-10,2020-02-10,3265.0,31,0.10145000000000001,3265.3500000000004,,,
2020-01-13,2020-02-12,3285.0,30,0.10120000000000001,3288.13,,,
2020-01-14,2020-02-12,3285.0,29,0.10135,3283.15,0.10740333333333334,0.011134154457354448,-0.5436724770182194
2020-01-15,2020-02-14,3290.0,30,0.10205,3289.29,0.10712166666666666,0.011068681449908475,-0.45819971327376047
2020-01-16,2020-02-14,3315.0,29,0.0986,3316.81,0.10674666666666667,0.010847138444280063,-0.7510429325222262
2020-01-17,2020-02-14,3330.0,28,0.0965,3329.6200000000003,0.10641416666666667,0.010784782482372576,-0.919273678710822
2020-01-21,2020-02-19,3320.0,29,0.10420000000000001,3320.79,0.106015,0.010699363595837473,-0.16963625768415785
2020-01-22,2020-02-21,3320.0,30,0.10775000000000001,3321.75,0.10576166666666667,0.01055605845268475,0.18835944706498325
2020-01-23,2020-02-21,3325.0,29,0.10775000000000001,3325.54,0.10563333333333333,0.010482829652060759,0.2019174914523752
2020-01-24,2020-02-24,3295.0,31,0.1227,3295.4700000000003,0.10570583333333335,0.010482164398645253,1.6212459584075056
2020-01-27,2020-02-26,3245.0,30,0.15665,3243.63,0.10594416666666667,0.01070466828176375,4.736796320883174
2020-01-28,2020-02-26,3275.0,29,0.14100000000000001,3276.2400000000002,0.10669833333333334,0.01253334186049716,2.736833244354354
2020-01-29,2020-02-28,3275.0,30,0.14235,3273.4,0.10734333333333333,0.01327690254701517,2.636659156207835
2020-01-30,2020-02-28,3285.0,29,0.13445000000000001,3283.6600000000003,0.10795916666666666,0.014021307912066256,1.8893268373727283
2020-01-31,2020-03-02,3225.0,31,0.16010000000000002,3225.52,0.10857666666666667,0.014360148087932265,3.5879388581397462
2020-02-03,2020-03-04,3250.0,30,0.1578,3248.92,0.10956416666666667,0.0157862096320815,3.0555677681681184
2020-02-04,2020-03-04,3300.0,29,0.13765,3297.59,0.11046166666666667,0.016949529683657164,1.6040759738335677
2020-02-05,2020-03-06,3335.0,30,0.12805,3334.69,0.11102250000000001,0.017285482850440757,0.9850751724627587
2020-02-06,2020-03-06,3345.0,29,0.12340000000000001,3345.78,0.11141083333333333,0.01740350172164043,0.6888939282695457
2020-02-07,2020-03-09,3330.0,31,0.12805,3327.71,0.11185333333333333,0.017364489545481646,0.9327464895667574
2020-02-10,2020-03-11,3350.0,30,0.12575,3352.09,0.1122175,0.01747269983164536,0.7744939322708939
2020-02-11,2020-03-11,3360.0,29,0.12435,3357.75,0.11256416666666666,0.017532304545712626,0.6722352616339571
2020-02-12,2020-03-13,3380.0,30,0.11225000000000002,3379.4500000000003,0.11282083333333334,0.017591124234572326,-0.032450076852476056
2020-02-13,2020-03-13,3375.0,29,0.1169,3373.94,0.11288999999999999,0.017580403188527452,0.22809488252333388
2020-02-14,2020-03-16,3380.0,31,0.10969999999999999,3380.1600000000003,0.11323250000000001,0.017452421581768997,-0.20240744148021914
2020-02-18,2020-03-18,3370.0,29,0.11985000000000001,3370.29,0.11336083333333334,0.017396646597925332,0.37301250158410115
2020-02-19,2020-03-20,3385.0,30,0.1165,3386.15,0.11364166666666667,0.017362528243480252,0.1646265620565174
2020-02-20,2020-03-20,3375.0,29,0.12530000000000002,3373.23,0.11380833333333333,0.017340794379656136,0.6626955152728458
2020-02-21,2020-03-23,3340.0,31,0.14200000000000002,3337.75,0.11405166666666668,0.017398777393893502,1.6063389225924831
2020-02-24,2020-03-25,3230.0,30,0.21500000000000002,3225.8900000000003,0.11470833333333334,0.017700151217075643,5.666147449063236
2020-02-25,2020-03-25,3120.0,29,0.24985000000000002,3128.21,0.116715,0.021744625870253276,6.122662252015527
2020-02-26,2020-03-27,3115.0,30,0.24535,3116.3900000000003,0.1193075,0.027529992619760503,4.578370279312356
2020-02-27,2020-03-27,2980.0,29,0.3557,2978.76,0.12183833333333333,0.031770497676285626,7.3609695715036745
2020-02-28,2020-03-30,2935.0,31,0.38460000000000005,2954.2200000000003,0.12606250000000002,0.043722830425576634,5.9131007184009485
2020-03-02,2020-04-01,3100.0,30,0.27785000000000004,3090.23,0.13038333333333335,0.05500545786992621,2.680946080212395
2020-03-03,2020-04-01,3025.0,29,0.3229,3003.3700000000003,0.13269416666666667,0.058201681852676976,3.268047026798846
2020-03-04,2020-04-03,3135.0,30,0.26565,3130.1200000000003,0.1359391666666667,0.06316308867115532,2.0535859797585916
2020-03-05,2020-04-03,3025.0,29,0.3503,3023.94,0.1382533333333333,0.0653290269968992,3.2458261880546813
2020-03-06,2020-04-06,3000.0,31,0.3521,2972.3700000000003,0.14225250000000003,0.07071434744323132,2.9675378135740162
2020-03-09,2020-04-08,2725.0,30,0.504,2746.56,0.14601333333333336,0.07568537007201495,4.729932169533436
2020-03-10,2020-04-09,2880.0,30,0.42335,2882.23,0.15231166666666668,0.08861897220383048,3.0584684813306593
2020-03-11,2020-04-09,2750.0,29,0.49775,2741.38,0.15729916666666666,0.09518219660283768,3.5768331209450515
2020-03-12,2020-04-09,2490.0,28,0.7237,2480.6400000000003,0.16374666666666665,0.10462030252568082,5.352243492087813
2020-03-13,2020-04-13,2700.0,31,0.51415,2711.02,0.17421333333333333,0.12676706078696062,2.6815851417266026
2020-03-16,2020-04-15,2375.0,30,0.79195,2386.13,0.18125750000000002,0.13364902170281173,4.569375010899554
2020-03-17,2020-04-17,2530.0,31,0.6797500000000001,2529.19,0.19294333333333336,0.15461438348976755,3.1485212156790303
2020-03-18,2020-04-17,2400.0,30,0.7430000000000001,2398.1,0.20263166666666665,0.16635935984291544,3.2481991626054305
2020-03-19,2020-04-17,2400.0,29,0.6725,2409.3900000000003,0.21344166666666667,0.17974196362758632,2.5539853024220456
2020-03-20,2020-04-20,2325.0,31,0.5703,2304.92,0.22309,0.18852281901174614,1.841739911487143
2020-03-23,2020-04-20,2240.0,28,0.5607,2237.4,0.23104416666666666,0.19295905425228912,1.7084237617702902
2020-03-24,2020-04-24,2450.0,31,0.54525,2447.33,0.2388325,0.1967036041015147,1.557762509739599
2020-03-25,2020-04-24,2475.0,30,0.58035,2475.56,0.2462916666666667,0.199723585081615,1.6726033292303653
2020-03-26,2020-04-20,2640.0,25,0.5362500000000001,2630.07,0.2542625,0.2033812816631172,1.3864968186555489
2020-03-27,2020-04-27,2540.0,31,0.5667500000000001,2541.4700000000003,0.26118416666666666,0.20581969060725622,1.484628766236036
2020-03-30,2020-04-30,2625.0,31,0.48760000000000003,2626.65,0.26879833333333336,0.20856036011364787,1.0491047605951493
2020-03-31,2020-04-30,2575.0,30,0.45510000000000006,2584.59,0.27527,0.20923506936992492,0.859463953827276
2020-04-01,2020-05-01,2465.0,30,0.5223,2470.5,0.28095000000000003,0.2094169179137029,1.152485684558953
2020-04-02,2020-05-01,2525.0,29,0.46080000000000004,2526.9,0.287765,0.21052241120280774,0.8219314941880748
2020-04-03,2020-05-01,2495.0,28,0.42385,2488.65,0.29356166666666667,0.21041700633859703,0.6191910796586331
2020-04-06,2020-05-08,2660.0,32,0.38455,2663.6800000000003,0.298765,0.20970125608847637,0.4090819559221234
2020-04-07,2020-05-06,2680.0,29,0.39735,2659.4100000000003,0.30348166666666665,0.2083686793224905,0.4504915692634116
2020-04-08,2020-05-08,2740.0,30,0.37905,2749.98,0.3084133333333333,0.2070031553977687,0.3412347339871906
2020-04-09,2020-05-08,2790.0,29,0.3674,2789.82,0.3130441666666667,0.20539063940095004,0.2646461079816956
2020-04-13,2020-05-11,2760.0,28,0.36645000000000005,2761.63,0.31747833333333336,0.20360704912846772,0.24052048726352088
2020-04-14,2020-05-13,2830.0,29,0.33640000000000003,2846.06,0.321885,0.20171794923202271,0.07195690842218715
2020-04-15,2020-05-15,2785.0,30,0.36075,2783.36,0.32584833333333335,0.19958133063878503,0.17487440611283386
2020-04-16,2020-05-15,2800.0,29,0.35505,2799.55,0.33025250000000006,0.19733750715698273,0.12566034889795893
2020-04-17,2020-05-18,2870.0,31,0.325,2874.56,0.3344333333333333,0.19511186853427923,-0.04834833167350837
2020-04-20,2020-05-18,2825.0,28,0.37215,2823.1600000000003,0.3380541666666667,0.19283640477816522,0.1768122226327356
2020-04-21,2020-05-20,2750.0,29,0.40075000000000005,2736.56,0.3424608333333333,0.1904910805980936,0.30599420447221753
2020-04-22,2020-05-22,2800.0,30,0.36785,2799.31,0.34709500000000004,0.18842516513441673,0.11014983049208946
2020-04-23,2020-05-22,2800.0,29,0.3599,2797.8,0.350615,0.1867726151532565,0.049712855347563506
2020-04-24,2020-05-22,2840.0,28,0.30925,2836.7400000000002,0.35426333333333343,0.18473552874831878,-0.24366365061622214
2020-04-27,2020-05-26,2880.0,29,0.27015,2878.48,0.35704500000000006,0.18273628300673803,-0.4755213281688343
2020-04-28,2020-05-27,2875.0,29,0.27685000000000004,2863.3900000000003,0.3593066666666667,0.1807637139853719,-0.4561571835890659
2020-04-29,2020-05-29,2940.0,30,0.2571,2939.51,0.36125250000000003,0.17920466129327467,-0.5811930295136176
2020-04-30,2020-05-29,2910.0,29,0.28180000000000005,2912.4300000000003,0.3629075,0.17774647767017088,-0.45631002686030314
2020-05-01,2020-06-01,2830.0,31,0.31505,2830.71,0.36531,0.17561156934591643,-0.28619982263810195
2020-05-04,2020-06-01,2850.0,28,0.2947,2842.7400000000002,0.36842666666666674,0.1729689360438984,-0.42624223951955953
2020-05-05,2020-06-05,2870.0,31,0.2891,2868.44,0.3712816666666667,0.17024834352131427,-0.48271639516056675
2020-05-06,2020-06-05,2850.0,30,0.29425,2848.42,0.37396583333333333,0.16759744483804923,-0.47563871519857226
2020-05-07,2020-06-05,2880.0,29,0.271,2881.19,0.3767741666666667,0.16475537168570192,-0.6420073930484547
2020-05-08,2020-06-08,2930.0,31,0.22875,2929.8,0.3792183333333334,0.16201210432041085,-0.9287474782486165
2020-05-11,2020-06-08,2930.0,28,0.22005000000000002,2930.32,0.38116,0.15943596658432493,-1.0104997225628487
2020-05-12,2020-06-12,2870.0,31,0.2806,2870.1200000000003,0.3828791666666667,0.15707687697097497,-0.6511408212270866
2020-05-13,2020-06-12,2820.0,30,0.30895,2820.0,0.3857275,0.15354913982533966,-0.5000190824079738
2020-05-14,2020-06-12,2850.0,29,0.2846,2852.5,0.38887916666666666,0.14989662660909123,-0.6956738722253681
2020-05-15,2020-06-15,2870.0,31,0.2643,2863.7000000000003,0.3916808333333333,0.14624588625002927,-0.8710045567747232
2020-05-18,2020-06-15,2950.0,28,0.23820000000000002,2953.9100000000003,0.39399750000000006,0.14302001798521605,-1.089340514669106
2020-05-19,2020-06-17,2925.0,29,0.25465,2922.94,0.39560083333333335,0.14066697584193003,-1.0020179398163953
2020-05-20,2020-06-19,2970.0,30,0.23835,2971.61,0.3962616666666667,0.13989517636450693,-1.1287856434393169
2020-05-21,2020-06-19,2950.0,29,0.25125000000000003,2948.51,0.39607,0.14010688873565944,-1.0336393970836992
2020-05-22,2020-06-22,2960.0,31,0.2353,2955.4500000000003,0.3961683333333334,0.14000134441444878,-1.1490484895424407
2020-05-26,2020-06-24,2975.0,29,0.23805,2991.77,0.3941616666666667,0.14144661458245003,-1.1036790603119617
2020-05-27,2020-06-26,3035.0,30,0.2278,3036.13,0.3917191666666667,0.14287264807194694,-1.1473096416895783
2020-05-28,2020-06-26,3030.0,29,0.23765000000000003,3029.73,0.39088500000000004,0.14369250222233332,-1.0664091558716247
2020-05-29,2020-06-29,3050.0,31,0.22305000000000003,3044.31,0.38946416666666667,0.1447933919890703,-1.149321556602724
2020-06-01,2020-06-30,3055.0,29,0.23010000000000003,3055.73,0.3887541666666667,0.14551346471906995,-1.0903057457463905
2020-06-02,2020-07-02,3080.0,30,0.21930000000000002,3080.82,0.3867508333333333,0.146872916210726,-1.1401069554109153
2020-06-03,2020-07-02,3125.0,29,0.20990000000000003,3122.8700000000003,0.38453750000000003,0.14839666998667994,-1.1768289680332815
2020-06-04,2020-07-02,3110.0,28,0.2158,3112.3500000000004,0.3796358333333334,0.14923863926090428,-1.0978110906446272
2020-06-05,2020-07-06,3190.0,31,0.19435000000000002,3193.9300000000003,0.37617666666666666,0.15060732517205205,-1.2072896617674471
2020-06-08,2020-07-06,3225.0,28,0.20575000000000002,3232.3900000000003,0.37112,0.15154671965202063,-1.0912146457522813
2020-06-09,2020-07-08,3200.0,29,0.22985,3207.1800000000003,0.3624875000000001,0.14576399913146118,-0.909946905891196
2020-06-10,2020-07-10,3200.0,30,0.22625,3190.1400000000003,0.3577491666666667,0.14537068617021406,-0.9045782896882988
2020-06-11,2020-07-10,3000.0,29,0.3478,3002.1000000000004,0.34832083333333336,0.1346844149665692,-0.0038670646003298773
2020-06-12,2020-07-13,3040.0,31,0.2948,3041.31,0.3427883333333333,0.1274636586182963,-0.37648639505193826
2020-06-15,2020-07-13,3065.0,28,0.28525,3066.59,0.3353183333333334,0.1162520289477275,-0.43068782357206437
2020-06-16,2020-07-15,3150.0,29,0.272,3124.7400000000002,0.3288641666666667,0.10764611713012265,-0.5282509781372722
2020-06-17,2020-07-17,3115.0,30,0.27945,3113.4900000000002,0.3238925000000001,0.10309882778312386,-0.4310669767602814
2020-06-18,2020-07-17,3115.0,29,0.2745,3115.34,0.319205,0.09843794513485575,-0.45414397810474477
2020-06-19,2020-07-20,3100.0,31,0.2793,3097.7400000000002,0.3146925000000001,0.0940061437881336,-0.3764913501798986
2020-06-22,2020-07-20,3115.0,28,0.25645,3117.86,0.30967500000000003,0.08738773451730963,-0.6090671682243609
2020-06-23,2020-07-22,3140.0,29,0.2508,3131.29,0.3050116666666666,0.08241608180172129,-0.6577801987370671
2020-06-24,2020-07-24,3050.0,30,0.29135,3050.33,0.2997458333333334,0.07518569457539982,-0.1116679626456551
2020-06-25,2020-07-24,3075.0,29,0.26925,3083.76,0.29647500000000004,0.07102874000557559,-0.3832955504752436
2020-06-26,2020-07-27,3010.0,31,0.28885000000000005,3009.05,0.2933775,0.06798098838483928,-0.06659950241337854
2020-06-29,2020-07-27,3050.0,28,0.25855,3053.2400000000002,0.2894866666666667,0.06097653679529541,-0.5073536198115733
2020-06-30,2020-07-29,3080.0,29,0.24870000000000003,3100.29,0.28611583333333335,0.0567923981034841,-0.6588176337466181
2020-07-01,2020-07-31,3115.0,30,0.23120000000000002,3115.86,0.2831966666666667,0.05402685527027714,-0.9624226027323979
2020-07-02,2020-07-31,3130.0,29,0.22465000000000002,3130.01,0.28064083333333334,0.052763364032627234,-1.0611687552505242
2020-07-06,2020-08-03,3175.0,28,0.22155000000000002,3179.7200000000003,0.2777625,0.05096879040490345,-1.102880793392187
2020-07-07,2020-08-05,3150.0,29,0.23865000000000003,3145.32,0.2751375,0.04970395205188685,-0.7340965555799264
2020-07-08,2020-08-07,3170.0,30,0.23120000000000002,3169.94,0.2729916666666667,0.04841578059614922,-0.86318275058423
2020-07-09,2020-08-07,3150.0,29,0.24380000000000002,3152.05,0.2707375,0.04712198165040402,-0.5716546515349921
2020-07-10,2020-08-10,3180.0,31,0.2238,3185.04,0.2691941666666667,0.046446532128366795,-0.9773424319647452
2020-07-13,2020-08-10,3150.0,28,0.2615,3155.2200000000003,0.2669116666666667,0.04521982313051212,-0.1196746535484606
2020-07-14,2020-08-12,3200.0,29,0.23625000000000002,3197.52,0.2653525,0.04371715176050293,-0.6656998186760458
2020-07-15,2020-08-14,3225.0,30,0.22775,3226.56,0.26387333333333335,0.043162685417260316,-0.8369111649130151
2020-07-16,2020-08-14,3210.0,29,0.2267,3215.57,0.2614666666666667,0.040994328531534834,-0.8480847939714992
2020-07-17,2020-08-17,3225.0,31,0.20435000000000003,3224.73,0.25856583333333333,0.03692767724554865,-1.468162564702566
2020-07-20,2020-08-17,3250.0,28,0.19395,3251.84,0.25584083333333335,0.03469145781105914,-1.784036683336018
2020-07-21,2020-08-19,3260.0,29,0.1998,3257.3,0.25307500000000005,0.032819359855974214,-1.6232796810722139
2020-07-22,2020-08-21,3275.0,30,0.19335000000000002,3276.02,0.25125083333333337,0.032685572533400084,-1.7714492617244746
2020-07-23,2020-08-21,3235.0,29,0.2106,3235.6600000000003,0.24997083333333334,0.03342826279559071,-1.1777708454094855
2020-07-24,2020-08-24,3210.0,31,0.20845000000000002,3215.63,0.24886666666666668,0.03361897626299397,-1.2021980190739845
2020-07-27,2020-08-24,3240.0,28,0.19245,3239.4100000000003,0.24805583333333334,0.034001537965797204,-1.635391710494634
2020-07-28,2020-08-26,3200.0,29,0.21080000000000002,3218.44,0.24656666666666668,0.03445223992947618,-1.038152141627979
2020-07-29,2020-08-28,3260.0,30,0.19205,3258.44,0.24482916666666668,0.033557086815827336,-1.5728172995569203
2020-07-30,2020-08-28,3250.0,29,0.20245000000000002,3246.2200000000003,0.24311833333333333,0.03358811579411491,-1.2107953176837312
2020-07-31,2020-08-31,3270.0,31,0.19255,3271.1200000000003,0.2416741666666667,0.033440053234268866,-1.469021784221473
2020-08-03,2020-08-31,3295.0,28,0.1887,3294.61,0.2399791666666667,0.0333071419170666,-1.539584717126125
2020-08-04,2020-09-02,3300.0,29,0.18855,3306.51,0.2386075,0.03370031160269358,-1.4853720223761682
2020-08-05,2020-09-04,3325.0,30,0.18035,3327.77,0.23793750000000002,0.03429399268562984,-1.6792299609992865
2020-08-06,2020-09-04,3350.0,29,0.1739,3349.1600000000003,0.23727583333333335,0.03502025744475865,-1.8096906749844173
2020-08-07,2020-09-04,3350.0,28,0.17235,3351.28,0.2354975,0.03548894602906992,-1.7793568720884028
2020-08-10,2020-09-08,3360.0,29,0.16665000000000002,3360.4700000000003,0.23322083333333332,0.03507613908616639,-1.897895123799074
2020-08-11,2020-09-09,3330.0,29,0.1881,3333.69,0.23125500000000002,0.03545103653668567,-1.2173127845032707
2020-08-12,2020-09-11,3380.0,30,0.172,3380.3500000000004,0.22998500000000002,0.035611698587278674,-1.6282570700155714
2020-08-13,,,,,,0.22888166666666668,0.036370300053597295,
2020-08-14,,,,,,,,
2020-08-17,,,,,,,,
2020-08-18,2020-09-18,3390.0,31,0.16905,3389.78,,,
2020-08-19,,,,,,,,
2020-08-20,2020-09-18,3390.0,29,0.1694,3385.51,,,
2020-08-21,,,,,,,,
2020-08-24,2020-09-18,3425.0,25,0.1645,3431.28,,,
2020-08-25,,,,,,,,
2020-08-26,,,,,,,,
2020-08-27,,,,,,,,
2020-08-28,2020-09-30,3500.0,33,0.17505,3508.01,,,
2020-08-31,,,,,,,,
2020-09-01,,,,,,,,
2020-09-02,,,,,,,,
2020-09-03,,,,,,,,
2020-09-04,2020-09-30,3425.0,26,0.23620000000000002,3426.96,,,
2020-09-08,,,,,,,,
2020-09-09,,,,,,,,
2020-09-10,,,,,,,,
2020-09-11,2020-10-12,3340.0,31,0.22375,3340.9700000000003,,,
2020-09-14,,,,,,,,
2020-09-15,,,,,,,,
2020-09-16,,,,,,,,
2020-09-17,,,,,,,,
2020-09-18,2020-10-16,3320.0,28,0.21955000000000002,3319.4700000000003,,,
2020-09-21,,,,,,,,
2020-09-22,,,,,,,,
2020-09-23,,,,,,,,
2020-09-24,,,,,,,,
2020-09-25,2020-10-30,3300.0,35,0.2303,3298.46,,,
2020-09-28,,,,,,,,
2020-09-29,2020-10-30,3340.0,31,0.23105000000000003,3335.4700000000003,,,
2020-09-30,,,,,,,,
2020-10-01,2020-10-30,3380.0,29,0.23015000000000002,3380.8,,,
2020-10-02,2020-11-02,3350.0,31,0.2344,3348.44,,,
2020-10-05,2020-11-04,3400.0,30,0.24880000000000002,3408.63,,,
2020-10-06,2020-11-04,3350.0,29,0.2631,3360.9500000000003,,,
2020-10-07,2020-11-06,3420.0,30,0.24910000000000002,3419.4500000000003,,,
2020-10-08,2020-11-06,3450.0,29,0.2323,3446.8300000000004,,,
2020-10-09,2020-11-06,3475.0,28,0.21585000000000001,3477.13,,,
2020-10-12,2020-11-09,3500.0,28,0.2233,3534.2200000000003,,,
2020-10-13,2020-11-13,3515.0,31,0.22300000000000003,3511.9300000000003,,,
2020-10-14,2020-11-13,3490.0,30,0.22865000000000002,3488.67,,,
2020-10-15,2020-11-13,3485.0,29,0.23255,3483.34,,,
2020-10-16,2020-11-13,3485.0,28,0.2361,3483.81,,,
2020-10-19,2020-11-16,3425.0,28,0.2559,3426.92,,,
2020-10-20,2020-11-20,3445.0,31,0.25680000000000003,3443.1200000000003,,,
2020-10-21,2020-11-20,3435.0,30,0.25650000000000006,3435.56,,,
2020-10-22,2020-11-20,3450.0,29,0.25029999999999997,3453.4900000000002,,,
2020-10-23,2020-11-23,3460.0,31,0.23790000000000003,3465.3900000000003,,,
2020-10-26,,,,,,,,
2020-10-27,2020-11-30,3400.0,34,0.2776,3390.6800000000003,,,
2020-10-28,,,,,,,,
2020-10-29,2020-11-30,3320.0,32,0.3164,3310.11,,,
2020-10-30,,,,,,,,
2020-11-02,,,,,,,,
2020-11-03,,,,,,,,
2020-11-04,2020-11-30,3450.0,26,0.23915000000000003,3443.44,,,
2020-11-05,2020-11-30,3500.0,25,0.22795,3510.4500000000003,,,
2020-11-06,,,,,,,,
2020-11-09,,,,,,,,
2020-11-10,,,,,,,,
2020-11-11,,,,,,,,
2020-11-12,,,,,,,,
2020-11-13,,,,,,,,
2020-11-16,2020-12-18,3625.0,32,0.18530000000000002,3626.9100000000003,,,
2020-11-17,,,,,,,,
2020-11-18,,,,,,,,
2020-11-19,,,,,,,,
2020-11-20,,,,,,,,
2020-11-23,2020-12-18,3575.0,25,0.18415,3577.59,,,
2020-11-24,,,,,,,,
2020-11-25,,,,,,,,
2020-11-27,2020-12-31,3650.0,34,0.16595000000000001,3638.3500000000004,,,
2020-11-30,2020-12-31,3620.0,31,0.17005,3621.63,,,
2020-12-01,2020-12-31,3660.0,30,0.17005,3662.4500000000003,,,
2020-12-02,2020-12-31,3670.0,29,0.1691,3669.01,,,
2020-12-03,2020-12-31,3675.0,28,0.166,3666.7200000000003,,,
2020-12-04,,,,,,,,
2020-12-07,,,,,,,,
2020-12-08,,,,,,,,
2020-12-09,,,,,,,,
2020-12-10,,,,,,,,
2020-12-11,2021-01-15,3675.0,35,0.18835000000000002,3663.46,,,
2020-12-14,,,,,,,,
2020-12-15,,,,,,,,
2020-12-16,,,,,,,,
2020-12-17,,,,,,,,
2020-12-18,,,,,,,,
2020-12-21,,,,,,,,
2020-12-22,,,,,,,,
2020-12-23,,,,,,,,
2020-12-24,,,,,,,,
2020-12-28,2021-01-29,3725.0,32,0.17210000000000003,3735.36,,,
2020-12-29,,,,,,,,
2020-12-30,,,,,,,,
2020-12-31,,,,,,,,
2021-01-04,,,,,,,,
2021-01-05,,,,,,,,
2021-01-06,,,,,,,,
2021-01-07,,,,,,,,
2021-01-08,,,,,,,,
2021-01-11,,,,,,,,
2021-01-12,,,,,,,,
2021-01-13,,,,,,,,
2021-01-14,,,,,,,,
2021-01-15,,,,,,,,
2021-01-19,,,,,,,,
2021-01-20,,,,,,,,
2021-01-21,,,,,,,,
2021-01-22,,,,,,,,
2021-01-25,,,,,,,,
2021-01-26,,,,,,,,
2021-01-27,,,,,,,,
2021-01-28,,,,,,,,
2021-01-29,,,,,,,,
2021-02-01,,,,,,,,
2021-02-02,,,,,,,,
2021-02-03,,,,,,,,
2021-02-04,,,,,,,,
2021-02-05,,,,,,,,
2021-02-08,,,,,,,,
2021-02-09,,,,,,,,
2021-02-10,,,,,,,,
2021-02-11,,,,,,,,
2021-02-12,,,,,,,,
2021-02-16,,,,,,,,
2021-02-17,,,,,,,,
2021-02-18,,,,,,,,
2021-02-19,,,,,,,,
2021-02-22,,,,,,,,
2021-02-23,,,,,,,,
2021-02-24,,,,,,,,
2021-02-25,,,,,,,,
2021-02-26,,,,,,,,
2021-03-01,,,,,,,,
2021-03-02,2021-03-31,3875.0,29,0.187,3870.29,,,
2021-03-03,2021-03-31,3825.0,28,0.2137,3819.7200000000003,,,
2021-03-04,,,,,,,,
2021-03-05,,,,,,,,
2021-03-08,,,,,,,,
2021-03-09,,,,,,,,
2021-03-10,,,,,,,,
2021-03-11,,,,,,,,
2021-03-12,,,,,,,,
2021-03-15,,,,,,,,
2021-03-16,,,,,,,,
2021-03-17,,,,,,,,
2021-03-18,,,,,,,,
2021-03-19,2021-04-16,3910.0,28,0.16165000000000002,3913.1000000000004,,,
2021-03-22,,,,,,,,
2021-03-23,,,,,,,,
2021-03-24,,,,,,,,
2021-03-25,,,,,,,,
2021-03-26,,,,,,,,
2021-03-29,,,,,,,,
2021-03-30,2021-04-30,3960.0,31,0.15185,3958.55,,,
2021-03-31,,,,,,,,
2021-04-01,,,,,,,,
2021-04-05,2021-04-30,4100.0,25,0.1346,4077.9100000000003,,,
2021-04-06,,,,,,,,
2021-04-07,,,,,,,,
2021-04-08,,,,,,,,
2021-04-09,,,,,,,,
2021-04-12,,,,,,,,
2021-04-13,,,,,,,,
2021-04-14,,,,,,,,
2021-04-15,,,,,,,,
2021-04-16,,,,,,,,
2021-04-19,,,,,,,,
2021-04-20,,,,,,,,
2021-04-21,,,,,,,,
2021-04-22,,,,,,,,
2021-04-23,,,,,,,,
2021-04-26,,,,,,,,
2021-04-27,,,,,,,,
2021-04-28,,,,,,,,
2021-04-29,,,,,,,,
2021-04-30,,,,,,,,
2021-05-03,,,,,,,,
2021-05-04,,,,,,,,
2021-05-05,,,,,,,,
2021-05-06,,,,,,,,
2021-05-07,,,,,,,,
2021-05-10,,,,,,,,
2021-05-11,,,,,,,,
2021-05-12,,,,,,,,
2021-05-13,,,,,,,,
2021-05-14,,,,,,,,
2021-05-17,,,,,,,,
2021-05-18,,,,,,,,
2021-05-19,,,,,,,,
2021-05-20,,,,,,,,
2021-05-21,,,,,,,,
2021-05-24,,,,,,,,
2021-05-25,,,,,,,,
2021-05-26,,,,,,,,
2021-05-27,,,,,,,,
2021-05-28,,,,,,,,
2021-06-01,,,,,,,,
2021-06-02,,,,,,,,
2021-06-03,,,,,,,,
2021-06-04,,,,,,,,
2021-06-07,,,,,,,,
2021-06-08,,,,,,,,
2021-06-09,,,,,,,,
2021-06-10,,,,,,,,
2021-06-11,,,,,,,,
2021-06-14,,,,,,,,
2021-06-15,,,,,,,,
2021-06-16,,,,,,,,
2021-06-17,,,,,,,,
2021-06-18,,,,,,,,
2021-06-21,,,,,,,,
2021-06-22,,,,,,,,
2021-06-23,,,,,,,,
2021-06-24,,,,,,,,
2021-06-25,,,,,,,,
2021-06-28,,,,,,,,
2021-06-29,,,,,,,,
2021-06-30,,,,,,,,
2021-07-01,,,,,,,,
2021-07-02,,,,,,,,
2021-07-06,,,,,,,,
2021-07-07,,,,,,,,
2021-07-08,,,,,,,,
2021-07-09,,,,,,,,
2021-07-12,,,,,,,,
2021-07-13,,,,,,,,
2021-07-14,,,,,,,,
2021-07-15,,,,,,,,
2021-07-16,,,,,,,,
2021-07-19,,,,,,,,
2021-07-20,,,,,,,,
2021-07-21,,,,,,,,
2021-07-22,,,,,,,,
2021-07-23,,,,,,,,
2021-07-26,,,,,,,,
2021-07-27,,,,,,,,
2021-07-28,,,,,,,,
2021-07-29,2021-08-31,4400.0,33,0.13175,4419.150000000001,,,
2021-07-30,,,,,,,,
2021-08-02,,,,,,,,
2021-08-03,,,,,,,,
2021-08-04,,,,,,,,
2021-08-05,,,,,,,,
2021-08-06,,,,,,,,
2021-08-09,,,,,,,,
2021-08-10,,,,,,,,
2021-08-11,,,,,,,,
2021-08-12,,,,,,,,
2021-08-13,,,,,,,,
2021-08-16,2021-09-17,4480.0,32,0.11525,4479.71,,,
2021-08-17,,,,,,,,
2021-08-18,,,,,,,,
2021-08-19,,,,,,,,
2021-08-20,,,,,,,,
2021-08-23,,,,,,,,
2021-08-24,,,,,,,,
2021-08-25,,,,,,,,
2021-08-26,,,,,,,,
2021-08-27,,,,,,,,
2021-08-30,,,,,,,,
2021-08-31,,,,,,,,
2021-09-01,,,,,,,,
2021-09-02,,,,,,,,
2021-09-03,,,,,,,,
2021-09-07,,,,,,,,
2021-09-08,,,,,,,,
2021-09-09,,,,,,,,
2021-09-10,,,,,,,,
2021-09-13,,,,,,,,
2021-09-14,,,,,,,,
2021-09-15,,,,,,,,
2021-09-16,,,,,,,,
2021-09-17,,,,,,,,
2021-09-20,,,,,,,,
2021-09-21,,,,,,,,
2021-09-22,,,,,,,,
2021-09-23,,,,,,,,
2021-09-24,,,,,,,,
2021-09-27,,,,,,,,
2021-09-28,,,,,,,,
2021-09-29,,,,,,,,
2021-09-30,,,,,,,,
2021-10-01,,,,,,,,
2021-10-04,,,,,,,,
2021-10-05,,,,,,,,
2021-10-06,,,,,,,,
2021-10-07,,,,,,,,
2021-10-08,,,,,,,,
2021-10-11,,,,,,,,
2021-10-12,,,,,,,,
2021-10-13,,,,,,,,
2021-10-14,,,,,,,,
2021-10-15,,,,,,,,
2021-10-18,,,,,,,,
2021-10-19,,,,,,,,
2021-10-20,,,,,,,,
2021-10-21,,,,,,,,
2021-10-22,,,,,,,,
2021-10-25,,,,,,,,
2021-10-26,,,,,,,,
2021-10-27,,,,,,,,
2021-10-28,,,,,,,,
2021-10-29,,,,,,,,
2021-11-01,,,,,,,,
2021-11-02,,,,,,,,
2021-11-03,,,,,,,,
2021-11-04,,,,,,,,
2021-11-05,,,,,,,,
2021-11-08,,,,,,,,
2021-11-09,,,,,,,,
2021-11-10,,,,,,,,
2021-11-11,,,,,,,,
2021-11-12,,,,,,,,
2021-11-15,,,,,,,,
2021-11-16,,,,,,,,
2021-11-17,,,,,,,,
2021-11-18,,,,,,,,
2021-11-19,,,,,,,,
2021-11-22,,,,,,,,
2021-11-23,,,,,,,,
2021-11-24,,,,,,,,
2021-11-26,2021-12-31,4600.0,35,0.2133,4594.62,,,
2021-11-29,,,,,,,,
2021-11-30,,,,,,,,
2021-12-01,,,,,,,,
2021-12-02,,,,,,,,
2021-12-03,,,,,,,,
2021-12-06,,,,,,,,
2021-12-07,,,,,,,,
2021-12-08,,,,,,,,
2021-12-09,,,,,,,,
2021-12-10,,,,,,,,
2021-12-13,,,,,,,,
2021-12-14,,,,,,,,
2021-12-15,,,,,,,,
2021-12-16,,,,,,,,
2021-12-17,,,,,,,,
2021-12-20,,,,,,,,
2021-12-21,,,,,,,,
2021-12-22,,,,,,,,
2021-12-23,,,,,,,,
2021-12-27,,,,,,,,
2021-12-28,,,,,,,,
2021-12-29,,,,,,,,
2021-12-30,,,,,,,,
2021-12-31,,,,,,,,
2022-01-03,2022-01-31,4800.0,28,0.11745,4796.56,,,
2022-01-04,2022-02-02,4790.0,29,0.12465000000000001,4793.54,,,
2022-01-05,2022-02-04,4700.0,30,0.15725,4700.58,,,
2022-01-06,2022-02-04,4695.0,29,0.15855000000000002,4696.05,,,
2022-01-07,2022-02-07,4680.0,31,0.14765,4677.030000000001,,,
2022-01-10,2022-02-07,4670.0,28,0.1526,4670.29,,,
2022-01-11,2022-02-09,4710.0,29,0.14605,4713.070000000001,,,
2022-01-12,2022-02-11,4725.0,30,0.14279999999999998,4726.35,,,
2022-01-13,2022-02-11,4660.0,29,0.16905000000000003,4659.030000000001,,,
2022-01-14,2022-02-14,4660.0,31,0.15865,4662.85,,,
2022-01-18,2022-02-16,4575.0,29,0.19740000000000002,4577.110000000001,,,
2022-01-19,2022-02-18,4535.0,30,0.2038,4532.76,,,
2022-01-20,2022-02-18,4480.0,29,0.22000000000000003,4482.7300000000005,,,
2022-01-21,2022-02-18,4400.0,28,0.24685,4397.9400000000005,,,
2022-01-24,2022-02-22,4420.0,29,0.24720000000000003,4410.13,,,
2022-01-25,2022-02-25,4355.0,31,0.26145,4356.45,,,
2022-01-26,2022-02-25,4350.0,30,0.26465,4349.93,,,
2022-01-27,2022-02-25,4325.0,29,0.2609,4326.51,,,
2022-01-28,2022-02-28,4430.0,31,0.2232,4431.85,,,
2022-01-31,2022-02-28,4515.0,28,0.19640000000000002,4515.55,,,
2022-02-01,2022-03-02,4550.0,29,0.17475000000000002,4546.54,,,
2022-02-02,2022-03-04,4590.0,30,0.17435,4589.38,,,
2022-02-03,2022-03-04,4480.0,29,0.2097,4477.4400000000005,,,
2022-02-04,2022-03-07,4500.0,31,0.19065000000000001,4500.530000000001,,,
2022-02-07,2022-03-07,4490.0,28,0.1895,4483.87,,,
2022-02-08,2022-03-09,4510.0,29,0.17975000000000002,4521.54,,,
2022-02-09,2022-03-11,4585.0,30,0.16405000000000003,4587.18,,,
2022-02-10,2022-03-11,4500.0,29,0.1998,4504.08,,,
2022-02-11,2022-03-14,4425.0,31,0.22855000000000003,4418.64,,,
2022-02-14,2022-03-14,4400.0,28,0.23620000000000002,4401.67,,,
2022-02-15,2022-03-18,4470.0,31,0.21745000000000003,4471.070000000001,,,
2022-02-16,2022-03-18,4475.0,30,0.2053,4475.01,,,
2022-02-17,2022-03-18,4380.0,29,0.24450000000000002,4380.26,,,
2022-02-18,2022-03-21,4350.0,31,0.24235,4348.87,,,
2022-02-22,2022-03-23,4300.0,29,0.25895,4304.76,,,
2022-02-23,2022-03-25,4225.0,30,0.27715,4225.5,,,
2022-02-24,2022-03-25,4290.0,29,0.25815,4288.7,,,
2022-02-25,2022-03-28,4400.0,31,0.2278,4384.650000000001,,,
2022-02-28,2022-03-31,4375.0,31,0.25195,4373.9400000000005,,,
2022-03-01,2022-03-31,4305.0,30,0.28875000000000006,4306.26,,,
2022-03-02,2022-04-01,4390.0,30,0.259,4386.54,,,
2022-03-03,2022-04-01,4360.0,29,0.26585000000000003,4363.49,,,
2022-03-04,2022-04-04,4330.0,31,0.26890000000000003,4328.87,,,
2022-03-07,2022-04-04,4200.0,28,0.3104,4201.09,,,
2022-03-08,2022-04-08,4165.0,31,0.30335,4170.7,,,
2022-03-09,2022-04-08,4280.0,30,0.27949999999999997,4277.88,,,
2022-03-10,2022-04-08,4260.0,29,0.26705,4259.52,,,
2022-03-11,2022-04-11,4230.0,31,0.26155,4204.31,,,
2022-03-14,2022-04-14,4175.0,31,0.27895000000000003,4173.110000000001,,,
2022-03-15,2022-04-14,4260.0,30,0.25905,4262.45,,,
2022-03-16,2022-04-14,4360.0,29,0.22515000000000002,4357.860000000001,,,
2022-03-17,2022-04-14,4410.0,28,0.21125,4411.67,,,
2022-03-18,2022-04-18,4460.0,31,0.1895,4463.12,,,
2022-03-21,2022-04-18,4460.0,28,0.1897,4461.18,,,
2022-03-22,2022-04-20,4540.0,29,0.17485,4511.610000000001,,,
2022-03-23,2022-04-22,4455.0,30,0.19335000000000002,4456.24,,,
2022-03-24,2022-04-22,4515.0,29,0.17755,4520.16,,,
2022-03-25,2022-04-25,4550.0,31,0.16245,4543.06,,,
2022-03-28,2022-04-25,4575.0,28,0.15245,4575.52,,,
2022-03-29,2022-04-27,4630.0,29,0.14815,4631.6,,,
2022-03-30,2022-04-29,4600.0,30,0.1598,4602.45,0.21323666666666666,0.04842864125479167,-1.1034104051263152
2022-03-31,2022-04-29,4530.0,29,0.17385,4530.41,0.2139425,0.047304488647341277,-0.8475411350261659
2022-04-01,2022-05-02,4550.0,31,0.15265,4545.860000000001,0.21476250000000002,0.0461425716380533,-1.346099660140669
2022-04-04,2022-05-02,4590.0,28,0.13845000000000002,4582.64,0.21468583333333333,0.046243460455366064,-1.648575443589818
2022-04-05,2022-05-04,4540.0,29,0.1659,4525.12,0.21435083333333335,0.046727289862968216,-1.0368851580183567
2022-04-06,2022-05-06,4480.0,30,0.18330000000000002,4481.150000000001,0.214655,0.046343571126379136,-0.6765771225202901
2022-04-07,2022-05-06,4500.0,29,0.17945,4500.21,0.21516666666666667,0.04581326751309044,-0.7796140420776837
2022-04-08,2022-05-09,4490.0,31,0.1723,4488.280000000001,0.21572333333333338,0.04515743596129954,-0.9615987358216636
2022-04-11,2022-05-09,4410.0,28,0.20440000000000003,4412.530000000001,0.21621500000000002,0.044505896866956884,-0.2654704394637638
2022-04-12,2022-05-11,4400.0,29,0.20555,4397.45,0.21680416666666666,0.0441031046330849,-0.25517855852315874
2022-04-13,2022-05-13,4445.0,30,0.18285,4446.59,0.2175858333333333,0.043465949162326135,-0.7991504615166758
2022-04-14,2022-05-13,4395.0,29,0.19525,4392.59,0.21734333333333333,0.0436207883369987,-0.5064863377215489
2022-04-18,2022-05-16,4390.0,28,0.1945,4391.6900000000005,0.21720083333333337,0.04367970720286118,-0.5197112065770986
2022-04-19,2022-05-18,4450.0,29,0.181,4462.21,0.21677583333333333,0.04377596032851381,-0.8172483953488617
2022-04-20,2022-05-20,4460.0,30,0.17765,4459.45,0.21567833333333333,0.04383461441491135,-0.8675411849955071
2022-04-21,2022-05-20,4395.0,29,0.1975,4393.66,0.21451916666666668,0.04390645882341718,-0.38762330469679385
2022-04-22,2022-05-23,4270.0,31,0.23875000000000002,4271.780000000001,0.21345333333333333,0.043522415680504974,0.5812330559123317
2022-04-25,2022-05-23,4300.0,28,0.23065000000000002,4296.12,0.2130216666666667,0.043132724183388,0.40869974403616843
2022-04-26,2022-05-27,4165.0,31,0.2806,4175.2,0.2125175,0.042738593309219315,1.5929981482407298
2022-04-27,2022-05-27,4185.0,30,0.26895,4183.96,0.2134741666666667,0.04361519958554591,1.2719380826063682
2022-04-28,2022-05-27,4285.0,29,0.24120000000000003,4287.5,0.21468333333333334,0.04413637731236996,0.600789377863936
2022-04-29,2022-05-27,4130.0,28,0.28590000000000004,4131.93,0.21579083333333335,0.043950672939514324,1.595178457521052
2022-05-02,2022-05-31,4155.0,29,0.2703,4155.38,0.21765,0.04452357973638656,1.1825194719680672
2022-05-03,2022-06-01,4180.0,29,0.2514,4175.4800000000005,0.21866000000000002,0.04502470395351527,0.7271563636221052
2022-05-04,2022-06-03,4300.0,30,0.22015,4300.17,0.21967250000000002,0.04506719129180564,0.010595290860444934
2022-05-05,2022-06-03,4145.0,29,0.274,4146.87,0.22018333333333334,0.04489276173836016,1.198782712017496
2022-05-06,2022-06-06,4120.0,31,0.25705,4123.34,0.22175416666666667,0.04510243923245741,0.782570387189461
2022-05-09,2022-06-06,3995.0,28,0.3036,3991.2400000000002,0.2233041666666667,0.04468182174228171,1.7970581816575888
2022-05-10,2022-06-08,3990.0,29,0.2943,4001.05,0.22503416666666667,0.04575299331845807,1.5139082344015622
2022-05-11,2022-06-10,3935.0,30,0.29564999999999997,3935.1800000000003,0.22613,0.04661784611359888,1.491274389438604
2022-05-12,2022-06-10,3930.0,29,0.29185,3930.0800000000004,0.22712083333333333,0.047459690560594084,1.3638767109959096
2022-05-13,2022-06-10,4025.0,28,0.26305,4023.8900000000003,0.22836083333333335,0.0481693684681024,0.7201499162198424
2022-05-16,2022-06-13,4005.0,28,0.24985000000000002,4008.01,0.22932333333333332,0.04827761304066258,0.4251798167688569
2022-05-17,2022-06-15,4090.0,29,0.24150000000000002,4088.8500000000004,0.22941250000000002,0.048311047816226194,0.25020156975233687
2022-05-18,2022-06-17,3925.0,30,0.27955,3923.6800000000003,0.22939833333333334,0.04830731422201644,1.0381795691678024
2022-05-19,2022-06-17,3900.0,29,0.26815,3900.79,0.22974166666666668,0.04859326448292339,0.7904044674098969
2022-05-20,2022-06-17,3900.0,28,0.26725,3901.36,0.2295916666666667,0.0484581447621069,0.7771311410745795
2022-05-23,2022-06-21,3980.0,29,0.25415,3973.75,0.22974333333333333,0.048563169997704915,0.502575648744102
2022-05-24,2022-06-22,3980.0,29,0.26085,3941.48,0.23018250000000004,0.04866433701422323,0.6301842762398413
2022-05-25,2022-06-24,3980.0,30,0.26155,3978.73,0.23033083333333335,0.04874530754614601,0.6404548096678275
2022-05-26,2022-06-24,4060.0,29,0.2477,4057.84,0.2298775,0.04831740082473006,0.3688629706024664
2022-05-27,2022-06-27,4150.0,31,0.2294,4158.24,0.22968916666666667,0.048223894397064274,-0.00599633584724085
2022-05-31,2022-06-30,4130.0,30,0.23865,4132.150000000001,0.22908166666666668,0.047989658107875005,0.19938323610943112
2022-06-01,2022-07-01,4100.0,30,0.23695,4101.2300000000005,0.22857750000000002,0.047722402109864406,0.1754417135316277
2022-06-02,2022-07-01,4175.0,29,0.22495,4176.820000000001,0.22735333333333335,0.04651471324239887,-0.051668239268917296
2022-06-03,2022-07-01,4110.0,28,0.22775,4108.54,0.22604666666666665,0.04543226180182291,0.037491713284347604
2022-06-06,2022-07-05,4135.0,29,0.221,4121.43,0.22518416666666669,0.044888249653120826,-0.09321296105328941
2022-06-07,2022-07-06,4170.0,29,0.21400000000000002,4160.68,0.22441666666666665,0.04455272221197234,-0.23380539166846762
2022-06-08,2022-07-08,4115.0,30,0.22139999999999999,4115.77,0.22362416666666668,0.04430321131918191,-0.05020328324831159
2022-06-09,2022-07-08,4020.0,29,0.24185,4017.82,0.222665,0.043704030861687344,0.4389755274682987
2022-06-10,2022-07-08,3900.0,28,0.26095,3900.86,0.22237833333333332,0.043517337638477385,0.8863517108308161
2022-06-13,2022-07-15,3750.0,32,0.31020000000000003,3749.63,0.222975,0.04380048999416344,1.9914160780307035
2022-06-14,2022-07-13,3740.0,29,0.2925,3735.48,0.22462416666666668,0.04519225080909434,1.5019352238077548
2022-06-15,2022-07-15,3790.0,30,0.2751,3789.9900000000002,0.22634083333333335,0.0457877634194421,1.0648951384675596
2022-06-16,2022-07-15,3665.0,29,0.29610000000000003,3666.77,0.22776416666666666,0.04595649941277985,1.4869677674868802
2022-06-17,2022-07-18,3670.0,31,0.27285000000000004,3674.84,0.22978500000000002,0.04625515848465635,0.9310312927429584
2022-06-21,2022-07-20,3750.0,29,0.27015,3764.79,0.23111,0.04633236394953899,0.8426075570527508
2022-06-22,2022-07-22,3760.0,30,0.26275000000000004,3759.8900000000003,0.23265333333333332,0.04605949070078628,0.6534302965306765
2022-06-23,2022-07-22,3800.0,29,0.25980000000000003,3795.73,0.234325,0.04528193367060589,0.5625863989226404
2022-06-24,2022-07-25,3900.0,31,0.23835,3911.7400000000002,0.23611416666666668,0.04409737884872164,0.05070218211843086
2022-06-27,2022-07-25,3900.0,28,0.23470000000000002,3900.11,0.2376175,0.04255840535693769,-0.06855285050111473
2022-06-28,2022-07-27,3820.0,29,0.25660000000000005,3821.55,0.23886583333333336,0.041317559458815656,0.42921621942224536
2022-06-29,2022-07-29,3820.0,30,0.25965000000000005,3818.8300000000004,0.240245,0.04048322910765703,0.4793342929339049
2022-06-30,2022-07-29,3785.0,29,0.26345,3785.38,0.24202833333333335,0.03888432908026828,0.5509074522655715
2022-07-01,2022-08-01,3825.0,31,0.24425000000000002,3825.3300000000004,0.24411166666666667,0.03651734480697373,0.0037881542062974368
2022-07-05,2022-08-03,3850.0,29,0.25175000000000003,3831.3900000000003,0.24541749999999998,0.03504430951291931,0.18069980798638735
2022-07-06,2022-08-05,3845.0,30,0.25234999999999996,3845.0800000000004,0.24655833333333335,0.03408900136589942,0.169898396391871
2022-07-07,2022-08-05,3905.0,29,0.24005000000000004,3902.6200000000003,0.24777333333333335,0.032936246154266914,-0.23449343003931675
2022-07-08,2022-08-08,3900.0,31,0.2229,3899.38,0.2489025,0.03143190302133124,-0.8272645783601913
2022-07-11,2022-08-08,3850.0,28,0.2388,3854.4300000000003,0.24921083333333333,0.031076684938252528,-0.3350046298058819
2022-07-12,2022-08-10,3830.0,29,0.2475,3818.8,0.24976500000000001,0.030577368250922797,-0.07407439323793542
2022-07-13,2022-08-12,3800.0,30,0.24935000000000002,3801.78,0.2508425,0.02929146463432186,-0.05095340976057551
2022-07-14,2022-08-12,3790.0,29,0.24680000000000002,3790.38,0.25174416666666666,0.02836933336483202,-0.17427856351378576
2022-07-15,2022-08-15,3875.0,31,0.21605000000000002,3863.1600000000003,0.2526158333333333,0.027366405069216324,-1.3361577174952053
2022-07-18,2022-08-15,3830.0,28,0.2303,3830.8500000000004,0.2532,0.026159240192666657,-0.8754076888830907
2022-07-19,2022-08-17,3925.0,29,0.22495,3936.69,0.2540775,0.02440632459189104,-1.1934406547095404
2022-07-20,2022-08-19,3960.0,30,0.22045,3959.9,0.254535,0.023570770285767213,-1.4460706878375382
2022-07-21,2022-08-19,4000.0,29,0.2061,3998.9500000000003,0.25423,0.023894659711154374,-2.0142576032389456
2022-07-22,2022-08-22,3960.0,31,0.20190000000000002,3961.63,0.25382083333333333,0.024507614333319636,-2.118559261916558
2022-07-25,2022-08-22,3960.0,28,0.2053,3966.84,0.2525091666666667,0.025147762463505648,-1.8772710588139383
2022-07-26,2022-08-24,3920.0,29,0.22035,3921.05,0.2514483333333334,0.025777098570911015,-1.2064326498106073
2022-07-27,2022-08-26,4025.0,30,0.2061,4023.61,0.25110083333333333,0.026056621026023012,-1.7270402516270447
2022-07-28,2022-08-26,4070.0,29,0.20135,4072.4300000000003,0.24977083333333333,0.026285867008309437,-1.8420862175870643
2022-07-29,2022-08-29,4130.0,31,0.18380000000000002,4130.29,0.24862166666666666,0.026873765429533344,-2.41207979717758
2022-08-01,2022-08-31,4120.0,30,0.1997,4118.63,0.24749500000000005,0.028142411296108255,-1.6983263977315801
2022-08-02,2022-08-31,4090.0,29,0.21155000000000002,4091.19,0.2471541666666667,0.028599326310168212,-1.2449302574658192
2022-08-03,2022-09-02,4155.0,30,0.19525,4155.17,0.24611333333333332,0.028741785660216942,-1.7696650422014664
2022-08-04,2022-09-02,4150.0,29,0.19075000000000003,4151.9400000000005,0.24508333333333335,0.029442025288817068,-1.84543463978243
2022-08-05,2022-09-02,4145.0,28,0.18610000000000002,4145.1900000000005,0.24320250000000004,0.029244381504423555,-1.9525972874947828
2022-08-08,2022-09-06,4140.0,29,0.18345,4140.06,0.2413991666666667,0.029375828140748666,-1.9726819747519742
2022-08-09,2022-09-07,4120.0,29,0.19075000000000003,4122.47,0.23952916666666668,0.029434948805088675,-1.6571853747621865
2022-08-10,2022-09-09,4210.0,30,0.17265,4210.24,0.2378441666666667,0.029282418065596304,-2.2263928655285077
2022-08-11,2022-09-09,4205.0,29,0.1765,4207.27,0.2363375,0.030272458570148462,-1.976631658817613
2022-08-12,2022-09-12,4275.0,31,0.1638,4280.150000000001,0.23511500000000002,0.031184837553213874,-2.28684853266617
2022-08-15,2022-09-12,4300.0,28,0.16615000000000002,4297.14,0.23382000000000003,0.03250074079990135,-2.0821063869475065
2022-08-16,2022-09-14,4300.0,29,0.1714,4305.2,0.23193000000000003,0.03308828995586489,-1.8293480890290346
2022-08-17,2022-09-16,4275.0,30,0.18035,4274.04,0.2303175,0.03364602480486352,-1.4850937158192077
2022-08-18,2022-09-16,4285.0,29,0.1729,4283.74,0.22886916666666668,0.03389868390483952,-1.651071965619181
2022-08-19,2022-09-19,4230.0,31,0.17800000000000002,4228.4800000000005,0.227515,0.03448938094986753,-1.4356592851571652
2022-08-22,2022-09-19,4140.0,28,0.20345000000000002,4137.99,0.2261341666666667,0.034789350956460116,-0.6520433995752484
2022-08-23,2022-09-21,4125.0,29,0.21315,4128.7300000000005,0.22516583333333334,0.034594911808278964,-0.3473294974684054
2022-08-24,2022-09-23,4140.0,30,0.20735,4140.77,0.22459,0.034500887731148136,-0.499697287047932
2022-08-25,2022-09-23,4200.0,29,0.19435000000000002,4199.12,0.22422250000000002,0.03456615914519354,-0.8642123029788168
2022-08-26,2022-09-26,4060.0,31,0.22425,4057.6600000000003,0.22348416666666668,0.03472552118151265,0.02205390465791036
2022-08-29,2022-09-26,4025.0,28,0.23265000000000002,4030.61,0.2232725,0.03468072710637882,0.27039513823443484
2022-08-30,2022-09-28,3990.0,29,0.23450000000000001,3986.1600000000003,0.22340083333333335,0.03470128031104889,0.319848909526623
2022-08-31,2022-09-30,3955.0,30,0.2365,3955.0,0.22351333333333334,0.03472655149206546,0.3739693723874057
2022-09-01,2022-09-30,3965.0,29,0.23055,3966.8500000000004,0.22377166666666667,0.03476516906655264,0.19497484163983902
2022-09-02,2022-10-03,3925.0,31,0.2273,3924.26,0.2240475,0.034751977659856804,0.09359179589244111
2022-09-06,2022-10-05,3910.0,29,0.24220000000000003,3908.19,0.22414583333333335,0.034752706627511086,0.5195039010968591
2022-09-07,2022-10-07,3980.0,30,0.2227,3979.8700000000003,0.2241516666666667,0.03475575792641484,-0.04176765961312553
2022-09-08,2022-10-07,4005.0,29,0.21515,4006.1800000000003,0.22351416666666665,0.0344185123272231,-0.24301360230642685
2022-09-09,2022-10-10,4070.0,31,0.1995,4067.36,0.22193000000000002,0.03249468170305797,-0.6902668013482708
2022-09-12,2022-10-10,4100.0,28,0.21255000000000002,4110.41,0.22038,0.03126626654605268,-0.2504296439892182
2022-09-13,2022-10-12,3950.0,29,0.2363,3932.69,0.21933750000000002,0.03044277992523467,0.5571928727159182
2022-09-14,2022-10-14,3945.0,30,0.23845000000000002,3946.01,0.21834083333333335,0.028822852414840616,0.6976813528806974
2022-09-15,2022-10-14,3900.0,29,0.24575000000000002,3901.3500000000004,0.2177675,0.028052027669242238,0.997521474381032
2022-09-16,2022-10-17,3875.0,31,0.24260000000000004,3873.3300000000004,0.21736083333333334,0.02745017997481469,0.9194535951976791
2022-09-19,2022-10-18,3900.0,29,0.2411,3899.8900000000003,0.21702500000000002,0.027005116432989546,0.8914977300594001
2022-09-20,2022-10-21,3855.0,31,0.25735,3855.9300000000003,0.21671333333333334,0.026608071711907058,1.5272308007378774
2022-09-21,2022-10-21,3790.0,30,0.2665,3789.9300000000003,0.21703,0.026980393383319007,1.8335536957213348
2022-09-22,2022-10-21,3760.0,29,0.2591,3757.9900000000002,0.21756,0.02763771495865013,1.5030186128683076
2022-09-23,2022-10-24,3690.0,31,0.2701,3693.23,0.21760166666666667,0.027699385000005523,1.8952887702496959
2022-09-26,2022-10-25,3675.0,29,0.29015,3655.04,0.21777583333333336,0.027999483184798588,2.584839376819636
2022-09-27,2022-10-26,3650.0,29,0.2926,3647.29,0.21822083333333334,0.02893426256432402,2.570625966406218
2022-09-28,2022-10-28,3720.0,30,0.27355,3719.04,0.21902666666666668,0.03031196058987705,1.7987399123084733
2022-09-29,2022-10-28,3640.0,29,0.28790000000000004,3640.4700000000003,0.21939,0.03083695202463258,2.2216852023920586
2022-09-30,2022-10-31,3585.0,31,0.27815,3585.6200000000003,0.2199825,0.03180724097418433,1.8287502536674094
2022-10-03,2022-11-02,3675.0,30,0.27215,3678.4300000000003,0.2206175,0.03258545327029391,1.5814572095266484
2022-10-04,2022-11-03,3775.0,30,0.2621,3790.9300000000003,0.22143833333333335,0.033257306278530054,1.2226386083745044
2022-10-05,2022-11-04,3785.0,30,0.25925000000000004,3783.28,0.2218266666666667,0.033597758282092584,1.1138639970893462
2022-10-06,2022-11-04,3750.0,29,0.27455,3744.52,0.2220225,0.03378366798406631,1.5548193294101165
2022-10-07,2022-11-07,3640.0,31,0.2766,3639.6600000000003,0.22244250000000002,0.034282129338026136,1.5797589311329
2022-10-10,2022-11-09,3610.0,30,0.29385000000000006,3612.3900000000003,0.22293916666666666,0.034852119906910256,2.034620376686861
2022-10-11,2022-11-10,3590.0,30,0.30810000000000004,3588.84,0.22423583333333336,0.03601919226132358,2.3283189155998296
2022-10-12,2022-11-11,3575.0,30,0.309,3577.03,0.2255325,0.037606592940960755,2.219491144306454
2022-10-13,2022-11-11,3670.0,29,0.29855,3669.9100000000003,0.22693333333333332,0.03911951230444793,1.8307147110963287
2022-10-14,2022-11-14,3560.0,31,0.29500000000000004,3583.07,0.22823500000000002,0.04018497305364324,1.661441950225396
2022-10-17,2022-11-16,3700.0,30,0.28800000000000003,3677.9500000000003,0.22971666666666668,0.04098593771521496,1.4220324477704263
2022-10-18,2022-11-17,3720.0,30,0.2881,3719.98,0.2311516666666667,0.041499561940373984,1.3722634811219436
2022-10-19,2022-11-18,3695.0,30,0.28500000000000003,3695.1600000000003,0.23253166666666666,0.04199902033428336,1.2492751715568948
2022-10-20,2022-11-18,3665.0,29,0.28295000000000003,3665.78,0.23360916666666667,0.042507430548507134,1.160757841550275
2022-10-21,2022-11-21,3750.0,31,0.2736,3752.75,0.23489000000000002,0.042821139441295196,0.9039927593021833
2022-10-24,2022-11-23,3800.0,30,0.28055,3797.34,0.2360941666666667,0.042877808344717515,1.0368028369344169
2022-10-25,2022-11-23,3860.0,29,0.26775,3859.11,0.23770666666666668,0.042696705770068705,0.7036452295669687
2022-10-26,2022-11-25,3830.0,30,0.25805,3830.6000000000004,0.23884083333333334,0.0425736505321398,0.4511984860721595
2022-10-27,2022-11-25,3810.0,29,0.25435,3807.3,0.23961583333333333,0.04249159287900936,0.3467548676892575
2022-10-28,2022-11-28,3900.0,31,0.24015,3901.0600000000004,0.24060083333333335,0.0421291693019628,-0.010701215827494143
2022-10-31,2022-11-30,3870.0,30,0.24225000000000002,3871.98,0.24142416666666666,0.041618031550533986,0.019843161787471975
2022-11-01,2022-12-01,3860.0,30,0.24180000000000001,3856.1000000000004,0.24236000000000002,0.04097931350807648,-0.013665431459451764
2022-11-02,2022-12-02,3760.0,30,0.2459,3759.69,0.24333250000000003,0.04024335383069324,0.06379935456675988
2022-11-03,2022-12-02,3720.0,29,0.24525000000000002,3719.8900000000003,0.24425166666666667,0.03964740888221379,0.025180292016036717
2022-11-04,2022-12-05,3770.0,31,0.22920000000000001,3770.55,0.24546166666666666,0.038516880920178465,-0.422195834090693
2022-11-07,2022-12-07,3810.0,30,0.2293,3806.8,0.24634,0.037505231047577914,-0.45433662249363593
2022-11-08,2022-12-08,3825.0,30,0.23825000000000002,3828.11,0.24743166666666666,0.03598443751037178,-0.25515659829392123
2022-11-09,2022-12-09,3750.0,30,0.24505,3748.57,0.24863333333333335,0.0343927609483408,-0.10418859185849179
2022-11-10,2022-12-09,3960.0,29,0.22260000000000002,3956.3700000000003,0.24986083333333334,0.03287013622159163,-0.8293495697601129
2022-11-11,2022-12-12,4000.0,31,0.19845000000000002,3992.9300000000003,0.25056500000000004,0.031790615687065794,-1.639320248245564
2022-11-14,2022-12-14,3960.0,30,0.22605000000000003,3957.25,0.2509908333333334,0.030891058565445554,-0.8073803388930134
2022-11-15,2022-12-15,3990.0,30,0.22975,3991.73,0.2517916666666667,0.02956093844790631,-0.745634875750293
2022-11-16,2022-12-16,3960.0,30,0.2273,3958.79,0.25223000000000007,0.029022050646513847,-0.8590020155241744
2022-11-17,2022-12-16,3945.0,29,0.22615000000000002,3946.5600000000004,0.25246583333333333,0.028755370156774335,-0.9151623919239898
2022-11-18,2022-12-19,3970.0,31,0.21245,3965.34,0.25277916666666667,0.028355073517962185,-1.4222910281336147
2022-11-21,2022-12-21,3950.0,30,0.20905,3949.94,0.25308083333333337,0.02781403604277348,-1.5830436570090392
2022-11-22,2022-12-22,4000.0,30,0.19840000000000002,4003.5800000000004,0.25282750000000004,0.028148294383406536,-1.9335985072006747
2022-11-23,2022-12-23,4025.0,30,0.19030000000000002,4027.26,0.2522566666666667,0.028901625176676618,-2.143708746062668
2022-11-25,2022-12-23,4025.0,28,0.19090000000000001,4026.1200000000003,0.25152,0.029907683101079198,-2.02690391613159
2022-11-28,2022-12-28,3960.0,30,0.2051,3963.94,0.25076,0.03086005289053765,-1.479582687753601
2022-11-29,2022-12-29,3950.0,30,0.20405,3957.63,0.25033583333333337,0.03131410724981809,-1.4781144154637282
2022-11-30,2022-12-30,4080.0,30,0.19215000000000002,4080.11,0.24994833333333336,0.0317448901088443,-1.8207129756996832
2022-12-01,2022-12-30,4075.0,29,0.1855,4076.57,0.2491141666666667,0.03259806728656181,-1.9514704999977384
2022-12-02,2022-12-30,4070.0,28,0.17645,4071.7000000000003,0.24849416666666668,0.03345155755243121,-2.1536864629919337
2022-12-05,2023-01-04,4000.0,30,0.18945,3998.84,0.24784916666666668,0.03446318656345269,-1.6945376353734354
2022-12-06,2023-01-05,3940.0,30,0.20605,3941.26,0.2476816666666667,0.03472558277221648,-1.1988759681803143
2022-12-07,2023-01-06,3935.0,30,0.2137,3933.92,0.24757333333333337,0.03484696746121446,-0.9720597171342162
2022-12-08,2023-01-06,3965.0,29,0.20740000000000003,3963.51,0.24719666666666668,0.035092169036461944,-1.1340611811517427
2022-12-09,2023-01-09,3930.0,31,0.2058,3934.38,0.24667916666666667,0.03545045754248812,-1.1531350933248778
2022-12-12,2023-01-11,4010.0,30,0.2159,3990.5600000000004,0.24601333333333333,0.03584122338572321,-0.8401870943202374
2022-12-13,2023-01-12,4020.0,30,0.2097,4019.65,0.24556833333333333,0.03604946809201928,-0.994975383319843
2022-12-14,2023-01-13,3995.0,30,0.1978,3995.32,0.24504500000000004,0.036342164776991044,-1.3000051122411893
2022-12-15,2023-01-13,3895.0,29,0.21115,3895.75,0.2440525,0.03681055419881274,-0.8938333235162543
2022-12-16,2023-01-13,3850.0,28,0.2117,3852.36,0.24313,0.03693182473106499,-0.8510275413920411
2022-12-19,2023-01-18,3825.0,30,0.20655,3817.6600000000003,0.24234000000000003,0.03709104213660844,-0.9649230093935725
2022-12-20,2023-01-19,3825.0,30,0.2032,3821.6200000000003,0.24128083333333333,0.03719212041989116,-1.0238951934820817
2022-12-21,2023-01-20,3880.0,30,0.19285000000000002,3878.44,0.2398316666666667,0.036948870956657824,-1.2715318614681794
2022-12-22,2023-01-20,3820.0,29,0.2087,3822.3900000000003,0.23816916666666668,0.03677804947278471,-0.8012705156773878
2022-12-23,2023-01-23,3845.0,31,0.1937,3844.82,0.23708833333333335,0.036673411333963145,-1.1831005558283454
2022-12-27,2023-01-27,3825.0,31,0.20755,3829.25,0.23551833333333333,0.03647711956024529,-0.7667363451530503
2022-12-28,2023-01-27,3785.0,30,0.21445000000000003,3783.2200000000003,0.2343416666666667,0.0362163767697389,-0.5492450775276733
2022-12-29,2023-01-27,3850.0,29,0.2032,3849.28,0.23338,0.03596058364753256,-0.839252229491298
2022-12-30,2023-01-30,3840.0,31,0.19990000000000002,3839.5,0.23239833333333335,0.03596722256263411,-0.9035541534167675
2023-01-03,2023-02-02,3820.0,30,0.21715,3824.1400000000003,0.2314091666666667,0.03603229423874291,-0.39573296588300055
2023-01-04,2023-02-03,3850.0,30,0.21275,3852.9700000000003,0.23045250000000003,0.03562719565044734,-0.496881656745772
2023-01-05,2023-02-03,3810.0,29,0.21800000000000003,3808.1000000000004,0.22938833333333336,0.03517615882551012,-0.32375147581703534
2023-01-06,2023-02-06,3895.0,31,0.1965,3895.0800000000004,0.22812416666666666,0.03416879026403107,-0.925527840532209
2023-01-09,2023-02-08,3900.0,30,0.20550000000000002,3892.09,0.22626416666666668,0.032749497462397,-0.6340300852099517
2023-01-10,2023-02-09,3920.0,30,0.19565,3919.25,0.2245391666666667,0.030996621045574272,-0.9320101898910539
2023-01-11,2023-02-10,3970.0,30,0.2002,3969.61,0.22282416666666668,0.029649691300400408,-0.7630489787379731
2023-01-12,2023-02-10,3985.0,29,0.175,3983.17,0.2212441666666667,0.028230247469250805,-1.6381070239301716
2023-01-13,2023-02-13,4000.0,31,0.16185,3999.09,0.21936083333333334,0.027460057420389226,-2.0943449772479816
2023-01-17,2023-02-16,4000.0,30,0.17755,3990.9700000000003,0.21725666666666668,0.026935579876379803,-1.4741344663415252
2023-01-18,2023-02-17,3930.0,30,0.18864999999999998,3928.86,0.21546583333333336,0.025907605538094694,-1.0350564159201519
2023-01-19,2023-02-17,3900.0,29,0.1916,3898.8500000000004,0.21389416666666666,0.024570136709791694,-0.9073684420234421
2023-01-20,2023-02-17,3975.0,28,0.18359999999999999,3972.61,0.21252750000000004,0.023447735651942823,-1.2337012165864805
2023-01-23,2023-02-22,4025.0,30,0.1753,4019.8100000000004,0.2109116666666667,0.021974972988677552,-1.6205556514228863
2023-01-24,2023-02-23,4000.0,30,0.17635,4016.9500000000003,0.2093708333333333,0.021147669446598585,-1.561440773259505
2023-01-25,2023-02-24,4015.0,30,0.1729,4016.2200000000003,0.2080091666666667,0.020582894600644563,-1.705744859888037
2023-01-26,2023-02-24,4060.0,29,0.16910000000000003,4060.4300000000003,0.20665166666666668,0.020156291793632493,-1.8630245608237064
2023-01-27,2023-02-27,4060.0,31,0.1641,4070.5600000000004,0.20546750000000003,0.02024181949222777,-2.0436650971956283
2023-01-30,2023-03-01,4020.0,30,0.1809,4017.77,0.204165,0.020348935548723468,-1.143303046210664
2023-01-31,2023-03-01,4100.0,29,0.16855,4076.6000000000004,0.20315,0.019954917409339464,-1.733908454254299
2023-02-01,2023-03-03,4120.0,30,0.15995,4119.21,0.20186083333333332,0.019642398563507548,-2.133692237117975
2023-02-02,2023-03-03,4180.0,29,0.1578,4179.76,0.20043916666666667,0.019535380965399078,-2.1826636881148542
2023-02-03,2023-03-06,4125.0,31,0.1572,4136.4800000000005,0.19924916666666667,0.01992451111976356,-2.1104240106025576
2023-02-06,2023-03-08,4110.0,30,0.1686,4111.08,0.19804750000000002,0.02025290191594649,-1.453989167686335
2023-02-07,2023-03-09,4170.0,30,0.16025,4164.0,0.19688666666666668,0.019902595152022525,-1.8407984680803606
2023-02-08,2023-03-10,4120.0,30,0.1768,4117.860000000001,0.19547333333333333,0.019429739712892073,-0.9610696596693542
2023-02-09,2023-03-10,4080.0,29,0.18945,4081.5,0.19471000000000002,0.019244743504198056,-0.27332138767412495
2023-02-10,2023-03-13,4090.0,31,0.18595,4090.46,0.19456,0.019250172352299113,-0.44726872271206886
2023-02-13,2023-03-15,4130.0,30,0.1911,4137.29,0.19389166666666666,0.018829876563919108,-0.1482573004230904
2023-02-14,2023-03-16,4150.0,30,0.17345,4136.13,0.1932475,0.018234056014195366,-1.0857430724457289
2023-02-15,2023-03-17,4150.0,30,0.16825,4147.6,0.19235,0.017850796402496736,-1.350079820339511
2023-02-16,2023-03-17,4090.0,29,0.18460000000000001,4090.4100000000003,0.191385,0.017555192143250423,-0.38649534249664513
2023-02-17,2023-03-20,4080.0,31,0.1769,4079.09,0.19092083333333335,0.01735583546584591,-0.8078454857978211
2023-02-21,2023-03-23,4000.0,30,0.2142,3997.34,0.19038500000000003,0.017282776034469333,1.3779615006583759
2023-02-22,2023-03-24,3990.0,30,0.20965,3991.05,0.19064833333333334,0.01752563247889534,1.084221450469693
2023-02-23,2023-03-24,4010.0,29,0.19820000000000002,4012.32,0.19097083333333334,0.01769631842317672,0.4085124653497813
2023-02-24,2023-03-27,3970.0,31,0.19990000000000002,3970.04,0.1910925,0.017720900771477248,0.4970119811390273
2023-02-27,2023-03-29,3990.0,30,0.19545,3982.2400000000002,0.19100583333333335,0.01766385779424024,0.25159660581709403
2023-02-28,2023-03-30,3975.0,30,0.193,3970.15,0.19086250000000002,0.01759095883194316,0.12151128431490228
2023-03-01,2023-03-31,3950.0,30,0.19885000000000003,3951.3900000000003,0.19087666666666667,0.01759235549184398,0.45322716091258447
2023-03-02,2023-03-31,3980.0,29,0.18985000000000002,3981.3500000000004,0.19109916666666668,0.01760761702388735,-0.07094467496493036
2023-03-03,2023-03-31,4045.0,28,0.1768,4045.6400000000003,0.1913225,0.017503332430895586,-0.8296991477100641
2023-03-06,2023-04-05,4050.0,30,0.1748,4048.42,0.19111166666666668,0.017602177173376546,-0.9266846087277325
2023-03-07,2023-04-06,3990.0,30,0.1856,3986.3700000000003,0.19059083333333332,0.017614998644901663,-0.28332862431288564
2023-03-08,2023-04-06,3990.0,29,0.1826,3992.01,0.19012250000000003,0.017361908981289375,-0.43327608779120325
2023-03-09,2023-04-06,3920.0,28,0.21305000000000002,3918.32,0.18970916666666668,0.01723837975512552,1.3540038950814601
2023-03-10,2023-04-10,3860.0,31,0.2179,3861.59,0.18983000000000003,0.017377925799264598,1.6152675712994387
2023-03-13,2023-04-12,3860.0,30,0.24305000000000002,3855.76,0.18986333333333336,0.01743061758454162,3.051335754955428
2023-03-14,2023-04-13,3925.0,30,0.20975,3919.29,0.19041916666666667,0.01856849457600722,1.041055496136512
2023-03-15,2023-04-14,3890.0,30,0.229,3891.9300000000003,0.19061833333333336,0.018712533112334805,2.0511208416441744
2023-03-16,2023-04-14,3960.0,29,0.2006,3960.28,0.19091583333333334,0.01918052837607221,0.5048957190745432
2023-03-17,2023-04-17,3920.0,31,0.2209,3916.6400000000003,0.19073083333333332,0.019029600251567656,1.5853809994869104
2023-03-20,2023-04-19,3950.0,30,0.2119,3951.57,0.19097,0.0193197519021162,1.0833472451428026
2023-03-21,2023-04-20,4000.0,30,0.19190000000000002,4002.8700000000003,0.191115,0.019445336899078007,0.040369575702091764
2023-03-22,2023-04-21,3935.0,30,0.20600000000000002,3936.9700000000003,0.19109916666666665,0.019444286973400574,0.766334777599067
2023-03-23,2023-04-21,3950.0,29,0.20405,3948.7200000000003,0.19105416666666666,0.019405949401540282,0.6696829443604467
2023-03-24,2023-04-24,3970.0,31,0.19230000000000003,3970.9900000000002,0.19122666666666668,0.019475742118683095,0.05511129315599703
2023-03-27,2023-04-26,3980.0,30,0.1837,3977.53,0.1909725,0.019358260237086908,-0.37567942113244246
2023-03-28,2023-04-27,3970.0,30,0.1817,3971.27,0.19046,0.019131892355037598,-0.45787420488456826
2023-03-29,2023-04-28,4030.0,30,0.17335,4027.8100000000004,0.19010166666666667,0.01909053134424629,-0.8774856165391889
2023-03-30,2023-04-28,4050.0,29,0.16875,4050.8300000000004,0.18965916666666666,0.01916711407608485,-1.0908875787803332
2023-03-31,2023-05-01,4110.0,31,0.159,4109.31,0.1888525,0.01900834880131735,-1.5704941187701225
2023-04-03,2023-05-03,4120.0,30,0.16375,4124.51,0.18795666666666666,0.019129200472954,-1.2654301313267888
2023-04-04,2023-05-03,4100.0,29,0.1665,4100.6,0.1870525,0.018966501301246094,-1.0836210471063372
2023-04-05,2023-05-05,4090.0,30,0.17335,4090.38,0.18655249999999998,0.01910812770764121,-0.6909363492855655
2023-04-06,2023-05-05,4105.0,29,0.16765000000000002,4105.02,0.18601666666666666,0.019018360144840832,-0.9657334558179047
2023-04-10,2023-05-10,4110.0,30,0.17020000000000002,4109.110000000001,0.18555000000000002,0.01912122345564421,-0.8027728997366528
2023-04-11,2023-05-11,4110.0,30,0.17145000000000002,4108.9400000000005,0.18505,0.019123882486460027,-0.7111526652409081
2023-04-12,2023-05-12,4090.0,30,0.17185,4091.9500000000003,0.18499083333333335,0.01916095847817275,-0.68581294345493
2023-04-13,2023-05-12,4145.0,29,0.15715,4146.22,0.1851575,0.018999069613705847,-1.47415113315841
2023-04-14,2023-05-15,4140.0,31,0.14750000000000002,4137.64,0.1848175,0.019317386620541038,-1.9318089311479958
2023-04-17,2023-05-17,4150.0,30,0.14595000000000002,4151.320000000001,0.18413166666666667,0.019900689807196642,-1.9186102108309377
2023-04-18,2023-05-18,4150.0,30,0.14400000000000002,4154.87,0.18337083333333334,0.0204746811230455,-1.922903370105191
2023-04-19,2023-05-19,4155.0,30,0.14155,4154.52,0.18271083333333335,0.02109599345780501,-1.9511208806383482
2023-04-20,2023-05-19,4130.0,29,0.14955000000000002,4129.79,0.18214833333333333,0.021737152774327726,-1.499659760952363
2023-04-21,2023-05-22,4130.0,31,0.14145000000000002,4133.52,0.18170166666666668,0.022130117844675147,-1.8188636386476287
2023-04-24,2023-05-24,4140.0,30,0.14365,4137.04,0.1811775,0.022707061219745906,-1.6526797385549097
2023-04-25,2023-05-25,4060.0,30,0.17370000000000002,4071.63,0.18075333333333335,0.02316948582611034,-0.3044233862706064
2023-04-26,2023-05-26,4055.0,30,0.16945000000000002,4055.9900000000002,0.18091333333333334,0.023085529745184956,-0.49655924987921407
2023-04-27,2023-05-26,4135.0,29,0.14695000000000003,4135.35,0.1807225,0.02313291811302087,-1.459932544393973
2023-04-28,2023-05-26,4170.0,28,0.13315,4169.4800000000005,0.18036250000000004,0.023490863036219865,-2.009823986764747
2023-05-01,2023-05-31,4170.0,30,0.13105,4167.87,0.17991583333333336,0.02413162966194457,-2.0249702990591834
2023-05-02,2023-06-01,4120.0,30,0.1502,4119.58,0.17947,0.024785394482658877,-1.1809374275030713
2023-05-03,2023-06-02,4090.0,30,0.16660000000000003,4090.75,0.17935333333333334,0.024908168401296484,-0.5120140962540423
2023-05-04,2023-06-02,4060.0,29,0.1753,4061.2200000000003,0.17932,0.024924136079752773,-0.1612894419745068
2023-05-05,2023-06-05,4135.0,31,0.14165,4136.25,0.17957083333333335,0.024804408253076934,-1.5287941137894048
2023-05-08,2023-06-07,4140.0,30,0.14100000000000001,4138.12,0.178985,0.025281460179617,-1.5024844186264656
2023-05-09,2023-06-08,4125.0,30,0.1506,4119.17,0.1781775,0.025711634946268394,-1.0725688995519276
2023-05-10,2023-06-09,4140.0,30,0.14175,4137.64,0.17758833333333338,0.025934559703331195,-1.3818755260660966
2023-05-11,2023-06-09,4130.0,29,0.14065,4130.62,0.17676583333333337,0.026279047675884556,-1.3743204768594306
2023-05-12,2023-06-12,4125.0,31,0.1353,4124.08,0.17621916666666668,0.026687183637098665,-1.5332890582647956
2023-05-15,2023-06-14,4140.0,30,0.14075000000000001,4136.28,0.17567000000000005,0.027188268905939852,-1.2843774688564678
2023-05-16,2023-06-15,4110.0,30,0.15315,4109.900000000001,0.17493916666666667,0.027531347451843418,-0.7914311751278896
2023-05-17,2023-06-16,4160.0,30,0.1396,4158.77,0.17454333333333333,0.027673046402142677,-1.2627208737895848
2023-05-18,2023-06-16,4200.0,29,0.13190000000000002,4198.05,0.17329999999999998,0.02753662737986676,-1.503452090515243
2023-05-19,2023-06-16,4190.0,28,0.13855,4191.9800000000005,0.17200416666666665,0.02762631129132104,-1.2109530770825876
2023-05-22,2023-06-21,4190.0,30,0.1397,4192.63,0.17101,0.027740696715066272,-1.128666677754896
2023-05-23,2023-06-22,4130.0,30,0.15735,4145.58,0.17000666666666667,0.02776673791541379,-0.45582115930300715
2023-05-24,2023-06-23,4115.0,30,0.16865000000000002,4115.24,0.16937166666666667,0.02761022496465523,-0.026137659783304113
2023-05-25,2023-06-23,4150.0,29,0.1557,4151.28,0.16896583333333334,0.027435436523953607,-0.48352915113091316
2023-05-26,2023-06-26,4205.0,31,0.1392,4205.45,0.16824666666666666,0.027203369162390727,-1.0677598974330114
2023-05-30,2023-06-29,4210.0,30,0.13935,4205.52,0.1674025,0.027307297753406876,-1.027289490645414
2023-05-31,2023-06-30,4180.0,30,0.14365,4179.83,0.16677833333333333,0.02751605905012049,-0.8405394570205379
2023-06-01,2023-06-30,4220.0,29,0.12735000000000002,4221.02,0.16625916666666668,0.027655654234861122,-1.406915429887752
2023-06-02,2023-07-03,4280.0,31,0.11580000000000001,4282.37,0.16528833333333331,0.02798564457467233,-1.7683470967154857
2023-06-05,2023-07-05,4275.0,30,0.11615,4273.79,0.16417500000000002,0.02860710250198929,-1.6787788975363875
2023-06-06,2023-07-06,4280.0,30,0.1119,4283.85,0.16256,0.028536255262503866,-1.7752854932779618
2023-06-07,2023-07-07,4270.0,30,0.1129,4267.52,0.16079333333333334,0.028332591083664135,-1.6903972245922627
2023-06-08,2023-07-07,4295.0,29,0.10745,4293.93,0.15862416666666668,0.026872802222577864,-1.9043107690373802
2023-06-09,2023-07-10,4300.0,31,0.10720000000000002,4298.860000000001,0.15691916666666667,0.026819302894899442,-1.8538575317005108
2023-06-12,2023-07-12,4350.0,30,0.11755,4338.93,0.15488916666666666,0.025863501033975726,-1.4437011685933727
2023-06-13,2023-07-13,4370.0,30,0.11585000000000001,4369.01,0.15350500000000003,0.02559664255658331,-1.4710913713296891
2023-06-14,2023-07-14,4375.0,30,0.11405000000000001,4372.59,0.1517541666666667,0.024476895525127836,-1.54039823506048
2023-06-15,2023-07-14,4425.0,29,0.1189,4425.84,0.15012333333333333,0.023647299746709663,-1.3203762656951057
2023-06-16,2023-07-17,4410.0,31,0.11175000000000002,4409.59,0.14890666666666666,0.0233373499771247,-1.5921544949656947
2023-06-20,2023-07-20,4390.0,30,0.11795,4388.71,0.14733583333333336,0.02258925815602513,-1.3008764223403861
2023-06-21,2023-07-21,4365.0,30,0.11465,4365.6900000000005,0.14590083333333334,0.021640231466827083,-1.4441080901208758
2023-06-22,2023-07-21,4380.0,29,0.10965,4381.89,0.1446066666666667,0.021134323169176936,-1.654023475786003
2023-06-23,2023-07-24,4350.0,31,0.10865,4348.33,0.1433725,0.020974240506643108,-1.6554830669078322
2023-06-26,2023-07-26,4330.0,30,0.11950000000000001,4328.820000000001,0.14215499999999998,0.0208314151207306,-1.0875401343932034
2023-06-27,2023-07-27,4380.0,30,0.11315,4378.41,0.1412575,0.02062363056573368,-1.3628783695680058
2023-06-28,2023-07-28,4375.0,30,0.11660000000000001,4376.860000000001,0.14033083333333335,0.020616508712611246,-1.1510597484828768
2023-06-29,2023-07-28,4395.0,29,0.11225000000000002,4396.4400000000005,0.1396241666666667,0.020692272142334434,-1.3229173905296612
2023-06-30,2023-07-31,4450.0,31,0.1052,4450.38,0.13876583333333334,0.02074262068430861,-1.6182060041586375
2023-07-03,2023-08-02,4460.0,30,0.10880000000000001,4455.59,0.13774416666666667,0.02086273762783024,-1.3873618689455236
2023-07-05,2023-08-04,4445.0,30,0.11825,4446.820000000001,0.13666833333333334,0.020658859401027265,-0.8915464777507265
2023-07-06,2023-08-04,4410.0,29,0.12885000000000002,4411.59,0.13584500000000002,0.02038577873362387,-0.3431313609061496
2023-07-07,2023-08-07,4400.0,31,0.12010000000000001,4398.95,0.13515583333333334,0.019897783480312042,-0.756658818216129
2023-07-10,2023-08-09,4410.0,30,0.12410000000000002,4409.530000000001,0.13430000000000003,0.01940856442092914,-0.5255411878377203
2023-07-11,2023-08-10,4440.0,30,0.12190000000000001,4439.26,0.13350416666666667,0.018812584346714845,-0.6168300140375476
2023-07-12,2023-08-11,4470.0,30,0.11345,4472.16,0.13291666666666668,0.018610962840570813,-1.0459784823292695
2023-07-13,2023-08-11,4510.0,29,0.11175,4510.04,0.13234916666666666,0.018677759119724816,-1.102871416995239
2023-07-14,2023-08-14,4510.0,31,0.10700000000000001,4505.42,0.13177916666666667,0.018777245271118754,-1.3196380144631463
2023-07-17,2023-08-16,4525.0,30,0.1107,4522.79,0.1311625,0.018975610182011566,-1.0783579449475598
2023-07-18,2023-08-17,4560.0,30,0.1105,4554.9800000000005,0.13064833333333334,0.01910688261535189,-1.054506574355812
2023-07-19,2023-08-18,4565.0,30,0.11520000000000001,4565.72,0.12999750000000002,0.019117199694320876,-0.7740411899550268
2023-07-20,2023-08-18,4535.0,29,0.11625,4534.87,0.12956,0.019151002982983348,-0.6950027636582075
2023-07-21,2023-08-21,4540.0,31,0.10825000000000001,4536.34,0.12910333333333332,0.019136002687867082,-1.0897434366768288
2023-07-24,2023-08-23,4550.0,30,0.11300000000000002,4554.64,0.1280125,0.018402106145580726,-0.8158033586609456
2023-07-25,2023-08-24,4600.0,30,0.10925000000000001,4567.46,0.12707166666666667,0.017676380790566458,-1.008219209453653
2023-07-26,2023-08-25,4565.0,30,0.10985,4566.75,0.12644333333333332,0.017627783988964165,-0.9413170335943271
2023-07-27,2023-08-25,4535.0,29,0.11805000000000002,4537.41,0.126055,0.01773386041122308,-0.4513963578361047
2023-07-28,2023-08-28,4590.0,31,0.10675000000000001,4582.2300000000005,0.12583833333333333,0.0177512051791064,-1.0753260491744387
2023-07-31,2023-08-30,4590.0,30,0.11285,4588.96,0.12511416666666667,0.017626357602880754,-0.6957856491384398
2023-08-01,2023-08-31,4575.0,30,0.1162,4576.7300000000005,0.12421833333333335,0.016830060290400933,-0.4764292697101404
2023-08-02,2023-09-01,4515.0,30,0.1346,4513.39,0.12323333333333335,0.015463762086022518,0.7350518330168067
2023-08-03,2023-09-01,4500.0,29,0.1348,4501.89,0.12311583333333334,0.015347802502855801,0.761292482392353
2023-08-04,2023-09-01,4480.0,28,0.13945000000000002,4478.030000000001,0.1230125,0.015245884760112946,1.0781597958161562
2023-08-07,2023-09-06,4525.0,30,0.1252,4518.4400000000005,0.12282666666666667,0.014969365516106631,0.15854602058983036
2023-08-08,2023-09-07,4510.0,30,0.12905,4499.38,0.12255083333333334,0.014765860451968442,0.44014818423942553
2023-08-09,2023-09-08,4470.0,30,0.13705,4467.71,0.1223575,0.014599874694725807,1.0063442534412754
2023-08-10,2023-09-08,4470.0,29,0.13465,4468.83,0.12238666666666667,0.01462788973817107,0.8383528692681143
2023-08-11,2023-09-11,4465.0,31,0.12525,4464.05,0.122285,0.014518889799738453,0.20421671635343686
2023-08-14,2023-09-13,4480.0,30,0.1277,4489.72,0.12182000000000001,0.013949218433849773,0.4215289930317053
2023-08-15,2023-09-14,4450.0,30,0.1393,4437.860000000001,0.12162166666666667,0.013775652086034996,1.2833028319040278
2023-08-16,2023-09-15,4405.0,30,0.14785,4404.33,0.121745,0.013901782290320106,1.8778167759235498
2023-08-17,2023-09-15,4370.0,29,0.1552,4370.360000000001,0.12190000000000002,0.014142096672880043,2.3546720666857404
2023-08-18,2023-09-18,4370.0,31,0.1463,4369.71,0.12215833333333334,0.014606697345554634,1.6527806454491842
2023-08-21,2023-09-20,4390.0,30,0.1477,4399.77,0.12197416666666668,0.014220010046918507,1.8091290546526821
2023-08-22,2023-09-21,4390.0,30,0.1471,4387.55,0.12162500000000001,0.013280661676899648,1.9182026181956846
2023-08-23,2023-09-22,4435.0,30,0.14385,4436.01,0.12148166666666667,0.012948934799024148,1.727426516582588
2023-08-24,2023-09-22,4375.0,29,0.15000000000000002,4376.31,0.12155916666666668,0.0130701253727685,2.176018402439321
2023-08-25,2023-09-25,4405.0,31,0.13319999999999999,4405.71,0.12173666666666666,0.013384369414834913,0.8564716781223658
2023-08-28,2023-09-27,4440.0,30,0.12880000000000003,4433.31,0.1215625,0.013160504037666016,0.549940942936983
2023-08-29,2023-09-28,4500.0,30,0.12240000000000001,4497.63,0.12158666666666668,0.013172637493344798,0.06174415212930989
2023-08-30,2023-09-29,4515.0,30,0.1177,4514.87,0.12169666666666666,0.01315103549015349,-0.3039050932269985
2023-08-31,2023-09-29,4510.0,29,0.11475000000000002,4507.66,0.1217225,0.013141474084047602,-0.5305721379052808
2023-09-01,2023-10-02,4515.0,31,0.10695,4515.77,0.12177,0.013110482932061053,-1.130393142403504
2023-09-05,2023-10-05,4500.0,30,0.1174,4496.83,0.12167083333333335,0.013200902934149467,-0.32352584930271044
2023-09-06,2023-10-06,4465.0,30,0.12440000000000001,4465.4800000000005,0.12183666666666668,0.013081183493167614,0.19595576613325388
2023-09-07,2023-10-06,4450.0,29,0.1259,4451.14,0.12212333333333333,0.012942724108341056,0.2917984371028021
2023-09-08,2023-10-09,4460.0,31,0.1159,4457.49,0.12226250000000001,0.012937606545864394,-0.4917833895662741
2023-09-11,2023-10-11,4490.0,30,0.11510000000000001,4487.46,0.12226333333333335,0.012937188108634423,-0.5537009490147594
2023-09-12,2023-10-12,4460.0,30,0.12340000000000001,4461.900000000001,0.12228083333333334,0.012926595536920809,0.08657860946218351
2023-09-13,2023-10-13,4465.0,30,0.1168,4467.4400000000005,0.12235583333333334,0.012919700144978515,-0.43002804020128305
2023-09-14,,,,,,0.12244000000000001,0.012865773145989606,
2023-09-15,2023-10-16,4450.0,31,0.11455,4450.320000000001,,,
2023-09-18,2023-10-18,4450.0,30,0.11985000000000001,4453.530000000001,,,
2023-09-19,2023-10-19,4450.0,30,0.12155,4443.95,,,
2023-09-20,2023-10-20,4400.0,30,0.13435000000000002,4402.2,,,
2023-09-21,2023-10-20,4330.0,29,0.1558,4330.0,,,
2023-09-22,2023-10-23,4320.0,31,0.14775,4320.06,,,
2023-09-25,2023-10-25,4325.0,30,0.1508,4337.4400000000005,,,
2023-09-26,2023-10-26,4275.0,30,0.1668,4273.530000000001,,,
2023-09-27,2023-10-27,4275.0,30,0.16360000000000002,4274.51,,,
2023-09-28,2023-10-27,4300.0,29,0.15395,4299.7,,,
2023-09-29,2023-10-30,4290.0,31,0.15265,4288.05,,,
2023-10-02,2023-11-01,4290.0,30,0.1589,4288.39,,,
2023-10-03,2023-11-02,4230.0,30,0.1771,4229.45,,,
2023-10-04,2023-11-03,4265.0,30,0.167,4263.75,,,
2023-10-05,2023-11-03,4260.0,29,0.1655,4258.1900000000005,,,
2023-10-06,2023-11-06,4310.0,31,0.15360000000000001,4308.5,,,
2023-10-09,2023-11-08,4325.0,30,0.15625,4335.66,,,
2023-10-10,2023-11-09,4380.0,30,0.1454,4358.24,,,
2023-10-11,2023-11-10,4375.0,30,0.14250000000000002,4376.95,,,
2023-10-12,2023-11-10,4350.0,29,0.14500000000000002,4349.610000000001,,,
2023-10-13,2023-11-13,4330.0,31,0.15535000000000002,4327.780000000001,,,
2023-10-16,2023-11-15,4375.0,30,0.14625,4373.63,,,
2023-10-17,2023-11-16,4370.0,30,0.15134999999999998,4373.2,,,
2023-10-18,2023-11-17,4315.0,30,0.16755000000000003,4314.6,,,
2023-10-19,2023-11-17,4280.0,29,0.18265,4278.0,,,
2023-10-20,2023-11-20,4225.0,31,0.18235,4224.16,,,
2023-10-23,2023-11-22,4220.0,30,0.18045,4217.04,,,
2023-10-24,2023-11-22,4250.0,29,0.16795000000000002,4247.68,,,
2023-10-25,2023-11-24,4190.0,30,0.1796,4186.77,,,
2023-10-26,2023-11-24,4135.0,29,0.18420000000000003,4137.2300000000005,,,
2023-10-27,2023-11-27,4120.0,31,0.18165,4117.37,,,
2023-10-30,2023-11-29,4170.0,30,0.17325000000000002,4166.820000000001,,,
2023-10-31,2023-11-30,4195.0,30,0.16035,4193.8,,,
2023-11-01,2023-12-01,4240.0,30,0.1492,4237.860000000001,,,
2023-11-02,2023-12-01,4320.0,29,0.13390000000000002,4317.780000000001,,,
2023-11-03,2023-12-04,4360.0,31,0.12385000000000002,4358.34,,,
2023-11-06,2023-12-06,4370.0,30,0.12400000000000001,4365.9800000000005,,,
2023-11-07,2023-12-07,4380.0,30,0.12525,4378.38,,,
2023-11-08,2023-12-08,4385.0,30,0.12275,4382.780000000001,,,
2023-11-09,2023-12-08,4345.0,29,0.13115,4347.35,,,
2023-11-10,2023-12-11,4420.0,31,0.11575,4415.24,,,
2023-11-13,2023-12-13,4410.0,30,0.1272,4411.55,,,
2023-11-14,2023-12-14,4500.0,30,0.11905,4495.7,,,
2023-11-15,2023-12-15,4505.0,30,0.1174,4502.88,,,
2023-11-16,2023-12-15,4510.0,29,0.11625,4508.24,,,
2023-11-17,2023-12-18,4510.0,31,0.11005000000000001,4514.02,,,
2023-11-20,2023-12-20,4550.0,30,0.10905000000000001,4547.38,,,
2023-11-21,2023-12-21,4540.0,30,0.10825,4538.1900000000005,,,
2023-11-22,2023-12-22,4555.0,30,0.10705,4556.62,,,
2023-11-24,2023-12-22,4560.0,28,0.10335,4559.34,,,
2023-11-27,2023-12-27,4550.0,30,0.10315,4550.43,,,
2023-11-28,2023-12-28,4550.0,30,0.10495000000000002,4554.89,,,
2023-11-29,2023-12-29,4550.0,30,0.11000000000000001,4550.58,,,
2023-11-30,2023-12-29,4570.0,29,0.10775000000000001,4567.8,,,
2023-12-01,2023-12-29,4595.0,28,0.10800000000000001,4594.63,,,
2023-12-04,2024-01-03,4570.0,30,0.1087,4569.780000000001,,,
2023-12-05,2024-01-04,4570.0,30,0.10975000000000001,4567.18,,,
2023-12-06,2024-01-05,4550.0,30,0.1144,4549.34,,,
2023-12-07,2024-01-05,4585.0,29,0.11285,4585.59,,,
2023-12-08,2024-01-08,4605.0,31,0.10435,4604.37,,,
2023-12-11,2024-01-10,4620.0,30,0.10685,4622.4400000000005,0.1388875,0.0260043063985792,-1.2320074801822223
2023-12-12,2024-01-11,4640.0,30,0.10285,4643.7,0.13875916666666666,0.026145068711668246,-1.3734584927918283
2023-12-13,2024-01-12,4705.0,30,0.10235,4707.09,0.13847583333333333,0.02644386682227327,-1.3661327814170159
2023-12-14,2024-01-12,4720.0,29,0.1004,4719.55,0.1381558333333333,0.026766363744583337,-1.4105701354736275
2023-12-15,2024-01-12,4720.0,28,0.1009,4719.1900000000005,0.13759,0.0272034594011466,-1.3487255226978057
2023-12-18,2024-01-17,4740.0,30,0.10375000000000001,4740.56,0.13667500000000002,0.027502228723246477,-1.1971757027884031
2023-12-19,2024-01-18,4775.0,30,0.10540000000000001,4768.37,0.13594166666666668,0.027787058270796385,-1.099132782211974
2023-12-20,2024-01-19,4700.0,30,0.11595,4698.35,0.135185,0.02799297324057341,-0.6871367265882469
2023-12-21,2024-01-19,4745.0,29,0.1149,4746.75,0.1343375,0.02778859909039642,-0.6994775064683806
2023-12-22,2024-01-22,4755.0,31,0.10850000000000001,4754.63,0.13352583333333332,0.02763017340417236,-0.9057428980722292
2023-12-26,2024-01-25,4775.0,30,0.1121,4774.75,0.13276833333333332,0.02768370989924059,-0.7465882791200714
2023-12-27,2024-01-26,4780.0,30,0.1082,4781.58,0.13209250000000003,0.027685085663951618,-0.8630097912649818
2023-12-28,2024-01-26,4785.0,29,0.10685,4783.35,0.13124750000000002,0.02762667039968591,-0.8831140215969491
2023-12-29,2024-01-29,4770.0,31,0.1028,4769.83,0.13007666666666667,0.027134716437770125,-1.005231314254641
2024-01-02,2024-02-01,4740.0,30,0.115,4742.83,0.1290066666666667,0.02691898307361395,-0.520326738508783
2024-01-03,2024-02-02,4705.0,30,0.1236,4704.81,0.128165,0.02654551144668533,-0.1719688094602532
2024-01-04,2024-02-02,4690.0,29,0.1242,4688.68,0.127665,0.026340047005865168,-0.1315487401836618
2024-01-05,2024-02-05,4695.0,31,0.1154,4697.24,0.12713083333333333,0.02607416750652248,-0.44990250716149804
2024-01-08,2024-02-07,4760.0,30,0.11145000000000001,4763.54,0.12663083333333333,0.026005449382751886,-0.58375585477873
2024-01-09,2024-02-08,4760.0,30,0.1092,4756.5,0.12611333333333336,0.025993245319888152,-0.6506818646609122
2024-01-10,2024-02-09,4785.0,30,0.10915,4783.45,0.12551666666666667,0.025963231280622095,-0.6303786493202056
2024-01-11,2024-02-09,4780.0,29,0.10545,4780.24,0.12474666666666669,0.025747647361123473,-0.7494535868082004
2024-01-12,2024-02-12,4780.0,31,0.10400000000000001,4783.83,0.12406666666666669,0.025708853363052547,-0.7805352647701304
2024-01-16,2024-02-15,4770.0,30,0.11665,4765.9800000000005,0.1232775,0.02558359084965815,-0.2590527670234592
2024-01-17,2024-02-16,4740.0,30,0.12430000000000001,4739.21,0.12242916666666667,0.024926120143244926,0.07505513584071921
2024-01-18,2024-02-16,4780.0,29,0.11910000000000001,4780.9400000000005,0.12145666666666668,0.023641955787250934,-0.09968154444893769
2024-01-19,2024-02-16,4840.0,28,0.1114,4839.81,0.1204025,0.022249914159042185,-0.40460830256019004
2024-01-22,2024-02-21,4850.0,30,0.10725000000000001,4850.43,0.11925166666666669,0.020831991301407577,-0.5761171120427525
2024-01-23,2024-02-22,4860.0,30,0.10615000000000001,4864.6,0.11824,0.019879059760188673,-0.6081776575878276
2024-01-24,2024-02-23,4880.0,30,0.1077,4868.55,0.11701583333333335,0.01822953808015494,-0.5110295879342525
2024-01-25,2024-02-23,4895.0,29,0.1091,4894.16,0.11574083333333333,0.015988439922587565,-0.415352177291015
2024-01-26,2024-02-26,4890.0,31,0.10500000000000001,4890.97,0.11453166666666667,0.013463409189564493,-0.7079682814702437
2024-01-29,2024-02-28,4930.0,30,0.1094,4927.93,0.11339416666666667,0.01109276406257802,-0.3600695592310657
2024-01-30,2024-02-29,4925.0,30,0.10755,4924.97,0.11254499999999999,0.009231259990756899,-0.5410962322588024
2024-01-31,2024-03-01,4850.0,30,0.1187,4845.650000000001,0.11185083333333333,0.007897867614306235,0.8672172035727791
2024-02-01,2024-03-01,4905.0,29,0.12025,4906.1900000000005,0.11159750000000002,0.007407162274859489,1.1681261566750425
2024-02-02,2024-03-04,4960.0,31,0.1077,4958.610000000001,0.11153750000000001,0.007320302768814862,-0.5242269508780562
2024-02-05,2024-03-06,4940.0,30,0.10750000000000001,4942.81,0.11126583333333334,0.007150450333493081,-0.5266568058929059
2024-02-06,2024-03-07,4950.0,30,0.10535,4954.2300000000005,0.11097000000000001,0.006925733149711795,-0.8114664366232307
2024-02-07,2024-03-08,4995.0,30,0.10640000000000001,4995.06,0.11067999999999999,0.006787015269703344,-0.6306159379227467
2024-02-08,2024-03-08,5000.0,29,0.1047,4997.91,0.1102675,0.006252916777020058,-0.8903844715255105
2024-02-09,2024-03-11,5025.0,31,0.10450000000000001,5026.610000000001,0.11008333333333334,0.006251431474488538,-0.8931287747643639
2024-02-12,2024-03-13,5020.0,30,0.11355000000000001,5021.84,0.10970500000000001,0.005873451472804537,0.6546406346938008
2024-02-13,2024-03-14,4950.0,30,0.1246,4953.17,0.10961333333333334,0.005767088583892503,2.5986538005544895
2024-02-14,2024-03-15,5000.0,30,0.11675,5000.62,0.10973333333333332,0.006001981781939564,1.169058308004264
2024-02-15,2024-03-15,5030.0,29,0.11685000000000001,5029.7300000000005,0.10974166666666667,0.006011522598710099,1.1824514033863214
2024-02-16,2024-03-18,5010.0,31,0.1139,5005.570000000001,0.109855,0.006081130163694622,0.665172408929732
2024-02-20,2024-03-21,4975.0,30,0.1286,4975.51,0.10993583333333333,0.006102445270286014,3.0584734217193392
2024-02-21,2024-03-22,4980.0,30,0.13,4981.8,0.110275,0.006555832569396969,3.0087711654012526
2024-02-22,2024-03-22,5085.0,29,0.12095,5087.030000000001,0.1106575,0.007017718646397843,1.466644720116142
2024-02-23,2024-03-25,5090.0,31,0.1114,5088.8,0.11095083333333333,0.007074695248073043,0.0634891894161813
2024-02-26,2024-03-27,5070.0,30,0.11420000000000001,5069.530000000001,0.11108833333333336,0.007000292770310143,0.4445052183908576
2024-02-27,2024-03-28,5080.0,30,0.1124,5078.18,0.1112425,0.006964582464032215,0.16619804646980366
2024-02-28,2024-03-28,5070.0,29,0.1143,5069.76,0.11128249999999999,0.006964217411349414,0.4332863007812566
2024-02-29,2024-03-28,5100.0,28,0.1119,5096.27,0.11139166666666668,0.006959240696616713,0.07304436726559106
2024-03-01,2024-04-01,5140.0,31,0.10505,5137.08,0.11145666666666668,0.0069452243479197874,-0.9224564025185993
2024-03-04,2024-04-03,5130.0,30,0.11205000000000001,5130.95,0.11139583333333333,0.006985646856637522,0.09364439401128775
2024-03-05,2024-04-04,5080.0,30,0.1217,5078.650000000001,0.11143416666666667,0.006982772333627725,1.470165837126753
2024-03-06,2024-04-05,5105.0,30,0.1252,5104.76,0.11155583333333334,0.007097971133291506,1.9222629129430575
2024-03-07,2024-04-05,5155.0,29,0.12335000000000002,5157.360000000001,0.11176166666666668,0.007311978601818136,1.5848423476583862
2024-03-08,2024-04-08,5125.0,31,0.12315000000000001,5123.6900000000005,0.11207833333333334,0.007396491189807768,1.4968809375347099
2024-03-11,2024-04-10,5120.0,30,0.12865000000000001,5117.9400000000005,0.11235,0.007499824856712047,2.1733840871513355
2024-03-12,2024-04-11,5180.0,30,0.11585000000000001,5175.27,0.11278000000000002,0.007683286946683999,0.39956857283912317
2024-03-13,2024-04-12,5165.0,30,0.11655000000000001,5165.31,0.11300500000000001,0.007569501136642169,0.46832676764384085
2024-03-14,2024-04-12,5150.0,29,0.12055,5150.4800000000005,0.11327416666666669,0.007398897602647524,0.9833672155065136
2024-03-15,2024-04-15,5110.0,31,0.122,5117.09,0.11360166666666667,0.007275754761166209,1.1542903257485804
2024-03-18,2024-04-17,5150.0,30,0.12245,5149.42,0.11390583333333335,0.007238299100621394,1.180410832419616
2024-03-19,2024-04-18,5180.0,30,0.11815,5178.51,0.11419,0.0072333900906414415,0.5474611420616528
2024-03-20,2024-04-19,5230.0,30,0.1134,5224.62,0.11422666666666667,0.007248024082972173,-0.1140540728346589
2024-03-21,2024-04-19,5240.0,29,0.10955000000000001,5241.530000000001,0.11420166666666667,0.007248249155431194,-0.6417641787577237
2024-03-22,2024-04-22,5230.0,31,0.1052,5234.18,0.11421916666666668,0.007235506211817035,-1.2465149503895891
2024-03-25,2024-04-24,5225.0,30,0.10905000000000001,5218.1900000000005,0.11410416666666666,0.007324050766670608,-0.6900780493858034
2024-03-26,2024-04-25,5210.0,30,0.1094,5203.58,0.11411833333333335,0.0073132510720566556,-0.6451758987684321
2024-03-27,2024-04-26,5250.0,30,0.1071,5248.490000000001,0.11416083333333334,0.007277618881332058,-0.9702120224301931
2024-03-28,2024-04-26,5255.0,29,0.1058,5254.35,0.1142325,0.007184421853766754,-1.1737200531423249
2024-04-01,2024-05-01,5240.0,30,0.11365,5243.77,0.11407916666666668,0.0072654819597425604,-0.05906926327044128
2024-04-02,2024-05-02,5210.0,30,0.12430000000000001,5205.81,0.11391333333333334,0.007157234497326288,1.4512122902423825
2024-04-03,2024-05-03,5215.0,30,0.12535,5211.490000000001,0.113915,0.007159681722875768,1.5971380352654823
2024-04-04,2024-05-03,5145.0,29,0.14455,5147.21,0.11408083333333335,0.007308348440031024,4.169090584101559
2024-04-05,2024-05-06,5200.0,31,0.13355,5204.34,0.1146325,0.008289767150335383,2.282030322074203
2024-04-08,2024-05-08,5200.0,30,0.13119999999999998,5202.39,0.11503833333333334,0.00860919082531376,1.8772573398124948
2024-04-09,2024-05-09,5210.0,30,0.1311,5209.91,0.11540583333333335,0.008821579337377726,1.7790654106764339
2024-04-10,2024-05-10,5160.0,30,0.13740000000000002,5160.64,0.11583333333333333,0.008951487267140876,2.4092830635902955
2024-04-11,2024-05-10,5200.0,29,0.13045,5199.06,0.11639000000000001,0.009237101864083644,1.5221224369809208
2024-04-12,2024-05-13,5125.0,31,0.14555,5123.41,0.11661999999999999,0.009413802524277934,3.073147107705984
2024-04-15,2024-05-15,5070.0,30,0.16455000000000003,5061.820000000001,0.11697416666666666,0.010083547144859234,4.718164416733883
2024-04-16,2024-05-16,5050.0,30,0.16225,5051.41,0.11773166666666667,0.011805995197308442,3.7708242794713938
2024-04-17,2024-05-17,5020.0,30,0.16265000000000002,5022.21,0.11857916666666667,0.013098199163537083,3.364648283560861
2024-04-18,2024-05-17,5010.0,29,0.16,5011.12,0.11950250000000001,0.014192945326249175,2.853354188936513
2024-04-19,2024-05-20,4970.0,31,0.15945,4967.2300000000005,0.12040000000000001,0.015013197583956433,2.601044832829619
2024-04-22,2024-05-22,5010.0,30,0.14705000000000001,5010.6,0.12126250000000001,0.01574012906985179,1.6383283698348239
2024-04-23,2024-05-23,5070.0,30,0.13935000000000003,5070.55,0.12189500000000002,0.016003396620400016,1.0907059553688492
2024-04-24,2024-05-24,5070.0,30,0.1387,5071.63,0.1224675,0.016003169243854722,1.014330333738945
2024-04-25,2024-05-24,5045.0,29,0.15095,5048.42,0.12295583333333335,0.016044646637880904,1.7447667934657602
2024-04-26,2024-05-24,5100.0,28,0.13195,5099.96,0.12367916666666669,0.016314364814291275,0.5069663102107493
2024-04-29,2024-05-29,5120.0,30,0.1258,5116.17,0.1239,0.016335487002021705,0.116311194136107
2024-04-30,2024-05-30,5060.0,30,0.1356,5035.6900000000005,0.1239925,0.016330181128143245,0.7108004442152672
2024-05-01,2024-05-31,5020.0,30,0.13895000000000002,5018.39,0.12445750000000001,0.016255444524678947,0.8915474429504252
2024-05-02,2024-05-31,5065.0,29,0.13285,5064.2,0.12498166666666667,0.01620635982785944,0.4855089864046654
2024-05-03,2024-06-03,5130.0,31,0.1178,5127.79,0.12544000000000002,0.016029646263159815,-0.47661688065810137
2024-05-06,2024-06-05,5175.0,30,0.11735000000000001,5180.740000000001,0.12563,0.015866875206339753,-0.5218418807939974
2024-05-07,2024-06-06,5190.0,30,0.11355000000000001,5187.7,0.12584083333333335,0.01566683448191164,-0.7845128731987234
2024-05-08,2024-06-07,5190.0,30,0.11325,5187.67,0.12599166666666667,0.015500574529173522,-0.8220125417084163
2024-05-09,2024-06-07,5215.0,29,0.10985,5214.08,0.12598666666666666,0.015504703678503245,-1.0407594367017547
2024-05-10,2024-06-10,5230.0,31,0.10405,5222.68,0.12574083333333333,0.015643375951443217,-1.3865826277308246
2024-05-13,2024-06-12,5220.0,30,0.11855000000000002,5221.42,0.12552916666666666,0.015851624767460323,-0.4402808399170061
2024-05-14,2024-06-13,5250.0,30,0.11605000000000001,5246.68,0.12555750000000002,0.01583736149324743,-0.6003209564960497
2024-05-15,2024-06-14,5310.0,30,0.1063,5308.150000000001,0.12559333333333333,0.015812951853707877,-1.2200968871481992
2024-05-16,2024-06-14,5295.0,29,0.10550000000000001,5297.1,0.12522166666666668,0.016002024148093204,-1.2324482505556456
2024-05-17,2024-06-17,5300.0,31,0.1003,5303.27,0.12481333333333335,0.016189518126712144,-1.514148422545523
2024-05-20,2024-06-18,5310.0,29,0.1026,5308.13,0.12446916666666667,0.016489750518887215,-1.3262278675240067
2024-05-21,2024-06-20,5310.0,30,0.10035,5321.41,0.12432249999999999,0.016646355087882283,-1.4401050484289368
2024-05-22,2024-06-21,5305.0,30,0.09960000000000001,5307.01,0.12409166666666668,0.016883441809792003,-1.450632338037975
2024-05-23,2024-06-21,5270.0,29,0.1043,5267.84,0.12387833333333334,0.01711298537256378,-1.1440629970222556
2024-05-24,2024-06-24,5300.0,31,0.09525,5304.72,0.12371166666666668,0.017255950500729183,-1.649382725423556
2024-05-28,2024-06-27,5310.0,30,0.10295,5306.04,0.12343416666666668,0.01757995413615685,-1.1652002336306844
2024-05-29,2024-06-28,5265.0,30,0.11615,5266.95,0.12339916666666668,0.017619222196771596,-0.41143511249860737
2024-05-30,2024-06-28,5235.0,29,0.12075000000000001,5235.4800000000005,0.12346750000000002,0.017582372299492638,-0.15455821055947203
2024-05-31,2024-07-01,5280.0,31,0.1082,5277.51,0.12345166666666667,0.017584418581123407,-0.8673398324946089
2024-06-03,2024-07-03,5280.0,30,0.1132,5283.400000000001,0.12316833333333334,0.01769239750227569,-0.563424676166764
2024-06-04,2024-07-03,5290.0,29,0.11415,5291.34,0.12299916666666667,0.017739094266491742,-0.4988510988062284
2024-06-05,2024-07-05,5355.0,30,0.10875000000000001,5354.030000000001,0.12284916666666668,0.017775810767622604,-0.7931658843008899
2024-06-06,2024-07-05,5355.0,29,0.1081,5352.96,0.1225175,0.0178512327471584,-0.8076473039261118
2024-06-07,2024-07-08,5350.0,31,0.101,5346.990000000001,0.12238833333333334,0.01792816732451533,-1.1930016574581217
2024-06-10,2024-07-10,5360.0,30,0.1061,5360.79,0.12212916666666666,0.018125306056250977,-0.884352883031103
2024-06-11,2024-07-11,5360.0,30,0.1134,5375.320000000001,0.12188833333333333,0.018242266452136217,-0.4653113337427065
2024-06-12,2024-07-12,5420.0,30,0.10170000000000001,5421.030000000001,0.121745,0.018275130596115713,-1.096845786933006
2024-06-13,2024-07-12,5435.0,29,0.0976,5433.740000000001,0.12139916666666668,0.018456991903916604,-1.2894390803528746
2024-06-14,2024-07-15,5425.0,31,0.10200000000000001,5431.6,0.12105666666666667,0.018707280071769274,-1.0186765042035504
2024-06-17,2024-07-17,5475.0,30,0.1043,5473.2300000000005,0.12086666666666668,0.018843756927461226,-0.8791594335694215
2024-06-18,2024-07-18,5490.0,30,0.1043,5487.030000000001,0.12077916666666667,0.01890927109097784,-0.8714860867656266
2024-06-20,2024-07-19,5475.0,29,0.11145000000000001,5473.17,0.12076416666666669,0.01892219146405246,-0.49223509255581305
2024-06-21,2024-07-22,5460.0,31,0.10830000000000001,5464.62,0.12080416666666666,0.01889953208026874,-0.6616124999052806
2024-06-24,2024-07-24,5440.0,30,0.11215,5447.87,0.12078583333333334,0.01891131194901,-0.45664908688608596
2024-06-25,2024-07-25,5475.0,30,0.10715,5469.3,0.12087,0.018860539022079667,-0.7274447450276088
2024-06-26,2024-07-26,5480.0,30,0.10545,5477.900000000001,0.12089250000000001,0.018843053445118524,-0.819532781402822
2024-06-27,2024-07-26,5485.0,29,0.1044,5482.87,0.12075583333333334,0.01892602703405512,-0.8641979272196414
2024-06-28,2024-07-29,5460.0,31,0.10465,5460.4800000000005,0.12042416666666668,0.019036907711757933,-0.828609714639943
2024-07-01,2024-07-31,5475.0,30,0.1019,5475.09,0.12007916666666667,0.019133450368989877,-0.9501248502533631
2024-07-02,2024-08-01,5500.0,30,0.10025,5509.01,0.11936833333333334,0.01900070910065421,-1.0061905180515116
2024-07-03,,,,,,0.11881333333333335,0.019065675668608364,
2024-07-05,2024-08-05,5570.0,31,0.09975,5567.1900000000005,,,
2024-07-08,2024-08-07,5590.0,30,0.10105,5572.85,,,
2024-07-09,2024-08-08,5580.0,30,0.10375000000000001,5576.9800000000005,,,
2024-07-10,2024-08-09,5630.0,30,0.10545,5633.91,,,
2024-07-11,2024-08-09,5580.0,29,0.1089,5584.54,,,
2024-07-12,2024-08-12,5620.0,31,0.0993,5615.35,,,
2024-07-15,2024-08-14,5630.0,30,0.11035,5631.22,,,
2024-07-16,2024-08-15,5660.0,30,0.1087,5667.2,,,
2024-07-17,2024-08-16,5590.0,30,0.12195,5588.27,,,
2024-07-18,2024-08-16,5545.0,29,0.13185000000000002,5544.59,,,
2024-07-19,2024-08-19,5500.0,31,0.13365,5505.0,,,
2024-07-22,2024-08-21,5560.0,30,0.12460000000000002,5564.41,,,
2024-07-23,2024-08-21,5580.0,29,0.12105,5555.740000000001,,,
2024-07-24,2024-08-23,5425.0,30,0.15605000000000002,5427.13,,,
2024-07-25,2024-08-23,5400.0,29,0.15960000000000002,5399.22,,,
2024-07-26,2024-08-26,5460.0,31,0.13935,5459.1,,,
2024-07-29,2024-08-28,5460.0,30,0.14390000000000003,5463.54,,,
2024-07-30,2024-08-29,5440.0,30,0.1526,5436.4400000000005,,,
2024-07-31,2024-08-30,5520.0,30,0.14780000000000001,5522.3,,,
2024-08-01,,,,,,,,
2024-08-02,2024-08-30,5345.0,28,0.19775,5346.56,,,
2024-08-05,2024-09-04,5190.0,30,0.28585,5186.33,,,
2024-08-06,2024-09-05,5240.0,30,0.21760000000000002,5240.030000000001,,,
2024-08-07,2024-09-06,5200.0,30,0.22900000000000004,5199.5,,,
2024-08-08,2024-09-06,5320.0,29,0.1936,5319.31,,,
2024-08-09,2024-09-09,5340.0,31,0.16605,5344.16,,,
2024-08-12,2024-09-12,5340.0,31,0.17215000000000003,5344.39,,,
2024-08-13,2024-09-12,5425.0,30,0.1534,5434.43,,,
2024-08-14,2024-09-13,5460.0,30,0.13690000000000002,5455.21,,,
2024-08-15,2024-09-13,5550.0,29,0.12425000000000001,5543.22,,,
2024-08-16,2024-09-16,5550.0,31,0.12045,5554.25,,,
2024-08-19,2024-09-18,5610.0,30,0.12105,5608.25,,,
2024-08-20,2024-09-19,5600.0,30,0.12995,5597.12,,,
2024-08-21,2024-09-20,5620.0,30,0.1311,5620.85,,,
2024-08-22,2024-09-20,5570.0,29,0.1416,5570.64,,,
2024-08-23,2024-09-23,5630.0,31,0.1225,5634.610000000001,,,
2024-08-26,2024-09-25,5620.0,30,0.1261,5616.84,,,
2024-08-27,2024-09-26,5625.0,30,0.1232,5625.8,,,
2024-08-28,2024-09-27,5590.0,30,0.13290000000000002,5592.18,,,
2024-08-29,2024-09-27,5590.0,29,0.1277,5591.96,,,
2024-08-30,2024-09-30,5650.0,31,0.11075000000000002,5648.400000000001,,,
2024-09-03,2024-10-03,5530.0,30,0.15350000000000003,5528.93,,,
2024-09-04,2024-10-04,5520.0,30,0.1638,5520.070000000001,,,
2024-09-05,2024-10-04,5500.0,29,0.16305,5503.41,,,
2024-09-06,2024-10-07,5410.0,31,0.1794,5408.42,,,
2024-09-09,2024-10-09,5470.0,30,0.1637,5471.05,,,
2024-09-10,2024-10-10,5500.0,30,0.16,5495.52,,,
2024-09-11,2024-10-11,5550.0,30,0.15100000000000002,5554.13,,,
2024-09-12,2024-10-11,5600.0,29,0.1405,5595.76,,,
2024-09-13,2024-10-14,5625.0,31,0.13285000000000002,5626.02,,,
2024-09-16,2024-10-16,5640.0,30,0.1365,5633.09,,,
2024-09-17,2024-10-17,5630.0,30,0.1412,5634.58,,,
2024-09-18,2024-10-18,5620.0,30,0.14640000000000003,5618.26,,,
2024-09-19,2024-10-18,5715.0,29,0.1257,5713.64,,,
2024-09-20,2024-10-21,5700.0,31,0.12090000000000001,5702.55,,,
2024-09-23,2024-10-23,5720.0,30,0.12000000000000001,5718.570000000001,,,
2024-09-24,2024-10-24,5730.0,30,0.11805,5732.93,,,
2024-09-25,2024-10-25,5720.0,30,0.12155,5722.26,,,
2024-09-26,2024-10-25,5745.0,29,0.11985000000000001,5745.37,,,
2024-09-27,2024-10-28,5740.0,31,0.12655,5738.17,,,
2024-09-30,2024-10-30,5760.0,30,0.12535000000000002,5762.4800000000005,,,
2024-10-01,2024-10-31,5710.0,30,0.14525,5708.75,,,
2024-10-02,2024-11-01,5710.0,30,0.14805000000000001,5709.54,,,
2024-10-03,2024-11-01,5700.0,29,0.1545,5699.9400000000005,,,
2024-10-04,2024-11-04,5740.0,31,0.1361,5751.070000000001,,,
2024-10-07,2024-11-06,5700.0,30,0.17760000000000004,5695.9400000000005,,,
2024-10-08,2024-11-07,5760.0,30,0.16670000000000001,5751.13,,,
2024-10-09,2024-11-08,5790.0,30,0.163,5792.04,,,
2024-10-10,2024-11-08,5780.0,29,0.1642,5780.05,,,
2024-10-11,2024-11-11,5820.0,31,0.1533,5815.030000000001,,,
2024-10-14,2024-11-13,5860.0,30,0.1542,5859.85,,,
2024-10-15,2024-11-14,5810.0,30,0.161,5815.26,,,
2024-10-16,2024-11-15,5840.0,30,0.15385,5842.47,,,
2024-10-17,2024-11-15,5840.0,29,0.14995000000000003,5841.47,,,
2024-10-18,2024-11-18,5860.0,31,0.1399,5864.67,,,
2024-10-21,2024-11-20,5850.0,30,0.1461,5853.9800000000005,,,
2024-10-22,2024-11-21,5850.0,30,0.14875,5851.200000000001,,,
2024-10-23,2024-11-22,5795.0,30,0.16185,5797.42,,,
2024-10-24,2024-11-22,5810.0,29,0.16015000000000001,5809.860000000001,,,
2024-10-25,2024-11-25,5810.0,31,0.15995,5808.12,,,
2024-10-28,2024-11-27,5825.0,30,0.16185,5823.52,0.15030166666666667,0.029871720040735687,0.3865975349790709
2024-10-29,2024-11-27,5840.0,29,0.16045,5832.92,0.14970333333333335,0.02925846229416728,0.3673011438064884
2024-10-30,2024-11-29,5815.0,30,0.16310000000000002,5813.67,0.14761333333333335,0.023225092119404003,0.6668075453499683
2024-10-31,2024-11-29,5700.0,29,0.18615,5705.450000000001,0.146705,0.02143855567643318,1.8399093947994278
2024-11-01,2024-12-02,5730.0,31,0.17315000000000003,5728.8,0.14599083333333335,0.019252966955301223,1.4106483810895711
2024-11-04,2024-12-04,5710.0,30,0.1761,5712.6900000000005,0.14565,0.018564566668608784,1.6402214252320013
2024-11-05,2024-12-05,5780.0,30,0.1628,5782.76,0.14581750000000002,0.018795646865742466,0.903533681032964
2024-11-06,2024-12-06,5940.0,30,0.1257,5929.04,0.1456616666666667,0.018611483530579707,-1.0725457018978928
2024-11-07,2024-12-06,5975.0,29,0.11955,5973.1,0.14520000000000002,0.018759246307725116,-1.3673257218994597
2024-11-08,2024-12-09,6000.0,31,0.113,5995.54,0.14491083333333335,0.019021248358724877,-1.6776413793417577
2024-11-11,2024-12-11,6000.0,30,0.11825000000000001,6001.35,0.14472333333333334,0.01928202259827081,-1.3729541700520271
2024-11-12,2024-12-12,5980.0,30,0.1189,5983.990000000001,0.14468666666666669,0.019330992650046664,-1.333954605099104
2024-11-13,2024-12-13,5985.0,30,0.11545,5985.38,0.14465083333333334,0.01937748670027176,-1.5069463746773628
2024-11-14,2024-12-13,5950.0,29,0.11435000000000001,5949.17,0.1444091666666667,0.019652404199466515,-1.529541442440039
2024-11-15,2024-12-16,5875.0,31,0.1255,5870.62,0.14413000000000004,0.019961210689820142,-0.9333101227923515
2024-11-18,2024-12-18,5890.0,30,0.128,5893.62,0.14386166666666667,0.020103504135624554,-0.7890000946928892
2024-11-19,2024-12-19,5920.0,30,0.13090000000000002,5916.9800000000005,0.14395333333333332,0.020016801981883145,-0.6521188222348229
2024-11-20,2024-12-20,5925.0,30,0.13395,5917.110000000001,0.14403333333333335,0.01995373179205781,-0.5053357155650857
2024-11-21,2024-12-20,5950.0,29,0.1325,5948.71,0.14421250000000002,0.019811250495272645,-0.5912044776171422
2024-11-22,2024-12-23,5970.0,31,0.11525,5969.34,0.14420583333333337,0.019815188686550925,-1.46129485776668
2024-11-25,2024-12-24,5990.0,29,0.1106,5987.37,0.14399833333333334,0.020054702662220064,-1.6653616807917373
2024-11-26,2024-12-26,6020.0,30,0.1038,6021.63,0.14399583333333335,0.020058926521429068,-2.0038875605028967
2024-11-27,2024-12-27,6000.0,30,0.10450000000000001,5998.740000000001,0.1431675,0.020676474441717163,-1.8701205618489711
2024-11-29,,,,,,0.14217916666666666,0.021086724258920622,
2024-12-02,2024-12-31,6050.0,29,0.09925,6047.150000000001,,,
2024-12-03,2025-01-02,6060.0,30,0.0968,6049.88,,,
2024-12-04,2025-01-03,6085.0,30,0.09675,6086.490000000001,,,
2024-12-05,2025-01-03,6075.0,29,0.09725,6075.110000000001,,,
2024-12-06,2025-01-06,6090.0,31,0.09045,6090.27,,,
2024-12-09,2025-01-08,6050.0,30,0.10455,6052.85,,,
2024-12-10,2025-01-09,6050.0,30,0.10305,6034.91,,,
2024-12-11,2025-01-10,6080.0,30,0.101,6084.1900000000005,,,
2024-12-12,2025-01-10,6050.0,29,0.10355,6051.25,,,
2024-12-13,2025-01-13,6050.0,31,0.09970000000000001,6051.09,,,
2024-12-16,2025-01-15,6075.0,30,0.10885,6074.08,,,
2024-12-17,2025-01-16,6050.0,30,0.11674999999999999,6050.610000000001,,,
2024-12-18,,,,,,,,
2024-12-19,2025-01-17,5865.0,29,0.17725000000000002,5867.08,,,
2024-12-20,2025-01-17,5930.0,28,0.1478,5930.85,,,
2024-12-23,2025-01-22,5975.0,30,0.12775000000000003,5974.070000000001,,,
2024-12-24,,,,,,,,
2024-12-26,2025-01-24,6040.0,29,0.10945,6037.59,,,
2024-12-27,2025-01-27,5970.0,31,0.12195,5970.84,,,
2024-12-30,2025-01-29,5910.0,30,0.13685,5906.9400000000005,,,
2024-12-31,2025-01-30,5875.0,30,0.1402,5881.63,,,
2025-01-02,2025-01-31,5870.0,29,0.14780000000000001,5868.55,,,
2025-01-03,2025-02-03,5940.0,31,0.12860000000000002,5942.47,,,
2025-01-06,2025-02-05,5975.0,30,0.12925000000000003,5975.38,,,
2025-01-07,2025-02-06,5910.0,30,0.1444,5909.030000000001,,,
2025-01-08,2025-02-07,5920.0,30,0.1456,5918.25,,,
2025-01-10,2025-02-10,5825.0,31,0.15615,5827.04,,,
2025-01-13,2025-02-12,5840.0,30,0.1578,5836.22,,,
2025-01-14,2025-02-13,5840.0,30,0.15789999999999998,5842.91,,,
2025-01-15,2025-02-14,5950.0,30,0.13235000000000002,5949.91,,,
2025-01-16,2025-02-14,5940.0,29,0.13340000000000002,5937.34,,,
2025-01-17,2025-02-14,5995.0,28,0.13085,5996.66,,,
2025-01-21,2025-02-20,6050.0,30,0.11875000000000001,6049.240000000001,,,
2025-01-22,2025-02-21,6085.0,30,0.1165,6086.37,,,
2025-01-23,2025-02-21,6120.0,29,0.11405000000000001,6118.71,,,
2025-01-24,2025-02-24,6100.0,31,0.11130000000000001,6101.240000000001,,,
2025-01-27,2025-02-26,6010.0,30,0.13855,6012.280000000001,,,
2025-01-28,2025-02-27,6080.0,30,0.12714999999999999,6067.700000000001,,,
2025-01-29,2025-02-28,6040.0,30,0.13245,6039.31,,,
2025-01-30,2025-02-28,6070.0,29,0.1276,6071.17,,,
2025-01-31,2025-03-03,6040.0,31,0.1298,6040.530000000001,,,
2025-02-03,2025-03-05,5990.0,30,0.14985,5994.570000000001,,,
2025-02-04,2025-03-06,6040.0,30,0.13340000000000002,6037.88,,,
2025-02-05,2025-03-07,6060.0,30,0.12865,6061.4800000000005,,,
2025-02-06,2025-03-07,6080.0,29,0.1225,6083.570000000001,,,
2025-02-07,2025-03-10,6025.0,31,0.12985000000000002,6025.990000000001,,,
2025-02-10,2025-03-12,6060.0,30,0.1257,6066.4400000000005,,,
2025-02-11,2025-03-13,6070.0,30,0.1262,6068.5,,,
2025-02-12,2025-03-14,6050.0,30,0.1301,6051.97,,,
2025-02-13,2025-03-14,6120.0,29,0.11765,6115.070000000001,,,
2025-02-14,2025-03-17,6110.0,31,0.11285,6114.63,,,
2025-02-18,2025-03-20,6130.0,30,0.11915,6129.58,,,
2025-02-19,2025-03-21,6145.0,30,0.11780000000000002,6144.150000000001,,,
2025-02-20,2025-03-21,6120.0,29,0.12065000000000001,6117.52,,,
2025-02-21,2025-03-24,6010.0,31,0.14145000000000002,6013.13,,,
2025-02-24,2025-03-26,5990.0,30,0.15265,5983.25,,,
2025-02-25,2025-03-27,5950.0,30,0.16085,5955.25,,,
2025-02-26,2025-03-28,5955.0,30,0.1598,5956.06,,,
2025-02-27,2025-03-28,5860.0,29,0.1825,5861.570000000001,,,
2025-02-28,2025-03-31,5955.0,31,0.15839999999999999,5954.5,,,
2025-03-03,2025-04-02,5850.0,30,0.19065,5849.72,,,
2025-03-04,2025-04-03,5775.0,30,0.20535000000000003,5778.150000000001,,,
2025-03-05,2025-04-04,5845.0,30,0.1894,5842.63,,,
2025-03-06,2025-04-04,5740.0,29,0.2213,5738.52,,,
2025-03-07,2025-04-07,5770.0,31,0.19665000000000002,5770.200000000001,,,
2025-03-10,2025-04-09,5610.0,30,0.23545,5614.56,,,
2025-03-11,2025-04-10,5570.0,30,0.23750000000000002,5572.070000000001,,,
2025-03-12,2025-04-11,5600.0,30,0.21695,5599.3,,,
2025-03-13,2025-04-11,5520.0,29,0.2277,5521.52,,,
2025-03-14,2025-04-14,5640.0,31,0.18895,5638.9400000000005,,,
2025-03-17,2025-04-16,5680.0,30,0.18155000000000002,5675.12,,,
2025-03-18,2025-04-17,5615.0,30,0.19490000000000002,5614.66,,,
2025-03-19,2025-04-17,5675.0,29,0.1781,5675.29,,,
2025-03-20,2025-04-17,5665.0,28,0.17704999999999999,5662.89,,,
2025-03-21,2025-04-21,5670.0,31,0.1647,5667.56,,,
2025-03-24,2025-04-23,5775.0,30,0.14905000000000002,5767.570000000001,,,
2025-03-25,2025-04-24,5780.0,30,0.1481,5776.650000000001,,,
2025-03-26,2025-04-25,5710.0,30,0.16065000000000002,5712.200000000001,0.15136750000000002,0.033655028114278576,0.27581317027816654
2025-03-27,2025-04-25,5690.0,29,0.16515000000000002,5693.31,0.15222083333333333,0.03322047343470572,0.3891927275533488
2025-03-28,2025-04-28,5580.0,31,0.18605,5580.9400000000005,0.15294083333333336,0.033020827392218184,1.0026752592658918
2025-03-31,2025-04-30,5610.0,30,0.1864,5611.85,0.15376083333333332,0.03322473181800767,0.982375624443006
2025-04-01,2025-05-01,5630.0,30,0.18575,5633.070000000001,0.15453083333333334,0.033439784094858246,0.9335935476768514
2025-04-02,2025-05-02,5670.0,30,0.19885,5670.97,0.15516333333333332,0.033668438002291176,1.29755549288309
2025-04-03,2025-05-02,5400.0,29,0.25835,5396.52,0.1563341666666667,0.033949344732532936,3.0049426325325723
2025-04-04,2025-05-05,5100.0,31,0.3644,5074.08,0.15848583333333333,0.036218924835546104,5.685264474349545
2025-04-07,2025-05-07,5025.0,30,0.40475000000000005,5062.25,0.1621525,0.04487126352415583,5.406522592558621
2025-04-08,2025-05-08,4980.0,30,0.42745,4982.77,0.16647166666666666,0.05465649849453968,4.774882045533994
2025-04-09,2025-05-09,5460.0,30,0.26680000000000004,5456.900000000001,0.17099333333333336,0.06418050054118862,1.492769078751288
2025-04-10,2025-05-09,5270.0,29,0.355,5268.05,0.17281000000000002,0.06533303198074167,2.788635311670587
2025-04-11,2025-05-09,5360.0,28,0.3269,5363.360000000001,0.176095,0.06939927629916222,2.1730053689597413
2025-04-14,2025-05-14,5410.0,30,0.26205,5405.97,0.1793375,0.07182334827930852,1.151610193364217
2025-04-15,2025-05-15,5400.0,30,0.25085,5396.63,0.18148166666666668,0.07234712284269373,0.9588264274747006
2025-04-16,2025-05-16,5275.0,30,0.28505,5275.7,0.18348166666666668,0.07258200094776888,1.3993597862702003
2025-04-17,2025-05-16,5285.0,29,0.2632,5282.7,0.18625333333333333,0.07324045310995428,1.0506033673924482
2025-04-21,2025-05-21,5150.0,30,0.29855,5158.2,0.18869833333333333,0.07332100941001805,1.4982290553634592
2025-04-22,2025-05-22,5300.0,30,0.2686,5287.76,0.19177333333333335,0.07400296974495989,1.0381565352233595
2025-04-23,,,,,,0.194395,0.07388996898733383,
2025-04-24,2025-05-23,5480.0,29,0.23405,5484.77,,,
2025-04-25,2025-05-23,5525.0,28,0.21725,5525.21,,,
2025-04-28,2025-05-28,5530.0,30,0.2132,5528.75,,,
2025-04-29,2025-05-29,5560.0,30,0.2079,5560.83,,,
2025-04-30,2025-05-30,5570.0,30,0.2174,5569.06,,,
2025-05-01,2025-05-30,5605.0,29,0.20740000000000003,5604.14,,,
2025-05-02,2025-06-02,5675.0,31,0.18685000000000002,5686.67,,,
2025-05-05,2025-06-04,5660.0,30,0.19355,5650.38,,,
2025-05-06,2025-06-05,5600.0,30,0.20925000000000002,5606.91,,,
2025-05-07,2025-06-06,5630.0,30,0.20174999999999998,5631.280000000001,,,
2025-05-08,2025-06-06,5665.0,29,0.1936,5663.9400000000005,,,
2025-05-09,2025-06-09,5660.0,31,0.18655,5659.91,,,
2025-05-12,2025-06-11,5800.0,30,0.15910000000000002,5844.1900000000005,,,
2025-05-13,2025-06-12,5900.0,30,0.14735,5886.55,,,
2025-05-14,2025-06-13,5895.0,30,0.15400000000000003,5892.58,,,
2025-05-15,2025-06-13,5915.0,29,0.1496,5916.93,,,
2025-05-16,2025-06-16,5950.0,31,0.14425,5958.38,,,
2025-05-19,2025-06-18,5960.0,30,0.1527,5963.6,,,
2025-05-20,2025-06-18,5940.0,29,0.15280000000000002,5940.46,,,
2025-05-21,2025-06-20,5845.0,30,0.17425000000000002,5844.610000000001,,,
2025-05-22,2025-06-20,5840.0,29,0.1719,5842.01,,,
2025-05-23,2025-06-23,5800.0,31,0.1814,5802.820000000001,,,
2025-05-27,2025-06-26,5925.0,30,0.15295,5921.54,,,
2025-05-28,2025-06-27,5890.0,30,0.1607,5888.55,,,
2025-05-29,2025-06-27,5910.0,29,0.1574,5912.17,,,
2025-05-30,2025-06-30,5910.0,31,0.15130000000000002,5911.6900000000005,,,
2025-06-02,2025-07-02,5930.0,30,0.1532,5935.9400000000005,,,
2025-06-03,2025-07-03,5970.0,30,0.14690000000000003,5970.37,,,
2025-06-04,2025-07-03,5970.0,29,0.14700000000000002,5970.81,,,
2025-06-05,2025-07-03,5940.0,28,0.1514,5939.3,,,
2025-06-06,2025-07-07,6000.0,31,0.1343,6000.360000000001,,,
2025-06-09,2025-07-09,6010.0,30,0.13890000000000002,6005.88,,,
2025-06-10,2025-07-10,6040.0,30,0.13715,6038.81,,,
2025-06-11,2025-07-11,6020.0,30,0.14215,6022.240000000001,,,
2025-06-12,2025-07-11,6050.0,29,0.1424,6045.26,,,
2025-06-13,2025-07-14,5950.0,31,0.1648,5976.97,,,
2025-06-16,2025-07-16,6030.0,30,0.14815,6033.110000000001,,,
2025-06-17,2025-07-17,5980.0,30,0.16905,5982.72,,,
2025-06-18,2025-07-18,5980.0,30,0.16415000000000002,5980.87,,,
2025-06-20,2025-07-21,5970.0,31,0.16140000000000002,5967.84,,,
2025-06-23,2025-07-23,6025.0,30,0.15245,6025.17,,,
2025-06-24,2025-07-24,6100.0,30,0.13655,6092.18,,,
2025-06-25,2025-07-25,6090.0,30,0.13685000000000003,6092.16,,,
2025-06-26,2025-07-25,6140.0,29,0.13365,6141.02,,,
2025-06-27,2025-07-25,6175.0,28,0.13019999999999998,6173.070000000001,,,
2025-06-30,2025-07-30,6200.0,30,0.13495000000000001,6204.950000000001,,,
2025-07-01,2025-07-31,6200.0,30,0.1382,6198.01,,,
2025-07-02,2025-08-01,6225.0,30,0.1396,6227.42,,,
2025-07-03,,,,,,,,
2025-07-07,2025-08-06,6230.0,30,0.14735,6229.9800000000005,,,
2025-07-08,2025-08-07,6225.0,30,0.1406,6225.52,,,
2025-07-09,2025-08-08,6260.0,30,0.1341,6263.26,,,
2025-07-10,2025-08-08,6280.0,29,0.12985000000000002,6280.46,,,
2025-07-11,2025-08-11,6260.0,31,0.1312,6259.75,,,
2025-07-14,2025-08-13,6275.0,30,0.13925,6268.56,,,
2025-07-15,2025-08-14,6240.0,30,0.14385,6243.76,,,
2025-07-16,2025-08-15,6265.0,30,0.1413,6263.700000000001,,,
2025-07-17,2025-08-15,6295.0,29,0.13545000000000001,6297.360000000001,,,
2025-07-18,2025-08-18,6300.0,31,0.12995,6296.79,,,
2025-07-21,2025-08-20,6300.0,30,0.13415,6305.6,,,
2025-07-22,2025-08-21,6310.0,30,0.1316,6309.62,,,
2025-07-23,2025-08-22,6360.0,30,0.12655,6358.91,,,
2025-07-24,2025-08-22,6360.0,29,0.12460000000000002,6363.35,,,
2025-07-25,2025-08-25,6390.0,31,0.11695,6388.64,,,
2025-07-28,2025-08-27,6390.0,30,0.1172,6389.77,,,
2025-07-29,2025-08-28,6370.0,30,0.12655,6370.860000000001,,,
2025-07-30,2025-08-29,6365.0,30,0.1307,6362.900000000001,,,
2025-07-31,2025-08-29,6340.0,29,0.13385000000000002,6339.39,,,
2025-08-01,2025-08-29,6230.0,28,0.163,6238.01,,,
2025-08-04,2025-09-03,6325.0,30,0.1363,6329.9400000000005,,,
2025-08-05,2025-09-04,6300.0,30,0.14165,6299.1900000000005,,,
2025-08-06,2025-09-05,6345.0,30,0.13325,6345.06,,,
2025-08-07,2025-09-05,6340.0,29,0.134,6340.0,,,
2025-08-08,2025-09-08,6390.0,31,0.1187,6389.450000000001,,,
2025-08-11,2025-09-10,6375.0,30,0.12695,6373.450000000001,,,
2025-08-12,2025-09-11,6450.0,30,0.11515,6445.76,,,
2025-08-13,2025-09-12,6470.0,30,0.11295,6466.58,,,
2025-08-14,2025-09-12,6470.0,29,0.114,6468.54,,,
2025-08-15,2025-09-15,6450.0,31,0.1136,6449.8,,,
2025-08-18,2025-09-17,6450.0,30,0.11665,6449.150000000001,,,
2025-08-19,2025-09-18,6410.0,30,0.12415000000000001,6411.37,,,
2025-08-20,2025-09-19,6395.0,30,0.1285,6395.780000000001,,,
2025-08-21,2025-09-19,6370.0,29,0.13805,6370.17,,,
2025-08-22,2025-09-22,6470.0,31,0.11080000000000001,6466.910000000001,,,
2025-08-25,2025-09-24,6430.0,30,0.11860000000000001,6439.320000000001,,,
2025-08-26,2025-09-25,6460.0,30,0.1157,6465.9400000000005,,,
2025-08-27,2025-09-26,6480.0,30,0.11455000000000001,6481.400000000001,,,
2025-08-28,2025-09-26,6500.0,29,0.11325,6501.860000000001,,,
2025-08-29,2025-09-29,6460.0,31,0.11845,6460.26,,,
2025-09-02,2025-10-02,6420.0,30,0.13625,6415.54,,,
2025-09-03,2025-10-03,6450.0,30,0.1301,6448.26,,,
2025-09-04,2025-10-03,6500.0,29,0.12165000000000001,6502.08,,,
2025-09-05,2025-10-06,6480.0,31,0.1172,6481.5,,,
2025-09-08,2025-10-08,6500.0,30,0.11810000000000001,6495.150000000001,,,
2025-09-09,2025-10-09,6540.0,30,0.11495,6512.610000000001,,,
2025-09-10,2025-10-10,6530.0,30,0.12005,6532.04,,,
2025-09-11,2025-10-10,6590.0,29,0.11505,6587.47,,,
2025-09-12,2025-10-13,6580.0,31,0.113,6584.29,,,
2025-09-15,2025-10-15,6620.0,30,0.1212,6615.280000000001,,,
2025-09-16,2025-10-16,6610.0,30,0.12865000000000001,6606.76,,,
2025-09-17,2025-10-17,6600.0,30,0.12645,6600.35,,,
2025-09-18,2025-10-17,6630.0,29,0.12535,6631.96,,,
2025-09-19,2025-10-20,6660.0,31,0.12040000000000001,6664.360000000001,,,
2025-09-22,2025-10-22,6690.0,30,0.12805,6693.75,,,
2025-09-23,2025-10-23,6660.0,30,0.13355,6656.92,,,
2025-09-24,2025-10-24,6640.0,30,0.13295,6637.97,,,
2025-09-25,2025-10-24,6600.0,29,0.1372,6604.72,,,
2025-09-26,2025-10-27,6640.0,31,0.12140000000000001,6643.700000000001,,,
2025-09-29,2025-10-29,6660.0,30,0.12745,6661.21,,,
2025-09-30,2025-10-30,6690.0,30,0.12785000000000002,6688.46,0.12687166666666666,0.010428259221724419,0.09381559400587872
2025-10-01,2025-10-31,6710.0,30,0.13025,6711.200000000001,0.12654666666666667,0.010077180407820015,0.3674969766800547
2025-10-02,2025-10-31,6715.0,29,0.13419999999999999,6715.35,0.12637416666666665,0.009919897363408817,0.7889026515738176
2025-10-03,2025-11-03,6720.0,31,0.12855,6715.79,0.12637583333333333,0.009921225712217645,0.2191429496447461
2025-10-06,2025-11-05,6740.0,30,0.13055,6740.280000000001,0.12635416666666668,0.00991492750499865,0.4231834606171321
2025-10-07,2025-11-06,6710.0,30,0.13905,6714.59,0.12634333333333334,0.009909896896394802,1.2822198656062032
2025-10-08,2025-11-07,6755.0,30,0.13165,6753.72,0.12634,0.009905514642813027,0.5360650295795247
2025-10-09,2025-11-07,6735.0,29,0.13315,6735.110000000001,0.12613666666666667,0.009662218341397402,0.7258512574990114
2025-10-10,2025-11-10,6550.0,31,0.18730000000000002,6552.51,0.12600083333333334,0.009501384786077635,6.451603429058916
2025-10-13,2025-11-12,6650.0,30,0.151,6654.72,0.12686499999999998,0.012316308947963883,1.9595968322952784
2025-10-14,2025-11-13,6640.0,30,0.1653,6644.31,0.12721583333333333,0.012699521182975227,2.9988663444824746
2025-10-15,2025-11-14,6670.0,30,0.16605,6671.06,0.12773500000000002,0.013593082425649782,2.8187131365951705
2025-10-16,2025-11-14,6630.0,29,0.19695000000000001,6629.070000000001,0.12830916666666667,0.014459096285573333,4.747242288013548
2025-10-17,2025-11-17,6660.0,31,0.16260000000000002,6664.01,0.1294825,0.016954939845646527,1.9532655557314471
2025-10-20,2025-11-19,6730.0,30,0.14250000000000002,6735.13,0.13011583333333335,0.01747132879326185,0.7088279782956668
2025-10-21,2025-11-20,6740.0,30,0.14025,6735.35,0.13054166666666667,0.017456357607014,0.5561488571609302
2025-10-22,2025-11-21,6700.0,30,0.1493,6699.400000000001,0.13092583333333335,0.017411343204220112,1.0552986321131823
2025-10-23,2025-11-21,6740.0,29,0.13865,6738.4400000000005,0.131305,0.01756150137398494,0.41824442247749066
2025-10-24,2025-11-24,6790.0,31,0.12765,6791.6900000000005,0.1314375,0.017586832094939487,-0.21535999090420788
2025-10-27,2025-11-26,6875.0,30,0.13045,6875.160000000001,0.13133416666666667,0.017590630912618088,-0.05026349941959324
2025-10-28,2025-11-26,6890.0,29,0.13724999999999998,6890.89,0.13079166666666667,0.017092364155650873,0.37784903682842136
2025-10-29,2025-11-28,6890.0,30,0.1406,6890.59,0.1308075,0.01709799231201416,0.5727280619443935
2025-10-30,2025-11-28,6825.0,29,0.1466,6822.34,0.13079,0.017087240754731874,0.9252517844709272
2025-10-31,2025-12-01,6840.0,31,0.14105,6840.200000000001,0.1310125,0.01720631935794108,0.5833612518279504
2025-11-03,2025-12-03,6850.0,30,0.1411,6851.97,0.13113,0.01725108004479328,0.5779348292461928
2025-11-04,2025-12-04,6770.0,30,0.15510000000000002,6771.55,0.13150333333333333,0.01721987388156997,1.370315882041485
2025-11-05,2025-12-05,6795.0,30,0.1473,6796.29,0.1319725,0.017475300790311586,0.8770950602748797
2025-11-06,2025-12-05,6720.0,29,0.1633,6720.320000000001,0.13250833333333334,0.01744360930684123,1.765211896519056
2025-11-07,2025-12-08,6730.0,31,0.15435,6728.8,0.1333475,0.017696038590025203,1.186847547441411
2025-11-10,2025-12-10,6830.0,30,0.1422,6832.43,0.13402,0.017715013741581097,0.46175521618703036
2025-11-11,2025-12-11,6850.0,30,0.14135,6846.610000000001,0.13449666666666668,0.01754016424044886,0.39072230107908856
2025-11-12,2025-12-12,6850.0,30,0.1452,6850.92,0.13490833333333332,0.017403526251558925,0.5913552528324421
2025-11-13,2025-12-12,6740.0,29,0.16670000000000001,6737.490000000001,0.13525916666666668,0.017395144685107368,1.8074487969192348
2025-11-14,2025-12-15,6730.0,31,0.16260000000000002,6734.110000000001,0.13589583333333335,0.01783701705050166,1.4971206559403734
2025-11-17,2025-12-17,6675.0,30,0.18259999999999998,6672.410000000001,0.136305,0.018165817452809926,2.548467753805319
2025-11-18,2025-12-18,6620.0,30,0.19825,6617.320000000001,0.13750166666666666,0.018810662245766194,3.2294627663630644
2025-11-19,2025-12-19,6640.0,30,0.19255,6642.160000000001,0.13882916666666667,0.020212419180402275,2.657813142200238
2025-11-20,2025-12-19,6540.0,29,0.21705000000000002,6538.76,0.14011,0.02113576332961324,3.640275432692779
2025-11-21,2025-12-22,6600.0,31,0.1901,6602.990000000001,0.14181833333333332,0.023087106546740864,2.091282706601553
2025-11-24,2025-12-24,6700.0,30,0.16620000000000001,6705.12,0.14309916666666667,0.02360134744010817,0.9787929859494273
2025-11-25,2025-12-24,6770.0,29,0.14865,6765.88,0.14389500000000002,0.02356112084036405,0.20181552618897014
2025-11-26,2025-12-26,6815.0,30,0.1392,6812.610000000001,0.14410166666666668,0.023547305374404956,-0.20816253022286882
2025-11-28,,,,,,0.14425333333333334,0.023484816347377657,
2025-12-01,2025-12-31,6815.0,30,0.1411,6812.63,,,
2025-12-02,2025-12-31,6830.0,29,0.13724999999999998,6829.37,,,
2025-12-03,2026-01-02,6850.0,30,0.1336,6849.72,,,
2025-12-04,2026-01-02,6860.0,29,0.12865000000000001,6857.12,,,
2025-12-05,2026-01-05,6870.0,31,0.12335,6870.400000000001,,,
2025-12-08,2026-01-07,6850.0,30,0.1338,6846.51,,,
2025-12-09,2026-01-08,6840.0,30,0.13585000000000003,6840.51,,,
2025-12-10,2026-01-09,6890.0,30,0.12710000000000002,6886.68,,,
2025-12-11,2026-01-09,6900.0,29,0.1217,6901.0,,,
2025-12-12,2026-01-12,6825.0,31,0.12355000000000002,6827.410000000001,,,
2025-12-15,2026-01-14,6820.0,30,0.12995,6816.51,,,
2025-12-16,2026-01-15,6800.0,30,0.1306,6800.26,,,
2025-12-17,2026-01-16,6720.0,30,0.14805000000000001,6721.43,,,
2025-12-18,2026-01-16,6775.0,29,0.13515,6774.76,,,
2025-12-19,2026-01-16,6835.0,28,0.1187,6834.5,,,
2025-12-22,2026-01-21,6880.0,30,0.10880000000000001,6878.490000000001,,,
2025-12-23,2026-01-22,6910.0,30,0.10815,6909.79,,,
2025-12-24,,,,,,,,
2025-12-26,2026-01-26,6930.0,31,0.1057,6929.9400000000005,,,
2025-12-29,2026-01-28,6910.0,30,0.11455000000000001,6905.740000000001,,,
2025-12-30,2026-01-29,6900.0,30,0.11810000000000001,6896.240000000001,,,
2025-12-31,2026-01-30,6845.0,30,0.12555,6845.5,,,
